Date,Open,High,Low,Close,Volume,Dividends,Stock Splits
2022-01-03 00:00:00-05:00,42.03384017944336,42.652268502648504,41.85990675277647,42.03384017944336,29700,0.0,0.0
2022-01-04 00:00:00-05:00,42.37203619465779,42.4203538957445,41.7439466278842,42.10147476196289,30700,0.0,0.0
2022-01-05 00:00:00-05:00,42.372034245983315,42.372034245983315,41.06753747134276,41.16416549682617,36500,0.0,0.0
2022-01-06 00:00:00-05:00,41.30911539450101,41.30911539450101,40.58439407179047,40.75832748413086,25200,0.0,0.0
2022-01-07 00:00:00-05:00,40.54573687594328,41.11585106720997,40.10124206542969,40.10124206542969,31200,0.0,0.0
2022-01-10 00:00:00-05:00,39.869328685057816,40.49742188756118,39.521465593555504,40.28483581542969,25000,0.0,0.0
2022-01-11 00:00:00-05:00,39.92731311517438,40.545741387506006,39.49247958427768,40.32349395751953,30300,0.0,0.0
2022-01-12 00:00:00-05:00,40.371798674498486,40.526405706963814,39.589102185321316,39.714717864990234,34000,0.0,0.0
2022-01-13 00:00:00-05:00,39.927312041137036,40.12057179257283,39.48281719312091,39.608436584472656,18700,0.0,0.0
2022-01-14 00:00:00-05:00,39.23158334776563,39.763048652630495,39.13495530294854,39.75338363647461,33600,0.0,0.0
2022-01-18 00:00:00-05:00,39.58910493368079,39.60843127484593,38.72910302550659,39.16393280029297,30500,0.0,0.0
2022-01-19 00:00:00-05:00,39.4538300544383,39.97562659841579,38.94169115328469,39.531131744384766,53600,0.0,0.0
2022-01-20 00:00:00-05:00,39.56011317565585,40.39112740667356,39.289551774346876,39.4055061340332,50000,0.0,0.0
2022-01-21 00:00:00-05:00,39.04798768674875,41.14485012321129,39.04798768674875,40.23653030395508,72500,0.0,0.0
2022-01-24 00:00:00-05:00,40.38147463193974,42.304399889009204,40.197876196917875,42.265750885009766,83300,0.0,0.0
2022-01-25 00:00:00-05:00,41.70529293840742,43.029116084412024,40.25585040762015,41.55068588256836,60500,0.0,0.0
2022-01-26 00:00:00-05:00,41.93721972892706,42.381714705940645,40.60373111176207,40.970924377441406,34800,0.0,0.0
2022-01-27 00:00:00-05:00,41.08687201997473,41.83091976039947,40.58439807763113,40.78731918334961,35700,0.0,0.0
2022-01-28 00:00:00-05:00,40.57472915780135,42.22709274291992,40.57472915780135,42.22709274291992,41100,0.0,0.0
2022-01-31 00:00:00-05:00,41.821245144999565,42.1594505963589,41.48304337976301,41.888885498046875,49400,0.0,0.0
2022-02-01 00:00:00-05:00,42.07248872576392,42.07248872576392,41.3091147268439,41.70529556274414,37200,0.0,0.0
2022-02-02 00:00:00-05:00,41.92754364013672,41.92754364013672,41.19316098881739,41.92754364013672,43900,0.0,0.0
2022-02-03 00:00:00-05:00,41.801926538552856,42.45900753499391,41.55069142161879,41.75361251831055,41800,0.0,0.0
2022-02-04 00:00:00-05:00,41.47338300984231,41.95653054920836,40.883946108159215,41.840576171875,27200,0.0,0.0
2022-02-07 00:00:00-05:00,41.75360750964862,42.32372172681461,41.28978633593911,41.608665466308594,26600,0.0,0.0
2022-02-08 00:00:00-05:00,45.60913063003245,48.48868965974356,44.65249683453902,48.2181282043457,98500,0.0,0.0
2022-02-09 00:00:00-05:00,48.285769840291735,49.2810526655462,48.285769840291735,48.66262435913086,68800,0.0,0.0
2022-02-10 00:00:00-05:00,48.334084418094875,48.604645883741526,47.087562775153934,47.251834869384766,68900,0.0,0.0
2022-02-11 00:00:00-05:00,47.46441346271786,47.46441346271786,45.99564449367002,46.382164001464844,47600,0.0,0.0
2022-02-14 00:00:00-05:00,46.62373202789761,47.09721818230291,45.72507741620064,46.8846321105957,60600,0.0,0.0
2022-02-15 00:00:00-05:00,47.106886684943326,48.47902397391428,46.53677242172164,48.29542922973633,51200,0.0,0.0
2022-02-16 00:00:00-05:00,48.21812698777523,48.50801478069081,46.4014911667819,48.237449645996094,36100,0.0,0.0
2022-02-17 00:00:00-05:00,47.812283134597,47.99587788438353,47.26149519911397,47.435428619384766,39900,0.0,0.0
2022-02-18 00:00:00-05:00,47.16487115861191,47.59003972970011,46.90397100608378,47.464420318603516,46500,0.0,0.0
2022-02-22 00:00:00-05:00,47.10688684626049,47.49340636662785,45.80238991573645,46.99093246459961,51400,0.0,0.0
2022-02-23 00:00:00-05:00,47.019918162168516,47.22283924307682,46.02463541532222,46.18890380859375,37500,0.0,0.0
2022-02-24 00:00:00-05:00,45.22261022510866,46.39182641873871,45.22261022510866,46.36283874511719,61000,0.0,0.0
2022-02-25 00:00:00-05:00,46.66239338807375,47.213181325259676,46.25654751081266,46.86531448364258,38400,0.0,0.0
2022-02-28 00:00:00-05:00,46.27587127454935,47.47407880815308,45.89901677919463,47.145538330078125,65200,0.0,0.0
2022-03-01 00:00:00-05:00,47.232500963219294,47.34845533191774,46.05361987539589,46.68171310424805,57200,0.0,0.0
2022-03-02 00:00:00-05:00,46.73969602811868,48.70127771666062,46.73969602811868,48.45003890991211,26900,0.0,0.0
2022-03-03 00:00:00-05:00,48.46935981790086,48.58531419240205,47.6286841520518,48.54666519165039,34300,0.0,0.0
2022-03-04 00:00:00-05:00,48.28576636665048,49.5709369073175,47.97655223568744,49.29071044921875,45800,0.0,0.0
2022-03-07 00:00:00-05:00,49.290715186437026,49.55161532565971,48.58532015200099,48.94285202026367,30400,0.0,0.0
2022-03-08 00:00:00-05:00,48.759247363213404,49.30037391849386,48.1408191206775,48.38239288330078,27600,0.0,0.0
2022-03-09 00:00:00-05:00,49.25206101345263,49.580601485471306,48.06351851688829,49.532283782958984,27000,0.0,0.0
2022-03-10 00:00:00-05:00,48.83655341912234,49.53228335863708,48.57565330950814,49.474308013916016,26400,0.0,0.0
2022-03-11 00:00:00-05:00,49.61925687855497,50.00577643170359,49.029819904882615,49.08779525756836,30300,0.0,0.0
2022-03-14 00:00:00-04:00,49.11678468719178,49.44532150247879,48.56599305548647,48.85588455200195,29100,0.0,0.0
2022-03-15 00:00:00-04:00,49.18441915146696,49.6675666728522,48.74958564499563,49.49363327026367,26900,0.0,0.0
2022-03-16 00:00:00-04:00,49.79318034039456,50.382620882186096,49.44531354942755,50.131385803222656,36900,0.0,0.0
2022-03-17 00:00:00-04:00,49.996105686834,51.078355071278,49.996105686834,50.92374801635742,22900,0.0,0.0
2022-03-18 00:00:00-04:00,50.65318203846796,51.11700688141191,50.39228563273096,50.97206115722656,80400,0.0,0.0
2022-03-21 00:00:00-04:00,51.03970718383789,51.51319340748482,50.89476144354592,51.03970718383789,38400,0.0,0.0
2022-03-22 00:00:00-04:00,51.44555478538117,51.648475879756106,50.74015609062814,51.24263000488281,20900,0.0,0.0
2022-03-23 00:00:00-04:00,50.91409002157462,51.03970942293032,50.26667404174805,50.26667404174805,21100,0.0,0.0
2022-03-24 00:00:00-04:00,50.66285105434527,50.87543715030903,49.71588232360612,49.83183670043945,18500,0.0,0.0
2022-03-25 00:00:00-04:00,49.78352738853947,50.81746292114258,49.57094127248605,50.81746292114258,31300,0.0,0.0
2022-03-28 00:00:00-04:00,51.03004618208425,51.15566189261173,50.363300195811284,50.933414459228516,29400,0.0,0.0
2022-03-29 00:00:00-04:00,51.020376560320955,52.9143139238179,51.020376560320955,52.58577346801758,60000,0.0,0.0
2022-03-30 00:00:00-04:00,52.75971182302793,52.94331025406116,51.20397978367669,51.832069396972656,39400,0.0,0.0
2022-03-31 00:00:00-04:00,51.83206776982909,52.13162057318465,50.34397245425352,50.62419891357422,69700,0.0,0.0
2022-04-01 00:00:00-04:00,51.08801735176181,52.53745990095444,51.02037699435599,52.47948455810547,58000,0.0,0.0
2022-04-04 00:00:00-04:00,52.69206891232016,52.69206891232016,51.20397730809808,51.542179107666016,41600,0.0,0.0
2022-04-05 00:00:00-04:00,51.36823839118713,52.51812803222233,50.53722416063957,50.56621551513672,35400,0.0,0.0
2022-04-06 00:00:00-04:00,50.60487463724232,51.513194413378564,50.102400730174544,50.85611343383789,42100,0.0,0.0
2022-04-07 00:00:00-04:00,51.04937672161988,51.69679273039956,50.962410006964916,51.5615119934082,60900,0.0,0.0
2022-04-08 00:00:00-04:00,51.61947877998028,51.7740895235983,50.372960991605574,50.44060134887695,75800,0.0,0.0
2022-04-11 00:00:00-04:00,50.58553943563836,51.803073143548275,50.20868499285001,51.145992279052734,53700,0.0,0.0
2022-04-12 00:00:00-04:00,51.24263201502032,52.2089271912334,50.4599352814068,50.74015808105469,48100,0.0,0.0
2022-04-13 00:00:00-04:00,50.87544150201571,51.33926273514588,50.64352904238888,51.05903625488281,43400,0.0,0.0
2022-04-14 00:00:00-04:00,51.1556567556768,51.851390345880844,50.846442645835666,50.92374801635742,39900,0.0,0.0
2022-04-18 00:00:00-04:00,50.9140833943409,51.02037643656597,49.860821672664315,50.24734115600586,28000,0.0,0.0
2022-04-19 00:00:00-04:00,50.372970375339165,50.92375835065142,50.131396572618925,50.20869827270508,41900,0.0,0.0
2022-04-20 00:00:00-04:00,50.740156782501366,51.50353083684292,50.28600056786811,50.73049545288086,63300,0.0,0.0
2022-04-21 00:00:00-04:00,51.117009834733395,51.60015736176822,50.537230590617746,50.720829010009766,51400,0.0,0.0
2022-04-22 00:00:00-04:00,50.32465061564475,51.50352813197825,47.648012744272584,48.37273406982422,50900,0.0,0.0
2022-04-25 00:00:00-04:00,47.99587641817127,48.53700300760784,47.08756034037881,48.29542922973633,45400,0.0,0.0
2022-04-26 00:00:00-04:00,48.29543048279013,48.98149914507607,46.96194216222675,47.271156311035156,56700,0.0,0.0
2022-04-27 00:00:00-04:00,47.53204911365759,48.20845634221095,47.05856663395623,47.300140380859375,30400,0.0,0.0
2022-04-28 00:00:00-04:00,47.648010057355066,48.508012058733605,47.348457266014755,48.3534049987793,45300,0.0,0.0
2022-04-29 00:00:00-04:00,48.01520125777091,49.02981404192836,47.744639814594635,47.82194519042969,52300,0.0,0.0
2022-05-02 00:00:00-04:00,48.21812219062259,48.720592349087134,47.164860488455645,48.121490478515625,57400,0.0,0.0
2022-05-03 00:00:00-04:00,47.99587966393113,48.02487102580013,46.730035341399635,47.20351791381836,57900,0.0,0.0
2022-05-04 00:00:00-04:00,47.580373569391206,48.2181282043457,46.3241869581906,48.2181282043457,52700,0.0,0.0
2022-05-05 00:00:00-04:00,47.676999125587294,48.54666616712875,46.643063690712005,47.493404388427734,38700,0.0,0.0
2022-05-06 00:00:00-04:00,47.80262142316591,47.80262142316591,45.647783718275285,46.50778579711914,61900,0.0,0.0
2022-05-09 00:00:00-04:00,46.11160092984683,46.77834318682614,45.49317268810549,46.04396057128906,62600,0.0,0.0
2022-05-10 00:00:00-04:00,46.73003252473292,46.97160630438011,44.94238434366967,45.25160217285156,53000,0.0,0.0
2022-05-11 00:00:00-04:00,45.47384507700944,45.91833990260347,43.918109501307356,44.59451675415039,48900,0.0,0.0
2022-05-12 00:00:00-04:00,44.43990998883302,44.82642578861335,43.415635931475286,44.05339050292969,51600,0.0,0.0
2022-05-13 00:00:00-04:00,44.46889910732241,45.35788879325903,44.31429204515416,44.79743957519531,60600,0.0,0.0
2022-05-16 00:00:00-04:00,44.86508526739275,45.45452591388643,44.70081317086856,44.971378326416016,89100,0.0,0.0
2022-05-17 00:00:00-04:00,45.5125037530458,45.59947047098915,44.884414066676065,45.261268615722656,44600,0.0,0.0
2022-05-18 00:00:00-04:00,45.39654136208369,45.8313748752127,43.80215672877479,44.19833755493164,66000,0.0,0.0
2022-05-19 00:00:00-04:00,44.04372946992114,44.11136982748941,43.18372379232466,43.512264251708984,58300,0.0,0.0
2022-05-20 00:00:00-04:00,43.724852753628035,44.30462833226552,42.05316269289594,42.768218994140625,42900,0.0,0.0
2022-05-23 00:00:00-04:00,42.93249554556567,42.93249554556567,41.89855998814354,42.091819763183594,34300,0.0,0.0
2022-05-24 00:00:00-04:00,42.03383766362715,42.18844473517487,40.9612494920859,42.04349899291992,58500,0.0,0.0
2022-05-25 00:00:00-04:00,41.801928257561705,42.3044021982164,40.77765771625956,42.091819763183594,36400,0.0,0.0
2022-05-26 00:00:00-04:00,42.41068977323857,43.16439874367129,42.362375757258576,42.48799514770508,45300,0.0,0.0
2022-05-27 00:00:00-04:00,42.700572811007646,43.12574495108852,42.574957120640775,43.10641860961914,25100,0.0,0.0
2022-05-31 00:00:00-04:00,42.97114376374855,43.7055264090903,42.584624253911905,43.20305252075195,78300,0.0,0.0
2022-06-01 00:00:00-04:00,43.36732578790467,44.24665419500004,42.94215357823877,43.918113708496094,66400,0.0,0.0
2022-06-02 00:00:00-04:00,44.092050069502996,44.55587131329454,43.76350956105187,43.9664306640625,40200,0.0,0.0
2022-06-03 00:00:00-04:00,43.71518579537377,44.15001558029665,43.425294357261514,44.00507354736328,54300,0.0,0.0
2022-06-06 00:00:00-04:00,44.43991174579273,44.67182049760498,43.86979750891314,44.25631332397461,61000,0.0,0.0
2022-06-07 00:00:00-04:00,44.101707980809,45.14530846303679,44.101707980809,44.89406967163086,56000,0.0,0.0
2022-06-08 00:00:00-04:00,44.58485726383031,44.58485726383031,43.31901298688018,43.32867431640625,46700,0.0,0.0
2022-06-09 00:00:00-04:00,43.280356595369405,43.61855839171151,43.193389892578125,43.193389892578125,36200,0.0,0.0
2022-06-10 00:00:00-04:00,42.86485685281896,43.00013759479807,42.44934961038381,42.729576110839844,40200,0.0,0.0
2022-06-13 00:00:00-04:00,41.96619993798343,42.29474044643809,41.56035404583424,41.8985595703125,70400,0.0,0.0
2022-06-14 00:00:00-04:00,41.86957172928022,42.777887867365614,41.86957172928022,42.46867370605469,58100,0.0,0.0
2022-06-15 00:00:00-04:00,42.90350601515878,43.55092199451942,42.30440036981567,42.922828674316406,55300,0.0,0.0
2022-06-16 00:00:00-04:00,42.459005741082464,42.468670756396655,41.59900368428511,42.285072326660156,81100,0.0,0.0
2022-06-17 00:00:00-04:00,42.65226681815387,43.03878634795379,42.101478884169204,42.43001937866211,242000,0.0,0.0
2022-06-21 00:00:00-04:00,42.613618982101066,43.13541930093263,42.50732960111583,42.84553146362305,56100,0.0,0.0
2022-06-22 00:00:00-04:00,42.478327832339666,42.94214899565014,42.25608042196941,42.526641845703125,46200,0.0,0.0
2022-06-23 00:00:00-04:00,42.545968715114945,42.748893471550964,41.95652816086215,42.14978790283203,33000,0.0,0.0
2022-06-24 00:00:00-04:00,42.21742831595223,43.10642165575106,42.21742831595223,43.01945495605469,79400,0.0,0.0
2022-06-27 00:00:00-04:00,43.16440222547569,43.73451650672275,42.835865415861434,43.32867431640625,31900,0.0,0.0
2022-06-28 00:00:00-04:00,43.44462875153552,44.81676977159843,42.42035825891125,42.459007263183594,36600,0.0,0.0
2022-06-29 00:00:00-04:00,42.459009362260616,42.459009362260616,41.743952985205,42.25608825683594,34600,0.0,0.0
2022-06-30 00:00:00-04:00,41.86955873965678,42.98079563520386,41.86955873965678,42.56528854370117,51100,0.0,0.0
2022-07-01 00:00:00-04:00,42.420358266323724,42.903505837985165,41.95653335374012,42.59429168701172,42400,0.0,0.0
2022-07-05 00:00:00-04:00,42.14013157437388,42.44934572376445,40.951588996505734,42.43001937866211,70900,0.0,0.0
2022-07-06 00:00:00-04:00,42.24642945250513,42.24642945250513,40.95159367180888,41.51204299926758,38500,0.0,0.0
2022-07-07 00:00:00-04:00,41.502379568225415,42.21743595184112,41.48305322189477,41.714962005615234,37800,0.0,0.0
2022-07-08 00:00:00-04:00,41.70528976345553,42.401023304827774,41.34776166519377,42.34304428100586,36100,0.0,0.0
2022-07-11 00:00:00-04:00,42.32372699209839,42.700581512237264,42.217433935418505,42.352718353271484,24600,0.0,0.0
2022-07-12 00:00:00-04:00,42.343049189248894,43.00013012423948,41.99518237823939,42.024173736572266,43300,0.0,0.0
2022-07-13 00:00:00-04:00,41.75361285625049,42.70058166793331,41.43473737117163,41.7826042175293,30600,0.0,0.0
2022-07-14 00:00:00-04:00,41.299454152418875,41.87922973735924,40.87428194974755,41.79226303100586,69100,0.0,0.0
2022-07-15 00:00:00-04:00,42.17877928854369,42.81653385718817,41.63765274788779,42.58462142944336,55300,0.0,0.0
2022-07-18 00:00:00-04:00,42.70057918264675,43.68620062791986,42.53631078482954,42.82619857788086,36200,0.0,0.0
2022-07-19 00:00:00-04:00,43.203059864988745,44.662167760843786,43.203059864988745,44.2080078125,44700,0.0,0.0
2022-07-20 00:00:00-04:00,44.343271483861045,45.19361201095907,44.00506975007785,45.14529800415039,46600,0.0,0.0
2022-07-21 00:00:00-04:00,44.90373608467643,45.203285217285156,44.51721655638488,45.203285217285156,24800,0.0,0.0
2022-07-22 00:00:00-04:00,44.89406625550535,44.89406625550535,44.01473792474194,44.21765899658203,27400,0.0,0.0
2022-07-25 00:00:00-04:00,44.3336223980735,44.59452253022542,44.20800299678773,44.391597747802734,20100,0.0,0.0
2022-07-26 00:00:00-04:00,44.45924160363614,45.39654914982831,44.45924160363614,45.23228073120117,30000,0.0,0.0
2022-07-27 00:00:00-04:00,45.42553455659468,46.121268262180855,45.16463810312343,46.005313873291016,36000,0.0,0.0
2022-07-28 00:00:00-04:00,46.09227067123245,46.7976655549318,45.99563896284179,46.179237365722656,35300,0.0,0.0
2022-07-29 00:00:00-04:00,46.140596928135224,46.51745147556951,45.7250896870862,45.831382751464844,53000,0.0,0.0
2022-08-01 00:00:00-04:00,45.63811516770589,46.874971662947516,45.63811516770589,46.53676986694336,44400,0.0,0.0
2022-08-02 00:00:00-04:00,46.36283312803328,46.36283312803328,45.6091242162027,45.72507858276367,20200,0.0,0.0
2022-08-03 00:00:00-04:00,45.7444090767969,45.7444090767969,45.16463350524678,45.31924057006836,56000,0.0,0.0
2022-08-04 00:00:00-04:00,45.24193440556917,45.406206482521455,43.985751565036495,44.362606048583984,53100,0.0,0.0
2022-08-05 00:00:00-04:00,45.61878198337348,47.42575612569438,44.59451173414357,46.4594612121582,59200,0.0,0.0
2022-08-08 00:00:00-04:00,46.4401404619647,47.61901789182743,46.333847418900675,47.39677047729492,44000,0.0,0.0
2022-08-09 00:00:00-04:00,48.24712033662253,48.24712033662253,46.43048430193514,46.67205810546875,49800,0.0,0.0
2022-08-10 00:00:00-04:00,46.96194328160585,47.464417206927266,46.40149400582809,46.9522819519043,57100,0.0,0.0
2022-08-11 00:00:00-04:00,46.99092833409374,47.47407584902258,46.662387876497206,47.39677047729492,21500,0.0,0.0
2022-08-12 00:00:00-04:00,47.67700446391242,48.71094001455598,46.98127075277896,48.56599426269531,37300,0.0,0.0
2022-08-15 00:00:00-04:00,48.29542184806269,48.79789567157002,48.12148845969004,48.459693908691406,62400,0.0,0.0
2022-08-16 00:00:00-04:00,48.565992570542384,49.628919446197365,48.565992570542384,49.39700698852539,35300,0.0,0.0
2022-08-17 00:00:00-04:00,49.020151181243925,49.445319708652576,48.70127570721828,49.38734436035156,25200,0.0,0.0
2022-08-18 00:00:00-04:00,49.387346075229225,51.20398200291502,49.387346075229225,51.05903625488281,40400,0.0,0.0
2022-08-19 00:00:00-04:00,51.00105209780659,51.203976861902206,50.38262384905817,50.61453628540039,25600,0.0,0.0
2022-08-22 00:00:00-04:00,50.3536346229828,50.3536346229828,49.783520407612535,50.005767822265625,35700,0.0,0.0
2022-08-23 00:00:00-04:00,49.82217713549852,49.99611054996807,49.300376892089844,49.300376892089844,24900,0.0,0.0
2022-08-24 00:00:00-04:00,49.532281153294726,49.532281153294726,48.80755988756332,49.078125,23000,0.0,0.0
2022-08-25 00:00:00-04:00,49.24238992099345,50.372956932805245,49.24238992099345,50.27632522583008,39000,0.0,0.0
2022-08-26 00:00:00-04:00,49.986452794618266,50.49858809709198,48.67229066603589,48.80757141113281,50700,0.0,0.0
2022-08-29 00:00:00-04:00,48.44036574034261,49.18441327673947,48.31474636767232,48.69160079956055,19100,0.0,0.0
2022-08-30 00:00:00-04:00,48.60464337052199,48.797903130043856,47.957227415165555,48.29542922973633,31800,0.0,0.0
2022-08-31 00:00:00-04:00,48.20846768027804,48.256781703796996,47.56105165565192,48.00554656982422,110800,0.0,0.0
2022-09-01 00:00:00-04:00,47.937900462900785,47.937900462900785,46.23721902401557,46.46913146972656,37600,0.0,0.0
2022-09-02 00:00:00-04:00,46.739696882053515,47.04891104514448,46.072954534036796,46.33385467529297,27000,0.0,0.0
2022-09-06 00:00:00-04:00,46.333848113338746,46.76868162051646,45.18395465145511,45.87968826293945,43000,0.0,0.0
2022-09-07 00:00:00-04:00,45.67677634251432,46.67205925809295,45.618797301229854,46.35318374633789,37000,0.0,0.0
2022-09-08 00:00:00-04:00,46.23722088458633,46.35317895516958,45.88935773120685,46.1019401550293,19900,0.0,0.0
2022-09-09 00:00:00-04:00,46.22755281976282,46.79766701563307,46.22755281976282,46.48845291137695,26300,0.0,0.0
2022-09-12 00:00:00-04:00,46.96194207272612,47.377449275543675,46.44980683088637,47.10688781738281,35800,0.0,0.0
2022-09-13 00:00:00-04:00,46.44981137947987,46.585092121807655,45.20328964896167,45.425537109375,32300,0.0,0.0
2022-09-14 00:00:00-04:00,45.65743549010061,45.65743549010061,44.45922815375745,44.83608627319336,44900,0.0,0.0
2022-09-15 00:00:00-04:00,44.72980440058098,44.77811842196062,43.792496904096964,44.072723388671875,38200,0.0,0.0
2022-09-16 00:00:00-04:00,43.86013282542923,44.92305961865701,43.222378223941845,43.85047149658203,85400,0.0,0.0
2022-09-19 00:00:00-04:00,43.68619430647062,44.720129619953276,43.5315872601402,44.71046829223633,30200,0.0,0.0
2022-09-20 00:00:00-04:00,44.45923811323581,44.45923811323581,43.70552907776811,44.391597747802734,31700,0.0,0.0
2022-09-21 00:00:00-04:00,44.39159580324148,44.96171006272048,43.91811326595071,44.15968704223633,24300,0.0,0.0
2022-09-22 00:00:00-04:00,44.30462668171678,44.35294438323921,43.44462467479009,44.03406524658203,34300,0.0,0.0
2022-09-23 00:00:00-04:00,43.763501143112016,43.763501143112016,42.58462007140653,43.14507293701172,40000,0.0,0.0
2022-09-26 00:00:00-04:00,42.81654351587313,43.54126494764139,42.81654351587313,43.116092681884766,53900,0.0,0.0
2022-09-27 00:00:00-04:00,43.28034721831522,44.662149148773516,42.516973402108015,43.290008544921875,26300,0.0,0.0
2022-09-28 00:00:00-04:00,43.49293740633439,44.42058343078496,43.33833034994646,44.0244026184082,35500,0.0,0.0
2022-09-29 00:00:00-04:00,43.5026021852455,43.9664233518978,43.38664781511317,43.860130310058594,26200,0.0,0.0
2022-09-30 00:00:00-04:00,43.65721435947306,44.352948034085664,43.570247650146484,43.570247650146484,32500,0.0,0.0
2022-10-03 00:00:00-04:00,43.68620495593657,44.73946686773146,43.62822960325662,44.65250015258789,32100,0.0,0.0
2022-10-04 00:00:00-04:00,45.21294708087939,46.03429641358504,45.21294708087939,45.8603630065918,30200,0.0,0.0
2022-10-05 00:00:00-04:00,45.35788354722371,45.54148194652339,44.807095721570064,45.22260284423828,27400,0.0,0.0
2022-10-06 00:00:00-04:00,45.22260938588367,45.60912889557321,44.981035613858516,45.24193572998047,26000,0.0,0.0
2022-10-07 00:00:00-04:00,45.07766768750146,45.07766768750146,43.38665127007721,43.531593322753906,51600,0.0,0.0
2022-10-10 00:00:00-04:00,44.02440676091256,44.15002247183809,43.376987117159196,43.918113708496094,20500,0.0,0.0
2022-10-11 00:00:00-04:00,44.06305980000668,44.34328629365865,43.57025086817362,43.947105407714844,32000,0.0,0.0
2022-10-12 00:00:00-04:00,44.02440676091256,44.27564186888696,43.860134674598925,43.918113708496094,19200,0.0,0.0
2022-10-13 00:00:00-04:00,43.241707997980576,45.618793184261385,43.18372896192856,45.290252685546875,32600,0.0,0.0
2022-10-14 00:00:00-04:00,45.44485759414094,45.44485759414094,44.13069566197906,44.45923614501953,29200,0.0,0.0
2022-10-17 00:00:00-04:00,44.82642394813974,46.101933038678965,44.82642394813974,45.72507858276367,31100,0.0,0.0
2022-10-18 00:00:00-04:00,46.32418146673945,46.507779877814976,45.70575324992763,45.976318359375,32200,0.0,0.0
2022-10-19 00:00:00-04:00,45.69609865961285,46.06328816366016,44.8264315476619,45.589805603027344,35600,0.0,0.0
2022-10-20 00:00:00-04:00,45.49317940166614,45.70576183730921,44.836098376317835,45.657447814941406,36700,0.0,0.0
2022-10-21 00:00:00-04:00,45.899013839315955,47.850930238606885,45.899013839315955,47.667335510253906,32000,0.0,0.0
2022-10-24 00:00:00-04:00,48.12150219943841,49.74487849701093,47.67700727384979,49.04914474487305,46500,0.0,0.0
2022-10-25 00:00:00-04:00,48.88486775206364,50.3149840137185,48.7109343445264,50.10239791870117,31800,0.0,0.0
2022-10-26 00:00:00-04:00,50.18936856555403,51.001056635789666,49.76420002823953,49.96712112426758,27900,0.0,0.0
2022-10-27 00:00:00-04:00,50.440603510016985,50.58554555918444,49.47430843774127,49.532283782958984,71600,0.0,0.0
2022-10-28 00:00:00-04:00,49.96711257353915,50.92374622644511,49.0394702766213,50.585540771484375,50000,0.0,0.0
2022-10-31 00:00:00-04:00,50.218351732869884,51.71610822784911,50.04441834004671,51.348915100097656,55800,0.0,0.0
2022-11-01 00:00:00-04:00,51.48420652722202,51.89005242367688,49.33903371267019,51.261959075927734,26700,0.0,0.0
2022-11-02 00:00:00-04:00,49.31003283874548,51.542175623368465,49.31003283874548,50.131385803222656,35200,0.0,0.0
2022-11-03 00:00:00-04:00,49.541941582014935,50.25699776712044,49.20373614430492,49.99610137939453,26400,0.0,0.0
2022-11-04 00:00:00-04:00,49.822180509663944,52.15095173208342,44.507557051467145,46.440147399902344,55400,0.0,0.0
2022-11-07 00:00:00-05:00,46.29520327114892,49.25206793484511,45.88936105309924,48.111839294433594,54900,0.0,0.0
2022-11-08 00:00:00-05:00,48.30508684631565,49.136097418566315,47.31946554123017,47.45474624633789,37400,0.0,0.0
2022-11-09 00:00:00-05:00,47.60935997636646,47.773628373879035,46.865312307703185,46.90396499633789,26700,0.0,0.0
2022-11-10 00:00:00-05:00,48.33408007738516,50.23768255404672,48.33408007738516,49.09745407104492,97400,0.0,0.0
2022-11-11 00:00:00-05:00,49.08778905606923,49.899477066237914,48.759248583236115,49.09745407104492,35500,0.0,0.0
2022-11-14 00:00:00-05:00,49.13609751316126,49.909136434332595,48.41137628915521,49.19407653808594,24900,0.0,0.0
2022-11-15 00:00:00-05:00,49.667565748377264,51.66779615479154,49.01048483663391,50.54689407348633,62100,0.0,0.0
2022-11-16 00:00:00-05:00,50.51790565615975,51.503527081134806,50.054084459604994,51.03004455566406,52400,0.0,0.0
2022-11-17 00:00:00-05:00,50.70150019877528,51.56150216525828,50.382621077114166,51.46487045288086,36300,0.0,0.0
2022-11-18 00:00:00-05:00,52.324879337647275,52.324879337647275,51.35858427092155,52.1122932434082,71700,0.0,0.0
2022-11-21 00:00:00-05:00,51.8417322426636,52.98196072593171,51.8417322426636,52.3055534362793,62000,0.0,0.0
2022-11-22 00:00:00-05:00,53.08825019892637,54.73095256691334,53.08825019892637,53.3394889831543,58600,0.0,0.0
2022-11-23 00:00:00-05:00,53.59072126275673,54.247802175393595,53.33948617786522,53.89027404785156,24800,0.0,0.0
2022-11-25 00:00:00-05:00,54.015900654958784,54.58601494402269,53.62938111839483,53.697021484375,22300,0.0,0.0
2022-11-28 00:00:00-05:00,53.54240647690278,53.62937317544301,51.890042890761336,52.0639762878418,40800,0.0,0.0
2022-11-29 00:00:00-05:00,52.1026270536289,54.76960344188215,52.034986695373206,52.70173263549805,68300,0.0,0.0
2022-11-30 00:00:00-05:00,52.5374638930999,53.80331180925328,51.619482804965656,53.67769241333008,83400,0.0,0.0
2022-12-01 00:00:00-05:00,54.064208431903886,54.189827819698564,53.117239731418536,53.70668029785156,34200,0.0,0.0
2022-12-02 00:00:00-05:00,53.37612352708193,53.90113174487926,51.091351050385974,53.23028564453125,37900,0.34,0.0
2022-12-05 00:00:00-05:00,52.753878294700215,52.9872181348774,51.60663551599609,52.189979553222656,41700,0.0,0.0
2022-12-06 00:00:00-05:00,52.1802589514497,52.1802589514497,51.02329158398157,51.52885818481445,42800,0.0,0.0
2022-12-07 00:00:00-05:00,51.635806236262454,52.0538708603337,50.235774487256876,50.653839111328125,45300,0.0,0.0
2022-12-08 00:00:00-05:00,50.46911481121421,50.46911481121421,48.28156889214226,48.33990478515625,52000,0.0,0.0
2022-12-09 00:00:00-05:00,48.53434438409977,50.012153446340164,48.53434438409977,49.477420806884766,29900,0.0,0.0
2022-12-12 00:00:00-05:00,49.17603689939915,49.65243373919845,48.55379846418196,49.54548645019531,47800,0.0,0.0
2022-12-13 00:00:00-05:00,50.76078904098006,51.24691037722881,49.3802062262631,50.089942932128906,122600,0.0,0.0
2022-12-14 00:00:00-05:00,50.35244192715465,50.49827608255076,49.16630484411601,49.21491622924805,54200,0.0,0.0
2022-12-15 00:00:00-05:00,48.7968589548352,48.7968589548352,47.51349890918488,47.61072540283203,59400,0.0,0.0
2022-12-16 00:00:00-05:00,47.28016255095929,47.65933660262187,46.34680675977659,47.07598876953125,194900,0.0,0.0
2022-12-19 00:00:00-05:00,47.45515664700456,48.203783799501124,47.09542426009911,47.348209381103516,57900,0.0,0.0
2022-12-20 00:00:00-05:00,47.28015784153026,47.77599992689709,46.76486675063836,47.4162712097168,54400,0.0,0.0
2022-12-21 00:00:00-05:00,47.90239264079926,48.65101987681908,47.07598421769686,47.95100402832031,87200,0.0,0.0
2022-12-22 00:00:00-05:00,47.70794040129521,47.71766490347855,45.58845140025693,46.414859771728516,78400,0.0,0.0
2022-12-23 00:00:00-05:00,46.36624729978041,46.78431190583799,45.79262402929289,46.38569259643555,44400,0.0,0.0
2022-12-27 00:00:00-05:00,46.44402651600828,46.70653244649906,45.462059475045244,46.200965881347656,49500,0.0,0.0
2022-12-28 00:00:00-05:00,46.34680105459356,46.34680105459356,44.68426716712174,44.703712463378906,31600,0.0,0.0
2022-12-29 00:00:00-05:00,45.18011153381652,46.006516200387864,44.8495489254258,45.95790481567383,44000,0.0,0.0
2022-12-30 00:00:00-05:00,45.69540546163773,46.10374560255478,45.16067273523192,45.598182678222656,51000,0.0,0.0
2023-01-03 00:00:00-05:00,46.0454136009432,49.078809703174976,45.753741540715204,48.89408493041992,144500,0.0,0.0
2023-01-04 00:00:00-05:00,49.18575256299306,49.42881320943821,45.65651093814236,46.09402084350586,113900,0.0,0.0
2023-01-05 00:00:00-05:00,46.05513196402938,46.65792505999198,44.888440075908754,45.20928192138672,75800,0.0,0.0
2023-01-06 00:00:00-05:00,45.821792742887155,46.70653332126975,45.666234082143326,45.860679626464844,52100,0.0,0.0
2023-01-09 00:00:00-05:00,46.27875005027948,46.81348649093355,45.51068115234375,45.51068115234375,42300,0.0,0.0
2023-01-10 00:00:00-05:00,45.19955458545125,46.97875639756749,45.11205261378582,46.23012924194336,41000,0.0,0.0
2023-01-11 00:00:00-05:00,46.39541214466627,47.06625811797962,46.356521555509076,46.85236358642578,42100,0.0,0.0
2023-01-12 00:00:00-05:00,46.900991147154734,47.77600738297364,46.385699975844844,47.54267120361328,31100,0.0,0.0
2023-01-13 00:00:00-05:00,47.20238283464681,48.44685602559449,47.20238283464681,48.3787956237793,24500,0.0,0.0
2023-01-17 00:00:00-05:00,48.18434380953724,48.6899103983934,48.18434380953724,48.61212921142578,29400,0.0,0.0
2023-01-18 00:00:00-05:00,48.514908218449676,49.41909415169727,48.30101365524363,48.59268569946289,32900,0.0,0.0
2023-01-19 00:00:00-05:00,48.3204578418198,49.1954739543611,48.23295585968455,48.39823532104492,34100,0.0,0.0
2023-01-20 00:00:00-05:00,48.7871295461014,48.8260201366938,48.116283548031305,48.48573303222656,37200,0.0,0.0
2023-01-23 00:00:00-05:00,48.476010455422376,49.001022282670654,48.00933451191636,48.17461395263672,19100,0.0,0.0
2023-01-24 00:00:00-05:00,47.39683142281351,48.13573423978439,47.24127273982956,47.562110900878906,27000,0.0,0.0
2023-01-25 00:00:00-05:00,47.18293318218447,47.31904655563353,46.37597373581736,47.06626510620117,52500,0.0,0.0
2023-01-26 00:00:00-05:00,47.54266272344285,47.591274109737824,46.77459021002482,47.056541442871094,39500,0.0,0.0
2023-01-27 00:00:00-05:00,47.056540974267875,47.40654517739283,46.3468006479472,46.648197174072266,36600,0.0,0.0
2023-01-30 00:00:00-05:00,46.65792729973239,47.06626744033014,46.482923322672946,46.79404067993164,46600,0.0,0.0
2023-01-31 00:00:00-05:00,46.85236446575118,47.980165610801336,46.81347758467487,47.66904830932617,98600,0.0,0.0
2023-02-01 00:00:00-05:00,47.67877618400505,48.495460085352356,47.63988559136684,48.25239944458008,138500,0.0,0.0
2023-02-02 00:00:00-05:00,48.39822817900109,50.080207179561924,48.12600147866843,49.963539123535156,49800,0.0,0.0
2023-02-03 00:00:00-05:00,49.4579778747539,50.459390231237585,49.4579778747539,50.23577117919922,70800,0.0,0.0
2023-02-06 00:00:00-05:00,49.8274369337978,50.002440911440935,46.48292347770623,46.99821090698242,96300,0.0,0.0
2023-02-07 00:00:00-05:00,46.73569817070694,47.4746045712365,46.57041872065825,47.31904220581055,70800,0.0,0.0
2023-02-08 00:00:00-05:00,47.13431524162564,47.40654195068639,46.66763929374548,47.09542465209961,77100,0.0,0.0
2023-02-09 00:00:00-05:00,47.40654610667732,47.63016516165066,46.55097531496371,46.96903991699219,135700,0.0,0.0
2023-02-10 00:00:00-05:00,44.54815102751843,44.96621559898139,39.5799912619834,40.39667510986328,207200,0.0,0.0
2023-02-13 00:00:00-05:00,40.61056610951533,41.63141990324955,40.24111295344021,41.09668731689453,124700,0.0,0.0
2023-02-14 00:00:00-05:00,41.05780125189998,41.05780125189998,40.19250600087941,40.7175178527832,87400,0.0,0.0
2023-02-15 00:00:00-05:00,40.46473158457489,41.232804045381535,40.406399408540985,40.85363006591797,62600,0.0,0.0
2023-02-16 00:00:00-05:00,40.59112578528608,42.5550561485776,40.59112578528608,42.32171630859375,103500,0.0,0.0
2023-02-17 00:00:00-05:00,42.23405703463747,42.76003556655874,41.98080646046512,42.321720123291016,52800,0.08,0.0
2023-02-21 00:00:00-05:00,41.86392593383789,42.165877415202836,41.532754659826,41.86392593383789,78800,0.0,0.0
2023-02-22 00:00:00-05:00,41.80547385852496,42.41911538479583,41.66910990060681,42.36067581176758,87000,0.0,0.0
2023-02-23 00:00:00-05:00,42.60419014597844,42.691853233927276,41.737297958200095,42.039249420166016,45800,0.0,0.0
2023-02-24 00:00:00-05:00,41.52301251082461,41.951585535075544,41.25028084481069,41.87366485595703,86900,0.0,0.0
2023-02-27 00:00:00-05:00,42.07820725716433,42.74054969398828,41.9321008871793,42.1561279296875,35100,0.0,0.0
2023-02-28 00:00:00-05:00,41.97107340849438,42.896405309591216,41.97107340849438,42.662635803222656,92200,0.0,0.0
2023-03-01 00:00:00-05:00,42.594444291314794,43.198343450731294,42.029507326864376,42.73080825805664,44600,0.0,0.0
2023-03-02 00:00:00-05:00,42.42886037382567,43.47107493352422,42.14639003486155,43.26652526855469,39100,0.0,0.0
2023-03-03 00:00:00-05:00,43.35419116415567,44.23082202626265,42.90613704158528,43.50029754638672,72700,0.0,0.0
2023-03-06 00:00:00-05:00,43.50029934118363,44.11394096997701,42.62366844290737,42.75029373168945,80900,0.0,0.0
2023-03-07 00:00:00-05:00,42.7015901949917,42.857435265513445,41.30872325161135,41.70807647705078,45100,0.0,0.0
2023-03-08 00:00:00-05:00,41.82495033380411,42.039238652936966,41.104168431402506,41.659366607666016,38000,0.0,0.0
2023-03-09 00:00:00-05:00,41.56197022787322,42.36068039689045,41.54249284518169,42.11717224121094,44100,0.0,0.0
2023-03-10 00:00:00-05:00,41.90288734476777,43.18861021596233,41.51327277716462,41.8347053527832,54800,0.0,0.0
2023-03-13 00:00:00-04:00,41.337945597739484,42.35094047659918,40.27624982801226,40.71456527709961,56700,0.0,0.0
2023-03-14 00:00:00-04:00,41.094435982930726,42.02951014665424,41.0652161925655,41.61067581176758,55400,0.0,0.0
2023-03-15 00:00:00-04:00,40.841185612889454,41.62041091918945,40.70482164874187,41.62041091918945,61900,0.0,0.0
2023-03-16 00:00:00-04:00,41.289241422044405,42.623665046979546,40.90936930160326,42.22431182861328,46200,0.0,0.0
2023-03-17 00:00:00-04:00,42.1463954218121,42.39964228921257,41.02625632930873,41.561973571777344,165800,0.0,0.0
2023-03-20 00:00:00-04:00,41.85418036889913,42.477560613939126,41.20157662037082,41.62041091918945,55500,0.0,0.0
2023-03-21 00:00:00-04:00,42.0976881432232,42.4678178382221,41.77625561712281,42.282752990722656,50400,0.0,0.0
2023-03-22 00:00:00-04:00,42.087951889161644,42.54574844514234,41.48405265821085,41.5522346496582,42700,0.0,0.0
2023-03-23 00:00:00-04:00,41.68859727820714,42.048988323526466,41.23080445273872,41.50353240966797,42800,0.0,0.0
2023-03-24 00:00:00-04:00,41.15288382312185,42.097696782740364,40.763269235581824,41.77626419067383,33300,0.0,0.0
2023-03-27 00:00:00-04:00,42.204841843039084,42.55549052022656,41.73730284217547,42.21458053588867,41200,0.0,0.0
2023-03-28 00:00:00-04:00,42.19509943454934,42.37042563096316,41.91262903858928,42.21458053588867,70500,0.0,0.0
2023-03-29 00:00:00-04:00,42.36068311540604,42.71133176095032,42.097693844517956,42.6236686706543,39600,0.0,0.0
2023-03-30 00:00:00-04:00,42.86718019904834,43.13991189890562,42.47756932382954,42.876922607421875,33600,0.0,0.0
2023-03-31 00:00:00-04:00,43.00354310098943,43.85095046842047,42.876917815765125,43.79250717163086,75500,0.0,0.0
2023-04-03 00:00:00-04:00,41.376900443650634,43.60743577601178,41.376900443650634,43.55873489379883,135500,0.0,0.0
2023-04-04 00:00:00-04:00,43.519777534604,43.65614150619902,43.05224232528985,43.59769821166992,41200,0.0,0.0
2023-04-05 00:00:00-04:00,43.45159533088286,43.72432327270508,43.26652675695533,43.72432327270508,33400,0.0,0.0
2023-04-06 00:00:00-04:00,43.636657483340294,43.811983639537075,43.217823189719034,43.62691879272461,48300,0.0,0.0
2023-04-10 00:00:00-04:00,43.500301595392706,43.72432867753033,43.05224743111745,43.37367630004883,83900,0.0,0.0
2023-04-11 00:00:00-04:00,43.237313733656784,43.74381121604278,43.04250643802523,43.69511032104492,44200,0.0,0.0
2023-04-12 00:00:00-04:00,44.7762800252884,44.7762800252884,43.500295975551765,43.57822036743164,25900,0.0,0.0
2023-04-13 00:00:00-04:00,43.66587500991116,44.39639932219765,43.56846953888968,44.35743713378906,30000,0.0,0.0
2023-04-14 00:00:00-04:00,44.16263826483731,44.435366204031595,43.94834990367637,44.11393737792969,44600,0.0,0.0
2023-04-17 00:00:00-04:00,44.240565479135064,44.27952768067524,43.870435711423546,43.93861770629883,38200,0.0,0.0
2023-04-18 00:00:00-04:00,44.04574893423975,44.172370478503815,43.558732705300834,43.753536224365234,43000,0.0,0.0
2023-04-19 00:00:00-04:00,43.49054695562368,43.49054695562368,41.143129084514,41.33793258666992,128900,0.0,0.0
2023-04-20 00:00:00-04:00,41.308723797640255,41.63015634988737,41.133397626530844,41.59119415283203,65300,0.0,0.0
2023-04-21 00:00:00-04:00,38.873641563054164,39.798973291551555,36.77946995201479,39.53598403930664,117000,0.0,0.0
2023-04-24 00:00:00-04:00,39.44831965189397,40.587935991663976,39.44831965189397,39.8963737487793,84600,0.0,0.0
2023-04-25 00:00:00-04:00,39.55546772057221,39.92560117926966,38.581435040787184,38.678836822509766,64300,0.0,0.0
2023-04-26 00:00:00-04:00,38.600914784881844,38.62039588367029,38.04571647415001,38.493770599365234,41900,0.0,0.0
2023-04-27 00:00:00-04:00,38.7080555445749,39.31195469101043,38.7080555445749,39.04896545410156,36800,0.0,0.0
2023-04-28 00:00:00-04:00,39.117152380247745,39.467804740447185,39.117152380247745,39.22429656982422,35900,0.0,0.0
2023-05-01 00:00:00-04:00,39.078190738243045,39.61390797812211,38.26974553238334,39.243778228759766,52500,0.0,0.0
2023-05-02 00:00:00-04:00,38.96130251187155,39.28273504110138,38.26974028403927,38.37688446044922,51300,0.0,0.0
2023-05-03 00:00:00-04:00,38.620397239732135,39.15611447048594,38.620397239732135,38.678836822509766,49400,0.0,0.0
2023-05-04 00:00:00-04:00,38.347662552823145,38.80545906539409,38.13337790672485,38.57168960571289,63300,0.0,0.0
2023-05-05 00:00:00-04:00,38.23078256057623,39.448323406454456,37.17882548623035,37.587921142578125,82200,0.0,0.0
2023-05-08 00:00:00-04:00,37.64636879383899,38.06520319050186,37.14960999052245,37.88013458251953,91000,0.0,0.0
2023-05-09 00:00:00-04:00,37.73402541044983,38.14311732817512,37.48077484797645,37.919090270996094,60900,0.0,0.0
2023-05-10 00:00:00-04:00,38.328182727189144,39.60416681754147,38.04571608673221,39.56520462036133,84400,0.0,0.0
2023-05-11 00:00:00-04:00,39.370397075619664,40.81196863611749,39.370397075619664,40.773006439208984,60700,0.0,0.0
2023-05-12 00:00:00-04:00,40.782748384631276,41.04573766128792,40.31521313134387,41.0262565612793,53300,0.0,0.0
2023-05-15 00:00:00-04:00,40.97746262456338,41.20191600081768,40.430965019741784,40.655418395996094,51700,0.08,0.0
2023-05-16 00:00:00-04:00,40.518798740153095,41.240952501705245,40.518798740153095,41.11408996582031,37200,0.0,0.0
2023-05-17 00:00:00-04:00,41.15312104573229,42.49008787786735,40.99697939589228,42.333946228027344,55300,0.0,0.0
2023-05-18 00:00:00-04:00,42.129008516946975,43.08538033816683,42.129008516946975,42.899959564208984,44000,0.0,0.0
2023-05-19 00:00:00-04:00,43.3293479648141,43.62211307483777,42.607190552226044,43.03657913208008,127300,0.0,0.0
2023-05-22 00:00:00-04:00,43.173205532192455,43.84656564515866,42.89995487483681,43.62211227416992,53200,0.0,0.0
2023-05-23 00:00:00-04:00,43.46597267277504,44.314992632841175,42.987786792037284,43.28055191040039,61700,0.0,0.0
2023-05-24 00:00:00-04:00,43.12440875250781,43.17320603944806,42.177801693774256,42.66574478149414,43400,0.0,0.0
2023-05-25 00:00:00-04:00,42.83164138496673,43.42693251621589,41.348294029822455,43.41717529296875,79600,0.0,0.0
2023-05-26 00:00:00-04:00,43.378143646250685,45.00787186263092,43.378143646250685,44.66631317138672,44800,0.0,0.0
2023-05-30 00:00:00-04:00,44.94931770779824,45.183528300636496,43.856322532185516,44.16860580444336,57900,0.0,0.0
2023-05-31 00:00:00-04:00,44.05150373023459,44.58824041101875,43.387900797468916,43.88560485839844,277200,0.0,0.0
2023-06-01 00:00:00-04:00,43.76849249568903,44.373544591214525,43.30982853498387,43.38789749145508,75700,0.0,0.0
2023-06-02 00:00:00-04:00,43.729467762591995,45.242090828689065,43.59284054939258,45.134742736816406,56100,0.0,0.0
2023-06-05 00:00:00-04:00,44.79317607166931,45.13473473735438,43.99294972116979,44.16860580444336,44500,0.0,0.0
2023-06-06 00:00:00-04:00,44.051507257035205,45.53485488887475,44.051507257035205,45.07618713378906,57200,0.0,0.0
2023-06-07 00:00:00-04:00,45.11521507673619,46.100862146932904,45.11521507673619,45.661712646484375,78300,0.0,0.0
2023-06-08 00:00:00-04:00,45.51532806488261,45.67146969525556,44.62727184412828,44.74437713623047,36500,0.0,0.0
2023-06-09 00:00:00-04:00,44.79318552437831,45.085950688563514,44.49065941185068,44.96884536743164,32600,0.0,0.0
2023-06-12 00:00:00-04:00,44.99811363190069,45.64219838006311,44.92004094838503,45.388465881347656,50600,0.0,0.0
2023-06-13 00:00:00-04:00,45.681239323858506,46.35459953482,45.03715451080944,45.07618713378906,72700,0.0,0.0
2023-06-14 00:00:00-04:00,45.076181861057734,45.31039618509265,44.14909295697508,44.783416748046875,54700,0.0,0.0
2023-06-15 00:00:00-04:00,44.62727184412828,44.92979788166156,44.168604176222054,44.74437713623047,56700,0.0,0.0
2023-06-16 00:00:00-04:00,45.14449974987133,45.417750452274575,44.21741071942632,44.627281188964844,387200,0.0,0.0
2023-06-20 00:00:00-04:00,44.59799942835798,45.00786983942643,44.25643702975724,44.27595520019531,51300,0.0,0.0
2023-06-21 00:00:00-04:00,44.275953100255926,45.25183923961266,43.9051190476517,44.7541389465332,45100,0.0,0.0
2023-06-22 00:00:00-04:00,44.74437942909543,44.87124567362145,43.963671237224325,44.129573822021484,42900,0.0,0.0
2023-06-23 00:00:00-04:00,43.74898540216442,44.34427292878595,42.860925279401705,43.15369415283203,84700,0.0,0.0
2023-06-26 00:00:00-04:00,43.24151634339013,44.38330134398102,43.2219981738018,43.29030990600586,41000,0.0,0.0
2023-06-27 00:00:00-04:00,43.49524870823976,43.514766879446086,42.91947568713988,43.241519927978516,34500,0.0,0.0
2023-06-28 00:00:00-04:00,43.25127076073855,43.71969563233706,42.89995117636218,43.34885787963867,32600,0.0,0.0
2023-06-29 00:00:00-04:00,43.34886297641707,44.34426734161563,43.34886297641707,44.0515022277832,34400,0.0,0.0
2023-06-30 00:00:00-04:00,44.441854892209086,44.793174491785464,44.0124626159668,44.0124626159668,38400,0.0,0.0
2023-07-03 00:00:00-04:00,43.92463958391988,44.43210089346219,43.92463958391988,44.32475280761719,22200,0.0,0.0
2023-07-05 00:00:00-04:00,44.334513833117825,44.334513833117825,43.778258953406144,43.8660888671875,56000,0.0,0.0
2023-07-06 00:00:00-04:00,43.50500347833121,43.74897499970531,42.948744984705066,43.534278869628906,47800,0.0,0.0
2023-07-07 00:00:00-04:00,43.66114956221514,44.00270823793828,43.33910533421015,43.35862350463867,33900,0.0,0.0
2023-07-10 00:00:00-04:00,43.368378309523415,44.04174212226251,43.368378309523415,43.78800964355469,35300,0.0,0.0
2023-07-11 00:00:00-04:00,43.94415622699937,44.41258117580526,43.64163387492027,44.30523681640625,29500,0.0,0.0
2023-07-12 00:00:00-04:00,44.88101000755085,45.134738793043404,44.45161767757955,44.94932174682617,34500,0.0,0.0
2023-07-13 00:00:00-04:00,45.13474317563349,45.24209126854983,44.646800006167176,44.9102897644043,32600,0.0,0.0
2023-07-14 00:00:00-04:00,44.77365076198549,45.007861317475374,44.100287038855356,44.998104095458984,22700,0.0,0.0
2023-07-17 00:00:00-04:00,45.08594399773681,45.34943372321451,44.519928204626844,44.70534896850586,41800,0.0,0.0
2023-07-18 00:00:00-04:00,44.91028802496126,45.11522325474903,44.07102521035137,44.5687255859375,34800,0.0,0.0
2023-07-19 00:00:00-04:00,44.56872537253817,45.57389078933781,44.2369276055433,45.4372673034668,45200,0.0,0.0
2023-07-20 00:00:00-04:00,45.42750844466003,45.42750844466003,44.56872742192506,45.095706939697266,26000,0.0,0.0
2023-07-21 00:00:00-04:00,45.339672361661094,45.39822687435745,44.68583038874883,44.92980194091797,29900,0.0,0.0
2023-07-24 00:00:00-04:00,45.02739572131851,45.53485707148586,44.77366690759034,45.51533889770508,30500,0.0,0.0
2023-07-25 00:00:00-04:00,45.38846779421711,46.44242672983431,45.38846779421711,46.374114990234375,30000,0.0,0.0
2023-07-26 00:00:00-04:00,46.25701499816663,47.154828663340346,46.25701499816663,46.85230255126953,41800,0.0,0.0
2023-07-27 00:00:00-04:00,47.1353044220374,47.1353044220374,46.39363252117703,46.549774169921875,42000,0.0,0.0
2023-07-28 00:00:00-04:00,46.832784164509334,47.49638340929731,46.461946336151655,46.6668815612793,33100,0.0,0.0
2023-07-31 00:00:00-04:00,46.56928896498521,47.5646932995812,46.276520137443235,47.24264907836914,90100,0.0,0.0
2023-08-01 00:00:00-04:00,47.05723324014376,48.28684820069089,46.85229431112725,48.081912994384766,59100,0.0,0.0
2023-08-02 00:00:00-04:00,47.8379353449181,48.472259053434655,47.69155094610895,48.374671936035156,56700,0.0,0.0
2023-08-03 00:00:00-04:00,48.79430833659603,51.058363945597264,47.12554388493492,50.7265625,65600,0.0,0.0
2023-08-04 00:00:00-04:00,50.599692144642646,51.89762242783768,49.74091506804727,50.814388275146484,69400,0.0,0.0
2023-08-07 00:00:00-04:00,50.70704708312623,52.2782244925068,49.56526199295654,52.18063735961914,84000,0.0,0.0
2023-08-08 00:00:00-04:00,52.11232503195002,53.137004806509225,51.341374033651874,52.67833709716797,58300,0.0,0.0
2023-08-09 00:00:00-04:00,52.697854247232954,52.697854247232954,49.48718778946031,51.565826416015625,70800,0.0,0.0
2023-08-10 00:00:00-04:00,51.897629432020544,51.897629432020544,50.37524558997644,50.80463790893555,54300,0.0,0.0
2023-08-11 00:00:00-04:00,50.73632172952784,51.839070380267785,50.73632172952784,51.43895721435547,44000,0.0,0.0
2023-08-14 00:00:00-04:00,51.41941093976308,51.50737434551996,50.21724687999826,50.24656677246094,62400,0.08,0.0
2023-08-15 00:00:00-04:00,50.08042341994925,50.77435498929792,49.77743748070983,50.578880310058594,75000,0.0,0.0
2023-08-16 00:00:00-04:00,50.39318444283958,51.05779615515931,48.829390643346855,50.78413009643555,59000,0.0,0.0
2023-08-17 00:00:00-04:00,50.823218174433336,51.52692546531128,50.35408122330439,50.4224967956543,38900,0.0,0.0
2023-08-18 00:00:00-04:00,50.10973243159098,51.28257652388112,50.10973243159098,51.184837341308594,121400,0.0,0.0
2023-08-21 00:00:00-04:00,51.25326226144874,52.76818817674667,51.25326226144874,52.132896423339844,52400,0.0,0.0
2023-08-22 00:00:00-04:00,52.14266499497218,52.14266499497218,51.087107799605505,51.68330383300781,66000,0.0,0.0
2023-08-23 00:00:00-04:00,51.634433899802,52.3674610450346,51.497599034195396,52.299041748046875,49900,0.0,0.0
2023-08-24 00:00:00-04:00,52.38700727926131,52.562934099521684,51.18484315972811,51.35099792480469,65700,0.0,0.0
2023-08-25 00:00:00-04:00,51.44873345950408,51.75171936777646,50.725482067119614,50.96004867553711,30700,0.0,0.0
2023-08-28 00:00:00-04:00,51.25325526539329,51.5953368275988,50.96982094380089,51.233707427978516,28600,0.0,0.0
2023-08-29 00:00:00-04:00,51.28258696997558,51.28258696997558,50.911185457283906,51.116432189941406,33200,0.0,0.0
2023-08-30 00:00:00-04:00,50.88186260451898,51.24348831176758,50.5788766869831,51.24348831176758,63100,0.0,0.0
2023-08-31 00:00:00-04:00,51.17507410881609,52.00583679786251,51.00891933398527,51.91787338256836,81200,0.0,0.0
2023-09-01 00:00:00-04:00,51.947193409691515,53.041846268825246,51.61488761140836,52.582481384277344,56200,0.0,0.0
2023-09-05 00:00:00-04:00,52.20130587008111,52.20130587008111,50.85253488967429,51.69307327270508,66800,0.0,0.0
2023-09-06 00:00:00-04:00,51.98629432330733,53.286197846993964,51.86901100026713,53.22755432128906,41000,0.0,0.0
2023-09-07 00:00:00-04:00,53.110267249172864,53.51098865894526,52.45542764098713,52.86592483520508,74300,0.0,0.0
2023-09-08 00:00:00-04:00,52.817055193363025,53.794424813987646,52.79750735354623,53.032073974609375,68000,0.0,0.0
2023-09-11 00:00:00-04:00,53.07116818017192,53.07116818017192,51.869004027598486,52.74863815307617,59800,0.0,0.0
2023-09-12 00:00:00-04:00,52.78773331926461,53.47189282205425,52.12312538530908,52.20131301879883,51200,0.0,0.0
2023-09-13 00:00:00-04:00,52.308820560946614,52.3381404553761,50.96004949165408,51.448734283447266,57400,0.0,0.0
2023-09-14 00:00:00-04:00,51.84945421703825,52.83659955680686,51.61488761140836,52.582481384277344,63100,0.0,0.0
2023-09-15 00:00:00-04:00,52.63134144772157,53.100482047362725,51.40962968033371,52.220848083496094,475500,0.0,0.0
2023-09-18 00:00:00-04:00,52.2697229664065,53.21777262080461,52.2697229664065,52.367462158203125,47700,0.0,0.0
2023-09-19 00:00:00-04:00,52.40655445562149,52.77795593018462,51.82990626947175,52.25017547607422,64900,0.0,0.0
2023-09-20 00:00:00-04:00,52.504290115124,53.09071031687457,52.10356877397508,52.162208557128906,33400,0.0,0.0
2023-09-21 00:00:00-04:00,51.97650420685841,53.168896049964076,51.741933913911865,53.05160903930664,39400,0.0,0.0
2023-09-22 00:00:00-04:00,53.032074152579355,53.735781474868794,52.562937180509465,52.64112854003906,32900,0.0,0.0
2023-09-25 00:00:00-04:00,52.41632945612779,53.33505548119922,52.28927037202817,52.484745025634766,37900,0.0,0.0
2023-09-26 00:00:00-04:00,52.2990480729861,52.78773289557505,51.25326285091531,51.263038635253906,50500,0.0,0.0
2023-09-27 00:00:00-04:00,51.566015017171516,52.69976352844007,51.25325706429529,52.54338455200195,45400,0.0,0.0
2023-09-28 00:00:00-04:00,52.73886114445424,53.65759092714316,52.10357316046897,53.10049057006836,52100,0.0,0.0
2023-09-29 00:00:00-04:00,53.29596222556233,53.941026001905335,52.093798084576235,52.17198944091797,47300,0.0,0.0
2023-10-02 00:00:00-04:00,52.28927395664015,53.05162105676163,52.26972611710253,52.9050178527832,50000,0.0,0.0
2023-10-03 00:00:00-04:00,52.514064246818386,52.74863457381871,51.3900915276075,51.937416076660156,38000,0.0,0.0
2023-10-04 00:00:00-04:00,51.8201365025628,52.504295966429964,51.419415116755744,52.328369140625,44900,0.0,0.0
2023-10-05 00:00:00-04:00,52.07425042155047,52.77795771752896,51.497602215872334,52.113346099853516,54300,0.0,0.0
2023-10-06 00:00:00-04:00,51.80058829270298,53.559852809800205,51.80058829270298,53.139583587646484,78600,0.0,0.0
2023-10-09 00:00:00-04:00,52.758408760899705,54.17559537823043,52.758408760899705,53.88238525390625,41600,0.0,0.0
2023-10-10 00:00:00-04:00,54.13649822001208,54.72292218098956,53.98989502604439,54.292877197265625,67900,0.0,0.0
2023-10-11 00:00:00-04:00,54.40039382948658,54.71315181496046,53.72601012237777,53.853065490722656,26000,0.0,0.0
2023-10-12 00:00:00-04:00,54.09740323239357,54.234238101555455,52.992978322639864,53.364376068115234,35100,0.0,0.0
2023-10-13 00:00:00-04:00,53.13958217408923,53.579399223756305,51.898322379859465,52.4651985168457,58500,0.0,0.0
2023-10-16 00:00:00-04:00,52.53361129760742,53.51098081012105,52.30881675713355,52.53361129760742,54800,0.0,0.0
2023-10-17 00:00:00-04:00,52.47496659381406,53.559847324623675,52.181756492387635,53.24708938598633,51300,0.0,0.0
2023-10-18 00:00:00-04:00,53.237324428501154,53.30574000367534,52.60203268374746,53.032073974609375,22300,0.0,0.0
2023-10-19 00:00:00-04:00,52.87569108636272,53.21777266538407,52.26972301019179,52.338138580322266,36000,0.0,0.0
2023-10-20 00:00:00-04:00,52.55316350543186,52.55316350543186,51.52692617762737,51.66375732421875,50200,0.0,0.0
2023-10-23 00:00:00-04:00,51.41941928230229,51.898328335947895,51.087113443124565,51.1555290222168,52200,0.0,0.0
2023-10-24 00:00:00-04:00,51.253259212608256,51.45850965708621,50.6961588526732,51.20439147949219,26600,0.0,0.0
2023-10-25 00:00:00-04:00,50.84276097001194,51.43895695137966,50.80366529587042,51.13597106933594,23800,0.0,0.0
2023-10-26 00:00:00-04:00,51.43895447334673,51.64420116014906,50.86230635682936,51.47804641723633,25100,0.0,0.0
2023-10-27 00:00:00-04:00,51.36076882408649,51.39009244571595,50.56910187910073,51.3119010925293,33400,0.0,0.0
2023-10-30 00:00:00-04:00,51.595341488465465,51.996062870745725,51.07733307110139,51.72239685058594,57100,0.0,0.0
2023-10-31 00:00:00-04:00,51.78103819253018,52.45542183826668,50.471362849406894,52.367462158203125,75600,0.0,0.0
2023-11-01 00:00:00-04:00,52.11334223710947,53.061391859657064,51.7810364529029,52.50429153442383,36700,0.0,0.0
2023-11-02 00:00:00-04:00,53.63804728591885,56.159659037113904,53.26664577601424,55.12364959716797,75200,0.0,0.0
2023-11-03 00:00:00-04:00,55.221375446140506,58.64216861537045,55.1529598810254,58.30009078979492,96100,0.0,0.0
2023-11-06 00:00:00-05:00,58.03620101457197,58.563977702469145,57.35204162997199,58.54443359375,61200,0.0,0.0
2023-11-07 00:00:00-05:00,58.50534492629144,58.964709831948646,57.850505354713995,58.720367431640625,42300,0.0,0.0
2023-11-08 00:00:00-05:00,59.05266690789248,59.05266690789248,57.811410850130976,58.36851119995117,35400,0.0,0.0
2023-11-09 00:00:00-05:00,58.24145164827572,59.15040562827373,57.18589074439327,57.40091323852539,36900,0.0,0.0
2023-11-10 00:00:00-05:00,57.81141391836289,57.93846928322723,56.94155183370026,57.4888801574707,59900,0.0,0.0
2023-11-13 00:00:00-05:00,57.567177114960764,57.567177114960764,56.68634495731345,56.97016906738281,67500,0.08,0.0
2023-11-14 00:00:00-05:00,57.567169342052615,58.75139617919922,56.96037601174182,58.75139617919922,74000,0.0,0.0
2023-11-15 00:00:00-05:00,58.907993380723504,59.925842997697,58.76119051680898,58.96671676635742,68600,0.0,0.0
2023-11-16 00:00:00-05:00,58.72204089853134,59.064584643727386,57.958655561553414,58.80033874511719,36400,0.0,0.0
2023-11-17 00:00:00-05:00,59.162450785224166,59.97477032492357,58.947135463003065,59.191810607910156,46300,0.0,0.0
2023-11-20 00:00:00-05:00,59.54414952034441,59.710526843889404,58.91778168249794,59.690956115722656,66000,0.0,0.0
2023-11-21 00:00:00-05:00,59.358193997320676,60.307531058392726,59.358193997320676,59.80839538574219,66000,0.0,0.0
2023-11-22 00:00:00-05:00,60.00413594792475,60.78709569190755,59.045009794865,59.338619232177734,32800,0.0,0.0
2023-11-24 00:00:00-05:00,58.98629129226601,59.73010217720215,58.63395844497373,59.02544021606445,46700,0.0,0.0
2023-11-27 00:00:00-05:00,58.712249673780256,59.837753105253036,58.24247010805216,59.54414367675781,60700,0.0,0.0
2023-11-28 00:00:00-05:00,59.81817650251361,60.09221519494503,58.330551220194174,58.38927459716797,50500,0.0,0.0
2023-11-29 00:00:00-05:00,59.0254377100564,59.426704828336945,57.90971582985144,58.17396545410156,48900,0.0,0.0
2023-11-30 00:00:00-05:00,58.48715272048001,58.84927467085066,57.89014842415324,58.35992431640625,82800,0.0,0.0
2023-12-01 00:00:00-05:00,58.49694007696012,58.85905828310431,57.93908098817561,58.62417221069336,69600,0.0,0.0
2023-12-04 00:00:00-05:00,58.780770810263675,60.601151144150926,58.52630651405175,60.47392272949219,64300,0.0,0.0
2023-12-05 00:00:00-05:00,60.02371600608964,61.9419684911077,60.02371600608964,61.207942962646484,78100,0.0,0.0
2023-12-06 00:00:00-05:00,61.79515431047119,62.99895931488762,60.640287322038894,61.44282150268555,60400,0.0,0.0
2023-12-07 00:00:00-05:00,61.129642161471146,62.627056705946146,61.0219844918122,62.61726760864258,49600,0.0,0.0
2023-12-08 00:00:00-05:00,62.783647521524706,63.93851457488808,62.43131469392955,63.821067810058594,50400,0.0,0.0
2023-12-11 00:00:00-05:00,63.351291450340675,64.10488760700547,63.00874027587297,64.00701904296875,59600,0.0,0.0
2023-12-12 00:00:00-05:00,63.78192443400312,65.53379962717085,63.24364351557679,64.56488800048828,91000,0.0,0.0
2023-12-13 00:00:00-05:00,64.63339212228271,65.15210227448945,62.14749156370721,63.27299880981445,183100,0.0,0.0
2023-12-14 00:00:00-05:00,63.64489532044604,65.612085508907,63.00873847207988,65.10315704345703,77900,0.0,0.0
2023-12-15 00:00:00-05:00,65.61209566657193,66.80611171240955,65.25976281806595,66.01335906982422,267200,0.0,0.0
2023-12-18 00:00:00-05:00,66.03294153249708,67.08015104798227,64.01682035445317,65.47508239746094,66600,0.0,0.0
2023-12-19 00:00:00-05:00,65.59252117807036,67.14865925806468,65.55337971881876,66.90398406982422,75500,0.0,0.0
2023-12-20 00:00:00-05:00,67.17801357872725,68.94945940695975,67.11929392776948,67.2269515991211,64600,0.0,0.0
2023-12-21 00:00:00-05:00,67.45204568480145,67.80437850925198,66.26781881752342,66.79631805419922,73200,0.0,0.0
2023-12-22 00:00:00-05:00,67.23673035131576,67.54991425450588,66.52228307226952,66.79631805419922,72100,0.0,0.0
2023-12-26 00:00:00-05:00,66.98227261756631,67.56949149439365,66.73759746331383,67.2856674194336,80500,0.0,0.0
2023-12-27 00:00:00-05:00,67.10950148181334,67.92182479170066,66.98227308878852,67.0409927368164,56700,0.0,0.0
2023-12-28 00:00:00-05:00,66.94313299597,67.38354534804516,66.33633584105175,66.90398406982422,46200,0.0,0.0
2023-12-29 00:00:00-05:00,67.02141919255608,67.27587596790974,65.76867617443853,65.7784652709961,51400,0.0,0.0
2024-01-02 00:00:00-05:00,65.82741188682627,65.83719351776887,63.83086154114043,64.10489654541016,63700,0.0,0.0
2024-01-03 00:00:00-05:00,63.90915367072954,64.64317913800333,63.07725216763802,63.126190185546875,76000,0.0,0.0
2024-01-04 00:00:00-05:00,63.40023020615861,63.83086090393725,62.64663395193976,62.98917770385742,42100,0.0,0.0
2024-01-05 00:00:00-05:00,62.51939431347144,62.97938104892964,61.5309046334993,62.21599578857422,78600,0.0,0.0
2024-01-08 00:00:00-05:00,62.24535787370008,63.175127941866236,62.24535787370008,62.832576751708984,74600,0.0,0.0
2024-01-09 00:00:00-05:00,62.1572852820278,62.773867822631395,61.452623254785195,62.54876708984375,45100,0.0,0.0
2024-01-10 00:00:00-05:00,62.50960774767184,63.47852300718976,62.460673463209574,63.126190185546875,59400,0.0,0.0
2024-01-11 00:00:00-05:00,62.87173120717874,63.24364225394229,61.94196852405747,62.39216995239258,87200,0.0,0.0
2024-01-12 00:00:00-05:00,62.51938942575188,63.49808619919971,62.24535074507819,63.36106872558594,107300,0.0,0.0
2024-01-16 00:00:00-05:00,62.89130784929136,63.4198071130376,61.491765576841225,62.00068664550781,91900,0.0,0.0
2024-01-17 00:00:00-05:00,61.844094589036146,62.85215882759117,61.579844957576874,61.76580047607422,63100,0.0,0.0
2024-01-18 00:00:00-05:00,61.87345529078049,62.32365668649952,61.42325016161484,62.22578811645508,104000,0.0,0.0
2024-01-19 00:00:00-05:00,62.58791457288366,63.56661160294231,61.658148100863755,63.28279495239258,114300,0.0,0.0
2024-01-22 00:00:00-05:00,63.889575734153325,65.51422235903874,63.840645182940555,65.49464416503906,50100,0.0,0.0
2024-01-23 00:00:00-05:00,65.95463914941004,65.95463914941004,64.26149113081269,64.47679901123047,124400,0.0,0.0
2024-01-24 00:00:00-05:00,65.2303780034993,65.96440324554868,64.49635276144993,64.85846710205078,48500,0.0,0.0
2024-01-25 00:00:00-05:00,65.52401315203149,65.8274154663086,64.60403951151417,65.8274154663086,58900,0.0,0.0
2024-01-26 00:00:00-05:00,66.21888348482217,66.29717385479687,64.007018128121,64.49636840820312,44000,0.0,0.0
2024-01-29 00:00:00-05:00,64.59425001241452,64.59425001241452,63.64490908268051,64.05596160888672,58400,0.0,0.0
2024-01-30 00:00:00-05:00,63.78192196416412,64.78020084612086,63.419807488874476,64.60403442382812,201600,0.0,0.0
2024-01-31 00:00:00-05:00,64.80955585261309,65.70995862542249,63.04789176068764,63.13597869873047,110500,0.0,0.0
2024-02-01 00:00:00-05:00,63.5959782218436,64.66275845861293,62.93046141106012,64.65296936035156,63500,0.0,0.0
2024-02-02 00:00:00-05:00,64.33977853966978,65.08359312323692,64.17340122148434,64.7606201171875,51300,0.0,0.0
2024-02-05 00:00:00-05:00,64.4572214556958,64.73125642619695,63.38065230005862,63.811275482177734,36400,0.0,0.0
2024-02-06 00:00:00-05:00,63.81128254452647,64.34957091536688,63.51767681516295,63.762351989746094,45200,0.0,0.0
2024-02-07 00:00:00-05:00,63.49810010663405,64.05595921907093,63.02832794189453,63.02832794189453,50600,0.0,0.0
2024-02-08 00:00:00-05:00,63.26320991975257,66.96269721135303,63.26320991975257,64.63339233398438,79800,0.0,0.0
2024-02-09 00:00:00-05:00,64.68231431744697,65.95462799072266,64.2810509837136,65.95462799072266,54600,0.0,0.0
2024-02-12 00:00:00-05:00,66.27760800990399,66.31675693122072,65.72953804525619,66.08186340332031,90500,0.0,0.0
2024-02-13 00:00:00-05:00,64.58445629480511,64.61381612073504,62.18664259654119,62.76407241821289,79800,0.0,0.0
2024-02-14 00:00:00-05:00,63.38065127286241,64.71168465106157,62.76406513233478,64.00701904296875,117100,0.0,0.0
2024-02-15 00:00:00-05:00,63.488319266858994,69.04733973151987,62.636846940677316,68.10778045654297,158400,0.0,0.0
2024-02-16 00:00:00-05:00,68.03925771621053,68.37201977995778,65.87633043597711,66.30696105957031,157000,0.0,0.0
2024-02-20 00:00:00-05:00,65.42614316330811,66.77675496719479,65.42614316330811,65.61209869384766,91500,0.0,0.0
2024-02-21 00:00:00-05:00,65.25975871451234,65.84697760279988,64.80955731792878,65.36741638183594,56400,0.0,0.0
2024-02-22 00:00:00-05:00,65.54358451935559,67.42268799806915,65.10316474138325,67.23673248291016,104300,0.0,0.0
2024-02-23 00:00:00-05:00,67.37376000022445,67.37376000022445,66.17975128733619,66.72782135009766,33000,0.0,0.0
2024-02-26 00:00:00-05:00,66.64940989629854,68.3842515401045,65.8947066333205,67.97259521484375,114100,0.1,0.0
2024-02-27 00:00:00-05:00,68.09019739898572,68.11960034656252,65.5516357421875,65.5516357421875,51000,0.0,0.0
2024-02-28 00:00:00-05:00,64.94396076900821,65.61045505995997,63.87560621713409,64.89495086669922,100800,0.0,0.0
2024-02-29 00:00:00-05:00,65.74768584119484,66.17894165339294,64.6009257048381,65.06158447265625,85300,0.0,0.0
2024-03-01 00:00:00-05:00,65.4928309745764,65.4928309745764,62.317185457979924,65.29680633544922,76000,0.0,0.0
2024-03-04 00:00:00-05:00,65.62024522780622,65.71826502371519,64.59110467150688,64.66951751708984,46100,0.0,0.0
2024-03-05 00:00:00-05:00,64.58130261473977,64.98316284878307,63.954014792020075,64.43428039550781,47300,0.0,0.0
2024-03-06 00:00:00-05:00,65.12040177693734,65.12040177693734,63.75800991364035,64.31668853759766,46200,0.0,0.0
2024-03-07 00:00:00-05:00,64.58130965252282,64.82634421865862,63.767793098265194,64.11084747314453,70000,0.0,0.0
2024-03-08 00:00:00-05:00,64.6793237627724,64.8949553833619,63.88541413956715,64.17945861816406,57700,0.0,0.0
2024-03-11 00:00:00-04:00,63.78739260465958,64.1598424096763,62.964072670069136,64.12063598632812,58500,0.0,0.0
2024-03-12 00:00:00-04:00,64.39508098934392,64.39508098934392,63.81680300263696,64.11084747314453,41500,0.0,0.0
2024-03-13 00:00:00-04:00,63.80699418882387,64.05202873446288,63.375738473444635,63.61096954345703,42000,0.0,0.0
2024-03-14 00:00:00-04:00,63.53255881087272,64.51269702608387,62.59162702161335,62.954280853271484,40500,0.0,0.0
2024-03-15 00:00:00-04:00,62.47401018559177,63.07189134375558,61.846718600178896,63.05229187011719,244200,0.0,0.0
2024-03-18 00:00:00-04:00,63.150301132967094,63.6501736819173,62.052547454833984,62.052547454833984,52100,0.0,0.0
2024-03-19 00:00:00-04:00,62.032944686214414,63.66977360929393,61.89572594283413,63.248313903808594,65000,0.0,0.0
2024-03-20 00:00:00-04:00,63.258113599210134,63.98341369628906,62.03294097948076,63.98341369628906,74100,0.0,0.0
2024-03-21 00:00:00-04:00,64.3558814457878,64.90475647595456,63.6697801802179,64.09123992919922,78600,0.0,0.0
2024-03-22 00:00:00-04:00,64.18926050629763,64.18926050629763,63.4737636754539,63.6697883605957,43700,0.0,0.0
2024-03-25 00:00:00-04:00,63.89521076359283,63.89521076359283,63.19931354860018,63.32672882080078,30300,0.0,0.0
2024-03-26 00:00:00-04:00,63.69918043889889,64.16965007191354,63.414939459473956,63.542362213134766,45700,0.0,0.0
2024-03-27 00:00:00-04:00,64.09123353587371,64.6597154620449,63.699176777208734,64.43428039550781,100000,0.0,0.0
2024-03-28 00:00:00-04:00,64.54209344265506,64.95374965668618,63.96381554359138,64.6205062866211,83400,0.0,0.0
2024-04-01 00:00:00-04:00,64.87536479905927,64.98318062413036,63.68939820114017,64.22846984863281,51600,0.0,0.0
2024-04-02 00:00:00-04:00,63.50315554184891,63.50315554184891,62.26817930308597,62.797454833984375,77000,0.0,0.0
2024-04-03 00:00:00-04:00,62.97389386001964,64.48330793315198,62.80727212231443,64.22846984863281,56700,0.0,0.0
2024-04-04 00:00:00-04:00,64.70872639084459,65.35562124937192,63.59136934235347,63.72858810424805,55100,0.0,0.0
2024-04-05 00:00:00-04:00,63.846202613562305,64.33627172019257,63.52275520849966,64.2774658203125,79700,0.0,0.0
2024-04-08 00:00:00-04:00,64.42449052735968,64.61071171010066,63.9540208766289,64.08143615722656,35800,0.0,0.0
2024-04-09 00:00:00-04:00,64.13044309049087,64.16964951605756,63.21891426018309,63.81679916381836,32800,0.0,0.0
2024-04-10 00:00:00-04:00,62.70924194980236,63.21891426542005,62.189769897257456,62.78765106201172,49200,0.0,0.0
2024-04-11 00:00:00-04:00,62.94447305855375,63.58156435030093,62.16035954904019,63.375736236572266,41100,0.0,0.0
2024-04-12 00:00:00-04:00,62.95428291836565,63.4933544676983,62.209375756568804,62.29758834838867,54100,0.0,0.0
2024-04-15 00:00:00-04:00,62.7582503202254,62.817056221718666,61.17042741808606,61.39585876464844,34500,0.0,0.0
2024-04-16 00:00:00-04:00,61.41546098519827,61.73890839390458,60.935191610160885,61.0626106262207,34600,0.0,0.0
2024-04-17 00:00:00-04:00,61.07241338182305,61.55267901226436,60.55293758659825,60.59214401245117,44900,0.0,0.0
2024-04-18 00:00:00-04:00,60.54313759462219,61.17042544990485,59.886443050608406,60.87638473510742,49100,0.0,0.0
2024-04-19 00:00:00-04:00,60.56273974311866,61.60168383307291,60.56273974311866,61.57228088378906,52900,0.0,0.0
2024-04-22 00:00:00-04:00,61.533078083912635,62.0721571120786,60.98420305731558,61.121421813964844,61200,0.0,0.0
2024-04-23 00:00:00-04:00,60.807773483676336,64.09123488565761,60.76856705919807,63.74818801879883,71400,0.0,0.0
2024-04-24 00:00:00-04:00,63.22871072902342,63.973610298657576,63.199307782572106,63.68937683105469,50900,0.0,0.0
2024-04-25 00:00:00-04:00,63.13070722724349,63.150306701660156,62.18977168122591,63.150306701660156,45200,0.0,0.0
2024-04-26 00:00:00-04:00,63.00328476191617,63.483550404885435,62.42500305175781,62.42500305175781,42500,0.0,0.0
2024-04-29 00:00:00-04:00,62.4348025168474,62.8954649167838,62.081952175496674,62.121158599853516,37600,0.0,0.0
2024-04-30 00:00:00-04:00,61.76831063569217,62.23877652928914,60.5823442952333,60.739166259765625,65000,0.0,0.0
2024-05-01 00:00:00-04:00,61.0724131040499,61.38605703158561,59.93545293200031,60.72936248779297,53100,0.0,0.0
2024-05-02 00:00:00-04:00,58.298628810757144,60.26870899486542,56.32855236557997,58.112403869628906,102000,0.0,0.0
2024-05-03 00:00:00-04:00,59.004319918158956,60.13147659582938,58.75928537010923,59.95505142211914,80000,0.0,0.0
2024-05-06 00:00:00-04:00,60.05306747081952,61.11161477390584,60.05306747081952,60.83717727661133,74200,0.0,0.0
2024-05-07 00:00:00-04:00,60.71956653451348,62.00354527445675,60.71956653451348,61.31745147705078,68300,0.0,0.0
2024-05-08 00:00:00-04:00,60.68035598220212,62.6308326507882,60.68035598220212,62.48381042480469,79300,0.0,0.0
2024-05-09 00:00:00-04:00,62.787644319309955,63.85599873724352,62.621022636926824,63.40513610839844,102700,0.0,0.0
2024-05-10 00:00:00-04:00,63.70899479319654,63.8658205235999,62.7778663219794,63.6697883605957,74600,0.0,0.0
2024-05-13 00:00:00-04:00,64.19005566792771,64.29803770444522,63.29675858056291,63.90537643432617,90800,0.1,0.0
2024-05-14 00:00:00-04:00,64.5827078961032,65.66252062070761,64.5827078961032,65.64289093017578,54300,0.0,0.0
2024-05-15 00:00:00-04:00,65.80978527607132,67.06629547399483,65.36803849470064,66.96813201904297,50900,0.0,0.0
2024-05-16 00:00:00-04:00,66.77178804348793,67.21353476150428,65.96683584530065,66.54601287841797,57700,0.0,0.0
2024-05-17 00:00:00-04:00,66.87977040366641,66.95830415250701,66.13372225785227,66.74234008789062,53000,0.0,0.0
2024-05-20 00:00:00-04:00,66.75216459505636,67.74363266621835,66.75216459505636,67.44913482666016,51200,0.0,0.0
2024-05-21 00:00:00-04:00,67.1251747007332,68.13627974465494,67.1251747007332,68.0381088256836,25400,0.0,0.0
2024-05-22 00:00:00-04:00,67.61600659289148,68.21481331379553,66.63435721296882,67.84178924560547,63600,0.0,0.0
2024-05-23 00:00:00-04:00,68.12646941436168,68.1657362888329,66.35949751010878,66.36931610107422,51500,0.0,0.0
2024-05-24 00:00:00-04:00,66.82087386364441,67.79270466541907,66.09445541005259,66.9288558959961,34000,0.0,0.0
2024-05-28 00:00:00-04:00,66.89940645264852,67.09573333203477,66.09445426414032,66.15335083007812,44000,0.0,0.0
2024-05-29 00:00:00-04:00,65.6527101770445,65.6527101770445,63.88574572373206,63.974090576171875,42100,0.0,0.0
2024-05-30 00:00:00-04:00,64.60234629091923,65.0833599017411,64.01335813353961,64.73977661132812,44900,0.0,0.0
2024-05-31 00:00:00-04:00,65.03427348176288,66.39876556396484,64.26858813944992,66.39876556396484,91100,0.0,0.0
2024-06-03 00:00:00-04:00,66.77177833979619,67.12517266709561,66.06499717458671,67.05645751953125,56700,0.0,0.0
2024-06-04 00:00:00-04:00,66.84049221293726,67.06627483028063,65.64288644813394,66.28095245361328,45900,0.0,0.0
2024-06-05 00:00:00-04:00,66.47729804729175,67.39023228173978,65.26986599938672,66.74234008789062,43100,0.0,0.0
2024-06-06 00:00:00-04:00,66.34968103284356,66.34968103284356,65.43675425751874,65.67234802246094,53900,0.0,0.0
2024-06-07 00:00:00-04:00,65.24041950458063,65.44656498389608,63.79739365998166,63.885746002197266,67100,0.0,0.0
2024-06-10 00:00:00-04:00,63.52253545787266,63.52253545787266,62.79611695678927,63.38510513305664,52400,0.0,0.0
2024-06-11 00:00:00-04:00,63.28693532241264,63.28693532241264,62.639046895778655,62.668495178222656,42700,0.0,0.0
2024-06-12 00:00:00-04:00,64.17042609581802,64.54345018397053,62.90409742922311,63.718868255615234,92600,0.0,0.0
2024-06-13 00:00:00-04:00,63.51271618289851,63.87592917422765,62.3347398430384,62.43290328979492,44200,0.0,0.0
2024-06-14 00:00:00-04:00,62.10895697432404,62.18748697780161,61.411986810418966,61.961708068847656,58200,0.0,0.0
2024-06-17 00:00:00-04:00,61.92244762625416,63.257491445557115,61.637768393818455,62.96299362182617,89000,0.0,0.0
2024-06-18 00:00:00-04:00,63.0415253910097,63.83665900493249,62.68813100940167,63.473453521728516,105800,0.0,0.0
2024-06-20 00:00:00-04:00,63.061156906150416,63.75812709852343,62.62923250764363,62.864830017089844,139100,0.0,0.0
2024-06-21 00:00:00-04:00,62.943369814031904,63.92501933240138,62.943369814031904,63.6697883605957,343800,0.0,0.0
2024-06-24 00:00:00-04:00,63.56179796195214,63.77776202591685,62.65868232118198,62.71757888793945,124300,0.0,0.0
2024-06-25 00:00:00-04:00,62.50161845146358,62.580152204625165,61.745751673108344,62.43290328979492,52300,0.0,0.0
2024-06-26 00:00:00-04:00,62.15803204180606,63.25748193037969,60.93097044315276,63.198577880859375,80000,0.0,0.0
2024-06-27 00:00:00-04:00,63.41454666818672,63.76794103420765,62.45253075218259,62.6586799621582,53000,0.0,0.0
2024-06-28 00:00:00-04:00,63.00225141314638,63.23784514452576,62.32491475456211,63.021881103515625,231000,0.0,0.0
2024-07-01 00:00:00-04:00,63.16913756890758,63.16913756890758,61.843912373076904,62.55070114135742,61200,0.0,0.0
2024-07-02 00:00:00-04:00,62.67831466802787,63.2378545440915,62.62923294541965,62.87464904785156,49000,0.0,0.0
2024-07-03 00:00:00-04:00,63.09060255874624,63.09060255874624,62.30528754587261,62.52124786376953,37800,0.0,0.0
2024-07-05 00:00:00-04:00,62.295468607338954,62.72739673011263,61.54941672798609,61.765377044677734,41900,0.0,0.0
2024-07-08 00:00:00-04:00,62.138405598421116,62.97280982620597,62.11877216127021,62.71757888793945,56800,0.0,0.0
2024-07-09 00:00:00-04:00,62.61940837855585,62.78628695845883,60.94078901093196,60.960418701171875,67900,0.0,0.0
2024-07-10 00:00:00-04:00,60.9015337559607,62.01079495611573,60.872081725594214,61.43162536621094,53200,0.0,0.0
2024-07-11 00:00:00-04:00,62.50161018553165,63.326199505893285,62.059870988852516,62.88445281982422,116600,0.0,0.0
2024-07-12 00:00:00-04:00,63.345840291638396,63.777768463163376,62.71758521817909,63.061161041259766,70800,0.0,0.0
2024-07-15 00:00:00-04:00,63.17895382168325,64.3569300656263,62.82555945062228,63.52252960205078,185400,0.0,0.0
2024-07-16 00:00:00-04:00,64.18022335919964,66.19260725757889,63.63050219216067,66.08462524414062,136600,0.0,0.0
2024-07-17 00:00:00-04:00,65.76068513871675,66.1926132314512,64.50417522100548,65.85884857177734,122100,0.0,0.0
2024-07-18 00:00:00-04:00,65.6330718970723,66.23187856101157,63.77775534466692,64.51399230957031,98800,0.0,0.0
2024-07-19 00:00:00-04:00,64.69070655001862,64.72997343056785,63.5421783791721,63.620704650878906,67500,0.0,0.0
2024-07-22 00:00:00-04:00,64.13114645761024,65.47600111923676,63.64032183905707,65.3680191040039,131200,0.0,0.0
2024-07-23 00:00:00-04:00,65.25023435603984,67.45894542276031,65.18151920020637,67.0662841796875,109800,0.0,0.0
2024-07-24 00:00:00-04:00,66.7128935697168,67.50802720194402,65.60363242320555,65.66252899169922,60800,0.0,0.0
2024-07-25 00:00:00-04:00,65.76069555929068,66.97794628817766,65.10299221523485,66.11408996582031,54100,0.0,0.0
2024-07-26 00:00:00-04:00,67.00738405932266,67.6258204290117,66.56563737578202,67.5374755859375,61700,0.0,0.0
2024-07-29 00:00:00-04:00,67.6258349603569,67.97922938737035,66.11409379799741,66.77179718017578,62000,0.0,0.0
2024-07-30 00:00:00-04:00,67.11536830061812,69.53022478651783,66.9583008107758,69.0884780883789,109400,0.0,0.0
2024-07-31 00:00:00-04:00,69.10810973102546,71.42480259481056,68.81361195586703,70.25663757324219,156900,0.0,0.0
2024-08-01 00:00:00-04:00,72.42609981927181,74.99802423768158,70.67876488567849,73.69242858886719,158700,0.0,0.0
2024-08-02 00:00:00-04:00,72.33774491629426,72.51444210355537,69.78545054710258,71.38554382324219,128700,0.0,0.0
2024-08-05 00:00:00-04:00,67.30188298588465,69.93270377590765,67.30188298588465,68.87252807617188,144700,0.0,0.0
2024-08-06 00:00:00-04:00,68.6565555749376,69.71673114454829,68.22462747918404,68.4798583984375,167200,0.0,0.0
2024-08-07 00:00:00-04:00,68.97066997532936,69.07865197878749,67.40003286510458,67.6061782836914,128200,0.0,0.0
2024-08-08 00:00:00-04:00,68.11664507174224,68.46022083261643,67.34114121754628,68.09701538085938,76700,0.0,0.0
2024-08-09 00:00:00-04:00,67.70435906174959,68.0773831306569,65.97665405273438,65.97665405273438,77500,0.0,0.0
2024-08-12 00:00:00-04:00,66.17299251307819,66.53619801358887,65.42693683975725,65.70179748535156,90200,0.0,0.0
2024-08-13 00:00:00-04:00,66.12453532016839,66.95035104644742,66.07537640763404,66.51778411865234,66600,0.1,0.0
2024-08-14 00:00:00-04:00,66.90119658824446,66.90119658824446,65.39701943998945,65.40685272216797,52500,0.0,0.0
2024-08-15 00:00:00-04:00,66.71440688723118,68.2579022823278,66.31132479331431,67.23545837402344,149200,0.0,0.0
2024-08-16 00:00:00-04:00,67.37309706947487,68.20874613887433,67.37309706947487,67.72702026367188,64200,0.0,0.0
2024-08-19 00:00:00-04:00,68.1497513322448,68.6708027629212,67.8449870993427,68.47418212890625,59500,0.0,0.0
2024-08-20 00:00:00-04:00,68.76912142190305,69.12304460653941,68.01212363846251,68.32672119140625,66400,0.0,0.0
2024-08-21 00:00:00-04:00,68.75928330137315,69.48678860565116,68.54299611617255,69.43762969970703,79200,0.0,0.0
2024-08-22 00:00:00-04:00,69.27051333291162,69.8898751511011,68.31688739812981,68.55284118652344,50000,0.0,0.0
2024-08-23 00:00:00-04:00,68.71996200791284,70.46007787930698,68.71996200791284,70.25362396240234,55100,0.0,0.0
2024-08-26 00:00:00-04:00,70.6763665850301,70.92214613428966,69.87020996348262,70.03733825683594,87700,0.0,0.0
2024-08-27 00:00:00-04:00,69.72274798067815,70.96147913786508,69.3098400951483,70.34211730957031,55400,0.0,0.0
2024-08-28 00:00:00-04:00,70.41093330426868,71.85611086285613,70.41093330426868,70.86316680908203,63200,0.0,0.0
2024-08-29 00:00:00-04:00,70.74519075601333,72.00358095836063,70.4699188368245,70.79434967041016,75800,0.0,0.0
2024-08-30 00:00:00-04:00,71.23675451311301,72.0920701750929,71.15810324522107,71.8462905883789,132300,0.0,0.0
2024-09-03 00:00:00-04:00,71.58083427100239,71.79712147669684,68.11042819944132,68.26773071289062,82600,0.0,0.0
2024-09-04 00:00:00-04:00,67.72701329038873,69.46713673279102,67.72701329038873,68.66097259521484,85900,0.0,0.0
2024-09-05 00:00:00-04:00,68.99523875624453,69.23118503495303,68.44469493905905,69.22135925292969,85000,0.0,0.0
2024-09-06 00:00:00-04:00,68.93625478351609,69.7915628655138,67.77617494187362,67.99246215820312,74900,0.0,0.0
2024-09-09 00:00:00-04:00,68.0022917161729,69.37865885056799,67.82533012031357,68.57250213623047,99000,0.0,0.0
2024-09-10 00:00:00-04:00,68.60199568704151,69.32950114916254,67.94330820781573,68.73963165283203,88200,0.0,0.0
2024-09-11 00:00:00-04:00,68.29722582630538,68.92642090440322,66.68491250110506,68.75929260253906,76700,0.0,0.0
2024-09-12 00:00:00-04:00,69.12304317333437,69.75223826617604,68.7789532789049,69.70308685302734,82900,0.0,0.0
2024-09-13 00:00:00-04:00,70.26346231487204,71.88560892258037,70.26346231487204,71.54151153564453,81900,0.0,0.0
2024-09-16 00:00:00-04:00,71.95441835583782,73.19314179956925,71.88560038674163,73.0751724243164,100800,0.0,0.0
2024-09-17 00:00:00-04:00,73.61589555648979,74.25492395119872,73.01619279382729,73.20298767089844,76600,0.0,0.0
2024-09-18 00:00:00-04:00,73.12432187102465,74.40237840638818,72.17070361070103,72.59343719482422,81300,0.0,0.0
2024-09-19 00:00:00-04:00,74.1664421222622,75.00209112272289,72.84905978574324,74.85462188720703,96800,0.0,0.0
2024-09-20 00:00:00-04:00,74.3434033273531,75.35601390517286,73.71420825957,74.6186752319336,749700,0.0,0.0
2024-09-23 00:00:00-04:00,75.23804328479581,75.40517159784243,72.92771674964162,73.21282196044922,126000,0.0,0.0
2024-09-24 00:00:00-04:00,73.21281629696838,73.34061896754164,72.24935712461047,72.69176483154297,94900,0.0,0.0
2024-09-25 00:00:00-04:00,72.80974049470889,73.53725345309519,71.86594780608084,72.44599151611328,176900,0.0,0.0
2024-09-26 00:00:00-04:00,73.04569603563064,75.55264331508693,73.04569603563064,75.24787902832031,109700,0.0,0.0
2024-09-27 00:00:00-04:00,75.79842079871655,75.88690534762513,73.87150979599035,73.98948669433594,89100,0.0,0.0
2024-09-30 00:00:00-04:00,73.56675427954511,74.74649340111894,73.45861065166436,74.15662384033203,91600,0.0,0.0
2024-10-01 00:00:00-04:00,73.9010132367604,74.37291340036974,71.47270942736367,71.93477630615234,78100,0.0,0.0
2024-10-02 00:00:00-04:00,71.70864210513606,72.28867822826516,71.56117287872473,71.797119140625,59600,0.0,0.0
2024-10-03 00:00:00-04:00,71.46285826975921,71.72829686088208,71.12859420992731,71.52184295654297,61400,0.0,0.0
2024-10-04 00:00:00-04:00,72.48530543600546,72.48530543600546,71.41370273835426,72.3280029296875,38200,0.0,0.0
2024-10-07 00:00:00-04:00,71.84628801771531,72.160885577429,71.32523651262053,71.43338012695312,79500,0.0,0.0
2024-10-08 00:00:00-04:00,71.49235888186091,72.48531039427476,71.36454871158578,72.455810546875,56600,0.0,0.0
2024-10-09 00:00:00-04:00,72.18053361971212,73.56673382776185,71.98391298764378,72.79006958007812,54300,0.0,0.0
2024-10-10 00:00:00-04:00,72.05273655075165,72.05273655075165,71.17776191912925,71.68898010253906,53700,0.0,0.0
2024-10-11 00:00:00-04:00,71.76763747404412,72.69177109650384,71.76763747404412,72.44599151611328,29600,0.0,0.0
2024-10-14 00:00:00-04:00,72.43615198979954,72.88838547867059,72.43615198979954,72.69176483154297,79900,0.0,0.0
2024-10-15 00:00:00-04:00,72.26902314276602,73.4192696710113,72.26902314276602,72.37716674804688,78700,0.0,0.0
2024-10-16 00:00:00-04:00,72.71143171009587,73.8616783706595,72.33784944016686,73.38978576660156,78100,0.0,0.0
2024-10-17 00:00:00-04:00,73.69453920998657,73.78302374810237,72.48530802697793,73.74369812011719,43900,0.0,0.0
2024-10-18 00:00:00-04:00,73.94032202963255,74.13695017825479,72.24935745446604,72.38699340820312,57800,0.0,0.0
2024-10-21 00:00:00-04:00,72.09206556398502,72.09206556398502,71.11877306242035,71.41371154785156,63900,0.0,0.0
2024-10-22 00:00:00-04:00,71.13843906903647,71.20725704834963,70.3912670789241,70.55839538574219,42400,0.0,0.0
2024-10-23 00:00:00-04:00,70.11598665161749,70.40109181719629,68.95590692642627,69.46713256835938,47700,0.0,0.0
2024-10-24 00:00:00-04:00,69.56544588493773,69.94886138262969,68.6904712875795,69.03456115722656,55100,0.0,0.0
2024-10-25 00:00:00-04:00,69.30982903384118,69.73257013506435,68.4446877688107,68.45451354980469,44200,0.0,0.0
2024-10-28 00:00:00-04:00,68.68064845199855,69.47697191439073,68.30706617964373,68.4447021484375,54700,0.0,0.0
2024-10-29 00:00:00-04:00,68.19891424178459,68.39553488733385,67.76633982085998,68.05144500732422,48300,0.0,0.0
2024-10-30 00:00:00-04:00,67.68769787091698,68.59216496578226,66.12454327222142,66.21302032470703,97600,0.0,0.0
2024-10-31 00:00:00-04:00,65.44618505614176,66.70457528245285,61.975778650600205,62.57548141479492,112400,0.0,0.0
2024-11-01 00:00:00-04:00,62.37884680937957,63.9714971480447,62.37884680937957,63.78470230102539,90900,0.0,0.0
2024-11-04 00:00:00-05:00,63.784710385397126,67.27478322925377,63.47994612318778,66.22284698486328,116900,0.0,0.0
2024-11-05 00:00:00-05:00,65.74112519461826,67.48124133229601,65.30855073075817,66.96018981933594,113400,0.0,0.0
2024-11-06 00:00:00-05:00,71.16792349852366,74.54001911085723,71.16792349852366,74.02880096435547,127400,0.0,0.0
2024-11-07 00:00:00-05:00,73.86167351305596,73.86167351305596,71.94459587152886,72.25919342041016,91600,0.0,0.0
2024-11-08 00:00:00-05:00,72.63277322293553,73.2619682995366,71.67915482601607,71.92493438720703,96300,0.0,0.0
2024-11-11 00:00:00-05:00,72.5737948853775,72.5737948853775,71.75780487060547,71.75780487060547,38300,0.0,0.0
2024-11-12 00:00:00-05:00,71.2754183681247,72.5256882597395,71.08836721872169,71.26557159423828,77400,0.1,0.0
2024-11-13 00:00:00-05:00,71.92515066316835,72.0728222031228,70.46814382986369,70.67488098144531,48400,0.0,0.0
2024-11-14 00:00:00-05:00,70.44846206755062,71.45262269847247,69.51322134290234,70.25157165527344,86600,0.0,0.0
2024-11-15 00:00:00-05:00,70.66504232713405,70.85209346662367,68.60750983629771,69.06036376953125,72700,0.0,0.0
2024-11-18 00:00:00-05:00,69.23755904332441,69.56243492370531,68.51889489983513,68.61734008789062,61900,0.0,0.0
2024-11-19 00:00:00-05:00,67.68210581115562,68.98160194229432,67.68210581115562,68.80439758300781,37200,0.0,0.0
2024-11-20 00:00:00-05:00,68.47951871160897,69.29662808359396,68.0069787812012,69.28678131103516,59300,0.0,0.0
2024-11-21 00:00:00-05:00,69.80856673386286,71.0096103050855,69.71011401364682,70.61582946777344,57700,0.0,0.0
2024-11-22 00:00:00-05:00,70.80286009516821,71.83655338028858,70.63550251899036,71.61012268066406,56500,0.0,0.0
2024-11-25 00:00:00-05:00,71.61997466451578,73.4412371228793,71.61012789141039,72.36817169189453,91500,0.0,0.0
2024-11-26 00:00:00-05:00,72.50598596821271,73.18526299633717,72.06297137329386,72.60443115234375,65200,0.0,0.0
2024-11-27 00:00:00-05:00,72.85055431909353,73.57905775923618,71.36400712115564,71.91531372070312,54500,0.0,0.0
2024-11-29 00:00:00-05:00,72.27957019025666,72.58476008815046,71.34432948181922,71.45262145996094,42800,0.0,0.0
2024-12-02 00:00:00-05:00,71.42308217148576,74.63243910802822,71.17696542728476,74.27803039550781,66700,0.0,0.0
2024-12-03 00:00:00-05:00,74.2780298924321,74.66197140991432,72.54537343283073,73.37232208251953,65300,0.0,0.0
2024-12-04 00:00:00-05:00,73.6479714983063,73.903935013124,72.87024169200838,72.9883804321289,68200,0.0,0.0
2024-12-05 00:00:00-05:00,72.83086479629182,72.83086479629182,71.698726355547,72.1220474243164,62100,0.0,0.0
2024-12-06 00:00:00-05:00,72.70288686860593,72.9293175847068,71.97438338743797,72.36817169189453,45800,0.0,0.0
2024-12-09 00:00:00-05:00,72.6733577515313,74.17959114501429,72.6733577515313,72.9293212890625,52600,0.0,0.0
2024-12-10 00:00:00-05:00,72.45676297079636,73.41169707388038,71.14742017974537,72.64381408691406,71700,0.0,0.0
2024-12-11 00:00:00-05:00,72.64382056014328,73.58890797530903,72.28941184059525,72.58475494384766,61600,0.0,0.0
2024-12-12 00:00:00-05:00,72.15158740492669,72.70288652200533,71.47230277074969,72.4764633178711,60700,0.0,0.0
2024-12-13 00:00:00-05:00,72.22050411556303,72.41739452318916,70.78318310940702,71.17697143554688,88700,0.0,0.0
2024-12-16 00:00:00-05:00,71.25572939146289,73.80550320769458,70.98007979206234,73.39202880859375,143500,0.0,0.0
2024-12-17 00:00:00-05:00,72.78165193778364,73.9137905883847,72.66351318359375,72.66351318359375,94000,0.0,0.0
2024-12-18 00:00:00-05:00,72.88995254068496,73.8251933782718,68.98161654682592,69.40493774414062,82900,0.0,0.0
2024-12-19 00:00:00-05:00,69.71011086931269,71.1769722124218,69.0406729608345,69.70027160644531,63900,0.0,0.0
2024-12-20 00:00:00-05:00,69.03083614782393,70.2712592930268,67.78055871762858,67.92823028564453,284000,0.0,0.0
2024-12-23 00:00:00-05:00,67.92822631516322,69.26710210137657,67.92822631516322,69.11943054199219,59900,0.0,0.0
2024-12-24 00:00:00-05:00,68.71580912130592,69.42461915032897,68.28264117782948,68.53860473632812,53200,0.0,0.0
2024-12-26 00:00:00-05:00,68.13496609752984,69.66089308466485,68.13496609752984,69.37539672851562,47900,0.0,0.0
2024-12-27 00:00:00-05:00,68.77486406908581,69.47383472607356,67.60334595522154,68.39092254638672,47800,0.0,0.0
2024-12-30 00:00:00-05:00,67.71163329917931,68.46967703080222,66.93390353402113,67.90853118896484,54700,0.0,0.0
2024-12-31 00:00:00-05:00,68.14481191465926,69.04067304437406,67.63288483120421,68.19403076171875,55000,0.0,0.0
2025-01-02 00:00:00-05:00,68.87331570881919,69.06036685667038,67.27847634240098,67.70179748535156,57800,0.0,0.0
2025-01-03 00:00:00-05:00,67.770705943907,68.57797610947631,66.89453089836996,68.262939453125,61100,0.0,0.0
2025-01-06 00:00:00-05:00,68.39092705076027,69.68057648061747,68.10543070543166,68.48937225341797,65900,0.0,0.0
2025-01-07 00:00:00-05:00,68.96191752860035,69.34585906426693,67.92822415664433,68.5090560913086,62100,0.0,0.0
2025-01-08 00:00:00-05:00,67.94791053346924,69.61166220363906,67.69195451566412,69.27694702148438,52200,0.0,0.0
2025-01-10 00:00:00-05:00,68.32201791518506,68.36139750030314,67.1111200831898,68.14481353759766,59100,0.0,0.0
2025-01-13 00:00:00-05:00,67.2292537053769,68.43030467166662,67.08158215018128,68.0168228149414,64300,0.0,0.0
2025-01-14 00:00:00-05:00,68.66656993483193,69.39507337661196,68.1054240723591,69.04066467285156,60800,0.0,0.0
2025-01-15 00:00:00-05:00,70.1137416674301,70.32047883826341,69.02098268524891,69.49352264404297,86500,0.0,0.0
2025-01-16 00:00:00-05:00,69.64119778073714,70.52721963767021,69.57228538691389,69.67073059082031,52000,0.0,0.0
2025-01-17 00:00:00-05:00,70.16296549053637,70.5370677879244,69.90700945756195,70.1137466430664,71300,0.0,0.0
2025-01-21 00:00:00-05:00,70.79303160011922,71.86609711621742,68.36139670143119,71.26557159423828,53500,0.0,0.0
2025-01-22 00:00:00-05:00,70.94069336512561,71.77749636805322,70.65519701873312,70.90131378173828,50300,0.0,0.0
2025-01-23 00:00:00-05:00,70.35986104188432,72.23034993312395,69.44430638785525,71.63966369628906,62600,0.0,0.0
2025-01-24 00:00:00-05:00,71.15726845730222,71.79717346360763,70.75364092189784,71.71841430664062,69400,0.0,0.0
2025-01-27 00:00:00-05:00,70.9702282438899,71.82671730803604,70.0054547108813,71.12774658203125,73300,0.0,0.0
2025-01-28 00:00:00-05:00,70.7634863433869,72.19096802185295,68.0758955981879,72.1515884399414,63100,0.0,0.0
2025-01-29 00:00:00-05:00,71.84641741476572,72.62413986995341,71.49200863248068,72.46662902832031,55000,0.0,0.0
2025-01-30 00:00:00-05:00,72.97854297916656,73.48062330018864,71.42309067881762,72.06298828125,83400,0.0,0.0
2025-01-31 00:00:00-05:00,70.09405889673924,73.67751876384548,70.09405889673924,73.06715393066406,115200,0.0,0.0
2025-02-03 00:00:00-05:00,71.75781129854056,72.83088441767983,69.64120538445816,71.31480407714844,65900,0.0,0.0
2025-02-04 00:00:00-05:00,70.8225624425197,71.95469354869553,69.0800515465548,71.66920471191406,63300,0.0,0.0
2025-02-05 00:00:00-05:00,71.47231105090401,72.17128180128736,69.57228921840999,70.61582946777344,146200,0.0,0.0
2025-02-06 00:00:00-05:00,69.3458623210978,69.3458623210978,61.44058925151811,62.986202239990234,218900,0.0,0.0
2025-02-07 00:00:00-05:00,63.192940161930274,64.15771363153488,62.3069183453331,62.52349853515625,120400,0.0,0.0
2025-02-10 00:00:00-05:00,62.434900923192515,64.43336791024556,62.434900923192515,63.95098114013672,97600,0.0,0.0
2025-02-11 00:00:00-05:00,63.62611483831213,65.72303486058284,63.62611483831213,64.56136322021484,85300,0.0,0.0
2025-02-12 00:00:00-05:00,63.64579705627074,64.77793567967343,63.084651131403334,63.232322692871094,106900,0.0,0.0
2025-02-13 00:00:00-05:00,63.409524961219944,64.79761956684483,63.005889873988764,64.26600646972656,116500,0.0,0.0
2025-02-14 00:00:00-05:00,64.71886606603611,65.17172003783236,64.48259606137894,64.66964721679688,60300,0.0,0.0
2025-02-18 00:00:00-05:00,64.0198898211778,65.38829839333248,63.32091913050716,64.64994812011719,106700,0.0,0.0
2025-02-19 00:00:00-05:00,64.29554482970961,64.81731119853242,63.153566882814275,64.28570556640625,116200,0.0,0.0
2025-02-20 00:00:00-05:00,63.85253487676389,64.33492163888937,63.547352487995,64.2758560180664,104900,0.0,0.0
2025-02-21 00:00:00-05:00,64.81730572326062,65.00435686265607,63.202780393106124,64.01988983154297,145400,0.0,0.0
2025-02-24 00:00:00-05:00,64.10849881126164,64.75824317695822,63.4095280873192,63.537506103515625,132200,0.0,0.0
2025-02-25 00:00:00-05:00,63.45856263031351,64.22823458283506,62.60008208602467,63.073726654052734,245000,0.15,0.0
2025-02-26 00:00:00-05:00,62.787574972307986,63.84340469752854,62.57048644634506,63.62632369995117,203300,0.0,0.0
2025-02-27 00:00:00-05:00,63.3598902449614,63.6164500806553,61.7514733543104,61.81067657470703,183800,0.0,0.0
2025-02-28 00:00:00-05:00,61.67252683098445,63.02438756514579,61.03113104626529,62.95531463623047,134600,0.0,0.0
2025-03-03 00:00:00-05:00,62.89611396623675,64.43546165337597,62.077100969946905,62.461936950683594,149400,0.0,0.0
2025-03-04 00:00:00-05:00,61.830412626816575,63.13293618246616,61.2778253930712,62.412601470947266,133300,0.0,0.0
2025-03-05 00:00:00-05:00,62.59021272550703,63.76446001532475,62.59021272550703,63.340152740478516,124600,0.0,0.0
2025-03-06 00:00:00-05:00,62.767832060653895,64.0111523204262,62.70862507926729,63.32041549682617,147400,0.0,0.0
2025-03-07 00:00:00-05:00,63.16253919192082,63.774325859335875,61.90935295523654,62.83690643310547,135900,0.0,0.0
2025-03-10 00:00:00-04:00,62.46193407171076,62.698758229659816,61.63305516517748,62.521141052246094,145100,0.0,0.0
2025-03-11 00:00:00-04:00,62.521141556880366,63.1131963102433,61.64292537490868,61.978424072265625,120100,0.0,0.0
2025-03-12 00:00:00-04:00,62.1955065938574,62.353388106747495,60.281192779541016,60.281192779541016,116900,0.0,0.0
2025-03-13 00:00:00-04:00,60.300932787558274,60.99166586783419,58.86026340802354,58.998409271240234,118200,0.0,0.0
2025-03-14 00:00:00-04:00,59.31417182349026,60.24172530032154,58.939201794902125,59.7088737487793,133600,0.0,0.0
2025-03-17 00:00:00-04:00,59.481919892954345,59.96543417922181,58.57410206788723,59.33390808105469,126900,0.0,0.0
2025-03-18 00:00:00-04:00,59.40297884541824,61.30742678307654,59.07734609557351,61.001529693603516,176300,0.0,0.0
2025-03-19 00:00:00-04:00,61.100208251717326,62.12644007341927,60.52788912004793,61.84027862548828,146500,0.0,0.0
2025-03-20 00:00:00-04:00,61.46530885694893,61.92908370519932,61.28769167619181,61.36663055419922,123700,0.0,0.0
2025-03-21 00:00:00-04:00,60.873249259176525,61.02126482859381,59.53125824318545,60.804176330566406,724000,0.0,0.0
2025-03-24 00:00:00-04:00,61.86987932312654,62.86650569488817,61.63305516517748,62.521141052246094,208800,0.0,0.0
2025-03-25 00:00:00-04:00,62.14616737691933,62.99478189364886,61.62318558766642,61.71199417114258,167600,0.0,0.0
2025-03-26 00:00:00-04:00,62.027761990011086,62.45206928123124,61.386366196996704,61.9389533996582,93600,0.0,0.0
2025-03-27 00:00:00-04:00,61.93895433339271,62.47180588354276,61.59358591495068,61.99816131591797,96800,0.0,0.0
2025-03-28 00:00:00-04:00,62.0080210501562,62.39285698752328,60.80417220879906,61.110069274902344,116200,0.0,0.0
2025-03-31 00:00:00-04:00,60.61669522275993,61.909352777565246,60.61669522275993,61.59358596801758,111000,0.0,0.0
2025-04-01 00:00:00-04:00,61.25808747681397,62.30405109237983,61.25808747681397,62.26457977294922,120600,0.0,0.0
2025-04-02 00:00:00-04:00,61.62318964230777,63.29081341487193,61.62318964230777,63.12306594848633,141500,0.0,0.0
2025-04-03 00:00:00-04:00,61.119937522067325,61.119937522067325,58.70237756524086,60.113441467285156,130200,0.0,0.0
2025-04-04 00:00:00-04:00,57.88336753825678,60.54762149191057,57.88336753825678,58.90959930419922,215000,0.0,0.0
2025-04-07 00:00:00-04:00,57.51826409724705,59.74834092475752,56.06772511787375,58.70237731933594,187700,0.0,0.0
2025-04-08 00:00:00-04:00,59.92596477226728,60.62656382455049,57.34065331369711,58.13992691040039,148700,0.0,0.0
2025-04-09 00:00:00-04:00,57.93270745889108,61.800810536697114,57.74522432091853,60.567359924316406,259500,0.0,0.0
2025-04-10 00:00:00-04:00,59.33390083720927,60.41933571539342,58.51488794075657,59.76807403564453,215500,0.0,0.0
2025-04-11 00:00:00-04:00,59.27469688045086,59.699004153253995,58.2484651618483,59.472049713134766,76600,0.0,0.0
2025-04-14 00:00:00-04:00,60.429216553248594,60.557492712014344,58.97867736865148,59.73848342895508,106700,0.0,0.0
2025-04-15 00:00:00-04:00,59.42271962967458,60.06411170819546,59.38324830552764,59.44245529174805,73700,0.0,0.0
2025-04-16 00:00:00-04:00,58.93920145990033,59.76808039174623,58.14979384961672,59.27470016479492,103300,0.0,0.0
2025-04-17 00:00:00-04:00,59.23523042452331,60.103580701112186,58.90960142342279,59.294437408447266,77700,0.0,0.0
2025-04-21 00:00:00-04:00,58.73198006710128,58.95893450974535,57.70574833708201,58.12018966674805,74100,0.0,0.0
2025-04-22 00:00:00-04:00,58.406347629985206,59.333904829505634,57.97217440233649,59.12668228149414,135700,0.0,0.0
2025-04-23 00:00:00-04:00,59.87662412660726,60.823913250762935,59.3141709738778,59.81741714477539,113200,0.0,0.0
2025-04-24 00:00:00-04:00,59.50165307184028,60.99166342647562,57.86363091147984,60.735103607177734,77700,0.0,0.0
2025-04-25 00:00:00-04:00,60.60682630663795,61.37650203347364,59.66940687077965,61.1495475769043,66600,0.0,0.0
2025-04-28 00:00:00-04:00,60.79431320516358,61.534383558225905,60.508151765239965,61.1495475769043,92300,0.0,0.0
2025-04-29 00:00:00-04:00,61.05087096018624,61.67253112792969,60.34040596124344,61.67253112792969,82900,0.0,0.0
2025-04-30 00:00:00-04:00,61.07060472450746,61.42583909503872,59.19576209498159,61.21862030029297,95800,0.0,0.0
2025-05-01 00:00:00-04:00,64.64267800519737,66.64580047752068,64.21837071832213,65.51102447509766,178400,0.0,0.0
2025-05-02 00:00:00-04:00,65.45182663399122,67.52402220561063,64.97817827526251,67.17865753173828,90200,0.0,0.0
2025-05-05 00:00:00-04:00,66.82342058277887,67.77070973553198,66.79381897306548,67.50428771972656,85800,0.0,0.0
2025-05-06 00:00:00-04:00,67.2576010597148,67.97793202773398,66.98130178861604,67.23786163330078,88500,0.0,0.0
2025-05-07 00:00:00-04:00,67.85950969737816,67.99766308010638,66.11294709409786,66.70500183105469,96700,0.0,0.0
2025-05-08 00:00:00-04:00,67.2674594430208,68.56998296247774,67.17865461433244,68.14567565917969,85600,0.0,0.0
2025-05-09 00:00:00-04:00,68.06673966095939,68.59958368295338,67.4944167888801,68.08647155761719,75900,0.0,0.0
2025-05-12 00:00:00-04:00,69.17191182893708,69.91198222838017,68.68840127591551,69.0831069946289,99700,0.0,0.0
2025-05-13 00:00:00-04:00,69.54788099235954,70.37853595923939,68.90510795681672,69.85443115234375,86400,0.15,0.0
2025-05-14 00:00:00-04:00,69.74564221979598,70.0719741358455,68.53920850195149,68.81609344482422,91200,0.0,0.0
2025-05-15 00:00:00-04:00,69.06331495065056,70.2104183650404,68.97431945016294,69.55775451660156,73600,0.0,0.0
2025-05-16 00:00:00-04:00,69.3303174226689,69.48853416261926,68.69743537376917,68.92487335205078,112300,0.0,0.0
2025-05-19 00:00:00-04:00,68.41066950503382,69.46877004233073,68.30189217969533,68.3810043334961,51500,0.0,0.0
2025-05-20 00:00:00-04:00,68.09421651933647,68.52932574455552,67.37233144518203,67.53055572509766,70700,0.0,0.0
2025-05-21 00:00:00-04:00,66.97679078671489,67.20422877522408,66.50212545642046,66.83834075927734,74700,0.0,0.0
2025-05-22 00:00:00-04:00,66.37357897337115,66.907574681741,65.9483605876998,66.14613342285156,65700,0.0,0.0
2025-05-23 00:00:00-04:00,65.1869138520903,65.64179737036208,64.78147731072717,64.9495849609375,71500,0.0,0.0
2025-05-27 00:00:00-04:00,65.53301688682676,66.46256568698924,65.12758036507547,66.12635040283203,111500,0.0,0.0
2025-05-28 00:00:00-04:00,66.13624422489953,66.74935210097621,64.6924813662837,64.81114959716797,78100,0.0,0.0
2025-05-29 00:00:00-04:00,64.8704755162851,65.16714230098852,64.3661450001092,64.80125427246094,69900,0.0,0.0
2025-05-30 00:00:00-04:00,64.26726247667197,64.8605885374417,63.97060321856222,64.6727066040039,135000,0.0,0.0
2025-06-02 00:00:00-04:00,64.38592386035744,64.38592386035744,62.863049021430456,63.71348571777344,116200,0.0,0.0
2025-06-03 00:00:00-04:00,63.51571978229899,64.54414759928669,63.51571978229899,64.41559600830078,72100,0.0,0.0
2025-06-04 00:00:00-04:00,64.28704454839591,64.80125845793825,64.00026864987318,64.15848541259766,57900,0.0,0.0
2025-06-05 00:00:00-04:00,64.02992814037046,64.21781760245135,63.644265856293586,63.80248260498047,67300,0.0,0.0
2025-06-06 00:00:00-04:00,64.3760357670029,64.71225862525033,63.95081740026481,64.47492218017578,61300,0.0,0.0
2025-06-09 00:00:00-04:00,64.86057452651453,65.24624430448168,64.28703040024367,64.43536376953125,72400,0.0,0.0
2025-06-10 00:00:00-04:00,64.56392087046734,65.20669382948178,64.56392087046734,65.04846954345703,57000,0.0,0.0
2025-06-11 00:00:00-04:00,65.28579818797697,65.28579818797697,63.723374864246125,64.39581298828125,196900,0.0,0.0
2025-06-12 00:00:00-04:00,63.88159362360737,64.45514535963763,63.67392990081354,63.78270721435547,106100,0.0,0.0
2025-06-13 00:00:00-04:00,63.02126879795035,63.48603944083423,62.141166943754136,62.21038818359375,76700,0.0,0.0
2025-06-16 00:00:00-04:00,62.78393702109408,63.753038106522695,62.02249964562707,62.744380950927734,95200,0.0,0.0
2025-06-17 00:00:00-04:00,62.30927270605507,63.43659808992321,62.30927270605507,63.14982223510742,93900,0.0,0.0
2025-06-18 00:00:00-04:00,63.34759796018777,64.28703770945444,63.34759796018777,63.78270721435547,89400,0.0,0.0
2025-06-20 00:00:00-04:00,64.21781713117795,64.30681263705817,63.16960382982769,64.24748229980469,488900,0.0,0.0
2025-06-23 00:00:00-04:00,64.01015469900463,65.37480529524198,63.53548935774184,65.17703247070312,76800,0.0,0.0
2025-06-24 00:00:00-04:00,65.72091577950347,66.38346308375048,65.17703670441792,66.35379791259766,57700,0.0,0.0
2025-06-25 00:00:00-04:00,66.21535289175316,66.21535289175316,64.99903565358231,65.07814025878906,75200,0.0,0.0
2025-06-26 00:00:00-04:00,65.42424426714724,66.01757021270332,65.04846538414104,65.10779571533203,51300,0.0,0.0
2025-06-27 00:00:00-04:00,65.31547104315935,65.9582364566717,64.76169358744288,65.30558013916016,163300,0.0,0.0
2025-06-30 00:00:00-04:00,65.32535449945114,65.36491057095732,64.60347694197354,65.04846954345703,85900,0.0,0.0
2025-07-01 00:00:00-04:00,64.68259740231619,67.02623647016257,64.68259740231619,65.83958435058594,59600,0.0,0.0
2025-07-02 00:00:00-04:00,65.98791371426155,66.4427972504193,65.30558463775006,66.2252426147461,57100,0.0,0.0
2025-07-03 00:00:00-04:00,66.64056900309583,67.1448995099813,66.13623849621037,66.53179168701172,25600,0.0,0.0
2025-07-07 00:00:00-04:00,66.09668360191333,66.95701124141426,65.47369240785731,65.96813201904297,72000,0.0,0.0
2025-07-08 00:00:00-04:00,66.1164611403692,66.71967803061354,65.86924135074608,66.2845687866211,73800,0.0,0.0
2025-07-09 00:00:00-04:00,66.29446112201353,66.99656443435605,65.68135331447314,66.9570083618164,40700,0.0,0.0
2025-07-10 00:00:00-04:00,66.75922843563075,67.38221953656242,66.46256169544503,66.51200866699219,59100,0.0,0.0
2025-07-11 00:00:00-04:00,66.2054550157125,66.40323536927848,65.22646678534537,65.28579711914062,45200,0.0,0.0
2025-07-14 00:00:00-04:00,64.97924998970029,65.86924276029853,64.91991965317688,65.79013061523438,39300,0.0,0.0
2025-07-15 00:00:00-04:00,66.08680441386866,66.1659165673447,64.2573792458989,64.41559600830078,67100,0.0,0.0
2025-07-16 00:00:00-04:00,64.91992261065677,65.285803095285,63.96070855556697,64.54414367675781,52200,0.0,0.0
2025-07-17 00:00:00-04:00,64.43536267938231,65.45390689628371,64.3068035740521,64.9990234375,71500,0.0,0.0
2025-07-18 00:00:00-04:00,65.33524462482191,65.33524462482191,64.36613974584279,64.84080505371094,52700,0.0,0.0
2025-07-21 00:00:00-04:00,65.18691668172467,65.66158202918396,64.37603601925026,64.54414367675781,71500,0.0,0.0
2025-07-22 00:00:00-04:00,64.554028773338,65.16713655352837,64.42547720173074,64.44525146484375,55200,0.0,0.0
2025-07-23 00:00:00-04:00,64.91002017602781,65.77034766473808,64.53424885342653,65.51323699951172,52700,0.0,0.0
2025-07-24 00:00:00-04:00,64.62325106451102,65.18691187928377,64.13870239257812,64.13870239257812,51900,0.0,0.0
2025-07-25 00:00:00-04:00,64.1980322302361,64.1980322302361,63.01138027502566,63.288265228271484,71200,0.0,0.0
2025-07-28 00:00:00-04:00,63.22893033400721,64.06947985946485,62.932267348899906,63.79259490966797,59800,0.0,0.0
2025-07-29 00:00:00-04:00,64.16837231284627,64.89025746676747,63.387156819675305,63.50582504272461,64400,0.0,0.0
2025-07-30 00:00:00-04:00,63.357492018183116,64.24748483484973,62.75427508380629,63.317935943603516,72400,0.0,0.0
2025-07-31 00:00:00-04:00,62.50705062230129,62.50705062230129,56.089227004440794,60.905067443847656,208300,0.0,0.0
2025-08-01 00:00:00-04:00,60.825956769760325,61.112732637625726,59.718413143163424,60.282073974609375,120000,0.0,0.0
2025-08-04 00:00:00-04:00,60.65784608198682,60.9446219354908,58.927307601722426,59.194305419921875,70000,0.0,0.0
2025-08-05 00:00:00-04:00,59.51074415285493,60.20296027280916,57.948313374321835,58.31420135498047,88900,0.0,0.0
2025-08-06 00:00:00-04:00,58.31420303882634,59.96562936208298,58.066983258295146,59.767852783203125,99700,0.0,0.0
2025-08-07 00:00:00-04:00,60.24251356393504,60.24251356393504,58.769085802669494,59.43163299560547,90700,0.0,0.0
2025-08-08 00:00:00-04:00,59.86674406671878,60.667733756207895,59.194305949447326,60.62818145751953,67400,0.0,0.0
2025-08-11 00:00:00-04:00,60.895179537484026,61.52806158648825,60.12385123951988,60.69740295410156,77000,0.0,0.0
2025-08-12 00:00:00-04:00,61.17322623888271,62.3231360453255,61.17322623888271,62.21409225463867,62900,0.15,0.0
2025-08-13 00:00:00-04:00,62.779137926774666,63.889390980718986,62.71965846394942,63.463130950927734,58800,0.0,0.0
2025-08-14 00:00:00-04:00,62.67009474634292,62.68000609948577,62.0356622627552,62.30331039428711,85700,0.0,0.0
2025-08-15 00:00:00-04:00,62.461920828909925,63.03687765190638,61.82748832182144,62.32313919067383,71400,0.0,0.0
2025-08-18 00:00:00-04:00,62.45200883184442,62.858442388854506,62.14470393497688,62.481746673583984,46300,0.0,0.0
2025-08-19 00:00:00-04:00,62.620526899484325,62.83861448470341,62.18435551056206,62.600704193115234,44400,0.0,0.0
2025-08-20 00:00:00-04:00,62.8980954050456,62.8980954050456,61.23270819929521,61.53009796142578,122000,0.0,0.0
2025-08-21 00:00:00-04:00,61.58957717130439,62.14470371657741,61.034446844515394,61.183143615722656,117100,0.0,0.0
2025-08-22 00:00:00-04:00,61.569745567308125,64.6526942778513,61.569745567308125,64.15704345703125,108800,0.0,0.0
2025-08-25 00:00:00-04:00,63.958783283359445,64.09757248136044,63.225222132375244,63.344181060791016,56000,0.0,0.0
2025-08-26 00:00:00-04:00,63.42348355125994,63.42348355125994,62.1645299138831,62.7890510559082,163700,0.0,0.0
2025-08-27 00:00:00-04:00,62.590786416624844,64.05791620606392,62.253743699837344,64.0380859375,68700,0.0,0.0
2025-08-28 00:00:00-04:00,64.21652093383432,64.3553025625082,63.096352770100395,63.582088470458984,73100,0.0,0.0
2025-08-29 00:00:00-04:00,63.86956921380155,63.86956921380155,62.73948587411556,63.65148162841797,76300,0.0,0.0
2025-09-02 00:00:00-04:00,63.10626711322048,63.80017907098671,62.224009190688605,63.54243850708008,87100,0.0,0.0
2025-09-03 00:00:00-04:00,63.45322463641892,64.06782685687588,62.99722297542364,64.04800415039062,92400,0.0,0.0
2025-09-04 00:00:00-04:00,64.02816478492504,65.94137711781161,63.74069398505226,65.77285766601562,99400,0.0,0.0
2025-09-05 00:00:00-04:00,66.06034613908179,66.53617429330413,64.61304653274374,64.98973846435547,65800,0.0,0.0
2025-09-08 00:00:00-04:00,64.97983053479507,65.20782569426767,63.19548442007433,63.49287796020508,82700,0.0,0.0
2025-09-09 00:00:00-04:00,63.413569054067295,63.413569054067295,62.045571690339095,62.72956848144531,78000,0.0,0.0
2025-09-10 00:00:00-04:00,62.600701149470524,63.14591630449399,61.97618004676291,62.640350341796875,80400,0.0,0.0
2025-09-11 00:00:00-04:00,62.64035861022574,64.79148545615699,62.36279531972476,64.58331298828125,114500,0.0,0.0
2025-09-12 00:00:00-04:00,64.13721733167755,64.13721733167755,62.412354481459545,62.6502685546875,59600,0.0,0.0
2025-09-15 00:00:00-04:00,63.11617573324396,63.31443682423652,62.35287677242365,62.977394104003906,67400,0.0,0.0
2025-09-16 00:00:00-04:00,62.69983432857339,62.798962988818495,61.698621246640286,62.531314849853516,69100,0.0,0.0
2025-09-17 00:00:00-04:00,62.53131311324759,63.40365588742276,61.77792170285026,62.30331039428711,93500,0.0,0.0
2025-09-18 00:00:00-04:00,62.818788094779784,63.0765286561708,62.17444425433407,62.74939727783203,68800,0.0,0.0
2025-09-19 00:00:00-04:00,62.97739578700955,62.97739578700955,61.609402163785816,62.20418167114258,271600,0.0,0.0
2025-09-22 00:00:00-04:00,62.29339920508259,62.749397081171836,61.8473126821623,62.50157165527344,62300,0.0,0.0
2025-09-23 00:00:00-04:00,62.8386154493152,62.848530584167854,61.6292261403767,61.886966705322266,59900,0.0,0.0
2025-09-24 00:00:00-04:00,61.82748759503831,62.09513951485427,60.77671018559343,61.38140106201172,63900,0.0,0.0
2025-09-25 00:00:00-04:00,61.19305610228324,61.58957831183484,60.31079815662278,60.667667388916016,53900,0.0,0.0
2025-09-26 00:00:00-04:00,60.588359080298645,61.718442417641576,60.35044878902429,61.549922943115234,86200,0.0,0.0
2025-09-29 00:00:00-04:00,61.60940049068106,62.293397283717866,60.50905502858845,61.0740966796875,84400,0.0,0.0
2025-09-30 00:00:00-04:00,60.796539021470984,61.53010020942596,60.61810440137034,61.45079803466797,61300,0.0,0.0
2025-10-01 00:00:00-04:00,60.98488028001441,61.39131382070364,60.45949159562771,61.26244354248047,65200,0.0,0.0
2025-10-02 00:00:00-04:00,61.222792810730745,61.51027121825626,60.5387959825125,61.183143615722656,54900,0.0,0.0
2025-10-03 00:00:00-04:00,61.15340076508743,62.114964628157445,60.59827423095703,60.59827423095703,56800,0.0,0.0
2025-10-06 00:00:00-04:00,60.8659242782267,60.87583563109683,59.250101491259585,59.269927978515625,79400,0.0,0.0
2025-10-07 00:00:00-04:00,59.329408893212914,59.78541057730178,58.85358450163489,59.15097427368164,93100,0.0,0.0
2025-10-08 00:00:00-04:00,59.190621251913065,60.2711402133199,58.5661039283731,60.181922912597656,49500,0.0,0.0
2025-10-09 00:00:00-04:00,60.102620964988574,60.102620964988574,59.00227551257937,59.52766418457031,67700,0.0,0.0
2025-10-10 00:00:00-04:00,59.4880120729076,61.04435918740849,58.57601634366203,58.71479797363281,75200,0.0,0.0
2025-10-13 00:00:00-04:00,59.45827521328656,59.45827521328656,58.754451917388906,58.95271301269531,56500,0.0,0.0
2025-10-14 00:00:00-04:00,58.48680252631389,60.39010004763573,58.48680252631389,60.320709228515625,86500,0.0,0.0
2025-10-15 00:00:00-04:00,60.70731735229492,61.202968198869286,60.152187042785926,60.70731735229492,63400,0.0,0.0
2025-10-16 00:00:00-04:00,60.70731779270505,60.98488105871524,60.112534503591355,60.30088424682617,55000,0.0,0.0
2025-10-17 00:00:00-04:00,60.30088514509452,60.77670951456403,60.23149054604236,60.48923110961914,77100,0.0,0.0
2025-10-20 00:00:00-04:00,60.915493563360435,61.728360699436166,60.83618760788178,61.65896987915039,81700,0.0,0.0
2025-10-21 00:00:00-04:00,61.45079155653094,62.243832128089245,61.45079155653094,61.936527252197266,49900,0.0,0.0
2025-10-22 00:00:00-04:00,62.02574850158668,62.66018099922319,61.70853225276843,62.085227966308594,66800,0.0,0.0
2025-10-23 00:00:00-04:00,62.2438338095774,62.412353281172884,61.63913917570498,62.11496353149414,52400,0.0,0.0
2025-10-24 00:00:00-04:00,62.80887242507105,62.80887242507105,62.075307548659644,62.15461349487305,41500,0.0,0.0
2025-10-27 00:00:00-04:00,62.25374776916604,62.60070564291503,61.52018660801169,61.53009796142578,54500,0.0,0.0
2025-10-28 00:00:00-04:00,61.26244407184395,61.97618250322783,60.94522783156576,61.90679168701172,54400,0.0,0.0
2025-10-29 00:00:00-04:00,61.837397251032236,62.06539617404112,60.2017480353618,60.35044479370117,108800,0.0,0.0
2025-10-30 00:00:00-04:00,56.59341499946737,59.67636393482911,55.01724512305962,59.43844985961914,148600,0.0,0.0
2025-10-31 00:00:00-04:00,59.16088662867444,60.82627381169065,58.31828168388755,60.439666748046875,129900,0.0,0.0
2025-11-03 00:00:00-05:00,60.19184339820775,60.310798549241206,58.32819505160871,59.160888671875,99500,0.0,0.0
2025-11-04 00:00:00-05:00,59.051843243413764,59.051843243413764,57.77306311519766,58.03080368041992,69200,0.0,0.0
2025-11-05 00:00:00-05:00,58.03080220746371,58.45706223938294,57.644195150959256,58.10019302368164,117100,0.0,0.0
2025-11-06 00:00:00-05:00,57.753232871365,58.10019072021489,56.97010743630848,57.178279876708984,80800,0.0,0.0
2025-11-07 00:00:00-05:00,57.168368874389344,57.62437054350671,56.54385150805024,57.574806213378906,84600,0.0,0.0
2025-11-10 00:00:00-05:00,57.97235450452085,58.041924999912084,56.93873029969735,57.823272705078125,68100,0.15,0.0
2025-11-11 00:00:00-05:00,57.95247584576032,58.01210553163444,57.29652276199182,57.79345703125,66100,0.0,0.0
2025-11-12 00:00:00-05:00,57.793457148838634,59.29419697687647,57.793457148838634,58.7475700378418,86600,0.0,0.0
2025-11-13 00:00:00-05:00,58.57860804358966,58.57860804358966,57.88290312641638,58.121429443359375,60200,0.0,0.0
2025-11-14 00:00:00-05:00,58.07173959051431,58.6283073425293,57.793457610160644,58.6283073425293,77900,0.0,0.0
2025-11-17 00:00:00-05:00,58.628309884266784,58.628309884266784,56.07406411595585,56.2728385925293,82500,0.0,0.0
2025-11-18 00:00:00-05:00,56.262895239850295,56.93872610931994,55.75602019209437,56.18338394165039,64100,0.0,0.0
2025-11-19 00:00:00-05:00,56.233083289739575,56.52130228226372,55.93491969746812,56.01443099975586,63800,0.0,0.0
2025-11-20 00:00:00-05:00,56.73995540357667,56.86915937603351,55.36841574947847,55.63676071166992,71300,0.0,0.0
2025-11-21 00:00:00-05:00,55.63676284474022,57.70401131807581,54.63295724366422,57.20707702636719,81200,0.0,0.0
2025-11-24 00:00:00-05:00,57.24682588690636,57.415785508708915,56.47160964570334,56.829402923583984,79300,0.0,0.0
2025-11-25 00:00:00-05:00,57.1673189754524,59.731497841644185,57.15737816690282,58.071739196777344,74700,0.0,0.0
2025-11-26 00:00:00-05:00,58.03198019403498,58.54879226084895,57.62449426710765,57.95247268676758,112100,0.0,0.0
2025-11-28 00:00:00-05:00,58.25063639320123,58.25063639320123,57.385971815212095,57.68413162231445,33800,0.0,0.0
2025-12-01 00:00:00-05:00,57.32633898510125,57.88290674494092,57.19713501041732,57.8431510925293,78100,0.0,0.0
2025-12-02 00:00:00-05:00,57.88290839606104,58.588554185611436,57.45554459871468,58.31026840209961,87500,0.0,0.0
2025-12-03 00:00:00-05:00,58.61836792461475,58.89664991157058,58.121433638589224,58.678001403808594,52000,0.0,0.0
2025-12-04 00:00:00-05:00,58.55873265909437,59.12524121588531,57.96241305057747,58.071739196777344,69900,0.0,0.0
2025-12-05 00:00:00-05:00,57.793456272385335,58.389775871142064,57.64437447704238,57.90277862548828,41600,0.0,0.0
2025-12-08 00:00:00-05:00,58.2307594970263,58.4891636562924,57.67419173458922,58.26057434082031,65100,0.0,0.0
2025-12-09 00:00:00-05:00,58.28044818099885,59.21468699659577,58.28044818099885,58.389774322509766,61400,0.0,0.0
2025-12-10 00:00:00-05:00,58.350019260580794,60.86450916674604,57.58474005360071,60.30794143676758,182300,0.0,0.0
2025-12-11 00:00:00-05:00,60.526595520334375,61.2719969243222,60.278128385671764,60.91420364379883,95800,0.0,0.0
2025-12-12 00:00:00-05:00,60.74524246395339,61.0235282257327,59.73149612555359,59.91039276123047,96700,0.0,0.0
2025-12-15 00:00:00-05:00,60.24830903144029,60.30794250791742,58.58855041155626,59.125240325927734,95300,0.0,0.0
2025-12-16 00:00:00-05:00,59.22462907913121,61.073225252196416,58.95628410646293,60.60610580444336,191400,0.0,0.0
2025-12-17 00:00:00-05:00,60.33775944646015,60.973834719081346,60.1290479585015,60.55641174316406,94400,0.0,0.0
2025-12-18 00:00:00-05:00,61.1229136597987,61.1229136597987,59.68180355508665,60.04953384399414,67000,0.0,0.0
2025-12-19 00:00:00-05:00,59.75137476805357,60.168801520778345,58.69787655611055,59.125240325927734,177900,0.0,0.0
2025-12-22 00:00:00-05:00,59.274318312403246,59.940212196621914,58.668057904643845,58.71775436401367,62400,0.0,0.0
2025-12-23 00:00:00-05:00,58.6879367361964,58.70781456202358,58.09161712661149,58.61836624145508,57000,0.0,0.0
2025-12-24 00:00:00-05:00,58.60842988334323,59.30413483858076,58.60842988334323,59.184871673583984,34200,0.0,0.0
2025-12-26 00:00:00-05:00,59.035792929694466,59.58241986970305,57.83320911210645,59.29419708251953,41000,0.0,0.0
2025-12-29 00:00:00-05:00,58.89664896276598,59.01591591923232,58.48916300644181,58.50904083251953,53500,0.0,0.0
2025-12-30 00:00:00-05:00,58.350020881267476,58.350020881267476,57.89284226428736,58.061798095703125,45800,0.0,0.0
2025-12-31 00:00:00-05:00,58.3400845032852,58.43946984152369,57.3561529729706,57.405845642089844,37600,0.0,0.0
2026-01-02 00:00:00-05:00,57.4853591171397,57.54499259711992,56.322530901025836,56.531246185302734,75500,0.0,0.0
2026-01-05 00:00:00-05:00,56.52130131538908,58.618364486010506,56.09393755117203,57.336273193359375,76600,0.0,0.0
2026-01-06 00:00:00-05:00,57.057992631870896,58.30032830473981,56.710140159990644,57.38597106933594,57500,0.0,0.0
2026-01-07 00:00:00-05:00,57.66425135172159,58.58854936846968,56.18338560501856,57.32633590698242,67500,0.0,0.0
2026-01-08 00:00:00-05:00,56.988424162700554,58.42953435270294,56.988424162700554,58.00217056274414,58300,0.0,0.0
2026-01-09 00:00:00-05:00,58.12143381904814,58.489164130282624,57.47542151999381,58.14131164550781,61500,0.0,0.0
2026-01-12 00:00:00-05:00,57.87296474150616,58.5885513049127,57.55492711139383,58.479225158691406,61400,0.0,0.0
2026-01-13 00:00:00-05:00,58.67800176448913,58.767450088175856,58.16118964888892,58.419593811035156,68200,0.0,0.0
2026-01-14 00:00:00-05:00,58.48916083741105,58.97615807998615,57.51517014356837,57.753700256347656,74300,0.0,0.0
2026-01-15 00:00:00-05:00,57.6940692974704,59.02585332293289,57.6940692974704,58.65812301635742,78000,0.0,0.0
2026-01-16 00:00:00-05:00,58.53886086267836,58.75750937212991,57.96241526660667,58.151248931884766,71700,0.0,0.0
2026-01-20 00:00:00-05:00,57.167318808275894,57.46547861166242,55.47774153400877,55.4876823425293,95000,0.0,0.0
2026-01-21 00:00:00-05:00,55.85541096850237,57.32633590698242,55.169639270801056,57.32633590698242,64300,0.0,0.0
2026-01-22 00:00:00-05:00,57.376030540770245,58.08167629648896,57.13750421354785,57.80339431762695,64400,0.0,0.0
2026-01-23 00:00:00-05:00,57.46547684111745,57.54498814160145,56.292711698130766,56.5113639831543,37900,0.0,0.0
2026-01-26 00:00:00-05:00,56.4616732793518,58.74757016944983,55.855412861655914,56.98842239379883,56800,0.0,0.0
2026-01-27 00:00:00-05:00,56.88903602973917,57.316396007415335,56.45173145237487,57.087806701660156,53900,0.0,0.0
2026-01-28 00:00:00-05:00,57.29652284287506,58.30032840001829,56.38216181466929,57.52511215209961,67700,0.0,0.0
2026-01-29 00:00:00-05:00,57.94253690464796,57.9822925573837,56.90891268136488,57.7238883972168,82800,0.0,0.0
2026-01-30 00:00:00-05:00,57.2070738251117,59.08548473604689,57.19713301670146,58.44940948486328,108300,0.0,0.0
2026-02-02 00:00:00-05:00,58.40965443410336,60.00978338691686,58.1810651253168,59.69174575805664,70300,0.0,0.0
2026-02-03 00:00:00-05:00,59.48302930031274,59.73149642987345,57.79345585234587,58.42953109741211,116700,0.0,0.0
2026-02-04 00:00:00-05:00,58.89664661522365,61.570155350846136,58.53885713400864,59.781192779541016,173700,0.0,0.0
2026-02-05 00:00:00-05:00,59.78119740694665,66.29103214386564,59.612237774595904,65.24747467041016,192400,0.0,0.0
2026-02-06 00:00:00-05:00,65.19777301868713,67.72219995481181,64.79029087080187,67.50354766845703,217900,0.0,0.0
2026-02-09 00:00:00-05:00,67.27496340483225,68.45766180256577,65.90341997683394,66.19164276123047,142400,0.0,0.0
2026-02-10 00:00:00-05:00,66.44010977461771,66.86747354621238,64.81016599053926,64.83004760742188,68700,0.0,0.0
2026-02-11 00:00:00-05:00,64.90955672221389,65.87361049054175,63.99519941760806,64.75054168701172,149300,0.0,0.0
2026-02-12 00:00:00-05:00,65.34685717754391,65.4561833246783,62.96157114047172,63.92562484741211,143800,0.0,0.0
2026-02-13 00:00:00-05:00,63.97532261081768,64.44243446954104,63.14046906866387,63.42869186401367,101600,0.0,0.0
2026-02-17 00:00:00-05:00,63.42869144161159,63.867366977556465,62.15254166197097,62.16250991821289,85700,0.2,0.0
2026-02-18 00:00:00-05:00,62.02293080641779,62.82052440962647,61.394827983205744,61.92323303222656,74800,0.0,0.0
2026-02-19 00:00:00-05:00,61.49452614064872,62.4616105298812,61.055850606956575,61.574283599853516,68300,0.0,0.0
2026-02-20 00:00:00-05:00,61.81356319868044,62.81055615349786,61.00599753611686,61.92323303222656,85100,0.0,0.0
2026-02-23 00:00:00-05:00,61.52443181923349,61.52443181923349,59.25128919201083,59.51050567626953,69200,0.0,0.0
2026-02-24 00:00:00-05:00,59.87939946931278,61.05585148449627,59.53044964600078,59.93921661376953,83700,0.0,0.0
2026-02-25 00:00:00-05:00,60.43771276154527,60.966121621708474,59.2114118651358,60.62714385986328,83000,0.0,0.0
2026-02-26 00:00:00-05:00,61.04587775153668,61.40479582134395,60.20840352306178,60.8265380859375,49900,0.0,0.0
2026-02-27 00:00:00-05:00,60.02894337681174,60.91626647561545,59.02198219136261,60.766719818115234,91000,0.0,0.0
2026-03-02 00:00:00-05:00,59.78966723004517,61.15554647926269,59.699937714214755,60.93620681762695,59200,0.0,0.0
2026-03-03 00:00:00-05:00,59.92924716015495,61.015969633716146,58.60324470386802,60.81657028198242,75600,0.0,0.0
2026-03-04 00:00:00-05:00,60.87639227546465,61.93320239234444,60.08876691434477,61.81356430053711,57500,0.0,0.0
2026-03-05 00:00:00-05:00,61.015969746315534,61.89332461362723,60.88635959696548,61.49452590942383,57500,0.0,0.0
2026-03-06 00:00:00-05:00,60.328040662744115,60.96611933415459,60.208402575766115,60.50749969482422,86700,0.0,0.0
2026-03-09 00:00:00-04:00,59.52048100370589,60.43771270954109,58.45369883124582,60.28816604614258,67800,0.0,0.0
2026-03-10 00:00:00-04:00,59.959156332068936,61.155548651222716,59.28120081132267,60.37789535522461,77700,0.0,0.0
2026-03-11 00:00:00-04:00,60.10870674476345,60.547382279998644,59.65009089385035,60.038917541503906,70000,0.0,0.0
2026-03-12 00:00:00-04:00,59.20144288654,60.527441542455726,58.702946407745486,60.21837615966797,74000,0.0,0.0
2026-03-13 00:00:00-04:00,60.71687094255871,60.71687094255871,59.29117074877001,59.660057067871094,58400,0.0,0.0
2026-03-16 00:00:00-04:00,60.16852185428428,60.507499602895436,59.88936505068433,59.9990348815918,86200,0.0,0.0
2026-03-17 00:00:00-04:00,60.36792107797745,60.61716931017656,57.755800669434194,58.21441650390625,82900,0.0,0.0
2026-03-18 00:00:00-04:00,57.656104823588535,58.722886988773666,56.300193786621094,56.300193786621094,57400,0.0,0.0
2026-03-19 00:00:00-04:00,55.96121610222856,57.15760841898981,55.96121610222856,56.808658599853516,55900,0.0,0.0
2026-03-20 00:00:00-04:00,56.669078034810624,57.47664367358803,55.70199368008998,56.0908203125,244600,0.0,0.0
2026-03-23 00:00:00-04:00,57.49658298640467,58.87243435546091,57.087816019183954,57.81562423706055,96600,0.0,0.0
2026-03-24 00:00:00-04:00,57.19748599075726,59.26126114763245,56.83856791073959,58.83255386352539,87600,0.0,0.0
2026-03-25 00:00:00-04:00,59.04192155562544,59.610207212073156,57.795680413726735,58.23435592651367,73400,0.0,0.0
2026-03-26 00:00:00-04:00,57.83555993351707,58.97213510257484,57.83555993351707,58.34402847290039,53300,0.0,0.0
2026-03-27 00:00:00-04:00,57.975142826651386,58.3240888454619,56.75881018412385,56.968177795410156,65700,0.0,0.0
2026-03-30 00:00:00-04:00,57.576343904259694,57.576343904259694,56.379951581967475,57.05790710449219,51600,0.0,0.0
2026-03-31 00:00:00-04:00,57.67604008814374,59.031951095775426,56.89838681156579,58.28420639038086,91700,0.0,0.0
2026-04-01 00:00:00-04:00,58.23435820948962,60.20840379925903,58.23435820948962,59.79963684082031,69300,0.0,0.0
2026-04-02 00:00:00-04:00,59.02198148208643,59.769726170280364,58.37393456436122,59.4207763671875,52900,0.0,0.0
2026-04-06 00:00:00-04:00,59.640119011279836,60.28816596144198,58.61321747179264,59.77969741821289,56300,0.0,0.0
2026-04-07 00:00:00-04:00,59.60023680911016,61.44467603230324,59.60023680911016,61.00599670410156,64600,0.0,0.0
2026-04-08 00:00:00-04:00,62.87037646617236,62.97007423935856,61.63410354124164,62.192420959472656,78300,0.0,0.0
2026-04-09 00:00:00-04:00,61.743774750434824,63.169474997499854,60.76672209916409,62.501487731933594,64500,0.0,0.0
2026-04-10 00:00:00-04:00,62.720824192240464,63.019921306389556,61.92323062010083,62.232295989990234,40300,0.0,0.0
2026-04-13 00:00:00-04:00,62.152538703503915,64.26616262623156,61.94317110335248,64.1864013671875,62400,0.0,0.0
2026-04-14 00:00:00-04:00,64.08670714462015,64.81451536239909,63.74772938136848,63.937156677246094,70200,0.0,0.0
2026-04-15 00:00:00-04:00,63.707851953245175,64.9540931588781,62.8703777109308,62.93019485473633,39600,0.0,0.0
2026-04-16 00:00:00-04:00,62.62112673764954,63.80754694448718,62.411755333786054,63.75769805908203,58700,0.0,0.0
2026-04-17 00:00:00-04:00,64.52538697376359,65.0338555240885,63.90724858696757,64.0966796875,66000,0.0,0.0
2026-04-20 00:00:00-04:00,63.66796843493543,64.08670363549236,63.219320860605755,63.249229431152344,35100,0.0,0.0
2026-04-21 00:00:00-04:00,63.04983517240223,64.54532077854465,62.95013359650858,64.156494140625,64700,0.0,0.0
2026-04-22 00:00:00-04:00,64.16647028358553,64.84442582990467,63.8175242538153,64.57523345947266,53000,0.0,0.0
2026-04-23 00:00:00-04:00,64.78460817041649,65.06376499202055,63.4087529690066,64.07673645019531,63600,0.0,0.0
2026-04-24 00:00:00-04:00,63.897272507992,65.1634577743465,63.74772585212362,64.1864013671875,64500,0.0,0.0
2026-04-27 00:00:00-04:00,64.18640488135978,64.59517565150135,63.42869189508757,63.598182678222656,56700,0.0,0.0
2026-04-28 00:00:00-04:00,63.78760994273439,63.79758200226906,62.82052554209539,63.42869186401367,61500,0.0,0.0
2026-04-29 00:00:00-04:00,63.31902132472658,63.72778828689827,62.65103786593011,63.189414978027344,55600,0.0,0.0
2026-04-30 00:00:00-04:00,65.46256065325994,66.45955360181557,62.35193991544346,63.54833221435547,146100,0.0,0.0
2026-05-01 00:00:00-04:00,63.86736751561435,64.26616622672493,62.45163931730187,64.10665130615234,91400,0.0,0.0
2026-05-04 00:00:00-04:00,64.10665090620314,65.86135305381809,63.68791188182682,64.45559692382812,105400,0.0,0.0
2026-05-05 00:00:00-04:00,64.78460475738419,65.9610567339175,64.64501874748304,65.17343139648438,82100,0.0,0.0
2026-05-06 00:00:00-04:00,65.27313223383561,65.8015373011915,64.00694687766878,64.59517669677734,88400,0.0,0.0
2026-05-07 00:00:00-04:00,64.78460563355611,66.19036174628742,64.59517453783421,65.15348815917969,87000,0.0,0.0
2026-05-08 00:00:00-04:00,65.02388466690151,66.79853098959255,64.81451704970848,66.4495849609375,65900,0.0,0.0
2026-05-11 00:00:00-04:00,66.44958359658446,67.35684325245957,66.04081282394367,66.31000518798828,75800,0.0,0.0
2026-05-12 00:00:00-04:00,66.55000305175781,66.62000274658203,63.540000915527344,63.66999816894531,81700,0.2,0.0
2026-05-13 00:00:00-04:00,63.849998474121094,63.849998474121094,61.27000045776367,62.84000015258789,123200,0.0,0.0
2026-05-14 00:00:00-04:00,63.349998474121094,64.8499984741211,63.150001525878906,64.19999694824219,90800,0.0,0.0
2026-05-15 00:00:00-04:00,64.19999694824219,64.94000244140625,63.599998474121094,64.25,166600,0.0,0.0
2026-05-18 00:00:00-04:00,64.25,66.33999633789062,64.12000274658203,65.2300033569336,93300,0.0,0.0
2026-05-19 00:00:00-04:00,64.56999969482422,65.30000305175781,63.470001220703125,63.91999816894531,72400,0.0,0.0
2026-05-20 00:00:00-04:00,63.79999923706055,64.90499877929688,63.5,64.61000061035156,78115,0.0,0.0
