Date,Open,High,Low,Close,Volume,Dividends,Stock Splits
2022-01-03 00:00:00-05:00,57.66557614270176,57.75996972692852,56.541442699362115,57.71706771850586,4013300,0.0,0.0
2022-01-04 00:00:00-05:00,57.72564302587715,58.91843406183461,57.70848353224001,58.2576789855957,4659000,0.0,0.0
2022-01-05 00:00:00-05:00,58.472212685876556,59.51911863675655,58.43788714931514,59.03857421875,5202500,0.0,0.0
2022-01-06 00:00:00-05:00,59.16729785818576,59.77656806239224,58.66101082984235,58.77256393432617,4417200,0.0,0.0
2022-01-07 00:00:00-05:00,58.86765989426641,59.948355720752815,58.530483324086156,59.282649993896484,4973100,0.51,0.0
2022-01-10 00:00:00-05:00,59.29993070434119,59.991578583994055,59.23941200957479,59.45555114746094,4442100,0.0,0.0
2022-01-11 00:00:00-05:00,59.61980253864515,59.723551670755086,58.271096801422054,59.248043060302734,2891700,0.0,0.0
2022-01-12 00:00:00-05:00,59.01462322103133,59.18753186703918,58.58234500996966,59.07514190673828,2919200,0.0,0.0
2022-01-13 00:00:00-05:00,59.109741044011614,59.94835546105533,58.85037140836093,59.567955017089844,3010100,0.0,0.0
2022-01-14 00:00:00-05:00,59.60253679418997,60.47573425029367,59.47285197915126,60.43251037597656,3466600,0.0,0.0
2022-01-18 00:00:00-05:00,60.017517979251906,60.242304543605876,59.23077489807817,59.87919235229492,3332500,0.0,0.0
2022-01-19 00:00:00-05:00,59.7927431778558,60.37199457062761,59.46420741786151,59.784095764160156,2611700,0.0,0.0
2022-01-20 00:00:00-05:00,59.74085481067206,59.922410890163924,59.16160351952524,59.204833984375,3801600,0.0,0.0
2022-01-21 00:00:00-05:00,59.85325126154664,60.389272086775144,59.46419686680293,59.680335998535156,8034300,0.0,0.0
2022-01-24 00:00:00-05:00,59.637109898307486,60.28552726924162,58.15007167226506,59.265350341796875,4706900,0.0,0.0
2022-01-25 00:00:00-05:00,58.97139985162593,59.36909506209243,58.305694228811824,59.08378982543945,3968500,0.0,0.0
2022-01-26 00:00:00-05:00,58.78984822456795,59.36909955784785,58.314339460804845,58.616939544677734,3680400,0.0,0.0
2022-01-27 00:00:00-05:00,58.945457106080426,59.766783068428154,58.746606226794725,59.092430114746094,2608600,0.0,0.0
2022-01-28 00:00:00-05:00,59.01463765105496,60.00023168558573,58.54777627742823,59.98293685913086,3473700,0.0,0.0
2022-01-31 00:00:00-05:00,59.49878397637089,59.69763489338217,58.81578348200106,59.37774658203125,3856800,0.0,0.0
2022-02-01 00:00:00-05:00,59.41232789885218,59.59388398505012,58.43537476392217,59.005985260009766,3577700,0.0,0.0
2022-02-02 00:00:00-05:00,58.89359466579138,59.697632522569556,58.78984550503055,59.45555114746094,2898500,0.0,0.0
2022-02-03 00:00:00-05:00,59.637124574357486,60.164498097472304,59.36046669185146,59.6976432800293,3600900,0.0,0.0
2022-02-04 00:00:00-05:00,59.481494234513136,59.59388421324419,58.20194761768698,58.720680236816406,2823000,0.0,0.0
2022-02-07 00:00:00-05:00,59.00598660869939,59.07515271817755,58.34892176074337,58.910884857177734,3149600,0.0,0.0
2022-02-08 00:00:00-05:00,59.17888643232775,59.446903417445554,58.86764558228545,59.161598205566406,2466000,0.0,0.0
2022-02-09 00:00:00-05:00,59.273997525311444,59.48149585545228,58.798495359836124,58.93682098388672,2655200,0.0,0.0
2022-02-10 00:00:00-05:00,58.75526852905149,59.118380735209975,57.795610129887116,57.99446105957031,4477200,0.0,0.0
2022-02-11 00:00:00-05:00,58.1154961970365,59.248063241845394,58.0030996166217,58.84172058105469,4301500,0.0,0.0
2022-02-14 00:00:00-05:00,59.023271092966326,59.20483376783699,57.59675810274154,58.46995544433594,3001300,0.0,0.0
2022-02-15 00:00:00-05:00,58.521839141400896,58.76391393724662,57.75238428487262,57.92529296875,2688500,0.0,0.0
2022-02-16 00:00:00-05:00,57.88205758259984,58.469956292301035,57.25093500362298,57.717796325683594,3060600,0.0,0.0
2022-02-17 00:00:00-05:00,57.812901151677856,58.85036641415067,57.60540282234867,58.60829162597656,3177000,0.0,0.0
2022-02-18 00:00:00-05:00,58.3662208662615,59.118380924853525,58.35757345293179,58.91953659057617,2942400,0.0,0.0
2022-02-22 00:00:00-05:00,58.85901491443807,59.29129321446295,57.85612609227952,58.21923828125,3654300,0.0,0.0
2022-02-23 00:00:00-05:00,58.35756607764998,58.49589828926796,57.933935222644976,58.020389556884766,2849700,0.0,0.0
2022-02-24 00:00:00-05:00,57.80425069293268,57.94257630915308,55.72066626900601,56.68032455444336,4956500,0.0,0.0
2022-02-25 00:00:00-05:00,56.86188373350777,58.82443087663351,56.801365036356586,58.78120040893555,3892500,0.0,0.0
2022-02-28 00:00:00-05:00,57.91664346999139,58.52183703385437,57.63998562812477,58.29705047607422,6353700,0.0,0.0
2022-03-01 00:00:00-05:00,57.838846144151255,58.38351450559493,57.42385601444821,57.76968002319336,3474400,0.0,0.0
2022-03-02 00:00:00-05:00,57.53623977484047,58.58235238579575,57.21635148380408,58.32298278808594,3108200,0.0,0.0
2022-03-03 00:00:00-05:00,58.478620327597625,59.47286194816042,58.297064194527955,59.02328872680664,3754300,0.0,0.0
2022-03-04 00:00:00-05:00,58.201948746224204,59.37774622360597,58.03768088516487,58.89359664916992,4240400,0.0,0.0
2022-03-07 00:00:00-05:00,58.452679642015326,59.023283640196254,57.717807758337294,58.50455093383789,4374100,0.0,0.0
2022-03-08 00:00:00-05:00,58.236532120599016,58.53912560628229,55.0895466774064,55.12412643432617,6768800,0.0,0.0
2022-03-09 00:00:00-05:00,55.74661179291345,56.53335485941161,55.34026914048375,55.42672348022461,3761200,0.0,0.0
2022-03-10 00:00:00-05:00,55.13276712986049,55.271096034750926,54.03478000440836,54.55351257324219,3560300,0.0,0.0
2022-03-11 00:00:00-05:00,54.53622950235813,55.124124930212695,53.77541880451466,53.8359375,3535500,0.0,0.0
2022-03-14 00:00:00-04:00,54.19040815051651,54.795598432339624,53.74083832110568,54.095306396484375,3156200,0.0,0.0
2022-03-15 00:00:00-04:00,54.60539490868324,54.89070017069818,54.25957094830543,54.70914077758789,3143200,0.0,0.0
2022-03-16 00:00:00-04:00,54.75236940668556,54.79559657577509,53.52469735680888,54.16447067260742,3631300,0.0,0.0
2022-03-17 00:00:00-04:00,54.129880922263794,54.916627175250596,53.939677444172084,54.65726089477539,3712800,0.0,0.0
2022-03-18 00:00:00-04:00,54.683205527833145,54.71778858372379,53.317204502348304,53.95697784423828,7789800,0.0,0.0
2022-03-21 00:00:00-04:00,54.24228051840018,54.76101313990501,53.697608957205006,54.31144332885742,4519300,0.0,0.0
2022-03-22 00:00:00-04:00,54.3200877819406,54.622681244995476,53.48146690144366,54.19040298461914,5658200,0.0,0.0
2022-03-23 00:00:00-04:00,56.45555095286539,57.328748405821024,55.18465164294651,55.53047561645508,7668400,0.0,0.0
2022-03-24 00:00:00-04:00,55.75524806521363,57.6226933124143,55.69472937272339,57.371971130371094,5427200,0.0,0.0
2022-03-25 00:00:00-04:00,57.61405655092064,58.65152192712376,57.49301914356507,58.262474060058594,4047200,0.0,0.0
2022-03-28 00:00:00-04:00,58.22787965299495,58.29704575687335,57.38925878258673,57.80424880981445,2807400,0.0,0.0
2022-03-29 00:00:00-04:00,58.08089400462627,58.50452475572496,57.82152446948104,58.49588394165039,2568300,0.0,0.0
2022-03-30 00:00:00-04:00,58.39214453901527,58.7552566718956,57.925283255579544,58.73796844482422,2966300,0.0,0.0
2022-03-31 00:00:00-04:00,58.66880884489501,59.14431759257347,58.53047662882742,58.54777145385742,3027300,0.0,0.0
2022-04-01 00:00:00-04:00,58.72067382836922,59.56794207078087,58.322978643904136,59.52471160888672,2380600,0.0,0.0
2022-04-04 00:00:00-04:00,59.33451165893266,59.412325175761346,58.452666909811946,59.21347427368164,2542000,0.0,0.0
2022-04-05 00:00:00-04:00,59.092448280567915,60.43251378481808,59.08380086679924,59.79274368286133,3335800,0.0,0.0
2022-04-06 00:00:00-04:00,59.87053626281791,60.57082490115121,59.576590225606274,60.285526275634766,3944800,0.0,0.0
2022-04-07 00:00:00-04:00,60.416158862803364,60.8777487313243,60.09391374485467,60.747108459472656,3256100,0.51,0.0
2022-04-08 00:00:00-04:00,60.9125866405598,61.339338660701,60.398736676004255,61.11289596557617,4041000,0.0,0.0
2022-04-11 00:00:00-04:00,61.53966739869607,61.800941352227824,60.903888153616364,61.409027099609375,3154600,0.0,0.0
2022-04-12 00:00:00-04:00,61.208726580689245,61.77483025692142,60.79068549137306,61.3393669128418,3677300,0.0,0.0
2022-04-13 00:00:00-04:00,61.1651650860552,61.61804389848674,60.81679319091643,61.55707931518555,3104600,0.0,0.0
2022-04-14 00:00:00-04:00,61.83577754741854,62.044798033558095,61.443863305326694,61.7661018371582,6956500,0.0,0.0
2022-04-18 00:00:00-04:00,61.79224029432242,62.09706992340181,61.46129057474012,61.69643783569336,2860700,0.0,0.0
2022-04-19 00:00:00-04:00,61.74868921031829,62.53252437695117,61.679013496697195,62.46284866333008,3297400,0.0,0.0
2022-04-20 00:00:00-04:00,62.52380126025357,63.51665673268988,62.52380126025357,63.4295654296875,2944800,0.0,0.0
2022-04-21 00:00:00-04:00,63.455703326062405,64.27437633660277,63.23797170790947,63.74311065673828,2728600,0.0,0.0
2022-04-22 00:00:00-04:00,63.78664212774822,63.94340913189928,63.09860953423195,63.14215850830078,3399800,0.0,0.0
2022-04-25 00:00:00-04:00,63.142162836224365,63.47311247005382,62.20156074684677,62.880882263183594,3814300,0.0,0.0
2022-04-26 00:00:00-04:00,63.00281565761515,63.27280737313173,61.84448853908028,61.86190414428711,3812200,0.0,0.0
2022-04-27 00:00:00-04:00,62.35833537754672,62.96798790755153,62.079639166431946,62.149314880371094,5876100,0.0,0.0
2022-04-28 00:00:00-04:00,62.593491093609764,62.95927863559592,62.227696906981606,62.941856384277344,3216300,0.0,0.0
2022-04-29 00:00:00-04:00,62.68058255015296,62.85476519585878,61.52224868674743,61.60063552856445,2771500,0.0,0.0
2022-05-02 00:00:00-04:00,62.83734642548882,62.872184281804415,60.02425099094017,60.5119743347168,4443300,0.0,0.0
2022-05-03 00:00:00-04:00,60.43359522170943,61.31323293335235,60.0765187769546,60.660037994384766,3703500,0.0,0.0
2022-05-04 00:00:00-04:00,60.69487367156283,61.71385614497861,60.59036009301674,61.67030715942383,3012500,0.0,0.0
2022-05-05 00:00:00-04:00,61.64417635333188,62.027386138041244,61.278388819550315,61.61804962158203,3169600,0.0,0.0
2022-05-06 00:00:00-04:00,61.3741925856247,62.27995695873569,61.3741925856247,62.18415451049805,2759600,0.0,0.0
2022-05-09 00:00:00-04:00,61.966416277476036,64.22211252187448,61.79222700622592,64.01309204101562,6105900,0.0,0.0
2022-05-10 00:00:00-04:00,63.76052961626697,64.43985123749287,62.27995719280755,62.48026657104492,3472300,0.0,0.0
2022-05-11 00:00:00-04:00,62.18414839347103,63.237968575779284,61.96641678610218,62.53252029418945,2656600,0.0,0.0
2022-05-12 00:00:00-04:00,62.828634260053015,63.455702374068544,62.271241857515115,62.88959884643555,3218200,0.0,0.0
2022-05-13 00:00:00-04:00,63.03765433276037,63.708271423172725,62.66315569184791,63.66472244262695,3366700,0.0,0.0
2022-05-16 00:00:00-04:00,63.664718375982666,64.11760382402072,63.438275651963636,63.97825241088867,3379000,0.0,0.0
2022-05-17 00:00:00-04:00,63.67343878119518,63.725692246415356,61.661600634513455,63.4992561340332,4173700,0.0,0.0
2022-05-18 00:00:00-04:00,63.16828954938255,63.27280310750188,58.47399687260541,58.84849548339844,5645600,0.0,0.0
2022-05-19 00:00:00-04:00,57.7424267137666,58.099503105655906,56.653768643330885,57.594364166259766,4364700,0.0,0.0
2022-05-20 00:00:00-04:00,57.99498846844826,58.55238750329402,57.05439296287933,58.360782623291016,4804100,0.0,0.0
2022-05-23 00:00:00-04:00,59.02267003878269,59.6758647373487,58.639467000645894,58.77010726928711,3504800,0.0,0.0
2022-05-24 00:00:00-04:00,58.996563752183334,60.259411260350376,58.953021410645256,60.21586227416992,2345800,0.0,0.0
2022-05-25 00:00:00-04:00,60.207145025760155,60.53810133993617,59.8413574997525,60.320369720458984,2876500,0.0,0.0
2022-05-26 00:00:00-04:00,60.25939778618544,61.165162010140065,60.05908179704587,60.494544982910156,2635900,0.0,0.0
2022-05-27 00:00:00-04:00,60.442304548076685,60.90389456139139,60.207150656051475,60.869056701660156,2667700,0.0,0.0
2022-05-31 00:00:00-04:00,60.564216781206355,61.156446941570884,59.78909289193166,60.83420181274414,5974000,0.0,0.0
2022-06-01 00:00:00-04:00,60.7906708225867,60.886473266738555,59.24912723551897,60.19844055175781,3431100,0.0,0.0
2022-06-02 00:00:00-04:00,60.163599409650004,60.32036643291523,58.5872180521938,59.81522750854492,3350400,0.0,0.0
2022-06-03 00:00:00-04:00,59.79781025331677,60.128759895680524,59.04881301223565,59.56265640258789,2410600,0.0,0.0
2022-06-06 00:00:00-04:00,59.84135463337546,60.04167063734177,59.32751122545022,59.89360809326172,2154000,0.0,0.0
2022-06-07 00:00:00-04:00,59.28397059226742,60.337790931067886,59.223005998936564,60.23328399658203,2630600,0.0,0.0
2022-06-08 00:00:00-04:00,60.20714913478767,60.433591894997924,59.67588341543409,60.006839752197266,2630100,0.0,0.0
2022-06-09 00:00:00-04:00,60.181007655967086,60.52066839073606,59.12718760134532,59.162025451660156,3121100,0.0,0.0
2022-06-10 00:00:00-04:00,58.59592969569207,59.937157207802386,58.543676235688224,59.55394744873047,3362300,0.0,0.0
2022-06-13 00:00:00-04:00,58.90945095294111,59.36233632343603,58.16045384720255,58.40431213378906,3834400,0.0,0.0
2022-06-14 00:00:00-04:00,58.500126408621206,58.77011811889383,57.333088187829155,57.8730583190918,3042200,0.0,0.0
2022-06-15 00:00:00-04:00,57.91660742979323,58.49142206138142,57.34179279820504,57.77725601196289,2869500,0.0,0.0
2022-06-16 00:00:00-04:00,57.411467857533296,58.4478724208357,56.55796368922411,58.13433837890625,3859000,0.0,0.0
2022-06-17 00:00:00-04:00,58.17789298926137,58.61335624024494,57.2111640405065,57.68146514892578,5405700,0.0,0.0
2022-06-21 00:00:00-04:00,58.63077904005744,59.46686778716867,57.92533061319793,59.092369079589844,3915200,0.0,0.0
2022-06-22 00:00:00-04:00,59.057511765898326,59.60619960130376,58.64817533143412,59.13589859008789,4137500,0.0,0.0
2022-06-23 00:00:00-04:00,59.45814018545448,60.2332707655974,59.21428186569755,60.07650375366211,3461400,0.0,0.0
2022-06-24 00:00:00-04:00,60.31165840229908,61.60933698973336,59.93715975221033,61.51353454589844,4449000,0.0,0.0
2022-06-27 00:00:00-04:00,61.461272831953636,61.931573862735206,61.16516105959531,61.870609283447266,2875600,0.0,0.0
2022-06-28 00:00:00-04:00,61.95770080011963,62.45412856018533,61.034520983593445,61.191287994384766,3694900,0.0,0.0
2022-06-29 00:00:00-04:00,62.29737248209555,65.31948854876094,62.27124574981876,65.07563018798828,10605400,0.0,0.0
2022-06-30 00:00:00-04:00,64.44855462151224,65.96396472103204,64.36146330906007,65.71139526367188,8255000,0.0,0.0
2022-07-01 00:00:00-04:00,66.03364168338118,66.15557085205891,65.16271525303078,66.00751495361328,5353500,0.0,0.0
2022-07-05 00:00:00-04:00,65.85947083597232,66.26880074995834,64.49211636151834,65.45013427734375,6006800,0.0,0.0
2022-07-06 00:00:00-04:00,65.76365446560438,66.82618573902677,65.75494334108618,66.38201141357422,5939900,0.0,0.0
2022-07-07 00:00:00-04:00,66.40832035737338,66.82935083003652,65.96975001553994,66.23289489746094,4474200,0.54,0.0
2022-07-08 00:00:00-04:00,66.42587520072661,67.16267025468697,66.23290315553133,66.25921630859375,2939100,0.0,0.0
2022-07-11 00:00:00-04:00,66.47849210441892,66.96968873758642,66.30305995539322,66.45217895507812,2232800,0.0,0.0
2022-07-12 00:00:00-04:00,66.49604327153014,67.35564421767889,66.37324409237367,66.592529296875,2371400,0.0,0.0
2022-07-13 00:00:00-04:00,66.40832877282098,67.48721489495371,66.39078890142797,67.03987121582031,3462200,0.0,0.0
2022-07-14 00:00:00-04:00,65.91712486147914,66.46094781188962,65.16278332505256,65.52240753173828,4554700,0.0,0.0
2022-07-15 00:00:00-04:00,66.01361678119665,66.19781554140512,65.48733365316488,65.71538543701172,3177100,0.0,0.0
2022-07-18 00:00:00-04:00,65.373298596632,65.7592426655495,64.80315577447283,64.86455535888672,2671700,0.0,0.0
2022-07-19 00:00:00-04:00,65.1452365094264,65.6978394304977,65.03121062815177,65.23295593261719,3019900,0.0,0.0
2022-07-20 00:00:00-04:00,65.28558740103074,65.45224628782339,64.07513555457365,64.38213348388672,3585400,0.0,0.0
2022-07-21 00:00:00-04:00,64.11021475575924,64.56633169722502,63.74181724368891,64.11898803710938,3215500,0.0,0.0
2022-07-22 00:00:00-04:00,64.23302658153543,64.6979101554556,63.89970877981642,64.58387756347656,2521500,0.0,0.0
2022-07-25 00:00:00-04:00,64.49616594920218,65.3733068035464,64.14530826905376,65.1277084350586,2436200,0.0,0.0
2022-07-26 00:00:00-04:00,64.19793077991191,65.37329612047337,63.70672743115339,65.2680435180664,2954900,0.0,0.0
2022-07-27 00:00:00-04:00,65.11893159019449,65.11893159019449,63.294483798931694,64.75053405761719,3515500,0.0,0.0
2022-07-28 00:00:00-04:00,64.7856328245172,65.6540005143252,64.53126113920888,65.4347152709961,3087500,0.0,0.0
2022-07-29 00:00:00-04:00,65.03998697017674,65.68906924161448,64.81192850484082,65.60135650634766,6688100,0.0,0.0
2022-08-01 00:00:00-04:00,65.6276699489544,66.78549545895153,65.61889666777297,66.39955139160156,3769900,0.0,0.0
2022-08-02 00:00:00-04:00,66.66271150575798,66.88199674097429,65.89082988693612,66.38202667236328,5521500,0.0,0.0
2022-08-03 00:00:00-04:00,66.1714895958959,66.48726075007762,65.85571844171419,66.31182861328125,4030900,0.0,0.0
2022-08-04 00:00:00-04:00,66.0048360331713,66.87320343079652,66.0048360331713,66.24166107177734,2622600,0.0,0.0
2022-08-05 00:00:00-04:00,66.48727554031532,66.82935991810098,65.8031000926908,66.81181335449219,2266000,0.0,0.0
2022-08-08 00:00:00-04:00,66.98724313012286,67.41704023439283,66.85567067598426,66.97846984863281,2382000,0.0,0.0
2022-08-09 00:00:00-04:00,67.13636494435677,68.16261818599484,67.10127850549043,67.566162109375,2758500,0.0,0.0
2022-08-10 00:00:00-04:00,67.9608712439273,68.1801564410731,67.68895304887039,68.048583984375,2681100,0.0,0.0
2022-08-11 00:00:00-04:00,68.14505341830447,68.62747671935965,67.47842470748017,67.5047378540039,2762600,0.0,0.0
2022-08-12 00:00:00-04:00,67.72403946073646,67.78543904823457,67.15389660993809,67.53984069824219,2409400,0.0,0.0
2022-08-15 00:00:00-04:00,67.41703972699882,67.72403765630969,66.8732100436103,67.22406768798828,5688300,0.0,0.0
2022-08-16 00:00:00-04:00,67.06618037772854,68.294178755808,66.97846764187703,67.92578125,6201300,0.0,0.0
2022-08-17 00:00:00-04:00,67.9520861900066,68.3467967996667,67.62754174531692,67.66262817382812,2387800,0.0,0.0
2022-08-18 00:00:00-04:00,67.63633963487922,68.02228379687595,67.12759627443889,67.97842407226562,2575600,0.0,0.0
2022-08-19 00:00:00-04:00,68.16261228949148,68.73275516065405,67.92578721269803,68.39067077636719,2646200,0.0,0.0
2022-08-22 00:00:00-04:00,68.10999655404218,68.3555949509294,67.66265279282365,67.97842407226562,1742700,0.0,0.0
2022-08-23 00:00:00-04:00,68.00471668332374,68.41697387870586,67.67140562997659,68.30294799804688,2400400,0.0,0.0
2022-08-24 00:00:00-04:00,68.4520670454493,68.8906374339834,68.1362958303405,68.81169128417969,2488400,0.0,0.0
2022-08-25 00:00:00-04:00,68.61873513993102,68.72398776438517,67.68019465024251,68.32927703857422,3132500,0.0,0.0
2022-08-26 00:00:00-04:00,68.33803954577746,68.54855145354625,66.84689624461187,66.9433822631836,3846900,0.0,0.0
2022-08-29 00:00:00-04:00,66.67147896089162,68.14507588041373,66.46973361762417,67.73281860351562,2704100,0.0,0.0
2022-08-30 00:00:00-04:00,67.73281263529643,68.02227070106683,67.30301552348935,67.52230072021484,2475600,0.0,0.0
2022-08-31 00:00:00-04:00,67.78544187819128,68.29418516273095,67.26793200368097,67.36441802978516,4307200,0.0,0.0
2022-09-01 00:00:00-04:00,67.09248645965961,67.85560123446821,66.44340425228971,67.68017578125,2695100,0.0,0.0
2022-09-02 00:00:00-04:00,68.09243750241875,68.76783966207596,67.03987122530637,67.29424285888672,3946500,0.0,0.0
2022-09-06 00:00:00-04:00,67.24161809860287,67.49598304597815,65.89958703015807,66.0487060546875,5333600,0.0,0.0
2022-09-07 00:00:00-04:00,66.15396064820725,67.00478833504123,65.68030379083409,66.9083023071289,4348600,0.0,0.0
2022-09-08 00:00:00-04:00,66.5399029864448,66.83812765236843,65.52241642541587,66.3381576538086,3620300,0.0,0.0
2022-09-09 00:00:00-04:00,66.53988815582537,67.0749444708953,65.82940639308246,66.58374786376953,2436100,0.0,0.0
2022-09-12 00:00:00-04:00,66.6977721161827,67.03985641527574,66.46094040631725,66.79425811767578,2513900,0.0,0.0
2022-09-13 00:00:00-04:00,66.39954690670237,66.68900493766365,64.96103672453712,65.21540832519531,3344800,0.0,0.0
2022-09-14 00:00:00-04:00,64.99612493432569,65.73292660675843,64.98735165349665,65.27680969238281,3604500,0.0,0.0
2022-09-15 00:00:00-04:00,65.44346283022954,65.96097258887923,64.71543450245449,65.8469467163086,4664700,0.0,0.0
2022-09-16 00:00:00-04:00,65.98730479417279,66.67147354190423,65.53996111602024,66.00484466552734,6718600,0.0,0.0
2022-09-19 00:00:00-04:00,66.0574709916655,66.58376082120597,65.90835866292052,66.51358795166016,2907400,0.0,0.0
2022-09-20 00:00:00-04:00,66.18026711903363,66.46972517353761,65.69784372024652,66.14518737792969,4802900,0.0,0.0
2022-09-21 00:00:00-04:00,68.39944366548698,71.0834924166461,67.5749291583243,69.92566680908203,14038700,0.0,0.0
2022-09-22 00:00:00-04:00,70.33791318524632,71.25890688289658,69.19762762581003,70.85542297363281,7096800,0.0,0.0
2022-09-23 00:00:00-04:00,70.2501898191142,70.64490711770263,68.6801139809876,69.44322204589844,4795400,0.0,0.0
2022-09-26 00:00:00-04:00,69.28533908914689,69.7326827010034,68.51345771492865,68.99588775634766,3561300,0.0,0.0
2022-09-27 00:00:00-04:00,69.2941247498455,70.28529146687495,68.26787159698489,68.39067077636719,4108400,0.0,0.0
2022-09-28 00:00:00-04:00,68.80291877984044,69.34674173195742,67.97840437882117,69.10991668701172,3953700,0.0,0.0
2022-09-29 00:00:00-04:00,69.25903119750741,69.36429049418521,68.03980611888011,68.16260528564453,3515500,0.0,0.0
2022-09-30 00:00:00-04:00,67.97840092632262,68.32925852757859,67.06617383987798,67.19774627685547,4101000,0.0,0.0
2022-10-03 00:00:00-04:00,67.59246767757136,69.04852461282448,67.12758412587469,68.8380126953125,4069100,0.0,0.0
2022-10-04 00:00:00-04:00,68.94326541476785,69.80286634169003,68.2590966627549,68.85555267333984,4093500,0.0,0.0
2022-10-05 00:00:00-04:00,68.75906114046676,68.84677387486632,67.67140851139636,68.14506530761719,2795200,0.0,0.0
2022-10-06 00:00:00-04:00,68.00373585082009,68.18922387089592,65.91919418869276,66.21951293945312,5449200,0.54,0.0
2022-10-07 00:00:00-04:00,66.2990084604113,66.85547928927166,65.73370968171315,66.55516052246094,3755700,0.0,0.0
2022-10-10 00:00:00-04:00,66.89963699444374,67.7917518371054,66.74064629712673,67.49143981933594,3245800,0.0,0.0
2022-10-11 00:00:00-04:00,67.51793461515726,68.84285479684313,67.51793461515726,68.35704803466797,3173100,0.0,0.0
2022-10-12 00:00:00-04:00,68.8340128645656,69.09899956857225,68.3040461954441,68.3305435180664,3045600,0.0,0.0
2022-10-13 00:00:00-04:00,67.94192135985224,69.89397008030069,67.75643329923705,69.62015533447266,3396400,0.0,0.0
2022-10-14 00:00:00-04:00,69.84979034956947,70.02644367002735,68.45420620571876,68.63969421386719,2928700,0.0,0.0
2022-10-17 00:00:00-04:00,69.02834311802661,69.35515245139247,67.88007625994467,68.37471771240234,3490400,0.0,0.0
2022-10-18 00:00:00-04:00,68.69270585898806,69.30217142148567,68.52488718469706,69.13434600830078,2655100,0.0,0.0
2022-10-19 00:00:00-04:00,69.24033589639974,69.69081069542293,68.58671042058698,69.01068115234375,2282900,0.0,0.0
2022-10-20 00:00:00-04:00,68.7721978326516,69.03718459175964,67.62393086170769,67.7210922241211,3002800,0.0,0.0
2022-10-21 00:00:00-04:00,67.65926712362001,68.57787941022791,67.42961236724463,68.04791259765625,2907100,0.0,0.0
2022-10-24 00:00:00-04:00,68.60436351375883,69.25799563751372,68.13622614059138,68.5602035522461,3219100,0.0,0.0
2022-10-25 00:00:00-04:00,68.38353691325051,69.38164763972374,67.98606360339821,69.16082763671875,3389700,0.0,0.0
2022-10-26 00:00:00-04:00,69.46998107769635,69.95578108841632,68.68386232933632,69.21382904052734,3082000,0.0,0.0
2022-10-27 00:00:00-04:00,69.60249014364217,70.99806789223479,69.38167006925104,70.54759979248047,4727900,0.0,0.0
2022-10-28 00:00:00-04:00,70.6535870020101,72.15516750629305,70.62708967209873,72.0491714477539,2693800,0.0,0.0
2022-10-31 00:00:00-04:00,71.48388033001484,72.51731674147962,71.47504563945947,72.05801391601562,4106500,0.0,0.0
2022-11-01 00:00:00-04:00,71.8106864038973,72.17282779906284,70.77724339871271,70.91857147216797,8683500,0.0,0.0
2022-11-02 00:00:00-04:00,70.83905416556443,71.50151417361732,69.47880887925388,70.49457550048828,4252700,0.0,0.0
2022-11-03 00:00:00-04:00,70.05294502795888,70.37976110240594,69.43465163186187,69.69963836669922,3164800,0.0,0.0
2022-11-04 00:00:00-04:00,70.02644550366168,70.64474561923878,69.16966272533259,69.83212280273438,2856500,0.0,0.0
2022-11-07 00:00:00-05:00,69.6819736964847,70.45042988829897,69.59364702520438,69.94696044921875,2178400,0.0,0.0
2022-11-08 00:00:00-05:00,69.81446285770238,70.85673368922495,69.77029615528231,70.27376556396484,2869400,0.0,0.0
2022-11-09 00:00:00-05:00,70.40626628909732,71.51920126522573,70.37093427124795,70.96273040771484,3667700,0.0,0.0
2022-11-10 00:00:00-05:00,71.54569142464895,71.7753461482106,68.71919766886187,70.29143524169922,6696300,0.0,0.0
2022-11-11 00:00:00-05:00,69.77913105294928,69.77913105294928,66.92613323592478,68.23339080810547,6176900,0.0,0.0
2022-11-14 00:00:00-05:00,68.45420608900412,69.71729687091175,67.95957140145165,67.98606872558594,3980300,0.0,0.0
2022-11-15 00:00:00-05:00,68.20689189512758,68.58670261600767,67.57976381904977,68.40121459960938,3278100,0.0,0.0
2022-11-16 00:00:00-05:00,68.88701336186352,70.57408159364842,68.84285340003883,69.83212280273438,3954300,0.0,0.0
2022-11-17 00:00:00-05:00,69.59364066985935,70.47692077978691,69.52297664373096,70.4592514038086,2493500,0.0,0.0
2022-11-18 00:00:00-05:00,71.042215017007,71.95199239445846,70.83022969092413,71.57218170166016,2981100,0.0,0.0
2022-11-21 00:00:00-05:00,71.98733085950366,72.4731376283457,71.2630414197981,72.41130828857422,3096600,0.0,0.0
2022-11-22 00:00:00-05:00,72.64978847626216,73.18858987823701,72.34947647589185,72.5791244506836,2718000,0.0,0.0
2022-11-23 00:00:00-05:00,72.79111821843821,73.2857529311943,72.78228353031257,73.11792755126953,2379300,0.0,0.0
2022-11-25 00:00:00-05:00,73.53306103864959,73.84220769523795,72.99425969192774,73.2857437133789,1319900,0.0,0.0
2022-11-28 00:00:00-05:00,73.3122642263644,74.01005646561995,73.14443881446043,73.25043487548828,2930900,0.0,0.0
2022-11-29 00:00:00-05:00,72.9765977523612,73.66555509043675,72.80877239194575,73.17091369628906,2936100,0.0,0.0
2022-11-30 00:00:00-05:00,73.12676082226942,75.62644514087783,72.81761413278784,75.34379577636719,15812000,0.0,0.0
2022-12-01 00:00:00-05:00,75.29080025348476,76.60689256664627,74.6283401220291,75.44979095458984,3802900,0.0,0.0
2022-12-02 00:00:00-05:00,75.387965733305,76.47440337340028,75.387965733305,76.42140197753906,3125800,0.0,0.0
2022-12-05 00:00:00-05:00,75.66177495682676,76.47439101383756,75.44095493662434,76.2270736694336,3119000,0.0,0.0
2022-12-06 00:00:00-05:00,75.71477799348646,76.55389146766214,74.91982448490832,75.41445922851562,3194800,0.0,0.0
2022-12-07 00:00:00-05:00,75.84726888535707,77.11035976906065,75.71477551511545,77.0396957397461,4279600,0.0,0.0
2022-12-08 00:00:00-05:00,76.93370425293749,77.53433505990408,76.62455752998993,77.33118438720703,2912800,0.0,0.0
2022-12-09 00:00:00-05:00,77.14568282071046,77.36650285178264,75.76776798326564,75.82076263427734,3100900,0.0,0.0
2022-12-12 00:00:00-05:00,76.07692003302522,76.81887889386846,75.71477866080467,76.70404815673828,3372200,0.0,0.0
2022-12-13 00:00:00-05:00,76.7835461580341,77.33118229450211,76.32424343049765,76.81887817382812,3818600,0.0,0.0
2022-12-14 00:00:00-05:00,77.0131897817128,78.02895644896664,77.00435509431549,77.13684844970703,4062800,0.0,0.0
2022-12-15 00:00:00-05:00,76.85420988902398,77.2075233066894,75.61761629664146,76.80120849609375,4681400,0.0,0.0
2022-12-16 00:00:00-05:00,76.28006943448337,76.9778615172049,75.74126803819068,76.78353881835938,8126400,0.0,0.0
2022-12-19 00:00:00-05:00,76.7570475251429,77.65799032643869,76.43023143877754,76.95137023925781,4570400,0.0,0.0
2022-12-20 00:00:00-05:00,73.91288503706016,74.68134121243696,72.8176195110474,73.42707824707031,8326500,0.0,0.0
2022-12-21 00:00:00-05:00,74.09835923313658,75.57343522719434,73.48889387198447,75.39678192138672,4221800,0.0,0.0
2022-12-22 00:00:00-05:00,75.40563347288133,75.51162278451385,74.56651323539602,75.22897338867188,2735800,0.0,0.0
2022-12-23 00:00:00-05:00,75.21129379806355,75.53810308712951,74.96397647480553,75.44094848632812,1477500,0.0,0.0
2022-12-27 00:00:00-05:00,75.58227969335022,76.03275444200338,75.24663567333184,75.90909576416016,2017400,0.0,0.0
2022-12-28 00:00:00-05:00,76.22706564967142,76.45671359451855,74.78731495653511,74.86681365966797,1707300,0.0,0.0
2022-12-29 00:00:00-05:00,75.17598654616133,75.29081055866168,74.40753026249142,74.53118896484375,2473100,0.0,0.0
2022-12-30 00:00:00-05:00,74.62834046265598,74.81382849164304,73.56840694304623,74.06304168701172,2477000,0.0,0.0
2023-01-03 00:00:00-05:00,73.80688856004261,73.97471394813185,72.9766097859376,73.50657653808594,3036500,0.0,0.0
2023-01-04 00:00:00-05:00,73.17973861709878,74.57532248119789,73.17973861709878,74.09835052490234,3445900,0.0,0.0
2023-01-05 00:00:00-05:00,74.32803871617377,74.99049894227355,73.95706260689242,74.55769348144531,2934100,0.0,0.0
2023-01-06 00:00:00-05:00,75.08764439951686,76.1564125290956,75.08764439951686,75.9267578125,2290900,0.0,0.0
2023-01-09 00:00:00-05:00,75.76677417836264,76.32676290294717,75.26901245117188,75.26901245117188,3010700,0.54,0.0
2023-01-10 00:00:00-05:00,75.6778810347581,75.77565661807516,74.62902123494317,74.70902252197266,2470100,0.0,0.0
2023-01-11 00:00:00-05:00,74.94900691500308,75.2867727698084,74.24680359082124,74.62012481689453,3113000,0.0,0.0
2023-01-12 00:00:00-05:00,74.60235155953939,74.60235155953939,73.20683542995796,73.35794067382812,3928400,0.0,0.0
2023-01-13 00:00:00-05:00,73.17130070460175,73.74906379115247,73.17130070460175,73.3401870727539,3442800,0.0,0.0
2023-01-17 00:00:00-05:00,73.24240043458308,73.76682697869123,72.66463743506952,72.76241302490234,3880300,0.0,0.0
2023-01-18 00:00:00-05:00,72.38018974119734,72.39796403585422,69.41138070297504,69.6958236694336,6451600,0.0,0.0
2023-01-19 00:00:00-05:00,69.79360598094222,69.90916265382212,68.70030693819851,68.84252166748047,3865500,0.0,0.0
2023-01-20 00:00:00-05:00,68.84250411578972,69.10916598976227,68.14919138125288,68.85139465332031,3961800,0.0,0.0
2023-01-23 00:00:00-05:00,68.85140248320339,69.29583446937033,68.44252586970907,68.7980728149414,2750000,0.0,0.0
2023-01-24 00:00:00-05:00,68.75361884628998,69.33138171689608,67.766979410107,68.45140838623047,3959400,0.0,0.0
2023-01-25 00:00:00-05:00,68.37141078230238,69.23360986574963,68.095865138456,69.21583557128906,3287800,0.0,0.0
2023-01-26 00:00:00-05:00,68.94918522434784,68.94918522434784,68.14920620985572,68.26476287841797,3376000,0.0,0.0
2023-01-27 00:00:00-05:00,69.06473335188053,69.57138558456867,68.17586930986666,69.2336196899414,4273400,0.0,0.0
2023-01-30 00:00:00-05:00,69.4735891437503,70.02468029042967,69.31359340857105,69.51802825927734,3117600,0.0,0.0
2023-01-31 00:00:00-05:00,69.70469684486878,69.78469811241447,68.73583856804251,69.6513671875,4144900,0.0,0.0
2023-02-01 00:00:00-05:00,69.2869391366235,69.52693619018402,68.60251690914131,69.32249450683594,4141600,0.0,0.0
2023-02-02 00:00:00-05:00,68.26476171571038,68.44253181301652,66.85146435059691,67.46478271484375,7882500,0.0,0.0
2023-02-03 00:00:00-05:00,68.00700553106955,68.03367037347716,66.37149178794425,67.09147644042969,5555700,0.0,0.0
2023-02-06 00:00:00-05:00,67.15368539305197,68.62919627103668,66.92257882848995,68.60253143310547,4531400,0.0,0.0
2023-02-07 00:00:00-05:00,67.90919438208587,68.09585496274939,67.03810489083034,67.82919311523438,3276700,0.0,0.0
2023-02-08 00:00:00-05:00,67.7403226951218,67.87365364761972,67.2070056666241,67.32255554199219,2415500,0.0,0.0
2023-02-09 00:00:00-05:00,67.6603305235544,67.84699115088475,66.72702060540857,66.8603515625,3308700,0.0,0.0
2023-02-10 00:00:00-05:00,67.23366568604271,67.7225435496939,66.85145393305001,67.63365173339844,2466700,0.0,0.0
2023-02-13 00:00:00-05:00,67.70476333977508,68.14031154441439,67.38477178520047,68.08697509765625,2425700,0.0,0.0
2023-02-14 00:00:00-05:00,68.07809592093831,68.10476753951528,66.86924702374112,66.97590637207031,2863500,0.0,0.0
2023-02-15 00:00:00-05:00,66.9225537324821,67.02921982570199,66.16702088794516,66.76255798339844,2264100,0.0,0.0
2023-02-16 00:00:00-05:00,66.2914612726222,66.84255246719408,65.989244065912,66.76255798339844,2649700,0.0,0.0
2023-02-17 00:00:00-05:00,66.93145856749969,68.42475028412777,66.63813183460097,68.23808288574219,3978700,0.0,0.0
2023-02-21 00:00:00-05:00,72.16686389739714,72.34463396895373,70.03358913125035,71.25133514404297,7926300,0.0,0.0
2023-02-22 00:00:00-05:00,71.52690333603385,72.50465260078721,71.05580639456605,71.35801696777344,4089900,0.0,0.0
2023-02-23 00:00:00-05:00,71.35800474902469,71.87354752486137,71.07356852468281,71.37578582763672,2991900,0.0,0.0
2023-02-24 00:00:00-05:00,71.3757908610374,71.75800270021537,71.16245859161599,71.6780014038086,2786500,0.0,0.0
2023-02-27 00:00:00-05:00,71.88242614951527,72.33574185656639,71.77576004000674,71.9802017211914,2672700,0.0,0.0
2023-02-28 00:00:00-05:00,71.77575028534665,71.95352032887435,70.6468962678115,70.6735610961914,3862900,0.0,0.0
2023-03-01 00:00:00-05:00,70.25580801389592,70.61135495319121,69.35805351801137,70.08692169189453,3584600,0.0,0.0
2023-03-02 00:00:00-05:00,70.21135950894865,70.60246180587072,69.79359237932618,70.1758041381836,2374500,0.0,0.0
2023-03-03 00:00:00-05:00,69.78471961073619,70.78913356239859,69.02918651212326,70.75357818603516,2540000,0.0,0.0
2023-03-06 00:00:00-05:00,70.58467790594943,70.58467790594943,69.94469488225553,70.3180160522461,2676900,0.0,0.0
2023-03-07 00:00:00-05:00,70.4069188558594,70.53135927728064,69.58027503842158,70.25581359863281,2287800,0.0,0.0
2023-03-08 00:00:00-05:00,70.54024710775003,70.68246182041591,69.9891489901213,70.3713607788086,2017000,0.0,0.0
2023-03-09 00:00:00-05:00,70.77135058563111,70.93134636889756,69.62471526913724,69.90026092529297,2251300,0.0,0.0
2023-03-10 00:00:00-05:00,69.98915316513408,70.60247152767012,69.52694684453071,69.7936019897461,2663900,0.0,0.0
2023-03-13 00:00:00-04:00,69.79359382860682,72.09575496762086,69.66915341909187,70.92245483398438,3946800,0.0,0.0
2023-03-14 00:00:00-04:00,70.97578271718865,71.31355534723713,70.53135075680363,71.25133514404297,2983100,0.0,0.0
2023-03-15 00:00:00-04:00,71.11800945149508,72.06020310701176,70.65579638092514,71.95353698730469,3315700,0.0,0.0
2023-03-16 00:00:00-04:00,72.11353269028366,72.21130827119192,70.89579337050736,71.52688598632812,2402000,0.0,0.0
2023-03-17 00:00:00-04:00,71.72243373907601,72.06019959611749,70.39802158117675,70.92245483398438,8367800,0.0,0.0
2023-03-20 00:00:00-04:00,71.109119070298,72.14020455193445,70.9846786544445,71.68688201904297,2849900,0.0,0.0
2023-03-21 00:00:00-04:00,71.96242508236045,71.98908991600825,71.18911099910517,71.77576446533203,2601400,0.0,0.0
2023-03-22 00:00:00-04:00,71.90022214848531,72.4157649944987,70.90469183702797,70.99358367919922,3516800,0.0,0.0
2023-03-23 00:00:00-04:00,71.99797725855382,74.06014127420573,71.99797725855382,73.02017211914062,6082900,0.0,0.0
2023-03-24 00:00:00-04:00,73.64237502997031,75.41121234670644,72.98461762250199,75.37566375732422,5328800,0.0,0.0
2023-03-27 00:00:00-04:00,75.5534434699868,76.7178531933872,75.28678154514202,75.44677734375,4580900,0.0,0.0
2023-03-28 00:00:00-04:00,75.5978789876995,76.57562794183715,75.12677541439834,75.34899139404297,2806000,0.0,0.0
2023-03-29 00:00:00-04:00,75.39344800695373,75.94454615605515,75.24234274689985,75.58010864257812,2567300,0.0,0.0
2023-03-30 00:00:00-04:00,75.51788330078125,75.57121296976712,74.91345552013,75.51788330078125,3209900,0.0,0.0
2023-03-31 00:00:00-04:00,75.77565778978062,76.03342916964834,75.42011082508397,75.96231842041016,3069900,0.0,0.0
2023-04-03 00:00:00-04:00,75.9889811424722,76.98451125963467,75.6601058040078,76.3711929321289,3380400,0.0,0.0
2023-04-04 00:00:00-04:00,76.5667368041159,76.88672835481728,75.96230907295703,76.5045166015625,4849100,0.0,0.0
2023-04-05 00:00:00-04:00,76.87783122250006,77.61558983341705,76.68228009367937,77.38448333740234,4624700,0.0,0.0
2023-04-06 00:00:00-04:00,77.58126372596757,77.95692180078808,77.3129443283178,77.72437286376953,3556200,0.54,0.0
2023-04-10 00:00:00-04:00,77.49181730602983,77.590203123908,76.5795205138543,77.23243713378906,2390500,0.0,0.0
2023-04-11 00:00:00-04:00,77.56336552694825,78.30572870157839,77.42920243864599,77.86746215820312,2812700,0.0,0.0
2023-04-12 00:00:00-04:00,77.527604046,78.00164114061845,77.10722946810982,77.82276153564453,2492800,0.0,0.0
2023-04-13 00:00:00-04:00,77.56337789090485,77.90325185480567,77.30399769852559,77.76908874511719,2083400,0.0,0.0
2023-04-14 00:00:00-04:00,77.83169371109796,78.03741137967944,77.18772309705004,77.4202651977539,3491400,0.0,0.0
2023-04-17 00:00:00-04:00,77.85853190940047,78.11790526644056,77.46498862481181,77.89430236816406,1672900,0.0,0.0
2023-04-18 00:00:00-04:00,77.88537511740867,78.26997243441599,77.56338634857372,78.2431411743164,1902200,0.0,0.0
2023-04-19 00:00:00-04:00,78.57407709007197,78.63668564457319,77.66178003536542,77.93009948730469,2198600,0.0,0.0
2023-04-20 00:00:00-04:00,78.18946816858623,78.35046254546414,77.89431067367344,78.3236312866211,1833300,0.0,0.0
2023-04-21 00:00:00-04:00,78.70823013220969,78.92288703099163,78.06425261204409,78.21630096435547,1749500,0.0,0.0
2023-04-24 00:00:00-04:00,78.23418406265817,78.69033589118655,78.0642436743435,78.36834716796875,2123900,0.0,0.0
2023-04-25 00:00:00-04:00,78.53828741215948,79.49530763650183,78.51145615357916,79.15543365478516,2473300,0.0,0.0
2023-04-26 00:00:00-04:00,78.56512908128256,78.9318411939916,78.35941818902863,78.60090637207031,2259200,0.0,0.0
2023-04-27 00:00:00-04:00,78.49356728505921,79.43269541094894,78.35045814750312,79.41481018066406,2203100,0.0,0.0
2023-04-28 00:00:00-04:00,79.41480713010573,79.95145272768846,78.9676013281503,79.27169799804688,2383500,0.0,0.0
2023-05-01 00:00:00-04:00,79.54898876836953,80.29134538646353,79.45060292311238,79.93358612060547,2146200,0.0,0.0
2023-05-02 00:00:00-04:00,79.95145824833465,79.96040427566079,78.83344366624716,79.6026382446289,3320200,0.0,0.0
2023-05-03 00:00:00-04:00,79.87990583077179,80.30028041678028,79.33431415409945,79.45059204101562,3693500,0.0,0.0
2023-05-04 00:00:00-04:00,79.52214364144113,80.00511993090863,78.97655198516257,79.96040344238281,2123000,0.0,0.0
2023-05-05 00:00:00-04:00,79.683132793178,80.452327379032,79.56686173208641,80.32711029052734,2541500,0.0,0.0
2023-05-08 00:00:00-04:00,79.98723974382412,80.83692814140485,79.72785952826942,80.38078308105469,2229200,0.0,0.0
2023-05-09 00:00:00-04:00,80.52388390606839,80.80114934823018,80.0945701132901,80.13034057617188,2191700,0.0,0.0
2023-05-10 00:00:00-04:00,80.0945567881362,80.44337674566854,79.38797084692955,80.11244201660156,2470800,0.0,0.0
2023-05-11 00:00:00-04:00,80.16612285753713,80.79221517809138,79.61159193866409,80.72960662841797,1822600,0.0,0.0
2023-05-12 00:00:00-04:00,80.5417799246019,81.07842560389169,80.47022534767791,81.04264831542969,2145000,0.0,0.0
2023-05-15 00:00:00-04:00,81.14996723668357,81.29306954388542,80.06772319884087,80.75642395019531,2629700,0.0,0.0
2023-05-16 00:00:00-04:00,80.58649747269581,81.01581811604215,79.808363615872,80.72960662841797,2191200,0.0,0.0
2023-05-17 00:00:00-04:00,80.72959656946477,80.85481365320949,79.29853930965437,80.36288452148438,2772700,0.0,0.0
2023-05-18 00:00:00-04:00,79.8530736731518,79.8530736731518,78.74400510097456,79.15543365478516,3395500,0.0,0.0
2023-05-19 00:00:00-04:00,78.93183416988519,79.20909961904091,77.78698826183856,78.3772964477539,4147400,0.0,0.0
2023-05-22 00:00:00-04:00,78.39518411859261,78.39518411859261,76.23070951826861,76.65107727050781,3156200,0.0,0.0
2023-05-23 00:00:00-04:00,76.74052339218089,76.75840862295503,75.47045364499458,76.44536590576172,3018200,0.0,0.0
2023-05-24 00:00:00-04:00,76.65107760511805,76.75840946239504,75.72089547066228,76.08760070800781,2287000,0.0,0.0
2023-05-25 00:00:00-04:00,75.5062303596075,75.88188161739993,74.8085903597589,75.58673095703125,2490200,0.0,0.0
2023-05-26 00:00:00-04:00,75.45257458560836,75.94450376987601,74.81754307198467,75.29158020019531,2364000,0.0,0.0
2023-05-30 00:00:00-04:00,74.5492004348829,75.00535223058893,73.61901161516526,74.47764587402344,4495800,0.0,0.0
2023-05-31 00:00:00-04:00,74.51344144534386,75.39891399974606,74.31666976658781,75.27369689941406,8562500,0.0,0.0
2023-06-01 00:00:00-04:00,75.36313082642968,76.00710833432612,74.96958749964415,75.03219604492188,2608800,0.0,0.0
2023-06-02 00:00:00-04:00,74.79964503994806,75.67617147357286,74.41504775128914,75.65827941894531,3403500,0.0,0.0
2023-06-05 00:00:00-04:00,75.62251508276576,76.77630021837986,75.62251508276576,76.23965454101562,2552800,0.0,0.0
2023-06-06 00:00:00-04:00,76.40958796873718,76.72263068326072,74.361384459684,74.93380737304688,2754800,0.0,0.0
2023-06-07 00:00:00-04:00,72.68882883517956,73.48486144920136,71.64236888497857,72.89454650878906,5185400,0.0,0.0
2023-06-08 00:00:00-04:00,72.7961656007961,73.94995747911194,72.67094851234194,73.92312622070312,2877400,0.0,0.0
2023-06-09 00:00:00-04:00,73.69953197624842,74.08412931428545,73.43120571294062,73.61009216308594,2708800,0.0,0.0
2023-06-12 00:00:00-04:00,73.8336906953414,73.91418447523095,72.54573562654917,72.96611022949219,3854900,0.0,0.0
2023-06-13 00:00:00-04:00,72.33107340975218,72.48312175425438,71.60659532486505,72.20585632324219,5473500,0.0,0.0
2023-06-14 00:00:00-04:00,72.19691640988505,72.55468246899035,71.83020432275163,72.13430786132812,3623500,0.0,0.0
2023-06-15 00:00:00-04:00,72.34002138540106,72.8319505876429,72.01803260281008,72.18797302246094,3518700,0.0,0.0
2023-06-16 00:00:00-04:00,72.08958718201258,72.95716768933713,71.9912013415642,72.18797302246094,5349000,0.0,0.0
2023-06-20 00:00:00-04:00,72.44735500129332,72.97505468204179,72.11642018236638,72.1253662109375,3486600,0.0,0.0
2023-06-21 00:00:00-04:00,72.25057057185919,72.79616221351662,71.79441872867591,72.78721618652344,4784000,0.0,0.0
2023-06-22 00:00:00-04:00,73.10921186946162,73.26126704752242,72.5815122316302,72.7156753540039,2584600,0.0,0.0
2023-06-23 00:00:00-04:00,72.92138429159361,73.36859013841935,72.63517282257793,72.73355865478516,3925900,0.0,0.0
2023-06-26 00:00:00-04:00,72.65306816902918,73.32387696965594,71.84809624351308,73.21654510498047,3545200,0.0,0.0
2023-06-27 00:00:00-04:00,73.69951997732689,73.86945354752285,72.34001047284374,72.35790252685547,5391900,0.0,0.0
2023-06-28 00:00:00-04:00,70.54224125920527,70.5511804615374,68.2257118011098,68.61925506591797,11772300,0.0,0.0
2023-06-29 00:00:00-04:00,68.63715069741343,68.74448255603397,68.0557817382365,68.24361419677734,5836700,0.0,0.0
2023-06-30 00:00:00-04:00,68.40461453896143,68.90548294190316,68.34200598859371,68.60137939453125,4126000,0.0,0.0
2023-07-03 00:00:00-04:00,68.24361817204722,69.10225261956914,67.7964123041408,68.97703552246094,2756200,0.0,0.0
2023-07-05 00:00:00-04:00,68.66396674698457,69.18272704634855,68.3509240917884,69.1469497680664,4786500,0.0,0.0
2023-07-06 00:00:00-04:00,68.50299613771271,68.80709969655071,68.26150795542351,68.35989379882812,4261900,0.0,0.0
2023-07-07 00:00:00-04:00,68.06243549438321,68.44100915976367,67.71991056931017,67.75596618652344,4264600,0.59,0.0
2023-07-10 00:00:00-04:00,67.81905815633021,68.13453619387646,67.31429329625624,67.41344451904297,2961700,0.0,0.0
2023-07-11 00:00:00-04:00,67.5125960035477,67.71089844988992,67.2061267109537,67.67484283447266,3186200,0.0,0.0
2023-07-12 00:00:00-04:00,67.6207509375281,67.92722020730093,67.25119294160478,67.55765533447266,3783300,0.0,0.0
2023-07-13 00:00:00-04:00,67.52161136487544,67.91820937911696,67.24218206570124,67.41344451904297,4286900,0.0,0.0
2023-07-14 00:00:00-04:00,67.7649789507106,67.7649789507106,67.26922283107902,67.61174774169922,2594200,0.0,0.0
2023-07-17 00:00:00-04:00,67.32331411770197,67.58471219096867,66.96276481399254,66.98078918457031,2814500,0.0,0.0
2023-07-18 00:00:00-04:00,67.21514726351734,67.7649834043704,66.7284067350455,66.98078918457031,3335800,0.0,0.0
2023-07-19 00:00:00-04:00,67.05289973464377,67.8370939464204,67.05289973464377,67.79202270507812,3410600,0.0,0.0
2023-07-20 00:00:00-04:00,67.93624385190256,68.90971800300908,67.6387901694145,68.82859802246094,3523800,0.0,0.0
2023-07-21 00:00:00-04:00,68.69338886323838,69.4595517869676,68.64832450119876,69.40547180175781,3548800,0.0,0.0
2023-07-24 00:00:00-04:00,69.60376597984624,69.97332396304527,69.34236795421536,69.63080596923828,2731500,0.0,0.0
2023-07-25 00:00:00-04:00,69.76602536487086,69.76602536487086,69.05394238264347,69.32435607910156,2308200,0.0,0.0
2023-07-26 00:00:00-04:00,69.21617815295198,69.47757618387193,68.24269725371319,68.26973724365234,3466300,0.0,0.0
2023-07-27 00:00:00-04:00,68.19763712049462,68.63930636297057,67.56667418290938,67.60272979736328,3160600,0.0,0.0
2023-07-28 00:00:00-04:00,67.96326694647514,68.2607205550019,67.78298890635102,68.00833129882812,2935900,0.0,0.0
2023-07-31 00:00:00-04:00,67.97229298701193,67.97229298701193,67.01683642015466,67.36837005615234,3378000,0.0,0.0
2023-08-01 00:00:00-04:00,67.49456059213144,67.78299862076386,66.43094407212969,67.00782012939453,3261400,0.0,0.0
2023-08-02 00:00:00-04:00,66.9717617949567,68.3959204889649,66.94471493126004,68.00833129882812,4355600,0.0,0.0
2023-08-03 00:00:00-04:00,67.96327656853462,68.29677895539851,67.09796248414217,67.1700668334961,3571600,0.0,0.0
2023-08-04 00:00:00-04:00,67.25121117930237,67.55767365527907,66.2687143773924,66.3318099975586,2077600,0.0,0.0
2023-08-07 00:00:00-04:00,66.30477337876309,66.67433837064567,66.06140651055071,66.21463775634766,2500400,0.0,0.0
2023-08-08 00:00:00-04:00,66.25066971029898,66.34982092260282,64.17751675091549,64.32173919677734,4772200,0.0,0.0
2023-08-09 00:00:00-04:00,64.42990739620379,65.42141266334383,64.21357372282769,65.04283905029297,3546700,0.0,0.0
2023-08-10 00:00:00-04:00,65.33128475257357,65.69182716344822,65.06988669085547,65.24114227294922,3804500,0.0,0.0
2023-08-11 00:00:00-04:00,65.35832499885159,65.53859620498716,65.16002254595902,65.5025405883789,2480800,0.0,0.0
2023-08-14 00:00:00-04:00,65.73689801447607,65.77295363073142,64.87158385506436,65.1419906616211,2431900,0.0,0.0
2023-08-15 00:00:00-04:00,64.86256239180949,64.98875359888868,64.35779756349272,64.62820434570312,2633200,0.0,0.0
2023-08-16 00:00:00-04:00,64.5380689844518,64.81749826705376,64.15949536184853,64.3037109375,2707300,0.0,0.0
2023-08-17 00:00:00-04:00,64.35780558160992,64.35780558160992,63.33024455199908,63.35728454589844,5586500,0.0,0.0
2023-08-18 00:00:00-04:00,63.46544576559693,63.96119498919919,63.17700085118872,63.2851676940918,5246500,0.0,0.0
2023-08-21 00:00:00-04:00,62.753367629050786,63.059830058560365,61.464408546601504,61.969173431396484,4741100,0.0,0.0
2023-08-22 00:00:00-04:00,61.79791064504274,62.03226871614038,61.48243259370309,61.68975067138672,3595700,0.0,0.0
2023-08-23 00:00:00-04:00,61.83397135361982,61.96016258454691,61.18498395061975,61.419342041015625,4313100,0.0,0.0
2023-08-24 00:00:00-04:00,61.527500792230235,62.01424128033636,61.09484028827855,61.30215835571289,3797700,0.0,0.0
2023-08-25 00:00:00-04:00,61.60862433158203,62.095364847838674,61.203010673154395,61.62665557861328,2698000,0.0,0.0
2023-08-28 00:00:00-04:00,61.77989428750019,62.203539244345485,61.473424942947716,61.788909912109375,3333900,0.0,0.0
2023-08-29 00:00:00-04:00,62.15845090110998,62.22154650220612,61.320176842601434,61.734806060791016,3230000,0.0,0.0
2023-08-30 00:00:00-04:00,61.96014617053723,62.167464210371364,61.455381380547315,61.54551696777344,2543700,0.0,0.0
2023-08-31 00:00:00-04:00,61.70776687336457,61.87001368927843,60.96864401795805,60.98667526245117,5681900,0.0,0.0
2023-09-01 00:00:00-04:00,61.17597325827206,61.28413323739561,59.40928920455769,59.71575164794922,4404600,0.0,0.0
2023-09-05 00:00:00-04:00,59.183941685645976,60.058264575405225,58.976623615206755,59.58053970336914,3952300,0.0,0.0
2023-09-06 00:00:00-04:00,60.274595889319166,60.391771477694476,59.33717055160095,59.373226165771484,4262700,0.0,0.0
2023-09-07 00:00:00-04:00,59.36421123414604,59.82391172404085,58.318619041742984,58.58001708984375,5309100,0.0,0.0
2023-09-08 00:00:00-04:00,58.66114499391742,59.6256103515625,58.507913786839566,59.6256103515625,4631300,0.0,0.0
2023-09-11 00:00:00-04:00,59.30111882217044,59.796868076454416,58.95860078047029,59.39125442504883,3776700,0.0,0.0
2023-09-12 00:00:00-04:00,59.55350061700028,59.88700990864012,58.63410647453365,59.030704498291016,3233700,0.0,0.0
2023-09-13 00:00:00-04:00,59.229004591571154,59.319140189887854,58.70620849366685,58.82339096069336,3042800,0.0,0.0
2023-09-14 00:00:00-04:00,58.90451028014006,60.02220681601203,58.90451028014006,59.81489562988281,3693600,0.0,0.0
2023-09-15 00:00:00-04:00,59.75180664560531,60.15742031691515,59.27408173769185,59.355201721191406,7635700,0.0,0.0
2023-09-18 00:00:00-04:00,59.49941972596174,59.58955532649402,58.75128117542328,59.58053970336914,4126700,0.0,0.0
2023-09-19 00:00:00-04:00,59.796877263270865,59.88701975690387,59.111841074625914,59.38224792480469,5740200,0.0,0.0
2023-09-20 00:00:00-04:00,59.959110984553284,60.08530907260278,58.16538716022687,59.373226165771484,6780900,0.0,0.0
2023-09-21 00:00:00-04:00,59.2290130307204,59.95912042109073,59.00367056436844,59.02170181274414,6014500,0.0,0.0
2023-09-22 00:00:00-04:00,58.733257628465715,59.10281565889432,58.138350278192775,58.426788330078125,6619900,0.0,0.0
2023-09-25 00:00:00-04:00,58.14736880154741,58.48988685621137,57.75977950528552,58.3907356262207,4420400,0.0,0.0
2023-09-26 00:00:00-04:00,58.15637528356631,59.18394316135366,58.13835091377263,58.78733825683594,5379300,0.0,0.0
2023-09-27 00:00:00-04:00,58.679164905150586,58.83239610058727,57.417249413802026,57.732730865478516,4865300,0.0,0.0
2023-09-28 00:00:00-04:00,57.8949824897839,58.08426931343316,57.354158572775354,57.78681564331055,5249100,0.0,0.0
2023-09-29 00:00:00-04:00,58.04821518918707,58.24651764102982,57.46232345698957,57.678653717041016,5329800,0.0,0.0
2023-10-02 00:00:00-04:00,57.42627173226176,57.660629816403976,56.128300399350096,56.4077262878418,6006100,0.0,0.0
2023-10-03 00:00:00-04:00,56.092240355396854,56.95755450907371,56.092240355396854,56.73221206665039,7922200,0.0,0.0
2023-10-04 00:00:00-04:00,56.867418326788936,57.0657207744014,56.254486614580195,56.87643051147461,5443400,0.0,0.0
2023-10-05 00:00:00-04:00,56.76827524880982,57.12882458012268,56.10126345587026,56.20942687988281,5095800,0.0,0.0
2023-10-06 00:00:00-04:00,55.909123958901276,57.001099754890184,54.89904990568928,56.86460494995117,5714200,0.59,0.0
2023-10-09 00:00:00-04:00,56.96469820406793,58.22957224509484,56.828203402837296,58.2022705078125,5511200,0.0,0.0
2023-10-10 00:00:00-04:00,58.79375877583585,58.839260514503735,57.337789920845616,57.565284729003906,6688200,0.0,0.0
2023-10-11 00:00:00-04:00,57.638084251072385,57.86557905732523,57.04659636629689,57.0829963684082,4108100,0.0,0.0
2023-10-12 00:00:00-04:00,56.93740330214772,57.310494668294126,55.51783437492712,55.991024017333984,5139100,0.0,0.0
2023-10-13 00:00:00-04:00,56.145720887186904,57.383293232908294,55.972822606616916,57.36509323120117,4564200,0.0,0.0
2023-10-16 00:00:00-04:00,57.647187031834044,57.911081860870816,57.21949912305588,57.556190490722656,3496500,0.0,0.0
2023-10-17 00:00:00-04:00,57.301395203993806,57.947479646508725,56.982900379710884,57.31049346923828,3931300,0.0,0.0
2023-10-18 00:00:00-04:00,57.41969258343325,58.184075336174764,57.35599430997942,57.51069259643555,3953600,0.0,0.0
2023-10-19 00:00:00-04:00,57.31959221509075,57.74728008517404,57.09209741159924,57.2012939453125,3396900,0.0,0.0
2023-10-20 00:00:00-04:00,57.48338307222701,58.12036919179731,57.3832882784231,57.54708480834961,3973700,0.0,0.0
2023-10-23 00:00:00-04:00,57.30138988204209,58.05667079381983,57.264989881854106,57.53798294067383,3759000,0.0,0.0
2023-10-24 00:00:00-04:00,57.51979196680246,58.22957819667017,57.501591963852455,57.92018508911133,3171000,0.0,0.0
2023-10-25 00:00:00-04:00,57.938373342508854,59.803833458447066,57.89287507728246,59.740135192871094,5299900,0.0,0.0
2023-10-26 00:00:00-04:00,59.74013445212084,60.222422305871675,59.34884312769447,59.83113098144531,6793700,0.0,0.0
2023-10-27 00:00:00-04:00,59.503540915899805,60.06773053424463,59.07584956970508,59.42164611816406,5292900,0.0,0.0
2023-10-30 00:00:00-04:00,59.37614330586846,59.62183463722194,58.38426930186132,58.993953704833984,4952800,0.0,0.0
2023-10-31 00:00:00-04:00,59.32155155769985,59.49444290015039,58.97575498761687,59.36704635620117,3216800,0.0,0.0
2023-11-01 00:00:00-04:00,59.54904346219905,59.85843307018639,59.230545175330114,59.239646911621094,5220800,0.0,0.0
2023-11-02 00:00:00-04:00,59.10315299530213,60.47722368774545,59.03945472174998,60.27702713012695,3710300,0.0,0.0
2023-11-03 00:00:00-04:00,60.5136190905701,60.65921910052474,59.79473466224795,59.8220329284668,3164900,0.0,0.0
2023-11-06 00:00:00-05:00,59.785632577685,59.95853085285122,59.312446433270274,59.348846435546875,3945800,0.0,0.0
2023-11-07 00:00:00-05:00,59.32154865305873,59.77653827133937,59.15775211277408,59.239646911621094,3345800,0.0,0.0
2023-11-08 00:00:00-05:00,59.257853253700944,59.76743942922243,59.16684977156559,59.41254806518555,3700800,0.0,0.0
2023-11-09 00:00:00-05:00,59.54904468311649,59.79473602728551,59.30334639635672,59.63093948364258,3566400,0.0,0.0
2023-11-10 00:00:00-05:00,59.54904239048541,59.69463545556784,59.1941510500208,59.4034423828125,3157300,0.0,0.0
2023-11-13 00:00:00-05:00,59.23964701303248,59.685534895785445,59.212348746703405,59.29425048828125,3414500,0.0,0.0
2023-11-14 00:00:00-05:00,59.28514862060547,59.63093823099186,59.19415208551333,59.28514862060547,4656000,0.0,0.0
2023-11-15 00:00:00-05:00,59.16684210759464,59.48534036863095,58.821052525080134,58.866554260253906,7324800,0.0,0.0
2023-11-16 00:00:00-05:00,58.60266454251844,59.30334550375029,58.51166800688439,59.166847229003906,9404700,0.0,0.0
2023-11-17 00:00:00-05:00,59.394340290740175,59.44894376458552,58.03847320471659,58.93025588989258,4623200,0.0,0.0
2023-11-20 00:00:00-05:00,58.730058919061875,58.82105545134632,58.00207624690069,58.356964111328125,3165000,0.0,0.0
2023-11-21 00:00:00-05:00,58.58445628801632,58.893852815027074,58.00207364768062,58.839256286621094,2910700,0.0,0.0
2023-11-22 00:00:00-05:00,59.16684487286296,59.41254314614041,58.79375700884328,59.03035354614258,2747600,0.0,0.0
2023-11-24 00:00:00-05:00,59.15775179108581,59.32154833047977,58.81195523981491,59.31244659423828,1262500,0.0,0.0
2023-11-27 00:00:00-05:00,59.0394523409648,59.24875062710534,57.71088344431562,57.856483459472656,4389000,0.0,0.0
2023-11-28 00:00:00-05:00,57.783676463617944,58.04757125223188,57.44698514752482,57.71087646484375,4572500,0.0,0.0
2023-11-29 00:00:00-05:00,57.6471795721506,57.75637957290816,56.93739692370186,56.955596923828125,4511000,0.0,0.0
2023-11-30 00:00:00-05:00,56.964700065878624,58.047577602695085,56.78270699162293,57.92927932739258,6840100,0.0,0.0
2023-12-01 00:00:00-05:00,57.847377976462894,58.38426931934481,57.619883174456575,58.356964111328125,3349200,0.0,0.0
2023-12-04 00:00:00-05:00,58.293272200715805,59.34885152956793,58.293272200715805,59.103153228759766,3381800,0.0,0.0
2023-12-05 00:00:00-05:00,59.27604646375434,59.53994127346264,58.49346377085126,58.711856842041016,2986200,0.0,0.0
2023-12-06 00:00:00-05:00,58.711863862403106,60.277029435361044,58.64816558641488,59.95853805541992,3568200,0.0,0.0
2023-12-07 00:00:00-05:00,60.122331532010826,60.67741945542061,59.32155225455309,60.41352462768555,3658200,0.0,0.0
2023-12-08 00:00:00-05:00,60.44990731434283,60.53180209469999,59.56722654335186,59.57632827758789,2452600,0.0,0.0
2023-12-11 00:00:00-05:00,59.512649176282544,60.18603193209621,59.50354743911727,60.13143539428711,3429200,0.0,0.0
2023-12-12 00:00:00-05:00,60.358922025697176,60.74111162362414,59.96763069184138,60.73200988769531,3841500,0.0,0.0
2023-12-13 00:00:00-05:00,60.73201445769922,61.93318681484942,60.61371965208421,61.73299026489258,4380900,0.0,0.0
2023-12-14 00:00:00-05:00,61.94229058548666,62.0969854000455,60.32252854459742,60.34982681274414,6086300,0.0,0.0
2023-12-15 00:00:00-05:00,59.758334311625184,60.05862912346424,59.084951625984424,59.348846435546875,11833600,0.0,0.0
2023-12-18 00:00:00-05:00,59.43983958320542,60.61371355502678,59.22144652457986,60.36801528930664,5446000,0.0,0.0
2023-12-19 00:00:00-05:00,60.631919531707844,60.813919561080816,60.21332987803689,60.70471954345703,4827900,0.0,0.0
2023-12-20 00:00:00-05:00,58.193174043751746,59.603641194554655,58.14767577526689,58.53896713256836,7992600,0.0,0.0
2023-12-21 00:00:00-05:00,58.6026620641514,59.3397429969831,57.874675924685036,58.42976379394531,4637800,0.0,0.0
2023-12-22 00:00:00-05:00,58.55716259319546,59.166847016604606,58.39336605260592,58.702762603759766,3211100,0.0,0.0
2023-12-26 00:00:00-05:00,58.52076476721738,58.984856139914584,58.36606995718194,58.87565612792969,3140200,0.0,0.0
2023-12-27 00:00:00-05:00,58.811950077744946,58.98484833820469,58.47526223485803,58.91204833984375,2580900,0.0,0.0
2023-12-28 00:00:00-05:00,58.83015627039103,59.23054239472003,58.83015627039103,59.1213493347168,2370500,0.0,0.0
2023-12-29 00:00:00-05:00,59.05765368067451,59.576341566399684,58.89385714083547,59.27604675292969,3808700,0.0,0.0
2024-01-02 00:00:00-05:00,59.14864815129769,60.90490828949368,59.14864815129769,60.741111755371094,5264000,0.0,0.0
2024-01-03 00:00:00-05:00,61.07780314839683,61.58738925161125,60.6410101009345,60.7229118347168,5477700,0.0,0.0
2024-01-04 00:00:00-05:00,60.72291736923224,60.83211043410762,59.785632925978135,59.8220329284668,3888000,0.0,0.0
2024-01-05 00:00:00-05:00,59.785629830567544,59.96762983358775,58.52986105138415,59.13954544067383,4016200,0.0,0.0
2024-01-08 00:00:00-05:00,59.07584943736124,59.27604597705416,58.711856359973254,58.8210563659668,4030900,0.0,0.0
2024-01-09 00:00:00-05:00,58.81187542149726,59.445547142989604,58.37106229100379,59.124114990234375,4779100,0.59,0.0
2024-01-10 00:00:00-05:00,58.811874761388914,59.05065072727077,57.801674949984154,57.99453353881836,4566000,0.0,0.0
2024-01-11 00:00:00-05:00,57.92106638250918,58.251677122176396,57.50780295792517,57.91188430786133,5727100,0.0,0.0
2024-01-12 00:00:00-05:00,58.24248502686663,58.39860830458203,57.930245477978076,58.214935302734375,4299600,0.0,0.0
2024-01-16 00:00:00-05:00,58.39861011560944,58.720035251357366,57.61800421263807,57.70065689086914,4101700,0.0,0.0
2024-01-17 00:00:00-05:00,57.57208800660778,58.47208196302856,57.45270351979415,57.93943405151367,4829300,0.0,0.0
2024-01-18 00:00:00-05:00,57.599638400044,58.15983951446072,57.29657740243311,58.14147186279297,3860600,0.0,0.0
2024-01-19 00:00:00-05:00,58.25167365290223,58.26085572700323,57.53535276179928,57.99453353881836,3765900,0.0,0.0
2024-01-22 00:00:00-05:00,57.88432764801354,58.27004132253082,57.388415071164616,58.0220832824707,4328400,0.0,0.0
2024-01-23 00:00:00-05:00,58.214936906131136,59.6475786528052,58.214936906131136,59.46390914916992,4433600,0.0,0.0
2024-01-24 00:00:00-05:00,59.3720776462222,59.399627372620785,58.40779518301483,58.44453048706055,3491500,0.0,0.0
2024-01-25 00:00:00-05:00,58.646566950810396,59.30778836313507,58.38942684747132,59.20676803588867,3071100,0.0,0.0
2024-01-26 00:00:00-05:00,59.491461928546585,59.58329668507932,59.13330147348894,59.243507385253906,2821300,0.0,0.0
2024-01-29 00:00:00-05:00,59.33533732597602,59.473092952865926,58.91289187497796,59.013912200927734,3226500,0.0,0.0
2024-01-30 00:00:00-05:00,59.12411131265022,60.05165839677711,59.05064771704451,60.014923095703125,3020900,0.0,0.0
2024-01-31 00:00:00-05:00,60.097585631806176,60.538395278237786,59.52819891474376,59.61085510253906,4579600,0.0,0.0
2024-02-01 00:00:00-05:00,59.36288928410904,60.13431661979906,58.71085343260316,59.53738021850586,3855500,0.0,0.0
2024-02-02 00:00:00-05:00,59.684322054417514,59.99656866082247,59.13330646219258,59.50983810424805,4384300,0.0,0.0
2024-02-05 00:00:00-05:00,59.28024627914258,59.46391580333095,58.33433141386876,58.34351348876953,3259500,0.0,0.0
2024-02-06 00:00:00-05:00,58.371060644297046,60.00573955839864,58.288407965706774,59.53738021850586,4652300,0.0,0.0
2024-02-07 00:00:00-05:00,59.70269252156097,59.84044816966181,58.43535247015689,58.508819580078125,3651200,0.0,0.0
2024-02-08 00:00:00-05:00,58.31596190042675,59.39044329639185,58.05882177214892,58.83024215698242,4001700,0.0,0.0
2024-02-09 00:00:00-05:00,58.59147088704116,58.70167330096091,57.02107335141632,57.25066375732422,4260400,0.0,0.0
2024-02-12 00:00:00-05:00,57.076167980207224,57.95779416944217,56.9292302820014,57.93024444580078,3399100,0.0,0.0
2024-02-13 00:00:00-05:00,58.09554556422211,58.517994506641756,57.296572059176476,57.79248809814453,3866000,0.0,0.0
2024-02-14 00:00:00-05:00,57.59963449909183,57.810857224058836,56.46086469571415,57.27820587158203,4176900,0.0,0.0
2024-02-15 00:00:00-05:00,57.54453910725089,58.25167797674153,57.44351876828486,58.12310791015625,3097500,0.0,0.0
2024-02-16 00:00:00-05:00,57.94860857296468,59.22513048255605,57.572080502486145,58.86697006225586,5854900,0.0,0.0
2024-02-20 00:00:00-05:00,59.408813599685246,60.61186504252651,59.00473225730801,60.40982437133789,5978400,0.0,0.0
2024-02-21 00:00:00-05:00,60.749624013154694,61.08941333647089,59.79452706479097,60.25370788574219,3738600,0.0,0.0
2024-02-22 00:00:00-05:00,59.67513662073347,59.85880612817447,58.50881352820112,59.75778579711914,3113500,0.0,0.0
2024-02-23 00:00:00-05:00,59.70268352699769,60.428189958253164,59.39962254814244,59.98737335205078,2248900,0.0,0.0
2024-02-26 00:00:00-05:00,59.95064829301555,60.207788437837735,59.68432256972301,59.69350814819336,3641500,0.0,0.0
2024-02-27 00:00:00-05:00,59.583295251099514,59.67513701196472,58.69248692370238,58.967994689941406,3119900,0.0,0.0
2024-02-28 00:00:00-05:00,59.179221609126856,59.2435066385438,58.67411994474893,59.05065155029297,2554100,0.0,0.0
2024-02-29 00:00:00-05:00,59.15166735868671,59.39043630309049,58.81187108259217,58.9404411315918,4187500,0.0,0.0
2024-03-01 00:00:00-05:00,58.95881184193076,59.133302787801206,58.25167649371462,58.72003936767578,3382500,0.0,0.0
2024-03-04 00:00:00-05:00,58.51800040634671,59.151672132226594,58.29759208793819,59.11493682861328,2996900,0.0,0.0
2024-03-05 00:00:00-05:00,59.289417209158096,59.86798944821334,59.05982683024216,59.20676803588867,4031600,0.0,0.0
2024-03-06 00:00:00-05:00,59.50983556520776,59.950645217562816,59.307794888485404,59.913909912109375,4287200,0.0,0.0
2024-03-07 00:00:00-05:00,59.91391009693183,60.01493043560464,58.44453290697709,59.032283782958984,3963800,0.0,0.0
2024-03-08 00:00:00-05:00,58.839425175260246,60.07003331546906,58.60065270985657,59.93227767944336,4421200,0.0,0.0
2024-03-11 00:00:00-04:00,60.15268417910461,61.03431046521932,60.12513445243586,60.299625396728516,3350700,0.0,0.0
2024-03-12 00:00:00-04:00,60.033295934096934,60.73124565446092,59.959825329887316,60.35472106933594,3080400,0.0,0.0
2024-03-13 00:00:00-04:00,60.7312543207596,60.94248058636844,60.40064356118091,60.63941955566406,4530200,0.0,0.0
2024-03-14 00:00:00-04:00,60.32717464486986,60.712884828258716,59.85880827558747,60.198604583740234,4996100,0.0,0.0
2024-03-15 00:00:00-04:00,59.97818983316451,61.392467443141115,59.85880535552312,61.309818267822266,7997000,0.0,0.0
2024-03-18 00:00:00-04:00,61.263897090662304,62.586339941679356,61.19961206354578,62.209808349609375,7284600,0.0,0.0
2024-03-19 00:00:00-04:00,62.54042628168872,63.19246220529307,62.29247172177173,63.027156829833984,6426000,0.0,0.0
2024-03-20 00:00:00-04:00,67.92202958910362,68.37202485429472,62.98124623108071,63.7618522644043,8887600,0.0,0.0
2024-03-21 00:00:00-04:00,63.78940343289607,63.78940343289607,62.57716625791366,63.14655303955078,5036700,0.0,0.0
2024-03-22 00:00:00-04:00,63.32103417400033,64.06491188915419,63.155728793582085,63.45878982543945,5731700,0.0,0.0
2024-03-25 00:00:00-04:00,63.73430518539582,63.954710037802435,63.09144777327262,63.49552917480469,3955300,0.0,0.0
2024-03-26 00:00:00-04:00,63.578174351296404,63.62408822570995,62.760826110839844,62.760826110839844,5288900,0.0,0.0
2024-03-27 00:00:00-04:00,62.880212013118516,64.02816386962633,62.880212013118516,63.97306442260742,5332200,0.0,0.0
2024-03-28 00:00:00-04:00,64.15673876271228,64.89143080898452,64.12000345974441,64.25775909423828,5995300,0.0,0.0
2024-04-01 00:00:00-04:00,64.43225033577855,64.54244923865961,63.91796309834383,64.40469360351562,3204300,0.0,0.0
2024-04-02 00:00:00-04:00,64.52408679343603,64.84551194622739,64.20266164064466,64.79959106445312,3797000,0.0,0.0
2024-04-03 00:00:00-04:00,64.59755974248155,64.71695124975365,63.33940867570711,63.35777282714844,4382900,0.0,0.0
2024-04-04 00:00:00-04:00,63.715923400318445,64.77204061037699,63.293477917603575,64.63428497314453,4332100,0.0,0.0
2024-04-05 00:00:00-04:00,64.45981436811962,64.77205400430664,63.780221618987525,64.09246826171875,3630000,0.0,0.0
2024-04-08 00:00:00-04:00,64.09246135866852,64.72613314879709,63.89042067158152,64.28531646728516,4021100,0.0,0.0
2024-04-09 00:00:00-04:00,64.29456933007,65.02624276674425,64.0352434671677,64.99845886230469,4424900,0.59,0.0
2024-04-10 00:00:00-04:00,64.78544593987493,65.04477890405674,63.266531051599635,63.76666259765625,4435000,0.0,0.0
2024-04-11 00:00:00-04:00,63.95188851954864,64.15563949716751,62.043978073358375,62.05324172973633,4935200,0.0,0.0
2024-04-12 00:00:00-04:00,62.20144436545125,62.20144436545125,61.22896516881423,61.31231689453125,3371900,0.0,0.0
2024-04-15 00:00:00-04:00,61.52533197884587,62.516331318585365,61.40493269936166,62.3496208190918,4510300,0.0,0.0
2024-04-16 00:00:00-04:00,62.52559251886794,62.98867643636431,62.3403547122095,62.83122253417969,4205200,0.0,0.0
2024-04-17 00:00:00-04:00,63.18316982259754,63.72034885416028,63.053506893061666,63.451759338378906,3664800,0.0,0.0
2024-04-18 00:00:00-04:00,63.90558565793013,64.14639129254059,63.50733317480916,63.98893737792969,3620400,0.0,0.0
2024-04-19 00:00:00-04:00,64.10008646865958,65.43377065057327,63.979687172387244,65.22074890136719,3992200,0.0,0.0
2024-04-22 00:00:00-04:00,65.39670779913763,66.10985388379507,65.20221341241289,65.91535949707031,3637500,0.0,0.0
2024-04-23 00:00:00-04:00,65.82275138314843,66.26731507756502,65.42449890947739,65.5912094116211,3690600,0.0,0.0
2024-04-24 00:00:00-04:00,64.97995045794349,66.56369689454995,64.78544895921715,66.32289123535156,4446100,0.0,0.0
2024-04-25 00:00:00-04:00,66.55441930918688,66.98045565332554,65.85979345255004,66.10985565185547,2875200,0.0,0.0
2024-04-26 00:00:00-04:00,65.76717434594666,66.80447771058206,65.58193655504803,65.6004638671875,4170400,0.0,0.0
2024-04-29 00:00:00-04:00,65.63753152609746,65.93390501619696,64.75766764860418,65.04478454589844,4179100,0.0,0.0
2024-04-30 00:00:00-04:00,64.90584835239504,65.32262108239667,64.67430637659406,65.2577896118164,3121600,0.0,0.0
2024-05-01 00:00:00-04:00,65.12813163404982,65.26705824333803,64.33162661130503,64.82249450683594,3396800,0.0,0.0
2024-05-02 00:00:00-04:00,65.20221962858535,65.62825600194692,65.13738816016294,65.43376159667969,3071000,0.0,0.0
2024-05-03 00:00:00-04:00,65.32260967516063,65.35965723275125,64.30382657276567,64.7483901977539,3444200,0.0,0.0
2024-05-06 00:00:00-04:00,64.85028073440897,65.03551857545067,63.77592952077167,64.0352554321289,3602100,0.0,0.0
2024-05-07 00:00:00-04:00,64.44275314720569,64.88730970609483,64.25751535925264,64.7483901977539,2453800,0.0,0.0
2024-05-08 00:00:00-04:00,64.90584903598916,65.08181613450299,64.35940629297149,64.39645385742188,2494500,0.0,0.0
2024-05-09 00:00:00-04:00,64.303826986371,65.08180450248052,63.76664799700063,65.07254791259766,2397400,0.0,0.0
2024-05-10 00:00:00-04:00,65.05402802756747,65.62825464032369,64.7854385022186,65.48006439208984,2398700,0.0,0.0
2024-05-13 00:00:00-04:00,65.52637090414159,65.89683943201386,65.20221359204064,65.42449188232422,2897000,0.0,0.0
2024-05-14 00:00:00-04:00,65.46154120500496,65.75791462206607,65.17443144456755,65.61898803710938,3237300,0.0,0.0
2024-05-15 00:00:00-04:00,65.7486443978086,65.76717170920527,64.50758304599103,64.6742935180664,3847200,0.0,0.0
2024-05-16 00:00:00-04:00,64.7576409495017,66.21172388987299,64.69280949608765,66.12837219238281,2481000,0.0,0.0
2024-05-17 00:00:00-04:00,66.17469613963969,66.23952761245579,65.56342897681658,65.9802017211914,2753000,0.0,0.0
2024-05-20 00:00:00-04:00,65.99872685814192,66.16543736360848,65.23926945903882,66.15617370605469,2280200,0.0,0.0
2024-05-21 00:00:00-04:00,66.37845290826449,66.40623681519538,65.27631789210336,65.41523742675781,2541100,0.0,0.0
2024-05-22 00:00:00-04:00,65.18369821475102,65.24852968904217,64.52611981376909,65.15591430664062,3409900,0.0,0.0
2024-05-23 00:00:00-04:00,64.84101722360504,64.84101722360504,63.76665905849717,63.98893737792969,3083400,0.0,0.0
2024-05-24 00:00:00-04:00,64.17417506151799,64.2945743455147,63.16464836949811,63.25727081298828,3195900,0.0,0.0
2024-05-28 00:00:00-04:00,62.720093394990215,62.97015562718465,61.24748271086574,61.75687789916992,6350900,0.0,0.0
2024-05-29 00:00:00-04:00,61.692033327393894,62.29404376771728,60.96962362544546,61.58089065551758,6099800,0.0,0.0
2024-05-30 00:00:00-04:00,61.747608077270016,62.47001786049402,61.68277661123965,61.729087829589844,3679500,0.0,0.0
2024-05-31 00:00:00-04:00,61.72909800967794,63.72961719574576,61.72909800967794,63.674049377441406,7500900,0.0,0.0
2024-06-03 00:00:00-04:00,63.61846756536816,64.10007170563937,62.67377246538696,62.747867584228516,4232600,0.0,0.0
2024-06-04 00:00:00-04:00,62.84048032919326,63.22946908774087,62.201429387607675,63.10906982421875,2512000,0.0,0.0
2024-06-05 00:00:00-04:00,62.79417545500811,63.081285192600596,61.840216749463856,62.47927474975586,3294200,0.0,0.0
2024-06-06 00:00:00-04:00,62.47928688541885,62.80344424342131,61.86801973405714,62.41445541381836,2805100,0.0,0.0
2024-06-07 00:00:00-04:00,62.33109158606586,63.007190077706056,62.29404402861859,62.47927474975586,3373900,0.0,0.0
2024-06-10 00:00:00-04:00,62.29405716012708,62.47928792031076,61.238226281658875,61.960636138916016,4002700,0.0,0.0
2024-06-11 00:00:00-04:00,61.784655914760485,62.32183495918331,61.51606639254907,62.034725189208984,2999600,0.0,0.0
2024-06-12 00:00:00-04:00,61.738357924510545,61.979156499962286,60.42319408687911,60.469505310058594,4019100,0.0,0.0
2024-06-13 00:00:00-04:00,60.376884155776786,61.17338906880795,60.26574147043526,60.765872955322266,3639700,0.0,0.0
2024-06-14 00:00:00-04:00,60.82144067320397,61.34935606210511,60.64547358763685,60.66399383544922,2904100,0.0,0.0
2024-06-17 00:00:00-04:00,60.35835748714054,61.404931686854304,60.117558932142664,61.395668029785156,2964900,0.0,0.0
2024-06-18 00:00:00-04:00,61.10855551796261,61.923580651035685,61.0715079574457,61.73834991455078,4662800,0.0,0.0
2024-06-20 00:00:00-04:00,61.52533054995765,62.36813961897355,61.46976274011703,61.766136169433594,4989800,0.0,0.0
2024-06-21 00:00:00-04:00,61.99767928800844,62.79418421904333,61.803184883839464,62.127342224121094,6390800,0.0,0.0
2024-06-24 00:00:00-04:00,62.340357113369876,63.3869313295264,62.23847808230862,63.044246673583984,6248800,0.0,0.0
2024-06-25 00:00:00-04:00,62.710832514231704,63.38693824263937,62.14586948622144,62.29405975341797,6561300,0.0,0.0
2024-06-26 00:00:00-04:00,57.80213235060217,59.960101490922824,57.450187596776345,59.432186126708984,9908900,0.0,0.0
2024-06-27 00:00:00-04:00,59.71930631099877,60.06198389453705,58.681995771139746,59.00615310668945,6436900,0.0,0.0
2024-06-28 00:00:00-04:00,58.85796788925271,59.126557421571825,58.42267138944422,58.589378356933594,13274300,0.0,0.0
2024-07-01 00:00:00-04:00,58.74682951166235,59.48776664967763,58.54307144540313,58.626426696777344,3250500,0.0,0.0
2024-07-02 00:00:00-04:00,58.48749934493777,58.8672280104567,58.255957389546964,58.506019592285156,2949500,0.0,0.0
2024-07-03 00:00:00-04:00,58.35783726893955,58.58937924173546,58.12629529614364,58.422672271728516,2521800,0.0,0.0
2024-07-05 00:00:00-04:00,58.28373825456336,58.51528019788101,57.99662497295159,58.237430572509766,2671200,0.0,0.0
2024-07-08 00:00:00-04:00,58.441189712268304,58.65421142608859,57.87623029355565,57.88549041748047,2932800,0.0,0.0
2024-07-09 00:00:00-04:00,57.84844421656218,58.422670838808195,57.53354699996115,58.06146240234375,3826100,0.0,0.0
2024-07-10 00:00:00-04:00,58.248486035332945,58.781502872323166,58.183028077610714,58.594478607177734,3106100,0.6,0.0
2024-07-11 00:00:00-04:00,58.55707418085828,59.613758267391866,58.30459195307461,59.071388244628906,3377200,0.0,0.0
2024-07-12 00:00:00-04:00,59.39868092407164,59.89429576573905,58.893716474308405,58.94047164916992,3367700,0.0,0.0
2024-07-15 00:00:00-04:00,59.07138982023694,59.22101209301032,58.66929244732808,58.7815055847168,3720000,0.0,0.0
2024-07-16 00:00:00-04:00,58.58512925076821,58.94982460741296,58.24848628549885,58.81890869140625,3960500,0.0,0.0
2024-07-17 00:00:00-04:00,59.408028924550216,61.399834278225036,59.305165402323716,61.100589752197266,4090500,0.0,0.0
2024-07-18 00:00:00-04:00,60.49276717420825,62.47521216098407,60.45536160953939,61.2689094543457,2989000,0.0,0.0
2024-07-19 00:00:00-04:00,61.31567331446543,61.455942410092526,59.997160938088825,60.202880859375,2361300,0.0,0.0
2024-07-22 00:00:00-04:00,60.30574014761,60.95097366150409,60.053261500736966,60.40860366821289,2778300,0.0,0.0
2024-07-23 00:00:00-04:00,60.371201452169764,60.446012586646056,59.43608724155473,59.83818817138672,2662100,0.0,0.0
2024-07-24 00:00:00-04:00,60.090670045372114,61.64296183750472,59.54830002518862,61.25956726074219,3621600,0.0,0.0
2024-07-25 00:00:00-04:00,61.37177192350811,62.88666516195803,61.22215680177458,61.558799743652344,4020700,0.0,0.0
2024-07-26 00:00:00-04:00,61.343727577764696,62.31625096689104,61.343727577764696,62.01701354980469,2548100,0.0,0.0
2024-07-29 00:00:00-04:00,61.87674691914433,62.896029093708755,61.306324455312954,62.63419723510742,3135600,0.0,0.0
2024-07-30 00:00:00-04:00,62.13857524523286,63.71892661758499,62.13857524523286,63.634769439697266,3530800,0.0,0.0
2024-07-31 00:00:00-04:00,63.29812346901526,63.765682349101034,62.76510663109276,62.78380584716797,6477100,0.0,0.0
2024-08-01 00:00:00-04:00,62.65289174016268,63.475792824491585,62.12922806235179,63.2794189453125,4512500,0.0,0.0
2024-08-02 00:00:00-04:00,63.99010167329078,64.91586615782143,63.24200469254222,64.78495025634766,5271500,0.0,0.0
2024-08-05 00:00:00-04:00,65.46759900032983,66.23439530890133,63.22331485946264,63.8498420715332,3922900,0.0,0.0
2024-08-06 00:00:00-04:00,63.84984612797178,64.85977512568111,63.47579755833317,63.52255630493164,3475500,0.0,0.0
2024-08-07 00:00:00-04:00,63.4196956114952,64.74756131554452,63.27008045756595,64.38286590576172,2905300,0.0,0.0
2024-08-08 00:00:00-04:00,63.90594489739987,65.29927550971323,63.73763054801741,64.56053161621094,2441000,0.0,0.0
2024-08-09 00:00:00-04:00,64.36415284114702,64.71949499787459,64.01815672464095,64.63533782958984,1999400,0.0,0.0
2024-08-12 00:00:00-04:00,64.94392136424553,64.99068010296443,61.717768155333125,63.8685417175293,2099200,0.0,0.0
2024-08-13 00:00:00-04:00,63.934009287316904,64.84106759920884,63.7937401844444,64.71015167236328,2583800,0.0,0.0
2024-08-14 00:00:00-04:00,64.71949074986067,66.46816329805583,64.71949074986067,65.83228302001953,3857200,0.0,0.0
2024-08-15 00:00:00-04:00,66.16894129982896,66.18764051776718,64.23324762879447,64.28935241699219,3912400,0.0,0.0
2024-08-16 00:00:00-04:00,64.2893385481714,64.70079259788177,64.15842264769655,64.5511703491211,2320900,0.0,0.0
2024-08-19 00:00:00-04:00,64.66338229440457,65.46758398657333,64.57921800205246,65.28990936279297,4181200,0.0,0.0
2024-08-20 00:00:00-04:00,65.28992102551507,65.59851159529465,64.94392488960625,65.41148376464844,2962100,0.0,0.0
2024-08-21 00:00:00-04:00,65.57981198753096,66.27180433049479,65.43955001810328,66.04737091064453,2963900,0.0,0.0
2024-08-22 00:00:00-04:00,66.3466020332053,66.39336077482781,65.757480414426,66.08477020263672,1823600,0.0,0.0
2024-08-23 00:00:00-04:00,66.10347434787204,66.3185474296434,65.74812504591264,66.23439025878906,1957300,0.0,0.0
2024-08-26 00:00:00-04:00,66.13153164924663,66.91702717308159,66.08477290571153,66.3840103149414,1839300,0.0,0.0
2024-08-27 00:00:00-04:00,66.50558154952975,66.76741339614328,66.15023221394047,66.42141723632812,1930200,0.0,0.0
2024-08-28 00:00:00-04:00,66.3839983139033,67.30976990098063,66.00994983639157,66.9170150756836,2687800,0.0,0.0
2024-08-29 00:00:00-04:00,66.97313597009324,67.00118836115354,66.13152856637312,66.7300033569336,3121600,0.0,0.0
2024-08-30 00:00:00-04:00,66.62713946784208,67.73057869457953,66.62713946784208,67.59966278076172,3645800,0.0,0.0
2024-09-03 00:00:00-04:00,67.60901909040355,68.12332959442351,66.88897439664004,67.9176025390625,4443300,0.0,0.0
2024-09-04 00:00:00-04:00,67.93630186844389,68.98362911929507,67.88954313001011,68.80596160888672,2895200,0.0,0.0
2024-09-05 00:00:00-04:00,69.07716140999204,69.97487373225984,68.99299708963828,69.6756362915039,4468600,0.0,0.0
2024-09-06 00:00:00-04:00,69.7597880644402,70.63880109974615,69.60081974702017,70.18994140625,4057800,0.0,0.0
2024-09-09 00:00:00-04:00,70.18994456910319,70.56399314147465,69.68498006655919,70.27410888671875,3637400,0.0,0.0
2024-09-10 00:00:00-04:00,70.27409853194794,70.97543682640973,69.82523888436428,69.97486114501953,3270800,0.0,0.0
2024-09-11 00:00:00-04:00,69.69432096146546,69.81589082833374,67.84279191279238,68.37580871582031,3739100,0.0,0.0
2024-09-12 00:00:00-04:00,68.07658295398139,68.38516642516171,67.3939437781335,68.27295684814453,3810300,0.0,0.0
2024-09-13 00:00:00-04:00,68.31035437725637,69.09584986144205,67.99241063290819,68.92752838134766,3010300,0.0,0.0
2024-09-16 00:00:00-04:00,69.75042097655674,70.59202827501035,69.7130225494089,69.78782653808594,3324600,0.0,0.0
2024-09-17 00:00:00-04:00,69.50730671312022,70.37696653906875,69.38573683499227,69.66627502441406,4513600,0.0,0.0
2024-09-18 00:00:00-04:00,67.5622613398624,70.75101647604679,67.51550259590874,70.1431884765625,8032700,0.0,0.0
2024-09-19 00:00:00-04:00,69.77848951992323,70.13383169881962,69.08649724373963,70.04032135009766,4162700,0.0,0.0
2024-09-20 00:00:00-04:00,70.29281039177029,70.44243267933993,69.43250364139492,69.6756362915039,9129800,0.0,0.0
2024-09-23 00:00:00-04:00,69.39508013433188,69.72236988582318,68.75919984527097,69.37638092041016,3487400,0.0,0.0
2024-09-24 00:00:00-04:00,69.22677522352899,70.04033034408276,68.74051706710424,68.983642578125,2720200,0.0,0.0
2024-09-25 00:00:00-04:00,69.26418082854313,69.53536586886024,68.72181074790892,68.97429656982422,2782900,0.0,0.0
2024-09-26 00:00:00-04:00,68.58153359693084,69.57276328118132,68.516075638626,69.18936157226562,2896200,0.0,0.0
2024-09-27 00:00:00-04:00,69.3202748275145,70.11513060633419,69.25481687172274,69.5540542602539,2960500,0.0,0.0
2024-09-30 00:00:00-04:00,69.81589906843442,69.90005624676965,68.62829545534201,69.0584487915039,2904100,0.0,0.0
2024-10-01 00:00:00-04:00,69.17065263983041,69.99355359069781,69.0023311800642,69.77848052978516,4071900,0.0,0.0
2024-10-02 00:00:00-04:00,69.18937016463876,69.60082431615604,68.17944827314324,68.54414367675781,5958300,0.0,0.0
2024-10-03 00:00:00-04:00,68.22619136889028,68.40386602747861,67.53420621949826,68.3010025024414,3443600,0.0,0.0
2024-10-04 00:00:00-04:00,67.96436267383908,68.99299083732178,67.88019836111249,68.83402252197266,2413000,0.0,0.0
2024-10-07 00:00:00-04:00,68.74050668722947,68.95557977099341,67.93630486449878,68.02046203613281,2392100,0.0,0.0
2024-10-08 00:00:00-04:00,67.9456652121397,68.09528035563277,67.30978479993267,67.78668975830078,3328400,0.0,0.0
2024-10-09 00:00:00-04:00,67.90825377500654,67.99241094825294,67.2256146763515,67.39393615722656,2620600,0.0,0.0
2024-10-10 00:00:00-04:00,67.67681627597007,68.36518614330807,67.10161236301505,67.23362731933594,2578600,0.6,0.0
2024-10-11 00:00:00-04:00,67.5070899725169,67.5070899725169,66.71500013791308,66.77157592773438,2816000,0.0,0.0
2024-10-14 00:00:00-04:00,66.8187236844314,66.85644327374447,66.46982287899262,66.79043579101562,2221600,0.0,0.0
2024-10-15 00:00:00-04:00,66.94130788820928,68.41234311484398,66.83758081471977,67.1676254272461,3709900,0.0,0.0
2024-10-16 00:00:00-04:00,66.88472951841,67.40336486583487,66.85644162569152,66.95073699951172,3240400,0.0,0.0
2024-10-17 00:00:00-04:00,66.95073632616158,66.95073632616158,66.43210098395282,66.64898681640625,3169700,0.0,0.0
2024-10-18 00:00:00-04:00,66.57355178279923,66.57355178279923,65.66830319720603,65.94176483154297,3867800,0.0,0.0
2024-10-21 00:00:00-04:00,66.2435194519616,66.3378148379489,64.69705210008429,64.8479232788086,3501800,0.0,0.0
2024-10-22 00:00:00-04:00,64.81020610648717,65.2911146978859,64.7253352293557,65.14024353027344,3378900,0.0,0.0
2024-10-23 00:00:00-04:00,64.86677701701701,64.99879197660388,64.45186874730074,64.66875457763672,3385000,0.0,0.0
2024-10-24 00:00:00-04:00,64.6121734993134,65.09308926296701,64.5555977133339,64.6970443725586,2369300,0.0,0.0
2024-10-25 00:00:00-04:00,64.73476918579802,64.93279164698386,64.3670121586991,64.40473175048828,2183900,0.0,0.0
2024-10-28 00:00:00-04:00,64.48960074024069,65.03652407475072,64.27272206246137,64.3764419555664,3029600,0.0,0.0
2024-10-29 00:00:00-04:00,64.14069926431476,64.66876639342236,63.99925977768303,64.07469177246094,2966100,0.0,0.0
2024-10-30 00:00:00-04:00,64.00867177426673,64.36700425512639,63.74464185843896,64.32928466796875,5067200,0.0,0.0
2024-10-31 00:00:00-04:00,64.31985992434502,64.96107858677681,64.1218374660718,64.14069366455078,4288800,0.0,0.0
2024-11-01 00:00:00-04:00,64.38585648669033,64.76304514076372,64.07467530750912,64.34813690185547,3495000,0.0,0.0
2024-11-04 00:00:00-05:00,64.33871771159677,64.71589920252593,64.07468059596026,64.20669555664062,2851900,0.0,0.0
2024-11-05 00:00:00-05:00,64.13126791539192,64.50845662612481,63.96153335527593,64.41415405273438,3202400,0.0,0.0
2024-11-06 00:00:00-05:00,64.7347698707112,64.81963355742737,62.10388766836119,62.226470947265625,5910500,0.0,0.0
2024-11-07 00:00:00-05:00,62.283050064703225,62.5659361971322,61.18920354200463,61.23635482788086,4534500,0.0,0.0
2024-11-08 00:00:00-05:00,61.1986323455666,62.09444918066638,61.000609903942724,61.783267974853516,3006000,0.0,0.0
2024-11-11 00:00:00-05:00,61.66068947404896,61.820992339996884,60.425403445204026,60.44425964355469,5010400,0.0,0.0
2024-11-12 00:00:00-05:00,60.708286307653545,61.0288992165115,60.36881720146323,60.59513473510742,4704500,0.0,0.0
2024-11-13 00:00:00-05:00,60.434828660894176,61.6229706107546,60.3593966723244,61.50981903076172,3233100,0.0,0.0
2024-11-14 00:00:00-05:00,61.7455597440276,61.981301789608494,60.93460653168725,61.01947021484375,3675100,0.0,0.0
2024-11-15 00:00:00-05:00,60.55741462939167,60.55741462939167,58.8317812200295,59.60501480102539,6785000,0.0,0.0
2024-11-18 00:00:00-05:00,59.90676564248629,60.20851516384389,59.1712516338194,59.29383850097656,4859800,0.0,0.0
2024-11-19 00:00:00-05:00,59.34098584563559,59.48243250670087,58.718627011796805,59.19953918457031,2847600,0.0,0.0
2024-11-20 00:00:00-05:00,59.3315563159365,60.18022911903694,59.076958072144514,60.16136932373047,4685900,0.0,0.0
2024-11-21 00:00:00-05:00,60.067071018964604,60.500839095611866,59.293837434747886,60.46311950683594,3659000,0.0,0.0
2024-11-22 00:00:00-05:00,60.87802609795919,61.41551769662048,60.58570825136625,61.29293441772461,3919700,0.0,0.0
2024-11-25 00:00:00-05:00,61.49095599701802,61.887000917858906,61.35894102340439,61.79270553588867,4852100,0.0,0.0
2024-11-26 00:00:00-05:00,61.76441853294334,62.54708388372763,61.70784274179923,62.226470947265625,3642500,0.0,0.0
2024-11-27 00:00:00-05:00,62.63194455336152,63.17886782233038,62.39620250924835,62.45278549194336,2678300,0.0,0.0
2024-11-29 00:00:00-05:00,62.34905270041344,62.594219223933734,61.96243233026318,62.4810676574707,1792500,0.0,0.0
2024-12-02 00:00:00-05:00,62.46221154374556,63.55605810882563,62.09445452134571,63.18830108642578,5151400,0.0,0.0
2024-12-03 00:00:00-05:00,63.207157350859234,63.310884428493154,62.46221160888672,62.46221160888672,4979200,0.0,0.0
2024-12-04 00:00:00-05:00,61.90586185981008,62.424490037250834,61.35893859404969,61.6135368347168,3152600,0.0,0.0
2024-12-05 00:00:00-05:00,61.368373002859315,62.00015997867727,61.35894130633586,61.81156921386719,2847000,0.0,0.0
2024-12-06 00:00:00-05:00,61.94358092515759,62.40563331059685,61.30236228659293,61.34950637817383,3708800,0.0,0.0
2024-12-09 00:00:00-05:00,61.28350260862894,62.6508108443115,61.142055936761565,62.13217544555664,3642000,0.0,0.0
2024-12-10 00:00:00-05:00,61.90586370405876,62.537650670771136,61.462667499438425,62.367916107177734,2993000,0.0,0.0
2024-12-11 00:00:00-05:00,62.40563824492905,62.631948607529424,61.67955586754269,61.76441955566406,5345300,0.0,0.0
2024-12-12 00:00:00-05:00,62.17932916629587,62.61309370118554,61.52867876682294,62.311344146728516,3368700,0.0,0.0
2024-12-13 00:00:00-05:00,63.06570996734103,63.34860330209679,62.61308926486344,62.88655090332031,3193300,0.0,0.0
2024-12-16 00:00:00-05:00,62.99027737658663,63.15058024075088,61.83985504453493,61.85871124267578,5620400,0.0,0.0
2024-12-17 00:00:00-05:00,61.45323353818708,62.88654917665667,61.11376442351144,62.169891357421875,6012200,0.0,0.0
2024-12-18 00:00:00-05:00,59.50128925510393,60.94402938392082,59.2278312234574,60.26509475708008,13262600,0.0,0.0
2024-12-19 00:00:00-05:00,59.87847829639356,61.377794220956226,59.74646332923494,60.35939407348633,6138100,0.0,0.0
2024-12-20 00:00:00-05:00,60.642283119463215,60.82144938104874,59.71817830494909,59.982208251953125,10672900,0.0,0.0
2024-12-23 00:00:00-05:00,59.55786405541133,60.24623032523495,59.39756120772016,59.925621032714844,3380200,0.0,0.0
2024-12-24 00:00:00-05:00,59.595589866608215,60.18966082891328,59.57673007129746,60.104793548583984,1220400,0.0,0.0
2024-12-26 00:00:00-05:00,59.87847945301452,60.68943266366831,59.85019155868785,60.12364959716797,2212100,0.0,0.0
2024-12-27 00:00:00-05:00,59.982205165717446,60.519696728542215,59.87847809269195,60.30281448364258,1984400,0.0,0.0
2024-12-30 00:00:00-05:00,60.22737780633231,60.31224508804809,59.50129186212807,59.75589370727539,2521100,0.0,0.0
2024-12-31 00:00:00-05:00,59.642739441343366,60.246238521808515,59.56730025771609,60.13308334350586,2634900,0.0,0.0
2025-01-02 00:00:00-05:00,60.24623998872566,60.434830758109264,59.642740893566106,59.916202545166016,3360400,0.0,0.0
2025-01-03 00:00:00-05:00,59.92563134359198,60.53855854551292,59.70874907856103,60.236812591552734,3200500,0.0,0.0
2025-01-06 00:00:00-05:00,59.906762554037684,60.019921316566496,57.94539076633036,57.99253845214844,5393100,0.0,0.0
2025-01-07 00:00:00-05:00,58.14341762316897,58.65262130182772,57.35132421096808,57.41733169555664,4046800,0.0,0.0
2025-01-08 00:00:00-05:00,57.12501792391703,57.511634759907516,56.295204862350246,57.492774963378906,5362400,0.0,0.0
2025-01-10 00:00:00-05:00,57.33087386057138,57.54991164423961,55.49285720534544,55.71189498901367,5938000,0.6,0.0
2025-01-13 00:00:00-05:00,56.102353688709044,56.73089799307021,55.664278125979244,56.50233840942383,6108100,0.0,0.0
2025-01-14 00:00:00-05:00,56.30234190007018,56.511857870473555,55.76903380506368,55.978546142578125,5140200,0.0,0.0
2025-01-15 00:00:00-05:00,56.197583755787065,56.378530687128276,55.426190654010874,55.530948638916016,4951300,0.0,0.0
2025-01-16 00:00:00-05:00,55.30238801292412,56.454718634870964,55.17858278563317,56.34043884277344,3794800,0.0,0.0
2025-01-17 00:00:00-05:00,56.311870119677806,56.93088899383584,56.27377564446802,56.78804016113281,4458400,0.0,0.0
2025-01-21 00:00:00-05:00,57.08326448452032,58.09274630186831,57.01660096791981,57.197547912597656,4676900,0.0,0.0
2025-01-22 00:00:00-05:00,57.12135741622697,57.57848021751008,56.40710235805541,56.49281311035156,4112900,0.0,0.0
2025-01-23 00:00:00-05:00,56.37853151350896,56.8070852612712,56.23567905329189,56.72137451171875,3450600,0.0,0.0
2025-01-24 00:00:00-05:00,56.702326854132075,57.52133986980353,56.57852163172178,57.50229263305664,3522900,0.0,0.0
2025-01-27 00:00:00-05:00,58.52129668891502,60.102181023623544,58.52129668891502,58.702239990234375,5232200,0.0,0.0
2025-01-28 00:00:00-05:00,58.292735277167125,58.7212890386588,56.9118414380891,56.94993591308594,3885300,0.0,0.0
2025-01-29 00:00:00-05:00,57.092786105728756,57.57847792749727,56.78803758366048,57.045169830322266,2878900,0.0,0.0
2025-01-30 00:00:00-05:00,57.50229386468633,58.04512740848816,56.97850755803935,57.75942611694336,3233300,0.0,0.0
2025-01-31 00:00:00-05:00,57.34992018108039,57.911800967726876,57.18802048006917,57.27373123168945,4017600,0.0,0.0
2025-02-03 00:00:00-05:00,57.007075945778645,57.32134627301935,56.15949388296438,57.016597747802734,5434900,0.0,0.0
2025-02-04 00:00:00-05:00,56.911843600582316,56.92136903613801,55.78808560858867,56.10235595703125,4615100,0.0,0.0
2025-02-05 00:00:00-05:00,56.1023559360198,56.77851654465173,55.87379271032871,56.71185302734375,4122200,0.0,0.0
2025-02-06 00:00:00-05:00,57.359444467018385,57.38801350783252,56.19758836872067,56.416629791259766,4991800,0.0,0.0
2025-02-07 00:00:00-05:00,56.3975771707894,56.540425994116525,55.81664917708135,56.016639709472656,7988100,0.0,0.0
2025-02-10 00:00:00-05:00,55.95950043642805,56.07378385953136,55.09287112545092,55.311912536621094,4939900,0.0,0.0
2025-02-11 00:00:00-05:00,55.23572374418042,56.57852308988717,55.11191851857936,56.52138137817383,4481500,0.0,0.0
2025-02-12 00:00:00-05:00,55.83569775725497,56.43566936886861,55.330955063929125,55.65475082397461,5724800,0.0,0.0
2025-02-13 00:00:00-05:00,55.69284970924115,56.80708953729483,55.47381191787266,56.70233154296875,4581000,0.0,0.0
2025-02-14 00:00:00-05:00,56.87374672130983,57.635618004896635,56.016639256719145,56.03568649291992,4690300,0.0,0.0
2025-02-18 00:00:00-05:00,54.14053195099304,54.89288148408743,52.52155672560593,54.81669616699219,8367300,0.0,0.0
2025-02-19 00:00:00-05:00,54.85478443931944,55.45475967722728,54.70241017937812,55.226200103759766,3864200,0.0,0.0
2025-02-20 00:00:00-05:00,54.84526446053292,56.40710158506953,54.84526446053292,56.3690071105957,2953100,0.0,0.0
2025-02-21 00:00:00-05:00,56.426147836153625,58.36892240569683,56.369006125441544,58.092742919921875,5218900,0.0,0.0
2025-02-24 00:00:00-05:00,57.74037768156026,59.39744731786604,57.36896564697065,58.41653823852539,5464900,0.0,0.0
2025-02-25 00:00:00-05:00,58.52129791069453,59.559348730227946,58.4451089614606,58.654624938964844,5410600,0.0,0.0
2025-02-26 00:00:00-05:00,58.187974150282706,58.34987384384621,56.25472505953416,56.46424102783203,5311500,0.0,0.0
2025-02-27 00:00:00-05:00,56.18806413143419,57.159451438805675,55.892837401886595,57.12135696411133,3976300,0.0,0.0
2025-02-28 00:00:00-05:00,57.83560820178163,58.254636497113076,57.19754214073905,57.73085021972656,8139600,0.0,0.0
2025-03-03 00:00:00-05:00,57.645143164798775,59.22602753267265,57.24516207994723,59.11174774169922,4098800,0.0,0.0
2025-03-04 00:00:00-05:00,59.63553715709211,61.244990648270964,58.17845793943971,58.22607421875,6004100,0.0,0.0
2025-03-05 00:00:00-05:00,57.71180634917698,58.7879516372875,57.42610505693136,58.054649353027344,4950000,0.0,0.0
2025-03-06 00:00:00-05:00,58.492725559929845,59.65458161191274,57.892753929414255,59.254600524902344,4582500,0.0,0.0
2025-03-07 00:00:00-05:00,58.66414985536235,62.91158591262462,58.66414985536235,61.42593765258789,9001900,0.0,0.0
2025-03-10 00:00:00-04:00,62.22589619909561,64.14010175922826,61.97829301419419,62.187808990478516,8862600,0.0,0.0
2025-03-11 00:00:00-04:00,61.59735354811197,61.85448215975847,59.14983995699098,59.35935592651367,7594400,0.0,0.0
2025-03-12 00:00:00-04:00,58.22607393694075,58.607011435357826,57.14040678920807,57.168975830078125,5266500,0.0,0.0
2025-03-13 00:00:00-04:00,57.48324642789497,58.34987573454156,56.78803862215772,56.99755096435547,4059600,0.0,0.0
2025-03-14 00:00:00-04:00,56.283295329067926,57.359440599473324,56.140446501739824,56.72137451171875,5510200,0.0,0.0
2025-03-17 00:00:00-04:00,57.03564247348783,58.33082546507665,56.854699179885124,58.03559875488281,4770400,0.0,0.0
2025-03-18 00:00:00-04:00,58.035599175952505,58.53081641944055,57.368964072111716,57.55942916870117,7385200,0.0,0.0
2025-03-19 00:00:00-04:00,56.530906674306706,57.56895748743592,55.32143435934778,56.37853240966797,9743300,0.0,0.0
2025-03-20 00:00:00-04:00,56.540426748971555,56.56899942032955,55.226200118949556,55.530948638916016,7132300,0.0,0.0
2025-03-21 00:00:00-04:00,55.616662885238824,56.43567231360495,55.33095795102297,55.84522247314453,48561100,0.0,0.0
2025-03-24 00:00:00-04:00,55.23572508367152,56.27377592452505,55.026209101864104,55.397621154785156,5381900,0.0,0.0
2025-03-25 00:00:00-04:00,55.683323792834436,55.683323792834436,54.88335800685768,55.03573226928711,4987900,0.0,0.0
2025-03-26 00:00:00-04:00,55.17858487893887,56.4737680148097,55.073830518060724,56.254730224609375,5204200,0.0,0.0
2025-03-27 00:00:00-04:00,56.692803202650346,57.16897323763418,56.49281265985051,56.81660842895508,4013100,0.0,0.0
2025-03-28 00:00:00-04:00,57.149927700236276,57.58800690644793,56.16901856151654,56.292823791503906,5763500,0.0,0.0
2025-03-31 00:00:00-04:00,56.88327271589663,57.75942748127046,56.72137664558976,56.94041442871094,5336400,0.0,0.0
2025-04-01 00:00:00-04:00,57.21659177753898,57.40705688066107,56.321389808153704,56.873748779296875,4037400,0.0,0.0
2025-04-02 00:00:00-04:00,57.207067384574756,57.34039441234412,55.97854782946155,56.3690071105957,3952400,0.0,0.0
2025-04-03 00:00:00-04:00,57.18802366445958,58.435590533536335,57.01660215167379,58.064178466796875,7965600,0.0,0.0
2025-04-04 00:00:00-04:00,58.09274161860912,59.62600964259201,56.492810083399924,56.76898956298828,7577900,0.0,0.0
2025-04-07 00:00:00-04:00,55.94998078337341,57.283258374345635,55.26429474997179,55.83570098876953,8031900,0.0,0.0
2025-04-08 00:00:00-04:00,56.21663105457824,56.65471023129239,53.454847135216255,53.9976806640625,10132300,0.0,0.0
2025-04-09 00:00:00-04:00,53.407232851163904,55.61666152217891,52.845352064740055,55.29286575317383,7453800,0.0,0.0
2025-04-10 00:00:00-04:00,55.28323989000163,55.956839708745754,54.12849786798651,55.013797760009766,5031100,0.6,0.0
2025-04-11 00:00:00-04:00,55.283242019914475,56.07231497001384,54.715494051347974,55.78363037109375,4235600,0.0,0.0
2025-04-14 00:00:00-04:00,55.77400735202413,56.97686294711173,55.23513039475222,56.774784088134766,4153900,0.0,0.0
2025-04-15 00:00:00-04:00,56.77478039937937,56.83251878568883,55.4179595231085,55.66815185546875,4145500,0.0,0.0
2025-04-16 00:00:00-04:00,56.18779059896806,56.26477511991038,54.09001012400168,54.340206146240234,4202500,0.0,0.0
2025-04-17 00:00:00-04:00,54.571149894667364,55.61041885535295,54.320957554589626,55.34097671508789,3368900,0.0,0.0
2025-04-21 00:00:00-04:00,55.21588201456396,55.56230499916353,55.01379949299834,55.49494171142578,3885500,0.0,0.0
2025-04-22 00:00:00-04:00,55.54305858940405,56.2455257842614,55.21588173569286,55.870235443115234,3556000,0.0,0.0
2025-04-23 00:00:00-04:00,55.40834006438053,55.66815363401464,54.61926344290242,55.119651794433594,3493700,0.0,0.0
2025-04-24 00:00:00-04:00,55.04266962872108,55.20625621833537,54.10925256546098,54.26321792602539,3532900,0.0,0.0
2025-04-25 00:00:00-04:00,54.4556765896977,54.48454394822521,53.281688398594866,54.022647857666016,3996100,0.0,0.0
2025-04-28 00:00:00-04:00,53.96490973302251,54.24396941308955,53.28168503414827,53.64735412597656,3566500,0.0,0.0
2025-04-29 00:00:00-04:00,53.75320897251853,54.10925318461839,52.93526500261629,54.03227233886719,3275400,0.0,0.0
2025-04-30 00:00:00-04:00,54.51341561488586,54.92719822246208,53.84943699440017,54.60002136230469,4779500,0.0,0.0
2025-05-01 00:00:00-04:00,54.06114148797497,54.138122336276204,53.41640898818557,53.48377227783203,4328700,0.0,0.0
2025-05-02 00:00:00-04:00,53.69546833045059,53.82056632922028,53.00262606448659,53.33942413330078,3512600,0.0,0.0
2025-05-05 00:00:00-04:00,53.30093172192105,53.36829133548838,52.444499203001975,52.9737548828125,3923000,0.0,0.0
2025-05-06 00:00:00-04:00,52.800545047887034,53.07960841042215,52.36751632512974,52.50223922729492,4058700,0.0,0.0
2025-05-07 00:00:00-04:00,52.46374904493556,52.6850740295838,51.79014919075784,52.38676452636719,5250500,0.0,0.0
2025-05-08 00:00:00-04:00,52.36751637960622,53.15659298124245,52.20392979018537,52.64657974243164,4035200,0.0,0.0
2025-05-09 00:00:00-04:00,52.67544984139119,53.05074017127221,52.38676158379931,52.44449996948242,4888900,0.0,0.0
2025-05-12 00:00:00-04:00,52.57922130207438,53.19508275737105,52.0692117226863,52.77167892456055,4618900,0.0,0.0
2025-05-13 00:00:00-04:00,52.77167897188634,52.800546330496815,51.33787353744359,51.742034912109375,9527600,0.0,0.0
2025-05-14 00:00:00-04:00,51.66505192818449,51.69392295847571,50.933717345363085,51.27051544189453,5648300,0.0,0.0
2025-05-15 00:00:00-04:00,51.597689882685664,52.396387718081456,51.29938406001996,52.34827423095703,3494900,0.0,0.0
2025-05-16 00:00:00-04:00,52.511862486009065,53.11810272130164,52.126947235164025,53.050743103027344,3904100,0.0,0.0
2025-05-19 00:00:00-04:00,52.925644852879174,52.96413711195172,52.59846799241024,52.76205825805664,4160600,0.0,0.0
2025-05-20 00:00:00-04:00,52.858283379149505,53.262441072750384,52.627333503646334,52.72356414794922,5663600,0.0,0.0
2025-05-21 00:00:00-04:00,52.63696118256043,52.723566931593666,51.18390957887201,51.34749984741211,5567400,0.0,0.0
2025-05-22 00:00:00-04:00,51.25126636975127,51.60731424658623,50.41407995584562,51.328250885009766,5069200,0.0,0.0
2025-05-23 00:00:00-04:00,51.49183933068803,51.53995648987174,50.70276637495014,51.36674499511719,3804500,0.0,0.0
2025-05-27 00:00:00-04:00,51.530336038127764,52.17506858444347,51.32825716707736,52.088462829589844,4687600,0.0,0.0
2025-05-28 00:00:00-04:00,51.819012764415696,52.252041472670214,51.23202237191915,51.35711669921875,3466100,0.0,0.0
2025-05-29 00:00:00-04:00,51.241643294375,51.9826027083324,51.01069342774501,51.9537353515625,3171900,0.0,0.0
2025-05-30 00:00:00-04:00,52.08845623708957,52.41563308392525,51.79977164772249,52.21355056762695,8115700,0.0,0.0
2025-06-02 00:00:00-04:00,51.79977820368581,52.10770896076,51.36674942941768,52.088462829589844,3820400,0.0,0.0
2025-06-03 00:00:00-04:00,51.809394298328336,52.41563452221105,51.28013859149529,52.26166915893555,3393700,0.0,0.0
2025-06-04 00:00:00-04:00,52.482998196389765,52.89678083045941,52.20393480674762,52.550357818603516,4287300,0.0,0.0
2025-06-05 00:00:00-04:00,52.44450125892004,52.608087849475396,52.021097432638165,52.49261474609375,3709800,0.0,0.0
2025-06-06 00:00:00-04:00,52.53110750809815,53.01224972609838,52.377142145171035,52.70431900024414,2929900,0.0,0.0
2025-06-09 00:00:00-04:00,52.5311059698083,53.00262694480326,52.22317525297132,52.733184814453125,4843700,0.0,0.0
2025-06-10 00:00:00-04:00,52.77167681337269,53.10847488613164,52.07883086847008,52.44449996948242,5281900,0.0,0.0
2025-06-11 00:00:00-04:00,52.60808858562457,52.60808858562457,51.9248675140558,52.18468475341797,4230100,0.0,0.0
2025-06-12 00:00:00-04:00,52.29053414519933,52.68507060012071,51.588066977696556,52.67544937133789,3881000,0.0,0.0
2025-06-13 00:00:00-04:00,52.64658002573074,53.05074139317409,51.35711874903093,51.539955139160156,4344400,0.0,0.0
2025-06-16 00:00:00-04:00,51.761281523286435,51.847887270747876,50.98182979613352,51.511085510253906,3922200,0.0,0.0
2025-06-17 00:00:00-04:00,51.48221785542729,52.01147356650523,50.98182950306259,51.078060150146484,5867300,0.0,0.0
2025-06-18 00:00:00-04:00,51.02994124976961,51.22239886654583,50.68351827373715,50.962581634521484,6745800,0.0,0.0
2025-06-20 00:00:00-04:00,51.15504167409714,51.46297240719379,50.654653315109115,50.991455078125,9877500,0.0,0.0
2025-06-23 00:00:00-04:00,51.193532828417105,51.74203466433247,50.83748861423887,51.45335006713867,6469000,0.0,0.0
2025-06-24 00:00:00-04:00,51.280141512694776,51.665053107398315,51.058816519804836,51.39561462402344,6897100,0.0,0.0
2025-06-25 00:00:00-04:00,50.08690236319179,51.18390599355426,48.749327632457764,48.76857376098633,13275000,0.0,0.0
2025-06-26 00:00:00-04:00,49.13424689030951,50.096531370701456,48.34517391005403,48.47026824951172,7688700,0.0,0.0
2025-06-27 00:00:00-04:00,48.57611650730542,49.086126069217435,48.2970531478041,48.61460876464844,9005700,0.0,0.0
2025-06-30 00:00:00-04:00,48.72046112404407,49.932937875882,48.595363121840364,49.85595703125,7556500,0.0,0.0
2025-07-01 00:00:00-04:00,49.83671429509883,51.819017982323864,49.807843264425614,51.18391036987305,8647400,0.0,0.0
2025-07-02 00:00:00-04:00,51.26088977658138,52.136568422611866,51.02031867964087,51.79977035522461,9182600,0.0,0.0
2025-07-03 00:00:00-04:00,51.876750773323685,51.98260264244394,50.91446639342837,51.145416259765625,3595900,0.0,0.0
2025-07-07 00:00:00-04:00,51.02032261905599,51.24164760483151,49.68274780412085,49.88482666015625,8134300,0.0,0.0
2025-07-08 00:00:00-04:00,49.692369033578956,50.5295554877427,49.47104404780344,49.88482666015625,4972000,0.0,0.0
2025-07-09 00:00:00-04:00,49.89444939147856,50.10615315416843,48.92254367070272,49.26896667480469,5646600,0.0,0.0
2025-07-10 00:00:00-04:00,48.9183660081464,50.379197178382014,48.55802869304563,50.01885986328125,7258200,0.61,0.0
2025-07-11 00:00:00-04:00,49.67799688888662,50.46684705603823,49.3955723535629,50.233116149902344,4847100,0.0,0.0
2025-07-14 00:00:00-04:00,50.13572283933478,50.34997925587647,49.40530729030878,49.639041900634766,5316700,0.0,0.0
2025-07-15 00:00:00-04:00,49.5319157441324,49.60982480741123,48.68463471238913,48.70410919189453,4878900,0.0,0.0
2025-07-16 00:00:00-04:00,48.645676925712266,48.9573206000462,48.32429229681971,48.782020568847656,5895600,0.0,0.0
2025-07-17 00:00:00-04:00,49.04497083310043,49.707214572767704,48.67489257503091,48.97679901123047,5778900,0.0,0.0
2025-07-18 00:00:00-04:00,49.230005735115704,49.43452119088209,48.772281198174575,48.79175567626953,4325900,0.0,0.0
2025-07-21 00:00:00-04:00,48.967061021143444,49.210532889729215,47.759442633406096,47.89578628540039,6259400,0.0,0.0
2025-07-22 00:00:00-04:00,47.973691963342056,49.658520444239514,47.92499833608109,49.619564056396484,6098700,0.0,0.0
2025-07-23 00:00:00-04:00,49.9798993748423,50.3304994213592,49.74616848722135,49.93120574951172,4628900,0.0,0.0
2025-07-24 00:00:00-04:00,49.77538589268296,50.01885774407344,49.44426402618849,49.619564056396484,6056700,0.0,0.0
2025-07-25 00:00:00-04:00,49.66825929842735,49.90199391799885,49.307921986878455,49.73643112182617,4609600,0.0,0.0
2025-07-28 00:00:00-04:00,49.31765451684465,49.337132709539276,48.499588999097135,48.548282623291016,5920800,0.0,0.0
2025-07-29 00:00:00-04:00,48.60671990577546,49.12287903810257,48.402204443731016,48.71384811401367,3874600,0.0,0.0
2025-07-30 00:00:00-04:00,48.723586627427736,48.85993027235593,47.73022100926926,47.92499923706055,7302500,0.0,0.0
2025-07-31 00:00:00-04:00,47.47701037390498,48.18794772446293,47.321188539742764,47.70100402832031,7972400,0.0,0.0
2025-08-01 00:00:00-04:00,48.285339400717056,48.68463308880514,47.47701107002729,47.66204833984375,5271200,0.0,0.0
2025-08-04 00:00:00-04:00,47.62309807701637,48.041869980238005,47.50622890745279,47.73996353149414,4490400,0.0,0.0
2025-08-05 00:00:00-04:00,47.82760931793917,48.33403119596758,47.47700927045139,47.8665657043457,4670500,0.0,0.0
2025-08-06 00:00:00-04:00,47.92499749036301,48.43141937812881,47.68152564326901,48.02238845825195,3572600,0.0,0.0
2025-08-07 00:00:00-04:00,48.158735946898474,49.0157579573837,48.032129536067664,48.840457916259766,5573000,0.0,0.0
2025-08-08 00:00:00-04:00,48.85018948846524,49.18131133716043,48.18794579107486,48.52880859375,3781800,0.0,0.0
2025-08-11 00:00:00-04:00,48.577503165555335,48.859927680028335,47.65230941894833,48.06134033203125,4747800,0.0,0.0
2025-08-12 00:00:00-04:00,48.061341895772486,48.4508983433614,47.671789163269196,47.876304626464844,6276700,0.0,0.0
2025-08-13 00:00:00-04:00,47.81786927772831,48.626197593228504,47.68152563778504,48.431419372558594,4113800,0.0,0.0
2025-08-14 00:00:00-04:00,48.24638315148815,48.52881139182412,47.90552032915954,48.37298583984375,4985500,0.0,0.0
2025-08-15 00:00:00-04:00,48.58724271027418,48.684633681167014,47.94447716272419,48.353511810302734,6920600,0.0,0.0
2025-08-18 00:00:00-04:00,48.23664035623407,48.53854677904682,47.954215841761076,48.06134033203125,6257200,0.0,0.0
2025-08-19 00:00:00-04:00,48.1489917040141,48.879407253793296,48.1489917040141,48.606719970703125,9033100,0.0,0.0
2025-08-20 00:00:00-04:00,48.509335688119315,49.298182152545444,48.13925741333873,48.343772888183594,6247200,0.0,0.0
2025-08-21 00:00:00-04:00,48.28533710247358,48.567761613469656,47.96395249036313,48.50933074951172,3830000,0.0,0.0
2025-08-22 00:00:00-04:00,48.79175809134168,49.21052997773559,48.47037717567057,48.86967086791992,3871500,0.0,0.0
2025-08-25 00:00:00-04:00,48.68463182554107,49.064447309832175,47.86656627665042,48.041866302490234,4709900,0.0,0.0
2025-08-26 00:00:00-04:00,47.91526129807146,47.99317035899937,47.662048491113055,47.96395492553711,10987700,0.0,0.0
2025-08-27 00:00:00-04:00,47.96395492553711,48.21716401740988,47.71074583366434,47.96395492553711,5671500,0.0,0.0
2025-08-28 00:00:00-04:00,47.96395233045801,47.993167762339574,47.02902135939344,47.17510223388672,6716800,0.0,0.0
2025-08-29 00:00:00-04:00,47.33092524487011,48.05160354166554,47.2432752319502,48.041866302490234,4881100,0.0,0.0
2025-09-02 00:00:00-04:00,48.139255591259534,48.60672110824806,47.59387729723007,48.032127380371094,6253500,0.0,0.0
2025-09-03 00:00:00-04:00,47.652309861385156,48.48011264940677,47.64256890712484,48.450897216796875,5293700,0.0,0.0
2025-09-04 00:00:00-04:00,48.694367781410236,49.08392420969569,48.25611772836046,48.314552307128906,4170500,0.0,0.0
2025-09-05 00:00:00-04:00,48.265862133114226,49.42478683173792,48.13925572760696,49.25922775268555,5353100,0.0,0.0
2025-09-08 00:00:00-04:00,48.9183655477612,49.07418738918308,48.37298724524174,48.81123733520508,4623400,0.0,0.0
2025-09-09 00:00:00-04:00,48.820979827173005,49.093667129475506,48.704110656112626,49.03523254394531,4362900,0.0,0.0
2025-09-10 00:00:00-04:00,48.73332834132413,48.89888742272025,48.13925640909428,48.70410919189453,5180900,0.0,0.0
2025-09-11 00:00:00-04:00,48.87940985753338,49.64878183590476,48.791759838287454,49.28844451904297,4036600,0.0,0.0
2025-09-12 00:00:00-04:00,49.11314356431179,49.13262175879037,48.56776526416868,48.616458892822266,4340600,0.0,0.0
2025-09-15 00:00:00-04:00,48.69437097461277,48.8501928131281,47.710746315563284,47.730220794677734,5071600,0.0,0.0
2025-09-16 00:00:00-04:00,47.817870477919776,48.47037697627856,47.56466138525343,48.26586151123047,8132800,0.0,0.0
2025-09-17 00:00:00-04:00,47.43805798363165,48.32429543668044,47.15562972445154,47.89578628540039,15178800,0.0,0.0
2025-09-18 00:00:00-04:00,47.671786242545004,49.0352262954006,47.57439527907185,48.548282623291016,7310200,0.0,0.0
2025-09-19 00:00:00-04:00,48.97680167350099,49.444267212484924,48.57750796009267,49.03523254394531,15037000,0.0,0.0
2025-09-22 00:00:00-04:00,49.15209917786406,49.20079280574948,48.372986271354684,48.762542724609375,8413800,0.0,0.0
2025-09-23 00:00:00-04:00,48.94757691466235,49.288439718569464,48.81123327913368,49.23974609375,5522500,0.0,0.0
2025-09-24 00:00:00-04:00,49.23974947038622,49.989643232303614,49.19105212714188,49.775386810302734,6023600,0.0,0.0
2025-09-25 00:00:00-04:00,49.90199309335848,49.97990215520435,47.817870891467486,48.13925552368164,7408800,0.0,0.0
2025-09-26 00:00:00-04:00,48.285339623842205,48.801498762879234,48.2074268477159,48.782020568847656,5011400,0.0,0.0
2025-09-29 00:00:00-04:00,48.82097902382851,48.86967265342615,48.217166128543134,48.363250732421875,4991100,0.0,0.0
2025-09-30 00:00:00-04:00,48.470376599790285,49.17157672032083,48.30481380907141,49.10340118408203,4773800,0.0,0.0
2025-10-01 00:00:00-04:00,49.424784629493956,49.619562848883454,48.65541270620249,49.37609100341797,5067200,0.0,0.0
2025-10-02 00:00:00-04:00,49.18131198598812,49.69747110117213,48.879405565079004,49.006011962890625,4289500,0.0,0.0
2025-10-03 00:00:00-04:00,48.937843254576045,49.35661514580216,48.791758654348996,49.04497146606445,3599500,0.0,0.0
2025-10-06 00:00:00-04:00,49.04497090013531,49.61956462460005,48.72358626937854,48.86967086791992,5989000,0.0,0.0
2025-10-07 00:00:00-04:00,48.9378424745004,49.92146712641486,48.39246418610996,49.6000862121582,5050600,0.0,0.0
2025-10-08 00:00:00-04:00,49.57086919125956,49.60008462386945,48.36324720388166,48.450897216796875,4995900,0.0,0.0
2025-10-09 00:00:00-04:00,48.655414804963634,48.655414804963634,47.81787102602105,47.92499923706055,4472700,0.0,0.0
2025-10-10 00:00:00-04:00,48.12221942619933,48.72374778030554,47.915137004472165,48.654720306396484,5867000,0.61,0.0
2025-10-13 00:00:00-04:00,48.36874849204585,48.52652611689023,47.46152808961949,47.48125076293945,4438700,0.0,0.0
2025-10-14 00:00:00-04:00,47.3431942553768,48.2306957875464,47.04736166522543,47.90528106689453,5846600,0.0,0.0
2025-10-15 00:00:00-04:00,47.648888748828426,47.846111724059604,47.05722358485027,47.07694625854492,5596800,0.0,0.0
2025-10-16 00:00:00-04:00,47.23472298220771,47.98416575968171,46.82055436597882,47.047359466552734,5215000,0.0,0.0
2025-10-17 00:00:00-04:00,47.33333186179617,47.89541487671778,47.18541369504196,47.71791458129883,5562700,0.0,0.0
2025-10-20 00:00:00-04:00,47.78694275260293,48.37861166652952,47.6291651278989,48.132083892822266,5357000,0.0,0.0
2025-10-21 00:00:00-04:00,48.141944036997984,48.260276316789216,47.84611145666222,47.895416259765625,4990600,0.0,0.0
2025-10-22 00:00:00-04:00,47.83624803128458,49.019582109204386,47.688333622616696,48.496944427490234,5553400,0.0,0.0
2025-10-23 00:00:00-04:00,48.42791650853319,48.477221310971906,47.23472298562592,47.264305114746094,4809100,0.0,0.0
2025-10-24 00:00:00-04:00,47.205136070241664,47.39249958184362,46.6134709303881,46.75152587890625,5085600,0.0,0.0
2025-10-27 00:00:00-04:00,46.77124853163342,47.64888678544778,46.662775711640144,47.61930465698242,7592300,0.0,0.0
2025-10-28 00:00:00-04:00,47.32347276614622,47.84611043901382,47.175554598266764,47.38263702392578,6617600,0.0,0.0
2025-10-29 00:00:00-04:00,47.03750151208793,47.362916227918674,45.814722059405184,45.923194885253906,8082300,0.0,0.0
2025-10-30 00:00:00-04:00,45.9626388084397,46.60360876411739,45.883748115098584,46.39652633666992,5910700,0.0,0.0
2025-10-31 00:00:00-04:00,46.01194365751094,46.18944395599288,45.5681929113061,45.96263885498047,6762000,0.0,0.0
2025-11-03 00:00:00-05:00,45.80485984927447,46.00208281516727,45.30194109816208,45.78513717651367,7765500,0.0,0.0
2025-11-04 00:00:00-05:00,45.9626373077329,46.07111012667758,45.469581775595394,45.73583221435547,5281800,0.0,0.0
2025-11-05 00:00:00-05:00,45.68652894844055,45.893611376084124,45.163887508848994,45.74569320678711,5408300,0.0,0.0
2025-11-06 00:00:00-05:00,45.67666663259785,46.29791768950784,45.32166602864928,45.34138870239258,6110200,0.0,0.0
2025-11-07 00:00:00-05:00,45.48930613962728,46.66277699552797,45.30194262295094,46.22888946533203,6267900,0.0,0.0
2025-11-10 00:00:00-05:00,46.14013936261821,46.199303621236844,45.40055603616266,45.57805633544922,4784400,0.0,0.0
2025-11-11 00:00:00-05:00,45.96263747917725,46.2584700472202,45.71610971218893,46.00208282470703,5525600,0.0,0.0
2025-11-12 00:00:00-05:00,46.13027785325133,46.228891224126265,45.69639030654798,45.85416793823242,5622300,0.0,0.0
2025-11-13 00:00:00-05:00,45.91333572994999,47.07694716841653,45.82458557746643,46.67264175415039,7670600,0.0,0.0
2025-11-14 00:00:00-05:00,47.195276614654034,47.42208171032174,46.258470341789874,46.75152587890625,5811100,0.0,0.0
2025-11-17 00:00:00-05:00,46.74166646041059,46.74166646041059,46.0612474111523,46.3176383972168,5385200,0.0,0.0
2025-11-18 00:00:00-05:00,46.435972320375505,47.175555652875616,46.16972186926962,47.02763748168945,6071400,0.0,0.0
2025-11-19 00:00:00-05:00,46.64305306692329,47.28402676997138,46.593748265546175,46.96847152709961,5459600,0.0,0.0
2025-11-20 00:00:00-05:00,46.89944542972794,47.264305484688585,46.751527259538726,47.145973205566406,5786600,0.0,0.0
2025-11-21 00:00:00-05:00,47.33333396477502,48.40819524069374,46.968473902076866,47.65875244140625,7435000,0.0,0.0
2025-11-24 00:00:00-05:00,47.48125047230067,47.629164878722015,46.0218027492795,46.297916412353516,11542800,0.0,0.0
2025-11-25 00:00:00-05:00,46.49513938263058,47.037499729606076,46.03166596673676,46.297916412353516,4795000,0.0,0.0
2025-11-26 00:00:00-05:00,46.37680329531349,46.73180388910081,46.15986141377757,46.51485824584961,3880600,0.0,0.0
2025-11-28 00:00:00-05:00,46.51485962217072,46.879723444200955,46.45569536259908,46.692359924316406,1951000,0.0,0.0
2025-12-01 00:00:00-05:00,46.64305341895185,46.83041693200027,46.100693076279846,46.4162483215332,5564000,0.0,0.0
2025-12-02 00:00:00-05:00,46.307776983306184,46.307776983306184,44.966665267183,45.292083740234375,6947800,0.0,0.0
2025-12-03 00:00:00-05:00,45.4597209818722,46.14999951600684,45.282220679902856,45.55833435058594,5761800,0.0,0.0
2025-12-04 00:00:00-05:00,45.785139457328285,46.02180401881708,45.163888400418294,45.34138870239258,6066800,0.0,0.0
2025-12-05 00:00:00-05:00,45.3019431962138,45.696389146267215,45.04555596187983,45.292083740234375,5465500,0.0,0.0
2025-12-08 00:00:00-05:00,45.25263923923625,45.479444348158474,44.522919108219604,45.3216667175293,5844400,0.0,0.0
2025-12-09 00:00:00-05:00,45.49916670754028,45.66680755488935,44.85819673329256,45.00611114501953,5698700,0.0,0.0
2025-12-10 00:00:00-05:00,45.075138092041016,45.46958404209888,44.907501008381416,45.075138092041016,8200700,0.0,0.0
2025-12-11 00:00:00-05:00,45.301944195867485,46.051390765163546,45.10472497820421,45.58791732788086,8036600,0.0,0.0
2025-12-12 00:00:00-05:00,45.75555742881151,46.22889031455178,45.65694405987683,46.041526794433594,6373100,0.0,0.0
2025-12-15 00:00:00-05:00,46.20916816540567,46.495141295989974,46.05139053503424,46.40639114379883,6929300,0.0,0.0
2025-12-16 00:00:00-05:00,46.583889000379365,46.731803405115336,46.002083313634664,46.366943359375,9213100,0.0,0.0
2025-12-17 00:00:00-05:00,47.33333186845612,48.19124745529162,46.57402588499381,47.93486022949219,15918600,0.0,0.0
2025-12-18 00:00:00-05:00,47.80666505516264,48.56597104369837,47.68833277798111,48.033470153808594,8108600,0.0,0.0
2025-12-19 00:00:00-05:00,48.072916450798054,48.072916450798054,47.0966648000271,47.19527816772461,13423400,0.0,0.0
2025-12-22 00:00:00-05:00,46.84027830871459,47.057223959367036,46.46555502896456,46.741668701171875,7542700,0.0,0.0
2025-12-23 00:00:00-05:00,46.69235982157876,46.70222303929592,45.804862074518475,45.99222183227539,8545300,0.0,0.0
2025-12-24 00:00:00-05:00,46.14999840355372,46.38666672104638,45.982361323354354,46.34722137451172,2284500,0.0,0.0
2025-12-26 00:00:00-05:00,46.29791673170883,46.62333143745267,46.169721235887174,46.39652633666992,3910800,0.0,0.0
2025-12-29 00:00:00-05:00,46.583888623686526,46.65291609768151,46.189442690816435,46.26832962036133,5961900,0.0,0.0
2025-12-30 00:00:00-05:00,46.297918485005304,46.554305724642674,45.992222679304774,46.02180480957031,5210100,0.0,0.0
2025-12-31 00:00:00-05:00,45.9527775473919,46.09083626661681,45.79499991570746,45.85416793823242,4296300,0.0,0.0
2026-01-02 00:00:00-05:00,45.834441838533856,45.844305055741934,44.976526265474874,45.084999084472656,8395000,0.0,0.0
2026-01-05 00:00:00-05:00,44.90750182725465,44.937083957448024,43.734027173378045,43.75374984741211,12009000,0.0,0.0
2026-01-06 00:00:00-05:00,43.75374728442451,43.80305208576381,43.191664273383104,43.231109619140625,11060300,0.0,0.0
2026-01-07 00:00:00-05:00,43.34944424659432,43.566389898315705,42.34361044549797,42.35347366333008,10384200,0.0,0.0
2026-01-08 00:00:00-05:00,42.402777155312734,43.56638855027947,42.19569472783102,43.30999755859375,10575300,0.0,0.0
2026-01-09 00:00:00-05:00,43.400001525878906,44.68000030517578,43.380001068115234,44.599998474121094,8690900,0.61,0.0
2026-01-12 00:00:00-05:00,44.58000183105469,44.58000183105469,43.45000076293945,43.47999954223633,12599700,0.0,0.0
2026-01-13 00:00:00-05:00,43.47999954223633,44.34000015258789,43.34000015258789,44.27000045776367,8486300,0.0,0.0
2026-01-14 00:00:00-05:00,44.349998474121094,45.790000915527344,44.349998474121094,45.619998931884766,8687600,0.0,0.0
2026-01-15 00:00:00-05:00,45.349998474121094,45.720001220703125,44.900001525878906,45.599998474121094,7188100,0.0,0.0
2026-01-16 00:00:00-05:00,45.27000045776367,45.349998474121094,44.310001373291016,44.5099983215332,7269200,0.0,0.0
2026-01-20 00:00:00-05:00,44.5,44.709999084472656,43.93000030517578,44.45000076293945,9035300,0.0,0.0
2026-01-21 00:00:00-05:00,44.22999954223633,44.31999969482422,43.43000030517578,43.97999954223633,8437600,0.0,0.0
2026-01-22 00:00:00-05:00,43.84000015258789,44.779998779296875,43.81999969482422,44.4900016784668,5662800,0.0,0.0
2026-01-23 00:00:00-05:00,44.380001068115234,44.880001068115234,44.310001373291016,44.560001373291016,6134600,0.0,0.0
2026-01-26 00:00:00-05:00,44.66999816894531,44.869998931884766,44.290000915527344,44.630001068115234,6997000,0.0,0.0
2026-01-27 00:00:00-05:00,44.5,45.150001525878906,44.459999084472656,44.709999084472656,6789100,0.0,0.0
2026-01-28 00:00:00-05:00,44.58000183105469,45.189998626708984,44.0099983215332,44.349998474121094,6378000,0.0,0.0
2026-01-29 00:00:00-05:00,44.38999938964844,45.099998474121094,44.2400016784668,44.43000030517578,7543100,0.0,0.0
2026-01-30 00:00:00-05:00,44.720001220703125,46.279998779296875,44.43000030517578,46.2599983215332,9623900,0.0,0.0
2026-02-02 00:00:00-05:00,46.75,46.77000045776367,45.18000030517578,45.619998931884766,9461200,0.0,0.0
2026-02-03 00:00:00-05:00,45.20000076293945,46.790000915527344,45.119998931884766,46.5,9904800,0.0,0.0
2026-02-04 00:00:00-05:00,46.79999923706055,48.720001220703125,46.40999984741211,48.5,12143900,0.0,0.0
2026-02-05 00:00:00-05:00,49.18000030517578,49.290000915527344,47.7599983215332,48.369998931884766,6503900,0.0,0.0
2026-02-06 00:00:00-05:00,48.31999969482422,48.869998931884766,47.650001525878906,47.869998931884766,6087800,0.0,0.0
2026-02-09 00:00:00-05:00,47.939998626708984,48.279998779296875,47.22999954223633,48.099998474121094,4602400,0.0,0.0
2026-02-10 00:00:00-05:00,48.11000061035156,48.880001068115234,48.04999923706055,48.65999984741211,4909700,0.0,0.0
2026-02-11 00:00:00-05:00,47.90999984741211,49.04999923706055,47.029998779296875,49.0099983215332,9849500,0.0,0.0
2026-02-12 00:00:00-05:00,48.95000076293945,49.59000015258789,48.400001525878906,48.58000183105469,6387500,0.0,0.0
2026-02-13 00:00:00-05:00,48.560001373291016,48.7400016784668,47.58000183105469,48.34000015258789,5769800,0.0,0.0
2026-02-17 00:00:00-05:00,46.5099983215332,46.709999084472656,43.720001220703125,44.959999084472656,22123600,0.0,0.0
2026-02-18 00:00:00-05:00,44.34000015258789,45.54999923706055,43.93000030517578,45.36000061035156,8944800,0.0,0.0
2026-02-19 00:00:00-05:00,45.65999984741211,45.709999084472656,44.41999816894531,44.79999923706055,6718600,0.0,0.0
2026-02-20 00:00:00-05:00,44.93000030517578,45.060001373291016,44.540000915527344,44.619998931884766,5114200,0.0,0.0
2026-02-23 00:00:00-05:00,44.0099983215332,45.65999984741211,43.91999816894531,45.380001068115234,6840100,0.0,0.0
2026-02-24 00:00:00-05:00,45.560001373291016,46.0,44.90999984741211,45.41999816894531,5792700,0.0,0.0
2026-02-25 00:00:00-05:00,45.189998626708984,45.560001373291016,43.97999954223633,44.540000915527344,8425900,0.0,0.0
2026-02-26 00:00:00-05:00,44.81999969482422,45.08000183105469,44.43000030517578,44.93000030517578,5805900,0.0,0.0
2026-02-27 00:00:00-05:00,45.150001525878906,45.56999969482422,44.91999816894531,45.22999954223633,7837100,0.0,0.0
2026-03-02 00:00:00-05:00,45.099998474121094,45.59000015258789,44.689998626708984,45.119998931884766,5722600,0.0,0.0
2026-03-03 00:00:00-05:00,45.0,45.16999816894531,44.38999938964844,44.540000915527344,5765600,0.0,0.0
2026-03-04 00:00:00-05:00,44.5,44.61000061035156,43.310001373291016,43.560001373291016,8096900,0.0,0.0
2026-03-05 00:00:00-05:00,43.560001373291016,44.040000915527344,43.13999938964844,43.56999969482422,7732600,0.0,0.0
2026-03-06 00:00:00-05:00,43.599998474121094,44.439998626708984,43.06999969482422,44.290000915527344,6662000,0.0,0.0
2026-03-09 00:00:00-04:00,44.150001525878906,44.29999923706055,43.38999938964844,43.400001525878906,7512578,0.0,0.0
