Date,Open,High,Low,Close,Volume,Dividends,Stock Splits
2022-01-03 00:00:00-05:00,20.72840518914203,20.812636339793137,20.605887948478994,20.797321319580078,127200,0.0,0.0
2022-01-04 00:00:00-05:00,20.866232910974873,20.99640763342746,20.7896592870874,20.881547927856445,143500,0.0,0.0
2022-01-05 00:00:00-05:00,20.927494952126974,21.057669695940888,20.690117993591237,20.74371910095215,138600,0.0,0.0
2022-01-06 00:00:00-05:00,20.713087032923745,20.827948206610742,20.521653690806072,20.70543098449707,139000,0.0,0.0
2022-01-07 00:00:00-05:00,20.636518714648346,20.751378449244232,20.521657519531697,20.54463005065918,339000,0.0,0.0
2022-01-10 00:00:00-05:00,20.536971056021752,20.567601095311346,20.261306544498026,20.521656036376953,136900,0.0,0.0
2022-01-11 00:00:00-05:00,20.498684632719048,20.789662698615697,20.445083525358136,20.74371910095215,173600,0.0,0.0
2022-01-12 00:00:00-05:00,20.82794964617068,20.942809367275913,20.797319608264967,20.866235733032227,159100,0.0,0.0
2022-01-13 00:00:00-05:00,20.95849614075379,20.996937402975934,20.735532713832935,20.75090980529785,104400,0.11,0.0
2022-01-14 00:00:00-05:00,20.612517709031962,20.7124673312661,20.52025809852053,20.666336059570312,96900,0.0,0.0
2022-01-18 00:00:00-05:00,20.60483489567654,20.60483489567654,20.0897139499626,20.120468139648438,431500,0.0,0.0
2022-01-19 00:00:00-05:00,20.13584203721377,20.21272603277983,19.87443733215332,19.87443733215332,191300,0.0,0.0
2022-01-20 00:00:00-05:00,19.98208040110988,20.28192646609519,19.797559632931176,19.82831382751465,134500,0.0,0.0
2022-01-21 00:00:00-05:00,19.697603251569866,19.774485773212227,18.913389212720926,19.10559844970703,387900,0.0,0.0
2022-01-24 00:00:00-05:00,18.605859113865673,19.074848765514542,17.875463254524,19.028718948364258,557800,0.0,0.0
2022-01-25 00:00:00-05:00,18.728866625724624,19.197856119327184,18.490526140146322,18.913387298583984,226200,0.0,0.0
2022-01-26 00:00:00-05:00,19.151730803462122,19.420824064324332,18.836507730190487,19.04409408569336,141600,0.0,0.0
2022-01-27 00:00:00-05:00,19.090228502712247,19.305503456614915,18.805758080285173,18.944149017333984,131600,0.0,0.0
2022-01-28 00:00:00-05:00,18.959526650058407,19.25937271118164,18.71349896232235,19.25937271118164,176700,0.0,0.0
2022-01-31 00:00:00-05:00,19.228615417609227,19.60534540830579,19.197861230724442,19.543838500976562,122500,0.0,0.0
2022-02-01 00:00:00-05:00,19.543839731449925,19.859062834663597,19.474644273042976,19.797555923461914,179300,0.0,0.0
2022-02-02 00:00:00-05:00,19.912875371610486,20.05126624792744,19.797550130159692,20.0205135345459,173000,0.0,0.0
2022-02-03 00:00:00-05:00,19.87443936972836,19.951323373176752,19.613034637868072,19.65147590637207,140700,0.0,0.0
2022-02-04 00:00:00-05:00,19.390073860209117,19.51308769618889,18.990279626495152,19.190176010131836,916100,0.0,0.0
2022-02-07 00:00:00-05:00,19.082536036770172,19.367006400795958,19.00565203570047,19.151731491088867,393100,0.0,0.0
2022-02-08 00:00:00-05:00,19.11328588156135,19.451573063110388,19.082531701544156,19.38237762451172,287200,0.0,0.0
2022-02-09 00:00:00-05:00,19.459273451297523,19.789873755490195,19.459273451297523,19.736055374145508,220400,0.0,0.0
2022-02-10 00:00:00-05:00,19.488956217198908,19.782372391768806,19.265034742370162,19.33452796936035,222300,0.11,0.0
2022-02-11 00:00:00-05:00,19.28820547393662,19.46579868894308,18.89441086278,18.9561824798584,208200,0.0,0.0
2022-02-14 00:00:00-05:00,18.917575981759324,19.025675944660314,18.64732460175531,18.71681785583496,249600,0.0,0.0
2022-02-15 00:00:00-05:00,18.8866820083531,19.102883321874458,18.8866820083531,18.994783401489258,182600,0.0,0.0
2022-02-16 00:00:00-05:00,18.987069407118053,19.249599153175726,18.940741061564214,19.17238426208496,207200,0.0,0.0
2022-02-17 00:00:00-05:00,19.07972600641843,19.10289091545966,18.80947609802846,18.855804443359375,173900,0.0,0.0
2022-02-18 00:00:00-05:00,18.925291398095087,18.933013031871873,18.53921854576206,18.624155044555664,236400,0.0,0.0
2022-02-22 00:00:00-05:00,18.531496375956905,18.593267971633388,18.16086680189801,18.23036003112793,284600,0.0,0.0
2022-02-23 00:00:00-05:00,18.30757704809476,18.4697284393389,17.952390670776367,17.952390670776367,222900,0.0,0.0
2022-02-24 00:00:00-05:00,17.373286818287347,18.16859781171514,17.311515190732397,18.129989624023438,291800,0.0,0.0
2022-02-25 00:00:00-05:00,18.238089370371434,18.639604175535215,18.191759549476217,18.546947479248047,339500,0.0,0.0
2022-02-28 00:00:00-05:00,18.353902021523286,18.61643165415789,18.307572223234178,18.600988388061523,186500,0.0,0.0
2022-03-01 00:00:00-05:00,18.600996080450926,18.63960278890663,18.099101506769184,18.26125144958496,254400,0.0,0.0
2022-03-02 00:00:00-05:00,18.392513479442613,18.739979692883487,18.338463506852097,18.670486450195312,208100,0.0,0.0
2022-03-03 00:00:00-05:00,18.801754222218808,18.84808256695968,18.516059572021796,18.73998260498047,227900,0.0,0.0
2022-03-04 00:00:00-05:00,18.4465662221285,18.508337839044003,18.276694643798745,18.423402786254883,182000,0.0,0.0
2022-03-07 00:00:00-05:00,18.346185827595527,18.346185827595527,17.7979615006489,17.805683135986328,188700,0.0,0.0
2022-03-08 00:00:00-05:00,17.890615129659693,18.207194734714342,17.728463774064082,17.813400268554688,241300,0.0,0.0
2022-03-09 00:00:00-05:00,18.145430377061146,18.47745338130294,18.114543831200717,18.276695251464844,144300,0.0,0.0
2022-03-10 00:00:00-05:00,18.137704007853213,18.245803944654643,17.921502661499172,18.168590545654297,165500,0.0,0.0
2022-03-11 00:00:00-05:00,18.222645948155108,18.377074264958413,17.913787841796875,17.913787841796875,131700,0.0,0.0
2022-03-14 00:00:00-04:00,17.921504463401185,18.168592372399548,17.543153173803997,17.689861297607422,194600,0.0,0.0
2022-03-15 00:00:00-04:00,17.81340072865321,18.03732368436629,17.76707239989399,18.02960205078125,129500,0.0,0.0
2022-03-16 00:00:00-04:00,18.19252678152965,18.533878019901042,18.052882420503906,18.495088577270508,175600,0.11,0.0
2022-03-17 00:00:00-04:00,18.471808784934844,18.9450475453651,18.43301935330566,18.91401481628418,157100,0.0,0.0
2022-03-18 00:00:00-04:00,18.735579484078375,19.115721504947,18.69679005571862,19.05365753173828,148100,0.0,0.0
2022-03-21 00:00:00-04:00,19.053662857398738,19.069179224968337,18.774375639757285,19.0303897857666,197400,0.0,0.0
2022-03-22 00:00:00-04:00,19.13124747549842,19.224344221923687,18.999361281234133,19.139005661010742,173100,0.0,0.0
2022-03-23 00:00:00-04:00,19.092449812062746,19.092449812062746,18.789886626167338,18.859708786010742,174900,0.0,0.0
2022-03-24 00:00:00-04:00,18.93729025491027,19.022628784179688,18.844195022727305,19.022628784179688,153400,0.0,0.0
2022-03-25 00:00:00-04:00,19.014876624535578,19.139004626578625,18.960570808607056,19.061424255371094,180700,0.0,0.0
2022-03-28 00:00:00-04:00,18.991595210118618,19.131239531912748,18.906258164361514,19.100208282470703,147700,0.0,0.0
2022-03-29 00:00:00-04:00,19.2398575790769,19.387260132612237,19.162278689584852,19.34847068786621,203800,0.0,0.0
2022-03-30 00:00:00-04:00,19.325190952707324,19.36398038705512,19.162273552780103,19.23209571838379,113900,0.0,0.0
2022-03-31 00:00:00-04:00,19.25536889559279,19.286401627023526,19.069176946174604,19.115724563598633,149400,0.0,0.0
2022-04-01 00:00:00-04:00,19.115726065735778,19.31743439671982,18.99159808970286,19.301918029785156,141500,0.0,0.0
2022-04-04 00:00:00-04:00,19.30967976339772,19.387260132612237,19.162278689584852,19.34847068786621,70200,0.0,0.0
2022-04-05 00:00:00-04:00,19.348465836097912,19.348465836097912,18.92953283522349,18.9605655670166,151900,0.0,0.0
2022-04-06 00:00:00-04:00,18.782126819543667,18.914012945649834,18.619209447147597,18.68903160095215,117100,0.0,0.0
2022-04-07 00:00:00-04:00,18.720069156157617,18.89850443141646,18.619215722074202,18.86747169494629,135000,0.0,0.0
2022-04-08 00:00:00-04:00,18.751103268815175,18.96832800088204,18.71231382510293,18.774377822875977,150200,0.0,0.0
2022-04-11 00:00:00-04:00,18.751098189245003,18.867467968580215,18.533873516023114,18.5416316986084,171600,0.0,0.0
2022-04-12 00:00:00-04:00,18.665757500634463,18.8209181749418,18.370953995116757,18.487323760986328,188200,0.0,0.0
2022-04-13 00:00:00-04:00,18.526295348438406,18.728939056396484,18.487324546955655,18.728939056396484,71000,0.11,0.0
2022-04-14 00:00:00-04:00,18.744526429840814,18.806878227423518,18.518501721072553,18.534090042114258,122300,0.0,0.0
2022-04-18 00:00:00-04:00,18.502912080916705,18.58085219398459,18.354826014746127,18.487323760986328,168200,0.0,0.0
2022-04-19 00:00:00-04:00,18.487329765417716,18.783501993951553,18.487329765417716,18.713356018066406,114700,0.0,0.0
2022-04-20 00:00:00-04:00,18.845850587612645,19.04070015698567,18.767910462546585,18.915996551513672,173300,0.0,0.0
2022-04-21 00:00:00-04:00,19.009524681235334,19.048495489456826,18.56526787360063,18.67438316345215,132500,0.0,0.0
2022-04-22 00:00:00-04:00,18.557476349378703,18.57306467488274,18.097631153101364,18.121013641357422,216000,0.0,0.0
2022-04-25 00:00:00-04:00,17.98071833421372,18.14439274833568,17.661165153853617,18.136598587036133,224700,0.0,0.0
2022-04-26 00:00:00-04:00,17.99631018608835,18.035279513644138,17.622199289848396,17.645580291748047,190300,0.0,0.0
2022-04-27 00:00:00-04:00,17.692339365783898,17.91056990582041,17.544253294627648,17.59101676940918,160700,0.0,0.0
2022-04-28 00:00:00-04:00,17.74689549559214,18.074242764467048,17.559840125747037,17.949539184570312,143400,0.0,0.0
2022-04-29 00:00:00-04:00,17.84822482384133,18.011899277015694,17.458525585388095,17.50528907775879,95600,0.0,0.0
2022-05-02 00:00:00-04:00,17.458524254251458,17.614404532381407,17.076619208076043,17.427349090576172,213900,0.0,0.0
2022-05-03 00:00:00-04:00,17.380580336502916,17.692340824983475,17.380580336502916,17.559843063354492,126900,0.0,0.0
2022-05-04 00:00:00-04:00,17.591019324365142,18.121010404146347,17.450727393060202,18.058658599853516,134500,0.0,0.0
2022-05-05 00:00:00-04:00,17.90277902504323,17.90277902504323,17.372789411739014,17.5208740234375,174400,0.0,0.0
2022-05-06 00:00:00-04:00,17.380585282818544,17.591023226455896,17.17794298885436,17.435144424438477,224200,0.0,0.0
2022-05-09 00:00:00-04:00,17.1311747833379,17.201320751337015,16.71809462354793,16.725887298583984,235500,0.0,0.0
2022-05-10 00:00:00-04:00,16.98309194113858,17.24029335506211,16.601185414884885,16.78824234008789,166400,0.0,0.0
2022-05-11 00:00:00-04:00,16.733680385412043,17.092204364000253,16.492067337036133,16.492067337036133,183900,0.0,0.0
2022-05-12 00:00:00-04:00,16.484272135686304,16.57000641600932,16.09457302379498,16.40633201599121,321700,0.0,0.0
2022-05-13 00:00:00-04:00,16.492519644883398,17.033129990507067,16.492519644883398,16.939111709594727,311000,0.11,0.0
2022-05-16 00:00:00-04:00,16.86859858996071,17.087975592422563,16.751073487906144,16.923442840576172,163900,0.0,0.0
2022-05-17 00:00:00-04:00,17.17416358324777,17.417045951873842,17.142823151479742,17.362201690673828,146400,0.0,0.0
2022-05-18 00:00:00-04:00,17.252509462356162,17.276013286739417,16.594375480538115,16.71973419189453,195700,0.0,0.0
2022-05-19 00:00:00-04:00,16.5787039264738,16.868596857023494,16.414171191530112,16.617877960205078,207600,0.0,0.0
2022-05-20 00:00:00-04:00,16.8450920499362,16.86076226166038,16.280977877408418,16.69622802734375,294900,0.0,0.0
2022-05-23 00:00:00-04:00,16.837255760777417,17.048799121006002,16.766741307367887,16.845090866088867,222800,0.0,0.0
2022-05-24 00:00:00-04:00,16.657052821794633,16.88426489825259,16.56303305245075,16.845090866088867,290200,0.0,0.0
2022-05-25 00:00:00-04:00,16.75890311877149,17.181989761389637,16.75890311877149,17.056631088256836,216200,0.0,0.0
2022-05-26 00:00:00-04:00,17.056628673948325,17.534557987220367,17.056628673948325,17.424869537353516,256700,0.0,0.0
2022-05-27 00:00:00-04:00,17.51889635003079,17.769613762045154,17.511061244106134,17.730438232421875,159600,0.0,0.0
2022-05-31 00:00:00-04:00,17.67558673696813,17.793110288856795,17.56589828779111,17.61290740966797,152800,0.0,0.0
2022-06-01 00:00:00-04:00,17.675593798125927,17.7696135738323,17.244673437589682,17.45621681213379,179600,0.0,0.0
2022-06-02 00:00:00-04:00,17.4248793472786,17.72260744223766,17.31519083565889,17.691267013549805,210800,0.0,0.0
2022-06-03 00:00:00-04:00,17.612914946999215,17.612914946999215,17.377867742634972,17.417041778564453,179800,0.0,0.0
2022-06-06 00:00:00-04:00,17.5737361907959,17.746103994739084,17.471881333707394,17.5737361907959,176400,0.0,0.0
2022-06-07 00:00:00-04:00,17.479713264256336,17.83228540648727,17.42486904088553,17.793109893798828,191200,0.0,0.0
2022-06-08 00:00:00-04:00,17.66775163425648,17.816615596991745,17.55806318507946,17.61290740966797,153000,0.0,0.0
2022-06-09 00:00:00-04:00,17.60508054376209,17.620750756516937,17.252509723140445,17.307353973388672,117700,0.0,0.0
2022-06-10 00:00:00-04:00,17.08013883601063,17.08013883601063,16.743238258433355,16.813751220703125,109600,0.0,0.0
2022-06-13 00:00:00-04:00,16.359324001953677,16.374994211814514,16.05376238163469,16.11644172668457,206500,0.0,0.0
2022-06-14 00:00:00-04:00,16.16370865556078,16.179463117795574,15.730469958673154,15.8643798828125,206300,0.11,0.0
2022-06-15 00:00:00-04:00,15.927394731752365,16.3448789271513,15.832870972087596,16.12432098388672,201400,0.0,0.0
2022-06-16 00:00:00-04:00,15.754098974848787,15.785607893963904,15.383878189813904,15.439017295837402,238100,0.0,0.0
2022-06-17 00:00:00-04:00,15.383873939514158,15.659569393461735,15.352365029104412,15.38387393951416,232600,0.0,0.0
2022-06-21 00:00:00-04:00,15.486277334878471,15.880129762525284,15.486277334878471,15.761974334716797,168400,0.0,0.0
2022-06-22 00:00:00-04:00,15.66744834385041,15.919513645135215,15.557170150145234,15.801358222961426,149200,0.0,0.0
2022-06-23 00:00:00-04:00,15.943142436146575,15.990404295950404,15.604429185626353,15.8880033493042,279300,0.0,0.0
2022-06-24 00:00:00-04:00,16.02192044646932,16.41577296186448,15.990411524072213,16.360633850097656,215400,0.0,0.0
2022-06-27 00:00:00-04:00,16.38426403946737,16.51817395479885,16.305494738330832,16.360633850097656,109500,0.0,0.0
2022-06-28 00:00:00-04:00,16.502421334268465,16.707223324334908,16.147953462176265,16.203092575073242,115600,0.0,0.0
2022-06-29 00:00:00-04:00,16.258232591319636,16.33700340087552,16.14795435939834,16.28974151611328,166500,0.0,0.0
2022-06-30 00:00:00-04:00,16.03767651878971,16.24248002766083,15.911643821396444,16.108570098876953,113300,0.0,0.0
2022-07-01 00:00:00-04:00,16.10856746444116,16.344878357799583,15.966780327454895,16.2661075592041,94400,0.0,0.0
2022-07-05 00:00:00-04:00,16.124322077128845,16.30549538322148,15.872256697695127,16.250354766845703,105000,0.0,0.0
2022-07-06 00:00:00-04:00,16.226717240247417,16.463028051020526,16.116437559782806,16.24247169494629,86700,0.0,0.0
2022-07-07 00:00:00-04:00,16.281860482805275,16.573311959374365,16.281860482805275,16.49454116821289,133000,0.0,0.0
2022-07-08 00:00:00-04:00,16.502415758437397,16.61269394697059,16.352751429408322,16.447275161743164,111200,0.0,0.0
2022-07-11 00:00:00-04:00,16.384265404923692,16.407897098690977,16.25823270968799,16.297618865966797,83600,0.0,0.0
2022-07-12 00:00:00-04:00,16.27398799701486,16.486668744415006,16.171586990356445,16.171586990356445,169000,0.0,0.0
2022-07-13 00:00:00-04:00,15.958894827166871,16.266099129819644,15.958894827166871,16.163698196411133,141600,0.0,0.0
2022-07-14 00:00:00-04:00,15.973635301928388,16.124106260120158,15.751888706199734,15.981554985046387,149400,0.11,0.0
2022-07-15 00:00:00-04:00,16.171629415989162,16.337938297433844,16.068676514693745,16.30626106262207,122200,0.0,0.0
2022-07-18 00:00:00-04:00,16.47256644921306,16.520084557137757,16.23498195169115,16.266660690307617,108300,0.0,0.0
2022-07-19 00:00:00-04:00,16.361691635178026,16.797263657580295,16.361691635178026,16.73390769958496,120600,0.0,0.0
2022-07-20 00:00:00-04:00,16.805180841668648,16.947732103587438,16.67054926213701,16.892295837402344,171500,0.0,0.0
2022-07-21 00:00:00-04:00,16.813104015101544,16.995252216252084,16.70223145970996,16.971494674682617,118300,0.0,0.0
2022-07-22 00:00:00-04:00,17.07444475116099,17.137800702517755,16.718068091226073,16.87645721435547,167900,0.0,0.0
2022-07-25 00:00:00-04:00,16.91605525612333,17.066524693209352,16.74182526082899,16.884376525878906,208500,0.0,0.0
2022-07-26 00:00:00-04:00,16.88437591174799,16.88437591174799,16.575515855723925,16.678468704223633,198400,0.0,0.0
2022-07-27 00:00:00-04:00,16.8210170872532,17.16155581412839,16.757661150429307,17.1298770904541,169800,0.0,0.0
2022-07-28 00:00:00-04:00,17.193239391617805,17.375389099121094,16.916058009488278,17.375389099121094,161500,0.0,0.0
2022-07-29 00:00:00-04:00,17.430822607196365,17.73176299308125,17.383306022167176,17.644649505615234,131400,0.0,0.0
2022-08-01 00:00:00-04:00,17.58129621913846,17.763444414785084,17.422905564343424,17.660490036010742,156000,0.0,0.0
2022-08-02 00:00:00-04:00,17.581301013869915,17.723850829431022,17.430830001831055,17.430830001831055,170500,0.0,0.0
2022-08-03 00:00:00-04:00,17.48626487786612,17.723849395100032,17.438748276524443,17.597137451171875,120100,0.0,0.0
2022-08-04 00:00:00-04:00,17.620895327185174,17.700090664468622,17.462504652618286,17.549619674682617,118200,0.0,0.0
2022-08-05 00:00:00-04:00,17.407066019434517,17.54961730519284,17.35162974397855,17.4545841217041,117600,0.0,0.0
2022-08-08 00:00:00-04:00,17.486263765070557,17.71593009290322,17.486263765070557,17.620895385742188,133300,0.0,0.0
2022-08-09 00:00:00-04:00,17.620896507105474,17.668413108447155,17.49418456317732,17.597137451171875,158900,0.0,0.0
2022-08-10 00:00:00-04:00,17.874317301429585,18.032707959189654,17.858477933548524,18.016868591308594,112900,0.0,0.0
2022-08-11 00:00:00-04:00,18.040621633254748,18.206930409027617,18.001023226743524,18.096057891845703,181400,0.0,0.0
2022-08-12 00:00:00-04:00,18.206927652872565,18.325719833374023,18.048538582378796,18.325719833374023,116100,0.0,0.0
2022-08-15 00:00:00-04:00,18.230695069604803,18.412843264099955,18.17525879393456,18.3494873046875,207100,0.0,0.0
2022-08-16 00:00:00-04:00,18.365403717919243,18.51659247555023,18.309702996089626,18.405189514160156,137000,0.11,0.0
2022-08-17 00:00:00-04:00,18.317659381882148,18.460890668297385,18.142598246160972,18.309701919555664,222700,0.0,0.0
2022-08-18 00:00:00-04:00,18.38131799423398,18.421103789069562,18.19034344710778,18.23012924194336,147700,0.0,0.0
2022-08-19 00:00:00-04:00,18.12668078426666,18.174424029814567,17.943662227160587,18.047107696533203,126800,0.0,0.0
2022-08-22 00:00:00-04:00,17.90388237306796,17.94366817124908,17.569676508061455,17.68107795715332,124200,0.0,0.0
2022-08-23 00:00:00-04:00,17.66516155246083,17.856136083256054,17.529887736764547,17.59354591369629,156000,0.0,0.0
2022-08-24 00:00:00-04:00,17.67311516851799,17.8163464271795,17.593543596133113,17.665159225463867,119700,0.0,0.0
2022-08-25 00:00:00-04:00,17.696987827854983,17.919792180119032,17.681072906036732,17.90387725830078,225700,0.0,0.0
2022-08-26 00:00:00-04:00,17.943668387307387,17.951625850585607,17.394617080688477,17.394617080688477,131800,0.0,0.0
2022-08-29 00:00:00-04:00,17.259337573636536,17.490097862015368,17.171807024046064,17.35482406616211,161600,0.0,0.0
2022-08-30 00:00:00-04:00,17.3627889953122,17.410532262111428,17.036540556343834,17.092241287231445,101100,0.0,0.0
2022-08-31 00:00:00-04:00,17.092234897361696,17.235466161943975,16.84555967376473,16.87738800048828,149000,0.0,0.0
2022-09-01 00:00:00-04:00,16.77394404147359,16.885345461601798,16.551139683486657,16.87738800048828,125500,0.0,0.0
2022-09-02 00:00:00-04:00,16.949002520923358,17.147934482519783,16.678454931733786,16.797815322875977,142300,0.0,0.0
2022-09-06 00:00:00-04:00,16.837603872660917,16.869433720253074,16.55114131525418,16.630714416503906,141000,0.0,0.0
2022-09-07 00:00:00-04:00,16.590928853672903,16.933092131356553,16.551141543633708,16.901262283325195,218000,0.0,0.0
2022-09-08 00:00:00-04:00,16.82964392345508,17.06836319192315,16.702327587364287,17.060405731201172,81200,0.0,0.0
2022-09-09 00:00:00-04:00,17.07632318300579,17.338914895889456,17.07632318300579,17.291170120239258,80100,0.0,0.0
2022-09-12 00:00:00-04:00,17.41848945071032,17.55376330261122,17.33891784654714,17.42644691467285,96900,0.0,0.0
2022-09-13 00:00:00-04:00,17.219554453628835,17.219554453628835,16.654588268696696,16.734161376953125,163600,0.0,0.0
2022-09-14 00:00:00-04:00,16.861476241150445,16.964920210258068,16.614799475754936,16.670501708984375,141900,0.0,0.0
2022-09-15 00:00:00-04:00,16.678500211761005,16.86248329779024,16.49451712573177,16.566509246826172,123000,0.11,0.0
2022-09-16 00:00:00-04:00,16.366529242543347,16.430524959356806,16.238540860400157,16.406526565551758,81500,0.0,0.0
2022-09-19 00:00:00-04:00,16.198535608023132,16.446512762963174,16.158539834102182,16.41451644897461,129800,0.0,0.0
2022-09-20 00:00:00-04:00,16.36652514236443,16.36652514236443,16.118547904803556,16.246536254882812,164200,0.0,0.0
2022-09-21 00:00:00-04:00,16.310529566544822,16.46251629637177,15.974559783935547,15.974559783935547,157900,0.0,0.0
2022-09-22 00:00:00-04:00,15.870572863604036,15.886571791013438,15.662591384506886,15.798579216003418,237200,0.0,0.0
2022-09-23 00:00:00-04:00,15.67859295172399,15.67859295172399,15.254630458442344,15.494609832763672,468300,0.0,0.0
2022-09-26 00:00:00-04:00,15.446609727424539,15.534602298365616,15.182633540342934,15.262626647949219,303300,0.0,0.0
2022-09-27 00:00:00-04:00,15.398614849760317,15.486607422853423,15.062645010190426,15.158637046813965,345600,0.0,0.0
2022-09-28 00:00:00-04:00,15.206631534399634,15.534601893878305,15.190632608146629,15.478607177734375,228500,0.0,0.0
2022-09-29 00:00:00-04:00,15.350620649012287,15.350620649012287,15.086644437337657,15.14263916015625,162500,0.0,0.0
2022-09-30 00:00:00-04:00,15.142639900099011,15.358620863588975,14.942657865550936,14.974654197692871,180500,0.0,0.0
2022-10-03 00:00:00-04:00,15.142637835159285,15.342619842436632,15.086643117240289,15.246627807617188,564400,0.0,0.0
2022-10-04 00:00:00-04:00,15.534603495925007,15.934567539047954,15.534603495925007,15.91856861114502,169100,0.0,0.0
2022-10-05 00:00:00-04:00,15.74258570815872,16.00656192777606,15.606597866189677,15.854575157165527,151500,0.0,0.0
2022-10-06 00:00:00-04:00,15.77458348085896,15.878575000787455,15.478610902660526,15.494609832763672,263300,0.0,0.0
2022-10-07 00:00:00-04:00,15.34262043916326,15.382616231877648,14.99865112914943,15.102641105651855,243300,0.0,0.0
2022-10-10 00:00:00-04:00,15.078643885502052,15.198632786563433,14.958654984440672,15.062644958496094,204600,0.0,0.0
2022-10-11 00:00:00-04:00,15.006646115172705,15.23862439003376,14.870658324481317,15.01464557647705,168200,0.0,0.0
2022-10-12 00:00:00-04:00,15.102641351746875,15.110640815568441,14.950656116362271,15.022649765014648,154600,0.0,0.0
2022-10-13 00:00:00-04:00,14.846665690524425,15.382617599554125,14.622686790223062,15.342621803283691,204700,0.0,0.0
2022-10-14 00:00:00-04:00,15.463296993650832,15.583979523673332,14.972527407424982,15.004708290100098,112500,0.11,0.0
2022-10-17 00:00:00-04:00,15.229988262836425,15.447215084622417,15.229988262836425,15.342623710632324,172300,0.0,0.0
2022-10-18 00:00:00-04:00,15.65638916729286,15.68052598371146,15.431118352221922,15.559844970703125,131400,0.0,0.0
2022-10-19 00:00:00-04:00,15.527656448086812,15.600065334351255,15.326520993917077,15.431112289428711,150200,0.0,0.0
2022-10-20 00:00:00-04:00,15.447214783012582,15.608122343215987,15.221942357276387,15.318488121032715,150700,0.0,0.0
2022-10-21 00:00:00-04:00,15.197794602181922,15.6805200046933,15.173659329508492,15.632247924804688,155200,0.0,0.0
2022-10-24 00:00:00-04:00,15.760981317449799,15.913844760240124,15.672481187222386,15.833390235900879,173200,0.0,0.0
2022-10-25 00:00:00-04:00,15.865572292030455,16.36438915199432,15.865572292030455,16.33220672607422,204200,0.0,0.0
2022-10-26 00:00:00-04:00,16.308073034108357,16.477026183064222,16.203481674194336,16.203481674194336,132000,0.0,0.0
2022-10-27 00:00:00-04:00,16.219576682124703,16.420712307185322,16.090850004849354,16.10694122314453,133800,0.0,0.0
2022-10-28 00:00:00-04:00,16.09083988569739,16.44483879285451,16.0586574693458,16.42070198059082,121500,0.0,0.0
2022-10-31 00:00:00-04:00,16.41265879181875,16.485067704723576,16.316114597640514,16.380477905273438,138400,0.0,0.0
2022-11-01 00:00:00-04:00,16.452885666908774,16.581612273167146,16.428748852782007,16.501157760620117,126800,0.0,0.0
2022-11-02 00:00:00-04:00,16.452888792315164,16.71034205373797,16.139116287231445,16.139116287231445,160000,0.0,0.0
2022-11-03 00:00:00-04:00,16.0506213326642,16.17934799260832,15.91384906465572,16.074756622314453,100500,0.0,0.0
2022-11-04 00:00:00-04:00,16.203477622898244,16.460930852866245,16.098887823677106,16.27588653564453,164200,0.0,0.0
2022-11-07 00:00:00-05:00,16.42070487599036,16.501159396513497,16.29197825697028,16.468976974487305,106400,0.0,0.0
2022-11-08 00:00:00-05:00,16.53334129920017,16.84711379505286,16.493114803739733,16.621841430664062,160300,0.0,0.0
2022-11-09 00:00:00-05:00,16.53334255477103,16.67816040469423,16.35634381294409,16.364389419555664,123400,0.0,0.0
2022-11-10 00:00:00-05:00,16.879295938946004,17.096522713478056,16.847115047094526,17.040205001831055,190600,0.0,0.0
2022-11-11 00:00:00-05:00,17.136754153087026,17.329845698041527,17.064345207364834,17.257436752319336,108500,0.0,0.0
2022-11-14 00:00:00-05:00,17.25743414413401,17.297868002365483,17.047174687934152,17.071435928344727,142800,0.11,0.0
2022-11-15 00:00:00-05:00,17.273604594330557,17.34638675747709,17.04717102649107,17.16038703918457,211400,0.0,0.0
2022-11-16 00:00:00-05:00,17.055257762309008,17.168473772728387,16.974388522386974,17.01482391357422,143900,0.0,0.0
2022-11-17 00:00:00-05:00,16.764130791278944,17.05525946711792,16.764130791278944,17.03099822998047,107400,0.0,0.0
2022-11-18 00:00:00-05:00,17.18464656831106,17.21699487869912,16.982474255742694,17.14421272277832,167600,0.0,0.0
2022-11-21 00:00:00-05:00,17.11995080376263,17.233166800678095,16.998647729574312,17.039081573486328,183300,0.0,0.0
2022-11-22 00:00:00-05:00,17.152302862545444,17.338302612304688,17.144217325230162,17.338302612304688,128900,0.0,0.0
2022-11-23 00:00:00-05:00,17.330214034745506,17.572820237007853,17.330214034745506,17.49195098876953,119300,0.0,0.0
2022-11-25 00:00:00-05:00,17.42725439605549,17.580905800214893,17.42725439605549,17.532384872436523,34200,0.0,0.0
2022-11-28 00:00:00-05:00,17.467689318716552,17.51621024519161,17.33829915314811,17.411081314086914,163000,0.0,0.0
2022-11-29 00:00:00-05:00,17.402997970581055,17.44343182757855,17.281694857135786,17.402997970581055,121000,0.0,0.0
2022-11-30 00:00:00-05:00,17.35447871435566,17.77499769202162,17.2493497411657,17.73456382751465,153300,0.0,0.0
2022-12-01 00:00:00-05:00,17.79117177771418,17.928649075876457,17.621347696577104,17.726476669311523,116800,0.0,0.0
2022-12-02 00:00:00-05:00,17.4919500228217,17.742644832761783,17.467690329406715,17.661775588989258,108000,0.0,0.0
2022-12-05 00:00:00-05:00,17.629426254450884,17.694121337235106,17.346386231302695,17.411081314086914,122300,0.0,0.0
2022-12-06 00:00:00-05:00,17.41108594974965,17.43534564822005,17.095695987558816,17.18465232849121,117300,0.0,0.0
2022-12-07 00:00:00-05:00,17.160385491732093,17.30594980489877,17.160385491732093,17.23316764831543,98100,0.0,0.0
2022-12-08 00:00:00-05:00,17.281946417997634,17.403878936447875,17.24130121154349,17.306333541870117,110100,0.11,0.0
2022-12-09 00:00:00-05:00,17.241292509687487,17.31445229392436,17.11123101558978,17.12748908996582,152100,0.0,0.0
2022-12-12 00:00:00-05:00,17.103109803415272,17.27381499562379,17.062464602563804,17.257556915283203,146100,0.0,0.0
2022-12-13 00:00:00-05:00,17.81032006209653,17.81032006209653,17.322588482645237,17.412006378173828,171300,0.0,0.0
2022-12-14 00:00:00-05:00,17.412004265510795,17.566452916196,17.25755561482559,17.3551025390625,151500,0.0,0.0
2022-12-15 00:00:00-05:00,17.200656098509004,17.200656098509004,16.851115104892827,17.046207427978516,167600,0.0,0.0
2022-12-16 00:00:00-05:00,16.96492160112414,16.97304909197861,16.745442137107187,16.891761779785156,304700,0.0,0.0
2022-12-19 00:00:00-05:00,16.834857270010563,16.916146126766318,16.623508413083986,16.656023025512695,213000,0.0,0.0
2022-12-20 00:00:00-05:00,16.607246155337418,16.745436711933955,16.56660096195279,16.58285903930664,202500,0.0,0.0
2022-12-21 00:00:00-05:00,16.656024310575894,16.981178212229537,16.656024310575894,16.899890899658203,206600,0.0,0.0
2022-12-22 00:00:00-05:00,16.786086813094773,16.786086813094773,16.501576551763094,16.688541412353516,200300,0.0,0.0
2022-12-23 00:00:00-05:00,16.65601797714828,16.834852167442307,16.65601797714828,16.794208526611328,153500,0.0,0.0
2022-12-27 00:00:00-05:00,16.79421051461344,16.908013962775993,16.737308790532165,16.802339553833008,168600,0.0,0.0
2022-12-28 00:00:00-05:00,16.810473430256256,16.924276911165688,16.566606834863855,16.599123001098633,271800,0.0,0.0
2022-12-29 00:00:00-05:00,16.71342500903826,16.950206089487864,16.697096514467518,16.933876037597656,228600,0.09,0.0
2022-12-30 00:00:00-05:00,16.844064397473694,16.868559478345357,16.705262053840237,16.827735900878906,199200,0.0,0.0
2023-01-03 00:00:00-05:00,16.950205676460385,16.991029247871687,16.737919679018887,16.86855697631836,125400,0.0,0.0
2023-01-04 00:00:00-05:00,17.0236928866774,17.219648873326665,16.966539251902997,17.12983512878418,112100,0.0,0.0
2023-01-05 00:00:00-05:00,17.072681540481963,17.072681540481963,16.884890580763546,16.91754913330078,99400,0.0,0.0
2023-01-06 00:00:00-05:00,17.023691152938042,17.28496577519481,16.98286601988568,17.235977172851562,198700,0.0,0.0
2023-01-09 00:00:00-05:00,17.366613887952823,17.505416220927945,17.2441416076382,17.27680015563965,168000,0.0,0.0
2023-01-10 00:00:00-05:00,17.244141682040727,17.472756190995877,17.244141682040727,17.333953857421875,133000,0.0,0.0
2023-01-11 00:00:00-05:00,17.423768047845982,17.676877642546767,17.423768047845982,17.668712615966797,161500,0.0,0.0
2023-01-12 00:00:00-05:00,17.750361154881794,17.823844836079985,17.57890027029907,17.766691207885742,122600,0.0,0.0
2023-01-13 00:00:00-05:00,17.717451409451705,17.84054594089977,17.668213909918858,17.824132919311523,114900,0.11,0.0
2023-01-17 00:00:00-05:00,17.750284024578566,17.86517366313273,17.701046502473986,17.725666046142578,210200,0.0,0.0
2023-01-18 00:00:00-05:00,17.783107270271667,17.856964324363798,17.389204025268555,17.389204025268555,151800,0.0,0.0
2023-01-19 00:00:00-05:00,17.282518901420747,17.35637594689439,17.175837371976698,17.184043884277344,166000,0.0,0.0
2023-01-20 00:00:00-05:00,17.24969237993614,17.553325473034377,17.184041854517712,17.52870750427246,114000,0.0,0.0
2023-01-23 00:00:00-05:00,17.58615291949101,17.742073516744348,17.446645346207944,17.62718391418457,157300,0.0,0.0
2023-01-24 00:00:00-05:00,17.668216018353096,17.79131056449063,17.479469378027996,17.74207305908203,192400,0.0,0.0
2023-01-25 00:00:00-05:00,17.67642253012654,17.81592853457889,17.561532930530376,17.74207305908203,244100,0.0,0.0
2023-01-26 00:00:00-05:00,17.856956197871767,17.930813218352426,17.68462262833967,17.873369216918945,221400,0.0,0.0
2023-01-27 00:00:00-05:00,17.856962722565417,17.988263792455204,17.766692650054107,17.881582260131836,126800,0.0,0.0
2023-01-30 00:00:00-05:00,17.832336524044266,17.94722609120702,17.725655031569886,17.791305541992188,192500,0.0,0.0
2023-01-31 00:00:00-05:00,17.85695842028757,18.045703467125758,17.848751909742624,17.980052947998047,173100,0.0,0.0
2023-02-01 00:00:00-05:00,17.939025484636343,18.259071632603188,17.856961928297313,18.119564056396484,158700,0.0,0.0
2023-02-02 00:00:00-05:00,18.201626360640248,18.3739584083885,18.1605938026773,18.349340438842773,151200,0.0,0.0
2023-02-03 00:00:00-05:00,18.209830972201985,18.308305970574,17.939022378831122,18.045703887939453,293600,0.0,0.0
2023-02-06 00:00:00-05:00,17.922606326344905,18.070320364153883,17.815923270046593,17.93081283569336,154100,0.0,0.0
2023-02-07 00:00:00-05:00,17.914407546417042,18.17700969794453,17.87337654720298,18.13597869873047,92400,0.0,0.0
2023-02-08 00:00:00-05:00,18.135976270601123,18.201626799693397,18.03749969434668,18.111356735229492,148200,0.0,0.0
2023-02-09 00:00:00-05:00,18.275485469801197,18.275485469801197,17.81593015995472,17.881582260131836,106000,0.0,0.0
2023-02-10 00:00:00-05:00,17.807347828759426,18.00529870291037,17.807347828759426,17.906322479248047,107600,0.11,0.0
2023-02-13 00:00:00-05:00,17.980552183778627,18.293975544983244,17.980552183778627,18.104272842407227,167900,0.0,0.0
2023-02-14 00:00:00-05:00,18.087782528083086,18.318724477812804,18.021798889135447,18.23624610900879,178600,0.0,0.0
2023-02-15 00:00:00-05:00,18.14551350458161,18.260984450740654,18.046537284178395,18.203248977661133,114700,0.0,0.0
2023-02-16 00:00:00-05:00,18.071280247259992,18.293975544983244,17.931064864231303,18.104272842407227,136200,0.0,0.0
2023-02-17 00:00:00-05:00,17.98055333490051,18.170257622794992,17.96405860944442,18.129016876220703,116400,0.0,0.0
2023-02-21 00:00:00-05:00,18.03829058179026,18.071281606244938,17.70837089820162,17.79909896850586,154400,0.0,0.0
2023-02-22 00:00:00-05:00,17.88983019607,17.9310693772098,17.609399359432427,17.7083740234375,223000,0.0,0.0
2023-02-23 00:00:00-05:00,17.815600263512202,17.914574937806258,17.526921246002058,17.749616622924805,163700,0.0,0.0
2023-02-24 00:00:00-05:00,17.60115055028605,17.625895001948834,17.460935137211322,17.543415069580078,101000,0.0,0.0
2023-02-27 00:00:00-05:00,17.66713300673671,17.807348410487545,17.559910203009014,17.5929012298584,88400,0.0,0.0
2023-02-28 00:00:00-05:00,17.59289893582204,17.757858768080197,17.56815448903125,17.634138107299805,115400,0.0,0.0
2023-03-01 00:00:00-05:00,17.58465311369937,17.675381190763886,17.44443770967865,17.535165786743164,171000,0.0,0.0
2023-03-02 00:00:00-05:00,17.469181713422593,17.64238813993094,17.436189114178877,17.617645263671875,151600,0.0,0.0
2023-03-03 00:00:00-05:00,17.700127621944652,17.873335660833213,17.63414398169522,17.865087509155273,67200,0.0,0.0
2023-03-06 00:00:00-05:00,17.92282299772677,17.980558486298264,17.766112835368162,17.865087509155273,130200,0.0,0.0
2023-03-07 00:00:00-05:00,17.84033950624161,17.84033950624161,17.43618959343972,17.47743034362793,107700,0.0,0.0
2023-03-08 00:00:00-05:00,17.46918219359029,17.60939759788268,17.33721493933554,17.47743034362793,122600,0.0,0.0
2023-03-09 00:00:00-05:00,17.493924937440656,17.592901163965617,17.03203955106293,17.13101577758789,186300,0.0,0.0
2023-03-10 00:00:00-05:00,17.10627507995609,17.164010569270975,16.702125081577815,16.784605026245117,145300,0.0,0.0
2023-03-13 00:00:00-04:00,16.495924352382747,16.743362588398913,16.43818886885724,16.512420654296875,152800,0.0,0.0
2023-03-14 00:00:00-04:00,16.74335936052289,16.949558375175506,16.57015294333804,16.718616485595703,122200,0.0,0.0
2023-03-15 00:00:00-04:00,16.47942663378062,16.47942663378062,16.256731296606173,16.372203826904297,234200,0.0,0.0
2023-03-16 00:00:00-04:00,16.222912371762142,16.72054805056446,16.198031616083163,16.662490844726562,144900,0.11,0.0
2023-03-17 00:00:00-04:00,16.63760293015777,16.703954226294343,16.39708007489007,16.438549041748047,105800,0.0,0.0
2023-03-20 00:00:00-04:00,16.455147873664078,16.67908423577538,16.455147873664078,16.60443878173828,134600,0.0,0.0
2023-03-21 00:00:00-04:00,16.75372565739818,16.878134190202854,16.737137431173473,16.778606414794922,140600,0.0,0.0
2023-03-22 00:00:00-04:00,16.753723943498056,16.961072004274317,16.571256637573242,16.571256637573242,136000,0.0,0.0
2023-03-23 00:00:00-04:00,16.654193297603364,16.811778239479167,16.438551161862755,16.579547882080078,151300,0.0,0.0
2023-03-24 00:00:00-04:00,16.521493559371365,16.587844875596144,16.380496814651192,16.554668426513672,183900,0.0,0.0
2023-03-27 00:00:00-04:00,16.612724547542076,16.828366686166245,16.612724547542076,16.703956604003906,184300,0.0,0.0
2023-03-28 00:00:00-04:00,16.72884083429302,16.853249348626484,16.67078363306674,16.72054672241211,92200,0.0,0.0
2023-03-29 00:00:00-04:00,16.861542324182995,16.985950830132385,16.836659990217125,16.936187744140625,117400,0.0,0.0
2023-03-30 00:00:00-04:00,17.08548069682025,17.151832013660826,16.9859529305893,17.077186584472656,92000,0.0,0.0
2023-03-31 00:00:00-04:00,17.085487476510394,17.243072509765625,17.07719336087161,17.243072509765625,185200,0.0,0.0
2023-04-03 00:00:00-04:00,17.29282628769297,17.40064656891851,17.259649843045143,17.35088348388672,126700,0.0,0.0
2023-04-04 00:00:00-04:00,17.350889044005214,17.408946258803486,17.085483729532857,17.20989227294922,201900,0.0,0.0
2023-04-05 00:00:00-04:00,17.07718904795882,17.176715246606843,17.03572006217888,17.15183448791504,161400,0.0,0.0
2023-04-06 00:00:00-04:00,17.126950228551575,17.22647799798991,17.07718713480252,17.168420791625977,155700,0.0,0.0
2023-04-10 00:00:00-04:00,17.168424791951853,17.2762451171875,17.10207345751286,17.2762451171875,113800,0.0,0.0
2023-04-11 00:00:00-04:00,17.276242435340034,17.450415649917797,17.276242435340034,17.408945083618164,106400,0.0,0.0
2023-04-12 00:00:00-04:00,17.458703393764154,17.558231143650723,17.334294892860875,17.417234420776367,99500,0.0,0.0
2023-04-13 00:00:00-04:00,17.458927607790923,17.634016371878936,17.433914245662493,17.592329025268555,125000,0.11,0.0
2023-04-14 00:00:00-04:00,17.55063699633338,17.61733769332093,17.458924531894287,17.525625228881836,105400,0.0,0.0
2023-04-17 00:00:00-04:00,17.550634706262958,17.550634706262958,17.458922253790835,17.508947372436523,117300,0.0,0.0
2023-04-18 00:00:00-04:00,17.525629416876516,17.667368630629387,17.508953841077254,17.54230499267578,151400,0.0,0.0
2023-04-19 00:00:00-04:00,17.50061302449379,17.575651512333764,17.458925682480544,17.49227523803711,141000,0.0,0.0
2023-04-20 00:00:00-04:00,17.342194159381876,17.575647354125977,17.342194159381876,17.575647354125977,153800,0.0,0.0
2023-04-21 00:00:00-04:00,17.650688836949733,17.650688836949733,17.450586745987085,17.525625228881836,120800,0.0,0.0
2023-04-24 00:00:00-04:00,17.525627107689914,17.617339581960906,17.38388791261268,17.425575256347656,191700,0.0,0.0
2023-04-25 00:00:00-04:00,17.36721526390958,17.383890840320078,17.142099753179345,17.158775329589844,131800,0.0,0.0
2023-04-26 00:00:00-04:00,17.10874978369854,17.233813423261655,17.008697917885776,17.083736419677734,129600,0.0,0.0
2023-04-27 00:00:00-04:00,17.242152069149217,17.392229080200195,17.15877577520195,17.392229080200195,104600,0.0,0.0
2023-04-28 00:00:00-04:00,17.333868498111897,17.550644665342386,17.325530708561377,17.483943939208984,189800,0.0,0.0
2023-05-01 00:00:00-04:00,17.525625665536904,17.609001936416195,17.48393673496221,17.558975219726562,132500,0.0,0.0
2023-05-02 00:00:00-04:00,17.54230017206079,17.54230017206079,17.10040707643491,17.175445556640625,144000,0.0,0.0
2023-05-03 00:00:00-04:00,17.192121075803712,17.35053423107392,17.09206923907569,17.117082595825195,147400,0.0,0.0
2023-05-04 00:00:00-04:00,17.02536954703065,17.108745817501024,16.88363036431204,16.90864372253418,134900,0.0,0.0
2023-05-05 00:00:00-04:00,16.992016643595427,17.183782522905293,16.992016643595427,17.12541961669922,175000,0.0,0.0
2023-05-08 00:00:00-04:00,17.18378258465135,17.225469920585507,17.108744107753925,17.142093658447266,86600,0.0,0.0
2023-05-09 00:00:00-04:00,17.14209589545141,17.208796595812302,17.025370067387374,17.10040855407715,143100,0.0,0.0
2023-05-10 00:00:00-04:00,17.242148133942752,17.27549768974791,16.992019309188294,17.075395584106445,148400,0.0,0.0
2023-05-11 00:00:00-04:00,17.125421925689974,17.125421925689974,16.933656020524648,17.058719635009766,172000,0.0,0.0
2023-05-12 00:00:00-04:00,17.133755715222282,17.133755715222282,16.891966306547758,16.925315856933594,134100,0.0,0.0
2023-05-15 00:00:00-04:00,17.00076800228379,17.067832109634764,16.967235149141082,16.975618362426758,83400,0.11,0.0
2023-05-16 00:00:00-04:00,16.89178639168555,17.160042798271505,16.824722290039062,16.824722290039062,108500,0.0,0.0
2023-05-17 00:00:00-04:00,16.891782387433615,17.051060190687068,16.84148472285555,17.009145736694336,140500,0.0,0.0
2023-05-18 00:00:00-04:00,16.975613892970976,17.243870251746504,16.93369943651256,17.201955795288086,271100,0.0,0.0
2023-05-19 00:00:00-04:00,17.327708112031566,17.327708112031566,17.051068424858595,17.067834854125977,122700,0.0,0.0
2023-05-22 00:00:00-04:00,17.151656297792307,17.25225323044515,17.017528120211185,17.025911331176758,159300,0.0,0.0
2023-05-23 00:00:00-04:00,17.067830843387146,17.12651173309896,16.875020149989915,16.891786575317383,171100,0.0,0.0
2023-05-24 00:00:00-04:00,16.84149135296276,16.875022609570642,16.673830273119666,16.70736312866211,170600,0.0,0.0
2023-05-25 00:00:00-04:00,16.732511520385742,16.791194018808994,16.606766507347952,16.732511520385742,159400,0.0,0.0
2023-05-26 00:00:00-04:00,16.740890750980387,16.866637333031587,16.707359501651823,16.774423599243164,156500,0.0,0.0
2023-05-30 00:00:00-04:00,16.841496619557887,16.841496619557887,16.707368353313264,16.749282836914062,107700,0.0,0.0
2023-05-31 00:00:00-04:00,16.724122129605046,16.724122129605046,16.531311493728243,16.631908416748047,98100,0.0,0.0
2023-06-01 00:00:00-04:00,16.64029723262171,16.8917872264913,16.64029723262171,16.80795669555664,67600,0.0,0.0
2023-06-02 00:00:00-04:00,16.900175392921945,17.201964753167466,16.816344837416537,17.14328384399414,130300,0.0,0.0
2023-06-05 00:00:00-04:00,17.20196193934347,17.20196193934347,17.034300855757945,17.084598541259766,118400,0.0,0.0
2023-06-06 00:00:00-04:00,17.03429455640454,17.285786088780206,17.02591134543195,17.277402877807617,141200,0.0,0.0
2023-06-07 00:00:00-04:00,17.277407108288944,17.34447121355672,17.24387425618786,17.269023895263672,114000,0.0,0.0
2023-06-08 00:00:00-04:00,17.243872538037788,17.37800073520904,17.243872538037788,17.33608627319336,106500,0.0,0.0
2023-06-09 00:00:00-04:00,17.38638502693209,17.478598767813278,17.32770413689291,17.352853775024414,157600,0.0,0.0
2023-06-12 00:00:00-04:00,17.386388115385234,17.52051634471064,17.37800490118557,17.470218658447266,151100,0.0,0.0
2023-06-13 00:00:00-04:00,17.43668383839417,17.64625937298513,17.43668383839417,17.612728118896484,183100,0.0,0.0
2023-06-14 00:00:00-04:00,17.680148242195052,17.739137994740524,17.444189232013173,17.486324310302734,157700,0.11,0.0
2023-06-15 00:00:00-04:00,17.520032553436618,17.840263307343758,17.520032553436618,17.772846221923828,166300,0.0,0.0
2023-06-16 00:00:00-04:00,17.848688087628222,17.87396848644619,17.68857192993164,17.68857192993164,97800,0.0,0.0
2023-06-20 00:00:00-04:00,17.64643602255476,17.6801437551617,17.570591615001888,17.654863357543945,165800,0.0,0.0
2023-06-21 00:00:00-04:00,17.57058907879916,17.61272414031336,17.469462680875687,17.477890014648438,153200,0.0,0.0
2023-06-22 00:00:00-04:00,17.494744682193947,17.511599349739452,17.368337890301778,17.477890014648438,103800,0.0,0.0
2023-06-23 00:00:00-04:00,17.435756531670883,17.461036927928326,17.25878572112024,17.300922393798828,179400,0.0,0.0
2023-06-26 00:00:00-04:00,17.284073036346495,17.43576188990593,17.275645699220945,17.326208114624023,167400,0.0,0.0
2023-06-27 00:00:00-04:00,17.317773887665258,17.503172015966697,17.317773887665258,17.477890014648438,104200,0.0,0.0
2023-06-28 00:00:00-04:00,17.545309663521387,17.545309663521387,17.410475517982974,17.469465255737305,104800,0.0,0.0
2023-06-29 00:00:00-04:00,17.41890422038849,17.621155454572907,17.41890422038849,17.612728118896484,143900,0.0,0.0
2023-06-30 00:00:00-04:00,17.764417813873084,17.848689567402705,17.71385540469532,17.80655288696289,98300,0.0,0.0
2023-07-03 00:00:00-04:00,17.82340438755202,17.9076761260859,17.747559983606504,17.89082145690918,63300,0.0,0.0
2023-07-05 00:00:00-04:00,17.848689503589323,17.848689503589323,17.7391357421875,17.7391357421875,167200,0.0,0.0
2023-07-06 00:00:00-04:00,17.67172096053941,17.739138050424458,17.435761949616843,17.553741455078125,141100,0.0,0.0
2023-07-07 00:00:00-04:00,17.511603870189973,17.739135511391133,17.511603870189973,17.62958335876465,126700,0.0,0.0
2023-07-10 00:00:00-04:00,17.663291325017006,17.772845086418833,17.621156252077846,17.7391357421875,111500,0.0,0.0
2023-07-11 00:00:00-04:00,17.755992331463375,17.907681182182596,17.739137657527866,17.899253845214844,158800,0.0,0.0
2023-07-12 00:00:00-04:00,18.067786690746374,18.19419345584851,18.067786690746374,18.118349075317383,182600,0.0,0.0
2023-07-13 00:00:00-04:00,18.202631883085438,18.34589339948475,18.202631883085438,18.303756713867188,157900,0.0,0.0
2023-07-14 00:00:00-04:00,18.379985547779793,18.388454165236993,18.108942938728443,18.134353637695312,131200,0.11,0.0
2023-07-17 00:00:00-04:00,18.092005205927904,18.25293479606435,18.08353497241569,18.22752571105957,175100,0.0,0.0
2023-07-18 00:00:00-04:00,18.176698536114902,18.37998084477115,18.083529228139742,18.28680992126465,184000,0.0,0.0
2023-07-19 00:00:00-04:00,18.33762832614959,18.49855946872275,18.33762832614959,18.363039016723633,133700,0.0,0.0
2023-07-20 00:00:00-04:00,18.371516577982554,18.46468591620372,18.337635643697137,18.354576110839844,215200,0.0,0.0
2023-07-21 00:00:00-04:00,18.481619556212184,18.532439323335556,18.379980021965437,18.43927001953125,226400,0.0,0.0
2023-07-24 00:00:00-04:00,18.498561320143644,18.523972013260902,18.363040854581016,18.422330856323242,133400,0.0,0.0
2023-07-25 00:00:00-04:00,18.43927345461051,18.574793935873323,18.388452062488277,18.490093231201172,144900,0.0,0.0
2023-07-26 00:00:00-04:00,18.490095357654926,18.820426366781316,18.473154891665942,18.5578556060791,120400,0.0,0.0
2023-07-27 00:00:00-04:00,18.634082473048814,18.634082473048814,18.35457130057434,18.379981994628906,149100,0.0,0.0
2023-07-28 00:00:00-04:00,18.498561320143644,18.532440628768608,18.363040854581016,18.422330856323242,138700,0.0,0.0
2023-07-31 00:00:00-04:00,18.413858351526216,18.549378800354667,18.413858351526216,18.473148345947266,105100,0.0,0.0
2023-08-01 00:00:00-04:00,18.34610389004292,18.481624381441456,18.34610389004292,18.413864135742188,137300,0.0,0.0
2023-08-02 00:00:00-04:00,18.337633901123258,18.40539414772316,18.2105836406899,18.235994338989258,106100,0.0,0.0
2023-08-03 00:00:00-04:00,18.168234486627288,18.21058403584679,18.083533772656534,18.19364356994629,89300,0.0,0.0
2023-08-04 00:00:00-04:00,18.219051288780435,18.278341294202612,18.01577057781948,18.041179656982422,124100,0.0,0.0
2023-08-07 00:00:00-04:00,18.058124367999852,18.3206951461486,18.058124367999852,18.17670440673828,177800,0.0,0.0
2023-08-08 00:00:00-04:00,18.1174131717174,18.151294103673226,17.973422441968644,18.134353637695312,105800,0.0,0.0
2023-08-09 00:00:00-04:00,18.202110128288663,18.2868108251602,18.05811942826648,18.07505989074707,106900,0.0,0.0
2023-08-10 00:00:00-04:00,18.1512935795441,18.320693387836453,18.058122634887695,18.058122634887695,111800,0.0,0.0
2023-08-11 00:00:00-04:00,18.041180566841437,18.134351503221676,18.041180566841437,18.066591262817383,87000,0.0,0.0
2023-08-14 00:00:00-04:00,18.100475439440114,18.22752571105957,18.066594505391272,18.22752571105957,109400,0.0,0.0
2023-08-15 00:00:00-04:00,18.22751966111302,18.24446012251469,17.931068048709133,17.981887817382812,105400,0.0,0.0
2023-08-16 00:00:00-04:00,17.964860385966567,18.007430494827155,17.786062356071877,17.803091049194336,107800,0.11,0.0
2023-08-17 00:00:00-04:00,17.905264860632933,17.905264860632933,17.598754824119833,17.632810592651367,115100,0.0,0.0
2023-08-18 00:00:00-04:00,17.52212726389397,17.63281054123101,17.496584219610416,17.539155960083008,98300,0.0,0.0
2023-08-21 00:00:00-04:00,17.624301638619585,17.692414814199093,17.462532237638424,17.581729888916016,76600,0.0,0.0
2023-08-22 00:00:00-04:00,17.6668624770358,17.675376822500585,17.539150542954733,17.624292373657227,148600,0.0,0.0
2023-08-23 00:00:00-04:00,17.649841840718974,17.820125579833984,17.649841840718974,17.820125579833984,95900,0.0,0.0
2023-08-24 00:00:00-04:00,17.8967526240598,17.930808396609404,17.59875690050706,17.615785598754883,201100,0.0,0.0
2023-08-25 00:00:00-04:00,17.641323146643046,17.743493689738592,17.50509683847945,17.649837493896484,157600,0.0,0.0
2023-08-28 00:00:00-04:00,17.692409230163666,17.845662608888446,17.598753034321557,17.649837493896484,163700,0.0,0.0
2023-08-29 00:00:00-04:00,17.649836058983333,17.85417550461615,17.649836058983333,17.803091049194336,140800,0.0,0.0
2023-08-30 00:00:00-04:00,17.871210107067764,17.981895025017472,17.81161128537766,17.82863998413086,144900,0.0,0.0
2023-08-31 00:00:00-04:00,17.828633915173352,17.922288478543273,17.760520767292707,17.77754783630371,127400,0.0,0.0
2023-09-01 00:00:00-04:00,17.87971669732341,17.913774080050192,17.786060518770142,17.85417366027832,115800,0.0,0.0
2023-09-05 00:00:00-04:00,17.888236164394236,17.964863673522512,17.624297868477875,17.632810592651367,145200,0.0,0.0
2023-09-06 00:00:00-04:00,17.59024222662561,17.666869743380047,17.462530240016886,17.52212905883789,97900,0.0,0.0
2023-09-07 00:00:00-04:00,17.402925324555678,17.496579882488213,17.394410978571727,17.419952392578125,101800,0.0,0.0
2023-09-08 00:00:00-04:00,17.4029369880314,17.50510596042169,17.4029369880314,17.41145133972168,82900,0.0,0.0
2023-09-11 00:00:00-04:00,17.462528116028228,17.61578313089651,17.428470724303804,17.445499420166016,104900,0.0,0.0
2023-09-12 00:00:00-04:00,17.428466738562072,17.539151612407952,17.394410978571727,17.419952392578125,90900,0.0,0.0
2023-09-13 00:00:00-04:00,17.48807093543074,17.52212670277238,17.300758531241456,17.32630157470703,110200,0.0,0.0
2023-09-14 00:00:00-04:00,17.351984042816117,17.52319158462277,17.351984042816117,17.488950729370117,158400,0.11,0.0
2023-09-15 00:00:00-04:00,17.446143172000816,17.54030835729166,17.292056913485727,17.326297760009766,155800,0.0,0.0
2023-09-18 00:00:00-04:00,17.36054685925662,17.420469588101977,17.30062249763936,17.30918312072754,108100,0.0,0.0
2023-09-19 00:00:00-04:00,17.266374588012695,17.36053977076212,17.197891264041633,17.266374588012695,111800,0.0,0.0
2023-09-20 00:00:00-04:00,17.334865435359717,17.44615027282138,17.16365623474121,17.16365623474121,130400,0.0,0.0
2023-09-21 00:00:00-04:00,17.060931270933487,17.10373275282145,16.923964569565754,16.941085815429688,368200,0.0,0.0
2023-09-22 00:00:00-04:00,16.97532447718672,17.069489684478228,16.864039659019024,16.87259864807129,239500,0.0,0.0
2023-09-25 00:00:00-04:00,16.84692293368766,16.992450278181245,16.787000197620674,16.932527542114258,193000,0.0,0.0
2023-09-26 00:00:00-04:00,16.821236953235704,16.88972029669752,16.572985445476018,16.590105056762695,187500,0.0,0.0
2023-09-27 00:00:00-04:00,16.590105773074306,16.7099528538859,16.487381569832106,16.581546783447266,144200,0.0,0.0
2023-09-28 00:00:00-04:00,16.504504000834736,16.73563429112727,16.427460026479928,16.65859031677246,194600,0.0,0.0
2023-09-29 00:00:00-04:00,16.718510093977912,16.80411303510423,16.590102416745548,16.64146614074707,265400,0.0,0.0
2023-10-02 00:00:00-04:00,16.59010313227051,16.65858646778809,16.444575840199214,16.52161979675293,157000,0.0,0.0
2023-10-03 00:00:00-04:00,16.418893764404977,16.47025585207727,16.213443780944484,16.28192710876465,198000,0.0,0.0
2023-10-04 00:00:00-04:00,16.264805868616776,16.316167956289068,16.14496045312432,16.28192710876465,188400,0.0,0.0
2023-10-05 00:00:00-04:00,16.17921036268369,16.256254353730412,16.05936488006534,16.15353012084961,205600,0.0,0.0
2023-10-06 00:00:00-04:00,16.119286117851786,16.615790884523605,16.093604245640933,16.55586814880371,515600,0.0,0.0
2023-10-09 00:00:00-04:00,16.581543867494208,16.735630145260608,16.52161952124054,16.632905960083008,202700,0.0,0.0
2023-10-10 00:00:00-04:00,16.70138920344372,16.923960447144257,16.70138920344372,16.804113388061523,167900,0.0,0.0
2023-10-11 00:00:00-04:00,16.889719869836703,16.923962357088037,16.718512331895017,16.735631942749023,216100,0.0,0.0
2023-10-12 00:00:00-04:00,16.77843620030462,16.795557445102244,16.55586491625083,16.581546783447266,135800,0.0,0.0
2023-10-13 00:00:00-04:00,16.632908743932344,16.761314813281405,16.521622286463867,16.547304153442383,170000,0.0,0.0
2023-10-16 00:00:00-04:00,16.693663729229215,16.779758251849028,16.633398056030273,16.633398056030273,179200,0.11,0.0
2023-10-17 00:00:00-04:00,16.547304771884416,16.753930656366908,16.530087179764962,16.581743240356445,199800,0.0,0.0
2023-10-18 00:00:00-04:00,16.58174179662728,16.616178619984428,16.46121045170265,16.487037658691406,275800,0.0,0.0
2023-10-19 00:00:00-04:00,16.564521678934305,16.659225811810632,16.23736448499587,16.289020538330078,242900,0.0,0.0
2023-10-20 00:00:00-04:00,16.31484995381583,16.40094283166346,16.022129571208023,16.065176010131836,330300,0.0,0.0
2023-10-23 00:00:00-04:00,16.013517671362667,16.13404899685386,15.875767115910973,15.91020393371582,217800,0.0,0.0
2023-10-24 00:00:00-04:00,16.03934458211503,16.10821985858668,15.927422873642154,16.013517379760742,180300,0.0,0.0
2023-10-25 00:00:00-04:00,16.03934564597651,16.09961295373823,15.79828298339455,15.832719802856445,202300,0.0,0.0
2023-10-26 00:00:00-04:00,15.789680479467822,15.88438464934497,15.65192985534668,15.65192985534668,221400,0.0,0.0
2023-10-27 00:00:00-04:00,15.738018495885362,15.763845701886131,15.53139263729744,15.643314361572266,172000,0.0,0.0
2023-10-30 00:00:00-04:00,15.669144517185023,15.858551159499706,15.626096433397716,15.798285484313965,163300,0.0,0.0
2023-10-31 00:00:00-04:00,15.815502431797157,16.03934586667003,15.815502431797157,15.979080200195312,110700,0.0,0.0
2023-11-01 00:00:00-04:00,15.970475834904027,16.25458667176802,15.936039003647345,16.21154022216797,164900,0.0,0.0
2023-11-02 00:00:00-04:00,16.35789907620814,16.650619506835938,16.27180454212056,16.650619506835938,165600,0.0,0.0
2023-11-03 00:00:00-04:00,16.814199139602255,17.012215420667896,16.762541433319907,16.796979904174805,171600,0.0,0.0
2023-11-06 00:00:00-05:00,16.900285562505854,16.926114405758874,16.61617485518682,16.624784469604492,189700,0.0,0.0
2023-11-07 00:00:00-05:00,16.547307134459786,16.63340167581562,16.435385380178957,16.607574462890625,188200,0.0,0.0
2023-11-08 00:00:00-05:00,16.607570443098506,16.65061688229882,16.44399101832781,16.461210250854492,244200,0.0,0.0
2023-11-09 00:00:00-05:00,16.555913324966912,16.555913324966912,16.211536872962228,16.23736572265625,182100,0.0,0.0
2023-11-10 00:00:00-05:00,16.263195090857433,16.555915524479484,16.263195090857433,16.5386962890625,129500,0.0,0.0
2023-11-13 00:00:00-05:00,16.555914389002425,16.65922815230195,16.495648711292933,16.581743240356445,116300,0.0,0.0
2023-11-14 00:00:00-05:00,16.728940870170455,17.10127263999797,16.728940870170455,16.910778045654297,204300,0.11,0.0
2023-11-15 00:00:00-05:00,16.92809632124454,17.10993351591658,16.91943890147114,16.971391677856445,221500,0.0,0.0
2023-11-16 00:00:00-05:00,16.902117543542094,17.023341215897126,16.902117543542094,16.988706588745117,157300,0.0,0.0
2023-11-17 00:00:00-05:00,17.032004311195077,17.075298018255,16.98005153241336,17.066638946533203,131700,0.0,0.0
2023-11-20 00:00:00-05:00,17.04066224326681,17.309086842494477,17.04066224326681,17.274452209472656,142500,0.0,0.0
2023-11-21 00:00:00-05:00,17.283110829113138,17.317747116088867,17.205182486515877,17.317747116088867,208300,0.0,0.0
2023-11-22 00:00:00-05:00,17.361039666138648,17.534217786376768,17.361039666138648,17.404335021972656,248400,0.0,0.0
2023-11-24 00:00:00-05:00,17.490923101600604,17.672758631263388,17.44762774819361,17.56019401550293,108300,0.0,0.0
2023-11-27 00:00:00-05:00,17.49092222742965,17.586168697067027,17.49092222742965,17.534215927124023,134400,0.0,0.0
2023-11-28 00:00:00-05:00,17.560195339934598,17.594829973723556,17.490924420807694,17.542877197265625,101900,0.0,0.0
2023-11-29 00:00:00-05:00,17.56885898325465,17.733376426775692,17.50824546813965,17.50824546813965,208900,0.0,0.0
2023-11-30 00:00:00-05:00,17.508245905889357,17.65544685746449,17.508245905889357,17.5861759185791,159000,0.0,0.0
2023-12-01 00:00:00-05:00,17.577508844272433,17.7939806362046,17.56885142595801,17.75934600830078,194800,0.0,0.0
2023-12-04 00:00:00-05:00,17.74203126444362,17.863254962632567,17.67276034382865,17.811302185058594,176900,0.0,0.0
2023-12-05 00:00:00-05:00,17.80264173791499,17.837278021320614,17.620806204682136,17.6987361907959,128900,0.0,0.0
2023-12-06 00:00:00-05:00,17.768005275714682,17.837276183841205,17.516897201538086,17.516897201538086,126300,0.0,0.0
2023-12-07 00:00:00-05:00,17.525557498129306,17.724711166488436,17.51689842756384,17.68141746520996,203700,0.0,0.0
2023-12-08 00:00:00-05:00,17.586175894092037,17.785331288216,17.586175894092037,17.707401275634766,152000,0.0,0.0
2023-12-11 00:00:00-05:00,17.768010540326298,17.906552397628907,17.69873961167499,17.88057518005371,178800,0.0,0.0
2023-12-12 00:00:00-05:00,17.802640973321925,17.975819079814563,17.76800634295269,17.932523727416992,168700,0.0,0.0
2023-12-13 00:00:00-05:00,17.958500177681987,18.322172864663152,17.94984110756949,18.278879165649414,141500,0.0,0.0
2023-12-14 00:00:00-05:00,18.479076405260507,18.566119020878936,18.383331022260062,18.452964782714844,156500,0.11,0.0
2023-12-15 00:00:00-05:00,18.400737279146718,18.51389317174188,18.34851237651803,18.41814613342285,178900,0.0,0.0
2023-12-18 00:00:00-05:00,18.51390094519455,18.574830300543784,18.400745005088474,18.566125869750977,196000,0.0,0.0
2023-12-19 00:00:00-05:00,18.64445899563585,18.757613244643647,18.64445899563585,18.67057228088379,186600,0.0,0.0
2023-12-20 00:00:00-05:00,18.670567824371094,18.775017620031594,18.435553293835614,18.470369338989258,253000,0.0,0.0
2023-12-21 00:00:00-05:00,18.600941875539352,18.679278425041147,18.522603665837295,18.618349075317383,286300,0.0,0.0
2023-12-22 00:00:00-05:00,18.731500171805873,18.870767695297378,18.64445755457372,18.67927360534668,282100,0.0,0.0
2023-12-26 00:00:00-05:00,18.65316424795055,18.95781261516608,18.65316424795055,18.853361129760742,190300,0.0,0.0
2023-12-27 00:00:00-05:00,18.801136217158092,18.92299489996429,18.801136217158092,18.853361129760742,174700,0.0,0.0
2023-12-28 00:00:00-05:00,18.92299489996429,18.949108186365635,18.853361129760742,18.853361129760742,177500,0.0,0.0
2023-12-29 00:00:00-05:00,18.896880188247877,18.896880188247877,18.740205462257265,18.83595085144043,165300,0.0,0.0
2024-01-02 00:00:00-05:00,18.687980365306302,18.783727422230662,18.679275936476813,18.757614135742188,216400,0.0,0.0
2024-01-03 00:00:00-05:00,18.65316559541662,18.835953632830147,18.592236249612114,18.627052307128906,183900,0.0,0.0
2024-01-04 00:00:00-05:00,18.65316198231692,18.801133933551625,18.65316198231692,18.67927360534668,166600,0.0,0.0
2024-01-05 00:00:00-05:00,18.531302301755954,18.574822777894138,18.287583318862776,18.348512649536133,739000,0.0,0.0
2024-01-08 00:00:00-05:00,18.278883910175473,18.627052795472107,18.24406619154571,18.609643936157227,286200,0.0,0.0
2024-01-09 00:00:00-05:00,18.513890012276438,18.627044225361686,18.487776735318565,18.5487060546875,215900,0.0,0.0
2024-01-10 00:00:00-05:00,18.54871262597275,18.722797880299865,18.54871262597275,18.70538902282715,180000,0.0,0.0
2024-01-11 00:00:00-05:00,18.72280057498688,18.775025494721497,18.592237445550207,18.618349075317383,243400,0.0,0.0
2024-01-12 00:00:00-05:00,18.70538810872893,18.766317446705905,18.592233861085965,18.644458770751953,127600,0.0,0.0
2024-01-16 00:00:00-05:00,18.644459305053818,18.69695546603963,18.44322902758433,18.548219680786133,294700,0.11,0.0
2024-01-17 00:00:00-05:00,18.4432254370178,18.486970560553097,18.311988397642416,18.364482879638672,209600,0.0,0.0
2024-01-18 00:00:00-05:00,18.364483218315918,18.5132189773562,18.364483218315918,18.486970901489258,102600,0.0,0.0
2024-01-19 00:00:00-05:00,18.486972106809798,18.5482176211591,18.399481852421488,18.504470825195312,167000,0.0,0.0
2024-01-22 00:00:00-05:00,18.591965018467178,18.661958231785906,18.486974364104164,18.495723724365234,168500,0.0,0.0
2024-01-23 00:00:00-05:00,18.50447159030717,18.574464797973633,18.495722230752648,18.574464797973633,194800,0.0,0.0
2024-01-24 00:00:00-05:00,18.67945550627689,18.775695124158805,18.635708708358102,18.661956787109375,267800,0.0,0.0
2024-01-25 00:00:00-05:00,18.714446832865782,18.8456855266952,18.714446832865782,18.766942977905273,263700,0.0,0.0
2024-01-26 00:00:00-05:00,18.766947407193683,18.915683182370884,18.766947407193683,18.793193817138672,176100,0.0,0.0
2024-01-29 00:00:00-05:00,18.87193332862069,18.994421005249023,18.828188206616122,18.994421005249023,158100,0.0,0.0
2024-01-30 00:00:00-05:00,18.976926716119237,19.073166332272177,18.976926716119237,19.020671844482422,176300,0.0,0.0
2024-01-31 00:00:00-05:00,18.994421445346994,19.05566695384965,18.79319120943242,18.81068992614746,139300,0.0,0.0
2024-02-01 00:00:00-05:00,18.889434376885426,18.96817694123019,18.749447966665766,18.94192886352539,398900,0.0,0.0
2024-02-02 00:00:00-05:00,18.941933962754,19.195660442562136,18.941933962754,19.134416580200195,168200,0.0,0.0
2024-02-05 00:00:00-05:00,19.134412139057588,19.134412139057588,18.81069251043332,18.92443084716797,169700,0.0,0.0
2024-02-06 00:00:00-05:00,19.00317432826733,19.151910110392624,18.950679837155402,19.038171768188477,141200,0.0,0.0
2024-02-07 00:00:00-05:00,19.05567001807467,19.318144135929273,19.05567001807467,19.22190284729004,161100,0.0,0.0
2024-02-08 00:00:00-05:00,19.256899934282224,19.265649293886717,19.195656085820495,19.23065185546875,120600,0.0,0.0
2024-02-09 00:00:00-05:00,19.29189626565324,19.370638835616703,19.248151135126765,19.35314178466797,206100,0.0,0.0
2024-02-12 00:00:00-05:00,19.405641807855993,19.580624048621377,19.405641807855993,19.440637588500977,192400,0.0,0.0
2024-02-13 00:00:00-05:00,19.308737703558894,19.32632347810398,18.974616372561076,19.12409210205078,182400,0.11,0.0
2024-02-14 00:00:00-05:00,19.097720373947624,19.308744713888924,19.097720373947624,19.273574829101562,235500,0.0,0.0
2024-02-15 00:00:00-05:00,19.326326005261922,19.44942476610246,19.3175331168396,19.431838989257812,154200,0.0,0.0
2024-02-16 00:00:00-05:00,19.42304641052871,19.484594953394353,19.34391209053802,19.370290756225586,136200,0.0,0.0
2024-02-20 00:00:00-05:00,19.2384038065327,19.581319835988264,19.132892472140544,19.56373405456543,435700,0.0,0.0
2024-02-21 00:00:00-05:00,19.52855708724938,19.60769140467952,19.343911464627027,19.502180099487305,275400,0.0,0.0
2024-02-22 00:00:00-05:00,19.678030313998498,19.713201862606713,19.56372613516528,19.61648178100586,198800,0.0,0.0
2024-02-23 00:00:00-05:00,19.669244803743826,19.783549015700537,19.616487465543283,19.642866134643555,128700,0.0,0.0
2024-02-26 00:00:00-05:00,19.64286325750421,19.69561891090527,19.449424743652344,19.449424743652344,115300,0.0,0.0
2024-02-27 00:00:00-05:00,19.537356035414266,19.537356035414266,19.405466024479797,19.440637588500977,145100,0.0,0.0
2024-02-28 00:00:00-05:00,19.370290480987677,19.502180453407426,19.370290480987677,19.405460357666016,95900,0.0,0.0
2024-02-29 00:00:00-05:00,19.440631558613187,19.60769140467952,19.440631558613187,19.502180099487305,119000,0.0,0.0
2024-03-01 00:00:00-05:00,19.528558074595722,19.695619606180493,19.528558074595722,19.67803382873535,193300,0.0,0.0
2024-03-04 00:00:00-05:00,19.69562373505214,19.73958818788144,19.58131951184075,19.625282287597656,107000,0.0,0.0
2024-03-05 00:00:00-05:00,19.625280711826097,19.686829263772808,19.49339071807282,19.55493927001953,125900,0.0,0.0
2024-03-06 00:00:00-05:00,19.625280737265246,19.75717073118948,19.519769412954762,19.537353515625,205100,0.0,0.0
2024-03-07 00:00:00-05:00,19.634072625736103,19.765962612933528,19.634072625736103,19.757169723510742,143800,0.0,0.0
2024-03-08 00:00:00-05:00,19.783544866610708,19.87147206809891,19.651654902914345,19.704410552978516,141500,0.0,0.0
2024-03-11 00:00:00-04:00,19.55493700431241,19.66924288217434,19.519767126020174,19.651657104492188,132000,0.0,0.0
2024-03-12 00:00:00-04:00,19.660447175835987,19.845092783821222,19.660447175835987,19.836299896240234,176600,0.0,0.0
2024-03-13 00:00:00-04:00,19.783289612515365,19.9246618057087,19.783289612515365,19.880483627319336,106300,0.11,0.0
2024-03-14 00:00:00-04:00,19.880482888229626,19.880482888229626,19.615410457169,19.668424606323242,97100,0.0,0.0
2024-03-15 00:00:00-04:00,19.535886243878135,19.747944502480177,19.474036129113696,19.597736358642578,126400,0.0,0.0
2024-03-18 00:00:00-04:00,19.70376185576006,19.792119872324026,19.650747719937275,19.677255630493164,106000,0.0,0.0
2024-03-19 00:00:00-04:00,19.721436414019514,19.889316499247116,19.721436414019514,19.845136642456055,143400,0.0,0.0
2024-03-20 00:00:00-04:00,19.88931920164048,20.110213459741388,19.86281128396417,20.101377487182617,186200,0.0,0.0
2024-03-21 00:00:00-04:00,20.27809256391822,20.3222707392356,20.18973452799411,20.269256591796875,141300,0.0,0.0
2024-03-22 00:00:00-04:00,20.22507833973488,20.251586258207155,20.101378090776585,20.15439224243164,119400,0.0,0.0
2024-03-25 00:00:00-04:00,20.083705710758917,20.15439180653336,20.021855587617463,20.057199478149414,120900,0.0,0.0
2024-03-26 00:00:00-04:00,20.01301817900631,20.101376213706843,19.951168060302734,19.951168060302734,123800,0.0,0.0
2024-03-27 00:00:00-04:00,20.013022475888782,20.1278884512485,19.995350528096562,20.092544555664062,166400,0.0,0.0
2024-03-28 00:00:00-04:00,20.145553734374626,20.3222697980385,20.145553734374626,20.304597854614258,180700,0.0,0.0
2024-04-01 00:00:00-04:00,20.30460040986221,20.30460040986221,20.136721982072952,20.15439224243164,172400,0.0,0.0
2024-04-02 00:00:00-04:00,20.039527287677164,20.039527287677164,19.924661330143294,19.986513137817383,183800,0.0,0.0
2024-04-03 00:00:00-04:00,19.889314047028982,20.09253630734428,19.889314047028982,20.039522171020508,198500,0.0,0.0
2024-04-04 00:00:00-04:00,20.074869971637803,20.19857190464908,19.880483627319336,19.880483627319336,216400,0.0,0.0
2024-04-05 00:00:00-04:00,19.853980515357005,20.10138275598113,19.800966351398223,19.960010528564453,143200,0.0,0.0
2024-04-08 00:00:00-04:00,20.03069156025045,20.225077902307802,20.004183642351485,20.057199478149414,90100,0.0,0.0
2024-04-09 00:00:00-04:00,20.11020876375811,20.1455509604509,19.90698649822966,19.977672576904297,164300,0.0,0.0
2024-04-10 00:00:00-04:00,19.800962035668075,19.906992025765696,19.721439964417236,19.77445411682129,69600,0.0,0.0
2024-04-11 00:00:00-04:00,19.800962035668075,19.88932007986784,19.668425812013187,19.77445411682129,92300,0.0,0.0
2024-04-12 00:00:00-04:00,19.597736929409667,19.694930932749756,19.385678664631612,19.403348922729492,129400,0.0,0.0
2024-04-15 00:00:00-04:00,19.47439149911787,19.64311674917663,19.065899055887215,19.074779510498047,245600,0.11,0.0
2024-04-16 00:00:00-04:00,19.074779510498047,19.225743851335142,19.039259385828245,19.074779510498047,161200,0.0,0.0
2024-04-17 00:00:00-04:00,19.270147363851493,19.31454794598799,19.07478073739419,19.15470314025879,148900,0.0,0.0
2024-04-18 00:00:00-04:00,19.154702391436757,19.24350524601178,19.07477999169659,19.101421356201172,220600,0.0,0.0
2024-04-19 00:00:00-04:00,19.15470727123037,19.26127106262297,19.119187136615505,19.172468185424805,166100,0.0,0.0
2024-04-22 00:00:00-04:00,19.270146822458905,19.554314605205537,19.190224421839716,19.50103187561035,145100,0.0,0.0
2024-04-23 00:00:00-04:00,19.580955725187906,19.785202816202887,19.5276746854236,19.723039627075195,167800,0.0,0.0
2024-04-24 00:00:00-04:00,19.723040952759607,19.84736564559776,19.678640365600586,19.678640365600586,160900,0.0,0.0
2024-04-25 00:00:00-04:00,19.447750732955246,19.589834623548043,19.376708787658846,19.483272552490234,193400,0.0,0.0
2024-04-26 00:00:00-04:00,19.5187953317145,19.669759697713744,19.5187953317145,19.536556243896484,139700,0.0,0.0
2024-04-29 00:00:00-04:00,19.580955505371094,19.669758366497174,19.501033099734993,19.580955505371094,112000,0.0,0.0
2024-04-30 00:00:00-04:00,19.554317316744818,19.60759835995474,19.287908713147566,19.296789169311523,111500,0.0,0.0
2024-05-01 00:00:00-04:00,19.261268296898052,19.48327461112859,19.199106799917303,19.243507385253906,185400,0.0,0.0
2024-05-02 00:00:00-04:00,19.350071853456996,19.47439485186527,19.27902820433933,19.412233352661133,118400,0.0,0.0
2024-05-03 00:00:00-04:00,19.598716895367193,19.660878391542642,19.54543585489877,19.60759735107422,128900,0.0,0.0
2024-05-06 00:00:00-04:00,19.651996666022676,19.749679978714425,19.616476539263438,19.643117904663086,133800,0.0,0.0
2024-05-07 00:00:00-04:00,19.687514755705447,19.838479076814625,19.687514755705447,19.776317596435547,122600,0.0,0.0
2024-05-08 00:00:00-04:00,19.660878244751434,19.891765010089074,19.660878244751434,19.84736442565918,104100,0.0,0.0
2024-05-09 00:00:00-04:00,19.794085176679157,19.980569680687445,19.794085176679157,19.971689224243164,158600,0.0,0.0
2024-05-10 00:00:00-04:00,20.033854002895836,20.078256292380967,19.989453407184858,20.060495376586914,116300,0.0,0.0
2024-05-13 00:00:00-04:00,20.06048715588495,20.18481012794799,19.989445215595577,20.01608657836914,123700,0.0,0.0
2024-05-14 00:00:00-04:00,19.989446231816533,20.113769210199887,19.989446231816533,20.09600830078125,102000,0.0,0.0
2024-05-15 00:00:00-04:00,20.24771675067667,20.408342361450195,20.16740394528991,20.408342361450195,219000,0.11,0.0
2024-05-16 00:00:00-04:00,20.461881099085556,20.470804932126132,20.399415969848633,20.399415969848633,183600,0.0,0.0
2024-05-17 00:00:00-04:00,20.452959830199582,20.47080749851827,20.354799356494134,20.408342361450195,128800,0.0,0.0
2024-05-20 00:00:00-04:00,20.381565640643732,20.506495882793768,20.345870313145493,20.44403076171875,124900,0.0,0.0
2024-05-21 00:00:00-04:00,20.479731332677613,20.524348801427,20.390494693131508,20.408342361450195,93500,0.0,0.0
2024-05-22 00:00:00-04:00,20.328028215298364,20.46188231476531,20.328028215298364,20.36372184753418,152000,0.0,0.0
2024-05-23 00:00:00-04:00,20.47972848610091,20.524345948648698,19.997851720758725,20.01569938659668,213100,0.0,0.0
2024-05-24 00:00:00-04:00,20.140629466109758,20.265559721781727,20.122781800428882,20.149553298950195,121200,0.0,0.0
2024-05-28 00:00:00-04:00,20.14955139925185,20.265557811146305,20.03354498735739,20.04246711730957,118300,0.0,0.0
2024-05-29 00:00:00-04:00,19.971082227720274,19.980006061535484,19.828304290771484,19.828304290771484,199800,0.0,0.0
2024-05-30 00:00:00-04:00,19.765837903724677,19.917539664876667,19.765837903724677,19.83722686767578,89500,0.0,0.0
2024-05-31 00:00:00-04:00,19.872923126443776,20.149555161885157,19.872923126443776,20.122783660888672,92500,0.0,0.0
2024-06-03 00:00:00-04:00,20.203097353241024,20.22986885541873,19.94431297371243,20.024625778198242,139600,0.0,0.0
2024-06-04 00:00:00-04:00,19.988924524510026,20.176321580182982,19.962154732304466,20.131702423095703,145700,0.0,0.0
2024-06-05 00:00:00-04:00,20.13170739572325,20.336952164927556,20.13170739572325,20.3101806640625,183700,0.0,0.0
2024-06-06 00:00:00-04:00,20.24771421225306,20.45295726604498,20.24771421225306,20.399415969848633,195700,0.0,0.0
2024-06-07 00:00:00-04:00,20.42618832772155,20.44403599604024,20.37264702481282,20.408342361450195,136800,0.0,0.0
2024-06-10 00:00:00-04:00,20.354795565397563,20.4083385603812,20.283406607466393,20.301254272460938,58300,0.0,0.0
2024-06-11 00:00:00-04:00,20.30125541607557,20.372644378028237,20.22094262112293,20.34587287902832,126200,0.0,0.0
2024-06-12 00:00:00-04:00,20.524346134933545,20.568963597886295,20.292331583075597,20.34587287902832,170600,0.0,0.0
2024-06-13 00:00:00-04:00,20.363804098166035,20.435540852052835,20.292069054577585,20.336904525756836,224000,0.11,0.0
2024-06-14 00:00:00-04:00,20.25620688374521,20.25620688374521,20.08583547604727,20.148603439331055,156800,0.0,0.0
2024-06-17 00:00:00-04:00,20.067902805370256,20.32794348474943,20.067902805370256,20.256208419799805,182400,0.0,0.0
2024-06-18 00:00:00-04:00,20.220338777479398,20.39071018752508,20.220338777479398,20.24724006652832,105700,0.0,0.0
2024-06-20 00:00:00-04:00,20.31000929093731,20.381744355886934,20.229307129081626,20.256208419799805,147400,0.0,0.0
2024-06-21 00:00:00-04:00,20.310004165221812,20.336905449150812,20.175501166173675,20.274137496948242,193500,0.0,0.0
2024-06-24 00:00:00-04:00,20.310007658721347,20.507280354203115,20.29207346635051,20.354843139648438,149400,0.0,0.0
2024-06-25 00:00:00-04:00,20.3907051761635,20.5162410736084,20.345871415732702,20.5162410736084,160400,0.0,0.0
2024-06-26 00:00:00-04:00,20.489346161832277,20.507280354203115,20.301040562535928,20.354843139648438,165800,0.0,0.0
2024-06-27 00:00:00-04:00,20.39967691027681,20.39967691027681,20.310007658721347,20.354843139648438,188500,0.0,0.0
2024-06-28 00:00:00-04:00,20.390708965659584,20.498312405108642,20.301039717835142,20.363807678222656,144200,0.0,0.0
2024-07-01 00:00:00-04:00,20.37277253192446,20.444507580229537,20.28310500426696,20.292070388793945,161300,0.0,0.0
2024-07-02 00:00:00-04:00,20.301036523406317,20.426574134726277,20.265169856099458,20.381738662719727,135100,0.0,0.0
2024-07-03 00:00:00-04:00,20.381739606128903,20.516242607777528,20.381739606128903,20.47140884399414,61300,0.0,0.0
2024-07-05 00:00:00-04:00,20.507279418405087,20.61488114712254,20.408643075165223,20.57004737854004,148400,0.0,0.0
2024-07-08 00:00:00-04:00,20.5431432413444,20.570044524941178,20.453474006320214,20.480375289916992,133400,0.0,0.0
2024-07-09 00:00:00-04:00,20.44451011354678,20.534179362613823,20.44451011354678,20.462444305419922,154700,0.0,0.0
2024-07-10 00:00:00-04:00,20.59694598499009,20.668681037520933,20.489344261343106,20.65971565246582,199800,0.0,0.0
2024-07-11 00:00:00-04:00,20.71351790290296,20.803187152152496,20.71351790290296,20.74041748046875,167900,0.0,0.0
2024-07-12 00:00:00-04:00,20.865953167906685,21.05425703450364,20.758349736780918,20.919754028320312,160700,0.0,0.0
2024-07-15 00:00:00-04:00,21.10806347105436,21.224632308349317,21.09012927753242,21.197731018066406,235700,0.0,0.0
2024-07-16 00:00:00-04:00,21.242561362953214,21.43983231307505,21.20669298458647,21.39499855041504,173900,0.0,0.0
2024-07-17 00:00:00-04:00,21.223837863718018,21.46706562554329,21.187805075791953,21.404006958007812,215200,0.11,0.0
2024-07-18 00:00:00-04:00,21.44905062716043,21.53913518377487,21.124748628856445,21.17879867553711,191100,0.0,0.0
2024-07-19 00:00:00-04:00,21.07069650567884,21.14276380610099,20.9625964141556,21.05268096923828,126800,0.0,0.0
2024-07-22 00:00:00-04:00,21.151772354239966,21.196815490722656,21.061687799494553,21.196815490722656,104200,0.0,0.0
2024-07-23 00:00:00-04:00,21.223841518374876,21.34996059338284,21.169791468068674,21.268884658813477,116600,0.0,0.0
2024-07-24 00:00:00-04:00,21.214830588154843,21.259873723705578,20.854494094848633,20.854494094848633,115500,0.0,0.0
2024-07-25 00:00:00-04:00,20.845484591562244,21.115738238847563,20.80044317612462,20.890527725219727,101400,0.0,0.0
2024-07-26 00:00:00-04:00,20.944579338093078,21.178798496017293,20.944579338093078,21.115739822387695,116900,0.0,0.0
2024-07-29 00:00:00-04:00,21.223841066418483,21.223841066418483,20.926563218734653,20.99863052368164,127400,0.0,0.0
2024-07-30 00:00:00-04:00,21.10672998219317,21.187805905978333,20.94457813462284,21.016645431518555,161000,0.0,0.0
2024-07-31 00:00:00-04:00,21.124750751569778,21.241859484182182,21.09772486640376,21.16979217529297,191000,0.0,0.0
2024-08-01 00:00:00-04:00,21.241855949095143,21.313923245990857,20.836476330169326,21.016645431518555,209900,0.0,0.0
2024-08-02 00:00:00-04:00,20.79143531679904,20.818461197991045,20.44911607946656,20.647300720214844,267200,0.0,0.0
2024-08-05 00:00:00-04:00,19.773486416773224,20.043738381824394,19.728443277117968,19.863569259643555,259400,0.0,0.0
2024-08-06 00:00:00-04:00,19.863569314714294,20.214898932118967,19.863569314714294,20.07977294921875,192800,0.0,0.0
2024-08-07 00:00:00-04:00,20.17886246564256,20.49415754068165,20.151838302612305,20.151838302612305,166000,0.0,0.0
2024-08-08 00:00:00-04:00,20.350021112405383,20.530190201419256,20.34101248613271,20.43109703063965,165900,0.0,0.0
2024-08-09 00:00:00-04:00,20.39506500785921,20.620275537427336,20.39506500785921,20.548208236694336,150300,0.0,0.0
2024-08-12 00:00:00-04:00,20.62027296513092,20.67432472260292,20.548205673388026,20.575231552124023,101200,0.0,0.0
2024-08-13 00:00:00-04:00,20.683332443237305,20.7103583230351,20.611265148663023,20.683332443237305,144000,0.0,0.0
2024-08-14 00:00:00-04:00,20.683334498720512,20.782427682940344,20.683334498720512,20.755403518676758,149100,0.0,0.0
2024-08-15 00:00:00-04:00,20.935572648324037,21.097724520219117,20.917555391842328,21.04367446899414,154600,0.0,0.0
2024-08-16 00:00:00-04:00,20.998416848532436,21.215641636108394,20.94410935687658,21.152284622192383,120500,0.11,0.0
2024-08-19 00:00:00-04:00,21.097973150933974,21.28804588317871,21.097973150933974,21.28804588317871,171100,0.0,0.0
2024-08-20 00:00:00-04:00,21.28805175230373,21.34235752233914,21.26089800411137,21.306154251098633,200400,0.0,0.0
2024-08-21 00:00:00-04:00,21.315200687262166,21.36045692769538,21.242792428918076,21.27899742126465,162600,0.0,0.0
2024-08-22 00:00:00-04:00,21.278998300462572,21.34235531333778,21.233742058159475,21.269947052001953,281800,0.0,0.0
2024-08-23 00:00:00-04:00,21.414765076083313,21.541479110717773,21.351408058766083,21.541479110717773,228000,0.0,0.0
2024-08-26 00:00:00-04:00,21.59578525761827,21.668193519512123,21.56863151202715,21.631988525390625,214300,0.0,0.0
2024-08-27 00:00:00-04:00,21.523373077581386,21.65913832812383,21.523373077581386,21.595781326293945,206200,0.0,0.0
2024-08-28 00:00:00-04:00,21.66819443363889,21.69534645402635,21.532429152653965,21.60483741760254,210800,0.0,0.0
2024-08-29 00:00:00-04:00,21.668197596244173,21.73155462152787,21.568635570027247,21.686298370361328,162700,0.0,0.0
2024-08-30 00:00:00-04:00,21.73155326304605,21.80396153403667,21.668196241722924,21.77680778503418,200800,0.0,0.0
2024-09-03 00:00:00-04:00,21.70439637024831,21.70439637024831,21.532427830522888,21.559579849243164,206600,0.0,0.0
2024-09-04 00:00:00-04:00,21.496223250133298,21.631988525390625,21.496223250133298,21.631988525390625,200900,0.0,0.0
2024-09-05 00:00:00-04:00,21.65009403128317,21.686297304086892,21.414766715836144,21.48717498779297,281400,0.0,0.0
2024-09-06 00:00:00-04:00,21.47812328906548,21.622939829952152,21.224695205688477,21.224695205688477,295800,0.0,0.0
2024-09-09 00:00:00-04:00,21.233740881557527,21.31520038684015,21.13418060670579,21.2427921295166,200100,0.0,0.0
2024-09-10 00:00:00-04:00,21.306147207351305,21.306147207351305,21.007461255027962,21.107023239135742,242200,0.0,0.0
2024-09-11 00:00:00-04:00,21.025564327416646,21.197534561157227,20.853595820024847,21.197534561157227,194100,0.0,0.0
2024-09-12 00:00:00-04:00,21.15228090510527,21.360454407489616,21.134178411067797,21.34235191345215,144200,0.0,0.0
2024-09-13 00:00:00-04:00,21.460018866748094,21.586734623430424,21.405713100369486,21.568632125854492,168600,0.0,0.0
2024-09-16 00:00:00-04:00,21.559541724630414,21.814146816142724,21.559541724630414,21.786867141723633,139400,0.11,0.0
2024-09-17 00:00:00-04:00,21.841422411493184,21.941444396972656,21.714119022334355,21.941444396972656,153400,0.0,0.0
2024-09-18 00:00:00-04:00,22.00509911474622,22.186958391662095,21.886888937113515,21.977819442749023,136000,0.0,0.0
2024-09-19 00:00:00-04:00,22.232423467061277,22.250608179849852,22.11421329498271,22.159679412841797,158900,0.0,0.0
2024-09-20 00:00:00-04:00,22.19604828986228,22.19604828986228,22.050560196387085,22.105117797851562,353500,0.0,0.0
2024-09-23 00:00:00-04:00,22.105120263678927,22.232423660436584,22.059655879779456,22.214237213134766,169900,0.0,0.0
2024-09-24 00:00:00-04:00,22.21423600229239,22.268793606868975,22.123305505094766,22.150585174560547,153000,0.0,0.0
2024-09-25 00:00:00-04:00,22.186954172588543,22.205140617128336,22.077838974059404,22.11421012878418,189300,0.0,0.0
2024-09-26 00:00:00-04:00,22.205140617128336,22.214233839398233,22.11421012878418,22.11421012878418,123000,0.0,0.0
2024-09-27 00:00:00-04:00,22.22332437777286,22.22332437777286,22.09602101572346,22.14148712158203,151600,0.0,0.0
2024-09-30 00:00:00-04:00,22.123303036319758,22.25060467757765,22.114209814179222,22.232419967651367,150600,0.0,0.0
2024-10-01 00:00:00-04:00,22.186954617009945,22.214234284366068,21.986908926129583,22.01418685913086,194200,0.0,0.0
2024-10-02 00:00:00-04:00,22.068751342251275,22.15058862905658,22.023285219384302,22.09602928161621,138600,0.0,0.0
2024-10-03 00:00:00-04:00,22.005098342895508,22.05056272694098,21.996005119215397,22.005098342895508,108900,0.0,0.0
2024-10-04 00:00:00-04:00,22.205143796345826,22.22333024348946,22.00509808083102,22.159679412841797,71300,0.0,0.0
2024-10-07 00:00:00-04:00,22.268795086591446,22.277888310350935,22.03237647191001,22.059656143188477,243500,0.0,0.0
2024-10-08 00:00:00-04:00,22.20514151249884,22.20514151249884,22.086933086933325,22.105117797851562,100800,0.0,0.0
2024-10-09 00:00:00-04:00,22.096026918665352,22.223330314723793,22.096026918665352,22.1960506439209,109200,0.0,0.0
2024-10-10 00:00:00-04:00,22.19605220934223,22.332447104266098,22.19605220934223,22.31426239013672,83600,0.0,0.0
2024-10-11 00:00:00-04:00,22.368818354224214,22.468840344814353,22.359725130651462,22.405189514160156,127900,0.0,0.0
2024-10-14 00:00:00-04:00,22.46883943972492,22.650700435144095,22.423375058047622,22.605236053466797,89900,0.0,0.0
2024-10-15 00:00:00-04:00,22.577957661464783,22.72344577229085,22.414283103196684,22.459749221801758,115400,0.0,0.0
2024-10-16 00:00:00-04:00,22.45974738256192,22.70525746550404,22.45974738256192,22.68707275390625,88300,0.0,0.0
2024-10-17 00:00:00-04:00,22.796669550921138,22.805803041370446,22.659670678251864,22.668804168701172,87200,0.11,0.0
2024-10-18 00:00:00-04:00,22.632272476252055,22.82407055405074,22.623138985589943,22.741870880126953,85000,0.0,0.0
2024-10-21 00:00:00-04:00,22.650536122053275,22.74186928021379,22.513537255830048,22.52267074584961,107300,0.0,0.0
2024-10-22 00:00:00-04:00,22.394808035800043,22.54094040944023,22.36740756247927,22.486141204833984,78100,0.0,0.0
2024-10-23 00:00:00-04:00,22.477003159436123,22.6779346969698,22.239537664877254,22.367403030395508,104300,0.0,0.0
2024-10-24 00:00:00-04:00,22.440473806218996,22.696206331755636,22.266940958817873,22.330875396728516,116700,0.0,0.0
2024-10-25 00:00:00-04:00,22.358272598906414,22.495271472417237,22.19387325387935,22.203006744384766,114000,0.0,0.0
2024-10-28 00:00:00-04:00,22.230407744233368,22.349139639555172,22.230407744233368,22.276073455810547,83000,0.0,0.0
2024-10-29 00:00:00-04:00,22.22127372539559,22.36740608941183,22.203006744384766,22.203006744384766,103200,0.0,0.0
2024-10-30 00:00:00-04:00,22.203010843564925,22.285210531254386,22.12081115587546,22.13907814025879,111500,0.0,0.0
2024-10-31 00:00:00-04:00,22.002073892135204,22.11167228771771,21.947274694343953,21.965539932250977,126000,0.0,0.0
2024-11-01 00:00:00-04:00,22.002073892135204,22.084273559839627,21.91987422443078,21.965539932250977,122600,0.0,0.0
2024-11-04 00:00:00-05:00,22.01121068090561,22.084276869589335,21.89247703552246,21.89247703552246,98100,0.0,0.0
2024-11-05 00:00:00-05:00,21.956414703569113,22.038612653644492,21.88334676210547,21.974679946899414,161800,0.0,0.0
2024-11-06 00:00:00-05:00,22.577471295459922,22.586604786026232,22.349139257407813,22.403940200805664,199500,0.0,0.0
2024-11-07 00:00:00-05:00,22.559206565333326,22.67793846130371,22.559206565333326,22.67793846130371,156400,0.0,0.0
2024-11-08 00:00:00-05:00,22.67793624982803,22.924535250528912,22.67793624982803,22.89713478088379,108400,0.0,0.0
2024-11-11 00:00:00-05:00,22.915401192013054,23.134599717629513,22.897134212702923,22.979333877563477,162100,0.0,0.0
2024-11-12 00:00:00-05:00,23.07067173004034,23.07067173004034,22.833206176757812,22.833206176757812,117100,0.0,0.0
2024-11-13 00:00:00-05:00,22.888005972253783,23.006739622965334,22.65054041286611,22.751007080078125,255800,0.0,0.0
2024-11-14 00:00:00-05:00,22.71430847947397,22.861089006824216,22.521657943725586,22.521657943725586,154700,0.11,0.0
2024-11-15 00:00:00-05:00,22.411573760840465,22.595048547912317,22.33818349605934,22.47579002380371,139600,0.0,0.0
2024-11-18 00:00:00-05:00,22.484964199106038,22.68678699137083,22.484964199106038,22.640918731689453,76400,0.0,0.0
2024-11-19 00:00:00-05:00,22.402403369509784,22.842745029164284,22.356535102789937,22.576705932617188,164600,0.0,0.0
2024-11-20 00:00:00-05:00,22.61339707049962,22.659267080641698,22.494138543654167,22.65009307861328,196300,0.0,0.0
2024-11-21 00:00:00-05:00,22.81522041232214,22.888610674916876,22.567527619904208,22.833566665649414,328800,0.0,0.0
2024-11-22 00:00:00-05:00,22.84274273766292,23.05373954302732,22.659267939426847,22.943655014038086,244200,0.0,0.0
2024-11-25 00:00:00-05:00,23.11795582274859,23.1638240814209,23.03539155732891,23.1638240814209,94000,0.0,0.0
2024-11-26 00:00:00-05:00,23.182174682934882,23.28308521327588,23.07208840011676,23.23721694946289,88300,0.0,0.0
2024-11-27 00:00:00-05:00,23.228040004448665,23.292256265557413,23.17299774489287,23.209692001342773,120800,0.0,0.0
2024-11-29 00:00:00-05:00,23.301430273316083,23.475732803344727,23.18217175261978,23.475732803344727,70500,0.0,0.0
2024-12-02 00:00:00-05:00,23.475734365935562,23.48490836810159,23.28308381997294,23.46656036376953,96600,0.0,0.0
2024-12-03 00:00:00-05:00,23.393170966008114,23.44821323128887,23.310606693205944,23.383996963500977,142100,0.0,0.0
2024-12-04 00:00:00-05:00,23.383995741503217,23.466560009990754,23.347301483154297,23.347301483154297,150800,0.0,0.0
2024-12-05 00:00:00-05:00,23.42068985411791,23.54912237258772,23.42068985411791,23.45738410949707,211200,0.0,0.0
2024-12-06 00:00:00-05:00,23.3931685391081,23.512427059804402,23.36564653444193,23.475732803344727,114100,0.0,0.0
2024-12-09 00:00:00-05:00,23.5124282703674,23.530776274422845,23.338127481126573,23.347301483154297,141600,0.0,0.0
2024-12-10 00:00:00-05:00,23.34730342009028,23.365649675905793,23.081262588500977,23.081262588500977,149100,0.0,0.0
2024-12-11 00:00:00-05:00,23.12712841922713,23.191346431991768,23.081260159871466,23.172998428344727,149400,0.0,0.0
2024-12-12 00:00:00-05:00,23.117956868803454,23.191347135857097,22.943654328390306,22.980348587036133,119100,0.0,0.0
2024-12-13 00:00:00-05:00,23.05406405180181,23.05406405180181,22.971135624764578,23.0172061920166,73900,0.11,0.0
2024-12-16 00:00:00-05:00,23.035638306166867,23.0448527723869,22.759211349484755,22.878995895385742,158600,0.0,0.0
2024-12-17 00:00:00-05:00,22.786852486199976,22.786852486199976,22.63021007888667,22.722352981567383,193800,0.0,0.0
2024-12-18 00:00:00-05:00,22.722348742141023,22.749992135031572,22.022065272894675,22.123422622680664,225300,0.0,0.0
2024-12-19 00:00:00-05:00,22.243207199945672,22.427492971390933,21.86542295021432,21.902280807495117,197200,0.0,0.0
2024-12-20 00:00:00-05:00,21.85621088998157,22.445924368984677,21.810140320792375,22.27085304260254,161500,0.0,0.0
2024-12-23 00:00:00-05:00,22.372209548950195,22.528851938679516,22.132638731865384,22.372209548950195,136500,0.0,0.0
2024-12-24 00:00:00-05:00,22.473563430790637,22.740777622393168,22.29849388196073,22.55649185180664,79000,0.0,0.0
2024-12-26 00:00:00-05:00,22.55649474606127,22.842137902869588,22.55649474606127,22.66706657409668,70300,0.0,0.0
2024-12-27 00:00:00-05:00,22.611779765359312,22.630206937353634,22.39985059136984,22.436708450317383,128500,0.0,0.0
2024-12-30 00:00:00-05:00,22.187925210071167,22.335353144425426,22.132640174058224,22.20635414123535,141600,0.0,0.0
2024-12-31 00:00:00-05:00,22.261638705499134,22.390637705955573,22.17871027449726,22.252424240112305,88400,0.0,0.0
2025-01-02 00:00:00-05:00,22.390637835142773,22.51963859382308,22.187924867901692,22.23399543762207,121100,0.0,0.0
2025-01-03 00:00:00-05:00,22.36299277655812,22.43670673132615,22.261635429697336,22.4090633392334,125600,0.0,0.0
2025-01-06 00:00:00-05:00,22.51963640737575,22.565706972623104,22.362994025063568,22.482778549194336,171400,0.0,0.0
2025-01-07 00:00:00-05:00,22.491990368730573,22.519633759115827,22.27084851808613,22.353776931762695,221500,0.0,0.0
2025-01-08 00:00:00-05:00,22.38142401393186,22.445923511324022,22.26163772664971,22.372209548950195,94100,0.0,0.0
2025-01-10 00:00:00-05:00,22.24321165177918,22.252426117943596,21.994428095258854,22.049713134765625,166000,0.0,0.0
2025-01-13 00:00:00-05:00,21.883852598608502,22.243207931518555,21.86542366936198,22.243207931518555,157100,0.0,0.0
2025-01-14 00:00:00-05:00,22.280063566691755,22.48277649573657,22.19713515083723,22.289278030395508,114800,0.0,0.0
2025-01-15 00:00:00-05:00,22.482779077023014,22.694706494103333,22.35378008531838,22.639421463012695,96000,0.0,0.0
2025-01-16 00:00:00-05:00,22.695025365997818,22.908167280820425,22.611621700623566,22.77842903137207,117200,0.14,0.0
2025-01-17 00:00:00-05:00,22.963769477344567,23.056438639740538,22.83402946839846,22.99156951904297,92700,0.0,0.0
2025-01-21 00:00:00-05:00,23.149106687254385,23.204710298829596,23.102772111825793,23.176908493041992,136400,0.0,0.0
2025-01-22 00:00:00-05:00,23.26031538559412,23.27884992536977,23.065706253051758,23.065706253051758,113100,0.0,0.0
2025-01-23 00:00:00-05:00,23.130576829715178,23.269584119225655,23.130576829715178,23.260316848754883,175100,0.0,0.0
2025-01-24 00:00:00-05:00,23.352986948978064,23.399321532120258,23.251048745003978,23.278850555419922,156700,0.0,0.0
2025-01-27 00:00:00-05:00,23.102777517902304,23.260317585795125,23.102777517902304,23.204715728759766,180300,0.0,0.0
2025-01-28 00:00:00-05:00,23.325185138562116,23.399321532120258,23.23251420472668,23.278850555419922,132700,0.0,0.0
2025-01-29 00:00:00-05:00,23.19544748450082,23.482725795936357,23.18618021412534,23.223247528076172,155900,0.0,0.0
2025-01-30 00:00:00-05:00,23.297382697194777,23.371519088745117,23.176911723757094,23.371519088745117,143900,0.0,0.0
2025-01-31 00:00:00-05:00,23.399320701885983,23.464189823003846,23.02863874724749,23.13057518005371,201400,0.0,0.0
2025-02-03 00:00:00-05:00,22.71355685387387,23.12130785561707,22.704289584794385,23.028636932373047,114100,0.0,0.0
2025-02-04 00:00:00-05:00,23.02863913594858,23.20471373020545,22.991570056083546,23.000837326049805,107600,0.0,0.0
2025-02-05 00:00:00-05:00,23.21397976433728,23.31591796875,23.02863966341995,23.31591796875,117900,0.0,0.0
2025-02-06 00:00:00-05:00,23.427120691414775,23.46418800022361,23.232511575628116,23.334449768066406,81200,0.0,0.0
2025-02-07 00:00:00-05:00,23.278852127323965,23.464192239958884,23.176913916466503,23.204715728759766,130900,0.0,0.0
2025-02-10 00:00:00-05:00,23.315917582433062,23.343719392507996,23.102775674511662,23.139842987060547,137800,0.0,0.0
2025-02-11 00:00:00-05:00,23.121306999841583,23.315914340655382,23.121306999841583,23.25104522705078,72200,0.0,0.0
2025-02-12 00:00:00-05:00,23.149111370656723,23.343720515440726,23.019373119168126,23.260316848754883,134700,0.0,0.0
2025-02-13 00:00:00-05:00,23.38146442408502,23.530568876750376,23.306912197752343,23.474655151367188,73300,0.14,0.0
2025-02-14 00:00:00-05:00,23.577160948903128,23.577160948903128,23.372142791748047,23.372142791748047,101500,0.0,0.0
2025-02-18 00:00:00-05:00,23.38146066382303,23.567842088413062,23.38146066382303,23.502607345581055,122800,0.0,0.0
2025-02-19 00:00:00-05:00,23.623756127107523,23.623756127107523,23.483970945490384,23.577159881591797,154000,0.0,0.0
2025-02-20 00:00:00-05:00,23.62375949335632,23.6517154671843,23.456016540527344,23.456016540527344,153800,0.0,0.0
2025-02-21 00:00:00-05:00,23.511927489683035,23.64239520284911,23.21371862095783,23.26963233947754,122400,0.0,0.0
2025-02-24 00:00:00-05:00,23.325547038646054,23.34418375920594,23.036655651655302,23.073932647705078,216700,0.0,0.0
2025-02-25 00:00:00-05:00,23.101893737720484,23.29759266290557,22.971426010131836,22.971426010131836,116100,0.0,0.0
2025-02-26 00:00:00-05:00,23.01802031298236,23.176444000774868,22.94346809387207,22.94346809387207,90100,0.0,0.0
2025-02-27 00:00:00-05:00,22.971425292783145,23.045977515877723,22.785045623779297,22.785045623779297,155800,0.0,0.0
2025-02-28 00:00:00-05:00,22.840958789388154,23.120529174804688,22.840958789388154,23.120529174804688,112200,0.0,0.0
2025-03-03 00:00:00-05:00,23.213720984042887,23.34418693302493,22.831640609910984,22.915512084960938,106000,0.0,0.0
2025-03-04 00:00:00-05:00,22.72913061888544,22.887554318598426,22.430921720005756,22.458879470825195,225500,0.0,0.0
2025-03-05 00:00:00-05:00,22.505472978848566,22.729129643409557,22.38432628542747,22.68253517150879,144100,0.0,0.0
2025-03-06 00:00:00-05:00,22.412281110236698,22.64525701274421,22.375005890117336,22.402963638305664,193700,0.0,0.0
2025-03-07 00:00:00-05:00,22.36568693944966,22.673215063768488,22.235221001091702,22.496152877807617,181500,0.0,0.0
2025-03-10 00:00:00-04:00,22.40296271349405,22.645256077930537,22.104752077524132,22.20726203918457,193900,0.0,0.0
2025-03-11 00:00:00-04:00,22.24453823188848,22.33772716370708,21.890413892104032,22.01156234741211,195800,0.0,0.0
2025-03-12 00:00:00-04:00,22.13271284123307,22.235222816865555,21.927694667433347,22.030202865600586,147700,0.0,0.0
2025-03-13 00:00:00-04:00,21.97428846061592,22.123392905571983,21.853141765638565,21.87177848815918,112000,0.0,0.0
2025-03-14 00:00:00-04:00,22.00224572795077,22.30045461132135,22.00224572795077,22.19794464111328,108800,0.0,0.0
2025-03-17 00:00:00-04:00,22.25418898647722,22.497916631205467,22.25418898647722,22.479167938232422,94000,0.14,0.0
2025-03-18 00:00:00-04:00,22.329181700054267,22.497916358821225,22.329181700054267,22.46979331970215,140900,0.0,0.0
2025-03-19 00:00:00-04:00,22.55416122041214,22.807263214973986,22.43229829042336,22.629154205322266,169900,0.0,0.0
2025-03-20 00:00:00-04:00,22.61040947663644,22.797891062972525,22.554163391559047,22.638530731201172,154400,0.0,0.0
2025-03-21 00:00:00-04:00,22.544789044046148,22.638530731201172,22.45104914486509,22.638530731201172,120200,0.0,0.0
2025-03-24 00:00:00-04:00,22.854133058415762,23.022867720706596,22.779140073839148,22.901004791259766,113600,0.0,0.0
2025-03-25 00:00:00-04:00,22.96662288333918,23.03224151978721,22.88225555419922,22.88225555419922,174000,0.0,0.0
2025-03-26 00:00:00-04:00,22.985371849330022,23.050990486558263,22.83538588195868,22.891630172729492,92300,0.0,0.0
2025-03-27 00:00:00-04:00,22.91975388543068,22.985372524586644,22.7697679136531,22.77914047241211,91500,0.0,0.0
2025-03-28 00:00:00-04:00,22.77913974751017,22.910378809619484,22.535413892108068,22.61040687561035,113500,0.0,0.0
2025-03-31 00:00:00-04:00,22.441672367255155,22.75101864978739,22.32918199725535,22.619779586791992,115200,0.0,0.0
2025-04-01 00:00:00-04:00,22.4885450160531,22.78851698815964,22.4885450160531,22.647905349731445,95000,0.0,0.0
2025-04-02 00:00:00-04:00,22.610409478207163,22.872884056690708,22.460421705964325,22.844762802124023,149400,0.0,0.0
2025-04-03 00:00:00-04:00,22.19794446439153,22.404174721026276,21.916719436645508,21.916719436645508,252300,0.0,0.0
2025-04-04 00:00:00-04:00,21.176164639386297,21.382394902718676,20.15438409347014,20.276247024536133,426400,0.0,0.0
2025-04-07 00:00:00-04:00,19.06698679611552,20.29499772692487,18.842007817125758,19.788795471191406,516100,0.0,0.0
2025-04-08 00:00:00-04:00,20.48248335695102,20.93244136443634,19.666932903906453,19.798171997070312,373000,0.0,0.0
2025-04-09 00:00:00-04:00,19.873160092415905,21.53238005891863,19.807539668045987,21.354272842407227,292500,0.0,0.0
2025-04-10 00:00:00-04:00,21.279281012983812,21.410518292889062,20.266874797206825,20.7730770111084,248900,0.0,0.0
2025-04-11 00:00:00-04:00,20.782452877938862,21.298029476395236,20.651215588435196,21.176166534423828,139500,0.0,0.0
2025-04-14 00:00:00-04:00,21.560505306366625,21.560505306366625,21.185540354285468,21.29802894592285,151800,0.0,0.0
2025-04-15 00:00:00-04:00,21.298029512311363,21.675319313425444,21.203706612267922,21.37348747253418,169300,0.14,0.0
2025-04-16 00:00:00-04:00,21.279165485843947,21.552701727804795,20.873578257590147,21.052791595458984,121800,0.0,0.0
2025-04-17 00:00:00-04:00,21.156546833937885,21.45837868584527,21.09052134121561,21.222572326660156,124600,0.0,0.0
2025-04-21 00:00:00-04:00,21.165977707243442,21.165977707243442,20.581177189000613,20.798118591308594,163400,0.0,0.0
2025-04-22 00:00:00-04:00,20.967898373726463,21.496105846785728,20.967898373726463,21.34518814086914,177300,0.0,0.0
2025-04-23 00:00:00-04:00,21.741343325374956,22.04317694480189,21.580994945922345,21.618724822998047,148600,0.0,0.0
2025-04-24 00:00:00-04:00,21.684751307405403,21.977150671968865,21.486674840815212,21.91112518310547,226900,0.0,0.0
2025-04-25 00:00:00-04:00,21.96772056888251,22.090339080073978,21.797939707956097,21.986583709716797,99600,0.0,0.0
2025-04-28 00:00:00-04:00,22.099772211907037,22.194095115142193,21.882830793808,22.03374671936035,150000,0.0,0.0
2025-04-29 00:00:00-04:00,22.04317778826528,22.212956844423704,21.9677198302861,22.194093704223633,198900,0.0,0.0
2025-04-30 00:00:00-04:00,21.996016704892146,22.3167134945087,21.788507758282503,22.203527450561523,102100,0.0,0.0
2025-05-01 00:00:00-04:00,22.354439969163238,22.50535587080499,22.288412688017942,22.392168045043945,290600,0.0,0.0
2025-05-02 00:00:00-04:00,22.505356979109795,22.72229837352094,22.505356979109795,22.656272888183594,112100,0.0,0.0
2025-05-05 00:00:00-04:00,22.44876349137797,22.712867247404173,22.44876349137797,22.5808162689209,154100,0.0,0.0
2025-05-06 00:00:00-04:00,22.269556418999258,22.618548874550683,22.25069147570999,22.458200454711914,98500,0.0,0.0
2025-05-07 00:00:00-04:00,22.524221420288086,22.684569807829142,22.36387303274703,22.524221420288086,112100,0.0,0.0
2025-05-08 00:00:00-04:00,22.778892007500485,22.83548502517327,22.458195242255375,22.61854362487793,151000,0.0,0.0
2025-05-09 00:00:00-04:00,22.76946403560294,22.816626392195708,22.59025247773027,22.66571044921875,77900,0.0,0.0
2025-05-12 00:00:00-04:00,23.36369349319782,23.36369349319782,22.99583436535783,23.024131774902344,206200,0.0,0.0
2025-05-13 00:00:00-04:00,23.165613191693502,23.307096628881375,22.995832347444246,23.193910598754883,124400,0.0,0.0
2025-05-14 00:00:00-04:00,23.33539914581474,23.33539914581474,23.0335672673044,23.175050735473633,233200,0.0,0.0
2025-05-15 00:00:00-04:00,23.260424124385544,23.41220488462873,23.07069726939687,23.355287551879883,264800,0.14,0.0
2025-05-16 00:00:00-04:00,23.35528976674474,23.526041781184304,23.307857143814676,23.507070541381836,182800,0.0,0.0
2025-05-19 00:00:00-04:00,23.37426100654721,23.58296092870038,23.165562893763596,23.507070541381836,124900,0.0,0.0
2025-05-20 00:00:00-04:00,23.526040504314196,23.84857508525492,23.45015012111458,23.810630798339844,327600,0.0,0.0
2025-05-21 00:00:00-04:00,23.801144636962213,23.81063116117791,23.250938898038335,23.31734275817871,224700,0.0,0.0
2025-05-22 00:00:00-04:00,23.35528851555931,23.42169237473447,23.108644317644824,23.194021224975586,162300,0.0,0.0
2025-05-23 00:00:00-04:00,22.880973334061267,23.374259924103324,22.880973334061267,23.108644485473633,130000,0.0,0.0
2025-05-27 00:00:00-04:00,23.450151393865756,23.573474404114368,23.40272058030525,23.507070541381836,111500,0.0,0.0
2025-05-28 00:00:00-04:00,23.488095919503515,23.66833625583019,23.336315155029297,23.336315155029297,133400,0.0,0.0
2025-05-29 00:00:00-04:00,23.48809546616556,23.535526275634766,23.317341657085382,23.535526275634766,99700,0.0,0.0
2025-05-30 00:00:00-04:00,23.554503113987764,23.668339608151648,23.393235802721247,23.563989639282227,73200,0.0,0.0
2025-06-02 00:00:00-04:00,23.478612070156057,23.677823667708438,23.374262104179298,23.582962036132812,84300,0.0,0.0
2025-06-03 00:00:00-04:00,23.526043386868853,23.772687614830325,23.526043386868853,23.620906829833984,129400,0.0,0.0
2025-06-04 00:00:00-04:00,23.668337349582576,23.810631596681628,23.554500866281625,23.7347412109375,114700,0.0,0.0
2025-06-05 00:00:00-04:00,23.73474347584321,23.858064685931865,23.535530063398834,23.563989639282227,167300,0.0,0.0
2025-06-06 00:00:00-04:00,23.7537140895602,23.8865218113187,23.72525451659645,23.820117950439453,94500,0.0,0.0
2025-06-09 00:00:00-04:00,23.86754815674391,23.952925064098174,23.744226962437455,23.78217124938965,160300,0.0,0.0
2025-06-10 00:00:00-04:00,23.8960092968946,24.000357449886916,23.801145859235568,23.952926635742188,105100,0.0,0.0
2025-06-11 00:00:00-04:00,23.924464506795054,24.10470483816281,23.924464506795054,23.97189712524414,103400,0.0,0.0
2025-06-12 00:00:00-04:00,24.009845258091435,24.08573565040164,23.94344139099121,23.94344139099121,92300,0.0,0.0
2025-06-13 00:00:00-04:00,23.828967713662536,24.029292251118417,23.752654037360667,23.80988883972168,54700,0.14,0.0
2025-06-16 00:00:00-04:00,23.96251341650715,24.124680174982675,23.828963143993583,23.933895111083984,69800,0.0,0.0
2025-06-17 00:00:00-04:00,23.87666644021759,24.10560748390579,23.666802452240482,23.72403907775879,86300,0.0,0.0
2025-06-18 00:00:00-04:00,23.67634076194459,23.981595472320613,23.600027084350586,23.600027084350586,82700,0.0,0.0
2025-06-20 00:00:00-04:00,23.771731526388024,23.8289663254146,23.43785852972032,23.666799545288086,171000,0.0,0.0
2025-06-23 00:00:00-04:00,23.752654242756652,23.838507356771345,23.590487451780184,23.76219367980957,121900,0.0,0.0
2025-06-24 00:00:00-04:00,24.000670902136257,24.305925568703756,23.914817799731484,24.258230209350586,221400,0.0,0.0
2025-06-25 00:00:00-04:00,24.334547495505344,24.334547495505344,24.16284126515626,24.30592918395996,194300,0.0,0.0
2025-06-26 00:00:00-04:00,24.4299379460874,24.496712181153583,24.325005965576857,24.468093872070312,118500,0.0,0.0
2025-06-27 00:00:00-04:00,24.56348722043108,24.69703569493584,24.506252419852114,24.573026657104492,106000,0.0,0.0
2025-06-30 00:00:00-04:00,24.582567147123598,24.859203544660204,24.54440939879492,24.811508178710938,153100,0.0,0.0
2025-07-01 00:00:00-04:00,24.821046769190193,25.07860610323914,24.8019678956766,25.04998779296875,123400,0.0,0.0
2025-07-02 00:00:00-04:00,25.09768330090393,25.240771214151607,25.002290752251636,25.231233596801758,153300,0.0,0.0
2025-07-03 00:00:00-04:00,25.32662516521518,25.44109659128336,25.298008673294326,25.402938842773438,78200,0.0,0.0
2025-07-07 00:00:00-04:00,25.374323344852154,25.402939837894014,25.20261710875435,25.345705032348633,139000,0.0,0.0
2025-07-08 00:00:00-04:00,25.28846997556593,25.29800941297233,25.183537983557166,25.212156295776367,137900,0.0,0.0
2025-07-09 00:00:00-04:00,25.240771677569708,25.345703664959927,25.20261574908517,25.317087173461914,148800,0.0,0.0
2025-07-10 00:00:00-04:00,25.383861002251074,25.44109580378273,25.32662438125788,25.412477493286133,84100,0.0,0.0
2025-07-11 00:00:00-04:00,25.374320852087262,25.431555652009916,25.28846774247254,25.307546615600586,252200,0.0,0.0
2025-07-14 00:00:00-04:00,25.40293536480736,25.441093108093032,25.288465773873025,25.422014236450195,318600,0.0,0.0
2025-07-15 00:00:00-04:00,25.517408154150218,25.526947590487143,25.09768205263275,25.154918670654297,183000,0.0,0.0
2025-07-16 00:00:00-04:00,25.18353516020363,25.364780811682312,24.945054710164843,25.154918670654297,138400,0.0,0.0
2025-07-17 00:00:00-04:00,25.15491935441578,25.365903458923636,25.14532900155881,25.212461471557617,138100,0.14,0.0
2025-07-18 00:00:00-04:00,25.37549088725524,25.385081239698238,24.943936002356505,25.001476287841797,227900,0.0,0.0
2025-07-21 00:00:00-04:00,25.174099778558993,25.337132116958475,25.068607727484988,25.222049713134766,121600,0.0,0.0
2025-07-22 00:00:00-04:00,25.2316400606578,25.394672399023513,25.2316400606578,25.308361053466797,89800,0.0,0.0
2025-07-23 00:00:00-04:00,25.250819268617583,25.586474278190227,25.250819268617583,25.375490188598633,249000,0.0,0.0
2025-07-24 00:00:00-04:00,25.33713170008779,25.53852361699985,25.298770289720128,25.41385269165039,217800,0.0,0.0
2025-07-25 00:00:00-04:00,25.433031493324826,25.634423395163914,25.433031493324826,25.58647346496582,131600,0.0,0.0
2025-07-28 00:00:00-04:00,25.653606215539263,25.672786920870095,25.461802820576416,25.576885223388672,142000,0.0,0.0
2025-07-29 00:00:00-04:00,25.557706857655884,25.615247149742984,25.365905274307917,25.38508415222168,116100,0.0,0.0
2025-07-30 00:00:00-04:00,25.45221662702502,25.519347272655455,25.29877279950458,25.38508415222168,300000,0.0,0.0
2025-07-31 00:00:00-04:00,25.41385420846987,25.49057520461155,25.260412216186523,25.260412216186523,303000,0.0,0.0
2025-08-01 00:00:00-04:00,25.03983963541652,25.135739508922683,24.694594237441255,24.742544174194336,130000,0.0,0.0
2025-08-04 00:00:00-04:00,24.93434314166039,25.07819475548931,24.74253977044015,25.030244827270508,93400,0.0,0.0
2025-08-05 00:00:00-04:00,25.145326411436557,25.222047397216837,24.924753805964833,25.154916763305664,71200,0.0,0.0
2025-08-06 00:00:00-04:00,25.250821470255502,25.250821470255502,25.106969833374023,25.106969833374023,76900,0.0,0.0
2025-08-07 00:00:00-04:00,25.222050403569952,25.31795210451949,25.15491976165712,25.193281173706055,92800,0.0,0.0
2025-08-08 00:00:00-04:00,25.30836194828669,25.30836194828669,25.202871722677507,25.270002365112305,52300,0.0,0.0
2025-08-11 00:00:00-04:00,25.241227897392996,25.356310289721602,25.164506912231445,25.164506912231445,94000,0.0,0.0
2025-08-12 00:00:00-04:00,25.289179870942387,25.50016212463379,25.19327818138354,25.50016212463379,132200,0.0,0.0
2025-08-13 00:00:00-04:00,25.56729506930852,25.653606414794922,25.46180301834231,25.653606414794922,77000,0.0,0.0
2025-08-14 00:00:00-04:00,25.480982716955022,25.62483434402389,25.346721442247105,25.528934478759766,88600,0.0,0.0
2025-08-15 00:00:00-04:00,25.644625531587977,25.644625531587977,25.461449122684478,25.50001335144043,112600,0.14,0.0
2025-08-18 00:00:00-04:00,25.49037090959501,25.548215410743147,25.41324429511632,25.50965118408203,87200,0.0,0.0
2025-08-19 00:00:00-04:00,25.548215866088867,25.68318698412128,25.422885804893564,25.548215866088867,106400,0.0,0.0
2025-08-20 00:00:00-04:00,25.500013034249072,25.538575423681717,25.403604302402044,25.432525634765625,169200,0.0,0.0
2025-08-21 00:00:00-04:00,25.442166419272667,25.538575150086867,25.393962973287362,25.490371704101562,115100,0.0,0.0
2025-08-22 00:00:00-04:00,25.577138340611324,25.866362682480183,25.50965094458797,25.789236068725586,151700,0.0,0.0
2025-08-25 00:00:00-04:00,25.885645252358103,25.92420764049404,25.760313353518317,25.827800750732422,135600,0.0,0.0
2025-08-26 00:00:00-04:00,25.750675305540373,25.914569611665875,25.644627346643002,25.847084045410156,112700,0.0,0.0
2025-08-27 00:00:00-04:00,25.895286696057443,25.962772255436438,25.83744035472381,25.866363525390625,88700,0.0,0.0
2025-08-28 00:00:00-04:00,25.982056981930693,26.001337258803787,25.84708401075645,25.972415924072266,86100,0.0,0.0
2025-08-29 00:00:00-04:00,26.001337258803787,26.010978316662218,25.86636612647331,25.972415924072266,60500,0.0,0.0
2025-09-02 00:00:00-04:00,25.741029925275058,25.982050797838145,25.625339097353713,25.93384552001953,217200,0.0,0.0
2025-09-03 00:00:00-04:00,25.982054369214314,25.991693587259675,25.81816007978951,25.866363525390625,82500,0.0,0.0
2025-09-04 00:00:00-04:00,25.789236185379508,25.982053640059945,25.760313015524385,25.885644912719727,109200,0.0,0.0
2025-09-05 00:00:00-04:00,26.020613181249708,26.06881845906832,25.789233364250343,25.93384552001953,127500,0.0,0.0
2025-09-08 00:00:00-04:00,25.982050797838145,26.020613181249708,25.837436803225632,25.93384552001953,57200,0.0,0.0
2025-09-09 00:00:00-04:00,26.010974631310614,26.030256744295496,25.93384801821459,25.94348907470703,67100,0.0,0.0
2025-09-10 00:00:00-04:00,25.991695128624624,26.088103864387683,25.943491680164936,26.049541473388672,150600,0.0,0.0
2025-09-11 00:00:00-04:00,26.068822766679972,26.271279450442105,26.03989959520954,26.19415283203125,96200,0.0,0.0
2025-09-12 00:00:00-04:00,26.223074433066678,26.271277877120315,26.088101479798155,26.136306762695312,97400,0.0,0.0
2025-09-15 00:00:00-04:00,26.271278265730412,26.348404880663217,26.145948206030933,26.174869537353516,178000,0.0,0.0
2025-09-16 00:00:00-04:00,26.155487610563362,26.32023140185673,26.029507934103602,26.271778106689453,126500,0.14,0.0
2025-09-17 00:00:00-04:00,26.23301378239307,26.407448601002027,26.223322753762048,26.262086868286133,75300,0.0,0.0
2025-09-18 00:00:00-04:00,26.329923838937294,26.48497660981594,26.271779511951507,26.339614868164062,94900,0.0,0.0
2025-09-19 00:00:00-04:00,26.446213418815823,26.446213418815823,26.339613949414478,26.3880672454834,66900,0.0,0.0
2025-09-22 00:00:00-04:00,26.417139963147605,26.640028079350905,26.358995639002124,26.552810668945312,98800,0.0,0.0
2025-09-23 00:00:00-04:00,26.6012675996486,26.678793986508648,26.42683276711978,26.455904006958008,120900,0.0,0.0
2025-09-24 00:00:00-04:00,26.562502911091915,26.678793413069847,26.3686860239203,26.42683219909668,124000,0.0,0.0
2025-09-25 00:00:00-04:00,26.368681497769813,26.368681497769813,26.029504776000977,26.029504776000977,106000,0.0,0.0
2025-09-26 00:00:00-04:00,26.02950990875787,26.484977202357086,26.02950990875787,26.18456268310547,61900,0.0,0.0
2025-09-29 00:00:00-04:00,26.329923503081535,26.52374038839499,26.029508994382997,26.233015060424805,79900,0.0,0.0
2025-09-30 00:00:00-04:00,26.136104015336937,26.349302937628003,26.136104015336937,26.291156768798828,100200,0.0,0.0
2025-10-01 00:00:00-04:00,26.29115963872662,26.455903438310045,26.271779428709316,26.42683219909668,59800,0.0,0.0
2025-10-02 00:00:00-04:00,26.397759068965602,26.43652318568738,26.17487094293983,26.242706298828125,71800,0.0,0.0
2025-10-03 00:00:00-04:00,26.436520342497143,26.436520342497143,26.223321420206076,26.291156768798828,86700,0.0,0.0
2025-10-06 00:00:00-04:00,26.29115880497079,26.407449303260872,26.262087566679345,26.3880672454834,110100,0.0,0.0
2025-10-07 00:00:00-04:00,26.484975113703936,26.494666142383267,26.31054029422541,26.35899543762207,100400,0.0,0.0
2025-10-08 00:00:00-04:00,26.358998537502817,26.50436028803823,26.358998537502817,26.417142868041992,82000,0.0,0.0
2025-10-09 00:00:00-04:00,26.55280948408584,26.55280948408584,26.14579553648007,26.22332191467285,118000,0.0,0.0
2025-10-10 00:00:00-04:00,26.242704708836843,26.38806644098671,25.641873874676104,25.7097110748291,132600,0.0,0.0
2025-10-13 00:00:00-04:00,25.884141211386325,26.24270183659489,25.77754360527662,26.029504776000977,93400,0.0,0.0
2025-10-14 00:00:00-04:00,25.932596349049376,26.28146594672533,25.884141211386325,26.029504776000977,100500,0.0,0.0
2025-10-15 00:00:00-04:00,26.281470205940572,26.42683194573826,26.068271262420804,26.233015060424805,62800,0.0,0.0
2025-10-16 00:00:00-04:00,26.310538257904522,26.4268287446814,25.961670494323045,25.990741729736328,64100,0.0,0.0
2025-10-17 00:00:00-04:00,25.99074363708496,26.22454320427916,25.97125987530033,25.99074363708496,80700,0.14,0.0
2025-10-20 00:00:00-04:00,26.058933704844282,26.302475141338157,26.029708063558484,26.195316314697266,65700,0.0,0.0
2025-10-21 00:00:00-04:00,26.263509554357896,26.40963591347776,26.01996809992324,26.28299331665039,72600,0.0,0.0
2025-10-22 00:00:00-04:00,26.341446283815024,26.458345148879136,26.12712860107422,26.12712860107422,78100,0.0,0.0
2025-10-23 00:00:00-04:00,26.23428515858861,26.458342845517524,26.068676899103366,26.42911720275879,97500,0.0,0.0
2025-10-24 00:00:00-04:00,26.555762389683327,26.731112547210255,26.5460205078125,26.5460205078125,103100,0.0,0.0
2025-10-27 00:00:00-04:00,26.82852848340371,26.867494151325143,26.546019494159196,26.731111526489258,112900,0.0,0.0
2025-10-28 00:00:00-04:00,26.711628386672427,26.828529109311834,26.448603154289223,26.58498764038086,127000,0.0,0.0
2025-10-29 00:00:00-04:00,26.59472590604264,26.711626620954565,26.331702549120013,26.390151977539062,85800,0.0,0.0
2025-10-30 00:00:00-04:00,26.205060782529568,26.458344124460424,26.205060782529568,26.312219619750977,110200,0.0,0.0
2025-10-31 00:00:00-04:00,26.39989556945841,26.458345001665254,26.312220492111166,26.409637451171875,69600,0.0,0.0
2025-11-03 00:00:00-05:00,26.419378456972385,26.419378456972385,26.205060782529568,26.312219619750977,58900,0.0,0.0
2025-11-04 00:00:00-05:00,26.205059639754925,26.205059639754925,25.922552524046345,25.97126007080078,162500,0.0,0.0
2025-11-05 00:00:00-05:00,26.068678775508587,26.175837615263372,25.922554267344562,26.166095733642578,65600,0.0,0.0
2025-11-06 00:00:00-05:00,26.214804338176787,26.302479418216762,26.049196060109498,26.156354904174805,268500,0.0,0.0
2025-11-07 00:00:00-05:00,26.0686797949075,26.1855786627804,25.825138319085948,25.98100471496582,149400,0.0,0.0
2025-11-10 00:00:00-05:00,26.156351143815726,26.380408823673417,26.146609263203597,26.331701278686523,78100,0.0,0.0
2025-11-11 00:00:00-05:00,26.321962146348202,26.623953044560015,26.302478383089653,26.516794204711914,72800,0.0,0.0
2025-11-12 00:00:00-05:00,26.526534007666925,26.80904297855613,26.50705024593516,26.623950958251953,80300,0.0,0.0
2025-11-13 00:00:00-05:00,26.62395357624334,26.829580857090594,26.51624298095703,26.51624298095703,120400,0.14,0.0
2025-11-14 00:00:00-05:00,26.398739774105632,26.61416096003113,26.349781432381306,26.496658325195312,84200,0.0,0.0
2025-11-17 00:00:00-05:00,26.496659597049412,26.496659597049412,26.007068685741412,26.075611114501953,79100,0.0,0.0
2025-11-18 00:00:00-05:00,25.88956684461181,26.04623578035437,25.762272167045335,25.772064208984375,138800,0.0,0.0
2025-11-19 00:00:00-05:00,25.801441580550264,25.948318481445312,25.762273410902985,25.948318481445312,143300,0.0,0.0
2025-11-20 00:00:00-05:00,26.095194011377366,26.535826558554135,25.634979248046875,25.634979248046875,131700,0.0,0.0
2025-11-21 00:00:00-05:00,25.683939932526368,26.173530866204604,25.634981586215023,25.850400924682617,166400,0.0,0.0
2025-11-24 00:00:00-05:00,26.026653957143363,26.261657381169528,25.948319482467976,26.18332290649414,104000,0.0,0.0
2025-11-25 00:00:00-05:00,26.281241699228744,26.477078821470155,26.193115180984226,26.457494735717773,106600,0.0,0.0
2025-11-26 00:00:00-05:00,26.555410917188528,26.73166207024235,26.428116238846215,26.574993133544922,92200,0.0,0.0
2025-11-28 00:00:00-05:00,26.59457690472491,26.917706816317686,26.39873980233613,26.829580307006836,38000,0.0,0.0
2025-12-01 00:00:00-05:00,26.761038250595938,26.780622334633158,26.594577271561672,26.643535614013672,86300,0.0,0.0
2025-12-02 00:00:00-05:00,26.682702329978774,26.712078454435915,26.486865235546404,26.526033401489258,84900,0.0,0.0
2025-12-03 00:00:00-05:00,26.526036548924658,26.702289581298828,26.486868378334325,26.702289581298828,47500,0.0,0.0
2025-12-04 00:00:00-05:00,26.81979007119398,26.878542326451665,26.633746865801434,26.69249725341797,62900,0.0,0.0
2025-12-05 00:00:00-05:00,26.64353576092443,26.878541035384767,26.64353576092443,26.780622482299805,83700,0.0,0.0
2025-12-08 00:00:00-05:00,26.888330524255885,26.917706649724703,26.45749188989265,26.623952865600586,88500,0.0,0.0
2025-12-09 00:00:00-05:00,26.565201895963344,26.761039006585765,26.53582763671875,26.53582763671875,171600,0.0,0.0
2025-12-10 00:00:00-05:00,26.359573622417475,26.761038003264805,26.339989538561255,26.633745193481445,227500,0.0,0.0
2025-12-11 00:00:00-05:00,26.604368662908293,26.898122445717952,26.574992537570928,26.819787979125977,120300,0.0,0.0
2025-12-12 00:00:00-05:00,26.829630260832094,26.92805187632175,26.65247172839795,26.69184112548828,74300,0.14,0.0
2025-12-15 00:00:00-05:00,26.86899975922499,26.90836915921435,26.770580013724228,26.81978988647461,82600,0.0,0.0
2025-12-16 00:00:00-05:00,26.790263879810652,26.937897258283908,26.691844130477,26.839475631713867,84100,0.0,0.0
2025-12-17 00:00:00-05:00,26.81978859091128,26.987104778311,26.632787704467773,26.632787704467773,61900,0.0,0.0
2025-12-18 00:00:00-05:00,26.86899757385254,26.96741918858456,26.741050788766227,26.86899757385254,138300,0.0,0.0
2025-12-19 00:00:00-05:00,26.967419539580384,27.203630291669946,26.937894368841803,27.164262771606445,199300,0.0,0.0
2025-12-22 00:00:00-05:00,27.174108324059468,27.28237042492255,26.987107419315734,27.13473892211914,117900,0.0,0.0
2025-12-23 00:00:00-05:00,27.15442100753041,27.252842625664684,27.13473630845631,27.193788528442383,104000,0.0,0.0
2025-12-24 00:00:00-05:00,27.18394738164919,27.311894167983752,27.18394738164919,27.25284194946289,55100,0.0,0.0
2025-12-26 00:00:00-05:00,27.31189656779431,27.48905511615944,27.262686694242372,27.370948791503906,107400,0.0,0.0
2025-12-29 00:00:00-05:00,27.380788988695482,27.449683557145516,27.34142146839669,27.42015838623047,139400,0.0,0.0
2025-12-30 00:00:00-05:00,27.41031880606658,27.43000350682279,27.36110705417606,27.400476455688477,116200,0.0,0.0
2025-12-31 00:00:00-05:00,27.3611043793856,27.420158475881166,27.31189450954217,27.331579208374023,131400,0.0,0.0
2026-01-02 00:00:00-05:00,27.39063290716953,27.43984277967109,27.164264490084268,27.34142303466797,141700,0.0,0.0
2026-01-05 00:00:00-05:00,27.42015992154692,27.617001288534865,27.42015992154692,27.55794906616211,158100,0.0,0.0
2026-01-06 00:00:00-05:00,27.587475071679435,27.823685829465308,27.557948022992612,27.754791259765625,95500,0.0,0.0
2026-01-07 00:00:00-05:00,27.823685025103337,27.853210195700377,27.656368841854135,27.685894012451172,86900,0.0,0.0
2026-01-08 00:00:00-05:00,27.6268425926923,27.774474081653942,27.6268425926923,27.754791259765625,100200,0.0,0.0
2026-01-09 00:00:00-05:00,27.823686994526753,28.08942481212669,27.744950071967843,28.030370712280273,122100,0.0,0.0
2026-01-12 00:00:00-05:00,27.981159460129383,28.148475646972656,27.981159460129383,28.148475646972656,258200,0.0,0.0
2026-01-13 00:00:00-05:00,28.20752857566681,28.246897974612995,28.050054734354596,28.08942413330078,251600,0.0,0.0
2026-01-14 00:00:00-05:00,27.99100328446259,28.050055507272784,27.941791534423828,27.941791534423828,211500,0.0,0.0
2026-01-15 00:00:00-05:00,27.95168529515025,28.149574087520993,27.95168529515025,28.011051177978516,133100,0.15,0.0
2026-01-16 00:00:00-05:00,28.040735426121206,28.199045707184947,27.981369542524153,28.070419311523438,122600,0.0,0.0
2026-01-20 00:00:00-05:00,27.832951630837925,28.020945794792066,27.674641351889402,27.68453598022461,184900,0.0,0.0
2026-01-21 00:00:00-05:00,27.763690621410202,28.030839920043945,27.763690621410202,28.030839920043945,166800,0.0,0.0
2026-01-22 00:00:00-05:00,28.199044316181126,28.2683048248291,28.13967843551248,28.2683048248291,135100,0.0,0.0
2026-01-23 00:00:00-05:00,28.23862299675951,28.297988877782736,28.12978397554416,28.189149856567383,109600,0.0,0.0
2026-01-26 00:00:00-05:00,28.29798923602308,28.436510255899993,28.1693609571025,28.35735511779785,120600,0.0,0.0
2026-01-27 00:00:00-05:00,28.476089811331285,28.495877181175906,28.29799027227773,28.426616668701172,89200,0.0,0.0
2026-01-28 00:00:00-05:00,28.545350497750913,28.693766152130795,28.297990444715303,28.347461700439453,122600,0.0,0.0
2026-01-29 00:00:00-05:00,28.436511117638624,28.47608963149276,28.07041930052494,28.179256439208984,174700,0.0,0.0
2026-01-30 00:00:00-05:00,28.159465443506733,28.337564970438322,27.882423412464078,28.100099563598633,138300,0.0,0.0
2026-02-02 00:00:00-05:00,27.94178948935756,28.36724905398083,27.94178948935756,28.238622665405273,107500,0.0,0.0
2026-02-03 00:00:00-05:00,28.179256096655166,28.50577128315293,28.179256096655166,28.337566375732422,121500,0.0,0.0
2026-02-04 00:00:00-05:00,28.278200152943203,28.53545482515309,28.278200152943203,28.49587631225586,114300,0.0,0.0
2026-02-05 00:00:00-05:00,28.297990444715303,28.466195356267818,28.24851730178372,28.347461700439453,150300,0.0,0.0
2026-02-06 00:00:00-05:00,28.377145079974635,28.743236895100413,28.377145079974635,28.69376564025879,125500,0.0,0.0
2026-02-09 00:00:00-05:00,28.713554204640896,29.139013779965396,28.654186435613738,28.901546478271484,244100,0.0,0.0
2026-02-10 00:00:00-05:00,28.87186587165403,29.079647411635346,28.85207661435844,28.921337127685547,132300,0.0,0.0
2026-02-11 00:00:00-05:00,28.990596244604863,29.14890652092923,28.68387032012732,28.901546478271484,156200,0.0,0.0
2026-02-12 00:00:00-05:00,29.040785191872754,29.209858327806376,28.772256935340174,28.8916015625,166200,0.15,0.0
2026-02-13 00:00:00-05:00,28.821983098113662,29.030839037812314,28.742419382263847,28.921438217163086,79000,0.0,0.0
2026-02-17 00:00:00-05:00,29.010949302100997,29.150185338604015,28.742421034317697,29.02089500427246,119000,0.0,0.0
2026-02-18 00:00:00-05:00,28.991056777578,29.090511898501067,28.921438762016447,29.010948181152344,147900,0.0,0.0
2026-02-19 00:00:00-05:00,29.010947971112202,29.070620284454552,28.613129387248804,28.941329956054688,114600,0.0,0.0
2026-02-20 00:00:00-05:00,28.961221569165136,29.090511898501067,28.851820746454894,29.010948181152344,114500,0.0,0.0
2026-02-23 00:00:00-05:00,29.040786110078695,29.090512723476095,28.76231214298662,28.83193016052246,153400,0.0,0.0
2026-02-24 00:00:00-05:00,28.90154793432716,29.080566776166034,28.81203851340772,28.931385040283203,76900,0.0,0.0
2026-02-25 00:00:00-05:00,29.070620158689216,29.080565860361354,28.861766114420213,28.991056442260742,108800,0.0,0.0
2026-02-26 00:00:00-05:00,29.04078552875466,29.04078552875466,28.73247446162654,28.9114933013916,184500,0.0,0.0
2026-02-27 00:00:00-05:00,28.78220346655972,28.84187578185931,28.583293219629486,28.71258544921875,120400,0.0,0.0
2026-03-02 00:00:00-05:00,28.5733471505366,28.94133053354583,28.424165415729654,28.861766815185547,74100,0.0,0.0
2026-03-03 00:00:00-05:00,28.39432882680791,28.732475110231047,28.026347334049547,28.493783950805664,141100,0.0,0.0
2026-03-04 00:00:00-05:00,28.513673907142106,28.642964233910053,28.434110191373694,28.463947296142578,126200,0.0,0.0
2026-03-05 00:00:00-05:00,28.40427452246006,28.503729646435254,27.93683790580996,28.036293029785156,108800,0.0,0.0
2026-03-06 00:00:00-05:00,27.757819253335185,28.05618273036821,27.548965198801813,27.648418426513672,121200,0.0,0.0
2026-03-09 00:00:00-04:00,27.350054987281926,27.588746148627994,27.051691509836523,27.479345321655273,122600,0.0,0.0
2026-03-10 00:00:00-04:00,27.57879930017441,27.916945572263888,27.45945467293615,27.638473510742188,104100,0.0,0.0
2026-03-11 00:00:00-04:00,27.578799079977788,27.64841709480236,27.330162228776512,27.5688533782959,118900,0.0,0.0
2026-03-12 00:00:00-04:00,27.32021750326296,27.598691469459943,27.151144362527056,27.171035766601562,86300,0.0,0.0
2026-03-13 00:00:00-04:00,27.210817913583078,27.479344274269465,27.131254196166992,27.131254196166992,156100,0.0,0.0
2026-03-16 00:00:00-04:00,27.360000610351562,27.529073752934785,27.220764574206108,27.360000610351562,85500,0.0,0.0
2026-03-17 00:00:00-04:00,27.479999542236328,27.649999618530273,27.3700008392334,27.520000457763672,74900,0.15,0.0
2026-03-18 00:00:00-04:00,27.389999389648438,27.56999969482422,27.049999237060547,27.1200008392334,86400,0.0,0.0
2026-03-19 00:00:00-04:00,26.989999771118164,26.989999771118164,26.309999465942383,26.889999389648438,108900,0.0,0.0
2026-03-20 00:00:00-04:00,26.770000457763672,27.0,26.229999542236328,26.34000015258789,111037,0.0,0.0
