Date,Open,High,Low,Close,Volume,Dividends,Stock Splits
2022-01-03 00:00:00-05:00,11.22599226513407,11.31338471276499,11.18626814978384,11.249826431274414,35200,0.0,0.0
2022-01-04 00:00:00-05:00,11.225992474527766,11.321329898541917,11.218047499774631,11.305439949035645,100000,0.0,0.0
2022-01-05 00:00:00-05:00,11.28955179466477,11.345165107698357,11.241882699439865,11.313385963439941,112300,0.0,0.0
2022-01-06 00:00:00-05:00,11.297498980541913,11.369002258531848,11.249829875990386,11.36105728149414,81200,0.0,0.0
2022-01-07 00:00:00-05:00,11.337220889889677,11.353110083181603,11.257772650406356,11.313385963439941,49200,0.0,0.0
2022-01-10 00:00:00-05:00,11.25777348401146,11.31338680116305,11.249828507939913,11.265718460083008,51600,0.0,0.0
2022-01-11 00:00:00-05:00,11.297494476286298,11.305438692481973,11.218046252934274,11.241880416870117,27800,0.0,0.0
2022-01-12 00:00:00-05:00,11.249828507939913,11.321331777234597,11.225994337399893,11.265718460083008,65400,0.0,0.0
2022-01-13 00:00:00-05:00,11.259339404878997,11.283261301360303,11.203521392934826,11.21946907043457,44600,0.052,0.0
2022-01-14 00:00:00-05:00,11.203517074001045,11.203517074001045,11.12377643585205,11.12377643585205,57100,0.0,0.0
2022-01-18 00:00:00-05:00,11.067959482422632,11.091881371923423,10.90050473499077,10.916452407836914,101000,0.0,0.0
2022-01-19 00:00:00-05:00,10.92442562564713,10.956321728886241,10.780893541302675,10.788866996765137,87100,0.0,0.0
2022-01-20 00:00:00-05:00,10.812789485004561,10.91645124865488,10.733048847851773,10.741023063659668,83600,0.0,0.0
2022-01-21 00:00:00-05:00,10.741025443331168,10.8127918805759,10.685206680772353,10.709129333496094,91200,0.0,0.0
2022-01-24 00:00:00-05:00,10.701153405746295,10.701153405746295,10.501802561019968,10.653308868408203,72100,0.0,0.0
2022-01-25 00:00:00-05:00,10.58951829619325,10.852661391079879,10.58951829619325,10.81279182434082,91900,0.0,0.0
2022-01-26 00:00:00-05:00,10.804820210054812,10.852664005854168,10.717105316983622,10.725079536437988,54800,0.0,0.0
2022-01-27 00:00:00-05:00,10.764946850285884,10.828739067080152,10.67723274230957,10.67723274230957,56700,0.0,0.0
2022-01-28 00:00:00-05:00,10.621416164781541,10.772923281147381,10.517753601074219,10.517753601074219,46700,0.0,0.0
2022-01-31 00:00:00-05:00,10.549646220801948,10.581543085648727,10.485854012034618,10.501802444458008,50200,0.0,0.0
2022-02-01 00:00:00-05:00,10.541677051768085,10.733053755892355,10.501806714959674,10.725079536437988,69800,0.0,0.0
2022-02-02 00:00:00-05:00,10.72507810214389,10.812792983484728,10.621415544490466,10.629389762878418,82500,0.0,0.0
2022-02-03 00:00:00-05:00,10.565596720455918,10.677233487872794,10.517752174287754,10.54964828491211,46800,0.0,0.0
2022-02-04 00:00:00-05:00,10.501799536027614,10.59748782267813,10.501799536027614,10.541669845581055,36100,0.0,0.0
2022-02-07 00:00:00-05:00,10.597492131073405,10.62141402234572,10.438011588485958,10.509778022766113,47400,0.0,0.0
2022-02-08 00:00:00-05:00,10.49383005999793,10.581544932711424,10.445986275302612,10.477882385253906,56400,0.0,0.0
2022-02-09 00:00:00-05:00,10.485854950057448,10.661283920092341,10.414089279121665,10.438011169433594,61500,0.0,0.0
2022-02-10 00:00:00-05:00,10.438012247742925,10.461934140526127,10.238661366801962,10.294479370117188,101000,0.0,0.0
2022-02-11 00:00:00-05:00,10.230686223459609,10.286504221724853,10.015387686962814,10.063231468200684,191200,0.0,0.0
2022-02-14 00:00:00-05:00,10.048822399507989,10.056829612453068,9.928716496161366,9.936723709106445,92700,0.052,0.0
2022-02-15 00:00:00-05:00,9.952734704985465,10.000776438879607,9.888678550720215,9.888678550720215,41100,0.0,0.0
2022-02-16 00:00:00-05:00,9.888681633989712,9.968751469982081,9.848646334188615,9.952737808227539,95900,0.0,0.0
2022-02-17 00:00:00-05:00,9.98476516625738,10.064834996403036,9.920708996696947,10.016793251037598,131600,0.0,0.0
2022-02-18 00:00:00-05:00,10.016793137211677,10.096862966447459,9.960743416775887,9.98476505279541,84300,0.0,0.0
2022-02-22 00:00:00-05:00,9.984762575267444,10.016790651736555,9.784586906433105,9.784586906433105,87200,0.0,0.0
2022-02-23 00:00:00-05:00,9.792594512298958,9.920707596953731,9.704517482482863,9.73654556274414,83000,0.0,0.0
2022-02-24 00:00:00-05:00,9.752558791561707,9.84063581060255,9.752558791561707,9.82462215423584,96500,0.0,0.0
2022-02-25 00:00:00-05:00,9.824622396454966,9.936720284614356,9.824622396454966,9.888678550720215,69400,0.0,0.0
2022-02-28 00:00:00-05:00,9.904692929824053,9.96074187799136,9.896685719054538,9.92871379852295,63500,0.0,0.0
2022-03-01 00:00:00-05:00,9.976754279467356,10.104866571401207,9.952733415632132,10.04881763458252,55500,0.0,0.0
2022-03-02 00:00:00-05:00,10.032806797614926,10.088856518050717,9.968750628782395,9.98476505279541,61200,0.0,0.0
2022-03-03 00:00:00-05:00,10.024800463135096,10.080849420598032,9.976757954159883,10.016793251037598,31600,0.0,0.0
2022-03-04 00:00:00-05:00,9.98476505279541,10.064834882031192,9.976757840788903,9.98476505279541,61600,0.0,0.0
2022-03-07 00:00:00-05:00,9.968749203780343,10.032805363456243,9.848644095290442,9.856651306152344,32300,0.0,0.0
2022-03-08 00:00:00-05:00,9.83263004026091,9.912700624646735,9.752560219484769,9.800601959228516,61000,0.0,0.0
2022-03-09 00:00:00-05:00,9.776585681085747,9.856656303078015,9.760571251243276,9.808613777160645,49700,0.0,0.0
2022-03-10 00:00:00-05:00,9.792593391719976,9.800600601771436,9.688502715489305,9.744551658630371,80100,0.0,0.0
2022-03-11 00:00:00-05:00,9.672487099410288,9.71252238110776,9.632451817712814,9.68049430847168,66500,0.0,0.0
2022-03-14 00:00:00-04:00,9.674060828387844,9.73035264440056,9.569519760830547,9.625811576843262,162400,0.052,0.0
2022-03-15 00:00:00-04:00,9.674062084961164,9.70622851247169,9.569521003824923,9.60168743133545,89000,0.0,0.0
2022-03-16 00:00:00-04:00,9.617769779283156,9.649936202615553,9.545395135058255,9.625811576843262,75400,0.0,0.0
2022-03-17 00:00:00-04:00,9.617769829650936,9.71426910015349,9.601686234446495,9.70622730255127,74100,0.0,0.0
2022-03-18 00:00:00-04:00,9.722315453622492,9.794690132141113,9.690149015048481,9.794690132141113,47100,0.0,0.0
2022-03-21 00:00:00-04:00,9.738397086892629,9.738397086892629,9.657981383842067,9.682106018066406,34300,0.0,0.0
2022-03-22 00:00:00-04:00,9.666021962508779,9.690146593683949,9.553439072177651,9.5695219039917,89200,0.0,0.0
2022-03-23 00:00:00-04:00,9.569520975376241,9.78664493560791,9.569520975376241,9.78664493560791,73300,0.0,0.0
2022-03-24 00:00:00-04:00,9.762516845386724,9.762516845386724,9.674058626178303,9.6981840133667,37400,0.0,0.0
2022-03-25 00:00:00-04:00,9.690147888794014,9.698189689229942,9.60168961781541,9.666023254394531,67400,0.0,0.0
2022-03-28 00:00:00-04:00,9.641897736709478,9.69818957217323,9.4730237641348,9.64993953704834,101600,0.0,0.0
2022-03-29 00:00:00-04:00,9.545395135058255,9.641894405055448,9.489104085953565,9.625811576843262,172400,0.0,0.0
2022-03-30 00:00:00-04:00,9.60168950192345,9.714272405942666,9.537356633029125,9.64993953704834,87200,0.0,0.0
2022-03-31 00:00:00-04:00,9.62581322363971,9.754478938981595,9.59364679480424,9.730354309082031,67200,0.0,0.0
2022-04-01 00:00:00-04:00,9.770560690578009,9.770560690578009,9.68210321277952,9.714269638061523,70400,0.0,0.0
2022-04-04 00:00:00-04:00,9.722311436109042,9.738394265296007,9.657978585545036,9.714269638061523,83100,0.0,0.0
2022-04-05 00:00:00-04:00,9.698190414768497,9.738397886139525,9.561482864763597,9.633856773376465,53200,0.0,0.0
2022-04-06 00:00:00-04:00,9.601690698843951,9.666024342666223,9.464983910583232,9.513233184814453,103100,0.0,0.0
2022-04-07 00:00:00-04:00,9.473023414611816,9.57756451443495,9.456940581435783,9.473023414611816,50900,0.0,0.0
2022-04-08 00:00:00-04:00,9.392607619562922,9.513231551337533,9.32827475369536,9.408690452575684,132700,0.0,0.0
2022-04-11 00:00:00-04:00,9.400649047288203,9.440857281870578,9.304149744435474,9.320233345031738,98800,0.0,0.0
2022-04-12 00:00:00-04:00,9.336314789284733,9.416731246481868,9.336314789284733,9.3765230178833,64200,0.0,0.0
2022-04-13 00:00:00-04:00,9.33774872796405,9.361981423312022,9.289282566924609,9.329670906066895,66800,0.052,0.0
2022-04-14 00:00:00-04:00,9.281205798418311,9.30543926686021,9.20850693377978,9.23274040222168,103300,0.0,0.0
2022-04-18 00:00:00-04:00,9.20850941679738,9.216587241789481,9.030801889033885,9.087345123291016,196300,0.0,0.0
2022-04-19 00:00:00-04:00,9.063108907554312,9.063108907554312,8.958099534369639,8.982332229614258,158600,0.0,0.0
2022-04-20 00:00:00-04:00,8.958100651137247,9.071187089939128,8.958100651137247,9.006566047668457,119200,0.0,0.0
2022-04-21 00:00:00-04:00,9.01464637075805,9.030802020978296,8.966180960784918,8.990413665771484,148200,0.0,0.0
2022-04-22 00:00:00-04:00,8.958099534369639,9.03079839044699,8.925789017262316,8.982332229614258,122200,0.0,0.0
2022-04-25 00:00:00-04:00,8.94194666007722,9.030801187399337,8.869247781484114,8.893481254577637,132600,0.0,0.0
2022-04-26 00:00:00-04:00,8.893481254577637,8.950024484441727,8.88540343021313,8.893481254577637,144600,0.0,0.0
2022-04-27 00:00:00-04:00,8.88540166387596,8.90155730939338,8.68346071696969,8.764237403869629,301600,0.0,0.0
2022-04-28 00:00:00-04:00,8.76423892518674,8.828859977786335,8.699617872587147,8.772315979003906,138000,0.0,0.0
2022-04-29 00:00:00-04:00,8.731929392102487,8.812705331868003,8.691541037047829,8.740006446838379,110900,0.0,0.0
2022-05-02 00:00:00-04:00,8.77231320875031,8.78039103036025,8.634993322755191,8.675381660461426,88300,0.0,0.0
2022-05-03 00:00:00-04:00,8.70769392536869,8.70769392536869,8.594607481491662,8.651150703430176,139800,0.0,0.0
2022-05-04 00:00:00-04:00,8.65115019627843,8.77231445628476,8.562296456963358,8.764237403869629,142000,0.0,0.0
2022-05-05 00:00:00-04:00,8.699615478515625,8.756158691394058,8.65922713916953,8.699615478515625,120200,0.0,0.0
2022-05-06 00:00:00-04:00,8.659226757496963,8.788468821433066,8.659226757496963,8.70769214630127,105900,0.0,0.0
2022-05-09 00:00:00-04:00,8.715774775974893,8.748085309783152,8.489601039317074,8.554222106933594,222000,0.0,0.0
2022-05-10 00:00:00-04:00,8.602683386478647,8.699615711644224,8.602683386478647,8.65922737121582,121000,0.0,0.0
2022-05-11 00:00:00-04:00,8.65115340699933,8.683463939682067,8.562299634707768,8.626920700073242,111700,0.0,0.0
2022-05-12 00:00:00-04:00,8.626919994234004,8.715773759255708,8.481522223885944,8.586531639099121,135000,0.0,0.0
2022-05-13 00:00:00-04:00,8.636858160357892,8.636858160357892,8.539450081655772,8.571919441223145,101300,0.052,0.0
2022-05-16 00:00:00-04:00,8.571922540966636,8.628743747224341,8.523218096937976,8.596274375915527,86400,0.0,0.0
2022-05-17 00:00:00-04:00,8.604388800790518,8.604388800790518,8.523215014806787,8.571919441223145,127300,0.0,0.0
2022-05-18 00:00:00-04:00,8.555684937875474,8.555684937875474,8.450159318798649,8.47451114654541,120000,0.0,0.0
2022-05-19 00:00:00-04:00,8.45827756118932,8.506981220762066,8.442042491911264,8.450160026550293,114700,0.0,0.0
2022-05-20 00:00:00-04:00,8.474509632741574,8.563800942080645,8.466392874362983,8.506978988647461,129800,0.0,0.0
2022-05-23 00:00:00-04:00,8.515097481382295,8.612505560084415,8.515097481382295,8.571919441223145,73100,0.0,0.0
2022-05-24 00:00:00-04:00,8.612503184949531,8.7099112367887,8.596268896708196,8.693676948547363,119700,0.0,0.0
2022-05-25 00:00:00-04:00,8.718030320126807,8.896612167358398,8.709912787495709,8.896612167358398,121500,0.0,0.0
2022-05-26 00:00:00-04:00,8.92908370133033,9.091430522892011,8.92908370133033,9.08331298828125,109800,0.0,0.0
2022-05-27 00:00:00-04:00,9.14013501254403,9.326833664953572,9.14013501254403,9.237543106079102,60700,0.0,0.0
2022-05-31 00:00:00-04:00,9.270008497376955,9.270008497376955,9.16448291441055,9.229421615600586,54200,0.0,0.0
2022-06-01 00:00:00-04:00,9.294364686392088,9.326834052252075,9.188839053814444,9.270012855529785,106700,0.0,0.0
2022-06-02 00:00:00-04:00,9.099545729020047,9.229423153035059,9.099545729020047,9.123897552490234,173500,0.0,0.0
2022-06-03 00:00:00-04:00,9.123898575091266,9.188837294377064,8.977786843763518,9.042725563049316,178900,0.0,0.0
2022-06-06 00:00:00-04:00,9.018374629112165,9.107665965227119,8.945319137014577,8.953435897827148,114600,0.0,0.0
2022-06-07 00:00:00-04:00,8.961550689727224,9.067076289297706,8.920963801564655,9.03460693359375,120400,0.0,0.0
2022-06-08 00:00:00-04:00,9.02648805006916,9.083309220513582,8.96154934838114,9.00213623046875,90500,0.0,0.0
2022-06-09 00:00:00-04:00,8.969669551531583,8.969669551531583,8.807322748951272,8.831674575805664,59000,0.0,0.0
2022-06-10 00:00:00-04:00,8.807318834380876,8.84790493638877,8.701793266073745,8.742380142211914,86100,0.0,0.0
2022-06-13 00:00:00-04:00,8.669326265088218,8.701795619955831,8.458275071383486,8.555683135986328,143600,0.0,0.0
2022-06-14 00:00:00-04:00,8.548349285690778,8.580945439436693,8.222387748231624,8.254983901977539,164400,0.041,0.0
2022-06-15 00:00:00-04:00,8.287580921097524,8.401667859697781,8.263133997523786,8.32017707824707,96300,0.0,0.0
2022-06-16 00:00:00-04:00,8.189791679382324,8.21423860065678,8.149046292489155,8.189791679382324,170800,0.0,0.0
2022-06-17 00:00:00-04:00,8.214241027832031,8.312029518978385,8.157197935618454,8.214241027832031,79900,0.0,0.0
2022-06-21 00:00:00-04:00,8.246838238578528,8.401670618750057,8.173496666618746,8.206092834472656,166200,0.0,0.0
2022-06-22 00:00:00-04:00,8.254985371380297,8.303879222125563,8.254985371380297,8.27943229675293,149800,0.0,0.0
2022-06-23 00:00:00-04:00,8.328327441898754,8.409817457253206,8.295731280326214,8.303879737854004,152400,0.0,0.0
2022-06-24 00:00:00-04:00,8.336476452450965,8.507606506347656,8.328327994382622,8.507606506347656,64200,0.0,0.0
2022-06-27 00:00:00-04:00,8.458711537028611,8.556500015374441,8.393519218131392,8.4668607711792,87900,0.0,0.0
2022-06-28 00:00:00-04:00,8.45055997540613,8.61354072776066,8.45055997540613,8.548348426818848,138400,0.0,0.0
2022-06-29 00:00:00-04:00,8.548350928643226,8.695034037268446,8.548350928643226,8.637990951538086,68700,0.0,0.0
2022-06-30 00:00:00-04:00,8.66243596692867,8.711329807585336,8.66243596692867,8.695032119750977,40500,0.0,0.0
2022-07-01 00:00:00-04:00,8.71947956085205,8.800970336351659,8.662436484294503,8.71947956085205,119800,0.0,0.0
2022-07-05 00:00:00-04:00,8.711330327871362,8.74392648264048,8.646138018333128,8.71947956085205,34800,0.0,0.0
2022-07-06 00:00:00-04:00,8.735778373262546,8.809119918690095,8.711330673350922,8.760225296020508,43000,0.0,0.0
2022-07-07 00:00:00-04:00,8.752076579136396,8.809120438475754,8.727629654935933,8.784672737121582,45000,0.0,0.0
2022-07-08 00:00:00-04:00,8.78467221877847,8.809119918690095,8.743926829412759,8.760225296020508,85800,0.0,0.0
2022-07-11 00:00:00-04:00,8.79282093060574,8.84986400604248,8.79282093060574,8.84986400604248,37500,0.0,0.0
2022-07-12 00:00:00-04:00,8.85801498414664,8.906909613550077,8.792822663044571,8.809121131896973,66000,0.0,0.0
2022-07-13 00:00:00-04:00,8.752075801970163,8.800970423183054,8.71133041381836,8.71133041381836,122300,0.0,0.0
2022-07-14 00:00:00-04:00,8.679426595417691,8.679426595417691,8.401292930482649,8.58126163482666,278700,0.041,0.0
2022-07-15 00:00:00-04:00,8.622164717168596,8.67124759220719,8.605804278919619,8.613984107971191,31500,0.0,0.0
2022-07-18 00:00:00-04:00,8.613983288357003,8.613983288357003,8.556720589715342,8.58126163482666,78800,0.0,0.0
2022-07-19 00:00:00-04:00,8.55672248357581,8.613985194891434,8.524000822803176,8.57308292388916,80800,0.0,0.0
2022-07-20 00:00:00-04:00,8.57308375487997,8.638527862914678,8.57308375487997,8.63034725189209,77400,0.0,0.0
2022-07-21 00:00:00-04:00,8.605804434418463,8.654886530198091,8.581262606382802,8.597623825073242,48300,0.0,0.0
2022-07-22 00:00:00-04:00,8.62216364956273,8.687606954747038,8.62216364956273,8.663065910339355,99700,0.0,0.0
2022-07-25 00:00:00-04:00,8.654886401130206,8.671247619576656,8.613984135159914,8.63852596282959,54900,0.0,0.0
2022-07-26 00:00:00-04:00,8.671246385777582,8.71214786578232,8.663065777718344,8.69578742980957,69000,0.0,0.0
2022-07-27 00:00:00-04:00,8.695789180789072,8.736691449175593,8.679427961376112,8.712149620056152,70600,0.0,0.0
2022-07-28 00:00:00-04:00,8.736690916970367,8.859396934509277,8.72851030776222,8.859396934509277,87800,0.0,0.0
2022-07-29 00:00:00-04:00,8.900299730427976,8.949381828308105,8.810315364217152,8.949381828308105,109500,0.0,0.0
2022-08-01 00:00:00-04:00,8.957562438003421,9.03936697466481,8.949381828308105,8.949381828308105,91500,0.0,0.0
2022-08-02 00:00:00-04:00,8.990282877661645,9.047546357618712,8.957561223462939,9.023004531860352,88800,0.0,0.0
2022-08-03 00:00:00-04:00,9.06390828837148,9.137532217488188,9.023006018845985,9.121170997619629,168000,0.0,0.0
2022-08-04 00:00:00-04:00,9.08844919890917,9.1620731268989,9.072088759436948,9.153892517089844,78900,0.0,0.0
2022-08-05 00:00:00-04:00,9.096627620210793,9.219334397387625,8.99028205871582,8.99028205871582,43700,0.0,0.0
2022-08-08 00:00:00-04:00,9.014824828903972,9.063906920812354,8.94938073944982,8.982102394104004,81200,0.0,0.0
2022-08-09 00:00:00-04:00,8.94120202443715,8.99028412245824,8.94120202443715,8.973923683166504,47700,0.0,0.0
2022-08-10 00:00:00-04:00,8.998462687428182,9.096627641309913,8.973921643994176,9.006643295288086,99700,0.0,0.0
2022-08-11 00:00:00-04:00,9.031184317774764,9.072086576833708,8.99028205871582,8.99028205871582,48500,0.0,0.0
2022-08-12 00:00:00-04:00,9.04037094116211,9.065003884718635,9.00752675539769,9.04037094116211,75800,0.041,0.0
2022-08-15 00:00:00-04:00,9.015736112848717,9.05679153580421,8.982891931097734,8.991103172302246,54800,0.0,0.0
2022-08-16 00:00:00-04:00,8.974680272617988,8.999313209869863,8.90078067779541,8.90078067779541,112200,0.0,0.0
2022-08-17 00:00:00-04:00,8.892571794584784,8.892571794584784,8.802250478677761,8.818672180175781,94600,0.0,0.0
2022-08-18 00:00:00-04:00,8.826882362365723,8.859726544484401,8.810459879772848,8.826882362365723,42000,0.0,0.0
2022-08-19 00:00:00-04:00,8.769405597079459,8.876149389085409,8.679083505269062,8.859726905822754,211800,0.0,0.0
2022-08-22 00:00:00-04:00,8.851516996757995,8.851516996757995,8.720140243146831,8.736562728881836,59300,0.0,0.0
2022-08-23 00:00:00-04:00,8.687296267944479,8.752984646362162,8.687296267944479,8.72014045715332,41800,0.0,0.0
2022-08-24 00:00:00-04:00,8.711928367614746,8.761195038174773,8.711928367614746,8.711928367614746,45800,0.0,0.0
2022-08-25 00:00:00-04:00,8.711929707235237,8.728352194302895,8.646241325099172,8.695508003234863,56500,0.0,0.0
2022-08-26 00:00:00-04:00,8.687294006347656,8.711926946074689,8.662661066620624,8.687294006347656,19300,0.0,0.0
2022-08-29 00:00:00-04:00,8.69550500474201,8.69550500474201,8.596972465515137,8.596972465515137,25800,0.0,0.0
2022-08-30 00:00:00-04:00,8.629819762191296,8.654452710128234,8.588764326918204,8.638031005859375,62700,0.0,0.0
2022-08-31 00:00:00-04:00,8.605186031187063,8.654452710128234,8.596975570586281,8.638031005859375,50000,0.0,0.0
2022-09-01 00:00:00-04:00,8.580551277531734,8.580551277531734,8.449174538759008,8.52307415008545,42700,0.0,0.0
2022-09-02 00:00:00-04:00,8.48201729202878,8.588761070034346,8.48201729202878,8.54770565032959,38100,0.0,0.0
2022-09-06 00:00:00-04:00,8.49023009584154,8.596973893501241,8.457385910643719,8.465597152709961,59900,0.0,0.0
2022-09-07 00:00:00-04:00,8.457384700211472,8.53949475992075,8.41632927882332,8.424540519714355,79800,0.0,0.0
2022-09-08 00:00:00-04:00,8.399908942630958,8.424542671596265,8.334220564857935,8.358854293823242,58700,0.0,0.0
2022-09-09 00:00:00-04:00,8.367064753744447,8.391698482709755,8.34243180784637,8.358854293823242,93300,0.0,0.0
2022-09-12 00:00:00-04:00,8.424540260518077,8.424540260518077,8.334218179629653,8.383484840393066,187300,0.0,0.0
2022-09-13 00:00:00-04:00,8.342425825732773,8.383481228168073,8.33421458863238,8.367058753967285,101000,0.0,0.0
2022-09-14 00:00:00-04:00,8.367885054616375,8.367885054616375,8.285443305969238,8.285443305969238,32900,0.041,0.0
2022-09-15 00:00:00-04:00,8.29368966213701,8.351398978349792,8.277200836801665,8.301933288574219,68300,0.0,0.0
2022-09-16 00:00:00-04:00,8.268959643859128,8.268959643859128,8.161784596139503,8.211250305175781,98200,0.0,0.0
2022-09-19 00:00:00-04:00,8.22773514702609,8.359643391017466,8.145293379040757,8.301933288574219,234000,0.0,0.0
2022-09-20 00:00:00-04:00,8.227736000430841,8.260713654522071,8.161782264709473,8.161782264709473,125300,0.0,0.0
2022-09-21 00:00:00-04:00,8.161785857597115,8.203007157126574,8.095832092842338,8.128808975219727,80800,0.0,0.0
2022-09-22 00:00:00-04:00,8.079339636699688,8.128804540162383,7.972164630889892,7.972164630889893,162800,0.0,0.0
2022-09-23 00:00:00-04:00,7.906213152588474,7.972166900132493,7.8732362788164645,7.881480693817139,197100,0.0,0.0
2022-09-26 00:00:00-04:00,7.774305276053434,7.864991477919261,7.766060861457272,7.782548904418945,158500,0.0,0.0
2022-09-27 00:00:00-04:00,7.7825510070510875,7.799039840698241,7.7578185428112185,7.799039840698242,66800,0.0,0.0
2022-09-28 00:00:00-04:00,7.815525054931641,7.955676945202955,7.79903701349238,7.815525054931641,168000,0.0,0.0
2022-09-29 00:00:00-04:00,7.807282463247439,7.823770506874439,7.733084301349236,7.741328716278076,144900,0.0,0.0
2022-09-30 00:00:00-04:00,7.774300575256348,7.807277427470609,7.741323723042086,7.774300575256348,45600,0.0,0.0
2022-10-03 00:00:00-04:00,7.832014449212705,7.93094506369719,7.807281992149243,7.889723777770996,85100,0.0,0.0
2022-10-04 00:00:00-04:00,7.856748150910181,7.972167612541677,7.856748150910181,7.914458274841309,71800,0.0,0.0
2022-10-05 00:00:00-04:00,7.8979694654054295,7.947435173737177,7.840260127544026,7.848504543304443,116900,0.0,0.0
2022-10-06 00:00:00-04:00,7.86499177974139,7.873236194653935,7.799038032902398,7.807282447814941,95600,0.0,0.0
2022-10-07 00:00:00-04:00,7.80728214820743,7.848503434957588,7.7495720322649495,7.782548904418945,101000,0.0,0.0
2022-10-10 00:00:00-04:00,7.757816759905077,7.807282463247439,7.716595471491554,7.741328716278076,81500,0.0,0.0
2022-10-11 00:00:00-04:00,7.7743037100567305,7.848501854014974,7.7330824316098745,7.757814884185791,116700,0.0,0.0
2022-10-12 00:00:00-04:00,7.7578160811095165,7.7825485375013095,7.70835116832593,7.724839210510254,127800,0.0,0.0
2022-10-13 00:00:00-04:00,7.638766793477525,7.704975685773329,7.59738732102906,7.6553192138671875,186700,0.036,0.0
2022-10-14 00:00:00-04:00,7.704976531794495,7.729804375842288,7.630492210388184,7.630492210388184,164400,0.0,0.0
2022-10-17 00:00:00-04:00,7.655319213867187,7.680147055188836,7.638766793477525,7.6553192138671875,143600,0.0,0.0
2022-10-18 00:00:00-04:00,7.704979066039629,7.721530704427847,7.65532257234859,7.671875,126600,0.0,0.0
2022-10-19 00:00:00-04:00,7.671872476643126,7.68014789848377,7.630492210388184,7.630492210388184,65100,0.0,0.0
2022-10-20 00:00:00-04:00,7.655321371243568,7.688425432089234,7.613941097870719,7.663597583770752,76000,0.0,0.0
2022-10-21 00:00:00-04:00,7.630493029332564,7.671873300028654,7.589112758636475,7.589112758636475,262000,0.0,0.0
2022-10-24 00:00:00-04:00,7.514629386194847,7.589113725080495,7.464973686446493,7.531181812286377,174000,0.0,0.0
2022-10-25 00:00:00-04:00,7.531180698402147,7.539456120960835,7.43186773506789,7.47324800491333,150800,0.0,0.0
2022-10-26 00:00:00-04:00,7.473249807298644,7.498078448751837,7.42359410291864,7.448421955108643,113600,0.0,0.0
2022-10-27 00:00:00-04:00,7.448419431301083,7.448419431301083,7.357383477942055,7.407039165496826,206200,0.0,0.0
2022-10-28 00:00:00-04:00,7.365659733020234,7.464972697891579,7.365659733020234,7.440144062042236,150200,0.0,0.0
2022-10-31 00:00:00-04:00,7.407039753738179,7.448420022828713,7.398763542067474,7.431867599487305,84900,0.0,0.0
2022-11-01 00:00:00-04:00,7.489801634296606,7.506353271341535,7.448421357789594,7.481525421142578,192800,0.0,0.0
2022-11-02 00:00:00-04:00,7.4732463783313205,7.564283110029381,7.456694747553473,7.498075008392334,142600,0.0,0.0
2022-11-03 00:00:00-04:00,7.464972717039329,7.547732468960379,7.464972717039329,7.5146284103393555,90800,0.0,0.0
2022-11-04 00:00:00-04:00,7.539456726518309,7.630493485342809,7.51462887832211,7.572560787200928,95700,0.0,0.0
2022-11-07 00:00:00-05:00,7.547732468960379,7.564284892902397,7.456696505068319,7.5146284103393555,315500,0.0,0.0
2022-11-08 00:00:00-05:00,7.5229055992406115,7.605665361908908,7.5229055992406115,7.531181812286377,90700,0.0,0.0
2022-11-09 00:00:00-05:00,7.514629018660707,7.572560928621425,7.498077382641821,7.556009292602539,136600,0.0,0.0
2022-11-10 00:00:00-05:00,7.638769161756914,7.7794616216371315,7.638769161756914,7.713253498077393,134100,0.0,0.0
2022-11-11 00:00:00-05:00,7.688426356538006,7.837395042886883,7.688426356538006,7.7794623374938965,84100,0.0,0.0
2022-11-14 00:00:00-05:00,7.8093703385215685,7.817678369795771,7.668136976050016,7.676445007324219,98200,0.036,0.0
2022-11-15 00:00:00-05:00,7.742908281543462,7.8093709523663435,7.734601041913752,7.759524345397949,219100,0.0,0.0
2022-11-16 00:00:00-05:00,7.767828943255442,7.884138169627719,7.759520915001085,7.850906848907471,252900,0.0,0.0
2022-11-17 00:00:00-05:00,7.85090839910419,7.958910410844768,7.85090839910419,7.909063816070557,227400,0.0,0.0
2022-11-18 00:00:00-05:00,7.942295506946032,8.008758164552495,7.917371416120578,8.000450134277344,147100,0.0,0.0
2022-11-21 00:00:00-05:00,7.983832990502817,8.091834992534253,7.983832990502817,8.066911697387695,155800,0.0,0.0
2022-11-22 00:00:00-05:00,8.083529183552397,8.33276458036303,8.083529183552397,8.282917976379395,231700,0.0,0.0
2022-11-23 00:00:00-05:00,8.282914989266727,8.37430092514471,8.282914989266727,8.349377632141113,153000,0.0,0.0
2022-11-25 00:00:00-05:00,8.332759103854153,8.382606467374274,8.299527792273063,8.357683181762695,34300,0.0,0.0
2022-11-28 00:00:00-05:00,8.357688674652332,8.407535278635969,8.274609944949626,8.282917976379395,107300,0.0,0.0
2022-11-29 00:00:00-05:00,8.249684581640198,8.349378556994797,8.233068522932456,8.324455261230469,231800,0.0,0.0
2022-11-30 00:00:00-05:00,8.341071962171513,8.43245792388916,8.291224569772618,8.43245792388916,94000,0.0,0.0
2022-12-01 00:00:00-05:00,8.449072809827468,8.490612165663745,8.424149513244629,8.424149513244629,93300,0.0,0.0
2022-12-02 00:00:00-05:00,8.424150685403863,8.473997285505334,8.374303293004969,8.43245792388916,183000,0.0,0.0
2022-12-05 00:00:00-05:00,8.432455029778039,8.46568634920614,8.382608446784461,8.40753173828125,115300,0.0,0.0
2022-12-06 00:00:00-05:00,8.382611156198255,8.482305146705489,8.382611156198255,8.473997116088867,178200,0.0,0.0
2022-12-07 00:00:00-05:00,8.432456397905806,8.51553510610378,8.432456397905806,8.440764427185059,120600,0.0,0.0
2022-12-08 00:00:00-05:00,8.440764502995522,8.482303857467594,8.307839202522725,8.324455261230469,87300,0.0,0.0
2022-12-09 00:00:00-05:00,8.307837992539636,8.3909166893839,8.233067323839231,8.249683380126953,161700,0.0,0.0
2022-12-12 00:00:00-05:00,8.274605218154283,8.432453763662853,8.266297191470404,8.307836532592773,118300,0.0,0.0
2022-12-13 00:00:00-05:00,8.390917911466868,8.457380561703266,8.316147231876597,8.324455261230469,114100,0.0,0.0
2022-12-14 00:00:00-05:00,8.349379992954233,8.43245792388916,8.282917331287322,8.43245792388916,174500,0.0,0.0
2022-12-15 00:00:00-05:00,8.429120038891448,8.437457638547617,8.362420831876626,8.379096031188965,139200,0.036,0.0
2022-12-16 00:00:00-05:00,8.345749899145916,8.345749899145916,8.212351429628384,8.229025840759277,151800,0.0,0.0
2022-12-19 00:00:00-05:00,8.187339199603278,8.245701630485204,8.162327183578254,8.17066478729248,185000,0.0,0.0
2022-12-20 00:00:00-05:00,8.112297823339452,8.17899782066431,8.112297823339452,8.153985023498535,180300,0.0,0.0
2022-12-21 00:00:00-05:00,8.153987304008387,8.212349718600805,8.145650497738696,8.162324905395508,132900,0.0,0.0
2022-12-22 00:00:00-05:00,8.12063843457428,8.1873376615226,8.12063843457428,8.179000854492188,182100,0.0,0.0
2022-12-23 00:00:00-05:00,8.179002020821283,8.20401403571425,8.16232681414756,8.187338829040527,136800,0.0,0.0
2022-12-27 00:00:00-05:00,8.170661917212286,8.212349126022438,8.128974708402135,8.145649909973145,287000,0.0,0.0
2022-12-28 00:00:00-05:00,8.162324898120762,8.195674508522092,8.137312889099121,8.137312889099121,136800,0.0,0.0
2022-12-29 00:00:00-05:00,8.137313067832089,8.237361901233617,8.137313067832089,8.212349891662598,186300,0.0,0.0
2022-12-30 00:00:00-05:00,8.162327183578254,8.20401440703173,8.162327183578254,8.17066478729248,194300,0.0,0.0
2023-01-03 00:00:00-05:00,8.254034042358398,8.279046840177365,8.195672437681935,8.254034042358398,41400,0.0,0.0
2023-01-04 00:00:00-05:00,8.295722764255334,8.387434782835044,8.295722764255334,8.337409973144531,63400,0.0,0.0
2023-01-05 00:00:00-05:00,8.337407689765442,8.362419690201934,8.304058090811067,8.329070091247559,77000,0.0,0.0
2023-01-06 00:00:00-05:00,8.362423112917172,8.412447929382324,8.329073500312898,8.412447929382324,57000,0.0,0.0
2023-01-09 00:00:00-05:00,8.420785136000168,8.520833969116211,8.420785136000168,8.520833969116211,46000,0.0,0.0
2023-01-10 00:00:00-05:00,8.537507431123053,8.562520232968737,8.5041578237795,8.545845031738281,93300,0.0,0.0
2023-01-11 00:00:00-05:00,8.579194453132699,8.629219260622447,8.520832840325776,8.612544059753418,55100,0.0,0.0
2023-01-12 00:00:00-05:00,8.634299371662543,8.701231863078668,8.584100402049566,8.667765617370605,76300,0.036,0.0
2023-01-13 00:00:00-05:00,8.625930959881352,8.676129915243566,8.61756420135498,8.61756420135498,52900,0.0,0.0
2023-01-17 00:00:00-05:00,8.617566012834631,8.62593277311976,8.575733009307156,8.584099769592285,106100,0.0,0.0
2023-01-18 00:00:00-05:00,8.600829560160026,8.667762023826803,8.600829560160026,8.625929832458496,146700,0.0,0.0
2023-01-19 00:00:00-05:00,8.667765617370605,8.759798391491454,8.659399654367267,8.667765617370605,122300,0.0,0.0
2023-01-20 00:00:00-05:00,8.659400434311394,8.78489866754558,8.659400434311394,8.751432418823242,77300,0.0,0.0
2023-01-23 00:00:00-05:00,8.751430138559472,8.893661858044227,8.692864418029785,8.692864418029785,94400,0.0,0.0
2023-01-24 00:00:00-05:00,8.676128880883224,8.885293031718108,8.676128880883224,8.768160820007324,44200,0.0,0.0
2023-01-25 00:00:00-05:00,8.776525553647131,8.793259064846131,8.709593104646595,8.734692573547363,34600,0.0,0.0
2023-01-26 00:00:00-05:00,8.709595113100889,8.801627850122903,8.709595113100889,8.768160820007324,35900,0.0,0.0
2023-01-27 00:00:00-05:00,8.768165144235256,8.776531905890417,8.717966170100906,8.751432418823242,33000,0.0,0.0
2023-01-30 00:00:00-05:00,8.759796491195544,8.818362209005212,8.72633025274744,8.743062973022461,47800,0.0,0.0
2023-01-31 00:00:00-05:00,8.793263260549903,8.801630020141602,8.751430260489528,8.801630020141602,107000,0.0,0.0
2023-02-01 00:00:00-05:00,8.809998072570467,8.876930569391837,8.801632108891521,8.86856460571289,54500,0.0,0.0
2023-02-02 00:00:00-05:00,8.94385780291602,9.035890530309548,8.910391574199599,8.960591316223145,76800,0.0,0.0
2023-02-03 00:00:00-05:00,8.91876357937977,8.935497102534262,8.851831082558398,8.86856460571289,17900,0.0,0.0
2023-02-06 00:00:00-05:00,8.85182903663002,8.9020287965925,8.67613107360852,8.684497833251953,92500,0.0,0.0
2023-02-07 00:00:00-05:00,8.692862395941013,8.768160820007324,8.692862395941013,8.768160820007324,72000,0.0,0.0
2023-02-08 00:00:00-05:00,8.776531905890417,8.835098439578237,8.743065657168081,8.751432418823242,48100,0.0,0.0
2023-02-09 00:00:00-05:00,8.76816409416012,8.843463344242119,8.717965126037598,8.717965126037598,18400,0.0,0.0
2023-02-10 00:00:00-05:00,8.743060611874354,8.743060611874354,8.717961139291146,8.726327896118164,28600,0.0,0.0
2023-02-13 00:00:00-05:00,8.726332062903987,8.74306478664998,8.709598541259766,8.709598541259766,7100,0.0,0.0
2023-02-14 00:00:00-05:00,8.681050337161153,8.773401646889774,8.647467969926492,8.655863761901855,69100,0.036,0.0
2023-02-15 00:00:00-05:00,8.664260593157762,8.664260593157762,8.605491638183594,8.605491638183594,61300,0.0,0.0
2023-02-16 00:00:00-05:00,8.571911200983786,8.622285174250633,8.49635064141709,8.504746437072754,61600,0.0,0.0
2023-02-17 00:00:00-05:00,8.487953830269289,8.521536208207037,8.420789074393795,8.454371452331543,60900,0.0,0.0
2023-02-21 00:00:00-05:00,8.412393145558138,8.429183932327563,8.345227596479562,8.353623390197754,54000,0.0,0.0
2023-02-22 00:00:00-05:00,8.412395976089543,8.420790971965454,8.362021997497944,8.378812789916992,33300,0.0,0.0
2023-02-23 00:00:00-05:00,8.378811281950858,8.412394462079318,8.362020492553711,8.362020492553711,40600,0.0,0.0
2023-02-24 00:00:00-05:00,8.320040785003979,8.345227364792343,8.269667625427246,8.269667625427246,120300,0.0,0.0
2023-02-27 00:00:00-05:00,8.328438405495339,8.36202078613576,8.29485602485492,8.320042610168457,88600,0.0,0.0
2023-02-28 00:00:00-05:00,8.345226084364574,8.370413460955318,8.320039508440644,8.336831092834473,78500,0.0,0.0
2023-03-01 00:00:00-05:00,8.345228638980423,8.37041602328145,8.261273093311504,8.303251266479492,64100,0.0,0.0
2023-03-02 00:00:00-05:00,8.227688081664649,8.328435184623793,8.219292289584688,8.311643600463867,57100,0.0,0.0
2023-03-03 00:00:00-05:00,8.345228638980423,8.362020228514442,8.303251266479492,8.303251266479492,45200,0.0,0.0
2023-03-06 00:00:00-05:00,8.328436823997716,8.345227610795947,8.252876281738281,8.252876281738281,78200,0.0,0.0
2023-03-07 00:00:00-05:00,8.303251512822724,8.345228886569052,8.261273338409314,8.286459922790527,144900,0.0,0.0
2023-03-08 00:00:00-05:00,8.320041057741143,8.353623432115466,8.23608552213882,8.328436851501465,70900,0.0,0.0
2023-03-09 00:00:00-05:00,8.311645222273754,8.370414977634137,8.311645222273754,8.353623390197754,53900,0.0,0.0
2023-03-10 00:00:00-05:00,8.370412434883985,8.437577162892412,8.353620852548522,8.387203216552734,31200,0.0,0.0
2023-03-13 00:00:00-04:00,8.370413460955318,8.37880845248542,8.328435300637558,8.336831092834473,99400,0.0,0.0
2023-03-14 00:00:00-04:00,8.338515746047968,8.414320566090199,8.338515746047968,8.372206687927246,56100,0.032,0.0
2023-03-15 00:00:00-04:00,8.372206096701934,8.523815726080084,8.372206096701934,8.481701850891113,127000,0.0,0.0
2023-03-16 00:00:00-04:00,8.439587842654344,8.481700909915856,8.372205167874332,8.414319038391113,83500,0.0,0.0
2023-03-17 00:00:00-04:00,8.39747881884012,8.43116977404762,8.380632939608505,8.405900955200195,37100,0.0,0.0
2023-03-20 00:00:00-04:00,8.380629157494884,8.405897161683317,8.338515281677246,8.338515281677246,35100,0.0,0.0
2023-03-21 00:00:00-04:00,8.372210469466657,8.372210469466657,8.287983478352727,8.313251495361328,105100,0.0,0.0
2023-03-22 00:00:00-04:00,8.313247572541123,8.389052391052246,8.296402503569428,8.389052391052246,95400,0.0,0.0
2023-03-23 00:00:00-04:00,8.372210469466657,8.372210469466657,8.287983478352727,8.313251495361328,42500,0.0,0.0
2023-03-24 00:00:00-04:00,8.338515281677246,8.389052093309484,8.313247277488813,8.338515281677246,42700,0.0,0.0
2023-03-27 00:00:00-04:00,8.380629539489746,8.414320481028437,8.355361534149578,8.380629539489746,84400,0.0,0.0
2023-03-28 00:00:00-04:00,8.380629917664645,8.448011803782629,8.363784847762872,8.422743797302246,41100,0.0,0.0
2023-03-29 00:00:00-04:00,8.39747881884012,8.464860729255117,8.380632939608505,8.405900955200195,53700,0.0,0.0
2023-03-30 00:00:00-04:00,8.431166622462898,8.532239450304195,8.431166622462898,8.49854850769043,54400,0.0,0.0
2023-03-31 00:00:00-04:00,8.532238641634175,8.574352516723764,8.515392770296197,8.549083709716797,70500,0.0,0.0
2023-04-03 00:00:00-04:00,8.549082208856676,8.591196076552837,8.405895540642861,8.456432342529297,157000,0.0,0.0
2023-04-04 00:00:00-04:00,8.473280501543963,8.50697144415773,8.456434628609365,8.49854850769043,108700,0.0,0.0
2023-04-05 00:00:00-04:00,8.49854983352611,8.549085853703028,8.49854983352611,8.540663719177246,95600,0.0,0.0
2023-04-06 00:00:00-04:00,8.54908553116437,8.616467424361792,8.54908553116437,8.55750846862793,65300,0.0,0.0
2023-04-10 00:00:00-04:00,8.549085853703028,8.582776801572825,8.506972771307447,8.540663719177246,91600,0.0,0.0
2023-04-11 00:00:00-04:00,8.532239339544244,8.608044160255025,8.523816403186284,8.574353218078613,175600,0.0,0.0
2023-04-12 00:00:00-04:00,8.608044388890564,8.64173533196183,8.540662502748033,8.616466522216797,286400,0.0,0.0
2023-04-13 00:00:00-04:00,8.592809637879677,8.787140244409665,8.592809637879677,8.75334358215332,132300,0.032,0.0
2023-04-14 00:00:00-04:00,8.74489399874525,8.74489399874525,8.694198608398438,8.694198608398438,34500,0.0,0.0
2023-04-17 00:00:00-04:00,8.719547927460418,8.719547927460418,8.59281063079834,8.59281063079834,42100,0.0,0.0
2023-04-18 00:00:00-04:00,8.618156108389803,8.6266054745893,8.482969472301479,8.491418838500977,141600,0.0,0.0
2023-04-19 00:00:00-04:00,8.45762269098457,8.466072057695074,8.356232707786395,8.415376663208008,65800,0.0,0.0
2023-04-20 00:00:00-04:00,8.415376663208008,8.440723957563561,8.398477929787,8.415376663208008,69800,0.0,0.0
2023-04-21 00:00:00-04:00,8.406928062438965,8.432275359103869,8.38158076577406,8.406928062438965,51400,0.0,0.0
2023-04-24 00:00:00-04:00,8.44072437286377,8.46607247424246,8.39847834300862,8.44072437286377,54700,0.0,0.0
2023-04-25 00:00:00-04:00,8.457624249248692,8.482971548274326,8.406928845421316,8.449174880981445,45900,0.0,0.0
2023-04-26 00:00:00-04:00,8.4491773746396,8.474524681146143,8.415380697372095,8.432278633117676,66500,0.0,0.0
2023-04-27 00:00:00-04:00,8.466072057695074,8.466072057695074,8.398477929787,8.415376663208008,78500,0.0,0.0
2023-04-28 00:00:00-04:00,8.440725512714197,8.482971548274326,8.415378213688564,8.449174880981445,63300,0.0,0.0
2023-05-01 00:00:00-04:00,8.415378930302683,8.449175600473529,8.37313289114508,8.381582260131836,109000,0.0,0.0
2023-05-02 00:00:00-04:00,8.449172813279397,8.491418838500977,8.390028861434732,8.491418838500977,153900,0.0,0.0
2023-05-03 00:00:00-04:00,8.44917390597289,8.525216600050808,8.390029946479405,8.398478507995605,38500,0.0,0.0
2023-05-04 00:00:00-04:00,8.406928845421316,8.491420916541573,8.381581546395681,8.449174880981445,37900,0.0,0.0
2023-05-05 00:00:00-04:00,8.499870406128728,8.626607708841949,8.474522300965189,8.618158340454102,76300,0.0,0.0
2023-05-08 00:00:00-04:00,8.601262678611794,8.626609984686258,8.567466001920398,8.58436393737793,53300,0.0,0.0
2023-05-09 00:00:00-04:00,8.575909310890042,8.584358676328659,8.49986743927002,8.49986743927002,44600,0.0,0.0
2023-05-10 00:00:00-04:00,8.550566853708203,8.550566853708203,8.482973503542627,8.508320808410645,36700,0.0,0.0
2023-05-11 00:00:00-04:00,8.482973503542627,8.533668919054955,8.482973503542627,8.508320808410645,28300,0.0,0.0
2023-05-12 00:00:00-04:00,8.493061782309637,8.526966186679656,8.476109175952246,8.510013580322266,13100,0.032,0.0
2023-05-15 00:00:00-04:00,8.526967862022326,8.526967862022326,8.32354058748892,8.433730125427246,91800,0.0,0.0
2023-05-16 00:00:00-04:00,8.459156569594857,8.526966186679656,8.425252165224837,8.510013580322266,33800,0.0,0.0
2023-05-17 00:00:00-04:00,8.459156556241544,8.467632859406859,8.416776657104492,8.416776657104492,39800,0.0,0.0
2023-05-18 00:00:00-04:00,8.425249014362402,8.467629706061645,8.41677352269812,8.442201614379883,84200,0.0,0.0
2023-05-19 00:00:00-04:00,8.408303651961416,8.45068437606639,8.365922927856445,8.365922927856445,33100,0.0,0.0
2023-05-22 00:00:00-04:00,8.340492341836349,8.408301156945194,8.272683526727505,8.323539733886719,50500,0.0,0.0
2023-05-23 00:00:00-04:00,8.348969844199363,8.35744534104589,8.306589126586914,8.306589126586914,56200,0.0,0.0
2023-05-24 00:00:00-04:00,8.289633728413763,8.289633728413763,8.077731019959002,8.196396827697754,223300,0.0,0.0
2023-05-25 00:00:00-04:00,8.196396872761051,8.213348669191397,8.103159971532431,8.187920570373535,67000,0.0,0.0
2023-05-26 00:00:00-04:00,8.221826792555449,8.238779401085159,8.19639868810575,8.204874992370605,18600,0.0,0.0
2023-05-30 00:00:00-04:00,8.204873520934484,8.357442928616226,8.204873520934484,8.24725341796875,96200,0.0,0.0
2023-05-31 00:00:00-04:00,8.264204890426047,8.29810928841196,8.255728588843416,8.281157493591309,68100,0.0,0.0
2023-06-01 00:00:00-04:00,8.33201623258808,8.467633865975273,8.323539928415165,8.40830135345459,54000,0.0,0.0
2023-06-02 00:00:00-04:00,8.467633668079225,8.467633668079225,8.298111630307112,8.323539733886719,37400,0.0,0.0
2023-06-05 00:00:00-04:00,8.357444763183594,8.391349173260297,7.942115537657769,8.357444763183594,103600,0.0,0.0
2023-06-06 00:00:00-04:00,8.357443046704836,8.382871955298365,8.348967552185059,8.348967552185059,126800,0.0,0.0
2023-06-07 00:00:00-04:00,8.374395982261428,8.416776689908417,8.306587173364148,8.3150634765625,103200,0.0,0.0
2023-06-08 00:00:00-04:00,8.34896822186929,8.416777033534956,8.34896822186929,8.374396324157715,30000,0.0,0.0
2023-06-09 00:00:00-04:00,8.374396707523747,8.43372921836115,8.365920403591309,8.425252914428711,70400,0.0,0.0
2023-06-12 00:00:00-04:00,8.42525315345556,8.433729457628475,8.382873249280705,8.40830135345459,36500,0.0,0.0
2023-06-13 00:00:00-04:00,8.42525315345556,8.450682065974302,8.391348745108761,8.40830135345459,35600,0.0,0.0
2023-06-14 00:00:00-04:00,8.444014926420053,8.45251784953292,8.384489598865668,8.410000801086426,41100,0.032,0.0
2023-06-15 00:00:00-04:00,8.410002921046106,8.486534114117902,8.410002921046106,8.427009582519531,44500,0.0,0.0
2023-06-16 00:00:00-04:00,8.401499184828932,8.461023716427304,8.401499184828932,8.427009582519531,53500,0.0,0.0
2023-06-20 00:00:00-04:00,8.46102216127726,8.486532554279007,8.444015502929688,8.444015502929688,41300,0.0,0.0
2023-06-21 00:00:00-04:00,8.469527452644478,8.469527452644478,8.427009582519531,8.427009582519531,66200,0.0,0.0
2023-06-22 00:00:00-04:00,8.375983865650747,8.51204032133897,8.375983865650747,8.469522476196289,42600,0.0,0.0
2023-06-23 00:00:00-04:00,8.520546737408115,8.631092034267601,8.512043003507939,8.622589111328125,125900,0.0,0.0
2023-06-26 00:00:00-04:00,8.622590469584507,8.707625389099121,8.563065133867367,8.707625389099121,105100,0.0,0.0
2023-06-27 00:00:00-04:00,8.716129124338831,8.792661119574563,8.67361125910111,8.707625389099121,463500,0.0,0.0
2023-06-28 00:00:00-04:00,8.741638721839486,8.767149925231934,8.707624594943642,8.767149925231934,45100,0.0,0.0
2023-06-29 00:00:00-04:00,8.741639145719557,8.741639145719557,8.622590101291818,8.63109302520752,60100,0.0,0.0
2023-06-30 00:00:00-04:00,8.631092809490193,8.7246322688722,8.614086151123047,8.614086151123047,47800,0.0,0.0
2023-07-03 00:00:00-04:00,8.6310926263901,8.741638741794127,8.622589702867295,8.7161283493042,48200,0.0,0.0
2023-07-05 00:00:00-04:00,8.750142661903306,8.750142661903306,8.588575758091942,8.614086151123047,53000,0.0,0.0
2023-07-06 00:00:00-04:00,8.554561995969923,8.59707904918511,8.486532926711847,8.520547866821289,49600,0.0,0.0
2023-07-07 00:00:00-04:00,8.529052734375,8.571570608239403,8.512046071405834,8.529052734375,78400,0.0,0.0
2023-07-10 00:00:00-04:00,8.512042444492657,8.5630632226216,8.512042444492657,8.537552833557129,23600,0.0,0.0
2023-07-11 00:00:00-04:00,8.537556471340078,8.563066871274323,8.512046071405834,8.529052734375,91600,0.0,0.0
2023-07-12 00:00:00-04:00,8.55456030024054,8.5630632226216,8.537552833557129,8.537552833557129,70900,0.0,0.0
2023-07-13 00:00:00-04:00,8.573381730370828,8.573381730370828,8.54778977438178,8.564850807189941,21800,0.032,0.0
2023-07-14 00:00:00-04:00,8.547792434692383,8.573384398646361,8.51366873134859,8.547792434692383,15000,0.0,0.0
2023-07-17 00:00:00-04:00,8.573383331298828,8.573383331298828,8.547791370530932,8.573383331298828,90500,0.0,0.0
2023-07-18 00:00:00-04:00,8.5819160493691,8.60750801548475,8.573385122812573,8.598977088928223,180200,0.0,0.0
2023-07-19 00:00:00-04:00,8.598976664979395,8.641630482105173,8.598976664979395,8.633099555969238,54300,0.0,0.0
2023-07-20 00:00:00-04:00,8.598977088928223,8.6330999816004,8.5819160493691,8.598977088928223,69700,0.0,0.0
2023-07-21 00:00:00-04:00,8.63309734143325,8.650159189328466,8.616036307091722,8.64162826538086,21200,0.0,0.0
2023-07-24 00:00:00-04:00,8.65869140625,8.692814296788324,8.650161293780831,8.65869140625,14700,0.0,0.0
2023-07-25 00:00:00-04:00,8.650159805526286,8.650159805526286,8.616036920858784,8.624567031860352,20200,0.0,0.0
2023-07-26 00:00:00-04:00,8.65869140625,8.675753258296103,8.633099441734728,8.65869140625,27400,0.0,0.0
2023-07-27 00:00:00-04:00,8.633098405218233,8.684283141657263,8.59897551877681,8.616037368774414,54800,0.0,0.0
2023-07-28 00:00:00-04:00,8.65015983581543,8.684282720602416,8.60750602644326,8.65015983581543,59600,0.0,0.0
2023-07-31 00:00:00-04:00,8.667222874272579,8.675753800829106,8.564854196256045,8.598977088928223,118900,0.0,0.0
2023-08-01 00:00:00-04:00,8.590446162371695,8.65869194771605,8.556323269699517,8.598977088928223,93700,0.0,0.0
2023-08-02 00:00:00-04:00,8.573385122812573,8.624569055043873,8.547793156696923,8.598977088928223,49500,0.0,0.0
2023-08-03 00:00:00-04:00,8.530731527072913,8.573385347419068,8.428362846374512,8.428362846374512,84100,0.0,0.0
2023-08-04 00:00:00-04:00,8.46248444479797,8.488076407667355,8.360115779766604,8.411299705505371,48700,0.0,0.0
2023-08-07 00:00:00-04:00,8.377174280991406,8.445420037017739,8.334521293640137,8.334521293640137,39900,0.0,0.0
2023-08-08 00:00:00-04:00,8.377174790488901,8.377174790488901,8.33452180054349,8.34305191040039,74400,0.0,0.0
2023-08-09 00:00:00-04:00,8.317461241168173,8.394237936639865,8.317461241168173,8.360115051269531,66400,0.0,0.0
2023-08-10 00:00:00-04:00,8.394236126774782,8.394236126774782,8.317459447856761,8.334521293640137,135700,0.0,0.0
2023-08-11 00:00:00-04:00,8.300397602073385,8.351582325869927,8.300397602073385,8.334521293640137,36500,0.0,0.0
2023-08-14 00:00:00-04:00,8.3704722481221,8.3704722481221,8.31056115211994,8.344796180725098,63100,0.032,0.0
2023-08-15 00:00:00-04:00,8.327676087409754,8.370470066067325,8.327676087409754,8.336235046386719,75800,0.0,0.0
2023-08-16 00:00:00-04:00,8.344792390921652,8.353351348242741,8.276322364807129,8.276322364807129,87900,0.0,0.0
2023-08-17 00:00:00-04:00,8.302001583244746,8.319119504408107,8.250649452209473,8.250649452209473,66000,0.0,0.0
2023-08-18 00:00:00-04:00,8.233530312230718,8.327676416010474,8.182178188797138,8.24208927154541,52000,0.0,0.0
2023-08-21 00:00:00-04:00,8.216410087635024,8.276321147617402,8.19929217551036,8.233527183532715,37000,0.0,0.0
2023-08-22 00:00:00-04:00,8.250646751514573,8.2592048930675,8.173617763948256,8.19073486328125,37100,0.0,0.0
2023-08-23 00:00:00-04:00,8.19929217551036,8.276321147617402,8.19929217551036,8.233527183532715,60200,0.0,0.0
2023-08-24 00:00:00-04:00,8.199293821061316,8.207852778841382,8.182176721728323,8.19073486328125,47200,0.0,0.0
2023-08-25 00:00:00-04:00,8.207853333858496,8.207853333858496,8.139383299442285,8.17361831665039,100000,0.0,0.0
2023-08-28 00:00:00-04:00,8.199293821061316,8.233528835954441,8.182176721728323,8.19073486328125,68900,0.0,0.0
2023-08-29 00:00:00-04:00,8.190733219448028,8.259203235492738,8.165057167488005,8.233527183532715,37400,0.0,0.0
2023-08-30 00:00:00-04:00,8.259205164244257,8.276323080366426,8.19073513220991,8.199294090270996,67600,0.0,0.0
2023-08-31 00:00:00-04:00,8.233529106288168,8.242088064349254,8.19073513220991,8.199294090270996,25600,0.0,0.0
2023-09-01 00:00:00-04:00,8.22496973197698,8.233528689604912,8.199293675320309,8.216411590576172,66400,0.0,0.0
2023-09-05 00:00:00-04:00,8.216413230271046,8.224971373379745,8.190736352263086,8.207854270935059,36000,0.0,0.0
2023-09-06 00:00:00-04:00,8.224970854257016,8.224970854257016,8.130824756185099,8.156500816345215,72700,0.0,0.0
2023-09-07 00:00:00-04:00,8.130824505809567,8.139383464341792,8.096589487907877,8.113706588745117,104800,0.0,0.0
2023-09-08 00:00:00-04:00,8.147942020872438,8.147942020872438,8.088030130329997,8.096589088439941,47500,0.0,0.0
2023-09-11 00:00:00-04:00,8.079471588134766,8.088030546685308,8.053795528710351,8.079471588134766,54300,0.0,0.0
2023-09-12 00:00:00-04:00,8.002441809105296,8.07946997197033,8.002441809105296,8.019558906555176,82300,0.0,0.0
2023-09-13 00:00:00-04:00,8.011000488293028,8.036677360534668,8.011000488293028,8.036677360534668,55000,0.0,0.0
2023-09-14 00:00:00-04:00,8.021217732947548,8.038393361880194,8.012629508972168,8.012629508972168,94700,0.032,0.0
2023-09-15 00:00:00-04:00,8.021217732947548,8.02980595692293,7.995453880039523,8.012629508972168,40100,0.0,0.0
2023-09-18 00:00:00-04:00,8.038395667668205,8.10709984114259,8.021220033808785,8.064160346984863,115000,0.0,0.0
2023-09-19 00:00:00-04:00,8.029809951782227,8.046985589259812,7.986869629560474,8.029809951782227,84300,0.0,0.0
2023-09-20 00:00:00-04:00,8.055570035739665,8.081333889370207,8.03839358730721,8.046981811523438,60500,0.0,0.0
2023-09-21 00:00:00-04:00,7.98686711994742,8.021219203127092,7.943926811218263,7.943926811218262,64700,0.0,0.0
2023-09-22 00:00:00-04:00,7.978280983257285,7.986869211055325,7.935340663285569,7.9611053466796875,66100,0.0,0.0
2023-09-25 00:00:00-04:00,7.9353395025271505,7.9353395025271505,7.780755519866943,7.780755519866943,83100,0.0,0.0
2023-09-26 00:00:00-04:00,7.7893423556104935,7.7893423556104935,7.617581932474874,7.6261701583862305,203400,0.0,0.0
2023-09-27 00:00:00-04:00,7.626169071260118,7.6519329263031945,7.600405216217041,7.600405216217041,104600,0.0,0.0
2023-09-28 00:00:00-04:00,7.6004064293906755,7.6089938364302965,7.531702258963817,7.566054344177246,121600,0.0,0.0
2023-09-29 00:00:00-04:00,7.59181742210616,7.6519333602889255,7.583229196931984,7.608993053436279,47400,0.0,0.0
2023-10-02 00:00:00-04:00,7.634759428819494,7.643346836887404,7.557467023079409,7.574642658233643,74600,0.0,0.0
2023-10-03 00:00:00-04:00,7.574640784276058,7.600405459160877,7.488760991714627,7.505936622619629,118400,0.0,0.0
2023-10-04 00:00:00-04:00,7.540290832519531,7.591819377820525,7.523115196764828,7.540290832519531,84100,0.0,0.0
2023-10-05 00:00:00-04:00,7.540288703447843,7.566053378332662,7.497348397658023,7.505936622619629,86400,0.0,0.0
2023-10-06 00:00:00-04:00,7.4544096411550695,7.497349132133231,7.437233189549172,7.471585273742676,189700,0.0,0.0
2023-10-09 00:00:00-04:00,7.368527521622053,7.471583753229997,7.351351892529792,7.462995529174805,370800,0.0,0.0
2023-10-10 00:00:00-04:00,7.454408822301894,7.514524758282328,7.445820597442346,7.497348308563232,72500,0.0,0.0
2023-10-11 00:00:00-04:00,7.548878795993086,7.600407339492613,7.548878795993086,7.574642658233643,119300,0.0,0.0
2023-10-12 00:00:00-04:00,7.557467287292677,7.617583240961801,7.540290832519531,7.540290832519531,110900,0.0,0.0
2023-10-13 00:00:00-04:00,7.593732255211007,7.6109707196897824,7.550634860992432,7.550634860992432,56400,0.032,0.0
2023-10-16 00:00:00-04:00,7.5506342790193575,7.5678727421694605,7.490297602958096,7.507536888122559,188300,0.0,0.0
2023-10-17 00:00:00-04:00,7.464438771688257,7.490296874907204,7.447200310213718,7.455819129943848,127400,0.0,0.0
2023-10-18 00:00:00-04:00,7.438581025733041,7.447200667891439,7.32652814371683,7.4041032791137695,116800,0.0,0.0
2023-10-19 00:00:00-04:00,7.395484629997226,7.4299623812460585,7.369626522064209,7.369626522064209,102400,0.0,0.0
2023-10-20 00:00:00-04:00,7.3696247266829875,7.4213409299499675,7.3696247266829875,7.412722110748291,43200,0.0,0.0
2023-10-23 00:00:00-04:00,7.378243446350098,7.412721184893196,7.361004166071485,7.378243446350098,88300,0.0,0.0
2023-10-24 00:00:00-04:00,7.378244367898895,7.473057955231177,7.3696247266829875,7.412722110748291,163400,0.0,0.0
2023-10-25 00:00:00-04:00,7.412723042135267,7.412723042135267,7.3006701582920535,7.30928897857666,49400,0.0,0.0
2023-10-26 00:00:00-04:00,7.309290022528996,7.352387418164763,7.309290022528996,7.34376859664917,70300,0.0,0.0
2023-10-27 00:00:00-04:00,7.300671201013403,7.34376859664917,7.300671201013403,7.34376859664917,64700,0.0,0.0
2023-10-30 00:00:00-04:00,7.343768414131192,7.395484629997226,7.335148770815377,7.369626522064209,117200,0.0,0.0
2023-10-31 00:00:00-04:00,7.369623936007784,7.429959774017334,7.369623936007784,7.429959774017334,62200,0.0,0.0
2023-11-01 00:00:00-04:00,7.421340834789175,7.524774062011083,7.412722015698014,7.516155242919922,141200,0.0,0.0
2023-11-02 00:00:00-04:00,7.585109773936746,7.697162628173827,7.576490133915252,7.697162628173828,193000,0.0,0.0
2023-11-03 00:00:00-04:00,7.740262082697788,7.826456871161293,7.740262082697788,7.809218406677246,61400,0.0,0.0
2023-11-06 00:00:00-05:00,7.791976362880432,7.791976362880432,7.6799235063350935,7.7144012451171875,96200,0.0,0.0
2023-11-07 00:00:00-05:00,7.774737635789504,7.8609315687586765,7.766117995888355,7.835073471069336,81100,0.0,0.0
2023-11-08 00:00:00-05:00,7.878172768641929,8.024703394617719,7.835075380646526,7.9816060066223145,664900,0.0,0.0
2023-11-09 00:00:00-05:00,7.964365061651683,8.007462440659136,7.835073746643455,7.89540958404541,114800,0.0,0.0
2023-11-10 00:00:00-05:00,7.955747199099063,7.955747199099063,7.8695532438389,7.886791706085205,214900,0.0,0.0
2023-11-13 00:00:00-05:00,7.843693674527762,7.921267973169379,7.843693674527762,7.912649154663086,143400,0.0,0.0
2023-11-14 00:00:00-05:00,8.061422410944042,8.061422410944042,8.01817509513202,8.044123649597168,74200,0.032,0.0
2023-11-15 00:00:00-05:00,8.061421476124462,8.156567539612784,8.035472924668364,8.147917747497559,182000,0.0,0.0
2023-11-16 00:00:00-05:00,8.20846656175835,8.286313059217623,8.173868210097536,8.217116355895996,114400,0.0,0.0
2023-11-17 00:00:00-05:00,8.260362652360767,8.303610788476814,8.21711451624472,8.234414100646973,110200,0.0,0.0
2023-11-20 00:00:00-05:00,8.19116786047107,8.312261679757059,8.19116786047107,8.269014358520508,133700,0.0,0.0
2023-11-21 00:00:00-05:00,8.277663294658497,8.30361267716416,8.243064942874053,8.294962882995605,67300,0.0,0.0
2023-11-22 00:00:00-05:00,8.355509821697439,8.398757967802101,8.33821105818944,8.372809410095215,159400,0.0,0.0
2023-11-24 00:00:00-05:00,8.381455432232697,8.433353354287378,8.381455432232697,8.416053771972656,84400,0.0,0.0
2023-11-27 00:00:00-05:00,8.450655874668517,8.450655874668517,8.372809376966098,8.398757934570312,122500,0.0,0.0
2023-11-28 00:00:00-05:00,8.40740480570478,8.459301902869976,8.39875501454742,8.416053771972656,157100,0.0,0.0
2023-11-29 00:00:00-05:00,8.43335725402032,8.545802116394043,8.43335725402032,8.545802116394043,259800,0.0,0.0
2023-11-30 00:00:00-05:00,8.51985069710106,8.54579924897607,8.48525235297118,8.511200904846191,141800,0.0,0.0
2023-12-01 00:00:00-05:00,8.54580206050645,8.718793838069361,8.537152265405838,8.71014404296875,95000,0.0,0.0
2023-12-04 00:00:00-05:00,8.68419169368899,8.727439825433247,8.640943561944733,8.649593353271484,99000,0.0,0.0
2023-12-05 00:00:00-05:00,8.68419173847483,8.710140287699405,8.658243189250255,8.692841529846191,77000,0.0,0.0
2023-12-06 00:00:00-05:00,8.692841529846191,8.718790079070766,8.666892980621617,8.692841529846191,73300,0.0,0.0
2023-12-07 00:00:00-05:00,8.70149411883709,8.744741439819336,8.66689576711743,8.744741439819336,77500,0.0,0.0
2023-12-08 00:00:00-05:00,8.718792882252034,8.77069082227641,8.710143088099676,8.744741439819336,55100,0.0,0.0
2023-12-11 00:00:00-05:00,8.744740582183875,8.770689962095979,8.692843472139051,8.736091613769531,110500,0.0,0.0
2023-12-12 00:00:00-05:00,8.718791959201786,8.744740514021938,8.649595263088255,8.68419361114502,131400,0.0,0.0
2023-12-13 00:00:00-05:00,8.701494183633514,8.787989651131873,8.649596243222675,8.727442741394043,107600,0.0,0.0
2023-12-14 00:00:00-05:00,8.793478818175183,8.845614433288574,8.723965217135655,8.845614433288574,157500,0.046,0.0
2023-12-15 00:00:00-05:00,8.906443263014522,9.010713718848686,8.854307620763477,8.993335723876953,150100,0.0,0.0
2023-12-18 00:00:00-05:00,8.993335723876953,9.00202430702886,8.932510669806081,8.993335723876953,98500,0.0,0.0
2023-12-19 00:00:00-05:00,9.028087280241786,9.054154671839315,8.967262261624299,8.984641075134277,215900,0.0,0.0
2023-12-20 00:00:00-05:00,9.028088038396426,9.045466024698323,8.92381763458252,8.92381763458252,167000,0.0,0.0
2023-12-21 00:00:00-05:00,8.967261449133998,9.002018244337332,8.932504653930664,8.932504653930664,128800,0.0,0.0
2023-12-22 00:00:00-05:00,8.993329531903413,9.03677490375425,8.93250451971101,8.96726131439209,110800,0.0,0.0
2023-12-26 00:00:00-05:00,8.93250451971101,9.010707514910278,8.93250451971101,8.96726131439209,175100,0.0,0.0
2023-12-27 00:00:00-05:00,9.028087142217846,9.05415453341685,9.002018922351416,9.019397735595703,73100,0.0,0.0
2023-12-28 00:00:00-05:00,8.984642654394584,8.993332062676938,8.923818453753263,8.94119644165039,135500,0.0,0.0
2023-12-29 00:00:00-05:00,8.958576066321427,8.975954055786133,8.906440440591998,8.975954055786133,133800,0.0,0.0
2024-01-02 00:00:00-05:00,8.906437935510118,9.05415453341685,8.906437935510118,9.019397735595703,43300,0.0,0.0
2024-01-03 00:00:00-05:00,9.010711050938735,9.062846677753354,8.993333061112313,9.036778450012207,49900,0.0,0.0
2024-01-04 00:00:00-05:00,9.010711050938735,9.071535258332728,9.010711050938735,9.036778450012207,121100,0.0,0.0
2024-01-05 00:00:00-05:00,9.028092542488341,9.036781125640248,8.984646312057125,8.993335723876953,36300,0.0,0.0
2024-01-08 00:00:00-05:00,8.984639727264208,9.080220701227777,8.984639727264208,9.071531295776367,47400,0.0,0.0
2024-01-09 00:00:00-05:00,9.07153348525641,9.088912300353734,8.993331303321,9.002019882202148,55900,0.0,0.0
2024-01-10 00:00:00-05:00,9.002018922351416,9.045465126794706,8.984640937774556,9.019397735595703,75000,0.0,0.0
2024-01-11 00:00:00-05:00,9.005437571764919,9.049068735481423,8.987985605595455,9.014163970947266,39500,0.044,0.0
2024-01-12 00:00:00-05:00,9.022892964859956,9.040344936048115,8.987988190288165,8.99671459197998,56200,0.0,0.0
2024-01-16 00:00:00-05:00,8.970530507257802,8.987983301147738,8.90944739303306,8.918173789978027,74300,0.0,0.0
2024-01-17 00:00:00-05:00,8.900722107992562,8.900722107992562,8.839638986137137,8.857090950012207,95500,0.0,0.0
2024-01-18 00:00:00-05:00,8.857090553139415,8.857090553139415,8.778555470927959,8.787281036376953,42700,0.0,0.0
2024-01-19 00:00:00-05:00,8.796006879273467,8.813459673460908,8.700019007827626,8.804733276367188,96500,0.0,0.0
2024-01-22 00:00:00-05:00,8.830912588102041,8.909448506027656,8.830912588102041,8.857090950012207,62700,0.0,0.0
2024-01-23 00:00:00-05:00,8.839641851913964,8.918177795300622,8.830915451049805,8.830915451049805,127000,0.0,0.0
2024-01-24 00:00:00-05:00,8.874544422381746,8.900722786286876,8.830913261076406,8.86581802368164,77900,0.0,0.0
2024-01-25 00:00:00-05:00,8.91817787497668,8.944356245607649,8.900725073092435,8.935629844665527,65700,0.0,0.0
2024-01-26 00:00:00-05:00,8.918174066665337,8.926899631686,8.874542912781854,8.883269309997559,80300,0.0,0.0
2024-01-29 00:00:00-05:00,8.91817787497668,8.944356245607649,8.891998672150313,8.935629844665527,58300,0.0,0.0
2024-01-30 00:00:00-05:00,8.9356275449531,8.979258706239206,8.883270817165918,8.891996383666992,77200,0.0,0.0
2024-01-31 00:00:00-05:00,8.926902770996094,8.970533940223284,8.90945080262242,8.926902770996094,102200,0.0,0.0
2024-02-01 00:00:00-05:00,8.970535386904537,9.040344936048115,8.970535386904537,8.99671459197998,137000,0.0,0.0
2024-02-02 00:00:00-05:00,8.970533940223284,8.970533940223284,8.900724402337914,8.926902770996094,100700,0.0,0.0
2024-02-05 00:00:00-05:00,8.891994875018222,8.909447669449632,8.865816515566149,8.883269309997559,43000,0.0,0.0
2024-02-06 00:00:00-05:00,8.883269037057925,8.987983303843901,8.865816243162755,8.97053050994873,104000,0.0,0.0
2024-02-07 00:00:00-05:00,8.979256906896316,8.987983303843901,8.953078548248577,8.97053050994873,82600,0.0,0.0
2024-02-08 00:00:00-05:00,8.961804945196162,8.987983303843901,8.918173792653251,8.97053050994873,65500,0.0,0.0
2024-02-09 00:00:00-05:00,8.979261017180741,9.014165788753834,8.935629844665527,8.935629844665527,112800,0.0,0.0
2024-02-12 00:00:00-05:00,8.935625751672946,8.970530507257802,8.918173789978027,8.918173789978027,225100,0.0,0.0
2024-02-13 00:00:00-05:00,8.778556257575655,8.874544143676758,8.778556257575655,8.874544143676758,114400,0.0,0.0
2024-02-14 00:00:00-05:00,8.85175810104362,8.939398765563965,8.85175810104362,8.939398765563965,94400,0.044,0.0
2024-02-15 00:00:00-05:00,8.939399079230911,9.01827626513478,8.939399079230911,9.009511947631836,59100,0.0,0.0
2024-02-16 00:00:00-05:00,9.000748735934527,9.000748735934527,8.956927982916636,8.983220100402832,94000,0.0,0.0
2024-02-20 00:00:00-05:00,8.98321973035461,9.044568280565704,8.98321973035461,9.027040481567383,136900,0.0,0.0
2024-02-21 00:00:00-05:00,9.035804164060572,9.149736939072321,9.035804164060572,9.097152709960938,205000,0.0,0.0
2024-02-22 00:00:00-05:00,9.105917393829863,9.22861449057679,9.097153076687572,9.158501625061035,121200,0.0,0.0
2024-02-23 00:00:00-05:00,9.202322274324638,9.228614389652693,9.14973720785725,9.176030158996582,40600,0.0,0.0
2024-02-26 00:00:00-05:00,9.18479364023175,9.193557957278193,9.140973726622082,9.176030158996582,302700,0.0,0.0
2024-02-27 00:00:00-05:00,9.176031845104077,9.211088283920242,9.16726752644718,9.193559646606445,93400,0.0,0.0
2024-02-28 00:00:00-05:00,9.193559646606445,9.22861608542261,9.176031845104077,9.193559646606445,53100,0.0,0.0
2024-02-29 00:00:00-05:00,9.202321150568073,9.228613262685425,9.158500406498371,9.184792518615723,59000,0.0,0.0
2024-03-01 00:00:00-05:00,9.149736676242044,9.22861385345459,9.14097319551605,9.22861385345459,49100,0.0,0.0
2024-03-04 00:00:00-05:00,9.184795173471793,9.246144567226828,9.15850305375473,9.219852447509766,112600,0.0,0.0
2024-03-05 00:00:00-05:00,9.26367114447574,9.26367114447574,9.123445410096782,9.140974044799805,129000,0.0,0.0
2024-03-06 00:00:00-05:00,9.132210409490185,9.18479464590391,9.114681773478031,9.167266845703125,85700,0.0,0.0
2024-03-07 00:00:00-05:00,9.167267372264224,9.219852447509766,9.149738735245238,9.219852447509766,57900,0.0,0.0
2024-03-08 00:00:00-05:00,9.20232381049078,9.237380248717335,9.184795173471793,9.219852447509766,77700,0.0,0.0
2024-03-11 00:00:00-04:00,9.237376165406209,9.254904794676799,9.228611850770914,9.246140480041504,35400,0.0,0.0
2024-03-12 00:00:00-04:00,9.246141170885517,9.2899619115251,9.237376855595379,9.272433280944824,95000,0.0,0.0
2024-03-13 00:00:00-04:00,9.289963554493573,9.307491352362604,9.272434920813284,9.298727035522461,37600,0.0,0.0
2024-03-14 00:00:00-04:00,9.293447547720332,9.293447547720332,9.231842686993332,9.240643501281738,31100,0.044,0.0
2024-03-15 00:00:00-04:00,9.240643754558766,9.293447802444666,9.205441335732122,9.284646987915039,154300,0.0,0.0
2024-03-18 00:00:00-04:00,9.284645001692756,9.319847412988706,9.284645001692756,9.311046600341797,10200,0.0,0.0
2024-03-19 00:00:00-04:00,9.311046372730077,9.311046372730077,9.275843962294662,9.293445587158203,53900,0.0,0.0
2024-03-20 00:00:00-04:00,9.275848169042401,9.311050595442689,9.249446559065197,9.258247375488281,30700,0.0,0.0
2024-03-21 00:00:00-04:00,9.26704518913331,9.293447632238642,9.214241981506348,9.214241981506348,29900,0.0,0.0
2024-03-22 00:00:00-04:00,9.275845835265953,9.275845835265953,9.240643417722493,9.267045021057129,7700,0.0,0.0
2024-03-25 00:00:00-04:00,9.223043220445795,9.223043220445795,9.19664161301442,9.205442428588867,32500,0.0,0.0
2024-03-26 00:00:00-04:00,9.26704518913331,9.26704518913331,9.214241981506348,9.214241981506348,38600,0.0,0.0
2024-03-27 00:00:00-04:00,9.267047352619317,9.284648985465484,9.21424413266491,9.258247375488281,63600,0.0,0.0
2024-03-28 00:00:00-04:00,9.23184492621903,9.267047352619317,9.23184492621903,9.258247375488281,39000,0.0,0.0
2024-04-01 00:00:00-04:00,9.267042926473472,9.293445363132333,9.161435697712971,9.196638107299805,53700,0.0,0.0
2024-04-02 00:00:00-04:00,9.143834912565378,9.223039704667018,9.108632502978542,9.196638107299805,84900,0.0,0.0
2024-04-03 00:00:00-04:00,9.143837928771973,9.187840325801508,9.117435483403943,9.143837928771973,71400,0.0,0.0
2024-04-04 00:00:00-04:00,9.214245319923421,9.214245319923421,9.117438005379938,9.126238822937012,80100,0.0,0.0
2024-04-05 00:00:00-04:00,9.08223250498231,9.152637343060322,9.08223250498231,9.108634948730469,45500,0.0,0.0
2024-04-08 00:00:00-04:00,9.152635347192682,9.161436159856253,9.126233748493654,9.135034561157227,41300,0.0,0.0
2024-04-09 00:00:00-04:00,9.126235569893009,9.16143798828125,9.126235569893009,9.16143798828125,20400,0.0,0.0
2024-04-10 00:00:00-04:00,9.099833623681462,9.099833623681462,8.985425558399584,9.020627975463867,122500,0.0,0.0
2024-04-11 00:00:00-04:00,9.073432020706205,9.073432020706205,9.011827161374839,9.020627975463867,79500,0.0,0.0
2024-04-12 00:00:00-04:00,9.050678568379944,9.05951732416537,9.015324388148388,9.033001899719238,41400,0.044,0.0
2024-04-15 00:00:00-04:00,8.9799695416833,9.015323719291892,8.918099941595784,8.944615364074707,154700,0.0,0.0
2024-04-16 00:00:00-04:00,8.926941448011123,8.997649825020648,8.873909743798809,8.95345687866211,37900,0.0,0.0
2024-04-17 00:00:00-04:00,8.988809688504965,8.997648445003094,8.944616748924535,8.979970932006836,31800,0.0,0.0
2024-04-18 00:00:00-04:00,8.997648445003094,9.00648635859101,8.935777992426406,8.979970932006836,47300,0.0,0.0
2024-04-19 00:00:00-04:00,8.99764715421108,9.00648506653112,8.935776710510254,8.935776710510254,67400,0.0,0.0
2024-04-22 00:00:00-04:00,8.944614925692752,8.953453680389229,8.90042199512042,8.909260749816895,36400,0.0,0.0
2024-04-23 00:00:00-04:00,8.891584620179783,8.971130888520687,8.891584620179783,8.935776710510254,31600,0.0,0.0
2024-04-24 00:00:00-04:00,8.944615465740386,8.953454220970517,8.918100042960084,8.935776710510254,41200,0.0,0.0
2024-04-25 00:00:00-04:00,8.882745844443125,8.891584599652852,8.84739166651431,8.873907089233398,59000,0.0,0.0
2024-04-26 00:00:00-04:00,8.891587042547606,8.918102472551602,8.891587042547606,8.90042495727539,29400,0.0,0.0
2024-04-29 00:00:00-04:00,8.909262019037763,8.918100774993414,8.873907838125318,8.891585350036621,32300,0.0,0.0
2024-04-30 00:00:00-04:00,8.84739166651431,8.882745844443125,8.84739166651431,8.873907089233398,54900,0.0,0.0
2024-05-01 00:00:00-04:00,8.900423365677069,8.909262121734605,8.873907940414632,8.882746696472168,210400,0.0,0.0
2024-05-02 00:00:00-04:00,8.909262019037763,8.909262019037763,8.865069082169667,8.891585350036621,117200,0.0,0.0
2024-05-03 00:00:00-04:00,8.935775455562867,8.988807136585752,8.935775455562867,8.962291717529297,227200,0.0,0.0
2024-05-06 00:00:00-04:00,9.033001899719238,9.033001899719238,8.997647719487682,9.033001899719238,44400,0.0,0.0
2024-05-07 00:00:00-04:00,9.0771928485705,9.12138493200287,9.050676587019124,9.103708267211914,75900,0.0,0.0
2024-05-08 00:00:00-04:00,9.103710090258538,9.174418449401855,9.103710090258538,9.174418449401855,56400,0.0,0.0
2024-05-09 00:00:00-04:00,9.20977348305077,9.20977348305077,9.14790387379036,9.183258056640625,44600,0.0,0.0
2024-05-10 00:00:00-04:00,9.165579795837402,9.174418551556267,9.130225615872085,9.165579795837402,49900,0.0,0.0
2024-05-13 00:00:00-04:00,9.192097663879395,9.192097663879395,9.147905559356515,9.192097663879395,54000,0.0,0.0
2024-05-14 00:00:00-04:00,9.20452259591653,9.222275215728102,9.080256796710025,9.195646286010742,84100,0.044,0.0
2024-05-15 00:00:00-04:00,9.222276142309214,9.24890422821045,9.18677174561037,9.24890422821045,24600,0.0,0.0
2024-05-16 00:00:00-04:00,9.213400757596915,9.257781469554295,9.213400757596915,9.231152534484863,32900,0.0,0.0
2024-05-17 00:00:00-04:00,9.213399451086316,9.213399451086316,9.160142434991261,9.169018745422363,49100,0.0,0.0
2024-05-20 00:00:00-04:00,9.18677174561037,9.24890422821045,9.177895434812761,9.24890422821045,60000,0.0,0.0
2024-05-21 00:00:00-04:00,9.257778552186155,9.266654014587402,9.231149625508193,9.266654014587402,51700,0.0,0.0
2024-05-22 00:00:00-04:00,9.22227668762207,9.24002846377536,9.22227668762207,9.22227668762207,39600,0.0,0.0
2024-05-23 00:00:00-04:00,9.22227430794392,9.22227430794392,9.1512655286703,9.160140991210938,57500,0.0,0.0
2024-05-24 00:00:00-04:00,9.186772751941167,9.222277152529209,9.151268351353126,9.213400840759277,30700,0.0,0.0
2024-05-28 00:00:00-04:00,9.213398543651417,9.248902935387413,9.133513450622559,9.133513450622559,47100,0.0,0.0
2024-05-29 00:00:00-04:00,9.115764166223828,9.186772969078262,9.053630828857422,9.053630828857422,44700,0.0,0.0
2024-05-30 00:00:00-04:00,9.053627442078806,9.160140606516041,9.026999362592344,9.151265144348145,67100,0.0,0.0
2024-05-31 00:00:00-04:00,9.151266069736291,9.151266069736291,9.115761678000295,9.133513450622559,46800,0.0,0.0
2024-06-03 00:00:00-04:00,9.115763950765086,9.222277152529209,9.115763950765086,9.213400840759277,51200,0.0,0.0
2024-06-04 00:00:00-04:00,9.257779121398926,9.31103528504648,9.248902811960514,9.257779121398926,58500,0.0,0.0
2024-06-05 00:00:00-04:00,9.302160289077923,9.355417306736854,9.266655892802495,9.319912910461426,40800,0.0,0.0
2024-06-06 00:00:00-04:00,9.284408488219247,9.337665505729229,9.284408488219247,9.302160263061523,26800,0.0,0.0
2024-06-07 00:00:00-04:00,9.231151117346194,9.27553182249038,9.222275653510591,9.24002742767334,69000,0.0,0.0
2024-06-10 00:00:00-04:00,9.24890411791057,9.319912910461426,9.24890411791057,9.319912910461426,46900,0.0,0.0
2024-06-11 00:00:00-04:00,9.293282432254083,9.319910510982165,9.293282432254083,9.311034202575684,29800,0.0,0.0
2024-06-12 00:00:00-04:00,9.399797465603328,9.399797465603328,9.337664987367157,9.346540451049805,57800,0.0,0.0
2024-06-13 00:00:00-04:00,9.382046699523926,9.399799323380908,9.328790520936375,9.382046699523926,62600,0.0,0.0
2024-06-14 00:00:00-04:00,9.421264904004289,9.421264904004289,9.287567062710567,9.332133293151855,93300,0.044,0.0
2024-06-17 00:00:00-04:00,9.305392468232526,9.358872111454076,9.305392468232526,9.323219299316406,79500,0.0,0.0
2024-06-18 00:00:00-04:00,9.349958669592384,9.403438312663392,9.251913648997311,9.26082706451416,279100,0.0,0.0
2024-06-20 00:00:00-04:00,9.234087567951104,9.305393197817123,9.18952218680746,9.243000984191895,70100,0.0,0.0
2024-06-21 00:00:00-04:00,9.27865119882565,9.27865119882565,9.207345588942697,9.216259002685547,34900,0.0,0.0
2024-06-24 00:00:00-04:00,9.189520936173304,9.23408631125189,9.189520936173304,9.20734691619873,59400,0.0,0.0
2024-06-25 00:00:00-04:00,9.234084129333496,9.25191095517667,9.207344740598577,9.234084129333496,43800,0.0,0.0
2024-06-26 00:00:00-04:00,9.198433501170996,9.216260331226465,9.180607521145571,9.20734691619873,46700,0.0,0.0
2024-06-27 00:00:00-04:00,9.243000233480462,9.26973963000092,9.225174252476853,9.26082706451416,49600,0.0,0.0
2024-06-28 00:00:00-04:00,9.341045859215997,9.349959275310285,9.269740230521993,9.332133293151855,42200,0.0,0.0
2024-07-01 00:00:00-04:00,9.31430472607958,9.323218140513653,9.269738503939204,9.305391311645508,85800,0.0,0.0
2024-07-02 00:00:00-04:00,9.305391790020959,9.323218619805553,9.296479225158691,9.296479225158691,80400,0.0,0.0
2024-07-03 00:00:00-04:00,9.296478747241421,9.323218140513653,9.287565332807349,9.305391311645508,6000,0.0,0.0
2024-07-05 00:00:00-04:00,9.349956200755583,9.349956200755583,9.305389984969043,9.314303398132324,42500,0.0,0.0
2024-07-08 00:00:00-04:00,9.305390254461878,9.332130494726144,9.278650864227505,9.287564277648926,98300,0.0,0.0
2024-07-09 00:00:00-04:00,9.305392468232526,9.341045280370196,9.305392468232526,9.323219299316406,52000,0.0,0.0
2024-07-10 00:00:00-04:00,9.367786582953027,9.367786582953027,9.332133766796495,9.341046333312988,30100,0.0,0.0
2024-07-11 00:00:00-04:00,9.430174827575684,9.439088240368832,9.376696050876443,9.430174827575684,51900,0.0,0.0
2024-07-12 00:00:00-04:00,9.412350009718592,9.448002815246582,9.367783790301122,9.448002815246582,19500,0.0,0.0
2024-07-15 00:00:00-04:00,9.406829833984375,9.42473011254152,9.388928701854269,9.406829833984375,41300,0.044,0.0
2024-07-16 00:00:00-04:00,9.433681154979553,9.451582288013613,9.388929175967407,9.442631721496582,40700,0.0,0.0
2024-07-17 00:00:00-04:00,9.433685338125109,9.433685338125109,9.362082481384277,9.362082481384277,72900,0.0,0.0
2024-07-18 00:00:00-04:00,9.344177392254618,9.38892937220211,9.317326545715332,9.317326545715332,63700,0.0,0.0
2024-07-19 00:00:00-04:00,9.34418007906146,9.34418007906146,9.290478370541605,9.299428939819336,11200,0.0,0.0
2024-07-22 00:00:00-04:00,9.326278686523438,9.362080105809445,9.299427835452223,9.326278686523438,26400,0.0,0.0
2024-07-23 00:00:00-04:00,9.317330482527911,9.371033051870226,9.317330482527911,9.362082481384277,47700,0.0,0.0
2024-07-24 00:00:00-04:00,9.362078525662824,9.379978805498007,9.281525132471945,9.317326545715332,111800,0.0,0.0
2024-07-25 00:00:00-04:00,9.335227679123538,9.353127958958721,9.281525132471945,9.317326545715332,84700,0.0,0.0
2024-07-26 00:00:00-04:00,9.34417724609375,9.362078379221947,9.308375833410365,9.34417724609375,61900,0.0,0.0
2024-07-29 00:00:00-04:00,9.326279794079264,9.326279794079264,9.281527801263874,9.299428939819336,72100,0.0,0.0
2024-07-30 00:00:00-04:00,9.31732573801509,9.433680534362793,9.218872073523777,9.433680534362793,407100,0.0,0.0
2024-07-31 00:00:00-04:00,9.424730443550946,9.47843298825441,9.424730443550946,9.469482421875,64300,0.0,0.0
2024-08-01 00:00:00-04:00,9.442633761138165,9.505286033144474,9.442633761138165,9.487385749816895,58400,0.0,0.0
2024-08-02 00:00:00-04:00,9.505286065245615,9.55003805407548,9.487385781857583,9.532136917114258,86500,0.0,0.0
2024-08-05 00:00:00-04:00,9.442631721496582,9.487383700508728,9.388929175967407,9.442631721496582,101700,0.0,0.0
2024-08-06 00:00:00-04:00,9.478436775379658,9.594791624082776,9.442635349130494,9.541089057922363,83300,0.0,0.0
2024-08-07 00:00:00-04:00,9.532135914874118,9.720093565338518,9.532135914874118,9.558987617492676,116700,0.0,0.0
2024-08-08 00:00:00-04:00,9.541085055134333,9.57688646636367,9.487383365076816,9.523184776306152,48900,0.0,0.0
2024-08-09 00:00:00-04:00,9.612688213777329,9.612688213777329,9.505283976333073,9.51423454284668,44100,0.0,0.0
2024-08-12 00:00:00-04:00,9.487383700508728,9.53213482594787,9.442631721496582,9.442631721496582,74200,0.0,0.0
2024-08-13 00:00:00-04:00,9.487384844879793,9.487384844879793,9.44263286046965,9.460533142089844,109800,0.0,0.0
2024-08-14 00:00:00-04:00,9.46948367301822,9.47843424058021,9.40683140723049,9.41578197479248,119400,0.0,0.0
2024-08-15 00:00:00-04:00,9.392412625438201,9.419376249922536,9.392412625438201,9.410388946533203,88700,0.044,0.0
2024-08-16 00:00:00-04:00,9.44633938607391,9.455327545341182,9.419374908272099,9.43735122680664,69900,0.0,0.0
2024-08-19 00:00:00-04:00,9.410388946533203,9.437352571017538,9.401400785985702,9.410388946533203,88600,0.0,0.0
2024-08-20 00:00:00-04:00,9.44634085528668,9.455329015951902,9.39241274845353,9.419376373291016,78100,0.0,0.0
2024-08-21 00:00:00-04:00,9.41937889611071,9.437355222255805,9.401403427124023,9.401403427124023,68700,0.0,0.0
2024-08-22 00:00:00-04:00,9.374439200041799,9.39241466788753,9.329499244689941,9.329499244689941,142100,0.0,0.0
2024-08-23 00:00:00-04:00,9.383424931350286,9.392413092344597,9.34747314453125,9.34747314453125,92600,0.0,0.0
2024-08-26 00:00:00-04:00,9.356462875037714,9.374439200041799,9.329499244689941,9.329499244689941,134400,0.0,0.0
2024-08-27 00:00:00-04:00,9.329497898506276,9.36544968616849,9.320509737301164,9.356461524963379,82000,0.0,0.0
2024-08-28 00:00:00-04:00,9.383427246096147,9.383427246096147,9.293548185455895,9.320511817932129,58200,0.0,0.0
2024-08-29 00:00:00-04:00,9.33848584069515,9.374437627514185,9.329497679700838,9.34747314453125,47100,0.0,0.0
2024-08-30 00:00:00-04:00,9.365449171442199,9.37443733215332,9.329497385755898,9.37443733215332,54700,0.0,0.0
2024-09-03 00:00:00-04:00,9.392415264051476,9.410391590196571,9.356463468919696,9.401403427124023,101500,0.0,0.0
2024-09-04 00:00:00-04:00,9.42836306753937,9.43735122680664,9.383423128361063,9.43735122680664,84600,0.0,0.0
2024-09-05 00:00:00-04:00,9.437353869181337,9.437353869181337,9.392413917420244,9.428365707397461,79500,0.0,0.0
2024-09-06 00:00:00-04:00,9.437353353294858,9.446341514587402,9.419377030709772,9.446341514587402,62600,0.0,0.0
2024-09-09 00:00:00-04:00,9.473303407025442,9.51824334810275,9.455327944889367,9.500267028808594,119400,0.0,0.0
2024-09-10 00:00:00-04:00,9.491279726319597,9.536218810238823,9.48229156667252,9.500267028808594,135700,0.0,0.0
2024-09-11 00:00:00-04:00,9.50026829753391,9.617111817075692,9.50026829753391,9.599136352539062,101100,0.0,0.0
2024-09-12 00:00:00-04:00,9.626099416731195,9.706991145325615,9.617111256407783,9.6620512008667,109500,0.0,0.0
2024-09-13 00:00:00-04:00,9.698001515146592,9.706989674107735,9.653061577498896,9.680026054382324,104600,0.0,0.0
2024-09-16 00:00:00-04:00,9.710713009617521,9.746812279291122,9.701687977030502,9.737787246704102,94600,0.044,0.0
2024-09-17 00:00:00-04:00,9.791934076669051,9.791934076669051,9.683635434677738,9.710710525512695,107600,0.0,0.0
2024-09-18 00:00:00-04:00,9.737784755673395,9.773884016112413,9.674611265073677,9.710710525512695,102100,0.0,0.0
2024-09-19 00:00:00-04:00,9.728760440317506,9.773884734350823,9.7197362700503,9.75583553314209,33000,0.0,0.0
2024-09-20 00:00:00-04:00,9.764859812389737,9.764859812389737,9.69266128540039,9.69266128540039,62600,0.0,0.0
2024-09-23 00:00:00-04:00,9.728761093097747,9.728761093097747,9.683636796036682,9.70168685913086,45000,0.0,0.0
2024-09-24 00:00:00-04:00,9.692661827583771,9.737786124644837,9.683636796036682,9.70168685913086,147800,0.0,0.0
2024-09-25 00:00:00-04:00,9.710711347484892,9.737785579937315,9.69266128540039,9.69266128540039,45200,0.0,0.0
2024-09-26 00:00:00-04:00,9.746809785951713,9.746809785951713,9.683635434677738,9.710710525512695,105100,0.0,0.0
2024-09-27 00:00:00-04:00,9.737785300134716,9.737785300134716,9.719736099243164,9.719736099243164,58100,0.0,0.0
2024-09-30 00:00:00-04:00,9.75583390024353,9.7648580690003,9.710709613762964,9.728758811950684,88100,0.0,0.0
2024-10-01 00:00:00-04:00,9.755836935308347,9.809985407391405,9.719737667028157,9.764861106872559,66100,0.0,0.0
2024-10-02 00:00:00-04:00,9.764859703409295,9.773884734350823,9.746810502200562,9.75583553314209,57600,0.0,0.0
2024-10-03 00:00:00-04:00,9.773884190054149,9.773884190054149,9.719735728769093,9.746809959411621,38500,0.0,0.0
2024-10-04 00:00:00-04:00,9.728760548895064,9.746810610979567,9.683636254358138,9.69266128540039,57300,0.0,0.0
2024-10-07 00:00:00-04:00,9.692661696769523,9.70168672819481,9.665587463168036,9.683636665344238,71100,0.0,0.0
2024-10-08 00:00:00-04:00,9.69266128540039,9.69266128540039,9.665587052947968,9.69266128540039,171200,0.0,0.0
2024-10-09 00:00:00-04:00,9.7016857328809,9.746810024703574,9.656561441058226,9.665586471557617,110100,0.0,0.0
2024-10-10 00:00:00-04:00,9.6655880825681,9.68363728590095,9.611438751220703,9.611438751220703,149700,0.0,0.0
2024-10-11 00:00:00-04:00,9.60241413116455,9.629488365235842,9.575339036418876,9.60241413116455,144600,0.0,0.0
2024-10-14 00:00:00-04:00,9.629486863784267,9.638511893958956,9.57533754341039,9.593387603759766,127600,0.0,0.0
2024-10-15 00:00:00-04:00,9.61243167596315,9.621499350140734,9.558021306780251,9.585226058959961,168000,0.051,0.0
2024-10-16 00:00:00-04:00,9.585227671649445,9.621500968933105,9.585227671649445,9.621500968933105,84100,0.0,0.0
2024-10-17 00:00:00-04:00,9.639638049986747,9.657774266216766,9.612433293229909,9.621500968933105,147900,0.0,0.0
2024-10-18 00:00:00-04:00,9.657776020856485,9.694049324730337,9.64870834350586,9.64870834350586,42700,0.0,0.0
2024-10-21 00:00:00-04:00,9.612433536896702,9.63963829434316,9.576160238693546,9.5942964553833,42700,0.0,0.0
2024-10-22 00:00:00-04:00,9.603367155541658,9.621503376309501,9.548956763590443,9.567093849182129,60900,0.0,0.0
2024-10-23 00:00:00-04:00,9.539888384546435,9.539888384546435,9.42199993133545,9.42199993133545,89000,0.0,0.0
2024-10-24 00:00:00-04:00,9.412931035283668,9.412931035283668,9.322247347046803,9.34945297241211,83500,0.0,0.0
2024-10-25 00:00:00-04:00,9.4492046928999,9.458273235029308,9.403862847076631,9.42199993133545,76800,0.0,0.0
2024-10-28 00:00:00-04:00,9.42199655411828,9.42199655411828,9.340381433855248,9.35851764678955,59000,0.0,0.0
2024-10-29 00:00:00-04:00,9.331312416433658,9.376654243679326,9.27690205077417,9.304107666015625,141400,0.0,0.0
2024-10-30 00:00:00-04:00,9.304110579217127,9.331315338153217,9.276904955457345,9.295042037963867,83800,0.0,0.0
2024-10-31 00:00:00-04:00,9.322247153709135,9.367588996887207,9.295042393731784,9.367588996887207,71300,0.0,0.0
2024-11-01 00:00:00-04:00,9.376655922276772,9.412929217602223,9.304109331625869,9.331314086914062,119700,0.0,0.0
2024-11-04 00:00:00-05:00,9.403861586411638,9.467339643160193,9.322246447835694,9.340383529663086,106200,0.0,0.0
2024-11-05 00:00:00-05:00,9.331315888835238,9.37665773295367,9.331315888835238,9.34945297241211,62700,0.0,0.0
2024-11-06 00:00:00-05:00,9.295041482962688,9.295041482962688,9.213426346203915,9.240631103515625,274500,0.0,0.0
2024-11-07 00:00:00-05:00,9.267836036300418,9.340382626951321,9.267836036300418,9.331314086914062,85700,0.0,0.0
2024-11-08 00:00:00-05:00,9.376656048080822,9.458271179863988,9.376656048080822,9.431065559387207,77300,0.0,0.0
2024-11-11 00:00:00-05:00,9.512681600696796,9.512681600696796,9.44013500213623,9.44013500213623,62700,0.0,0.0
2024-11-12 00:00:00-05:00,9.440134535179523,9.449203075756936,9.367587940207478,9.385725021362305,67300,0.0,0.0
2024-11-13 00:00:00-05:00,9.41292926906052,9.458271104671102,9.29504084240244,9.322245597839355,194600,0.0,0.0
2024-11-14 00:00:00-05:00,9.367586461198714,9.449201583862305,9.32224463029411,9.449201583862305,148200,0.0,0.0
2024-11-15 00:00:00-05:00,9.413661536092837,9.422774679429947,9.349871270887435,9.386322975158691,190200,0.051,0.0
2024-11-18 00:00:00-05:00,9.413662155906293,9.431888443780567,9.34987188650082,9.368097305297852,89000,0.0,0.0
2024-11-19 00:00:00-05:00,9.358984414224546,9.422774679429947,9.358984414224546,9.386322975158691,77100,0.0,0.0
2024-11-20 00:00:00-05:00,9.395436118495802,9.422774679429947,9.368096688484473,9.386322975158691,58000,0.0,0.0
2024-11-21 00:00:00-05:00,9.40454993257058,9.45922793246853,9.395437656818691,9.422776222229004,50400,0.0,0.0
2024-11-22 00:00:00-05:00,9.45922876330394,9.48656733111549,9.44100247204464,9.47745418548584,55700,0.0,0.0
2024-11-25 00:00:00-05:00,9.605033483923773,9.61414662752952,9.523016929626465,9.523016929626465,126700,0.0,0.0
2024-11-26 00:00:00-05:00,9.541241836684241,9.541241836684241,9.45922529425074,9.49567699432373,118900,0.0,0.0
2024-11-27 00:00:00-05:00,9.541244185301275,9.641486167907715,9.459227622679055,9.641486167907715,88600,0.0,0.0
2024-11-29 00:00:00-05:00,9.668824946440331,9.71438980102539,9.614147816200113,9.71438980102539,54400,0.0,0.0
2024-12-02 00:00:00-05:00,9.687051069183852,9.769067632209929,9.65059935995863,9.705276489257812,76200,0.0,0.0
2024-12-03 00:00:00-05:00,9.741726875305176,9.759953161980837,9.677936610094726,9.741726875305176,117300,0.0,0.0
2024-12-04 00:00:00-05:00,9.723502527682264,9.723502527682264,9.668824530715687,9.687050819396973,95100,0.0,0.0
2024-12-05 00:00:00-05:00,9.687050819396973,9.732615672022906,9.659712255452323,9.687050819396973,70900,0.0,0.0
2024-12-06 00:00:00-05:00,9.687050033888564,9.732614882819712,9.659711472160758,9.696163177490234,94700,0.0,0.0
2024-12-09 00:00:00-05:00,9.650600680642341,9.677939249033212,9.650600680642341,9.66882610321045,70600,0.0,0.0
2024-12-10 00:00:00-05:00,9.696163963737614,9.750841091626913,9.659712255452323,9.687050819396973,69900,0.0,0.0
2024-12-11 00:00:00-05:00,9.732615303113866,9.759953866022263,9.687050452215042,9.723502159118652,99300,0.0,0.0
2024-12-12 00:00:00-05:00,9.750841041855544,9.750841041855544,9.605034209458623,9.623260498046875,108300,0.0,0.0
2024-12-13 00:00:00-05:00,9.577693536757232,9.586806679044752,9.486563852036213,9.49567699432373,85100,0.0,0.0
2024-12-16 00:00:00-05:00,9.533225255948814,9.533225255948814,9.478279200958472,9.487436294555664,76900,0.051,0.0
2024-12-17 00:00:00-05:00,9.469122839264099,9.487437902915145,9.386702869454528,9.40501880645752,158400,0.0,0.0
2024-12-18 00:00:00-05:00,9.386701358718637,9.423332353477125,9.31343936920166,9.31343936920166,124800,0.0,0.0
2024-12-19 00:00:00-05:00,9.350071269681662,9.359229237596347,9.221862338931723,9.249336242675781,220700,0.0,0.0
2024-12-20 00:00:00-05:00,9.25849179005199,9.285965689204884,9.203545738449685,9.212703704833984,173900,0.0,0.0
2024-12-23 00:00:00-05:00,9.19438700972933,9.249333930127552,9.148598054956091,9.166913986206055,183700,0.0,0.0
2024-12-24 00:00:00-05:00,9.185230060241816,9.249334953356774,9.157757033679273,9.231019020080566,138600,0.0,0.0
2024-12-26 00:00:00-05:00,9.231019608711565,9.285966538692199,9.185230645953007,9.267650604248047,177800,0.0,0.0
2024-12-27 00:00:00-05:00,9.249334100311005,9.249334100311005,9.16691415487302,9.176072120666504,93600,0.0,0.0
2024-12-30 00:00:00-05:00,9.176072712648534,9.249334697019435,9.157756779879938,9.212703704833984,147900,0.0,0.0
2024-12-31 00:00:00-05:00,9.24017698671867,9.276807979919317,9.185230060241816,9.231019020080566,285800,0.0,0.0
2025-01-02 00:00:00-05:00,9.276808905617003,9.32259787002486,9.24933587631303,9.285966873168945,162500,0.0,0.0
2025-01-03 00:00:00-05:00,9.313437292377998,9.331752348997224,9.267648340802513,9.304279327392578,48700,0.0,0.0
2025-01-06 00:00:00-05:00,9.313439989229579,9.331755051152218,9.24933596247255,9.295124053955078,80400,0.0,0.0
2025-01-07 00:00:00-05:00,9.285966341470745,9.331754429905002,9.240177379684683,9.31343936920166,97200,0.0,0.0
2025-01-08 00:00:00-05:00,9.31343953647006,9.377543560110764,9.267650573861633,9.32259750366211,112000,0.0,0.0
2025-01-10 00:00:00-05:00,9.258492580340251,9.304281542818464,9.18523058971584,9.203546524047852,77000,0.0,0.0
2025-01-13 00:00:00-05:00,9.203545738449685,9.249334697019435,9.157756779879938,9.212703704833984,74200,0.0,0.0
2025-01-14 00:00:00-05:00,9.249336242675781,9.285967240982636,9.212705244368927,9.249336242675781,40500,0.0,0.0
2025-01-15 00:00:00-05:00,9.314684793265235,9.43433994176316,9.314684793265235,9.379114151000977,64600,0.051,0.0
2025-01-16 00:00:00-05:00,9.388318251229093,9.388318251229093,9.34229690691351,9.36991024017334,58800,0.0,0.0
2025-01-17 00:00:00-05:00,9.415932848922958,9.425137295437004,9.360707925407349,9.3975248336792,64800,0.0,0.0
2025-01-21 00:00:00-05:00,9.452748412014376,9.507973322542966,9.415930634616481,9.43433952331543,35000,0.0,0.0
2025-01-22 00:00:00-05:00,9.434342280263381,9.452751174341863,9.342299565439742,9.388320922851562,112400,0.0,0.0
2025-01-23 00:00:00-05:00,9.379114111213545,9.415931012304096,9.296276742097925,9.333093643188477,123500,0.0,0.0
2025-01-24 00:00:00-05:00,9.333093948498542,9.333093948498542,9.287072601183834,9.296277046203613,64000,0.0,0.0
2025-01-27 00:00:00-05:00,9.296281077808,9.35150601630821,9.296281077808,9.323893547058105,102300,0.0,0.0
2025-01-28 00:00:00-05:00,9.323889959891263,9.369911309458757,9.323889959891263,9.351502418518066,87400,0.0,0.0
2025-01-29 00:00:00-05:00,9.351501960753913,9.351501960753913,9.259460143908685,9.296277046203613,206200,0.0,0.0
2025-01-30 00:00:00-05:00,9.296277889882466,9.34229836358955,9.22264407861001,9.250256538391113,288400,0.0,0.0
2025-01-31 00:00:00-05:00,9.250255698888905,9.314685058458982,9.250255698888905,9.296277046203613,142800,0.0,0.0
2025-02-03 00:00:00-05:00,9.296275186344046,9.351500089845773,9.241049405058305,9.34229564666748,143900,0.0,0.0
2025-02-04 00:00:00-05:00,9.351503478893303,9.406729280193245,9.323891017135498,9.3975248336792,125500,0.0,0.0
2025-02-05 00:00:00-05:00,9.425137208887522,9.480363009680335,9.4067291938128,9.461954116821289,142900,0.0,0.0
2025-02-06 00:00:00-05:00,9.480362363188926,9.480362363188926,9.415932120360262,9.42513656616211,55100,0.0,0.0
2025-02-07 00:00:00-05:00,9.443545457765802,9.443545457765802,9.379115214937139,9.42513656616211,66500,0.0,0.0
2025-02-10 00:00:00-05:00,9.452748412014376,9.471156422929198,9.415930634616481,9.43433952331543,106000,0.0,0.0
2025-02-11 00:00:00-05:00,9.3975248336792,9.415932848922958,9.388320387165153,9.3975248336792,33800,0.0,0.0
2025-02-12 00:00:00-05:00,9.36070579207073,9.369910236487051,9.287071992308423,9.305480003356934,52500,0.0,0.0
2025-02-13 00:00:00-05:00,9.351502726844233,9.360707172618056,9.305481375759381,9.314685821533203,95100,0.0,0.0
2025-02-14 00:00:00-05:00,9.380367441082697,9.435872077941895,9.361865307309433,9.435872077941895,63100,0.051,0.0
2025-02-18 00:00:00-05:00,9.435870456829445,9.435870456829445,9.380365829506118,9.389616012573242,47900,0.0,0.0
2025-02-19 00:00:00-05:00,9.389617100153478,9.426620483398438,9.36186478327732,9.426620483398438,118000,0.0,0.0
2025-02-20 00:00:00-05:00,9.408119232891082,9.43587154976724,9.398868166522279,9.426620483398438,141900,0.0,0.0
2025-02-21 00:00:00-05:00,9.426619496556361,9.454372692757374,9.380365934014982,9.40811824798584,126200,0.0,0.0
2025-02-24 00:00:00-05:00,9.389616117185165,9.4358705619567,9.380365934014982,9.40811824798584,54700,0.0,0.0
2025-02-25 00:00:00-05:00,9.454373391480605,9.482125707502492,9.44512232539657,9.472874641418457,60600,0.0,0.0
2025-02-26 00:00:00-05:00,9.482127059868796,9.482127059868796,9.435872605081904,9.445123672485352,278100,0.0,0.0
2025-02-27 00:00:00-05:00,9.463623866643397,9.4728749330122,9.417370299259883,9.426620483398438,32500,0.0,0.0
2025-02-28 00:00:00-05:00,9.42662176625704,9.500629425048828,9.42662176625704,9.500629425048828,68600,0.0,0.0
2025-03-03 00:00:00-05:00,9.482124328613281,9.500626458090775,9.435869887149638,9.482124328613281,65700,0.0,0.0
2025-03-04 00:00:00-05:00,9.472875067049017,9.509878450817558,9.463624000549316,9.463624000549316,169300,0.0,0.0
2025-03-05 00:00:00-05:00,9.500627807714555,9.500627807714555,9.408118911645797,9.454373359680176,84600,0.0,0.0
2025-03-06 00:00:00-05:00,9.4358705619567,9.454372692757374,9.371114868614644,9.40811824798584,71700,0.0,0.0
2025-03-07 00:00:00-05:00,9.435870456829445,9.454372587423984,9.30635907158825,9.389616012573242,142500,0.0,0.0
2025-03-10 00:00:00-04:00,9.398867865404899,9.426620181391938,9.334112167358398,9.334112167358398,66900,0.0,0.0
2025-03-11 00:00:00-04:00,9.334112561911107,9.38036701199816,9.27860704536059,9.306360244750977,238300,0.0,0.0
2025-03-12 00:00:00-04:00,9.334112031729301,9.334112031729301,9.260105268685736,9.29710865020752,137600,0.0,0.0
2025-03-13 00:00:00-04:00,9.260105455147734,9.278606705166064,9.195348874508017,9.232352256774902,103400,0.0,0.0
2025-03-14 00:00:00-04:00,9.261176625931132,9.270475208824678,9.196088319199662,9.242579460144043,116900,0.051,0.0
2025-03-17 00:00:00-04:00,9.242579460144043,9.27977290495655,9.186789736306118,9.242579460144043,91700,0.0,0.0
2025-03-18 00:00:00-04:00,9.223982810974121,9.242579089253297,9.18678936765413,9.223982810974121,97300,0.0,0.0
2025-03-19 00:00:00-04:00,9.205386487502333,9.242579934222599,9.12170189745302,9.196088790893555,94700,0.0,0.0
2025-03-20 00:00:00-04:00,9.223984931408259,9.335565287018621,9.19609006419613,9.27977466583252,102400,0.0,0.0
2025-03-21 00:00:00-04:00,9.354162842491508,9.456444617666257,9.316969389085974,9.363460540771484,172500,0.0,0.0
2025-03-24 00:00:00-04:00,9.354159496926833,9.391352937029938,9.307667475107564,9.31696605682373,59700,0.0,0.0
2025-03-25 00:00:00-04:00,9.36345973897798,9.372758323223595,9.298371422782282,9.326266288757324,48600,0.0,0.0
2025-03-26 00:00:00-04:00,9.335563515556148,9.335563515556148,9.223983181118625,9.242579460144043,76900,0.0,0.0
2025-03-27 00:00:00-04:00,9.24258008395877,9.24258008395877,9.112403461709746,9.158895492553711,96600,0.0,0.0
2025-03-28 00:00:00-04:00,9.19608820758944,9.233281651950541,9.177491042028057,9.21468448638916,40200,0.0,0.0
2025-03-31 00:00:00-04:00,9.233281135559082,9.261175995579412,9.20538538877714,9.233281135559082,41100,0.0,0.0
2025-04-01 00:00:00-04:00,9.261178383278379,9.30767041980649,9.2425812139624,9.27977466583252,86700,0.0,0.0
2025-04-02 00:00:00-04:00,9.32626496500299,9.32626496500299,9.270475240971605,9.307668685913086,78100,0.0,0.0
2025-04-03 00:00:00-04:00,9.307670007027896,9.372758323223595,9.289072838536667,9.326266288757324,63500,0.0,0.0
2025-04-04 00:00:00-04:00,9.363459892075056,9.363459892075056,9.251879539588693,9.28907299041748,96600,0.0,0.0
2025-04-07 00:00:00-04:00,9.223984234023597,9.298371132139772,8.972927787810171,8.982226371765137,177000,0.0,0.0
2025-04-08 00:00:00-04:00,9.019421451757749,9.084510664450471,8.703276634216309,8.703276634216309,198600,0.0,0.0
2025-04-09 00:00:00-04:00,8.610292842660781,8.972928789780786,8.56380080445615,8.917139053344727,244200,0.0,0.0
2025-04-10 00:00:00-04:00,8.84275110965126,8.85204969355382,8.703275011398167,8.759065628051758,150900,0.0,0.0
2025-04-11 00:00:00-04:00,8.814855750042195,8.870646369177441,8.6381870818439,8.842751502990723,129600,0.0,0.0
2025-04-14 00:00:00-04:00,8.907840371203264,9.04731559753418,8.83345346559186,9.04731559753418,173200,0.0,0.0
2025-04-15 00:00:00-04:00,9.010861690683038,9.010861690683038,8.94542951854465,8.96412467956543,98600,0.051,0.0
2025-04-16 00:00:00-04:00,8.945430148894474,8.954777730063551,8.889346444748815,8.926735877990723,34200,0.0,0.0
2025-04-17 00:00:00-04:00,8.9547758102417,8.982817656302613,8.917386385015742,8.9547758102417,20000,0.0,0.0
2025-04-21 00:00:00-04:00,8.936083434077176,8.936083434077176,8.814567553523458,8.842609405517578,74300,0.0,0.0
2025-04-22 00:00:00-04:00,8.926732341967037,8.954774182932038,8.861300191136634,8.879995346069336,67900,0.0,0.0
2025-04-23 00:00:00-04:00,8.973470636473087,9.029554326519317,8.889344209969561,8.917386054992676,75900,0.0,0.0
2025-04-24 00:00:00-04:00,8.992164607313983,9.038901608440138,8.96412276321195,9.020206451416016,136300,0.0,0.0
2025-04-25 00:00:00-04:00,9.06694317593402,9.123027753861246,8.973470067967476,9.010859489440918,70800,0.0,0.0
2025-04-28 00:00:00-04:00,9.001511576395405,9.038900996478118,8.936080314109182,8.973469734191895,90500,0.0,0.0
2025-04-29 00:00:00-04:00,8.97347129790875,9.010860724506943,8.936081871310558,8.992165565490723,84800,0.0,0.0
2025-04-30 00:00:00-04:00,8.964122482529415,9.066943168640137,8.954774904310042,9.066943168640137,133200,0.0,0.0
2025-05-01 00:00:00-04:00,9.08563832507888,9.104332590083501,9.057595590420766,9.066943168640137,79300,0.0,0.0
2025-05-02 00:00:00-04:00,9.10433292388916,9.10433292388916,9.057595922512835,9.10433292388916,51700,0.0,0.0
2025-05-05 00:00:00-04:00,9.07629136437573,9.085638943231077,9.001512516401334,9.057596206665039,34100,0.0,0.0
2025-05-06 00:00:00-04:00,9.038901325416145,9.08563832507888,9.020206168977401,9.066943168640137,35800,0.0,0.0
2025-05-07 00:00:00-04:00,9.066943168640137,9.151069589746239,9.057595590420766,9.066943168640137,52700,0.0,0.0
2025-05-08 00:00:00-04:00,9.094984394350588,9.123027127104713,9.048248289295172,9.076290130615234,47600,0.0,0.0
2025-05-09 00:00:00-04:00,9.113679270540786,9.123026847839355,9.048248012318872,9.123026847839355,85400,0.0,0.0
2025-05-12 00:00:00-04:00,9.123029381758428,9.132376961653284,9.066944793823566,9.085639953613281,104200,0.0,0.0
2025-05-13 00:00:00-04:00,9.094984394350588,9.104331971935297,9.066942553030525,9.076290130615234,48400,0.0,0.0
2025-05-14 00:00:00-04:00,9.066943785520385,9.16976537006082,9.02020678267784,9.057596206665039,128600,0.0,0.0
2025-05-15 00:00:00-04:00,9.096123142020007,9.133710390699813,9.086726105812382,9.124313354492188,70800,0.051,0.0
2025-05-16 00:00:00-04:00,9.124314483160083,9.124314483160083,9.020949760542186,9.049139976501465,127500,0.0,0.0
2025-05-19 00:00:00-04:00,8.992758648432098,9.077330192460744,8.992758648432098,9.049139976501465,84900,0.0,0.0
2025-05-20 00:00:00-04:00,9.049139106711104,9.049139106711104,9.00215482052783,9.011551856994629,74300,0.0,0.0
2025-05-21 00:00:00-04:00,9.002153553796234,9.039740798223647,8.917582029796904,8.926979064941406,93200,0.0,0.0
2025-05-22 00:00:00-04:00,8.945774575548601,8.964567752712812,8.879996215097007,8.917583465576172,73200,0.0,0.0
2025-05-23 00:00:00-04:00,9.020947624085238,9.020947624085238,8.926979064941406,8.926979064941406,75200,0.0,0.0
2025-05-27 00:00:00-04:00,8.983361643744951,9.011551856994629,8.964567570811353,9.011551856994629,112100,0.0,0.0
2025-05-28 00:00:00-04:00,9.01155153901428,9.049138787404456,8.870598685438095,8.94577407836914,107200,0.0,0.0
2025-05-29 00:00:00-04:00,8.992759872269676,8.992759872269676,8.936379432678223,8.936379432678223,64600,0.0,0.0
2025-05-30 00:00:00-04:00,8.955170148386445,8.983361256571836,8.936376972413534,8.964567184448242,38300,0.0,0.0
2025-06-02 00:00:00-04:00,8.964567667977345,8.992757881532572,8.936377454422118,8.955170631408691,90200,0.0,0.0
2025-06-03 00:00:00-04:00,9.002154904675294,9.011551941229932,8.945774477648925,8.97396469116211,53900,0.0,0.0
2025-06-04 00:00:00-04:00,8.983361326759319,9.002154502879062,8.936377042233923,8.94577407836914,32100,0.0,0.0
2025-06-05 00:00:00-04:00,8.96456791026116,8.96456791026116,8.833012083196676,8.86120319366455,149300,0.0,0.0
2025-06-06 00:00:00-04:00,8.833012083196676,8.879996371159045,8.814218905702182,8.86120319366455,68500,0.0,0.0
2025-06-09 00:00:00-04:00,8.88939332276453,8.917583536811406,8.851806071985111,8.89879035949707,80200,0.0,0.0
2025-06-10 00:00:00-04:00,8.889392381807184,8.898789417545034,8.86120217074429,8.879995346069336,69100,0.0,0.0
2025-06-11 00:00:00-04:00,8.879995829278979,8.908186041875858,8.861202652931292,8.870598793029785,184400,0.0,0.0
2025-06-12 00:00:00-04:00,8.898788855658495,8.926979064941406,8.898788855658495,8.926979064941406,74200,0.0,0.0
2025-06-13 00:00:00-04:00,8.880688426030511,8.946821827537262,8.852346054520615,8.871241569519043,138800,0.051,0.0
2025-06-16 00:00:00-04:00,8.909031867980957,8.92792648235102,8.871241738253065,8.909031867980957,105500,0.0,0.0
2025-06-17 00:00:00-04:00,8.909031867980957,8.92792648235102,8.89013635262313,8.909031867980957,72500,0.0,0.0
2025-06-18 00:00:00-04:00,8.909031743337785,8.975164244189417,8.899583985791052,8.937374114990234,94400,0.0,0.0
2025-06-20 00:00:00-04:00,8.946820446659885,8.96571505775432,8.890134811401367,8.890134811401367,85000,0.0,0.0
2025-06-23 00:00:00-04:00,8.918478724672108,8.984612127436739,8.899584110302044,8.909031867980957,81200,0.0,0.0
2025-06-24 00:00:00-04:00,8.909031867980957,8.965716612078912,8.880688594944216,8.909031867980957,135700,0.0,0.0
2025-06-25 00:00:00-04:00,8.918475924135636,8.918475924135636,8.880685806274414,8.880685806274414,74300,0.0,0.0
2025-06-26 00:00:00-04:00,8.899584110302044,8.92792648235102,8.880688594944216,8.909031867980957,63400,0.0,0.0
2025-06-27 00:00:00-04:00,8.918476400971654,8.937371911406274,8.899581791524563,8.927924156188965,66500,0.0,0.0
2025-06-30 00:00:00-04:00,8.93737321261266,9.00350570678711,8.93737321261266,9.00350570678711,37300,0.0,0.0
2025-07-01 00:00:00-04:00,8.965715581403474,9.03184897656558,8.965715581403474,9.00350570678711,62000,0.0,0.0
2025-07-02 00:00:00-04:00,9.00350605006203,9.09798181761701,9.00350605006203,9.079086303710938,95000,0.0,0.0
2025-07-03 00:00:00-04:00,9.04129671767541,9.060192232711684,9.03184986114502,9.03184986114502,28000,0.0,0.0
2025-07-07 00:00:00-04:00,9.012952748019735,9.031848259705642,8.927924747408332,8.946820259094238,90900,0.0,0.0
2025-07-08 00:00:00-04:00,8.927926233325694,8.984611876830288,8.927926233325694,8.965716361999512,57000,0.0,0.0
2025-07-09 00:00:00-04:00,8.975163824757306,9.003506195085244,8.937373697324151,8.956268310546875,116600,0.0,0.0
2025-07-10 00:00:00-04:00,8.946819666623584,8.965714276070676,8.899581791524563,8.927924156188965,102100,0.0,0.0
2025-07-11 00:00:00-04:00,8.909031867980957,8.92792648235102,8.899584110302044,8.909031867980957,50400,0.0,0.0
2025-07-14 00:00:00-04:00,8.937374114990234,8.937374114990234,8.89013622824432,8.937374114990234,70100,0.0,0.0
2025-07-15 00:00:00-04:00,8.95732136987467,8.95732136987467,8.881331443786621,8.881331443786621,75000,0.051,0.0
2025-07-16 00:00:00-04:00,8.890829500757503,8.900328467981668,8.805341513354158,8.833837509155273,182500,0.0,0.0
2025-07-17 00:00:00-04:00,8.843336684500514,8.843336684500514,8.786343785685627,8.805341720581055,75300,0.0,0.0
2025-07-18 00:00:00-04:00,8.805342254234734,8.805342254234734,8.757848319989158,8.767346382141113,102100,0.0,0.0
2025-07-21 00:00:00-04:00,8.786342825633481,8.786342825633481,8.729349933046002,8.75784683227539,96700,0.0,0.0
2025-07-22 00:00:00-04:00,8.76734489281389,8.786342825633481,8.738848899455798,8.75784683227539,70400,0.0,0.0
2025-07-23 00:00:00-04:00,8.757847202895764,8.767345263836209,8.691355341084643,8.748348236083984,68100,0.0,0.0
2025-07-24 00:00:00-04:00,8.738849064174149,8.786342991247045,8.681857076383725,8.776844024658203,73900,0.0,0.0
2025-07-25 00:00:00-04:00,8.748349399537805,8.767346429816467,8.691356496958905,8.719853401184082,74800,0.0,0.0
2025-07-28 00:00:00-04:00,8.72934972004025,8.757846618574282,8.691354761199483,8.738848686218262,74000,0.0,0.0
2025-07-29 00:00:00-04:00,8.719853401184082,8.757848367612864,8.710354433109023,8.719853401184082,134300,0.0,0.0
2025-07-30 00:00:00-04:00,8.710352897644043,8.738848890974479,8.67235793791303,8.710352897644043,103700,0.0,0.0
2025-07-31 00:00:00-04:00,8.72934972004025,8.767344678881019,8.710352693555503,8.738848686218262,155100,0.0,0.0
2025-08-01 00:00:00-04:00,8.748348983718198,8.833837880587428,8.748348983718198,8.824338912963867,154900,0.0,0.0
2025-08-04 00:00:00-04:00,8.852832794189453,8.871830724896185,8.776842883104914,8.852832794189453,136500,0.0,0.0
2025-08-05 00:00:00-04:00,8.833837097358211,8.90032805308507,8.81483916379549,8.890829086303711,174200,0.0,0.0
2025-08-06 00:00:00-04:00,8.881331031947504,8.995315915793945,8.662859325171654,8.938323020935059,116400,0.0,0.0
2025-08-07 00:00:00-04:00,8.985817698344595,9.00481472763419,8.919326737023903,8.966819763183594,80900,0.0,0.0
2025-08-08 00:00:00-04:00,8.938323020935059,8.957320954511799,8.928824054146688,8.938323020935059,33500,0.0,0.0
2025-08-11 00:00:00-04:00,8.966818439522397,8.976317405700684,8.938322446858816,8.976317405700684,66000,0.0,0.0
2025-08-12 00:00:00-04:00,8.966820555443167,8.976319523862946,8.947823524475098,8.947823524475098,53700,0.0,0.0
2025-08-13 00:00:00-04:00,8.995315338057255,8.995315338057255,8.966818439522397,8.976317405700684,43200,0.0,0.0
2025-08-14 00:00:00-04:00,8.957322492894876,8.976319523862946,8.92882558763554,8.947823524475098,32800,0.0,0.0
2025-08-15 00:00:00-04:00,8.977426398427006,8.977426398427006,8.929674857054204,8.948775291442871,104300,0.051,0.0
2025-08-18 00:00:00-04:00,8.95832774849292,8.9774281866863,8.920125961303711,8.920125961303711,144700,0.0,0.0
2025-08-19 00:00:00-04:00,8.948775740848674,8.948775740848674,8.881922850927598,8.910573959350586,112500,0.0,0.0
2025-08-20 00:00:00-04:00,8.891474555202064,8.929676341130651,8.738666500685298,8.862822532653809,153500,0.0,0.0
2025-08-21 00:00:00-04:00,8.853273391723633,8.853273391723633,8.79597025340071,8.853273391723633,117800,0.0,0.0
2025-08-22 00:00:00-04:00,8.843722716869399,8.910575619244069,8.834172042015163,8.853273391723633,163400,0.0,0.0
2025-08-25 00:00:00-04:00,8.881924505483852,8.901024944389835,8.843722716869399,8.853273391723633,50500,0.0,0.0
2025-08-26 00:00:00-04:00,8.86282182581026,8.872372499231309,8.78641826004656,8.843721389770508,97000,0.0,0.0
2025-08-27 00:00:00-04:00,8.824620746725223,8.862822532653809,8.80552030916214,8.862822532653809,85000,0.0,0.0
2025-08-28 00:00:00-04:00,8.872372499231309,8.872372499231309,8.824620042928409,8.843721389770508,68800,0.0,0.0
2025-08-29 00:00:00-04:00,8.862823030346599,8.90102481842041,8.795970128918045,8.90102481842041,56700,0.0,0.0
2025-09-02 00:00:00-04:00,8.872372704293783,8.92012516170036,8.78641846312242,8.824620246887207,185800,0.0,0.0
2025-09-03 00:00:00-04:00,8.843722591710929,8.958327955932363,8.834171916991856,8.90102481842041,144300,0.0,0.0
2025-09-04 00:00:00-04:00,8.90102436438752,8.958327498976496,8.891474600958047,8.939226150512695,125300,0.0,0.0
2025-09-05 00:00:00-04:00,8.986979028748898,9.063382604551883,8.97742835407291,9.02518081665039,166300,0.0,0.0
2025-09-08 00:00:00-04:00,9.063381301155218,9.216188430786133,9.063381301155218,9.216188430786133,106200,0.0,0.0
2025-09-09 00:00:00-04:00,9.216189881804743,9.273493019839444,9.197089442994828,9.25439167022705,71500,0.0,0.0
2025-09-10 00:00:00-04:00,9.254390191103315,9.35944577557555,9.235289755346214,9.340344429016113,108400,0.0,0.0
2025-09-11 00:00:00-04:00,9.368997822353954,9.426300048828125,9.359447147674103,9.426300048828125,81000,0.0,0.0
2025-09-12 00:00:00-04:00,9.426301374757974,9.46450316804848,9.378548905444191,9.43585205078125,116800,0.0,0.0
2025-09-15 00:00:00-04:00,9.45601223392339,9.55201180509068,9.398411758800222,9.513611793518066,133600,0.051,0.0
2025-09-16 00:00:00-04:00,9.50401133039161,9.523211793474777,9.456012003740634,9.484811782836914,130900,0.0,0.0
2025-09-17 00:00:00-04:00,9.504010064985962,9.54241007051108,9.456010744725827,9.523210525512695,290700,0.0,0.0
2025-09-18 00:00:00-04:00,9.504010200500488,9.523210661300995,9.475210424828092,9.504010200500488,68800,0.0,0.0
2025-09-19 00:00:00-04:00,9.446410958250022,9.504010511479521,9.446410958250022,9.46561050415039,542800,0.0,0.0
2025-09-22 00:00:00-04:00,9.48481028480622,9.561610293952155,9.427209820182606,9.494410514831543,79000,0.0,0.0
2025-09-23 00:00:00-04:00,9.475210424828092,9.513610430900743,9.427210188355188,9.504010200500488,60500,0.0,0.0
2025-09-24 00:00:00-04:00,9.456011129217853,9.484810905650635,9.417611122131348,9.417611122131348,34900,0.0,0.0
2025-09-25 00:00:00-04:00,9.427210807800293,9.43681103883136,9.398411030235513,9.427210807800293,43300,0.0,0.0
2025-09-26 00:00:00-04:00,9.42720971929302,9.475209953377615,9.408010174976171,9.446410179138184,43800,0.0,0.0
2025-09-29 00:00:00-04:00,9.475211223874421,9.484811455084264,9.408011436462402,9.408011436462402,59100,0.0,0.0
2025-09-30 00:00:00-04:00,9.446410919834676,9.542410480002909,9.446410919834676,9.532811164855957,63300,0.0,0.0
2025-10-01 00:00:00-04:00,9.57120973592811,9.609609737339397,9.532809734516823,9.590409278869629,55500,0.0,0.0
2025-10-02 00:00:00-04:00,9.638410056349695,9.638410056349695,9.561610049169882,9.580809593200684,51300,0.0,0.0
2025-10-03 00:00:00-04:00,9.59041009744755,9.638410332190725,9.552010092758676,9.609610557556152,68600,0.0,0.0
2025-10-06 00:00:00-04:00,9.590409250656942,9.69600994087352,9.561609478565261,9.657609939575195,84300,0.0,0.0
2025-10-07 00:00:00-04:00,9.657609703778784,9.772809704861078,9.648009474806535,9.744009017944336,119300,0.0,0.0
2025-10-08 00:00:00-04:00,9.772810762817294,9.811210767335055,9.734410758299534,9.792010307312012,95600,0.0,0.0
2025-10-09 00:00:00-04:00,9.782409840661135,9.782409840661135,9.734410522821296,9.76321029663086,48100,0.0,0.0
2025-10-10 00:00:00-04:00,9.76320947588883,9.76320947588883,9.676809246195052,9.744009017944336,81800,0.0,0.0
2025-10-13 00:00:00-04:00,9.734409704500314,9.772809704861078,9.696009704139549,9.744009017944336,24000,0.0,0.0
2025-10-14 00:00:00-04:00,9.772810997837901,9.849611008720338,9.753610537353117,9.820810317993164,204100,0.0,0.0
2025-10-15 00:00:00-04:00,9.80247878333098,9.841071183260809,9.78318304342376,9.812127113342285,42300,0.051,0.0
2025-10-16 00:00:00-04:00,9.84107209036109,9.86036875216237,9.83142375946045,9.83142375946045,61400,0.0,0.0
2025-10-17 00:00:00-04:00,9.831421903731997,9.831421903731997,9.763885440406305,9.802477836608887,58700,0.0,0.0
2025-10-20 00:00:00-04:00,9.831421840195743,9.85071849822998,9.792829444242567,9.85071849822998,80400,0.0,0.0
2025-10-21 00:00:00-04:00,9.84107209036109,9.85072042126173,9.812128017774647,9.83142375946045,48400,0.0,0.0
2025-10-22 00:00:00-04:00,9.841071128845215,9.850719458803171,9.82177538904469,9.841071128845215,34400,0.0,0.0
2025-10-23 00:00:00-04:00,9.83142375946045,9.85072042126173,9.802479686874007,9.83142375946045,58400,0.0,0.0
2025-10-24 00:00:00-04:00,9.841071128845215,9.850719458803171,9.831422798887258,9.841071128845215,29700,0.0,0.0
2025-10-27 00:00:00-04:00,9.841070232811468,9.860366890970411,9.802477836608887,9.802477836608887,79700,0.0,0.0
2025-10-28 00:00:00-04:00,9.76388649941383,9.783183159665722,9.744590759277344,9.744590759277344,146200,0.0,0.0
2025-10-29 00:00:00-04:00,9.744591737056613,9.78318414131738,9.715646743774414,9.715646743774414,74200,0.0,0.0
2025-10-30 00:00:00-04:00,9.725293211603253,9.725293211603253,9.667405076360614,9.696349143981934,106900,0.0,0.0
2025-10-31 00:00:00-04:00,9.696349981400267,9.763886451721191,9.657757581200398,9.763886451721191,77300,0.0,0.0
2025-11-03 00:00:00-05:00,9.763885608470117,9.763885608470117,9.657756747115068,9.696349143981934,134700,0.0,0.0
2025-11-04 00:00:00-05:00,9.696349137801619,9.715644876165094,9.648108411719956,9.705997467041016,53600,0.0,0.0
2025-11-05 00:00:00-05:00,9.715646934923718,9.72529526620761,9.56127731484352,9.609518051147461,225400,0.0,0.0
2025-11-06 00:00:00-05:00,9.64810945047334,9.696350181748791,9.609517049476063,9.628812789916992,79400,0.0,0.0
2025-11-07 00:00:00-05:00,9.628813801849336,9.628813801849336,9.570925654327421,9.599869728088379,118000,0.0,0.0
2025-11-10 00:00:00-05:00,9.628813810115542,9.686702877802668,9.551628999943052,9.590221405029297,80600,0.0,0.0
2025-11-11 00:00:00-05:00,9.609516091468196,9.677052556451617,9.609516091468196,9.638460159301758,107200,0.0,0.0
2025-11-12 00:00:00-05:00,9.628813793599729,9.64811045616751,9.590221388579678,9.609518051147461,188300,0.0,0.0
2025-11-13 00:00:00-05:00,9.609517049476063,9.677053521192443,9.59986871919789,9.628812789916992,172500,0.0,0.0
2025-11-14 00:00:00-05:00,9.649177577338333,9.6685733534478,9.649177577338333,9.658875465393066,106300,0.051,0.0
2025-11-17 00:00:00-05:00,9.668573301152833,9.687968152315888,9.639479637145996,9.639479637145996,85000,0.0,0.0
2025-11-18 00:00:00-05:00,9.67827033996582,9.707364004200073,9.649177600573077,9.67827033996582,33100,0.0,0.0
2025-11-19 00:00:00-05:00,9.668573379516602,9.707364006998612,9.65887549143572,9.668573379516602,63200,0.0,0.0
2025-11-20 00:00:00-05:00,9.658876347166235,9.687969089144843,9.620085716247559,9.620085716247559,161400,0.0,0.0
2025-11-21 00:00:00-05:00,9.658876372425784,9.687969114480476,9.620085741405665,9.629783630371094,73300,0.0,0.0
2025-11-24 00:00:00-05:00,9.65887556639722,9.717061970492571,9.649177678241076,9.707364082336426,91000,0.0,0.0
2025-11-25 00:00:00-05:00,9.755852747902958,9.823736116354073,9.755852747902958,9.784945487976074,164100,0.0,0.0
2025-11-26 00:00:00-05:00,9.804339330439397,9.843129954824107,9.736455968976514,9.765548706054688,33600,0.0,0.0
2025-11-28 00:00:00-05:00,9.775248481528235,9.794644259887757,9.746155738830566,9.746155738830566,40800,0.0,0.0
2025-12-01 00:00:00-05:00,9.746153934252678,9.804339408874512,9.717061196941764,9.804339408874512,151400,0.0,0.0
2025-12-02 00:00:00-05:00,9.80433941097004,9.833433073128619,9.775246673652907,9.794642448425293,201800,0.0,0.0
2025-12-03 00:00:00-05:00,9.775249614097328,9.8819236329092,9.775249614097328,9.85283088684082,251200,0.0,0.0
2025-12-04 00:00:00-05:00,9.852828078985608,9.88192081676315,9.823735341208065,9.872223854064941,179300,0.0,0.0
2025-12-05 00:00:00-05:00,9.872223854064941,9.91101447938215,9.833433228747733,9.872223854064941,132700,0.0,0.0
2025-12-08 00:00:00-05:00,9.872223695721908,9.872223695721908,9.784944558947716,9.804339408874512,87300,0.0,0.0
2025-12-09 00:00:00-05:00,9.823736090407353,9.833433978686621,9.765549685573271,9.775247573852539,102400,0.0,0.0
2025-12-10 00:00:00-05:00,9.804339330439397,9.804339330439397,9.726758081669978,9.765548706054688,78600,0.0,0.0
2025-12-11 00:00:00-05:00,9.804341386523413,9.852829908383265,9.775248643344154,9.843132019042969,165900,0.0,0.0
2025-12-12 00:00:00-05:00,9.823736090407353,9.823736090407353,9.755852722135531,9.775247573852539,44100,0.0,0.0
2025-12-15 00:00:00-05:00,9.804340110456387,9.804340110456387,9.67827033996582,9.67827033996582,94200,0.0,0.0
2025-12-16 00:00:00-05:00,9.697666040318166,9.717061816322724,9.620084785982941,9.639479637145996,146900,0.0,0.0
2025-12-17 00:00:00-05:00,9.668573301152833,9.697666040318166,9.620084785982941,9.639479637145996,113400,0.0,0.0
2025-12-18 00:00:00-05:00,9.678270264313609,9.678270264313609,9.62978267398522,9.639479637145996,144700,0.0,0.0
2025-12-19 00:00:00-05:00,9.6394805692861,9.678271200204776,9.620085716247559,9.620085716247559,202700,0.0,0.0
2025-12-22 00:00:00-05:00,9.660051300691912,9.728285473592662,9.650303296100123,9.679547309875488,186500,0.051,0.0
2025-12-23 00:00:00-05:00,9.679545900511325,9.679545900511325,9.640554817442247,9.669797897338867,155000,0.0,0.0
2025-12-24 00:00:00-05:00,9.650301933288574,9.679545942934114,9.650301933288574,9.650301933288574,37800,0.0,0.0
2025-12-26 00:00:00-05:00,9.679547309875488,9.689294384846391,9.650303296100123,9.679547309875488,85300,0.0,0.0
2025-12-29 00:00:00-05:00,9.679547240827837,9.757529417764102,9.669799236305584,9.699042320251465,166700,0.0,0.0
2025-12-30 00:00:00-05:00,9.67954583422988,9.74777999672834,9.669797831124173,9.689292907714844,97800,0.0,0.0
2025-12-31 00:00:00-05:00,9.699041477229983,9.70878948090496,9.650302388475904,9.660050392150879,204900,0.0,0.0
2026-01-02 00:00:00-05:00,9.69904091082055,9.69904091082055,9.650301824912761,9.689292907714844,87300,0.0,0.0
2026-01-05 00:00:00-05:00,9.718538398621758,9.747781482776238,9.6697993052837,9.679547309875488,82900,0.0,0.0
2026-01-06 00:00:00-05:00,9.689293210800084,9.757528305053711,9.6697981335996,9.757528305053711,75700,0.0,0.0
2026-01-07 00:00:00-05:00,9.73803374867748,9.796520848231921,9.699042658848157,9.747781753540039,71400,0.0,0.0
2026-01-08 00:00:00-05:00,9.767276763916016,9.786771842025564,9.718537674210925,9.767276763916016,27000,0.0,0.0
2026-01-09 00:00:00-05:00,9.78677222890377,9.806268237404824,9.738033137271987,9.796520233154297,46900,0.0,0.0
2026-01-12 00:00:00-05:00,9.76727630846434,9.825762469686566,9.757528305053711,9.757528305053711,35900,0.0,0.0
2026-01-13 00:00:00-05:00,9.777023838160382,9.816014924000292,9.747780756185653,9.767276763916016,82800,0.0,0.0
2026-01-14 00:00:00-05:00,9.796520233154297,9.816015312034498,9.767277150023567,9.796520233154297,48800,0.0,0.0
2026-01-15 00:00:00-05:00,9.718537990567835,9.825763247712771,9.718537990567835,9.816015243530273,35100,0.0,0.0
2026-01-16 00:00:00-05:00,9.816013750993333,9.87450083757444,9.796518675213434,9.845257759094238,49700,0.0,0.0
2026-01-20 00:00:00-05:00,9.836441993713379,9.885428445676204,9.807050496271227,9.836441993713379,69200,0.051,0.0
2026-01-21 00:00:00-05:00,9.836441628275862,9.856036582068555,9.758063681782733,9.797252655029297,77900,0.0,0.0
2026-01-22 00:00:00-05:00,9.777657542597204,9.78745501933459,9.699279597375734,9.72867202758789,96000,0.0,0.0
2026-01-23 00:00:00-05:00,9.728671615843698,9.787454605102539,9.718874139520969,9.787454605102539,99200,0.0,0.0
2026-01-26 00:00:00-05:00,9.787455402504396,9.797252879625344,9.68948343431145,9.71887493133545,70800,0.0,0.0
2026-01-27 00:00:00-05:00,9.699279391507403,9.787454811594726,9.699279391507403,9.758063316345215,106500,0.0,0.0
2026-01-28 00:00:00-05:00,9.758063316345215,9.777657335065292,9.709076868036837,9.758063316345215,47700,0.0,0.0
2026-01-29 00:00:00-05:00,9.728671807830716,9.807049751281738,9.709076854798568,9.807049751281738,74000,0.0,0.0
2026-01-30 00:00:00-05:00,9.758062711336486,9.895224571228027,9.748265235414504,9.895224571228027,95400,0.0,0.0
2026-02-02 00:00:00-05:00,9.85603677522307,9.875630795060935,9.76786135010557,9.816847801208496,112500,0.0,0.0
2026-02-03 00:00:00-05:00,9.816847387348885,9.895225332073766,9.816847387348885,9.875630378723145,78200,0.0,0.0
2026-02-04 00:00:00-05:00,9.86583177376009,10.012791104066611,9.836440281434264,9.856035232543945,121400,0.0,0.0
2026-02-05 00:00:00-05:00,9.865833317972582,9.885428272149289,9.816847801208496,9.816847801208496,87700,0.0,0.0
2026-02-06 00:00:00-05:00,9.876915556323075,9.896610754496432,9.758747184639143,9.7784423828125,161600,0.051,0.0
2026-02-09 00:00:00-05:00,9.798136498154355,9.995083781405548,9.778442239388598,9.985237121582031,478500,0.0,0.0
2026-02-10 00:00:00-05:00,9.985236967333266,9.985236967333266,9.91630471492115,9.945847511291504,158500,0.0,0.0
2026-02-11 00:00:00-05:00,9.945848077673872,9.945848077673872,9.837526363051438,9.847373962402344,253400,0.0,0.0
2026-02-12 00:00:00-05:00,9.88676330954696,9.906458508027372,9.807984393862823,9.817831993103027,210400,0.0,0.0
2026-02-13 00:00:00-05:00,9.847374045516723,9.886763504134038,9.827678846648679,9.867069244384766,195500,0.0,0.0
2026-02-17 00:00:00-05:00,9.867069354172086,9.916305473652486,9.857221754628494,9.896611213684082,132900,0.0,0.0
2026-02-18 00:00:00-05:00,9.896610372308633,9.965541685015916,9.876915174895865,9.926152229309082,127500,0.0,0.0
2026-02-19 00:00:00-05:00,9.916304826305158,9.99508373927356,9.886762968721687,9.97538948059082,210500,0.0,0.0
2026-02-20 00:00:00-05:00,9.975389633792206,10.014779090881348,9.945847775755034,10.014779090881348,94100,0.0,0.0
2026-02-23 00:00:00-05:00,10.044320906814164,10.044320906814164,9.95569439395542,10.004931449890137,90300,0.0,0.0
2026-02-24 00:00:00-05:00,9.995083781405548,10.034473238055785,9.945847664931792,9.985237121582031,205900,0.0,0.0
2026-02-25 00:00:00-05:00,10.014778894776583,10.024626493635722,9.96554183959961,9.96554183959961,173300,0.0,0.0
2026-02-26 00:00:00-05:00,9.965542752043497,9.985237951565063,9.945848491640733,9.955695152282715,143100,0.0,0.0
2026-02-27 00:00:00-05:00,9.955694324755308,10.024626578232269,9.955694324755308,9.985237121582031,241200,0.0,0.0
2026-03-02 00:00:00-05:00,9.985237121582031,9.995083781405548,9.936000065989552,9.985237121582031,154900,0.0,0.0
2026-03-03 00:00:00-05:00,9.945847511291504,10.01477882458491,9.926152313711267,9.945847511291504,358400,0.0,0.0
2026-03-04 00:00:00-05:00,9.955694932708074,9.965542532251666,9.896611213684082,9.896611213684082,366100,0.0,0.0
2026-03-05 00:00:00-05:00,9.876915863059798,9.886763462452302,9.817832144942301,9.857221603393555,122500,0.0,0.0
2026-03-06 00:00:00-05:00,9.85722147822229,9.876915737638447,9.807984421003765,9.827678680419922,135700,0.0,0.0
2026-03-09 00:00:00-04:00,9.798136863293003,9.847373920720356,9.768595004484094,9.837526321411133,142900,0.0,0.0
2026-03-10 00:00:00-04:00,9.847374045516723,9.89661110356806,9.8375264460827,9.867069244384766,249500,0.0,0.0
2026-03-11 00:00:00-04:00,9.886763378838486,9.886763378838486,9.827678722101911,9.837526321411133,148400,0.0,0.0
2026-03-12 00:00:00-04:00,9.837526321411133,9.867069119338801,9.827678722101911,9.837526321411133,154500,0.0,0.0
2026-03-13 00:00:00-04:00,9.828618049621582,9.87810680981673,9.789026475102906,9.828618049621582,131100,0.051,0.0
2026-03-16 00:00:00-04:00,9.828618948084802,9.858312395703777,9.798924556528148,9.818720817565918,144400,0.0,0.0
2026-03-17 00:00:00-04:00,9.828619048669072,9.848414365971744,9.80882278742871,9.838516235351562,87900,0.0,0.0
2026-03-18 00:00:00-04:00,9.81872002219359,9.878106912620863,9.81872002219359,9.848413467407227,82800,0.0,0.0
2026-03-19 00:00:00-04:00,9.818720706920647,9.838516023797666,9.769230998821593,9.798924446105957,165400,0.0,0.0
2026-03-20 00:00:00-04:00,9.76923068540645,9.798924131738195,9.729639108984912,9.739537239074707,243400,0.0,0.0
2026-03-23 00:00:00-04:00,9.779129129228938,9.818720706920647,9.69994597384552,9.798924446105957,187900,0.0,0.0
2026-03-24 00:00:00-04:00,9.74943460781777,9.74943460781777,9.60096549987793,9.60096549987793,238200,0.0,0.0
2026-03-25 00:00:00-04:00,9.650456317989729,9.699946026356699,9.600966609622759,9.630660057067871,158800,0.0,0.0
2026-03-26 00:00:00-04:00,9.6009653965754,9.660353227899861,9.561373823671612,9.581170082092285,170700,0.0,0.0
2026-03-27 00:00:00-04:00,9.531680948933385,9.54157907873455,9.462395928200454,9.511884689331055,101700,0.0,0.0
2026-03-30 00:00:00-04:00,9.551475506398978,9.551475506398978,9.353517645777698,9.373313903808594,352700,0.0,0.0
2026-03-31 00:00:00-04:00,9.393110860613826,9.551477176806705,9.373315543058567,9.501988410949707,227800,0.0,0.0
2026-04-01 00:00:00-04:00,9.551476690788627,9.630659844855904,9.511885113754989,9.591068267822266,260600,0.0,0.0
2026-04-02 00:00:00-04:00,9.581170082092285,9.620761654996073,9.521782250767824,9.581170082092285,159900,0.0,0.0
2026-04-06 00:00:00-04:00,9.54157907873455,9.571272524200433,9.462395928200454,9.511884689331055,173800,0.0,0.0
2026-04-07 00:00:00-04:00,9.50198771633738,9.57127273862248,9.482191456291561,9.55147647857666,126100,0.0,0.0
2026-04-08 00:00:00-04:00,9.620762454792532,9.749435313411107,9.61086432475934,9.729639053344727,305100,0.0,0.0
2026-04-09 00:00:00-04:00,9.7395376612902,9.838516134666007,9.71974140025243,9.818720817565918,111000,0.0,0.0
2026-04-10 00:00:00-04:00,9.828618837327992,9.828618837327992,9.798924446105957,9.798924446105957,106200,0.0,0.0
2026-04-13 00:00:00-04:00,9.798924446105957,9.848414154205011,9.739537551537229,9.798924446105957,174200,0.0,0.0
2026-04-14 00:00:00-04:00,9.78902747012604,9.878107813894594,9.78902747012604,9.838516235351562,98600,0.0,0.0
2026-04-15 00:00:00-04:00,9.839511248153794,9.849459476410853,9.749970552200027,9.789766311645508,123000,0.051,0.0
2026-04-16 00:00:00-04:00,9.789765982826125,9.87930667577239,9.759919401445941,9.839510917663574,128600,0.0,0.0
2026-04-17 00:00:00-04:00,9.859408940430287,9.899204701034016,9.83951153453131,9.88925552368164,118700,0.0,0.0
2026-04-20 00:00:00-04:00,9.859408885447248,9.879307240041033,9.839511479659233,9.86935806274414,133500,0.0,0.0
2026-04-21 00:00:00-04:00,9.849459648132324,9.909153762744161,9.849459648132324,9.849459648132324,147000,0.0,0.0
2026-04-22 00:00:00-04:00,9.879306732171937,9.879306732171937,9.849459201815643,9.859408378601074,122500,0.0,0.0
2026-04-23 00:00:00-04:00,9.86935806274414,9.899204645829048,9.849459708150356,9.86935806274414,162600,0.0,0.0
2026-04-24 00:00:00-04:00,9.86935806274414,9.929051228913957,9.849459708150356,9.86935806274414,200100,0.0,0.0
2026-04-27 00:00:00-04:00,9.89920425415039,9.919102607956862,9.869357672246412,9.89920425415039,117600,0.0,0.0
2026-04-28 00:00:00-04:00,9.88925552368164,9.919103055738768,9.869358117782664,9.88925552368164,177500,0.0,0.0
2026-04-29 00:00:00-04:00,9.849459592749712,9.879307124290683,9.799715604459612,9.829562187194824,133300,0.0,0.0
2026-04-30 00:00:00-04:00,9.859408495343176,9.909153431053626,9.829561913439198,9.89920425415039,77100,0.0,0.0
2026-05-01 00:00:00-04:00,9.92905044555664,9.948948798580535,9.869357284096345,9.92905044555664,216900,0.0,0.0
2026-05-04 00:00:00-04:00,9.899204585507894,9.919102939980428,9.829562242465554,9.849459648132324,200500,0.0,0.0
2026-05-05 00:00:00-04:00,9.859408107584398,9.948948798580535,9.8395107033662,9.92905044555664,99100,0.0,0.0
2026-05-06 00:00:00-04:00,9.948948977758965,10.008643089100033,9.929050624376707,9.988744735717773,98600,0.0,0.0
2026-05-07 00:00:00-04:00,10.01859131698545,10.02854049367658,9.948948977758965,9.988744735717773,159200,0.0,0.0
2026-05-08 00:00:00-04:00,10.028541002643285,10.028541002643285,9.978796065468703,9.99869441986084,151500,0.0,0.0
2026-05-11 00:00:00-04:00,9.998694475102033,10.038490235300412,9.998694475102033,10.01859188079834,84400,0.0,0.0
2026-05-12 00:00:00-04:00,9.96884777691875,9.998694359521078,9.958898599782723,9.978796005249023,70200,0.0,0.0
2026-05-13 00:00:00-04:00,9.948949072058516,9.97879565360909,9.859408378601074,9.859408378601074,276300,0.0,0.0
2026-05-14 00:00:00-04:00,9.92905095267961,9.958898483739903,9.88925519340496,9.939000129699707,73400,0.0,0.0
2026-05-15 00:00:00-04:00,9.84000015258789,9.890000343322754,9.779999732971191,9.789999961853027,130300,0.051,0.0
2026-05-18 00:00:00-04:00,9.789999961853027,9.789999961853027,9.670000076293945,9.6899995803833,190500,0.0,0.0
2026-05-19 00:00:00-04:00,9.649999618530273,9.720000267028809,9.600000381469727,9.65999984741211,207200,0.0,0.0
2026-05-20 00:00:00-04:00,9.699999809265137,9.789999961853027,9.649999618530273,9.760000228881836,114800,0.0,0.0
2026-05-21 00:00:00-04:00,9.760000228881836,9.770000457763672,9.650300025939941,9.729999542236328,154944,0.0,0.0
