Date,Open,High,Low,Close,Volume,Dividends,Stock Splits
2022-01-03 00:00:00-05:00,196.0745758965257,197.52840122864123,191.7035405407198,193.05215454101562,490900,0.0,0.0
2022-01-04 00:00:00-05:00,194.21907605344435,199.7761152106877,193.13826985372796,198.61880493164062,691500,0.0,0.0
2022-01-05 00:00:00-05:00,198.28400087301665,199.65174819772838,193.72167613005476,194.5059814453125,582700,0.0,0.0
2022-01-06 00:00:00-05:00,194.9077206819805,195.91200816236707,190.36452861806208,193.1573944091797,495100,0.0,0.0
2022-01-07 00:00:00-05:00,192.90868684007003,192.90868684007003,188.80545958578915,191.39747619628906,522800,0.0,0.0
2022-01-10 00:00:00-05:00,190.81407032561617,190.81407032561617,185.29528335306244,189.36024475097656,792800,0.0,0.0
2022-01-11 00:00:00-05:00,189.7619582523626,191.1297058044218,186.65345833657148,190.3836669921875,690200,0.0,0.0
2022-01-12 00:00:00-05:00,191.61749620333077,194.2955913612972,191.46445885843107,193.97039794921875,636800,0.0,0.0
2022-01-13 00:00:00-05:00,194.96511361016329,197.18411135186724,194.5825348382221,195.2998809814453,777400,0.0,0.0
2022-01-14 00:00:00-05:00,192.90869577142286,194.48685119186356,188.81504228129856,193.27215576171875,1034700,0.0,0.0
2022-01-18 00:00:00-05:00,193.11911391201545,193.28171058953484,190.42188591042577,191.7609405517578,949600,0.0,0.0
2022-01-19 00:00:00-05:00,194.3625088972576,194.5442242865189,186.17518783820236,191.91395568847656,1351000,0.0,0.0
2022-01-20 00:00:00-05:00,193.45389321920766,196.3902369609827,191.32098821045147,191.6844482421875,851700,0.0,0.0
2022-01-21 00:00:00-05:00,190.76622508922316,194.86945270635684,188.88199494610504,190.28799438476562,870500,0.0,0.0
2022-01-24 00:00:00-05:00,188.42288935830643,194.6111955722996,187.36121665682458,193.8460235595703,845500,0.0,0.0
2022-01-25 00:00:00-05:00,191.69399327225355,192.2965686283592,184.10926132669778,187.41860961914062,1084000,0.0,0.0
2022-01-26 00:00:00-05:00,192.0478793744872,192.27743536602858,185.55351284641742,186.9882049560547,1033300,0.0,0.0
2022-01-27 00:00:00-05:00,187.8107269924982,190.27839870784862,178.67651936183952,179.919921875,976000,0.0,0.0
2022-01-28 00:00:00-05:00,180.1399518548384,183.58321902471226,176.79233667085586,183.54495239257812,575500,0.0,0.0
2022-01-31 00:00:00-05:00,182.68414495739165,185.8404707996281,181.2207600423042,184.15708923339844,674500,0.0,0.0
2022-02-01 00:00:00-05:00,185.68740569676075,188.7576530483684,182.37804300792152,183.78404235839844,614300,0.0,0.0
2022-02-02 00:00:00-05:00,183.7840074786315,187.46638881090715,180.31206336517877,187.25596618652344,586600,0.0,0.0
2022-02-03 00:00:00-05:00,185.82801047119634,188.09946066893622,184.55331040948116,185.27212524414062,501100,0.4,0.0
2022-02-04 00:00:00-05:00,185.0995431601775,185.4541536579324,180.0294963511764,181.71632385253906,520200,0.0,0.0
2022-02-07 00:00:00-05:00,181.85053141980598,181.85053141980598,178.57273830042146,178.80274963378906,511800,0.0,0.0
2022-02-08 00:00:00-05:00,179.42573909893179,182.81853803590542,178.323547788342,181.0454559326172,370300,0.0,0.0
2022-02-09 00:00:00-05:00,182.48309038064582,187.62981370101056,182.31058186817023,186.30718994140625,497400,0.0,0.0
2022-02-10 00:00:00-05:00,183.65233224314963,187.64893963638184,182.61723747144399,183.54690551757812,611600,0.0,0.0
2022-02-11 00:00:00-05:00,183.70984252257833,185.97171312487023,180.22119613168618,182.07095336914062,572100,0.0,0.0
2022-02-14 00:00:00-05:00,183.01981000385842,185.5883674666164,181.49591175240786,184.48619079589844,649800,0.0,0.0
2022-02-15 00:00:00-05:00,186.37429357111031,191.03221370500304,184.4382817625512,184.9845733642578,518600,0.0,0.0
2022-02-16 00:00:00-05:00,184.69705526426517,184.69705526426517,179.00404026261432,183.0581512451172,676500,0.0,0.0
2022-02-17 00:00:00-05:00,182.08057388544992,183.23067462189843,179.19573579974565,180.02955627441406,416100,0.0,0.0
2022-02-18 00:00:00-05:00,181.52463104594273,182.95268123664582,177.63345056747895,180.46078491210938,681400,0.0,0.0
2022-02-22 00:00:00-05:00,180.4895892845972,182.74186660984725,179.6174239233309,181.28506469726562,771000,0.0,0.0
2022-02-23 00:00:00-05:00,182.01347675744324,183.45110621282427,180.67168049116046,180.91128540039062,734500,0.0,0.0
2022-02-24 00:00:00-05:00,177.9210324570775,181.58220272939596,177.30764443427785,181.05506896972656,620600,0.0,0.0
2022-02-25 00:00:00-05:00,181.17960250016898,189.26866482424498,180.93041871327864,187.93646240234375,632100,0.0,0.0
2022-02-28 00:00:00-05:00,185.06124993660507,195.25883460550415,184.629964011447,194.49209594726562,1109800,0.0,0.0
2022-03-01 00:00:00-05:00,193.67742875570985,196.47601214945664,189.34536819789702,192.02894592285156,686800,0.0,0.0
2022-03-02 00:00:00-05:00,194.07997902669217,198.1149321858506,193.0257115624969,194.29083251953125,780700,0.0,0.0
2022-03-03 00:00:00-05:00,195.16296698510027,198.12447972298426,192.2781149376254,192.87234497070312,727000,0.0,0.0
2022-03-04 00:00:00-05:00,191.68393401137197,195.75721760911364,191.23347559649937,195.3738555908203,786000,0.0,0.0
2022-03-07 00:00:00-05:00,195.4696800967771,198.8529002117854,190.6775819594483,191.63600158691406,793500,0.0,0.0
2022-03-08 00:00:00-05:00,190.39964987709996,191.15679496072121,183.12524829317167,185.8184051513672,1035000,0.0,0.0
2022-03-09 00:00:00-05:00,193.2078012985832,193.21739485403265,188.22402236420967,191.08010864257812,828400,0.0,0.0
2022-03-10 00:00:00-05:00,188.06110482298513,194.54001638981853,187.30394511014578,193.4857635498047,494900,0.0,0.0
2022-03-11 00:00:00-05:00,195.0191905027098,198.83371053928826,189.74788339495296,190.10250854492188,730500,0.0,0.0
2022-03-14 00:00:00-04:00,190.72548990201724,192.61357758003822,185.32958317123754,187.22726440429688,773100,0.0,0.0
2022-03-15 00:00:00-04:00,189.10575522587385,191.77016035075772,188.8661503432453,190.70631408691406,647000,0.0,0.0
2022-03-16 00:00:00-04:00,192.10563185486566,209.10798663217608,192.10563185486566,208.99298095703125,1914700,0.0,0.0
2022-03-17 00:00:00-04:00,207.33492647126462,208.88756163819903,204.14338725364794,207.28700256347656,891400,0.0,0.0
2022-03-18 00:00:00-04:00,207.4498977833956,207.7374265581673,202.61946993965086,206.12728881835938,1368900,0.0,0.0
2022-03-21 00:00:00-04:00,205.65769207097242,207.41160180090463,204.07629085989086,205.0634765625,581000,0.0,0.0
2022-03-22 00:00:00-04:00,205.13056211089418,206.74071477143096,202.24572415051716,204.9580535888672,541100,0.0,0.0
2022-03-23 00:00:00-04:00,204.45009517479502,204.61302476708397,201.36398260479527,201.44064331054688,661800,0.0,0.0
2022-03-24 00:00:00-04:00,202.95490963770206,204.4212903141899,199.15957657772924,199.77296447753906,750900,0.0,0.0
2022-03-25 00:00:00-04:00,200.73144149336517,201.20105782700364,196.0735207676078,200.49183654785156,773200,0.0,0.0
2022-03-28 00:00:00-04:00,200.7026553846391,201.84317706807218,198.4407845049117,200.82723999023438,608700,0.0,0.0
2022-03-29 00:00:00-04:00,202.32240254586114,203.1082990875454,197.58780693416028,200.52056884765625,624400,0.0,0.0
2022-03-30 00:00:00-04:00,200.31926274316436,200.81764499865628,197.16606889201324,197.68360900878906,912000,0.0,0.0
2022-03-31 00:00:00-04:00,199.82088169941335,199.82088169941335,190.99383189590228,192.4410400390625,1099200,0.0,0.0
2022-04-01 00:00:00-04:00,192.79570904706088,193.6966258988089,173.04267857979437,173.96275329589844,2746700,0.0,0.0
2022-04-04 00:00:00-04:00,174.25027426258688,174.4707066873219,168.49017742965395,169.76487731933594,1908300,0.0,0.0
2022-04-05 00:00:00-04:00,169.6977762720787,170.35908815247785,164.28271124663766,165.88327026367188,1912000,0.0,0.0
2022-04-06 00:00:00-04:00,163.285973084449,164.9728012552225,158.53221916976526,163.61184692382812,2085800,0.0,0.0
2022-04-07 00:00:00-04:00,164.80984085044648,166.07494711779682,159.87397113586064,165.41363525390625,1736900,0.0,0.0
2022-04-08 00:00:00-04:00,163.25717235938887,167.4646333340374,160.42983778974667,165.9790802001953,1683300,0.0,0.0
2022-04-11 00:00:00-04:00,165.73950564480702,167.22505905038614,161.6374706486511,163.60223388671875,916900,0.0,0.0
2022-04-12 00:00:00-04:00,164.32105213203667,166.76502525459813,160.0465085249022,161.2349395751953,1084500,0.0,0.0
2022-04-13 00:00:00-04:00,165.18360464737333,165.68197225174558,161.9153906826482,164.8289794921875,1111400,0.0,0.0
2022-04-14 00:00:00-04:00,164.68521856660763,166.65956032630362,163.57344847642062,164.85772705078125,1092400,0.0,0.0
2022-04-18 00:00:00-04:00,164.62770036560394,167.5412888349218,161.56076128623803,164.3209991455078,1769100,0.0,0.0
2022-04-19 00:00:00-04:00,164.95360232339368,167.42632671200673,161.05282742808467,166.65000915527344,2070700,0.0,0.0
2022-04-20 00:00:00-04:00,167.66590013783642,169.22812851380414,165.25067904033546,165.38485717773438,1083600,0.0,0.0
2022-04-21 00:00:00-04:00,166.59246680883592,167.41669345191178,162.95047017094237,164.215576171875,907100,0.0,0.0
2022-04-22 00:00:00-04:00,163.93767526087464,163.9760056101157,161.2636763912338,162.30836486816406,738100,0.0,0.0
2022-04-25 00:00:00-04:00,162.04956604263725,167.5413055210983,160.79403887450326,166.8129119873047,972500,0.0,0.0
2022-04-26 00:00:00-04:00,167.7042340342095,169.25688351337428,163.96640396724334,164.85772705078125,1242700,0.0,0.0
2022-04-27 00:00:00-04:00,164.39773198243722,167.05255867872938,163.41056084930526,164.65650939941406,662200,0.0,0.0
2022-04-28 00:00:00-04:00,165.8065911957161,167.6084247277996,164.16768724110278,167.33047485351562,932200,0.0,0.0
2022-04-29 00:00:00-04:00,166.92793225870275,169.41982895321195,163.47763063283057,163.74598693847656,792200,0.0,0.0
2022-05-02 00:00:00-04:00,164.67568566939002,165.365734423298,159.768566688145,163.0559539794922,1082400,0.0,0.0
2022-05-03 00:00:00-04:00,163.39138065666685,165.90245012753763,162.0495989732424,165.51907348632812,649000,0.0,0.0
2022-05-04 00:00:00-04:00,165.3944636150323,171.2120624978038,165.3944636150323,171.0107879638672,816900,0.0,0.0
2022-05-05 00:00:00-04:00,168.82562268391965,170.81913739569342,167.08130645132002,168.36558532714844,914800,0.0,0.0
2022-05-06 00:00:00-04:00,168.08761941561232,169.8894381613656,163.4296999823322,168.48056030273438,662000,0.0,0.0
2022-05-09 00:00:00-04:00,166.49665037525034,169.35273662485534,164.93442178224686,165.32737731933594,634700,0.0,0.0
2022-05-10 00:00:00-04:00,166.98542354529795,168.3367985352047,160.8898750076701,164.98233032226562,803700,0.0,0.0
2022-05-11 00:00:00-04:00,164.98235303637125,166.7841866043161,162.03041884765594,162.5479736328125,786300,0.0,0.0
2022-05-12 00:00:00-04:00,162.32695258553912,166.04479900416712,161.08766067340284,165.8430633544922,1115300,0.4,0.0
2022-05-13 00:00:00-04:00,166.52521094204928,173.06747645444202,166.34267836270732,169.5033416748047,906600,0.0,0.0
2022-05-16 00:00:00-04:00,169.13826856845483,169.13826856845483,165.3916013855283,166.65969848632812,458600,0.0,0.0
2022-05-17 00:00:00-04:00,170.11818867356268,171.95310148132242,168.15838206100236,171.9338836669922,525300,0.0,0.0
2022-05-18 00:00:00-04:00,169.8011372037279,170.9635729380351,154.15157915548778,156.44761657714844,1886500,0.0,0.0
2022-05-19 00:00:00-04:00,155.90967168671426,157.62930725329622,150.7603958843108,154.30532836914062,1397400,0.0,0.0
2022-05-20 00:00:00-04:00,155.96730522970412,158.00395390908292,151.81713660882107,157.91749572753906,1060800,0.0,0.0
2022-05-23 00:00:00-04:00,158.84932859384764,160.7803008714557,157.9654851714202,159.39691162109375,498500,0.0,0.0
2022-05-24 00:00:00-04:00,157.8982206920761,158.2728873352241,153.1908690567404,155.5733642578125,1102400,0.0,0.0
2022-05-25 00:00:00-04:00,155.43887714341176,161.98114138254513,155.15066863522085,160.62657165527344,816300,0.0,0.0
2022-05-26 00:00:00-04:00,162.00997035515684,167.08238762748314,161.5392292752903,166.37147521972656,820600,0.0,0.0
2022-05-27 00:00:00-04:00,166.83262361172433,168.61949897277827,165.218664579694,167.98544311523438,449400,0.0,0.0
2022-05-31 00:00:00-04:00,167.09200622909748,167.27453880231604,163.25888082709164,165.7950897216797,1515100,0.0,0.0
2022-06-01 00:00:00-04:00,166.59241838934207,168.19676085975956,164.9016031131044,166.11207580566406,890600,0.0,0.0
2022-06-02 00:00:00-04:00,166.54438740082188,170.7329754728206,166.54438740082188,170.43516540527344,524700,0.0,0.0
2022-06-03 00:00:00-04:00,168.85966137285413,173.49977318828033,168.283244322171,172.34693908691406,539200,0.0,0.0
2022-06-06 00:00:00-04:00,172.52946914986708,174.54691413922694,171.57840008653844,173.9512939453125,482800,0.0,0.0
2022-06-07 00:00:00-04:00,171.25175013073684,172.9233477697125,168.2351989837765,169.62820434570312,753600,0.0,0.0
2022-06-08 00:00:00-04:00,168.26402386956624,168.36009826280318,160.7610740470436,162.16368103027344,1051000,0.0,0.0
2022-06-09 00:00:00-04:00,161.34711269669066,163.40297890071844,159.4929968799513,159.5314178466797,833100,0.0,0.0
2022-06-10 00:00:00-04:00,158.17682798003287,160.10781480494182,155.8807907110216,157.29299926757812,729900,0.0,0.0
2022-06-13 00:00:00-04:00,153.9978968631246,156.20747656372578,152.08612733811478,154.11317443847656,676300,0.0,0.0
2022-06-14 00:00:00-04:00,155.323594926558,157.9078407732182,153.15245138859436,155.07382202148438,541800,0.0,0.0
2022-06-15 00:00:00-04:00,156.32272613994238,158.34017130064407,153.70966073474017,155.16990661621094,646400,0.0,0.0
2022-06-16 00:00:00-04:00,152.16293243247137,152.51838127541535,149.26165894407535,150.40487670898438,695000,0.0,0.0
2022-06-17 00:00:00-04:00,151.5673036319088,151.9131508800498,147.8686598575921,148.79092407226562,968300,0.0,0.0
2022-06-21 00:00:00-04:00,151.1158052621546,154.34370855563094,150.0206245728802,152.4895782470703,543200,0.0,0.0
2022-06-22 00:00:00-04:00,151.23106927980388,151.7690506707662,148.13766162287715,149.41537475585938,578600,0.0,0.0
2022-06-23 00:00:00-04:00,150.39528950152564,151.7402430834973,148.98308091100807,151.3079376220703,567600,0.0,0.0
2022-06-24 00:00:00-04:00,152.05725364164138,158.23446715544773,151.88433734036525,155.7751007080078,1030400,0.0,0.0
2022-06-27 00:00:00-04:00,156.60130269909092,158.15762282554388,155.0834181929373,155.78472900390625,530900,0.0,0.0
2022-06-28 00:00:00-04:00,155.3620380899812,157.91746467390843,151.13502835598808,151.45204162597656,438900,0.0,0.0
2022-06-29 00:00:00-04:00,151.65376505371,152.39349675632403,148.44508002933213,151.11578369140625,383700,0.0,0.0
2022-06-30 00:00:00-04:00,150.2415567432603,152.16292712921356,147.9839406762081,151.2790985107422,580600,0.0,0.0
2022-07-01 00:00:00-04:00,151.20226700415466,153.872971110696,149.93416996181114,153.5847625732422,623000,0.0,0.0
2022-07-05 00:00:00-04:00,152.47994293480912,153.66158152416637,150.64503084330312,153.4406280517578,587300,0.0,0.0
2022-07-06 00:00:00-04:00,154.19964040991027,155.96731305503013,152.04771404717138,155.2371826171875,657200,0.0,0.0
2022-07-07 00:00:00-04:00,156.21702192469843,160.40561000896435,155.54454521231713,159.66587829589844,639600,0.0,0.0
2022-07-08 00:00:00-04:00,158.41699572448,160.93400110890542,157.39867168007086,159.185546875,515600,0.0,0.0
2022-07-11 00:00:00-04:00,158.68599399462428,159.96370722827143,157.3986791849869,157.6100311279297,504800,0.0,0.0
2022-07-12 00:00:00-04:00,156.7934738389729,160.65541867274246,156.1017791639015,157.6484832763672,625800,0.0,0.0
2022-07-13 00:00:00-04:00,155.707879040082,156.86069849685944,153.62319364650992,156.38035583496094,916000,0.0,0.0
2022-07-14 00:00:00-04:00,155.16029610300117,159.6466952320864,153.60399042151226,159.04147338867188,725400,0.0,0.0
2022-07-15 00:00:00-04:00,161.96192502232927,163.92173116845046,160.57853589774814,160.99163818359375,897200,0.0,0.0
2022-07-18 00:00:00-04:00,160.78028331963412,164.51734833935183,160.78028331963412,161.49119567871094,938200,0.0,0.0
2022-07-19 00:00:00-04:00,162.21173535968157,168.15836566143562,162.21173535968157,167.60118103027344,1220600,0.0,0.0
2022-07-20 00:00:00-04:00,163.43178358665295,166.89985821299095,163.2300478764107,166.32345581054688,1204000,0.0,0.0
2022-07-21 00:00:00-04:00,167.13039852351076,168.56182468967378,164.09462989858508,165.13217163085938,894100,0.0,0.0
2022-07-22 00:00:00-04:00,166.1217423991213,167.73570173459677,165.21869564293715,166.9191131591797,665200,0.0,0.0
2022-07-25 00:00:00-04:00,166.91909967689963,167.51471997482776,165.7758816272142,166.50601196289062,581600,0.0,0.0
2022-07-26 00:00:00-04:00,164.97847446301697,165.86230313708376,161.37590476274238,162.7977294921875,805000,0.0,0.0
2022-07-27 00:00:00-04:00,162.96104333360626,165.37235802924738,160.40561705540728,164.80555725097656,579400,0.0,0.0
2022-07-28 00:00:00-04:00,165.18984864258866,173.1059014741545,165.07457108749793,172.39498901367188,772000,0.0,0.0
2022-07-29 00:00:00-04:00,172.44301628794724,176.939016584422,171.54958596963294,176.06480407714844,568400,0.0,0.0
2022-08-01 00:00:00-04:00,175.30581033128658,176.1127969440191,173.33640297385438,174.42198181152344,498900,0.0,0.0
2022-08-02 00:00:00-04:00,174.3163537048081,174.86395139019794,171.0404131454456,171.67446899414062,456400,0.0,0.0
2022-08-03 00:00:00-04:00,172.90411169107384,172.90411169107384,170.49279720693008,171.5591583251953,371300,0.0,0.0
2022-08-04 00:00:00-04:00,171.67473877494726,175.1024540887469,170.9622303758639,174.4573516845703,447900,0.4,0.0
2022-08-05 00:00:00-04:00,172.6857229109647,176.9222219405755,172.6857229109647,176.77780151367188,331800,0.0,0.0
2022-08-08 00:00:00-04:00,177.17254199875805,180.71580801586126,177.06662879654513,180.1188507080078,676800,0.0,0.0
2022-08-09 00:00:00-04:00,179.58930028796897,180.5713885845099,176.76816548872765,177.54806518554688,721900,0.0,0.0
2022-08-10 00:00:00-04:00,180.3017702403516,184.10500752696132,179.64704479556707,183.82577514648438,499900,0.0,0.0
2022-08-11 00:00:00-04:00,184.44202872870153,188.68816587897823,183.99912959394598,185.7226104736328,690300,0.0,0.0
2022-08-12 00:00:00-04:00,185.99214191420123,187.94670952109442,185.51072103187678,187.8793182373047,591500,0.0,0.0
2022-08-15 00:00:00-04:00,187.39794015732173,188.62073889962167,185.84776397449946,186.91651916503906,672900,0.0,0.0
2022-08-16 00:00:00-04:00,186.54098511734395,189.9109315888988,186.34840499410026,187.4171600341797,877500,0.0,0.0
2022-08-17 00:00:00-04:00,185.3759536150327,186.00179498608506,179.29080032257627,181.66900634765625,760400,0.0,0.0
2022-08-18 00:00:00-04:00,181.90973994812103,185.01009249879272,181.15872433068415,184.69236755371094,440500,0.0,0.0
2022-08-19 00:00:00-04:00,184.31681659638056,184.31681659638056,182.1600601579773,182.69924926757812,538300,0.0,0.0
2022-08-22 00:00:00-04:00,181.16836000049375,181.97714378015047,179.1656468138651,180.6387939453125,498300,0.0,0.0
2022-08-23 00:00:00-04:00,179.80111501609886,182.98811959052847,179.80111501609886,181.8230743408203,583700,0.0,0.0
2022-08-24 00:00:00-04:00,181.9674953168596,183.00736632814306,180.82171110928428,181.68826293945312,561300,0.0,0.0
2022-08-25 00:00:00-04:00,183.18068977526565,183.71987894244393,180.02256920310464,182.32376098632812,752300,0.0,0.0
2022-08-26 00:00:00-04:00,182.55482892941774,182.78590158116194,175.48755826361284,175.8052978515625,707800,0.0,0.0
2022-08-29 00:00:00-04:00,174.0433341161242,174.0433341161242,168.78622443496957,169.14247131347656,865400,0.0,0.0
2022-08-30 00:00:00-04:00,169.62389544670404,170.15346155396634,165.3777581482075,168.54551696777344,1028400,0.0,0.0
2022-08-31 00:00:00-04:00,169.10393280829862,169.1231790687945,166.05172565427935,167.5537567138672,1182600,0.0,0.0
2022-09-01 00:00:00-04:00,166.26355559102663,168.15073244446614,164.31862525796552,167.3130645751953,1168300,0.0,0.0
2022-09-02 00:00:00-04:00,169.16171992564983,169.17134305697593,161.50712866558752,162.469970703125,1010700,0.0,0.0
2022-09-06 00:00:00-04:00,162.27740855393662,164.44380337885204,159.88956414951306,160.99684143066406,955300,0.0,0.0
2022-09-07 00:00:00-04:00,161.36266919692912,164.76149990124404,158.59931766753462,164.06825256347656,710700,0.0,0.0
2022-09-08 00:00:00-04:00,163.22098716957726,165.09852621422118,159.8414021974145,163.53872680664062,667000,0.0,0.0
2022-09-09 00:00:00-04:00,164.59781581569644,167.9870233339885,164.41487350851062,167.59225463867188,580800,0.0,0.0
2022-09-12 00:00:00-04:00,168.43958461860475,168.9498897117068,166.8797852541648,168.07369995117188,548700,0.0,0.0
2022-09-13 00:00:00-04:00,164.64599609375,166.37911478046613,163.55797983923853,164.64599609375,808900,0.0,0.0
2022-09-14 00:00:00-04:00,164.7230540023519,166.1191723274172,160.9583372763194,165.984375,969500,0.0,0.0
2022-09-15 00:00:00-04:00,166.253919357382,170.66373729420627,165.99394791465372,167.56338500976562,1551100,0.0,0.0
2022-09-16 00:00:00-04:00,163.1150905186375,164.4534405060182,157.2995157636584,160.28433227539062,1715500,0.0,0.0
2022-09-19 00:00:00-04:00,159.19630786121948,165.2333318878198,159.10003246716502,163.30764770507812,775100,0.0,0.0
2022-09-20 00:00:00-04:00,162.47959427868878,163.0187834704954,159.0133570573553,160.9390411376953,654800,0.0,0.0
2022-09-21 00:00:00-04:00,162.69142246014502,163.40393086661612,159.01335877490212,159.0807647705078,588200,0.0,0.0
2022-09-22 00:00:00-04:00,158.58971148786753,160.0724816960269,157.4728112474445,157.55946350097656,423900,0.0,0.0
2022-09-23 00:00:00-04:00,155.3641810564604,156.26925486005325,152.77413380331143,155.17161560058594,629400,0.0,0.0
2022-09-26 00:00:00-04:00,154.80574713764207,157.4439397035766,154.6805729669235,155.9130096435547,583200,0.0,0.0
2022-09-27 00:00:00-04:00,155.82633745612443,158.0601378292387,154.9694087094285,156.77955627441406,720900,0.0,0.0
2022-09-28 00:00:00-04:00,157.36690181472392,161.54563264792947,156.30776971791914,160.6309356689453,461300,0.0,0.0
2022-09-29 00:00:00-04:00,158.9556074450066,159.89920333264436,157.8676058030078,159.1385498046875,449400,0.0,0.0
2022-09-30 00:00:00-04:00,156.71214112275095,159.16739088680603,150.4729297735132,150.60772705078125,1023000,0.0,0.0
2022-10-03 00:00:00-04:00,152.97631616713718,157.5016698746046,151.1084006477458,156.00926208496094,1229500,0.0,0.0
2022-10-04 00:00:00-04:00,158.24312463774118,162.00782654988492,157.7424425699391,161.786376953125,645300,0.0,0.0
2022-10-05 00:00:00-04:00,159.50441296674032,162.39293903412002,159.50441296674032,160.30357360839844,426000,0.0,0.0
2022-10-06 00:00:00-04:00,160.65020399330405,161.99817700398563,158.7726502181208,158.974853515625,532800,0.0,0.0
2022-10-07 00:00:00-04:00,157.0684197778158,157.9831167372215,153.51553045580349,154.11248779296875,688500,0.0,0.0
2022-10-10 00:00:00-04:00,155.1138570162867,158.28160083276944,153.65033301597626,156.2018585205078,537700,0.0,0.0
2022-10-11 00:00:00-04:00,154.9501603088379,160.22654519339102,154.9501603088379,157.569091796875,727000,0.0,0.0
2022-10-12 00:00:00-04:00,158.83043396771893,162.21962746825548,156.10558915284494,159.3599853515625,772200,0.0,0.0
2022-10-13 00:00:00-04:00,155.22939928212355,161.72858323709661,152.76452594025943,160.04360961914062,866400,0.0,0.0
2022-10-14 00:00:00-04:00,161.11234517553416,161.13160612822912,156.13445405955255,157.13580322265625,669500,0.0,0.0
2022-10-17 00:00:00-04:00,160.02434042278188,161.99816949766685,158.77264286125947,159.591064453125,973500,0.0,0.0
2022-10-18 00:00:00-04:00,163.7216239039153,164.78075582983075,158.84002329872513,161.65151977539062,1257900,0.0,0.0
2022-10-19 00:00:00-04:00,165.12740257100955,165.57993948517813,158.40676954217417,161.7189483642578,1691100,0.0,0.0
2022-10-20 00:00:00-04:00,160.41910818670854,162.1618498775197,153.89104052151822,154.52651977539062,1108300,0.0,0.0
2022-10-21 00:00:00-04:00,154.5650262862291,159.2925840690134,154.01621398170025,159.1770477294922,851600,0.0,0.0
2022-10-24 00:00:00-04:00,160.49615749119053,162.76846551261153,158.1660812924817,160.06288146972656,661100,0.0,0.0
2022-10-25 00:00:00-04:00,160.10137052075552,162.50847557993433,159.10002128053063,161.0160675048828,621400,0.0,0.0
2022-10-26 00:00:00-04:00,162.64328351415978,164.11643073139226,158.0408995153098,163.2787628173828,718800,0.0,0.0
2022-10-27 00:00:00-04:00,164.65559682070128,165.2814529041958,159.17703845832133,159.899169921875,561400,0.0,0.0
2022-10-28 00:00:00-04:00,160.75608301657556,162.92247719627375,159.28292145792403,162.82618713378906,440200,0.0,0.0
2022-10-31 00:00:00-04:00,162.08482482842987,166.23467165326545,160.6790836831565,164.71339416503906,760200,0.0,0.0
2022-11-01 00:00:00-04:00,165.85917155132208,166.8412745874537,162.91287713473145,166.20579528808594,557300,0.0,0.0
2022-11-02 00:00:00-04:00,164.72304197077364,168.72846896690444,161.2760652022404,161.3916015625,873500,0.0,0.0
2022-11-03 00:00:00-04:00,159.55781712803392,165.07843431683017,158.28381835042492,162.85861206054688,539700,0.4,0.0
2022-11-04 00:00:00-04:00,164.85642372527056,167.2789472273536,162.347055430051,167.2113800048828,564100,0.0,0.0
2022-11-07 00:00:00-05:00,167.96421430811162,172.18189402733944,167.1920952195917,171.04302978515625,701300,0.0,0.0
2022-11-08 00:00:00-05:00,172.30736892824308,174.81675230334736,169.8559066349509,171.6510772705078,750300,0.0,0.0
2022-11-09 00:00:00-05:00,169.40226222769198,172.94434277154693,164.48001661305844,164.70199584960938,682700,0.0,0.0
2022-11-10 00:00:00-05:00,169.62425474693256,176.63120301258758,169.57599454556987,176.1100311279297,746400,0.0,0.0
2022-11-11 00:00:00-05:00,178.55185980283406,182.61512752469028,177.20066243024,178.9379119873047,991100,0.0,0.0
2022-11-14 00:00:00-05:00,179.63280728463369,182.605456058914,178.80278188189993,179.777587890625,792300,0.0,0.0
2022-11-15 00:00:00-05:00,183.37759514157958,184.08214704147295,179.5363212195276,182.57652282714844,631200,0.0,0.0
2022-11-16 00:00:00-05:00,181.21564950340954,181.21564950340954,172.7030768707257,174.12184143066406,1220000,0.0,0.0
2022-11-17 00:00:00-05:00,171.6028113728165,173.21460201319712,166.20765349497023,173.02157592773438,701700,0.0,0.0
2022-11-18 00:00:00-05:00,175.20280716451202,175.39583325932827,169.84624835341555,173.96742248535156,615900,0.0,0.0
2022-11-21 00:00:00-05:00,174.2087215415441,175.6467932980759,172.0081915002278,175.38619995117188,644500,0.0,0.0
2022-11-22 00:00:00-05:00,176.34167210845132,176.51539116185953,170.2226408290298,170.71487426757812,1381200,0.0,0.0
2022-11-23 00:00:00-05:00,170.71489188463977,175.12559789903847,170.71489188463977,174.07359313964844,530800,0.0,0.0
2022-11-25 00:00:00-05:00,175.0773333876326,176.3416859702566,172.68377741519947,176.2355194091797,254800,0.0,0.0
2022-11-28 00:00:00-05:00,175.4344284943773,177.55774476346713,169.40227163506222,170.05856323242188,647500,0.0,0.0
2022-11-29 00:00:00-05:00,170.5411484037573,173.92881737193179,169.8655497308987,173.5620574951172,581200,0.0,0.0
2022-11-30 00:00:00-05:00,173.11808474409233,178.53254974668513,170.41569004475087,177.4805450439453,1048700,0.0,0.0
2022-12-01 00:00:00-05:00,177.37437864107923,178.07893049352745,174.23765683015034,176.4381866455078,493500,0.0,0.0
2022-12-02 00:00:00-05:00,174.0446444923092,177.32613244761924,172.66447912844123,176.50576782226562,400400,0.0,0.0
2022-12-05 00:00:00-05:00,174.82638745608523,175.1062730626434,171.10092668231968,171.44837951660156,596200,0.0,0.0
2022-12-06 00:00:00-05:00,170.67627898867624,172.29773063356342,169.46984745082324,171.4966583251953,643600,0.0,0.0
2022-12-07 00:00:00-05:00,171.4387197555637,172.18187083984614,169.75936206871066,170.1550750732422,452900,0.0,0.0
2022-12-08 00:00:00-05:00,170.26128171939988,173.0022907695092,169.4119491636681,171.70899963378906,463300,0.0,0.0
2022-12-09 00:00:00-05:00,171.27467014391902,173.43658592214152,170.7341764724167,171.7765350341797,628700,0.0,0.0
2022-12-12 00:00:00-05:00,172.60653609944316,180.6268890571434,172.42315618480927,180.395263671875,1072600,0.0,0.0
2022-12-13 00:00:00-05:00,187.94270436575806,188.6376100276209,176.3416706717142,177.82798767089844,1068500,0.0,0.0
2022-12-14 00:00:00-05:00,178.35882711178414,183.18455287386192,178.35882711178414,180.74273681640625,840600,0.0,0.0
2022-12-15 00:00:00-05:00,178.3974251950311,179.169544256973,174.25695899987363,175.04837036132812,514000,0.0,0.0
2022-12-16 00:00:00-05:00,172.74168694494244,174.70093055876916,171.70898921998887,172.42318725585938,1118100,0.0,0.0
2022-12-19 00:00:00-05:00,173.01192863699757,175.2703796677938,172.0564442844948,173.27252197265625,830000,0.0,0.0
2022-12-20 00:00:00-05:00,172.53899299661796,172.62585252082184,168.69770490977578,169.87518310546875,743300,0.0,0.0
2022-12-21 00:00:00-05:00,172.19155772147312,173.7164888963379,169.62426796909523,171.7668914794922,436500,0.0,0.0
2022-12-22 00:00:00-05:00,170.116488373218,170.93686768748304,167.14383937735192,170.29022216796875,443400,0.0,0.0
2022-12-23 00:00:00-05:00,170.45427229721304,171.56418324276564,168.97760151051136,171.17813110351562,371800,0.0,0.0
2022-12-27 00:00:00-05:00,171.65107969958385,172.72239146059184,168.94867019437066,172.0081787109375,354400,0.0,0.0
2022-12-28 00:00:00-05:00,172.17223999511876,173.0312185759492,168.27306013067235,168.3792266845703,240200,0.0,0.0
2022-12-29 00:00:00-05:00,169.0162204769552,172.38458248212584,168.68807464776063,170.6087188720703,362400,0.0,0.0
2022-12-30 00:00:00-05:00,169.72078646937524,170.12614567935523,166.05323182538672,168.28271484375,459000,0.0,0.0
2023-01-03 00:00:00-05:00,169.5374025051089,169.6532152117988,164.6537703470662,166.5840606689453,578700,0.0,0.0
2023-01-04 00:00:00-05:00,164.93364826726727,170.6087062613886,163.80443024889644,168.88108825683594,801600,0.0,0.0
2023-01-05 00:00:00-05:00,166.2655849265457,166.50687125150506,162.3856966976535,163.30258178710938,1033000,0.0,0.0
2023-01-06 00:00:00-05:00,163.98781458204226,170.425330910785,163.96850755566084,169.90414428710938,765500,0.0,0.0
2023-01-09 00:00:00-05:00,167.80977826967,174.47893462180335,167.80977826967,171.44837951660156,648800,0.0,0.0
2023-01-10 00:00:00-05:00,171.4483889396589,171.68967523431206,168.4854008993306,169.2671661376953,444900,0.0,0.0
2023-01-11 00:00:00-05:00,170.54114226106387,174.81674286341416,169.66285665450926,174.38241577148438,688600,0.0,0.0
2023-01-12 00:00:00-05:00,174.44997113018326,175.1738299315533,171.02370319164265,173.3883056640625,577900,0.0,0.0
2023-01-13 00:00:00-05:00,170.7920915527822,171.47733635949984,168.96796781552737,170.63766479492188,562200,0.0,0.0
2023-01-17 00:00:00-05:00,170.90793508626254,171.80551316520769,169.27683713864081,170.1454620361328,1205500,0.0,0.0
2023-01-18 00:00:00-05:00,170.83068385549726,180.5883014715755,170.83068385549726,178.57115173339844,2156000,0.0,0.0
2023-01-19 00:00:00-05:00,177.2875219399925,182.68268000644406,176.27411654720333,178.38778686523438,1747600,0.0,0.0
2023-01-20 00:00:00-05:00,180.17330770962545,182.91433140462937,177.93417839374573,182.50897216796875,878300,0.0,0.0
2023-01-23 00:00:00-05:00,182.6151349249451,189.07194412450977,181.66928199885288,186.8714141845703,863800,0.0,0.0
2023-01-24 00:00:00-05:00,186.3212804745089,189.16845581822034,183.48375128092414,185.1920623779297,759400,0.0,0.0
2023-01-25 00:00:00-05:00,183.41619186093894,183.62852498834215,180.24087055432338,182.03604125976562,655900,0.0,0.0
2023-01-26 00:00:00-05:00,183.3969036786375,183.5513157254416,177.26822547876023,182.1422119140625,525400,0.0,0.0
2023-01-27 00:00:00-05:00,180.9357573012813,187.5083932294874,180.9357573012813,184.93145751953125,702800,0.0,0.0
2023-01-30 00:00:00-05:00,183.57060955715977,183.86980220545288,179.08269037886978,179.31431579589844,582800,0.0,0.0
2023-01-31 00:00:00-05:00,179.3239866216736,182.57652133310359,178.9379196936294,182.46070861816406,689400,0.0,0.0
2023-02-01 00:00:00-05:00,183.2907211234602,190.31697671981803,181.54381073775656,189.12985229492188,991700,0.0,0.0
2023-02-02 00:00:00-05:00,190.33628529468893,193.6467261560567,189.2746197178076,190.47140502929688,813800,0.0,0.0
2023-02-03 00:00:00-05:00,187.73038871957405,191.5909695436196,185.8194053352167,190.99258422851562,746000,0.0,0.0
2023-02-06 00:00:00-05:00,189.61241491492822,191.08908575604195,188.9175092571164,190.21080017089844,530800,0.0,0.0
2023-02-07 00:00:00-05:00,190.92503651557428,193.28963938427975,189.31323102135497,192.93252563476562,615900,0.0,0.0
2023-02-08 00:00:00-05:00,192.64298150364786,192.98077347642032,189.93091120980554,190.83815002441406,614200,0.0,0.0
2023-02-09 00:00:00-05:00,192.685542240374,192.685542240374,184.81253658521828,185.0349884033203,551000,0.42,0.0
2023-02-10 00:00:00-05:00,183.10057073827699,185.2090737343232,182.61697089384296,184.3482666015625,558000,0.0,0.0
2023-02-13 00:00:00-05:00,183.96137009121594,185.67331760043606,183.74858498800006,185.56692504882812,543500,0.0,0.0
2023-02-14 00:00:00-05:00,184.88019968324372,188.2557316375958,182.54925983774496,187.97525024414062,611400,0.0,0.0
2023-02-15 00:00:00-05:00,185.8474029733955,187.0757506356345,184.55135901138013,186.08920288085938,572500,0.0,0.0
2023-02-16 00:00:00-05:00,182.89745996275286,184.82217782351609,181.40796423511676,181.78517150878906,720100,0.0,0.0
2023-02-17 00:00:00-05:00,180.99207336395233,182.48155431596905,179.89913304804892,182.17205810546875,619600,0.0,0.0
2023-02-21 00:00:00-05:00,180.6051878705127,180.76961004125388,177.4231074917302,177.96473693847656,591000,0.0,0.0
2023-02-22 00:00:00-05:00,178.84490093545267,180.0732339344304,176.02067956876553,176.59132385253906,618600,0.0,0.0
2023-02-23 00:00:00-05:00,177.65522773018137,179.87012323200264,176.03033937378984,178.88357543945312,477200,0.0,0.0
2023-02-24 00:00:00-05:00,176.05935497639595,178.2839171719228,175.41133296765608,177.5198211669922,371800,0.0,0.0
2023-02-27 00:00:00-05:00,179.3574835193798,179.87009809051617,177.3360400401217,177.9937286376953,343500,0.0,0.0
2023-02-28 00:00:00-05:00,177.3747563067398,178.28392640612955,173.85414991138356,174.8600311279297,1174900,0.0,0.0
2023-03-01 00:00:00-05:00,174.13459296877915,176.87176934807624,172.85789729222293,176.17538452148438,702100,0.0,0.0
2023-03-02 00:00:00-05:00,175.04377170067946,180.69222833009337,172.87725413821923,179.75404357910156,564700,0.0,0.0
2023-03-03 00:00:00-05:00,180.18929836006674,180.9146981000362,177.79064735222389,180.5181427001953,500100,0.0,0.0
2023-03-06 00:00:00-05:00,179.53158655403692,182.10434105387705,179.13504593097323,179.39617919921875,454900,0.0,0.0
2023-03-07 00:00:00-05:00,178.70947975610562,178.70947975610562,174.1829778136788,175.09214782714844,784200,0.0,0.0
2023-03-08 00:00:00-05:00,174.53117002611296,178.34193892405654,174.53117002611296,177.56817626953125,649500,0.0,0.0
2023-03-09 00:00:00-05:00,177.99375554661364,179.9861845217977,173.67037180565586,173.71873474121094,614600,0.0,0.0
2023-03-10 00:00:00-05:00,173.98952832139955,174.42476517189917,169.30828599128617,169.69515991210938,783600,0.0,0.0
2023-03-13 00:00:00-04:00,167.83815004408828,170.03369732906572,166.135884014047,167.8574981689453,840600,0.0,0.0
2023-03-14 00:00:00-04:00,170.08206940696536,171.65859484764457,159.2881174504125,162.79905700683594,1674800,0.0,0.0
2023-03-15 00:00:00-04:00,160.85496589646849,165.22671229639516,158.9882777201678,163.23428344726562,1222900,0.0,0.0
2023-03-16 00:00:00-04:00,163.0311776978912,167.04506527407054,161.68677071654344,166.0585174560547,701400,0.0,0.0
2023-03-17 00:00:00-04:00,166.0101571245119,166.52277178857477,160.6615439252928,162.00595092773438,1179100,0.0,0.0
2023-03-20 00:00:00-04:00,162.23806476275962,162.97313113918472,159.48154002414995,160.22628784179688,719500,0.0,0.0
2023-03-21 00:00:00-04:00,162.33482322176948,165.19774134090198,162.33482322176948,164.79151916503906,631000,0.0,0.0
2023-03-22 00:00:00-04:00,164.17248668629972,166.42606381725653,161.3869467547657,161.52235412597656,560100,0.0,0.0
2023-03-23 00:00:00-04:00,162.23807847076776,164.80115170103784,160.158590318728,160.51646423339844,714500,0.0,0.0
2023-03-24 00:00:00-04:00,159.40417489141095,161.06775950071795,158.29190117674096,160.65187072753906,535600,0.0,0.0
2023-03-27 00:00:00-04:00,162.4895477703211,164.36591752852004,161.33857777895398,163.7178955078125,541000,0.0,0.0
2023-03-28 00:00:00-04:00,163.36972842326833,165.99083172352718,163.36972842326833,165.68133544921875,554700,0.0,0.0
2023-03-29 00:00:00-04:00,167.45125248503697,167.55764501930597,164.60768362211357,165.4491424560547,591100,0.0,0.0
2023-03-30 00:00:00-04:00,167.0837121213483,167.0837121213483,163.86293604433817,164.18211364746094,388800,0.0,0.0
2023-03-31 00:00:00-04:00,165.54588798862747,170.12073798947034,165.30408808729737,169.70484924316406,874000,0.0,0.0
2023-04-03 00:00:00-04:00,168.83435742635206,169.6758163437945,166.34866216382778,167.73175048828125,492700,0.0,0.0
2023-04-04 00:00:00-04:00,167.95418517712972,168.01222954337211,164.95587561949748,165.52651977539062,580700,0.0,0.0
2023-04-05 00:00:00-04:00,164.95589593095778,166.1842435642109,162.72166720004114,164.67539978027344,621900,0.0,0.0
2023-04-06 00:00:00-04:00,164.4432752118061,165.32341560520916,163.46639419968048,164.45294189453125,562700,0.0,0.0
2023-04-10 00:00:00-04:00,163.06983725137513,168.52484169546244,162.30574140212286,168.42811584472656,513500,0.0,0.0
2023-04-11 00:00:00-04:00,169.15353794554258,171.00089272890514,168.96010097663904,169.76287841796875,551100,0.0,0.0
2023-04-12 00:00:00-04:00,170.55598228604038,170.85581181541679,168.9987902633442,169.7145233154297,414400,0.0,0.0
2023-04-13 00:00:00-04:00,169.96598720139798,170.5753276922209,167.1320993635803,168.89239501953125,649300,0.0,0.0
2023-04-14 00:00:00-04:00,168.25406454334106,172.09383373449046,168.25406454334106,170.97189331054688,614900,0.0,0.0
2023-04-17 00:00:00-04:00,171.4554476098436,171.6295364237928,168.43777534342777,170.85577392578125,1328000,0.0,0.0
2023-04-18 00:00:00-04:00,170.68170312448424,174.1345977901695,168.30238577470197,169.1825408935547,2120900,0.0,0.0
2023-04-19 00:00:00-04:00,168.66995846469575,172.94497945316584,167.85751424244455,172.55810546875,1051800,0.0,0.0
2023-04-20 00:00:00-04:00,171.24268544335015,177.33604563701775,171.24268544335015,174.6278839111328,1271000,0.0,0.0
2023-04-21 00:00:00-04:00,175.03412320998055,175.8659155058172,168.0799553107697,170.63336181640625,1380600,0.0,0.0
2023-04-24 00:00:00-04:00,171.08794683612487,172.31629453355362,170.2077916057509,170.63336181640625,625000,0.0,0.0
2023-04-25 00:00:00-04:00,168.58291938682078,168.87308226349765,164.86887588858818,166.89031982421875,783000,0.0,0.0
2023-04-26 00:00:00-04:00,164.7334571292738,165.1493459090745,158.99795533349103,160.18760681152344,1028900,0.0,0.0
2023-04-27 00:00:00-04:00,161.31922497643689,165.1880236207222,160.33269194811697,164.4916534423828,654600,0.0,0.0
2023-04-28 00:00:00-04:00,164.365911248186,170.15942771927257,163.97902253234756,169.54042053222656,966900,0.0,0.0
2023-05-01 00:00:00-04:00,169.51138373918127,170.99119783439258,169.25991717522092,170.68170166015625,532700,0.0,0.0
2023-05-02 00:00:00-04:00,170.2077832553876,170.2077832553876,166.45505880378911,169.5500946044922,552200,0.0,0.0
2023-05-03 00:00:00-04:00,169.92730401364452,172.90628062150677,168.66994155291835,169.201904296875,506300,0.0,0.0
2023-05-04 00:00:00-04:00,168.9117336233143,170.44957740953998,167.7607637647687,169.2309112548828,568600,0.0,0.0
2023-05-05 00:00:00-04:00,169.57911656953377,173.8057743214678,169.11486486940743,173.2447967529297,532500,0.0,0.0
2023-05-08 00:00:00-04:00,174.49245898498083,174.7052440478983,171.74561604696387,172.44198608398438,453800,0.0,0.0
2023-05-09 00:00:00-04:00,171.84237239452452,172.2002315680887,169.46306934917348,170.14010620117188,555600,0.0,0.0
2023-05-10 00:00:00-04:00,171.75532355640084,172.18089378339766,168.44750237151123,170.817138671875,487100,0.0,0.0
2023-05-11 00:00:00-04:00,172.22288399266108,172.92092884254728,170.2160161443436,170.9625244140625,565100,0.42,0.0
2023-05-12 00:00:00-04:00,171.31156961210272,172.33924277952718,169.43072711618595,170.64260864257812,558400,0.0,0.0
2023-05-15 00:00:00-04:00,170.80741815787894,170.80741815787894,168.72298790597452,170.1869354248047,477700,0.0,0.0
2023-05-16 00:00:00-04:00,169.30467734041036,170.0414958776754,165.6884127303266,165.814453125,636100,0.0,0.0
2023-05-17 00:00:00-04:00,166.7355009421988,167.4044619003179,164.0305879305384,166.87123107910156,755300,0.0,0.0
2023-05-18 00:00:00-04:00,166.88093790329557,169.13018231638145,162.8768766191623,165.48484802246094,973000,0.0,0.0
2023-05-19 00:00:00-04:00,166.05684403437732,166.05684403437732,162.052782955593,163.23558044433594,632500,0.0,0.0
2023-05-22 00:00:00-04:00,164.50563454632552,165.29094618155662,161.0541984157332,163.70095825195312,647400,0.0,0.0
2023-05-23 00:00:00-04:00,163.56521250145462,167.9085912224532,163.33252595099128,166.30889892578125,741500,0.0,0.0
2023-05-24 00:00:00-04:00,165.05824236706852,165.05824236706852,162.04308093091498,163.11923217773438,640200,0.0,0.0
2023-05-25 00:00:00-04:00,162.87687031055745,166.250744196246,162.49876388193266,165.7563018798828,470700,0.0,0.0
2023-05-26 00:00:00-04:00,165.7853866203535,166.50282578284117,164.04997884848586,165.07765197753906,502300,0.0,0.0
2023-05-30 00:00:00-04:00,165.26186837186887,167.05544417515722,163.38102585465043,166.02777099609375,411600,0.0,0.0
2023-05-31 00:00:00-04:00,164.99039952662005,165.86296314453654,160.2883078495074,161.8782958984375,1407400,0.0,0.0
2023-06-01 00:00:00-04:00,162.9059761967843,164.37962841143303,161.64561633399833,164.1663360595703,357700,0.0,0.0
2023-06-02 00:00:00-04:00,165.16491177354328,168.54849035597138,164.41838860337057,167.326904296875,583600,0.0,0.0
2023-06-05 00:00:00-04:00,167.42383938256353,167.4432336268864,162.80898560300074,164.33111572265625,764800,0.0,0.0
2023-06-06 00:00:00-04:00,163.66216922063666,168.44183751348567,163.42949744220155,166.31861877441406,478500,0.0,0.0
2023-06-07 00:00:00-04:00,166.31863870813555,170.24513816805646,165.20369872676312,170.0027618408203,634900,0.0,0.0
2023-06-08 00:00:00-04:00,170.00274108004757,170.56504107230745,166.39618058772962,166.98757934570312,746200,0.0,0.0
2023-06-09 00:00:00-04:00,166.7646019242835,167.23966484863567,164.6220034879611,164.85467529296875,617900,0.0,0.0
2023-06-12 00:00:00-04:00,164.85465476253975,165.27154968372136,161.80071935432548,163.77850341796875,839100,0.0,0.0
2023-06-13 00:00:00-04:00,164.6122901508261,166.0568583012807,163.81730353716617,164.5832061767578,690000,0.0,0.0
2023-06-14 00:00:00-04:00,165.65937378214258,170.46812680874,163.99182340309105,169.07203674316406,801800,0.0,0.0
2023-06-15 00:00:00-04:00,168.00551771434087,172.32951659485013,165.9598615388319,171.53451538085938,523700,0.0,0.0
2023-06-16 00:00:00-04:00,172.56223955860946,173.7935005376,170.3808528120273,171.29217529296875,987300,0.0,0.0
2023-06-20 00:00:00-04:00,170.4293025670522,170.8849711677086,167.84072561063817,168.63572692871094,412700,0.0,0.0
2023-06-21 00:00:00-04:00,167.07482891423126,171.26308358592848,166.75489043062993,170.98193359375,661700,0.0,0.0
2023-06-22 00:00:00-04:00,170.8946919501002,173.19241462360148,169.66341615922855,171.1952362060547,723600,0.0,0.0
2023-06-23 00:00:00-04:00,169.7119107681855,170.40995578841222,168.07344439552767,169.8379364013672,2211900,0.0,0.0
2023-06-26 00:00:00-04:00,169.52771689095974,172.45562737662937,169.52771689095974,171.15647888183594,603100,0.0,0.0
2023-06-27 00:00:00-04:00,171.28251422380652,176.6051041016443,170.56507491479965,173.3184814453125,696800,0.0,0.0
2023-06-28 00:00:00-04:00,173.5995991606803,174.0261838166577,171.709066974849,173.39601135253906,423200,0.0,0.0
2023-06-29 00:00:00-04:00,174.11344453196904,177.00258083216968,173.38631559348804,176.90562438964844,587100,0.0,0.0
2023-06-30 00:00:00-04:00,177.1964812280287,177.1964812280287,174.49155325735742,175.50953674316406,731500,0.0,0.0
2023-07-03 00:00:00-04:00,174.8987428468743,178.5731760636853,174.0165043040211,176.8474578857422,310900,0.0,0.0
2023-07-05 00:00:00-04:00,174.7727076281802,177.00257256068022,172.03869584638593,174.01649475097656,765800,0.0,0.0
2023-07-06 00:00:00-04:00,171.54424820187486,173.75471881959285,170.54565905411084,173.5802001953125,797900,0.0,0.0
2023-07-07 00:00:00-04:00,173.75472132644728,176.68263114227153,173.10515462439733,174.13282775878906,460600,0.0,0.0
2023-07-10 00:00:00-04:00,173.44447570404807,176.39177981918903,173.17301542942658,175.30593872070312,518900,0.0,0.0
2023-07-11 00:00:00-04:00,175.0054120895351,179.83355956831505,175.0054120895351,179.7172088623047,590500,0.0,0.0
2023-07-12 00:00:00-04:00,181.48168542566043,182.7808188766615,178.25323125135426,179.05792236328125,726600,0.0,0.0
2023-07-13 00:00:00-04:00,179.12576374480906,181.03569004773283,178.3404669509776,178.45681762695312,512100,0.0,0.0
2023-07-14 00:00:00-04:00,178.74765944686808,179.34876269833882,177.02194146648105,177.71029663085938,492500,0.0,0.0
2023-07-17 00:00:00-04:00,177.4194555962427,179.37786028652744,174.86965212889814,177.78787231445312,891100,0.0,0.0
2023-07-18 00:00:00-04:00,179.74625964457593,182.97471376241083,179.36815320519753,182.43179321289062,1369800,0.0,0.0
2023-07-19 00:00:00-04:00,189.04381748599084,190.33326113091013,183.9248313972672,189.2764892578125,2237900,0.0,0.0
2023-07-20 00:00:00-04:00,188.79173287607787,189.17954381043455,185.4760270530695,186.19346618652344,932800,0.0,0.0
2023-07-21 00:00:00-04:00,184.67133176760416,191.15732341026566,184.2059734505335,189.62550354003906,959300,0.0,0.0
2023-07-24 00:00:00-04:00,188.05492353321156,193.57141045020103,187.31810491193377,192.29165649414062,883200,0.0,0.0
2023-07-25 00:00:00-04:00,191.87475938803215,194.39546379160902,191.7390292647124,193.6683349609375,750400,0.0,0.0
2023-07-26 00:00:00-04:00,194.1531093653284,196.98406282279714,193.7265394965117,196.64474487304688,1021600,0.0,0.0
2023-07-27 00:00:00-04:00,196.80957540671486,197.6724345298131,193.33874466619696,194.00770568847656,820600,0.0,0.0
2023-07-28 00:00:00-04:00,195.9951771702037,199.92167623673453,195.30682196068847,199.2720947265625,908000,0.0,0.0
2023-07-31 00:00:00-04:00,199.30116900668816,199.32054845724105,197.05191009076262,197.7208709716797,807900,0.0,0.0
2023-08-01 00:00:00-04:00,197.2070662652788,198.45772152745923,194.2306780497425,197.6530303955078,591100,0.0,0.0
2023-08-02 00:00:00-04:00,196.5575068104586,198.94248152725908,196.09213362234615,198.64193725585938,530100,0.0,0.0
2023-08-03 00:00:00-04:00,197.86471201223407,202.8484943458356,197.15552364036662,202.30445861816406,953500,0.42,0.0
2023-08-04 00:00:00-04:00,202.6250492297113,203.24680644925684,199.74941282439977,200.61404418945312,944200,0.0,0.0
2023-08-07 00:00:00-04:00,201.5952679947998,203.1496685912536,199.00137367325945,201.2163848876953,689900,0.0,0.0
2023-08-08 00:00:00-04:00,199.50658163185267,199.50658163185267,197.5053006138184,199.25399780273438,733700,0.0,0.0
2023-08-09 00:00:00-04:00,199.22486081919396,199.22486081919396,197.12642412156254,197.631591796875,629600,0.0,0.0
2023-08-10 00:00:00-04:00,198.3116259858428,200.58492470463923,195.84401606808197,196.65036010742188,517100,0.0,0.0
2023-08-11 00:00:00-04:00,196.09660445741284,197.74814579532736,195.65941910643514,197.3692626953125,433100,0.0,0.0
2023-08-14 00:00:00-04:00,197.1749698490695,197.21382319320895,194.95994381268963,196.5726318359375,648400,0.0,0.0
2023-08-15 00:00:00-04:00,195.7857004825022,195.90227532602592,193.33752500147625,193.8524169921875,541700,0.0,0.0
2023-08-16 00:00:00-04:00,193.6289749899827,194.92106718022123,186.30389752618893,187.20738220214844,1535300,0.0,0.0
2023-08-17 00:00:00-04:00,187.50855624817845,187.9165830474488,183.9917432469468,184.6329345703125,846900,0.0,0.0
2023-08-18 00:00:00-04:00,182.81625982460923,186.02220221388114,182.1362150326703,185.5655975341797,633300,0.0,0.0
2023-08-21 00:00:00-04:00,185.3907120165063,186.95482225407963,184.1471974601097,186.15818786621094,490000,0.0,0.0
2023-08-22 00:00:00-04:00,186.15815379361067,187.55711111947085,184.70090904981635,185.0117950439453,577100,0.0,0.0
2023-08-23 00:00:00-04:00,184.6912524262314,185.4198750072369,183.45744737171339,185.11871337890625,424900,0.0,0.0
2023-08-24 00:00:00-04:00,185.11868405858004,185.5558545731685,183.80715769095264,183.9626007080078,541000,0.0,0.0
2023-08-25 00:00:00-04:00,183.99175073481055,184.5357864893115,181.85446106047286,182.31106567382812,510500,0.0,0.0
2023-08-28 00:00:00-04:00,183.32139857642912,185.15752648857733,180.9120912495152,181.4949951171875,503100,0.0,0.0
2023-08-29 00:00:00-04:00,181.76704776797385,185.0215529846054,181.50473949491686,183.67117309570312,713000,0.0,0.0
2023-08-30 00:00:00-04:00,183.74885791612346,185.15752495684012,183.74885791612346,184.59405517578125,437800,0.0,0.0
2023-08-31 00:00:00-04:00,184.42890524883916,184.5454949174381,181.41727477684557,182.5247802734375,1002000,0.0,0.0
2023-09-01 00:00:00-04:00,183.82659395545684,186.97424838079755,181.77673546828535,186.26504516601562,685100,0.0,0.0
2023-09-05 00:00:00-04:00,185.55583908619826,185.65299466971442,181.65041884584963,181.77671813964844,772800,0.0,0.0
2023-09-06 00:00:00-04:00,181.990478723317,182.87454427869247,179.02741082137155,180.2903594970703,958600,0.0,0.0
2023-09-07 00:00:00-04:00,180.64007798508078,182.17504437332866,177.39528293815928,180.75665283203125,575100,0.0,0.0
2023-09-08 00:00:00-04:00,180.94125147356445,180.94125147356445,178.56108764042963,179.367431640625,584400,0.0,0.0
2023-09-11 00:00:00-04:00,180.10575929880812,180.79552842729024,178.3279186904397,178.9205322265625,388700,0.0,0.0
2023-09-12 00:00:00-04:00,178.54165433101844,179.37714204849442,176.13234677377753,176.72496032714844,709200,0.0,0.0
2023-09-13 00:00:00-04:00,176.82211412727318,187.54744630579225,175.9866263482359,183.95291137695312,1827300,0.0,0.0
2023-09-14 00:00:00-04:00,185.73071289968036,187.85829282580903,184.20547094586559,185.24496459960938,1507400,0.0,0.0
2023-09-15 00:00:00-04:00,185.63357589111413,189.49041865764713,184.63293555862444,188.82008361816406,1539900,0.0,0.0
2023-09-18 00:00:00-04:00,189.09211114528964,191.2488349373377,188.65494060881778,188.8006591796875,880900,0.0,0.0
2023-09-19 00:00:00-04:00,188.6646424164448,189.16982481428494,185.5947095105992,186.9645233154297,633700,0.0,0.0
2023-09-20 00:00:00-04:00,188.2177565937386,190.5493425038613,187.81943943006866,188.15945434570312,956000,0.0,0.0
2023-09-21 00:00:00-04:00,187.3919951418783,187.5280040849437,183.7877359148515,184.54551696777344,820300,0.0,0.0
2023-09-22 00:00:00-04:00,184.93411033979262,186.828525918865,183.62258387989317,184.0889129638672,509100,0.0,0.0
2023-09-25 00:00:00-04:00,183.64201728999547,186.55650734674686,183.64201728999547,185.03126525878906,440900,0.0,0.0
2023-09-26 00:00:00-04:00,184.08891797028426,184.67180710530923,180.93155364467603,181.16470336914062,604800,0.0,0.0
2023-09-27 00:00:00-04:00,182.65105334253633,184.54548339440313,178.37647463196475,180.30003356933594,781600,0.0,0.0
2023-09-28 00:00:00-04:00,180.47493710878084,182.01961322701538,178.77481796857157,181.0675506591797,744600,0.0,0.0
2023-09-29 00:00:00-04:00,182.50536929399954,183.89460244918558,181.26185471318158,183.1465606689453,692100,0.0,0.0
2023-10-02 00:00:00-04:00,182.00988380956753,182.76764992948424,178.9885289587702,182.077880859375,834400,0.0,0.0
2023-10-03 00:00:00-04:00,180.56235647454346,182.5539274451118,179.8823118275805,181.4852752685547,781400,0.0,0.0
2023-10-04 00:00:00-04:00,182.08759379929197,182.60250061594994,178.70678990865997,181.98074340820312,576500,0.0,0.0
2023-10-05 00:00:00-04:00,181.64071423705167,182.28190552871297,178.72622453734888,180.79551696777344,379700,0.0,0.0
2023-10-06 00:00:00-04:00,179.96975468204357,182.9911098610232,179.54229378358536,181.3104248046875,305700,0.0,0.0
2023-10-09 00:00:00-04:00,180.33893019357532,184.94381488629952,180.05718786010274,184.34149169921875,313200,0.0,0.0
2023-10-10 00:00:00-04:00,184.34149212761838,187.042251669587,183.70030077118656,186.0707550048828,344600,0.0,0.0
2023-10-11 00:00:00-04:00,186.67307244224713,188.363481923344,186.1193270688344,188.2371826171875,675600,0.0,0.0
2023-10-12 00:00:00-04:00,188.95608288351235,189.5292623021418,185.41983596132036,187.38226318359375,578800,0.0,0.0
2023-10-13 00:00:00-04:00,188.22747646610247,190.07331417674118,185.65301626591756,185.9541778564453,849200,0.0,0.0
2023-10-16 00:00:00-04:00,187.7222809603913,194.34789478524556,187.7222809603913,191.1710968017578,1028800,0.0,0.0
2023-10-17 00:00:00-04:00,191.17109116701732,194.4936076107732,189.97615455342307,190.42303466796875,1352400,0.0,0.0
2023-10-18 00:00:00-04:00,180.04744048088136,181.7184155758576,173.38297418083238,173.5772705078125,2521500,0.0,0.0
2023-10-19 00:00:00-04:00,174.30594674591237,177.8421943562249,173.28587218404326,173.7133331298828,1501800,0.0,0.0
2023-10-20 00:00:00-04:00,175.8020337712142,177.0552578806272,170.91539216541733,171.24571228027344,1240300,0.0,0.0
2023-10-23 00:00:00-04:00,170.0118898914141,171.2845479524979,167.66087010720753,167.7580108642578,997800,0.0,0.0
2023-10-24 00:00:00-04:00,168.87526118314062,169.32214133213716,164.53267005569612,167.74832153320312,1188800,0.0,0.0
2023-10-25 00:00:00-04:00,167.2625756796399,167.2625756796399,164.33837611322696,165.1932830810547,635000,0.0,0.0
2023-10-26 00:00:00-04:00,163.38628862749164,165.5721559447804,162.29821719541022,162.99769592285156,1182200,0.0,0.0
2023-10-27 00:00:00-04:00,163.677765267663,164.29952258323019,159.8403561407782,161.2490234375,987400,0.0,0.0
2023-10-30 00:00:00-04:00,162.61881667606315,165.29043234898148,161.61817635538816,164.87269592285156,930600,0.0,0.0
2023-10-31 00:00:00-04:00,165.15445140803106,167.8260675337492,163.96922415907605,166.9711456298828,762700,0.0,0.0
2023-11-01 00:00:00-04:00,167.34029528646778,170.20620739336488,166.60196318086534,168.0203399658203,702200,0.0,0.0
2023-11-02 00:00:00-04:00,169.3513112304698,170.74054439085575,167.18486292433465,167.54432678222656,699000,0.0,0.0
2023-11-03 00:00:00-04:00,169.52615242113527,170.76966685183984,168.00089568217936,170.68223571777344,561200,0.0,0.0
2023-11-06 00:00:00-05:00,170.77936909341028,171.80916787091468,167.2528467571969,169.84674072265625,493200,0.0,0.0
2023-11-07 00:00:00-05:00,168.34095007729832,170.65311700933742,167.96206695030452,169.9342041015625,340900,0.0,0.0
2023-11-08 00:00:00-05:00,170.12846143242504,172.0326010848063,169.92445546987068,170.0118865966797,627400,0.0,0.0
2023-11-09 00:00:00-05:00,170.44037814492773,170.44037814492773,167.12933465289987,167.2656707763672,611100,0.42,0.0
2023-11-10 00:00:00-05:00,168.29798614282842,169.68082853393918,166.96382356037307,169.27182006835938,549000,0.0,0.0
2023-11-13 00:00:00-05:00,168.10322537135212,169.98273277472865,167.64552218884984,169.08680725097656,515700,0.0,0.0
2023-11-14 00:00:00-05:00,172.31989180373108,176.58528869846418,171.70638660044506,173.85855102539062,614700,0.0,0.0
2023-11-15 00:00:00-05:00,174.28706377713715,180.12033450570505,174.28706377713715,177.17935180664062,1043100,0.0,0.0
2023-11-16 00:00:00-05:00,177.79281796773728,178.4744985560268,171.6479151074184,173.99485778808594,652100,0.0,0.0
2023-11-17 00:00:00-05:00,174.89078685063302,175.1634590919995,172.17379742433056,173.42030334472656,880700,0.0,0.0
2023-11-20 00:00:00-05:00,173.5177043030179,174.74474443612903,172.04722057248424,173.20608520507812,564600,0.0,0.0
2023-11-21 00:00:00-05:00,173.02103160967323,176.8482057757188,171.920594774174,175.60169982910156,485000,0.0,0.0
2023-11-22 00:00:00-05:00,176.059420752634,176.9650939886336,174.92978474426752,176.4002685546875,380400,0.0,0.0
2023-11-24 00:00:00-05:00,176.15682995553965,178.601147922381,176.15682995553965,178.26031494140625,230900,0.0,0.0
2023-11-27 00:00:00-05:00,177.23776266603085,177.42279347710738,174.7739641869629,174.93951416015625,446400,0.0,0.0
2023-11-28 00:00:00-05:00,174.87134623961086,176.67292989140736,173.80012309349686,175.89385986328125,427300,0.0,0.0
2023-11-29 00:00:00-05:00,176.8092540991217,179.51651074801717,176.65343713210748,177.28643798828125,520200,0.0,0.0
2023-11-30 00:00:00-05:00,177.23773970287078,181.28889160522203,176.27363895615744,180.42218017578125,1127400,0.0,0.0
2023-12-01 00:00:00-05:00,180.46114469348396,186.5768199582643,179.87685331108983,184.8336639404297,835000,0.0,0.0
2023-12-04 00:00:00-05:00,183.86957109024658,187.6577842599121,183.66507429835477,185.2621612548828,786100,0.0,0.0
2023-12-05 00:00:00-05:00,183.52873616891088,184.63890617719895,180.74357072923718,183.48004150390625,569000,0.0,0.0
2023-12-06 00:00:00-05:00,184.85313703161202,184.85313703161202,181.9997963017925,183.15866088867188,446300,0.0,0.0
2023-12-07 00:00:00-05:00,184.80445780933857,184.83367163669845,181.78556686626143,183.94747924804688,518900,0.0,0.0
2023-12-08 00:00:00-05:00,183.56765910121135,184.82389808153857,180.83118868258444,181.73684692382812,721000,0.0,0.0
2023-12-11 00:00:00-05:00,183.34369254826655,187.91097541943174,182.7886001531414,187.62855529785156,624500,0.0,0.0
2023-12-12 00:00:00-05:00,187.7648852243105,189.66385808780623,186.96634926663296,187.93043518066406,463300,0.0,0.0
2023-12-13 00:00:00-05:00,187.63826609963868,190.95904251065028,183.85005368346688,190.88113403320312,688400,0.0,0.0
2023-12-14 00:00:00-05:00,192.3906070641063,196.63652311285816,191.18306263763802,196.4514923095703,1039300,0.0,0.0
2023-12-15 00:00:00-05:00,196.71443578624414,202.20685805242957,195.29263184088518,196.92868041992188,2340900,0.0,0.0
2023-12-18 00:00:00-05:00,197.89276980053904,198.19465589607913,193.02360088015254,193.26705932617188,818400,0.0,0.0
2023-12-19 00:00:00-05:00,193.79290655837116,195.22444328804158,193.13070677405935,193.6565704345703,809300,0.0,0.0
2023-12-20 00:00:00-05:00,191.81604075611915,198.76921334806568,191.08566542142086,192.4100799560547,808700,0.0,0.0
2023-12-21 00:00:00-05:00,193.14046092941584,196.48070375838142,192.14714628455997,195.3900146484375,643500,0.0,0.0
2023-12-22 00:00:00-05:00,196.62676808715693,198.12646546339465,195.74057584416394,196.42225646972656,378400,0.0,0.0
2023-12-26 00:00:00-05:00,196.07170640083802,198.16545812190407,195.07840655948348,197.47402954101562,291000,0.0,0.0
2023-12-27 00:00:00-05:00,196.90919108035868,197.85381105364436,196.217777404773,196.9578857421875,662400,0.0,0.0
2023-12-28 00:00:00-05:00,198.35043350597016,198.35043350597016,195.30234424281664,196.57806396484375,399100,0.0,0.0
2023-12-29 00:00:00-05:00,196.04246099630342,197.3084477861305,194.12400740653595,194.5135498046875,407000,0.0,0.0
2024-01-02 00:00:00-05:00,194.59147317128816,195.29261982255505,189.68334259575013,190.37477111816406,728900,0.0,0.0
2024-01-03 00:00:00-05:00,189.0893263849635,189.66388481908504,185.71012156668434,186.9274139404297,697100,0.0,0.0
2024-01-04 00:00:00-05:00,184.522010335345,186.24570019190526,182.46722057806252,184.09352111816406,789500,0.0,0.0
2024-01-05 00:00:00-05:00,184.09354857409338,186.81055339756102,183.26579869883628,184.9992218017578,487100,0.0,0.0
2024-01-08 00:00:00-05:00,185.6321809711261,188.71923211397203,184.6194004294968,188.49525451660156,731000,0.0,0.0
2024-01-09 00:00:00-05:00,186.50867473526972,187.69675329506887,185.40823766114605,186.41128540039062,418200,0.0,0.0
2024-01-10 00:00:00-05:00,185.30106986008798,188.05702093410858,184.57069460632175,187.92068481445312,570000,0.0,0.0
2024-01-11 00:00:00-05:00,187.2584917322111,187.2584917322111,183.84034050080302,186.109375,508800,0.0,0.0
2024-01-12 00:00:00-05:00,187.01503918058202,187.9499261806039,185.15502788830295,187.0540008544922,495100,0.0,0.0
2024-01-16 00:00:00-05:00,186.11913062606655,186.76186456777944,183.42162141593786,185.94384765625,534000,0.0,0.0
2024-01-17 00:00:00-05:00,184.54148554267397,188.22257572779765,183.66504115936755,186.69366455078125,943800,0.0,0.0
2024-01-18 00:00:00-05:00,186.995574109825,192.4490345812327,186.995574109825,191.78683471679688,1741000,0.0,0.0
2024-01-19 00:00:00-05:00,198.7594945348093,199.149022130619,190.68640360485495,193.520263671875,2310600,0.0,0.0
2024-01-22 00:00:00-05:00,196.83128314833735,202.45030834206642,196.13012162269413,202.14842224121094,1297500,0.0,0.0
2024-01-23 00:00:00-05:00,202.460039026103,202.6353368352807,199.48011000580135,200.10336303710938,814900,0.0,0.0
2024-01-24 00:00:00-05:00,200.53183334104398,202.14840084626766,197.89275234037535,198.37966918945312,793800,0.0,0.0
2024-01-25 00:00:00-05:00,200.9116402164408,202.06077177772445,198.76920892094833,200.86294555664062,929100,0.0,0.0
2024-01-26 00:00:00-05:00,201.47647137870052,202.52821365065842,198.77894763098053,201.01876831054688,508200,0.0,0.0
2024-01-29 00:00:00-05:00,199.27561243030448,200.7266152616844,198.3212446209463,200.49290466308594,891400,0.0,0.0
2024-01-30 00:00:00-05:00,198.33097335872867,201.83676573562417,198.27254571470885,199.29505920410156,625700,0.0,0.0
2024-01-31 00:00:00-05:00,199.29509895182548,200.4247498265844,195.61400804918512,195.72113037109375,881500,0.0,0.0
2024-02-01 00:00:00-05:00,195.76982084673784,197.01632700615986,191.70893540962504,196.49046325683594,881200,0.0,0.0
2024-02-02 00:00:00-05:00,195.3900206218416,204.0766166718759,194.88362286551848,203.0346221923828,1312300,0.0,0.0
2024-02-05 00:00:00-05:00,201.26223579989076,202.89828436073108,200.12285200229078,201.32066345214844,845000,0.0,0.0
2024-02-06 00:00:00-05:00,201.35962863276276,206.7741424426201,200.87271170943708,205.86846923828125,703800,0.0,0.0
2024-02-07 00:00:00-05:00,207.39738354618723,209.15028734094682,205.6347467629517,208.57571411132812,1044700,0.0,0.0
2024-02-08 00:00:00-05:00,207.3852460537121,209.1416761009069,206.2045450840817,208.2146759033203,739900,0.43,0.0
2024-02-09 00:00:00-05:00,209.28805679194107,210.67368092168138,206.81930194881963,210.36143493652344,502600,0.0,0.0
2024-02-12 00:00:00-05:00,210.36144156738916,211.76658576843695,209.70766209123303,211.3372344970703,486700,0.0,0.0
2024-02-13 00:00:00-05:00,207.79508526278607,210.97617949576795,205.9410847961192,210.83956909179688,646300,0.0,0.0
2024-02-14 00:00:00-05:00,211.1127713784635,213.7766814668985,208.86844503347973,212.29347229003906,793200,0.0,0.0
2024-02-15 00:00:00-05:00,213.51325086853768,214.19630294881213,210.86886033859975,213.48397827148438,571200,0.0,0.0
2024-02-16 00:00:00-05:00,212.83021522122363,213.35713689828592,206.39974282208792,206.57537841796875,1140000,0.0,0.0
2024-02-20 00:00:00-05:00,201.54024254898545,203.0136992368328,191.44079579275268,194.8950958251953,1740300,0.0,0.0
2024-02-21 00:00:00-05:00,195.47084324568127,199.793598698189,194.68043847998374,198.2615966796875,927500,0.0,0.0
2024-02-22 00:00:00-05:00,200.74986459366272,206.5655966970684,200.38882599346718,205.92156982421875,993700,0.0,0.0
2024-02-23 00:00:00-05:00,207.9121856689453,209.20022446349768,206.40945637098108,207.9121856689453,787000,0.0,0.0
2024-02-26 00:00:00-05:00,207.9121993731771,208.04880978295859,202.4380006343174,202.95516967773438,665400,0.0,0.0
2024-02-27 00:00:00-05:00,202.7795074247721,204.36028705882794,200.83768920501637,202.50628662109375,578800,0.0,0.0
2024-02-28 00:00:00-05:00,201.52075028516572,201.84276372315637,199.06174805195752,200.23269653320312,683600,0.0,0.0
2024-02-29 00:00:00-05:00,201.58903195139177,203.26739676664474,198.8080313916208,201.31581115722656,1083400,0.0,0.0
2024-03-01 00:00:00-05:00,200.98405147393962,203.63820917705675,195.69525609344774,198.407958984375,705200,0.0,0.0
2024-03-04 00:00:00-05:00,198.69095873743257,199.49111611552786,196.15390596248307,196.4856719970703,598200,0.0,0.0
2024-03-05 00:00:00-05:00,195.13906111057878,197.81273903235618,192.09459200944397,195.24639892578125,834600,0.0,0.0
2024-03-06 00:00:00-05:00,195.70501787670923,197.5687858533143,194.04617295650579,194.98294067382812,456700,0.0,0.0
2024-03-07 00:00:00-05:00,197.78345351182602,198.02740172230696,195.57815215985144,197.39312744140625,391000,0.0,0.0
2024-03-08 00:00:00-05:00,197.27603608397067,199.48132253556162,195.685488994931,195.74404907226562,414100,0.0,0.0
2024-03-11 00:00:00-04:00,196.4661343429877,198.1054741193561,195.40252368018625,195.70501708984375,378400,0.0,0.0
2024-03-12 00:00:00-04:00,195.9099155123428,197.61755283291254,195.47081175065088,196.39781188964844,316800,0.0,0.0
2024-03-13 00:00:00-04:00,196.68080484375645,197.87127331421027,195.6952594235422,196.59298706054688,380400,0.0,0.0
2024-03-14 00:00:00-04:00,195.6464833348806,195.67575593175727,189.53802492611192,193.4216766357422,865700,0.0,0.0
2024-03-15 00:00:00-04:00,191.70429149979046,193.81199297772721,188.55246951816744,189.22576904296875,918300,0.0,0.0
2024-03-18 00:00:00-04:00,189.16720685251028,189.96734926543812,186.32764602016388,186.57159423828125,726600,0.0,0.0
2024-03-19 00:00:00-04:00,187.10828368809638,189.70389630776435,186.07394562341815,186.21055603027344,824500,0.0,0.0
2024-03-20 00:00:00-04:00,185.55680078911107,190.8455970719475,185.22503474197163,190.3381805419922,873000,0.0,0.0
2024-03-21 00:00:00-04:00,191.00171473629788,194.81705380176706,190.4455056156139,193.06063842773438,819400,0.0,0.0
2024-03-22 00:00:00-04:00,193.5485269913783,193.5485269913783,189.37213458519162,190.07469177246094,524100,0.0,0.0
2024-03-25 00:00:00-04:00,189.41115746927971,189.89905391169304,186.3764410018921,187.35223388671875,740900,0.0,0.0
2024-03-26 00:00:00-04:00,188.41584180131355,190.04541410840432,187.44004893076212,189.02084350585938,566900,0.0,0.0
2024-03-27 00:00:00-04:00,190.05519340811998,191.98725924315625,189.56729694244487,190.4747772216797,533000,0.0,0.0
2024-03-28 00:00:00-04:00,191.76283200670483,195.04149686818104,190.85533683346713,194.42674255371094,632800,0.0,0.0
2024-04-01 00:00:00-04:00,192.1823786653459,194.124211593294,190.00636500719568,191.7237548828125,714600,0.0,0.0
2024-04-02 00:00:00-04:00,190.95290995635904,191.2651559336416,188.80616861075688,190.24058532714844,532700,0.0,0.0
2024-04-03 00:00:00-04:00,190.04541288913018,193.06062415574675,189.1086600774846,192.40682983398438,664400,0.0,0.0
2024-04-04 00:00:00-04:00,192.7386121348118,194.2998717954567,189.08914143545582,189.8112335205078,1097400,0.0,0.0
2024-04-05 00:00:00-04:00,189.8112336908915,191.49935119095187,189.34284239180172,190.60162353515625,392500,0.0,0.0
2024-04-08 00:00:00-04:00,191.46032768041272,193.1289251683961,189.9868709012751,190.1625213623047,540200,0.0,0.0
2024-04-09 00:00:00-04:00,190.34792162393708,190.82605059931714,187.8303742415198,189.742919921875,624900,0.0,0.0
2024-04-10 00:00:00-04:00,185.83000982237536,186.8741005253769,182.86359094755545,183.6344757080078,918200,0.0,0.0
2024-04-11 00:00:00-04:00,183.57588880056207,185.72262980226276,183.39048580183706,184.5516815185547,468100,0.0,0.0
2024-04-12 00:00:00-04:00,182.3561877687237,182.7562515546047,179.61421201403607,180.98031616210938,745500,0.0,0.0
2024-04-15 00:00:00-04:00,182.33665275306717,183.14656260621445,179.77031279004737,180.6192626953125,788800,0.0,0.0
2024-04-16 00:00:00-04:00,180.7656351092393,181.6340901965086,178.38469804587143,178.5603485107422,1526800,0.0,0.0
2024-04-17 00:00:00-04:00,162.95742305170688,168.49016730511542,156.1951850384583,164.06007385253906,3725100,0.0,0.0
2024-04-18 00:00:00-04:00,165.7384279590529,165.7384279590529,159.64947497860632,160.22518920898438,1875900,0.0,0.0
2024-04-19 00:00:00-04:00,162.30363229857994,165.96285561619817,161.63033282583135,163.25015258789062,1480700,0.0,0.0
2024-04-22 00:00:00-04:00,163.84543150781982,164.7334068484198,161.4742464091148,163.32826232910156,1009100,0.0,0.0
2024-04-23 00:00:00-04:00,164.05031965153316,164.7040991957498,162.53785236460956,163.49412536621094,981100,0.0,0.0
2024-04-24 00:00:00-04:00,162.36216537941016,162.41095799788937,158.39069637740178,160.644775390625,1139800,0.0,0.0
2024-04-25 00:00:00-04:00,160.74234677191725,160.90822976428007,159.14204714565722,159.7763214111328,721100,0.0,0.0
2024-04-26 00:00:00-04:00,158.36140132511588,159.32744152292776,156.59521880227493,158.0881805419922,1241200,0.0,0.0
2024-04-29 00:00:00-04:00,157.82474215078972,159.3762492209369,156.94651964528606,158.2345733642578,1034500,0.0,0.0
2024-04-30 00:00:00-04:00,158.82003168064315,159.93243488346016,156.79038085824757,158.6346435546875,1200800,0.0,0.0
2024-05-01 00:00:00-04:00,157.56126725629602,162.4109587449892,156.98555306807626,159.5616455078125,920400,0.0,0.0
2024-05-02 00:00:00-04:00,160.7521256799602,160.97655387509428,158.00038258972438,160.58624267578125,846100,0.0,0.0
2024-05-03 00:00:00-04:00,162.2841213156361,163.59168028053918,161.17171796066472,161.55227661132812,745200,0.0,0.0
2024-05-06 00:00:00-04:00,163.28918038688204,163.28918038688204,161.51324505057087,162.518310546875,596100,0.0,0.0
2024-05-07 00:00:00-04:00,163.29896055944081,165.37738947440764,162.6646861911171,164.04055786132812,804200,0.0,0.0
2024-05-08 00:00:00-04:00,163.3282466119186,165.2603126953463,163.25018138064408,163.6892852783203,429700,0.0,0.0
2024-05-09 00:00:00-04:00,164.10016055031818,167.00571474843036,163.75774934309518,166.32089233398438,944200,0.43,0.0
2024-05-10 00:00:00-04:00,166.575241985734,167.53397236315615,165.9393376595712,166.88829040527344,711900,0.0,0.0
2024-05-13 00:00:00-04:00,167.2600962794378,168.56123819161962,165.58719527015083,165.69480895996094,657600,0.0,0.0
2024-05-14 00:00:00-04:00,166.4578407403477,167.28940221952945,163.5033836829985,164.5110321044922,666700,0.0,0.0
2024-05-15 00:00:00-04:00,166.095895893131,166.81984380358364,163.29795522257677,163.9534149169922,635200,0.0,0.0
2024-05-16 00:00:00-04:00,164.34474374052425,167.36768939029065,164.31539591306512,165.81219482421875,584200,0.0,0.0
2024-05-17 00:00:00-04:00,166.08610876652662,166.74156842347662,160.8717644091004,161.2239532470703,966700,0.0,0.0
2024-05-20 00:00:00-04:00,161.07719219642166,161.53699468513202,160.12823939441796,160.5391387939453,955000,0.0,0.0
2024-05-21 00:00:00-04:00,159.795609580628,159.97171144348408,153.29969447182046,155.9019775390625,1453300,0.0,0.0
2024-05-22 00:00:00-04:00,155.92155546510247,156.21503370495208,154.04322009165196,154.5519256591797,869100,0.0,0.0
2024-05-23 00:00:00-04:00,155.06062783130358,155.1193234723376,152.05723815849564,154.45408630371094,958500,0.0,0.0
2024-05-24 00:00:00-04:00,155.0606468634775,155.794372321822,153.73015743523877,154.19973754882812,462000,0.0,0.0
2024-05-28 00:00:00-04:00,154.14104214740888,155.0704247439303,152.68338378821392,154.95303344726562,602000,0.0,0.0
2024-05-29 00:00:00-04:00,152.66378852499864,153.90623427882866,150.75610562907391,151.29415893554688,910100,0.0,0.0
2024-05-30 00:00:00-04:00,151.73441871670678,154.7671414139436,151.3528821057496,153.5442657470703,649500,0.0,0.0
2024-05-31 00:00:00-04:00,154.27800566797663,157.36943922744425,154.1312665452132,157.26182556152344,1179200,0.0,0.0
2024-06-03 00:00:00-04:00,157.907507819033,158.4749239741311,154.17039225784032,157.1737823486328,808100,0.0,0.0
2024-06-04 00:00:00-04:00,158.24011855957258,159.91301911685238,154.8747621813757,155.07041931152344,724800,0.0,0.0
2024-06-05 00:00:00-04:00,155.53019698968106,155.83346773222806,153.7203501646595,155.706298828125,561400,0.0,0.0
2024-06-06 00:00:00-04:00,155.35413230175837,155.9019782282983,154.600836688925,155.54978942871094,406200,0.0,0.0
2024-06-07 00:00:00-04:00,154.59106237520183,158.39665104768258,154.01385368593276,156.4889678955078,564800,0.0,0.0
2024-06-10 00:00:00-04:00,155.49111618023346,158.81733260057882,155.01174346162153,158.49449157714844,1133300,0.0,0.0
2024-06-11 00:00:00-04:00,157.5259643212938,158.19120155357336,155.88241157667449,157.15420532226562,515200,0.0,0.0
2024-06-12 00:00:00-04:00,158.8955836837746,160.7837116282096,156.41070669631685,157.47705078125,554300,0.0,0.0
2024-06-13 00:00:00-04:00,157.19336489571617,157.39881463126653,154.52260789967434,155.48133850097656,410300,0.0,0.0
2024-06-14 00:00:00-04:00,154.1116947844452,154.62041528431888,149.79738548691597,153.84754943847656,753800,0.0,0.0
2024-06-17 00:00:00-04:00,153.14316527267536,155.11933661173725,152.58554170793778,154.58126831054688,628000,0.0,0.0
2024-06-18 00:00:00-04:00,154.72803431047055,156.39114242911515,151.87139820519886,152.2235870361328,1269900,0.0,0.0
2024-06-20 00:00:00-04:00,151.8127014039109,153.60299354631977,151.08876841128796,151.9985809326172,983800,0.0,0.0
2024-06-21 00:00:00-04:00,151.9985488065248,154.08233371553584,151.323519051342,152.7909698486328,2059600,0.0,0.0
2024-06-24 00:00:00-04:00,153.10405683645325,157.29118256402782,152.97687297084852,154.5421600341797,1297900,0.0,0.0
2024-06-25 00:00:00-04:00,153.7007971845754,154.50299585844687,152.05724452836813,152.8790283203125,846900,0.0,0.0
2024-06-26 00:00:00-04:00,152.87904355195107,155.38349077504566,152.11597025515454,153.7203826904297,516500,0.0,0.0
2024-06-27 00:00:00-04:00,153.3681902921161,154.1410412032288,152.3800971256322,153.71058654785156,645000,0.0,0.0
2024-06-28 00:00:00-04:00,155.17803186521633,158.24011743068695,155.0312927505729,156.52809143066406,1528900,0.0,0.0
2024-07-01 00:00:00-04:00,155.97045026953595,156.53786638258012,154.66932366815325,155.23672485351562,836300,0.0,0.0
2024-07-02 00:00:00-04:00,155.99983374626487,157.3987965600602,154.77695789042264,155.960693359375,600200,0.0,0.0
2024-07-03 00:00:00-04:00,155.6671746335553,157.0759297768297,154.81605795436093,155.26608276367188,387800,0.0,0.0
2024-07-05 00:00:00-04:00,154.65955219850343,155.3443596946341,152.36055453808737,154.85520935058594,824400,0.0,0.0
2024-07-08 00:00:00-04:00,155.9998108667675,156.43025056563974,152.7909713581884,154.61061096191406,625500,0.0,0.0
2024-07-09 00:00:00-04:00,153.2801333207431,153.74972836426628,151.4507159460259,152.1648712158203,501700,0.0,0.0
2024-07-10 00:00:00-04:00,152.7812005034747,156.45960532755248,152.7812005034747,156.3128662109375,739400,0.0,0.0
2024-07-11 00:00:00-04:00,157.5063788672075,161.0086964122224,156.86069696125756,159.76625061035156,882500,0.0,0.0
2024-07-12 00:00:00-04:00,160.50978346920402,164.9121360831348,160.17714992666856,162.55442810058594,1624000,0.0,0.0
2024-07-15 00:00:00-04:00,162.75006173661725,168.85466185397317,162.75006173661725,165.93931579589844,1349800,0.0,0.0
2024-07-16 00:00:00-04:00,165.84150970204527,172.41569044504354,165.84150970204527,172.18089294433594,1977600,0.0,0.0
2024-07-17 00:00:00-04:00,165.4013029893699,166.31111545569226,158.99343055539325,160.34347534179688,2398300,0.0,0.0
2024-07-18 00:00:00-04:00,159.50208599529404,160.17711564003278,156.79220471426797,157.3204803466797,1557000,0.0,0.0
2024-07-19 00:00:00-04:00,157.75095727576047,160.76412463861303,155.2660805479375,160.61737060546875,1235100,0.0,0.0
2024-07-22 00:00:00-04:00,161.34132953727476,162.59355308293775,159.52168986503293,161.13589477539062,938800,0.0,0.0
2024-07-23 00:00:00-04:00,159.14017242573289,163.6892796187071,159.14017242573289,161.5467987060547,817000,0.0,0.0
2024-07-24 00:00:00-04:00,161.6641688240588,161.93809178881995,158.27924229139313,160.24563598632812,841700,0.0,0.0
2024-07-25 00:00:00-04:00,160.41196301811442,171.7896046554474,159.85432446757517,167.07418823242188,1631300,0.0,0.0
2024-07-26 00:00:00-04:00,167.29915941144546,170.2438534046914,166.6926178917887,167.81765747070312,711200,0.0,0.0
2024-07-29 00:00:00-04:00,168.2090246796656,170.31236521275716,166.74157363024804,166.81983947753906,736400,0.0,0.0
2024-07-30 00:00:00-04:00,167.85680874796807,171.1928171780424,167.85680874796807,168.42422485351562,699900,0.0,0.0
2024-07-31 00:00:00-04:00,168.76663417350338,172.5820155388727,166.46763667868092,169.3927459716797,1062400,0.0,0.0
2024-08-01 00:00:00-04:00,169.5394950637395,172.20047386010475,164.83387161895368,165.12734985351562,806100,0.0,0.0
2024-08-02 00:00:00-04:00,162.43019364157962,162.92059335489085,156.27077443965544,160.448974609375,1157100,0.43,0.0
2024-08-05 00:00:00-04:00,156.49632025616637,162.155535913718,152.0434984077167,157.88905334472656,1350400,0.0,0.0
2024-08-06 00:00:00-04:00,157.88906993342846,165.10775350852734,157.49675619277056,160.7824249267578,642500,0.0,0.0
2024-08-07 00:00:00-04:00,161.07665754735183,162.95979032209675,158.76197070563867,159.76239013671875,834900,0.0,0.0
2024-08-08 00:00:00-04:00,161.5670969255425,162.14578000270114,159.28183230198633,160.71380615234375,482400,0.0,0.0
2024-08-09 00:00:00-04:00,160.7137614631168,160.91973588513798,157.80078657021247,159.9585418701172,685600,0.0,0.0
2024-08-12 00:00:00-04:00,160.1645215051182,160.8805007716037,158.39907985107752,159.6446990966797,553400,0.0,0.0
2024-08-13 00:00:00-04:00,160.45874911326084,162.0672591425514,158.9188872431861,160.82164001464844,788800,0.0,0.0
2024-08-14 00:00:00-04:00,160.68433128110235,162.18495282761094,159.9487318968998,160.48817443847656,386900,0.0,0.0
2024-08-15 00:00:00-04:00,164.4015960847582,169.42329935585417,163.54830536755244,164.0485076904297,1354100,0.0,0.0
2024-08-16 00:00:00-04:00,163.6659789590228,167.30475104829625,163.25404503745014,167.08897399902344,784500,0.0,0.0
2024-08-19 00:00:00-04:00,168.43265688100252,172.1989375062509,167.9913001962855,171.9733428955078,1044100,0.0,0.0
2024-08-20 00:00:00-04:00,172.3852637721481,174.2095509014888,167.54993085014888,168.932861328125,881500,0.0,0.0
2024-08-21 00:00:00-04:00,170.4138656355377,172.316618529825,170.37464025142626,172.13026428222656,515200,0.0,0.0
2024-08-22 00:00:00-04:00,171.6888971683843,173.85645494649944,169.45267626499478,170.05096435546875,621900,0.0,0.0
2024-08-23 00:00:00-04:00,171.46333950926874,173.76820886730363,170.31579116705888,173.57205200195312,556200,0.0,0.0
2024-08-26 00:00:00-04:00,174.64112721030546,175.36692410595833,171.8262379076772,172.57164001464844,415400,0.0,0.0
2024-08-27 00:00:00-04:00,172.20874006165823,172.40489692527476,166.7849212190001,168.79556274414062,711600,0.0,0.0
2024-08-28 00:00:00-04:00,168.70727566638033,172.03218456587774,168.70727566638033,170.8258056640625,586000,0.0,0.0
2024-08-29 00:00:00-04:00,171.7870027853313,173.8368848321008,168.60922242099983,168.96231079101562,778800,0.0,0.0
2024-08-30 00:00:00-04:00,169.3938533468905,170.119635249311,165.89239266935186,169.8744354248047,1228300,0.0,0.0
2024-09-03 00:00:00-04:00,169.15843457033245,169.96268210999983,165.97083725797395,169.7665252685547,701400,0.0,0.0
2024-09-04 00:00:00-04:00,169.76652925071298,171.36523672931622,168.02070787902701,169.50172424316406,511000,0.0,0.0
2024-09-05 00:00:00-04:00,168.13840863688256,169.21729380072767,163.18538438545352,166.04931640625,743400,0.0,0.0
2024-09-06 00:00:00-04:00,166.4906536395035,168.03051546941802,164.41136425645135,164.54867553710938,714000,0.0,0.0
2024-09-09 00:00:00-04:00,164.45061409710763,168.64843383395188,164.45061409710763,168.44247436523438,615800,0.0,0.0
2024-09-10 00:00:00-04:00,168.07956193023003,168.65824485915152,166.2062467451396,167.2753143310547,659100,0.0,0.0
2024-09-11 00:00:00-04:00,166.96143189642203,167.1183633491914,162.0770564139789,166.0100555419922,818600,0.0,0.0
2024-09-12 00:00:00-04:00,166.45143737429288,166.51028293125356,162.4007319243424,165.6177520751953,977700,0.0,0.0
2024-09-13 00:00:00-04:00,167.02027749033752,168.128585297806,164.48001133196968,165.4215850830078,662700,0.0,0.0
2024-09-16 00:00:00-04:00,166.46123702431927,167.9520559593667,163.7542366915135,164.18577575683594,713600,0.0,0.0
2024-09-17 00:00:00-04:00,165.65699658411756,167.0399271955941,162.66557067731094,164.7644805908203,1309300,0.0,0.0
2024-09-18 00:00:00-04:00,165.59815617398337,168.76614880226566,164.27408605086464,166.09837341308594,1001800,0.0,0.0
2024-09-19 00:00:00-04:00,169.67827130024568,172.58144368317116,169.4919170470628,171.4633331298828,887600,0.0,0.0
2024-09-20 00:00:00-04:00,170.13923293648583,170.13923293648583,165.4510141088846,165.76486206054688,1132400,0.0,0.0
2024-09-23 00:00:00-04:00,166.49065667034742,167.187030655809,164.76445554410694,166.92221069335938,644400,0.0,0.0
2024-09-24 00:00:00-04:00,167.00071064316856,171.22795347569777,166.8143563708799,171.12986755371094,696800,0.0,0.0
2024-09-25 00:00:00-04:00,171.35544943500003,171.5417887276175,167.79514324621772,168.44247436523438,635000,0.0,0.0
2024-09-26 00:00:00-04:00,169.83520090312973,171.95373086471182,167.51069651508462,168.2168731689453,413900,0.0,0.0
2024-09-27 00:00:00-04:00,170.08040103299223,171.60064285917318,168.66804772262563,169.04075622558594,347500,0.0,0.0
2024-09-30 00:00:00-04:00,169.29575601050854,171.9831512935043,168.12860253006215,169.02113342285156,602800,0.0,0.0
2024-10-01 00:00:00-04:00,167.9520617379651,168.81515486411342,165.40197781126156,166.3435516357422,862800,0.0,0.0
2024-10-02 00:00:00-04:00,165.67659748882576,166.53970556565696,164.77426402932403,164.9115753173828,480400,0.0,0.0
2024-10-03 00:00:00-04:00,163.2344132354596,164.06809859062412,161.9789913831757,163.52865600585938,498800,0.0,0.0
2024-10-04 00:00:00-04:00,165.7550914335517,165.7550914335517,159.73298397655094,161.36111450195312,642700,0.0,0.0
2024-10-07 00:00:00-04:00,159.72315861546787,161.949562064637,158.88947329396015,161.0668487548828,470500,0.0,0.0
2024-10-08 00:00:00-04:00,161.3610890822124,163.53846451032902,160.67453263321352,162.1064910888672,584700,0.0,0.0
2024-10-09 00:00:00-04:00,162.93039324402739,164.14658990044705,161.41996873717753,162.90097045898438,799200,0.0,0.0
2024-10-10 00:00:00-04:00,162.4301617852276,162.87151844748504,160.76280608013914,162.7342071533203,541700,0.0,0.0
2024-10-11 00:00:00-04:00,164.00926473188747,167.86379890514033,163.79348768258572,167.4420623779297,714100,0.0,0.0
2024-10-14 00:00:00-04:00,166.73587851131066,172.2479657059785,165.06852271935944,172.09104919433594,1127100,0.0,0.0
2024-10-15 00:00:00-04:00,172.1302704418418,175.41595395511794,171.021962486975,171.2965850830078,1655900,0.0,0.0
2024-10-16 00:00:00-04:00,184.27256798619663,184.39025910720622,175.0726662267889,176.69097900390625,3017100,0.0,0.0
2024-10-17 00:00:00-04:00,175.19035534317584,176.9557969671629,168.99171193272073,170.1490478515625,1513400,0.0,0.0
2024-10-18 00:00:00-04:00,170.84543354872105,173.67994294512636,170.19810241480738,173.47396850585938,1003900,0.0,0.0
2024-10-21 00:00:00-04:00,173.02281568571223,174.3567033907883,170.6002401113034,174.17034912109375,896300,0.0,0.0
2024-10-22 00:00:00-04:00,172.92470918289686,174.48417636081587,171.31619905050442,172.24795532226562,773000,0.0,0.0
2024-10-23 00:00:00-04:00,171.28679273787301,172.6697233716078,170.19810489345772,172.08123779296875,942200,0.0,0.0
2024-10-24 00:00:00-04:00,172.18911110461713,172.62066516205164,169.413447476853,172.43431091308594,598600,0.0,0.0
2024-10-25 00:00:00-04:00,173.34647479824037,174.56265636004,170.65907931105298,171.47314453125,771000,0.0,0.0
2024-10-28 00:00:00-04:00,172.67951248381314,175.69057334612742,170.94349363171074,175.44537353515625,700900,0.0,0.0
2024-10-29 00:00:00-04:00,175.18056983236104,177.279479810741,173.77801900101468,175.9848175048828,791900,0.0,0.0
2024-10-30 00:00:00-04:00,175.4845992540633,182.10499416288977,175.23939944262528,178.3877716064453,1274500,0.0,0.0
2024-10-31 00:00:00-04:00,177.55407828597416,180.04531663913752,177.02445330201326,177.15194702148438,1184900,0.0,0.0
2024-11-01 00:00:00-04:00,177.79929110052956,179.52549243417604,177.16177755908643,177.48544311523438,771500,0.0,0.0
2024-11-04 00:00:00-05:00,176.98522723059205,179.89820229188865,175.73960795352554,178.49566650390625,742700,0.0,0.0
2024-11-05 00:00:00-05:00,178.27986342488805,182.09517147136802,177.6521525754813,181.99708557128906,622400,0.0,0.0
2024-11-06 00:00:00-05:00,187.7445936064294,192.93303010178624,186.753991735964,189.1177215576172,1925300,0.0,0.0
2024-11-07 00:00:00-05:00,189.1275326119579,189.4511981799305,184.7335558966337,184.89047241210938,702600,0.0,0.0
2024-11-08 00:00:00-05:00,185.30333471999054,189.7368467713727,183.43556174934767,188.8717803955078,1030000,0.43,0.0
2024-11-11 00:00:00-05:00,189.333820386156,197.00153295629178,189.333820386156,193.84597778320312,1212200,0.0,0.0
2024-11-12 00:00:00-05:00,192.6565071385636,194.86835095176795,189.1765461391335,189.27484130859375,1349600,0.0,0.0
2024-11-13 00:00:00-05:00,185.27385415882395,188.20331396803493,181.8626985588267,185.99147033691406,1740800,0.0,0.0
2024-11-14 00:00:00-05:00,186.42402049750217,187.3579070779792,181.0861114638113,181.38101196289062,1114500,0.0,0.0
2024-11-15 00:00:00-05:00,181.5579584344427,182.07896929085013,178.47120836062194,179.2576446533203,751100,0.0,0.0
2024-11-18 00:00:00-05:00,179.7688121255386,182.19692607124023,179.50340169424484,180.87965393066406,756900,0.0,0.0
2024-11-19 00:00:00-05:00,179.916269582015,180.7715109347904,177.03595002607824,177.12442016601562,884200,0.0,0.0
2024-11-20 00:00:00-05:00,176.9475094468273,178.71698754130082,175.33532162742392,178.50071716308594,679600,0.0,0.0
2024-11-21 00:00:00-05:00,179.6508571628822,182.45253179716966,176.8295324960914,178.49087524414062,793100,0.0,0.0
2024-11-22 00:00:00-05:00,179.18881776466577,180.97796063790366,178.21560120174829,179.30677795410156,687000,0.0,0.0
2024-11-25 00:00:00-05:00,182.10847896895794,187.85927904167238,181.57764303918145,185.15591430664062,1285100,0.0,0.0
2024-11-26 00:00:00-05:00,184.63489666653115,187.84943217976743,182.48203297416373,187.6233367919922,932100,0.0,0.0
2024-11-27 00:00:00-05:00,187.99690874214227,189.20604588866703,185.7948898330008,187.08267211914062,501300,0.0,0.0
2024-11-29 00:00:00-05:00,188.22299413186892,189.15688074008057,185.6572547135038,185.90301513671875,457500,0.0,0.0
2024-12-02 00:00:00-05:00,186.31588297398784,186.45350820517112,184.06472419248448,186.0308074951172,470100,0.0,0.0
2024-12-03 00:00:00-05:00,184.80200295790988,184.8118279742825,181.2532220441474,181.87252807617188,475300,0.0,0.0
2024-12-04 00:00:00-05:00,180.98780233053375,183.04235581931596,180.12272086156213,181.99050903320312,519100,0.0,0.0
2024-12-05 00:00:00-05:00,182.31492502821456,182.36406511447308,177.3210712622065,178.76614379882812,627100,0.0,0.0
2024-12-06 00:00:00-05:00,179.80815351804668,180.1030690158671,176.09225724557484,177.92071533203125,750800,0.0,0.0
2024-12-09 00:00:00-05:00,178.23529330240206,182.1477951798067,178.00919790497105,179.2871551513672,663800,0.0,0.0
2024-12-10 00:00:00-05:00,179.37562309946185,181.14510118807905,176.94750886119778,179.1888427734375,745300,0.0,0.0
2024-12-11 00:00:00-05:00,180.09322281339684,180.98779429271607,178.49087516365472,178.92340087890625,665900,0.0,0.0
2024-12-12 00:00:00-05:00,179.19865454417834,180.69288204189323,177.54715178356588,178.07798767089844,656000,0.0,0.0
2024-12-13 00:00:00-05:00,177.6356298850077,178.51053638665394,176.21022243850888,176.74105834960938,538000,0.0,0.0
2024-12-16 00:00:00-05:00,176.67221715938118,177.222717991835,174.5390189336113,175.06985473632812,645000,0.0,0.0
2024-12-17 00:00:00-05:00,174.0868454776508,176.2397091317069,174.05735542759734,174.30311584472656,692900,0.0,0.0
2024-12-18 00:00:00-05:00,174.1949822353753,176.05293040566136,167.05810505745643,167.40216064453125,969000,0.0,0.0
2024-12-19 00:00:00-05:00,167.33335692802055,169.9187613612369,164.86592769709733,165.2493133544922,1144700,0.0,0.0
2024-12-20 00:00:00-05:00,165.65235249035698,168.4736923868043,162.69340235508653,167.3431854248047,2140300,0.0,0.0
2024-12-23 00:00:00-05:00,166.76318720399038,167.9821642667969,165.6818353740793,167.64791870117188,513300,0.0,0.0
2024-12-24 00:00:00-05:00,167.19570885545602,168.76856633761915,166.80248323489747,168.6604461669922,180900,0.0,0.0
2024-12-26 00:00:00-05:00,167.815029785369,169.54517751526635,167.39231411839106,169.0929718017578,268000,0.0,0.0
2024-12-27 00:00:00-05:00,168.4540007935634,170.16449849245615,167.17604377715094,169.0929718017578,298300,0.0,0.0
2024-12-30 00:00:00-05:00,167.8347084903367,168.03131383413788,165.8784650694797,167.44149780273438,388100,0.0,0.0
2024-12-31 00:00:00-05:00,168.39503042845107,169.23060679512741,167.4021488044848,167.76588439941406,340700,0.0,0.0
2025-01-02 00:00:00-05:00,169.23062429494323,170.09570579933472,166.47811950829043,168.29673767089844,538100,0.0,0.0
2025-01-03 00:00:00-05:00,170.56755530014894,173.76244073773475,168.59164693722042,172.83839416503906,610000,0.0,0.0
2025-01-06 00:00:00-05:00,173.44786888386506,176.1119033209133,173.21193349090592,173.40853881835938,619900,0.0,0.0
2025-01-07 00:00:00-05:00,173.65429789424095,174.85360988253044,172.12075535184454,173.4871826171875,595700,0.0,0.0
2025-01-08 00:00:00-05:00,172.39601144880444,175.158356118762,171.12789430495422,174.81430053710938,618300,0.0,0.0
2025-01-10 00:00:00-05:00,171.97332144720926,173.06449835990267,170.54791394865245,171.33433532714844,671200,0.0,0.0
2025-01-13 00:00:00-05:00,170.78380786071142,177.12442299109074,170.38077221678273,176.19053649902344,750000,0.0,0.0
2025-01-14 00:00:00-05:00,177.50785721792485,180.23087208412704,176.56413053142472,178.5400390625,1054300,0.0,0.0
2025-01-15 00:00:00-05:00,181.11560494689968,184.31049041437362,181.11560494689968,183.3864288330078,1025600,0.0,0.0
2025-01-16 00:00:00-05:00,182.698318039466,184.3301559694724,181.21391537418333,183.04237365722656,1734400,0.0,0.0
2025-01-17 00:00:00-05:00,172.03228713811916,175.3746227167926,168.50317124769177,169.52552795410156,3299500,0.0,0.0
2025-01-21 00:00:00-05:00,169.52553600451606,172.9858469444242,169.40757580202768,171.47195434570312,1529800,0.0,0.0
2025-01-22 00:00:00-05:00,170.5282347747111,173.21193425637213,170.0858690359796,171.94381713867188,850900,0.0,0.0
2025-01-23 00:00:00-05:00,172.89737332378212,173.99837519165337,166.55674256677779,167.392333984375,1656100,0.0,0.0
2025-01-24 00:00:00-05:00,166.8614884346619,168.1590955610409,166.17334730701023,167.0777587890625,1112200,0.0,0.0
2025-01-27 00:00:00-05:00,167.75604341557107,171.3244892315681,167.4513029188927,171.1278839111328,994000,0.0,0.0
2025-01-28 00:00:00-05:00,170.616710878465,173.36923057113958,169.41739883379984,169.7319793701172,755000,0.0,0.0
2025-01-29 00:00:00-05:00,169.3092740414004,171.32451260080236,168.1886070620297,169.0143585205078,619500,0.0,0.0
2025-01-30 00:00:00-05:00,168.87672235430668,171.13772120153763,168.07063598270028,170.42010498046875,695400,0.0,0.0
2025-01-31 00:00:00-05:00,169.9678937482672,172.09126729307528,167.9526703840075,168.31639099121094,1401300,0.0,0.0
2025-02-03 00:00:00-05:00,165.8882674051203,168.00180081204994,163.23405812664322,164.46286010742188,1036200,0.0,0.0
2025-02-04 00:00:00-05:00,164.19746505447765,167.47099593684584,164.19746505447765,166.1045684814453,664000,0.0,0.0
2025-02-05 00:00:00-05:00,166.74349666254687,167.90349344809013,165.6424949678127,167.5889129638672,1026500,0.0,0.0
2025-02-06 00:00:00-05:00,169.24045359842626,171.01975658002738,165.98658814588165,166.1635284423828,493700,0.0,0.0
2025-02-07 00:00:00-05:00,166.25223707317838,166.57748929652024,163.44326520842029,163.75865173339844,576800,0.44,0.0
2025-02-10 00:00:00-05:00,164.951229276474,165.93683652238047,162.9898654430178,164.69497680664062,724100,0.0,0.0
2025-02-11 00:00:00-05:00,163.3446890563982,165.27648592768654,162.9504521630774,165.08921813964844,653400,0.0,0.0
2025-02-12 00:00:00-05:00,161.96485860862103,164.21204217706216,161.6888897520879,162.2605438232422,555400,0.0,0.0
2025-02-13 00:00:00-05:00,162.9208819937274,163.87692223265265,161.09750255928074,163.07858276367188,622500,0.0,0.0
2025-02-14 00:00:00-05:00,163.02932089661945,168.39102746855136,163.02932089661945,167.53353881835938,860400,0.0,0.0
2025-02-18 00:00:00-05:00,168.4205951243693,171.93920567603263,166.65634947947834,171.75193786621094,1058900,0.0,0.0
2025-02-19 00:00:00-05:00,169.63287871210605,169.93841457911842,164.6062752973093,166.8140411376953,1131700,0.0,0.0
2025-02-20 00:00:00-05:00,166.56762851483379,168.00662174527514,164.55699630266025,166.11424255371094,705800,0.0,0.0
2025-02-21 00:00:00-05:00,166.63661473366724,166.63661473366724,158.8207419012147,165.2961883544922,1116000,0.0,0.0
2025-02-24 00:00:00-05:00,165.45388816416352,165.63130529373612,160.10204788869459,160.34844970703125,925900,0.0,0.0
2025-02-25 00:00:00-05:00,160.4568905529639,161.02854465972993,156.96783187359458,158.37725830078125,943900,0.0,0.0
2025-02-26 00:00:00-05:00,157.26348686518233,159.68808726286312,156.3961476921627,158.01255798339844,970600,0.0,0.0
2025-02-27 00:00:00-05:00,157.93371652267422,159.0770095417661,156.18918741990473,156.6129913330078,762100,0.0,0.0
2025-02-28 00:00:00-05:00,156.9382289218176,159.76693178860478,156.6425437564762,158.87002563476562,657500,0.0,0.0
2025-03-03 00:00:00-05:00,159.67825114218687,160.6540078925701,155.25288349463565,155.54856872558594,835500,0.0,0.0
2025-03-04 00:00:00-05:00,159.72752419641805,159.72752419641805,153.42949385271066,155.35142517089844,1025900,0.0,0.0
2025-03-05 00:00:00-05:00,154.5235131028395,157.904154001852,154.29682763215004,157.73658752441406,1084300,0.0,0.0
2025-03-06 00:00:00-05:00,157.09593368238293,160.3385748083818,156.50456333664067,159.92462158203125,743500,0.0,0.0
2025-03-07 00:00:00-05:00,159.067170178967,161.98457456254863,157.35220796978305,161.09751892089844,980200,0.0,0.0
2025-03-10 00:00:00-04:00,160.68356444170533,162.17182612030754,156.70171738044647,157.90415954589844,845400,0.0,0.0
2025-03-11 00:00:00-04:00,158.3476682030317,158.3673695203009,151.6849534077071,151.96092224121094,898700,0.0,0.0
2025-03-12 00:00:00-04:00,152.33546819030678,153.015539661738,149.4180788834281,152.22705078125,795500,0.0,0.0
2025-03-13 00:00:00-04:00,151.80324597318292,152.19748289157943,147.14131244964378,147.279296875,1124500,0.0,0.0
2025-03-14 00:00:00-04:00,149.35893538953337,149.35893538953337,144.88428451230862,146.85549926757812,1660700,0.0,0.0
2025-03-17 00:00:00-04:00,145.9585913477655,148.72814564235267,145.44608634520822,147.3088836669922,1426200,0.0,0.0
2025-03-18 00:00:00-04:00,147.68339272956763,147.68339272956763,143.74096356942428,145.0124053955078,1466600,0.0,0.0
2025-03-19 00:00:00-04:00,145.62348536676453,145.80088747023495,142.81449841508604,144.93356323242188,1295300,0.0,0.0
2025-03-20 00:00:00-04:00,145.25880713311292,146.64850198147911,143.9775146489805,145.3770751953125,1081900,0.0,0.0
2025-03-21 00:00:00-04:00,144.332324933612,146.82591001833794,142.26254373829644,146.41195678710938,1121700,0.0,0.0
2025-03-24 00:00:00-04:00,148.0283529474769,150.01928377202304,146.39224132889763,149.83201599121094,974600,0.0,0.0
2025-03-25 00:00:00-04:00,150.3642602166787,150.6008114031304,146.81608265495433,147.7918243408203,972100,0.0,0.0
2025-03-26 00:00:00-04:00,145.46579417712096,150.14742937927548,145.44609285710777,149.2111053466797,2268800,0.0,0.0
2025-03-27 00:00:00-04:00,149.35891738316892,149.7038859394225,147.52568728021123,148.62957763671875,1043200,0.0,0.0
2025-03-28 00:00:00-04:00,148.83654069538687,148.83654069538687,143.66210279673896,144.0169219970703,794900,0.0,0.0
2025-03-31 00:00:00-04:00,142.9130338732748,147.2102815623415,142.69619910150578,145.82057189941406,912300,0.0,0.0
2025-04-01 00:00:00-04:00,144.7955854083126,147.8312579770232,142.91307168226822,147.5651397705078,774800,0.0,0.0
2025-04-02 00:00:00-04:00,145.87973407587938,150.76835300221887,145.36722909748534,150.58108520507812,847800,0.0,0.0
2025-04-03 00:00:00-04:00,144.1647934749102,144.1647934749102,133.47094755007387,134.269287109375,1704500,0.0,0.0
2025-04-04 00:00:00-04:00,132.248775735863,134.8310769994753,125.51708382382706,132.7218780517578,2230400,0.0,0.0
2025-04-07 00:00:00-04:00,131.27304964993493,138.5665382630143,126.24644598472136,130.16917419433594,1788800,0.0,0.0
2025-04-08 00:00:00-04:00,134.62410321402035,134.9887881571439,125.6945031031186,127.59673309326172,1044900,0.0,0.0
2025-04-09 00:00:00-04:00,126.37458217080737,141.30652828164048,125.22142331623391,139.6112823486328,3089500,0.0,0.0
2025-04-10 00:00:00-04:00,138.45810700214037,138.77350855172529,129.62707416219365,132.40647888183594,1405100,0.0,0.0
2025-04-11 00:00:00-04:00,131.99250834409327,132.3867602294505,126.97577153639948,130.9674835205078,1976800,0.0,0.0
2025-04-14 00:00:00-04:00,132.84014087121994,136.41789991828486,130.72109134853127,135.83639526367188,1620400,0.0,0.0
2025-04-15 00:00:00-04:00,135.89551061072763,137.00923639766827,131.70668047116916,133.16537475585938,1446200,0.0,0.0
2025-04-16 00:00:00-04:00,126.15773168741981,129.45952208709593,121.02271866718071,122.93479919433594,2965300,0.0,0.0
2025-04-17 00:00:00-04:00,124.25551795727979,128.27679021885808,123.93026572801185,127.37003326416016,1950100,0.0,0.0
2025-04-21 00:00:00-04:00,125.46780725169128,125.48751608828036,121.38739379536688,125.29039764404297,1683100,0.0,0.0
2025-04-22 00:00:00-04:00,126.44355705549627,127.66571555210106,124.79760214770494,126.67025756835938,1498500,0.0,0.0
2025-04-23 00:00:00-04:00,130.7112316702504,134.48610932873703,127.78397686770563,128.4837646484375,1856200,0.0,0.0
2025-04-24 00:00:00-04:00,127.35031175745588,131.47999325455294,126.50268897168816,131.0660400390625,1200100,0.0,0.0
2025-04-25 00:00:00-04:00,128.93716219849395,129.34124978677391,126.51256147293996,127.86283874511719,1960400,0.0,0.0
2025-04-28 00:00:00-04:00,128.257102071093,130.16918292723128,127.78399966766054,129.06529235839844,1115500,0.0,0.0
2025-04-29 00:00:00-04:00,128.44435800527515,129.69606852067596,126.90679789518222,128.523193359375,1118800,0.0,0.0
2025-04-30 00:00:00-04:00,126.34499139687269,128.9469938449602,124.23579255667428,128.70059204101562,1553800,0.0,0.0
2025-05-01 00:00:00-04:00,128.690760871303,129.78477060888295,126.78853083641631,127.93183898925781,1770400,0.0,0.0
2025-05-02 00:00:00-04:00,130.06073947317594,132.96827785610384,129.19340027966732,131.64756774902344,1401900,0.0,0.0
2025-05-05 00:00:00-04:00,130.12973506798164,132.86972225259063,130.12973506798164,131.68699645996094,1595700,0.0,0.0
2025-05-06 00:00:00-04:00,130.13956299325312,131.09560314308615,128.78928599447053,128.9864044189453,863100,0.0,0.0
2025-05-07 00:00:00-04:00,129.62707258492102,131.7658385598087,129.62707258492102,131.03648376464844,1041100,0.0,0.0
2025-05-08 00:00:00-04:00,132.85986150331667,136.3587702801347,131.6081360735851,135.50128173828125,1773400,0.0,0.0
2025-05-09 00:00:00-04:00,135.50129514913576,137.0734539437031,133.3952212521035,134.0082550048828,1222600,0.44,0.0
2025-05-12 00:00:00-04:00,144.1332666463147,151.30186205386246,143.0258319928483,147.05014038085938,2835200,0.0,0.0
2025-05-13 00:00:00-04:00,147.69284854781733,148.6915177867715,145.63620125950396,145.66587829589844,1365600,0.0,0.0
2025-05-14 00:00:00-04:00,145.46811833475914,148.3157862589182,143.98496047216994,146.22947692871094,1153800,0.0,0.0
2025-05-15 00:00:00-04:00,145.47799939628771,146.61508092844522,144.6869789407841,146.19979858398438,730700,0.0,0.0
2025-05-16 00:00:00-04:00,145.88338153201408,147.04025778959078,145.13192041199108,146.38766479492188,849200,0.0,0.0
2025-05-19 00:00:00-04:00,144.26179806842384,144.87484683745203,143.3125855993805,144.59799194335938,791500,0.0,0.0
2025-05-20 00:00:00-04:00,143.78721110789675,145.50767968391622,142.6600117201494,143.39170837402344,957100,0.0,0.0
2025-05-21 00:00:00-04:00,141.60200975395986,141.88874692459353,137.51837757546008,137.80511474609375,1519900,0.0,0.0
2025-05-22 00:00:00-04:00,137.77546522212688,138.170983012491,135.67927373931056,137.4689483642578,1727400,0.0,0.0
2025-05-23 00:00:00-04:00,134.93768400072986,136.63837264383145,134.89812468114528,135.87701416015625,793100,0.0,0.0
2025-05-27 00:00:00-04:00,138.09189123347002,139.2487525799744,136.43074654716932,138.42807006835938,830900,0.0,0.0
2025-05-28 00:00:00-04:00,138.73455997826414,139.3871529455511,136.96466520785066,137.08331298828125,578400,0.0,0.0
2025-05-29 00:00:00-04:00,138.05233190732875,138.85323475587313,136.0846854244758,138.42807006835938,1421400,0.0,0.0
2025-05-30 00:00:00-04:00,138.22040266299356,138.96198150966433,136.19343255206167,137.2909698486328,1193900,0.0,0.0
2025-06-02 00:00:00-04:00,135.54084134430545,135.74847497515032,133.6819455160003,135.11566162109375,1084500,0.0,0.0
2025-06-03 00:00:00-04:00,135.11565708486157,139.59479202080587,134.4828437520504,139.0509796142578,869900,0.0,0.0
2025-06-04 00:00:00-04:00,138.93233745095995,139.31795789738072,137.00423521885614,138.53683471679688,790300,0.0,0.0
2025-06-05 00:00:00-04:00,137.77545335738327,138.94221187915397,136.83612320328444,137.55792236328125,684600,0.0,0.0
2025-06-06 00:00:00-04:00,139.1202155463399,140.40562214686722,137.77548504058967,138.63572692871094,421800,0.0,0.0
2025-06-09 00:00:00-04:00,140.1188581086492,141.08785024603148,138.36872780200525,140.0496368408203,786600,0.0,0.0
2025-06-10 00:00:00-04:00,141.26582056449723,145.15170153794224,139.80244254232215,143.5498809814453,1111800,0.0,0.0
2025-06-11 00:00:00-04:00,144.04427561547777,144.37057213590555,139.1696376454377,139.3179473876953,740000,0.0,0.0
2025-06-12 00:00:00-04:00,138.32917129949846,139.62447505451055,136.63837993974184,139.3377227783203,601100,0.0,0.0
2025-06-13 00:00:00-04:00,137.5875718819438,139.47612939313382,137.50848342528622,138.27972412109375,833500,0.0,0.0
2025-06-16 00:00:00-04:00,139.7826563319229,141.61189008951993,138.61591291839878,140.8900909423828,944300,0.0,0.0
2025-06-17 00:00:00-04:00,139.65414308992393,141.1373008815386,137.04378598018056,137.5282745361328,957000,0.0,0.0
2025-06-18 00:00:00-04:00,137.4887322976289,139.0213317220555,136.53950465872205,137.4491729736328,1295200,0.0,0.0
2025-06-20 00:00:00-04:00,138.54671391723122,139.32785216787073,137.3503083661976,138.06222534179688,1876500,0.0,0.0
2025-06-23 00:00:00-04:00,138.16107380054558,141.20649263184592,137.35028880282326,141.0878448486328,1081200,0.0,0.0
2025-06-24 00:00:00-04:00,142.05684496904155,143.11483805395505,141.36470771545635,141.8195343017578,1025900,0.0,0.0
2025-06-25 00:00:00-04:00,141.6712287417909,141.89864204164732,140.17818868735654,141.13729858398438,496100,0.0,0.0
2025-06-26 00:00:00-04:00,141.433923447551,142.49191660390656,140.70224191040793,141.67123413085938,516800,0.0,0.0
2025-06-27 00:00:00-04:00,142.28426546438104,144.22226495997836,142.22494156642236,143.70809936523438,900800,0.0,0.0
2025-06-30 00:00:00-04:00,143.7081091474059,144.2321570649944,141.78000689519718,141.98765563964844,1060700,0.0,0.0
2025-07-01 00:00:00-04:00,142.1656142676855,152.48839471447715,141.77011156578106,149.38365173339844,1414300,0.0,0.0
2025-07-02 00:00:00-04:00,149.45286617620042,151.8951339684546,148.8002881907403,151.3018798828125,919000,0.0,0.0
2025-07-03 00:00:00-04:00,151.47985130938426,152.27087184294388,150.03625279154014,151.1634521484375,478000,0.0,0.0
2025-07-07 00:00:00-04:00,149.75939769688978,151.75670605970618,146.89195015194355,147.88072204589844,781000,0.0,0.0
2025-07-08 00:00:00-04:00,148.21690241776608,152.55761047409132,148.21690241776608,151.33154296875,888900,0.0,0.0
2025-07-09 00:00:00-04:00,151.95444941689058,152.90367702357042,150.49107131540927,150.95579528808594,913900,0.0,0.0
2025-07-10 00:00:00-04:00,151.0942279090651,156.07764661148386,150.28344281648532,152.9234619140625,891100,0.0,0.0
2025-07-11 00:00:00-04:00,152.12254275464156,152.8047826020499,150.30319123250635,151.84568786621094,884700,0.0,0.0
2025-07-14 00:00:00-04:00,150.48117606352804,151.60837526264788,148.63217770651855,150.49105834960938,885100,0.0,0.0
2025-07-15 00:00:00-04:00,151.1337886258401,151.56883558168198,146.83262489199893,147.18858337402344,1781500,0.0,0.0
2025-07-16 00:00:00-04:00,156.06774245922162,156.08752212036552,147.60385798493218,149.73960876464844,2429900,0.0,0.0
2025-07-17 00:00:00-04:00,149.92747496996836,151.93468054519283,149.2452200043822,150.97557067871094,1280800,0.0,0.0
2025-07-18 00:00:00-04:00,152.90366899334632,152.982772547037,145.50766022905867,147.21823120117188,1636600,0.0,0.0
2025-07-21 00:00:00-04:00,147.27756673408928,149.2551104702636,145.2901407107202,145.94273376464844,1133000,0.0,0.0
2025-07-22 00:00:00-04:00,146.80296354842827,150.93602280194867,146.5063289642731,150.22410583496094,987200,0.0,0.0
2025-07-23 00:00:00-04:00,151.321628984803,151.6182635410234,147.9795905746033,148.15756225585938,1362100,0.0,0.0
2025-07-24 00:00:00-04:00,147.9894737133282,149.1067906769601,145.7152955524888,148.04879760742188,1188600,0.0,0.0
2025-07-25 00:00:00-04:00,149.20565793849417,150.48118200394498,146.01192926282178,147.63351440429688,980500,0.0,0.0
2025-07-28 00:00:00-04:00,147.48520494415237,149.2649971972417,145.5768675293937,146.72384643554688,1100800,0.0,0.0
2025-07-29 00:00:00-04:00,146.53598167340354,147.92027128301396,144.83529292478497,145.13192749023438,1206600,0.0,0.0
2025-07-30 00:00:00-04:00,145.23079006754986,145.48786527442456,140.94940685667828,142.25457763671875,1148000,0.0,0.0
2025-07-31 00:00:00-04:00,141.15707766858665,143.9948634148727,141.11753342920522,142.43260192871094,1128600,0.0,0.0
2025-08-01 00:00:00-04:00,140.89995669241577,141.0977080001066,137.12284183945343,137.9929656982422,1173900,0.0,0.0
2025-08-04 00:00:00-04:00,138.27974280636784,140.77143688915172,137.5282665794511,140.4649200439453,905000,0.0,0.0
2025-08-05 00:00:00-04:00,141.22628327548813,141.98764181439324,139.51571222213332,141.63168334960938,689800,0.0,0.0
2025-08-06 00:00:00-04:00,142.04696068702432,142.8478634325983,140.84065788166637,141.8986358642578,823900,0.0,0.0
2025-08-07 00:00:00-04:00,142.73908221208546,142.9071715894088,138.25006536412377,138.75433349609375,927100,0.0,0.0
2025-08-08 00:00:00-04:00,139.3990749200045,140.35128819895078,137.98069107434398,138.30801391601562,990300,0.44,0.0
2025-08-11 00:00:00-04:00,138.1790618252474,139.42884267626982,135.3125238069031,136.66148376464844,1022400,0.0,0.0
2025-08-12 00:00:00-04:00,138.16914473052552,141.83910454850363,137.5144990771526,141.6704864501953,1139300,0.0,0.0
2025-08-13 00:00:00-04:00,142.007703716081,144.88416977854493,141.03566387044822,144.66595458984375,1002000,0.0,0.0
2025-08-14 00:00:00-04:00,142.80124465476922,143.56499798924582,141.01585412900715,143.27734375,745000,0.0,0.0
2025-08-15 00:00:00-04:00,144.1799441037323,144.29896508072852,142.05731758277756,142.2854461669922,544600,0.0,0.0
2025-08-18 00:00:00-04:00,142.38462832533065,143.21780536345352,140.97615805567116,141.3629913330078,507300,0.0,0.0
2025-08-19 00:00:00-04:00,143.7831836112628,148.5938009666879,141.5216793211764,146.0347442626953,1082200,0.0,0.0
2025-08-20 00:00:00-04:00,145.51899898190024,145.69753045763554,141.26381719121042,141.3729248046875,991000,0.0,0.0
2025-08-21 00:00:00-04:00,140.17275411718222,142.37471795991723,139.5974608123537,142.23585510253906,1216800,0.0,0.0
2025-08-22 00:00:00-04:00,142.3945580914437,150.76604345208,142.007724769562,148.921142578125,1224700,0.0,0.0
2025-08-25 00:00:00-04:00,147.8201259871139,147.88956496967313,141.5315997501062,141.5911102294922,2156000,0.0,0.0
2025-08-26 00:00:00-04:00,140.82737675911142,143.27732606866726,139.6470349701049,143.1483917236328,1399300,0.0,0.0
2025-08-27 00:00:00-04:00,142.87065211028613,145.44955092182727,142.4342368184872,144.6064453125,1211700,0.0,0.0
2025-08-28 00:00:00-04:00,144.87427347424185,145.83640016510475,141.7597647936403,142.8111572265625,1213400,0.0,0.0
2025-08-29 00:00:00-04:00,142.60284554121907,144.22953102984522,142.18625701625666,143.8129425048828,785400,0.0,0.0
2025-09-02 00:00:00-04:00,141.79944324034525,143.1484032312353,141.4721203967929,143.07896423339844,864000,0.0,0.0
2025-09-03 00:00:00-04:00,142.39455115441527,144.20969669479072,142.10691208699456,144.1997833251953,770900,0.0,0.0
2025-09-04 00:00:00-04:00,144.15018305422294,144.31880114314885,140.1529006319791,144.1005859375,930400,0.0,0.0
2025-09-05 00:00:00-04:00,141.71015240633383,146.7687558003469,141.59113142974104,142.56317138671875,891800,0.0,0.0
2025-09-08 00:00:00-04:00,142.37470071476542,142.5631606701478,139.3395449604786,141.8291778564453,1445600,0.0,0.0
2025-09-09 00:00:00-04:00,141.70023214291115,141.70023214291115,139.2106143158319,139.85533142089844,694400,0.0,0.0
2025-09-10 00:00:00-04:00,139.20068483160173,140.113214249464,134.58844062650027,135.8282928466797,1345600,0.0,0.0
2025-09-11 00:00:00-04:00,135.50099184095086,140.7480406214239,134.62813089436406,140.30169677734375,1084200,0.0,0.0
2025-09-12 00:00:00-04:00,140.21241958988452,140.21241958988452,136.6416388588938,136.8102569580078,652700,0.0,0.0
2025-09-15 00:00:00-04:00,137.31613256455933,137.31613256455933,134.67772307996677,135.24310302734375,1017000,0.0,0.0
2025-09-16 00:00:00-04:00,135.828301205058,136.8598516563626,135.10423170169278,136.6813201904297,964000,0.0,0.0
2025-09-17 00:00:00-04:00,136.8598506540027,139.88509326222896,133.16013566619324,133.42794799804688,1799600,0.0,0.0
2025-09-18 00:00:00-04:00,134.83642289443958,135.14390385042094,132.78322017301656,133.96356201171875,1140000,0.0,0.0
2025-09-19 00:00:00-04:00,133.9139438556835,134.39005797233136,130.8093644035369,131.4441680908203,2214400,0.0,0.0
2025-09-22 00:00:00-04:00,131.4442002659834,131.4442002659834,129.34140024001226,129.58937072753906,1644800,0.0,0.0
2025-09-23 00:00:00-04:00,130.39278644478455,131.69214916482986,129.72821232843097,130.90855407714844,1066600,0.0,0.0
2025-09-24 00:00:00-04:00,130.1448236974375,132.30711885736352,129.85716948649065,131.7913360595703,1247700,0.0,0.0
2025-09-25 00:00:00-04:00,131.79133521163413,133.24940272693982,130.06547049672062,131.3251495361328,1047200,0.0,0.0
2025-09-26 00:00:00-04:00,131.53345126473266,133.72551678811138,129.0636600372493,133.36843872070312,2027700,0.0,0.0
2025-09-29 00:00:00-04:00,134.90584175209355,134.90584175209355,131.93019627307,133.70567321777344,1106600,0.0,0.0
2025-09-30 00:00:00-04:00,132.93200381243625,133.43785808467766,130.64075926329096,133.08078002929688,1085300,0.0,0.0
2025-10-01 00:00:00-04:00,132.01947844576895,133.2295754966674,130.78953952037108,131.60287475585938,840700,0.0,0.0
2025-10-02 00:00:00-04:00,131.344986272972,134.39007066681847,131.07717394892424,133.11053466796875,1277800,0.0,0.0
2025-10-03 00:00:00-04:00,133.4378593918974,138.66508079592793,133.4378593918974,136.83009338378906,1212100,0.0,0.0
2025-10-06 00:00:00-04:00,136.31429823845443,140.95631258285144,135.37201362643518,140.51988220214844,1150500,0.0,0.0
2025-10-07 00:00:00-04:00,140.0438062240769,141.16463760097645,137.10782917548372,138.86346435546875,1523200,0.0,0.0
2025-10-08 00:00:00-04:00,138.91305839665563,145.67768485439044,137.7228031841272,145.36029052734375,1448200,0.0,0.0
2025-10-09 00:00:00-04:00,146.32240322505984,147.43330596638927,141.34315249246154,141.46217346191406,1791100,0.0,0.0
2025-10-10 00:00:00-04:00,142.61275739669344,143.46577631063388,135.3521908266848,135.97706604003906,1578600,0.0,0.0
2025-10-13 00:00:00-04:00,136.70116581034478,138.10963624154078,136.1556277579656,136.99871826171875,1135100,0.0,0.0
2025-10-14 00:00:00-04:00,135.99690858143973,138.71467004966004,135.40177347207586,138.23855590820312,946200,0.0,0.0
2025-10-15 00:00:00-04:00,138.4865371446549,139.9644465293502,136.8697800431863,137.7029571533203,2240700,0.0,0.0
2025-10-16 00:00:00-04:00,161.6668210500215,168.33226799884622,157.5802577165098,168.1934051513672,6506000,0.0,0.0
2025-10-17 00:00:00-04:00,168.55046491259634,168.60999053318463,161.63706277671594,163.51171875,2979200,0.0,0.0
2025-10-20 00:00:00-04:00,165.07888636196472,166.5270404989159,163.30342453853103,164.1465301513672,1603600,0.0,0.0
2025-10-21 00:00:00-04:00,164.16635370656417,167.9355076295022,163.27366612727783,167.60818481445312,1182900,0.0,0.0
2025-10-22 00:00:00-04:00,167.7371432751207,168.91748511943197,165.9914366362994,167.16184997558594,1711200,0.0,0.0
2025-10-23 00:00:00-04:00,169.26461392267478,171.0896878380841,163.23398622494483,165.38636779785156,1782100,0.0,0.0
2025-10-24 00:00:00-04:00,166.93371296434452,167.826400546407,163.5613057028425,163.7696075439453,1163900,0.0,0.0
2025-10-27 00:00:00-04:00,165.97158958969553,167.37014661214667,164.087005018579,166.40802001953125,1147600,0.0,0.0
2025-10-28 00:00:00-04:00,166.6658921154653,167.37013482947066,164.51351049704232,165.20782470703125,994600,0.0,0.0
2025-10-29 00:00:00-04:00,164.98962947543265,170.12758552100388,164.98962947543265,167.50901794433594,1636700,0.0,0.0
2025-10-30 00:00:00-04:00,166.84444738912188,167.6081854924103,164.8606837516478,165.2871856689453,1093500,0.0,0.0
2025-10-31 00:00:00-04:00,163.56130755734165,167.75697859138708,162.3809808940943,167.48916625976562,1160800,0.0,0.0
2025-11-03 00:00:00-05:00,167.48917397903895,169.1059462780871,164.99955592193643,168.3719482421875,1153500,0.0,0.0
2025-11-04 00:00:00-05:00,168.38187008676684,172.55769964907432,167.618131901896,171.23849487304688,2472300,0.0,0.0
2025-11-05 00:00:00-05:00,169.78041891410956,171.1888893619672,166.9932332638837,168.86788940429688,1099300,0.0,0.0
2025-11-06 00:00:00-05:00,167.94541478537448,168.76866326822227,165.11854591878355,167.6577606201172,1108900,0.0,0.0
2025-11-07 00:00:00-05:00,167.28983940706857,170.92960531136347,167.1207812322024,170.0146942138672,947400,0.44,0.0
2025-11-10 00:00:00-05:00,170.18375704901536,170.18375704901536,165.66885206938582,167.54840087890625,1134300,0.0,0.0
2025-11-11 00:00:00-05:00,167.31967585584255,168.59259699015354,164.08764645595258,167.10089111328125,1214400,0.0,0.0
2025-11-12 00:00:00-05:00,167.63790948142375,169.51745823170913,167.05116031882244,168.32408142089844,831000,0.0,0.0
2025-11-13 00:00:00-05:00,167.38927620870996,169.099751450666,164.56496855123189,165.390380859375,733400,0.0,0.0
2025-11-14 00:00:00-05:00,164.54511577413487,165.67881167610915,161.37275206240918,161.90975952148438,1722200,0.0,0.0
2025-11-17 00:00:00-05:00,161.86002435610064,162.40698620396253,158.13075972215594,159.41363525390625,1414400,0.0,0.0
2025-11-18 00:00:00-05:00,158.79705183351726,161.95947610693437,156.9473511582338,161.13406372070312,1364700,0.0,0.0
2025-11-19 00:00:00-05:00,160.5771685445345,162.3572642367867,158.88657156417057,159.03573608398438,918300,0.0,0.0
2025-11-20 00:00:00-05:00,160.60699563446155,161.48213458413443,157.2755131846612,158.041259765625,1269900,0.0,0.0
2025-11-21 00:00:00-05:00,158.7274388548572,167.53844818858167,158.45892756807248,165.5097198486328,1780400,0.0,0.0
2025-11-24 00:00:00-05:00,164.75393870815492,166.60365458877254,164.3462021296321,165.728515625,1297800,0.0,0.0
2025-11-25 00:00:00-05:00,166.8522660719939,171.6456213609483,166.8423268293787,171.07876586914062,1103900,0.0,0.0
2025-11-26 00:00:00-05:00,170.6511577211919,174.60914638361785,170.26331480168807,172.44119262695312,852100,0.0,0.0
2025-11-28 00:00:00-05:00,173.0478192993747,174.21134805123785,172.0434094813775,172.99810791015625,339700,0.0,0.0
2025-12-01 00:00:00-05:00,172.54064341101395,179.71078287734463,171.83456263155122,178.73619079589844,1739800,0.0,0.0
2025-12-02 00:00:00-05:00,178.73617989048466,185.52841527104044,177.36382091007067,184.7030029296875,2614800,0.0,0.0
2025-12-03 00:00:00-05:00,184.8024653301998,189.74498520982104,184.55384769108167,186.8809051513672,1936400,0.0,0.0
2025-12-04 00:00:00-05:00,186.6919578196381,189.8941543026507,185.37926454413667,186.5030059814453,1596100,0.0,0.0
2025-12-05 00:00:00-05:00,186.20468105499657,188.07427546889315,185.12069656583034,187.3682098388672,813300,0.0,0.0
2025-12-08 00:00:00-05:00,189.15823417099298,190.81899802965623,188.11403714594664,188.83999633789062,1398500,0.0,0.0
2025-12-09 00:00:00-05:00,188.80024733423687,189.81459640912945,187.58699200207096,188.72068786621094,1128100,0.0,0.0
2025-12-10 00:00:00-05:00,188.45216866872326,198.35710199422888,188.45216866872326,197.03445434570312,1614900,0.0,0.0
2025-12-11 00:00:00-05:00,199.10294841982656,203.29960003129256,198.07862982924874,198.44659423828125,1802900,0.0,0.0
2025-12-12 00:00:00-05:00,199.28194160162488,200.6244828377248,195.45322413157368,197.58139038085938,1211600,0.0,0.0
2025-12-15 00:00:00-05:00,197.72065588262225,198.89412393008942,194.93613511271752,196.5074005126953,1143500,0.0,0.0
2025-12-16 00:00:00-05:00,198.06868990305352,198.44659355313837,194.62783043183052,195.67201232910156,947800,0.0,0.0
2025-12-17 00:00:00-05:00,194.74716314382363,196.18914235843337,192.70849554931257,193.0267333984375,954200,0.0,0.0
2025-12-18 00:00:00-05:00,194.76706774527682,197.27312266305796,192.1317116228065,195.3339080810547,1198500,0.0,0.0
2025-12-19 00:00:00-05:00,194.40905158234256,197.67091374386695,192.94717867267212,196.58692932128906,2096600,0.0,0.0
2025-12-22 00:00:00-05:00,197.61125587980084,199.3416249795742,196.19909430091852,198.4764404296875,691900,0.0,0.0
2025-12-23 00:00:00-05:00,198.17807986339795,199.18248960478402,194.87644569680378,195.94052124023438,856800,0.0,0.0
2025-12-24 00:00:00-05:00,196.46758328745332,197.83995738950625,195.39355336077037,197.19354248046875,280600,0.0,0.0
2025-12-26 00:00:00-05:00,196.14936636824496,197.39245448998406,195.8311285253603,197.18360900878906,349700,0.0,0.0
2025-12-29 00:00:00-05:00,197.31290212584454,197.84990953700708,196.25876578860306,196.45765686035156,473900,0.0,0.0
2025-12-30 00:00:00-05:00,196.1593036654455,196.6764325677978,194.8664889967724,195.12506103515625,686400,0.0,0.0
2025-12-31 00:00:00-05:00,195.1250662986133,195.77146606317862,193.02673290634465,193.26539611816406,623800,0.0,0.0
2026-01-02 00:00:00-05:00,193.36485239038382,196.1593121533565,192.46981980822835,195.69190979003906,714600,0.0,0.0
2026-01-05 00:00:00-05:00,196.1990972557595,202.23554105866614,195.48309238692926,200.9029541015625,957100,0.0,0.0
2026-01-06 00:00:00-05:00,201.3206232588641,205.54712315281571,200.4554387246214,204.40347290039062,1008500,0.0,0.0
2026-01-07 00:00:00-05:00,204.40346853592314,206.68081457488748,202.41452745182596,202.6929931640625,988800,0.0,0.0
2026-01-08 00:00:00-05:00,201.14161842684916,206.0244727228086,201.14161842684916,204.28414916992188,728000,0.0,0.0
2026-01-09 00:00:00-05:00,205.29851645721396,206.84988819073772,202.64328173261873,205.7062530517578,925100,0.0,0.0
2026-01-12 00:00:00-05:00,204.80127451083084,206.31287404745063,202.5736549397289,205.18911743164062,1071300,0.0,0.0
2026-01-13 00:00:00-05:00,205.41782056671775,206.97914650894583,203.52833271854342,204.03550720214844,806600,0.0,0.0
2026-01-14 00:00:00-05:00,202.86206842203308,205.30845766385502,201.9570965106846,204.6719970703125,876100,0.0,0.0
2026-01-15 00:00:00-05:00,205.54712519310775,207.63550429208112,204.1847053637001,205.37806701660156,1298400,0.0,0.0
2026-01-16 00:00:00-05:00,198.70514063350325,208.37139474048934,196.9150907665771,203.2498779296875,2760700,0.0,0.0
2026-01-20 00:00:00-05:00,201.3802701308042,203.22998581157486,198.32723850485496,202.37474060058594,1113800,0.0,0.0
2026-01-21 00:00:00-05:00,204.05540969823576,210.09183790155424,203.19022519625761,208.54046630859375,1034100,0.0,0.0
2026-01-22 00:00:00-05:00,208.19241452698654,210.8277553997165,207.1681110802714,209.5647735595703,856000,0.0,0.0
2026-01-23 00:00:00-05:00,209.52501285111728,210.53937711054627,205.06978881813725,205.60679626464844,980300,0.0,0.0
2026-01-26 00:00:00-05:00,204.97033117241185,206.43220413412703,202.52392687696502,203.97586059570312,769500,0.0,0.0
2026-01-27 00:00:00-05:00,204.035524896842,205.4078991383868,201.3703510546487,201.75819396972656,989000,0.0,0.0
2026-01-28 00:00:00-05:00,201.857631600225,206.05429861023234,201.55928739500607,203.92613220214844,987500,0.0,0.0
2026-01-29 00:00:00-05:00,204.74161086022596,206.16369652670156,202.45432545789475,204.0753173828125,841600,0.0,0.0
2026-01-30 00:00:00-05:00,202.04658403933917,202.58360664522013,198.6753294114568,201.5990753173828,1721700,0.0,0.0
2026-02-02 00:00:00-05:00,201.73828258169203,210.70841057799916,200.72391844123487,210.5393524169922,1244600,0.0,0.0
2026-02-03 00:00:00-05:00,210.8675172847296,219.46969617935596,210.08189226967104,219.39013671875,1991200,0.0,0.0
2026-02-04 00:00:00-05:00,219.2608613715246,228.171324125728,219.2608613715246,226.95806884765625,1982600,0.0,0.0
2026-02-05 00:00:00-05:00,224.25310371559812,227.33596841737494,222.47300814998675,224.00448608398438,1154100,0.0,0.0
2026-02-06 00:00:00-05:00,222.96816183399685,227.41238565939503,222.57954255816094,227.10348510742188,1065200,0.45,0.0
2026-02-09 00:00:00-05:00,226.89423165630117,226.93409862240307,222.09129616691808,225.46929931640625,945200,0.0,0.0
2026-02-10 00:00:00-05:00,224.343288974842,230.0928747409966,224.343288974842,228.2394561767578,1140300,0.0,0.0
2026-02-11 00:00:00-05:00,229.74409876509924,233.98903333613345,228.6081335710461,229.5647430419922,1225800,0.0,0.0
2026-02-12 00:00:00-05:00,231.04945810002127,233.5705037689739,208.12089091304233,217.9459991455078,3273400,0.0,0.0
2026-02-13 00:00:00-05:00,218.56380065412313,223.88489992728316,217.12889406253132,220.97523498535156,866300,0.0,0.0
2026-02-17 00:00:00-05:00,221.28414854440317,223.496278445608,219.44068922114246,222.7190399169922,787300,0.0,0.0
2026-02-18 00:00:00-05:00,222.00158792882797,224.65217841619494,220.39728476066284,222.6592559814453,493300,0.0,0.0
2026-02-19 00:00:00-05:00,222.65924773506197,225.94757267157112,221.4435638785053,224.9212188720703,756800,0.0,0.0
2026-02-20 00:00:00-05:00,224.19381729233848,230.71066703715493,223.5660418527986,229.34552001953125,838000,0.0,0.0
2026-02-23 00:00:00-05:00,228.02022150523086,228.78750089762516,220.04853179039782,221.28414916992188,640800,0.0,0.0
2026-02-24 00:00:00-05:00,222.33042874558882,225.7482987320652,220.06847266051284,222.1112060546875,675800,0.0,0.0
2026-02-25 00:00:00-05:00,222.92830393516897,222.92830393516897,216.9196440332156,218.47412109375,559900,0.0,0.0
2026-02-26 00:00:00-05:00,219.54036109734588,229.50497410565401,215.31535970809782,227.4123992919922,886200,0.0,0.0
2026-02-27 00:00:00-05:00,225.63869383914192,233.15200517236866,223.20732589219233,232.5840301513672,1481100,0.0,0.0
2026-03-02 00:00:00-05:00,231.4281350311067,233.62034683220818,227.18321540157044,231.248779296875,615800,0.0,0.0
2026-03-03 00:00:00-05:00,225.43938872967706,230.84020664187395,222.5197494894694,230.05299377441406,582800,0.0,0.0
2026-03-04 00:00:00-05:00,232.1854242370186,235.16484876930383,230.57116192032194,234.0886688232422,622700,0.0,0.0
2026-03-05 00:00:00-05:00,231.82670996055336,233.470880190113,224.8514810231053,225.55897521972656,731700,0.0,0.0
2026-03-06 00:00:00-05:00,219.80937485498532,219.80937485498532,210.72165347745354,212.63485717773438,1605900,0.0,0.0
2026-03-09 00:00:00-04:00,210.89106354741511,217.06912040895503,205.6994936166586,216.6904754638672,1125200,0.0,0.0
2026-03-10 00:00:00-04:00,216.23209073468823,219.90903517119227,212.6747167823658,215.08616638183594,706700,0.0,0.0
2026-03-11 00:00:00-04:00,215.08616296339045,215.77370844129922,206.8055573552058,209.61558532714844,804600,0.0,0.0
2026-03-12 00:00:00-04:00,206.4667706261337,207.03476084427103,199.85026844885485,200.4182586669922,995200,0.0,0.0
2026-03-13 00:00:00-04:00,202.28163503201563,203.03894011309015,199.2723177806015,199.54136657714844,1198600,0.0,0.0
2026-03-16 00:00:00-04:00,202.18196982029062,204.27454440587704,200.92643419181346,202.0125732421875,894400,0.0,0.0
2026-03-17 00:00:00-04:00,203.33787919556542,204.97207502896183,193.2536962630065,199.4118194580078,1401500,0.0,0.0
2026-03-18 00:00:00-04:00,199.41181713533365,200.1790965422889,193.7818172493066,196.9405975341797,1812400,0.0,0.0
2026-03-19 00:00:00-04:00,194.50924019549927,200.60759361163898,194.50924019549927,199.49154663085938,949000,0.0,0.0
2026-03-20 00:00:00-04:00,199.4915371954464,200.7869398483295,195.27651040783311,199.2224884033203,1702100,0.0,0.0
2026-03-23 00:00:00-04:00,204.55356154007123,207.92160538707782,201.90297100017602,202.06240844726562,911100,0.0,0.0
2026-03-24 00:00:00-04:00,199.9000792816276,208.40985112634402,199.780508804751,204.41404724121094,535600,0.0,0.0
2026-03-25 00:00:00-04:00,206.24753826914306,209.1771366775009,204.1051527362566,208.36004638671875,894400,0.0,0.0
2026-03-26 00:00:00-04:00,206.6561032510432,210.02414722667953,204.99201474607045,205.45037841796875,598300,0.0,0.0
2026-03-27 00:00:00-04:00,203.55711067977222,205.52014063335665,201.9827000202846,204.8624725341797,628400,0.0,0.0
2026-03-30 00:00:00-04:00,206.53651738230678,207.06464060243735,203.4275480960236,204.0453643798828,671400,0.0,0.0
2026-03-31 00:00:00-04:00,204.78274449354663,211.55868398420307,204.78274449354663,211.15013122558594,949500,0.0,0.0
2026-04-01 00:00:00-04:00,211.49890105836403,215.68403528216476,210.65190291096022,212.6846923828125,782900,0.0,0.0
2026-04-02 00:00:00-04:00,210.66187599008015,215.83351229754263,208.13085590666307,214.1494903564453,682200,0.0,0.0
2026-04-06 00:00:00-04:00,211.3992551861553,216.71039565112082,211.3992551861553,216.6007843017578,540600,0.0,0.0
2026-04-07 00:00:00-04:00,217.26839401208625,220.0883810411522,215.57441300794395,216.9395751953125,695300,0.0,0.0
2026-04-08 00:00:00-04:00,220.34748384776287,228.28928132647323,220.34748384776287,223.83509826660156,907300,0.0,0.0
2026-04-09 00:00:00-04:00,223.6258321086898,225.74829943869992,220.98521587564738,224.42300415039062,813100,0.0,0.0
2026-04-10 00:00:00-04:00,224.45289804764244,227.2928187108502,222.33043070556522,226.23655700683594,844400,0.0,0.0
2026-04-13 00:00:00-04:00,225.69847755350412,227.02377286658324,221.38379843176935,226.80455017089844,758300,0.0,0.0
2026-04-14 00:00:00-04:00,226.5155805017109,229.37541944707743,224.68208023106678,228.79747009277344,723700,0.0,0.0
2026-04-15 00:00:00-04:00,228.52841164694044,228.52841164694044,222.72901527583875,223.376708984375,1579700,0.0,0.0
2026-04-16 00:00:00-04:00,232.37476207793233,244.2127266759376,231.17901161056025,237.47665405273438,2564700,0.0,0.0
2026-04-17 00:00:00-04:00,238.15423660823046,247.07256167456777,237.64604684902585,244.2127227783203,1281100,0.0,0.0
2026-04-20 00:00:00-04:00,243.42551127602357,252.3039846336277,240.9742251237265,250.70965576171875,901400,0.0,0.0
2026-04-21 00:00:00-04:00,252.14454289029166,255.27343054357033,248.7366473090614,250.20144653320312,897400,0.0,0.0
2026-04-22 00:00:00-04:00,252.41359822267617,252.96165495421332,245.31879894835433,246.15582275390625,1013500,0.0,0.0
2026-04-23 00:00:00-04:00,247.64055841401304,254.52609421561618,247.64055841401304,252.81219482421875,832800,0.0,0.0
2026-04-24 00:00:00-04:00,252.8121885318607,252.8121885318607,246.494612698592,247.71029663085938,614800,0.0,0.0
2026-04-27 00:00:00-04:00,247.84978709140833,250.62992232125643,245.06966706635131,249.2747344970703,679700,0.0,0.0
2026-04-28 00:00:00-04:00,250.31106371352823,250.70965733760488,246.78359756800424,250.40074157714844,834800,0.0,0.0
2026-04-29 00:00:00-04:00,250.02208207081458,252.1046823190832,242.21978908988223,245.4383544921875,834300,0.0,0.0
2026-04-30 00:00:00-04:00,247.0526260594404,251.5765685693811,242.37923565134287,250.639892578125,897800,0.0,0.0
2026-05-01 00:00:00-04:00,251.2875806136569,252.69259456876236,247.37149535705953,247.84979248046875,597800,0.0,0.0
2026-05-04 00:00:00-04:00,243.51520113822482,243.51520113822482,236.8688065345371,237.49656677246094,1189900,0.0,0.0
2026-05-05 00:00:00-04:00,239.40977062626675,243.52516038854932,239.2603075230715,242.179931640625,632400,0.0,0.0
2026-05-06 00:00:00-04:00,245.75724011438373,249.3544657935252,244.6411931880162,245.17929077148438,807600,0.0,0.0
2026-05-07 00:00:00-04:00,245.7871296743095,246.91312052052282,240.20694072633881,241.33294677734375,893500,0.0,0.0
2026-05-08 00:00:00-04:00,241.78219946296312,245.83536073979388,239.5958845788854,244.98678588867188,612400,0.45,0.0
2026-05-11 00:00:00-04:00,244.72722716120325,245.05667332777423,239.59588261779595,240.34461975097656,694500,0.0,0.0
2026-05-12 00:00:00-04:00,241.25309127415613,242.84041034151426,231.09022465910607,236.3912811279297,1290200,0.0,0.0
2026-05-13 00:00:00-04:00,236.58095535983676,239.3762436075289,235.79229230923886,237.3995819091797,915400,0.0,0.0
2026-05-14 00:00:00-04:00,239.07675369089188,256.7269916132079,234.79398399612688,254.231201171875,2214300,0.0,0.0
2026-05-15 00:00:00-04:00,251.5756640084487,262.7967275269462,250.07818981792224,261.7684631347656,1916100,0.0,0.0
2026-05-18 00:00:00-04:00,260.43074197155056,263.7751073316062,259.18284672273825,261.0197448730469,930900,0.0,0.0
2026-05-19 00:00:00-04:00,258.4840433148021,260.9298997194628,253.43255055861587,256.0980529785156,883500,0.0,0.0
2026-05-20 00:00:00-04:00,256.2677610809569,264.5338173646322,255.74861719839126,262.4373474121094,932300,0.0,0.0
2026-05-21 00:00:00-04:00,257.13630952760377,260.6903127427056,253.5423651341883,258.79351806640625,750200,0.0,0.0
2026-05-22 00:00:00-04:00,259.0430854349918,259.8017849915869,255.18956925557822,258.3342590332031,839400,0.0,0.0
2026-05-26 00:00:00-04:00,260.64036284948,267.5387309910952,259.5621948299258,267.1793518066406,588300,0.0,0.0
2026-05-27 00:00:00-04:00,268.5470634533997,272.5403283374651,266.51048983199223,270.4139099121094,608800,0.0,0.0
2026-05-28 00:00:00-04:00,268.9563477032399,273.57855618177587,265.9813547181852,272.06109619140625,522200,0.0,0.0
2026-05-29 00:00:00-04:00,269.9446931347859,277.3821609767687,269.8249000659323,275.96453857421875,1624000,0.0,0.0
2026-06-01 00:00:00-04:00,272.6601197707075,279.44868831253535,268.58700301856527,278.98944091796875,898700,0.0,0.0
2026-06-02 00:00:00-04:00,278.9894246978263,279.1292035835747,272.76993453823167,275.1259460449219,970800,0.0,0.0
2026-06-03 00:00:00-04:00,277.48199059957994,281.14579386870184,275.5452547997323,279.57843017578125,809500,0.0,0.0
2026-06-04 00:00:00-04:00,282.393685232871,283.56172853662605,279.3488331536857,282.83294677734375,546300,0.0,0.0
2026-06-05 00:00:00-04:00,284.8894905888447,289.46179586949614,278.6600072178952,284.47021484375,1146900,0.0,0.0
2026-06-08 00:00:00-04:00,285.6282245977264,288.7729449042288,283.8113123237593,287.6847839355469,1360000,0.0,0.0
2026-06-09 00:00:00-04:00,288.46346709210366,293.0457346180843,278.14085117050655,286.7064208984375,974600,0.0,0.0
2026-06-10 00:00:00-04:00,276.38382540156573,285.99761456345686,270.43386982490154,280.2772521972656,1198000,0.0,0.0
2026-06-11 00:00:00-04:00,282.5035062594204,290.9193038288272,277.04271587106115,288.65313720703125,683900,0.0,0.0
2026-06-12 00:00:00-04:00,291.65805224157526,291.9475724507569,286.53668560331,288.87274169921875,551000,0.0,0.0
2026-06-15 00:00:00-04:00,289.9708925323117,293.03573034155653,281.1357887512469,282.6831970214844,868100,0.0,0.0
2026-06-16 00:00:00-04:00,281.714850955292,283.6815350882189,276.1742082309824,279.3488464355469,1141600,0.0,0.0
2026-06-17 00:00:00-04:00,278.6200614754045,278.6999438315759,264.9231621464623,266.7900085449219,1730300,0.0,0.0
2026-06-18 00:00:00-04:00,266.81994471068333,274.73661488309966,264.923150131234,270.7633056640625,1943500,0.0,0.0
2026-06-22 00:00:00-04:00,272.4005496010079,276.63343109758785,266.45059345082774,273.01953125,1114100,0.0,0.0
2026-06-23 00:00:00-04:00,272.4205063766665,274.1975078429855,268.5270796208203,268.78662109375,669900,0.0,0.0
2026-06-24 00:00:00-04:00,270.10440777811993,271.8015573735486,266.670197878003,268.60693359375,779000,0.0,0.0
2026-06-25 00:00:00-04:00,271.7915673689887,277.90125723194905,269.7749797469721,274.21746826171875,784600,0.0,0.0
2026-06-26 00:00:00-04:00,274.58684317456846,280.9361496917605,273.44877861301904,279.8280029296875,1357500,0.0,0.0
2026-06-29 00:00:00-04:00,279.5584623603966,287.8644598054025,278.5701391490259,287.4052429199219,876600,0.0,0.0
2026-06-30 00:00:00-04:00,287.14567012575657,290.89934848163483,283.4518882997112,288.942626953125,1037900,0.0,0.0
2026-07-01 00:00:00-04:00,288.94263652535625,294.48330944797834,285.43856754928424,289.5815734863281,1197900,0.0,0.0
2026-07-02 00:00:00-04:00,291.558221564965,293.9342188940272,282.4535830846056,285.34869384765625,778600,0.0,0.0
2026-07-06 00:00:00-04:00,280.7364664912886,286.1773015107682,276.01445076027284,277.2723083496094,644000,0.0,0.0
2026-07-07 00:00:00-04:00,277.24238517618653,279.9378511202098,272.7499622469429,274.5369567871094,855100,0.0,0.0
2026-07-08 00:00:00-04:00,275.1858563426436,276.5235964039654,268.93641760437225,275.9845275878906,814700,0.0,0.0
2026-07-09 00:00:00-04:00,278.04105273641215,285.58832072022716,278.0310598252979,282.1341247558594,1060800,0.0,0.0
2026-07-10 00:00:00-04:00,287.2155742986777,287.5450052296571,276.63341680332144,279.48858642578125,870700,0.0,0.0
2026-07-13 00:00:00-04:00,282.41366786579516,285.78795083214334,278.7797824873099,282.5234680175781,975300,0.0,0.0
2026-07-14 00:00:00-04:00,286.15736814004674,286.15736814004674,278.39043891219006,280.3970642089844,830600,0.0,0.0
2026-07-15 00:00:00-04:00,279.52852617041395,280.76642846570167,271.841479514251,275.8147888183594,1502600,0.0,0.0
2026-07-16 00:00:00-04:00,295.50158611431294,299.2552646600815,286.26716154824067,297.90753173828125,2470600,0.0,0.0
2026-07-17 00:00:00-04:00,295.8909368942727,297.5980489720005,288.69305555185286,290.9193115234375,1550100,0.0,0.0
2026-07-20 00:00:00-04:00,290.64977278290013,292.5765156023846,286.4568328494007,290.1206359863281,1130200,0.0,0.0
2026-07-21 00:00:00-04:00,292.3968327318943,294.2137449763967,286.9659904212398,292.7662048339844,1047700,0.0,0.0
2026-07-22 00:00:00-04:00,290.6597333680469,293.644719295392,290.06073760049395,291.7478942871094,1036500,0.0,0.0
2026-07-23 00:00:00-04:00,292.7462302514259,293.5049603061608,285.8977958013878,288.88275146484375,1048400,0.0,0.0
2026-07-24 00:00:00-04:00,288.88275031027507,292.5365912125692,286.0475359936397,287.8145446777344,593400,0.0,0.0
2026-07-27 00:00:00-04:00,287.2155797905287,288.7629576971567,275.9545743961291,280.4869079589844,1238500,0.0,0.0
2026-07-28 00:00:00-04:00,280.6566263185485,281.5052011459218,275.90463165821143,277.15252685546875,1176000,0.0,0.0
2026-07-29 00:00:00-04:00,276.12427283635026,277.40211634784515,268.01795020409907,275.675048828125,1346100,0.0,0.0
2026-07-30 00:00:00-04:00,279.1791064370614,279.1791064370614,264.04462988299815,268.7566833496094,1115400,0.0,0.0
2026-07-31 00:00:00-04:00,270.3739551512701,274.2574196797217,268.79662900642177,271.29241943359375,888400,0.0,0.0
2026-08-03 00:00:00-04:00,271.49209329181866,272.91967809605933,265.2326314381316,266.4605712890625,847700,0.0,0.0
2026-08-04 00:00:00-04:00,269.1060935020592,274.6068251262433,266.5204583819117,274.017822265625,860100,0.0,0.0
2026-08-05 00:00:00-04:00,274.20752251669114,275.3156388686854,271.8115392772146,272.2008972167969,637300,0.0,0.0
2026-08-06 00:00:00-04:00,272.1010440467143,274.62678265637805,266.58035702403316,266.79998779296875,492800,0.0,0.0
2026-08-07 00:00:00-04:00,266.3399963378906,270.739990234375,265.29998779296875,268.5199890136719,599300,0.45,0.0
2026-08-10 00:00:00-04:00,266.5799865722656,272.1499938964844,265.3500061035156,266.1400146484375,574500,0.0,0.0
2026-08-11 00:00:00-04:00,264.0,268.0299987792969,261.2799987792969,265.3800048828125,961800,0.0,0.0
2026-08-12 00:00:00-04:00,265.9800109863281,279.3599853515625,265.42999267578125,275.9599914550781,1096500,0.0,0.0
2026-08-13 00:00:00-04:00,277.82000732421875,283.82000732421875,277.25,282.32000732421875,1132900,0.0,0.0
2026-08-14 00:00:00-04:00,279.8699951171875,285.7099914550781,278.82000732421875,279.7099914550781,719300,0.0,0.0
2026-08-17 00:00:00-04:00,279.7099914550781,287.92999267578125,279.7099914550781,283.3699951171875,1110700,0.0,0.0
2026-08-18 00:00:00-04:00,282.9700012207031,282.9700012207031,273.9700012207031,274.19000244140625,454100,0.0,0.0
2026-08-19 00:00:00-04:00,273.30999755859375,280.739990234375,271.45001220703125,272.4200134277344,772900,0.0,0.0
2026-08-20 00:00:00-04:00,268.6400146484375,276.6300048828125,268.1300048828125,274.4700012207031,598900,0.0,0.0
2026-08-21 00:00:00-04:00,277.04998779296875,279.3399963378906,273.20001220703125,275.45001220703125,708300,0.0,0.0
2026-08-24 00:00:00-04:00,275.6099853515625,275.67999267578125,256.75,259.8800048828125,1266900,0.0,0.0
2026-08-25 00:00:00-04:00,261.5,265.260009765625,257.3399963378906,262.17999267578125,592200,0.0,0.0
2026-08-26 00:00:00-04:00,262.1199951171875,264.9700012207031,259.17999267578125,263.6400146484375,429200,0.0,0.0
2026-08-27 00:00:00-04:00,261.70001220703125,264.6600036621094,260.2300109863281,263.3900146484375,451400,0.0,0.0
2026-08-28 00:00:00-04:00,264.25,264.92999267578125,257.8900146484375,261.0299987792969,555300,0.0,0.0
2026-08-31 00:00:00-04:00,261.0,266.1099853515625,258.6600036621094,265.4700012207031,1067800,0.0,0.0
2026-09-01 00:00:00-04:00,263.1499938964844,265.0,255.57000732421875,256.4800109863281,701000,0.0,0.0
2026-09-02 00:00:00-04:00,256.4800109863281,263.5299987792969,254.11000061035156,260.2200012207031,831400,0.0,0.0
2026-09-03 00:00:00-04:00,261.55999755859375,266.79998779296875,259.0249938964844,266.2799987792969,1164856,0.0,0.0
