Date,Open,High,Low,Close,Volume,Dividends,Stock Splits
2022-01-03 00:00:00-05:00,7.478951265234564,7.512398657637731,7.445503234863281,7.445503234863281,247800,0.0,0.0
2022-01-04 00:00:00-05:00,7.452194478773088,7.472263045875654,7.412056706599711,7.465573310852051,115000,0.0,0.0
2022-01-05 00:00:00-05:00,7.458880058602092,7.465569790471161,7.318398879191379,7.338468074798584,215900,0.0,0.0
2022-01-06 00:00:00-05:00,7.338469589007177,7.37191761728619,7.278263265698571,7.3585381507873535,158200,0.0,0.0
2022-01-07 00:00:00-05:00,7.3919855019477865,7.432122621831511,7.338468916790808,7.412054061889648,178800,0.0,0.0
2022-01-10 00:00:00-05:00,7.378606706252686,7.405365001259381,7.271573526225911,7.3184003829956055,353700,0.0,0.0
2022-01-11 00:00:00-05:00,7.345159245464102,7.418745040893554,7.325090682150672,7.418745040893555,196000,0.0,0.0
2022-01-12 00:00:00-05:00,7.458880521699449,7.478949718552684,7.358537089305208,7.432122230529785,323400,0.0,0.0
2022-01-13 00:00:00-05:00,7.458884007557367,7.458884007557367,7.391988567354079,7.398678302764893,164300,0.0,0.0
2022-01-14 00:00:00-05:00,7.385294731041893,7.391984462738037,7.325088421712454,7.391984462738037,157900,0.0,0.0
2022-01-18 00:00:00-05:00,7.351848417537936,7.398675912315785,7.338469589007177,7.3585381507873535,381600,0.0,0.0
2022-01-19 00:00:00-05:00,7.398675124199781,7.525776852559304,7.371916832020513,7.4856390953063965,591000,0.0,0.0
2022-01-20 00:00:00-05:00,7.492327886308483,7.525775906821274,7.378604999345749,7.391984462738037,239100,0.0,0.0
2022-01-21 00:00:00-05:00,7.353602264861428,7.373804288925613,6.956292152404785,6.956292152404785,603300,0.073,0.0
2022-01-24 00:00:00-05:00,6.882216930389404,6.88895050957989,6.44450217247289,6.882216930389404,944200,0.0,0.0
2022-01-25 00:00:00-05:00,6.821609020233154,6.882215717743523,6.686927826993774,6.821609020233154,209100,0.0,0.0
2022-01-26 00:00:00-05:00,6.888951494590465,6.976494458691021,6.754270258362992,6.862015247344971,331700,0.0,0.0
2022-01-27 00:00:00-05:00,6.909154806187506,6.989963555462051,6.7879413611702635,6.855282306671143,236700,0.0,0.0
2022-01-28 00:00:00-05:00,6.835079853612121,6.929357051849365,6.7812073523939445,6.929357051849365,277500,0.0,0.0
2022-01-31 00:00:00-05:00,6.949558551524977,7.084240436553955,6.90242027709133,7.084240436553955,286300,0.0,0.0
2022-02-01 00:00:00-05:00,7.124644771332283,7.151581020966002,7.084240717987131,7.11117696762085,199800,0.0,0.0
2022-02-02 00:00:00-05:00,7.165047771728572,7.212186036882549,7.151579328992752,7.1987175941467285,185300,0.0,0.0
2022-02-03 00:00:00-05:00,7.104441877951299,7.151580148506946,7.037100940976857,7.043835163116455,322400,0.0,0.0
2022-02-04 00:00:00-05:00,7.030366718837258,7.0842398537432745,6.94955797979439,7.043835163116455,244300,0.0,0.0
2022-02-07 00:00:00-05:00,7.04383740039548,7.08424210385573,6.996699114867668,7.037103176116943,205800,0.0,0.0
2022-02-08 00:00:00-05:00,7.030366285218019,7.144845485687256,6.976493795845523,7.144845485687256,148300,0.0,0.0
2022-02-09 00:00:00-05:00,7.1987167208484575,7.340132141365548,7.1785147014061925,7.272791862487793,230800,0.0,0.0
2022-02-10 00:00:00-05:00,7.232390011142388,7.306465181764424,7.1515812595454245,7.286262512207031,335000,0.0,0.0
2022-02-11 00:00:00-05:00,7.306462358487911,7.340132176984868,7.165046937284577,7.239121437072754,452300,0.0,0.0
2022-02-14 00:00:00-05:00,7.239124612091401,7.252593059165828,7.1111775759388625,7.1313796043396,222400,0.0,0.0
2022-02-15 00:00:00-05:00,7.1919857165220025,7.212187743194579,7.070772272064848,7.11117696762085,243400,0.0,0.0
2022-02-16 00:00:00-05:00,7.090973250618843,7.218920899125164,7.070771226932333,7.1919846534729,159700,0.0,0.0
2022-02-17 00:00:00-05:00,7.1533371209942525,7.180458751969472,7.065191658667114,7.092313289642334,152300,0.073,0.0
2022-02-18 00:00:00-05:00,7.092313677903803,7.194019637970996,7.031289843211198,7.1194353103637695,186800,0.0,0.0
2022-02-22 00:00:00-05:00,7.044849034176744,7.0584095233405835,6.773632137963971,6.8210954666137695,275300,0.0,0.0
2022-02-23 00:00:00-05:00,6.882121885150287,6.902463598440172,6.739733125275343,6.766854763031006,208600,0.0,0.0
2022-02-24 00:00:00-05:00,6.610901408202112,6.814313888549806,6.393928440700812,6.814313888549805,459200,0.0,0.0
2022-02-25 00:00:00-05:00,6.807534400754374,6.983825288109162,6.807534400754374,6.9567036628723145,203600,0.0,0.0
2022-02-28 00:00:00-05:00,6.9160231641695455,7.010949206867346,6.814317197917503,6.943144798278809,228000,0.0,0.0
2022-03-01 00:00:00-05:00,6.909237775527884,7.0177248829375065,6.7939713959226005,6.848214626312256,151500,0.0,0.0
2022-03-02 00:00:00-05:00,6.861780850825671,6.990609115745279,6.855000279697091,6.983828544616699,159800,0.0,0.0
2022-03-03 00:00:00-05:00,7.024509700606595,7.031290270791602,6.875341036321034,6.943144798278809,92400,0.0,0.0
2022-03-04 00:00:00-05:00,6.916022169175258,6.916022169175258,6.726170757723964,6.807535648345947,243200,0.0,0.0
2022-03-07 00:00:00-05:00,6.753295250479769,6.766855748016044,6.522760972684587,6.536322116851807,215700,0.0,0.0
2022-03-08 00:00:00-05:00,6.556661531918831,6.793976321911984,6.48885712145485,6.6244659423828125,353700,0.0,0.0
2022-03-09 00:00:00-05:00,6.7261700355160725,6.807534917401678,6.719389467034622,6.760072231292725,180700,0.0,0.0
2022-03-10 00:00:00-05:00,6.719391345977783,6.766854045358729,6.644807011717614,6.719391345977783,150300,0.0,0.0
2022-03-11 00:00:00-05:00,6.753293398947968,6.7871956034402,6.644806861877441,6.644806861877441,117100,0.0,0.0
2022-03-14 00:00:00-04:00,6.638024206322421,6.638024206322421,6.468513883743574,6.495635509490967,315800,0.0,0.0
2022-03-15 00:00:00-04:00,6.522756811820215,6.638023877188984,6.522756811820215,6.604121685028076,170700,0.0,0.0
2022-03-16 00:00:00-04:00,6.63802579570278,6.80075558915046,6.63802579570278,6.77363395690918,139200,0.0,0.0
2022-03-17 00:00:00-04:00,6.766855215427099,7.0584133257656445,6.766855215427099,7.017731189727783,299800,0.0,0.0
2022-03-18 00:00:00-04:00,7.017729404082087,7.126215934753418,6.9431444292724995,7.126215934753418,185900,0.0,0.0
2022-03-21 00:00:00-04:00,7.132993673672148,7.18045635034643,6.834655186098305,6.895678997039795,503000,0.0,0.0
2022-03-22 00:00:00-04:00,6.936363364362686,7.20079974897287,6.916022302971343,7.1601176261901855,287700,0.0,0.0
2022-03-23 00:00:00-04:00,7.087064557198322,7.162168088946528,7.046098580069772,7.134857654571533,238900,0.073,0.0
2022-03-24 00:00:00-04:00,7.141680993627155,7.18947406133869,6.930024770231459,6.977818489074707,356300,0.0,0.0
2022-03-25 00:00:00-04:00,6.977819742848131,7.025612819147118,6.909543361450867,6.991474628448486,211900,0.0,0.0
2022-03-28 00:00:00-04:00,7.0119566736393955,7.0119566736393955,6.909542119945331,6.977818489074707,169100,0.0,0.0
2022-03-29 00:00:00-04:00,7.025611893905856,7.087060498844524,6.998301475169974,7.059750080108643,241800,0.0,0.0
2022-03-30 00:00:00-04:00,6.998303772366469,7.0529246277675535,6.970993344665928,7.018786430358887,154100,0.0,0.0
2022-03-31 00:00:00-04:00,7.06657931374398,7.073406431495628,6.895888998447091,6.964164733886719,517500,0.0,0.0
2022-04-01 00:00:00-04:00,6.943680304510019,7.046094207072371,6.943680304510019,6.977818489074707,149200,0.0,0.0
2022-04-04 00:00:00-04:00,6.98464738940542,7.018785582691173,6.930026540600966,6.964164733886719,270200,0.0,0.0
2022-04-05 00:00:00-04:00,6.9300261686711195,6.9436817057052895,6.868578205412889,6.909543514251709,165300,0.0,0.0
2022-04-06 00:00:00-04:00,6.861750163762953,6.861750163762953,6.772991129969448,6.800301551818848,373100,0.0,0.0
2022-04-07 00:00:00-04:00,6.772990737903652,6.807128926022211,6.704714361666533,6.711542129516602,451800,0.0,0.0
2022-04-08 00:00:00-04:00,6.711544098280619,6.759337184987155,6.670578781427008,6.718371868133545,200800,0.0,0.0
2022-04-11 00:00:00-04:00,6.718373485326386,6.738856148683613,6.6569248441225755,6.6705803871154785,212800,0.0,0.0
2022-04-12 00:00:00-04:00,6.711542129516602,6.759335202203516,6.663749056829687,6.711542129516602,172800,0.0,0.0
2022-04-13 00:00:00-04:00,6.718372641131918,6.766165733337402,6.711544870493406,6.766165733337402,123900,0.0,0.0
2022-04-14 00:00:00-04:00,6.800303152972737,6.848096239679274,6.718371868133544,6.718371868133545,202300,0.0,0.0
2022-04-18 00:00:00-04:00,6.752508982087383,6.779819405982169,6.663749941646363,6.704715251922607,265600,0.0,0.0
2022-04-19 00:00:00-04:00,6.663751778287922,6.800303935397911,6.663751778287922,6.766165733337402,156300,0.0,0.0
2022-04-20 00:00:00-04:00,6.800301966048903,6.820784620900669,6.766163773874722,6.793474197387695,159700,0.0,0.0
2022-04-21 00:00:00-04:00,6.878072148303214,6.878072148303214,6.664851623090421,6.699242115020752,261500,0.073,0.0
2022-04-22 00:00:00-04:00,6.706122293298114,6.706122293298114,6.527292208050207,6.547926902770996,496800,0.0,0.0
2022-04-25 00:00:00-04:00,6.479144382816214,6.520412450712611,6.410363395063403,6.506656646728516,236000,0.0,0.0
2022-04-26 00:00:00-04:00,6.499780895671474,6.534171402663841,6.327829016654005,6.34846305847168,348100,0.0,0.0
2022-04-27 00:00:00-04:00,6.382852478437383,6.424121210988856,6.293437437862734,6.314072132110596,425000,0.0,0.0
2022-04-28 00:00:00-04:00,6.375975818437546,6.458512639446997,6.341585312364187,6.451634407043457,172600,0.0,0.0
2022-04-29 00:00:00-04:00,6.430999863587203,6.499780214418589,6.362218856811523,6.362218856811523,300000,0.0,0.0
2022-05-02 00:00:00-04:00,6.375977102814214,6.382854680658829,6.231537472965671,6.341586589813232,333000,0.0,0.0
2022-05-03 00:00:00-04:00,6.382851607317419,6.417242103759386,6.341583536342388,6.369095802307129,206500,0.0,0.0
2022-05-04 00:00:00-04:00,6.389730757425023,6.5341703385141585,6.3071939476518395,6.520413875579834,176700,0.0,0.0
2022-05-05 00:00:00-04:00,6.50665964007116,6.520415450383517,6.320951281271221,6.4241228103637695,198800,0.0,0.0
2022-05-06 00:00:00-04:00,6.369098997928097,6.369098997928097,6.231537599084567,6.272805690765381,282600,0.0,0.0
2022-05-09 00:00:00-04:00,6.224657573544369,6.252169845394357,6.059583942444447,6.087096214294434,440500,0.0,0.0
2022-05-10 00:00:00-04:00,6.128364026551459,6.252169572443577,5.915144093008671,5.949533939361572,798700,0.0,0.0
2022-05-11 00:00:00-04:00,5.942656195593608,6.080217544947666,5.7225573806828605,5.839484691619873,530200,0.0,0.0
2022-05-12 00:00:00-04:00,5.805094850736417,5.873875861210736,5.543728585200397,5.708802223205566,1212800,0.0,0.0
2022-05-13 00:00:00-04:00,5.777581920424484,5.90826569426903,5.756947882007439,5.839484691619873,555400,0.0,0.0
2022-05-16 00:00:00-04:00,5.839486549227154,5.887633528775369,5.763827947000622,5.860121250152588,578400,0.0,0.0
2022-05-17 00:00:00-04:00,5.977048140619726,6.025195121765137,5.915146003623315,6.025195121765137,393000,0.0,0.0
2022-05-18 00:00:00-04:00,5.977046040973931,6.01143654229851,5.8050941902952955,5.839484691619873,501700,0.0,0.0
2022-05-19 00:00:00-04:00,5.708802049436569,5.928900226743941,5.708802049436569,5.8257293701171875,576700,0.0,0.0
2022-05-20 00:00:00-04:00,5.887630841019499,5.908264876580848,5.763825315763075,5.846362113952637,374100,0.0,0.0
2022-05-23 00:00:00-04:00,5.862320528108075,5.980260760005501,5.862320528108075,5.931697368621826,297300,0.073,0.0
2022-05-24 00:00:00-04:00,5.917822489648616,5.931698124169404,5.8345706674038995,5.910885334014893,303300,0.0,0.0
2022-05-25 00:00:00-04:00,5.910883215916571,5.994135008328946,5.8900697715936525,5.966384410858154,265700,0.0,0.0
2022-05-26 00:00:00-04:00,6.001074731227962,6.13289062187961,5.966386965755469,6.084327220916748,442100,0.0,0.0
2022-05-27 00:00:00-04:00,6.132889360187536,6.181452751159668,6.1120765728604205,6.181452751159668,362100,0.0,0.0
2022-05-31 00:00:00-04:00,6.181452607028555,6.216141026182648,6.098200798034668,6.098200798034668,485200,0.0,0.0
2022-06-01 00:00:00-04:00,6.153701149700282,6.195327379231458,6.049636568312053,6.070449352264404,319000,0.0,0.0
2022-06-02 00:00:00-04:00,6.091263544130083,6.146764755249023,6.042700149807666,6.146764755249023,647900,0.0,0.0
2022-06-03 00:00:00-04:00,6.105137766602638,6.11207558179558,6.056573721878522,6.070449352264404,210300,0.0,0.0
2022-06-06 00:00:00-04:00,6.153699329370001,6.2092005112427415,6.084323182842214,6.119010925292969,296300,0.0,0.0
2022-06-07 00:00:00-04:00,6.098200940224623,6.181452751159668,6.077388152897506,6.181452751159668,274200,0.0,0.0
2022-06-08 00:00:00-04:00,6.174516167168314,6.181453984870882,6.12595276650377,6.160641193389893,173700,0.0,0.0
2022-06-09 00:00:00-04:00,6.139827311572066,6.160640099357031,6.056574837179016,6.077388286590576,227200,0.0,0.0
2022-06-10 00:00:00-04:00,6.021887147533533,6.021887147533533,5.910884729231338,5.917821884155273,366700,0.0,0.0
2022-06-13 00:00:00-04:00,5.758256783095878,5.765194600501668,5.60562810830191,5.675004959106445,516000,0.0,0.0
2022-06-14 00:00:00-04:00,5.6958160513952825,5.7096910204431275,5.564000868121565,5.619502067565918,330400,0.0,0.0
2022-06-15 00:00:00-04:00,5.7027537481826585,5.751317131280302,5.6195019507467805,5.72356653213501,265800,0.0,0.0
2022-06-16 00:00:00-04:00,5.633377327543951,5.633377327543951,5.487686506071844,5.508499622344971,367300,0.0,0.0
2022-06-17 00:00:00-04:00,5.508501116395905,5.619503881937362,5.494625812054892,5.550127029418945,431600,0.0,0.0
2022-06-21 00:00:00-04:00,5.605627312848392,5.6958169414454645,5.598689496427096,5.661128520965576,229800,0.0,0.0
2022-06-22 00:00:00-04:00,5.614225535808112,5.71922948102596,5.600224653726371,5.68422794342041,244000,0.073,0.0
2022-06-23 00:00:00-04:00,5.691230420282782,5.768233296480805,5.649228426611743,5.761232852935791,343700,0.0,0.0
2022-06-24 00:00:00-04:00,5.831235341540262,5.901238434449577,5.817235123517782,5.887237548828125,256400,0.0,0.0
2022-06-27 00:00:00-04:00,5.901238441467285,5.936239320364594,5.845236234112824,5.901238441467285,245000,0.0,0.0
2022-06-28 00:00:00-04:00,5.950239089926205,6.0132417282824155,5.803233156294662,5.817234039306641,383100,0.0,0.0
2022-06-29 00:00:00-04:00,5.831235885620117,5.838236329084015,5.754233010314342,5.831235885620117,166600,0.0,0.0
2022-06-30 00:00:00-04:00,5.810233597800652,5.817234039306641,5.72623030252532,5.817234039306641,562000,0.0,0.0
2022-07-01 00:00:00-04:00,5.817236260690878,5.943240917920903,5.782234707393998,5.908239364624023,314800,0.0,0.0
2022-07-05 00:00:00-04:00,5.8452371763873385,5.8942389488220215,5.754233407866443,5.8942389488220215,229600,0.0,0.0
2022-07-06 00:00:00-04:00,5.908239364624023,5.91523980880322,5.817236260690878,5.908239364624023,185200,0.0,0.0
2022-07-07 00:00:00-04:00,5.943239426182772,5.985241413116455,5.908237881671192,5.985241413116455,168300,0.0,0.0
2022-07-08 00:00:00-04:00,5.971241000658124,6.04824453819515,5.915238792048825,5.978241443634033,294400,0.0,0.0
2022-07-11 00:00:00-04:00,5.97824075110746,6.006241852168428,5.901237890089525,5.936238765716553,226600,0.0,0.0
2022-07-12 00:00:00-04:00,5.950239454439759,6.02024253859037,5.894237254158826,5.929238796234131,210300,0.0,0.0
2022-07-13 00:00:00-04:00,5.852235265815769,5.936238566174975,5.8102339494356094,5.922238349914551,206700,0.0,0.0
2022-07-14 00:00:00-04:00,5.901236947280146,5.943238258361816,5.831233872012291,5.943238258361816,185900,0.0,0.0
2022-07-15 00:00:00-04:00,6.006242752075195,6.013243195289031,5.880237444622188,6.006242752075195,445700,0.0,0.0
2022-07-18 00:00:00-04:00,6.048244059717512,6.076245161806989,5.96424075344908,5.985241413116455,341400,0.0,0.0
2022-07-19 00:00:00-04:00,6.0552443895571955,6.146248146589027,6.041244171028681,6.139248371124268,159200,0.0,0.0
2022-07-20 00:00:00-04:00,6.111246585845947,6.153248576539975,6.062244819702077,6.111246585845947,720400,0.0,0.0
2022-07-21 00:00:00-04:00,6.0710070329075405,6.141599730873086,6.049828617612423,6.127481460571289,264900,0.073,0.0
2022-07-22 00:00:00-04:00,6.148662337930624,6.148662337930624,6.07806893074019,6.092187881469727,196500,0.0,0.0
2022-07-25 00:00:00-04:00,6.120424051158785,6.1627795495646644,6.078067879524396,6.085127353668213,154700,0.0,0.0
2022-07-26 00:00:00-04:00,6.056888657367939,6.063948129794986,6.03571091331514,6.0427703857421875,191100,0.0,0.0
2022-07-27 00:00:00-04:00,6.106304513789174,6.191016848885657,6.085126766629275,6.1698384284973145,439000,0.0,0.0
2022-07-28 00:00:00-04:00,6.176897376096766,6.233371812534236,6.113363466797514,6.2192535400390625,303400,0.0,0.0
2022-07-29 00:00:00-04:00,6.268669525039581,6.282787799835205,6.233372828207777,6.282787799835205,280900,0.0,0.0
2022-08-01 00:00:00-04:00,6.2827875651371485,6.339262008666992,6.226313121607304,6.339262008666992,379900,0.0,0.0
2022-08-02 00:00:00-04:00,6.339263143672139,6.39573827054197,6.2969076400555055,6.332204341888428,306400,0.0,0.0
2022-08-03 00:00:00-04:00,6.339261975100427,6.416914839464141,6.332203174617926,6.409855365753174,277700,0.0,0.0
2022-08-04 00:00:00-04:00,6.438092587368579,6.473389282694952,6.3745586704268,6.409855365753174,282100,0.0,0.0
2022-08-05 00:00:00-04:00,6.381616566368475,6.395735510299692,6.3322016090658195,6.360438823699951,195300,0.0,0.0
2022-08-08 00:00:00-04:00,6.409855365753173,6.42397431317511,6.346321448811395,6.409855365753174,258800,0.0,0.0
2022-08-09 00:00:00-04:00,6.374559762923315,6.388678712765011,6.332204259855392,6.346322536468506,181600,0.0,0.0
2022-08-10 00:00:00-04:00,6.452209500137322,6.480446712848345,6.381616131745635,6.473387241363525,243500,0.0,0.0
2022-08-11 00:00:00-04:00,6.5157441865627606,6.565159824821768,6.47338869460179,6.494566440582275,365300,0.0,0.0
2022-08-12 00:00:00-04:00,6.522805446030302,6.586339374600174,6.49456821924687,6.579279899597168,261200,0.0,0.0
2022-08-15 00:00:00-04:00,6.5651605161276185,6.706346626244975,6.551041568501644,6.6216349601745605,379600,0.0,0.0
2022-08-16 00:00:00-04:00,6.607516490122059,6.62869491309174,6.487508119541305,6.508686542510986,406300,0.0,0.0
2022-08-17 00:00:00-04:00,6.508685409423706,6.5439821016665665,6.4592697709923375,6.515744209289551,274900,0.0,0.0
2022-08-18 00:00:00-04:00,6.5369225559453605,6.6075152664183685,6.529863082929539,6.543982028961182,252800,0.0,0.0
2022-08-19 00:00:00-04:00,6.522803682383805,6.572219320815173,6.466329244086592,6.515744209289551,468300,0.0,0.0
2022-08-22 00:00:00-04:00,6.480449620012289,6.480449620012289,6.332204018468591,6.402796745300293,257000,0.0,0.0
2022-08-23 00:00:00-04:00,6.419164873511815,6.476097542478093,6.390697860337727,6.46898078918457,221100,0.073,0.0
2022-08-24 00:00:00-04:00,6.46898253965075,6.533031979241928,6.440516197464798,6.490332126617432,131700,0.0,0.0
2022-08-25 00:00:00-04:00,6.518796511403302,6.5401460919593415,6.454747091044255,6.483213424682617,177800,0.0,0.0
2022-08-26 00:00:00-04:00,6.5045621052103355,6.540144504603904,6.369346544228025,6.447629451751709,161100,0.0,0.0
2022-08-29 00:00:00-04:00,6.426279256644971,6.60419397000816,6.383580105504637,6.412046432495117,214300,0.0,0.0
2022-08-30 00:00:00-04:00,6.426280785308336,6.440514291534782,6.155850275224242,6.227016448974609,312000,0.0,0.0
2022-08-31 00:00:00-04:00,6.30529892404404,6.4333977699279785,6.234133426423706,6.4333977699279785,423800,0.0,0.0
2022-09-01 00:00:00-04:00,6.383581744942735,6.468980747846433,6.305298816596135,6.461863994598389,310700,0.0,0.0
2022-09-02 00:00:00-04:00,6.511679828155299,6.589962755518535,6.333765071334762,6.340881824493408,133000,0.0,0.0
2022-09-06 00:00:00-04:00,6.362230264686112,6.390696593526445,6.22701537236724,6.298181533813477,163000,0.0,0.0
2022-09-07 00:00:00-04:00,6.291063697693106,6.397812242773997,6.248363872446331,6.276830196380615,206900,0.0,0.0
2022-09-08 00:00:00-04:00,6.255481294702094,6.426279256644971,6.255481294702094,6.412046432495117,142600,0.0,0.0
2022-09-09 00:00:00-04:00,6.454747379304614,6.483213714214244,6.340882039666091,6.390697956085205,187600,0.0,0.0
2022-09-12 00:00:00-04:00,6.419162409561375,6.561494027344077,6.419162409561375,6.4974446296691895,147800,0.0,0.0
2022-09-13 00:00:00-04:00,6.397814709485353,6.483213714214244,6.3764651279758695,6.390697956085205,208100,0.0,0.0
2022-09-14 00:00:00-04:00,6.419166610498117,6.504565637055975,6.390699589621031,6.490332126617432,160100,0.0,0.0
2022-09-15 00:00:00-04:00,6.4547460030898955,6.483212331930227,6.276831278165117,6.298181533813477,193200,0.0,0.0
2022-09-16 00:00:00-04:00,6.241249125409803,6.283948281030308,6.063334393379067,6.155849456787109,255600,0.0,0.0
2022-09-19 00:00:00-04:00,6.120268152178586,6.1772008223549575,6.063335482002215,6.134500980377197,134100,0.0,0.0
2022-09-20 00:00:00-04:00,6.098917593307822,6.127383927002606,6.013518592223467,6.070451259613037,140500,0.0,0.0
2022-09-21 00:00:00-04:00,6.113149573786275,6.141615900376459,5.999284267425537,5.999284267425537,203500,0.0,0.0
2022-09-22 00:00:00-04:00,5.994261123162865,5.994261123162865,5.886579379768753,5.929652214050293,214000,0.073,0.0
2022-09-23 00:00:00-04:00,5.879400582045781,5.936831257153619,5.707110610580734,5.757362365722656,345600,0.0,0.0
2022-09-26 00:00:00-04:00,5.757360464029214,5.771717614599297,5.541997386214235,5.599427700042725,252500,0.0,0.0
2022-09-27 00:00:00-04:00,5.628142807806626,5.707108849202031,5.455852547205587,5.556354999542236,256700,0.0,0.0
2022-09-28 00:00:00-04:00,5.54200061450435,5.692754548712367,5.477392030065079,5.64968204498291,309400,0.0,0.0
2022-09-29 00:00:00-04:00,5.620965611412971,5.620965611412971,5.491748133123041,5.549178123474121,291300,0.0,0.0
2022-09-30 00:00:00-04:00,5.556356134706907,5.664037526793182,5.434317588806152,5.434317588806152,851100,0.0,0.0
2022-10-03 00:00:00-04:00,5.484568418669593,5.649679788165481,5.484568418669593,5.613786220550537,354700,0.0,0.0
2022-10-04 00:00:00-04:00,5.699932437989845,5.865043843532351,5.656859942062639,5.843507766723633,281800,0.0,0.0
2022-10-05 00:00:00-04:00,5.800433365461957,5.836327273550626,5.678394488732092,5.814791202545166,221900,0.0,0.0
2022-10-06 00:00:00-04:00,5.793254419527816,5.807612256543137,5.664036967177009,5.707109451293945,254100,0.0,0.0
2022-10-07 00:00:00-04:00,5.664037283673398,5.678394779181315,5.556355896209176,5.613786220550537,226900,0.0,0.0
2022-10-10 00:00:00-04:00,5.649679788165481,5.649679788165481,5.491747337578398,5.613786220550537,344400,0.0,0.0
2022-10-11 00:00:00-04:00,5.599428606654709,5.829148529924441,5.56353469748897,5.685573577880859,289800,0.0,0.0
2022-10-12 00:00:00-04:00,5.707110213346056,5.92965192446335,5.6927527167233,5.800434112548828,494100,0.0,0.0
2022-10-13 00:00:00-04:00,5.707111016156161,5.893758840817155,5.649681021586554,5.843507766723633,232800,0.0,0.0
2022-10-14 00:00:00-04:00,5.915293250682219,5.95836607678117,5.771718304717961,5.793254375457764,141500,0.0,0.0
2022-10-17 00:00:00-04:00,5.886579717324226,5.965546470598678,5.865043641258246,5.936831474304199,131600,0.0,0.0
2022-10-18 00:00:00-04:00,6.022976334263283,6.0947634811530875,5.972724578358969,6.073227405548096,187000,0.0,0.0
2022-10-19 00:00:00-04:00,6.037333426491939,6.145015172626851,5.9224734449769585,6.123478412628174,301000,0.0,0.0
2022-10-20 00:00:00-04:00,6.0947622353635085,6.1450139809961986,5.994260113336848,6.015796184539795,112700,0.0,0.0
2022-10-21 00:00:00-04:00,6.010727493140968,6.249708164053312,5.923825493776088,6.1772894859313965,244600,0.073,0.0
2022-10-24 00:00:00-04:00,6.242465875473167,6.256949886696035,6.126596548232889,6.184531211853027,206500,0.0,0.0
2022-10-25 00:00:00-04:00,6.184528661602799,6.206253978842789,6.017966745037233,6.05417537689209,362300,0.0,0.0
2022-10-26 00:00:00-04:00,6.039695652871075,6.104872333973909,5.945551634682068,5.9817609786987305,250700,0.0,0.0
2022-10-27 00:00:00-04:00,6.0107274960164725,6.0541781504018495,5.873132145646147,5.887616157531738,279400,0.0,0.0
2022-10-28 00:00:00-04:00,5.887615909119822,5.974517904859683,5.887615909119822,5.960033893585205,328200,0.0,0.0
2022-10-31 00:00:00-04:00,5.9600345281628195,6.112113209558635,5.9600345281628195,6.010727882385254,269900,0.0,0.0
2022-11-01 00:00:00-04:00,6.090388061997896,6.141080727091356,6.039695396904435,6.1265974044799805,412000,0.0,0.0
2022-11-02 00:00:00-04:00,5.981760162880988,6.025210817266365,5.844164812510662,5.887616157531738,377300,0.0,0.0
2022-11-03 00:00:00-04:00,5.865889295577308,5.9020979345461955,5.800712640416479,5.8296799659729,205300,0.0,0.0
2022-11-04 00:00:00-04:00,5.931065260102618,5.9600325856590395,5.800712640416479,5.8296799659729,334900,0.0,0.0
2022-11-07 00:00:00-05:00,5.85140887015131,5.894860230407873,5.822441526858915,5.8658928871154785,233000,0.0,0.0
2022-11-08 00:00:00-05:00,5.902100282042533,5.952793639905643,5.8514076148152165,5.909342288970947,184000,0.0,0.0
2022-11-09 00:00:00-05:00,5.880372298188515,5.887614301848746,5.750019340164028,5.764503002166748,228000,0.0,0.0
2022-11-10 00:00:00-05:00,5.93830768171198,5.960033004748067,5.8658897080465024,5.952791690826416,267800,0.0,0.0
2022-11-11 00:00:00-05:00,5.9672758654437486,6.017969213981796,5.945550539290681,6.003485202789307,203700,0.0,0.0
2022-11-14 00:00:00-05:00,5.989002065913107,5.996243381095774,5.931066710001958,5.9383087158203125,207600,0.0,0.0
2022-11-15 00:00:00-05:00,6.017968684547613,6.032452003830258,5.9527920211866965,5.974517345428467,231300,0.0,0.0
2022-11-16 00:00:00-05:00,5.974518102220464,6.00348543509065,5.92382544235656,5.967276096343994,252200,0.0,0.0
2022-11-17 00:00:00-05:00,5.94555063497469,6.075903975262256,5.931066623549103,6.06141996383667,261400,0.0,0.0
2022-11-18 00:00:00-05:00,6.112113630052476,6.162806987762451,6.075904976791368,6.162806987762451,331900,0.0,0.0
2022-11-21 00:00:00-05:00,6.162806230829869,6.206256885660787,6.097629557947784,6.170048236846924,184100,0.0,0.0
2022-11-22 00:00:00-05:00,6.197754975775991,6.197754975775991,6.110257341915244,6.132131576538086,166600,0.058,0.0
2022-11-23 00:00:00-05:00,6.1540058111609275,6.18317168911451,6.088383107292403,6.132131576538086,158900,0.0,0.0
2022-11-25 00:00:00-05:00,6.1321309484615885,6.146714233629393,6.088382483696792,6.1248393058776855,110200,0.0,0.0
2022-11-28 00:00:00-05:00,6.1029659238635015,6.139423446493582,6.022759930372849,6.05921745300293,276100,0.0,0.0
2022-11-29 00:00:00-05:00,6.059217285596209,6.073799877023703,5.971718955553694,6.015468120574951,322900,0.0,0.0
2022-11-30 00:00:00-05:00,6.044633942677339,6.132131576538086,5.964427952147332,6.132131576538086,827700,0.0,0.0
2022-12-01 00:00:00-05:00,6.154005945446756,6.168589232426458,6.073799953166585,6.102965831756592,440000,0.0,0.0
2022-12-02 00:00:00-05:00,6.037343174642875,6.088383989988596,6.037343174642875,6.044634819030762,326700,0.0,0.0
2022-12-05 00:00:00-05:00,5.993594912597409,6.030052440466286,5.884222328990779,5.898805618286133,608700,0.0,0.0
2022-12-06 00:00:00-05:00,5.89151296599848,5.9060962527996175,5.796723687899247,5.81859827041626,356800,0.0,0.0
2022-12-07 00:00:00-05:00,5.796724048922287,5.88422168907035,5.796724048922287,5.855055809020996,266000,0.0,0.0
2022-12-08 00:00:00-05:00,5.86234803950844,5.913388160859929,5.833182156540517,5.8477654457092285,287400,0.0,0.0
2022-12-09 00:00:00-05:00,5.811306627015691,5.869638731166161,5.811306627015691,5.81859827041626,252400,0.0,0.0
2022-12-12 00:00:00-05:00,5.833181572826338,5.869639096730389,5.818598632801661,5.855055809020996,216500,0.0,0.0
2022-12-13 00:00:00-05:00,5.986302479313286,6.015468358692169,5.876930605484831,5.88422155380249,302400,0.0,0.0
2022-12-14 00:00:00-05:00,5.906097165144057,5.964428930620633,5.862347993351877,5.942553997039795,413100,0.0,0.0
2022-12-15 00:00:00-05:00,5.90609541604824,5.90609541604824,5.760265697859663,5.789431571960449,624600,0.0,0.0
2022-12-16 00:00:00-05:00,5.716518130766567,5.796724128156249,5.709226486812203,5.774849891662598,197600,0.0,0.0
2022-12-19 00:00:00-05:00,5.782141482958022,5.796724423926104,5.687352540507857,5.723809719085693,282400,0.0,0.0
2022-12-20 00:00:00-05:00,5.723810006836872,5.760267534932264,5.687352826426236,5.701935768127441,317100,0.0,0.0
2022-12-21 00:00:00-05:00,5.738392660053775,5.782141482958022,5.701935481475939,5.723809719085693,449800,0.0,0.0
2022-12-22 00:00:00-05:00,5.7149938524862005,5.7149938524862005,5.6194990151061575,5.692956447601318,351600,0.058,0.0
2022-12-23 00:00:00-05:00,5.6782656700613945,5.7149945660310895,5.656228262425034,5.700303077697754,312200,0.0,0.0
2022-12-27 00:00:00-05:00,5.729685236717696,5.766413777173385,5.656227455260995,5.670918941497803,456000,0.0,0.0
2022-12-28 00:00:00-05:00,5.656227857528403,5.707648238150547,5.619499314460603,5.626844882965088,351000,0.0,0.0
2022-12-29 00:00:00-05:00,5.692958493885474,5.729687398471271,5.663575510325953,5.678267002105713,556500,0.0,0.0
2022-12-30 00:00:00-05:00,5.663574181728058,5.7149945660310895,5.641536774091699,5.700303077697754,707800,0.0,0.0
2023-01-03 00:00:00-05:00,5.7296857833862305,5.7737602463017925,5.685610970197973,5.7296857833862305,275400,0.0,0.0
2023-01-04 00:00:00-05:00,5.766415119171143,5.8031440184472824,5.729686570167746,5.766415119171143,328700,0.0,0.0
2023-01-05 00:00:00-05:00,5.737031487383193,5.751722975368229,5.700302942556957,5.714994430541992,234400,0.0,0.0
2023-01-06 00:00:00-05:00,5.744378125470282,5.81783557458929,5.722340715598207,5.810489654541016,203100,0.0,0.0
2023-01-09 00:00:00-05:00,5.839872634188618,5.876601533884495,5.810489654541016,5.810489654541016,259100,0.0,0.0
2023-01-10 00:00:00-05:00,5.825180288001868,5.876600669962208,5.810488800337871,5.832526206970215,355900,0.0,0.0
2023-01-11 00:00:00-05:00,5.861908506716896,5.942711854692695,5.861908506716896,5.920674800872803,269500,0.0,0.0
2023-01-12 00:00:00-05:00,5.950059353097149,6.001479392515372,5.928021592878915,5.994133472442627,335600,0.0,0.0
2023-01-13 00:00:00-05:00,5.979441165924072,6.001478221296166,5.935366354634524,5.979441165924072,202100,0.0,0.0
2023-01-17 00:00:00-05:00,5.994133472442627,6.008825312588117,5.964750492697143,5.994133472442627,239500,0.0,0.0
2023-01-18 00:00:00-05:00,6.016171323073466,6.023517244111994,5.935368293286424,5.942714214324951,325100,0.0,0.0
2023-01-19 00:00:00-05:00,5.935367136399662,5.942713056006366,5.8912930198503375,5.913330078125,343900,0.0,0.0
2023-01-20 00:00:00-05:00,5.928021633547809,5.972096453741155,5.905984573723886,5.957404613494873,310800,0.0,0.0
2023-01-23 00:00:00-05:00,5.963323409097078,6.052107291155173,5.95592457586101,6.015113830566406,510100,0.058,0.0
2023-01-24 00:00:00-05:00,5.9781205756890206,6.029910998940494,5.9485259473179495,5.9855194091796875,237400,0.0,0.0
2023-01-25 00:00:00-05:00,5.9485259473179495,5.9855194091796875,5.9411271138272825,5.9855194091796875,212000,0.0,0.0
2023-01-26 00:00:00-05:00,6.037309624683037,6.044708457919105,5.97812036997764,6.015113830566406,315300,0.0,0.0
2023-01-27 00:00:00-05:00,6.015113830566406,6.037309624683037,5.992918036449776,6.015113830566406,302300,0.0,0.0
2023-01-30 00:00:00-05:00,6.007715931381808,6.022513600154616,5.9633243362467505,5.992918968200684,251600,0.0,0.0
2023-01-31 00:00:00-05:00,6.044708728790283,6.052107562357903,5.98551947143254,6.044708728790283,547300,0.0,0.0
2023-02-01 00:00:00-05:00,6.05210760396118,6.103898028107321,6.00031647422343,6.089100360870361,331700,0.0,0.0
2023-02-02 00:00:00-05:00,6.111296695821591,6.170485951979393,6.089100195568722,6.148290157318115,414600,0.0,0.0
2023-02-03 00:00:00-05:00,6.103897275056451,6.14828956569895,6.052106857299805,6.052106857299805,281300,0.0,0.0
2023-02-06 00:00:00-05:00,6.052108232108549,6.081702864062481,5.992918968200684,5.992918968200684,268900,0.0,0.0
2023-02-07 00:00:00-05:00,5.992916218691865,6.08170007382024,5.985517387699994,6.074301242828369,229000,0.0,0.0
2023-02-08 00:00:00-05:00,6.0743016952208295,6.081700526763739,6.000314790974555,6.05950403213501,289400,0.0,0.0
2023-02-09 00:00:00-05:00,6.096500562297661,6.111298232854621,5.978122020209049,6.007716655731201,301800,0.0,0.0
2023-02-10 00:00:00-05:00,6.007714296059697,6.029910087585449,5.97811967216153,6.029910087585449,181000,0.0,0.0
2023-02-13 00:00:00-05:00,6.052107172458727,6.140891052775555,6.02991067318585,6.118695259094238,239400,0.0,0.0
2023-02-14 00:00:00-05:00,6.126093614889342,6.177884742864548,6.07430319250572,6.111296653747559,224800,0.0,0.0
2023-02-15 00:00:00-05:00,6.05950573198805,6.103898028107321,6.05210760396118,6.089100360870361,153200,0.0,0.0
2023-02-16 00:00:00-05:00,6.052107562357903,6.118695653283265,6.044708728790283,6.044708728790283,299600,0.0,0.0
2023-02-17 00:00:00-05:00,6.052106584702692,6.059504711483616,6.000315463687283,6.029910087585449,208800,0.0,0.0
2023-02-21 00:00:00-05:00,6.02096949649806,6.02096949649806,5.931549241874704,5.946452617645264,382500,0.058,0.0
2023-02-22 00:00:00-05:00,5.946451212942239,5.976258312766668,5.924095976905022,5.953902721405029,219500,0.0,0.0
2023-02-23 00:00:00-05:00,6.020968704592178,6.035872433727036,5.916645087919392,5.961355209350586,309400,0.0,0.0
2023-02-24 00:00:00-05:00,5.90174135767817,5.924096239381433,5.871934611857528,5.894289493560791,308100,0.0,0.0
2023-02-27 00:00:00-05:00,5.953903344783157,5.961355209350586,5.909193223351963,5.961355209350586,327100,0.0,0.0
2023-02-28 00:00:00-05:00,5.991162744956942,6.006066476052007,5.931549241874704,5.946452617645264,176800,0.0,0.0
2023-03-01 00:00:00-05:00,5.961353926983077,6.043322287645538,5.92409532280968,5.96880578994751,454400,0.0,0.0
2023-03-02 00:00:00-05:00,5.961355209350586,5.968807073918015,5.916645087919392,5.961355209350586,273000,0.0,0.0
2023-03-03 00:00:00-05:00,5.998614456969857,6.028421207748072,5.983710726256254,6.00606632232666,362600,0.0,0.0
2023-03-06 00:00:00-05:00,6.020969060132916,6.058227674521278,6.013517195125452,6.028420925140381,198600,0.0,0.0
2023-03-07 00:00:00-05:00,6.020968840306411,6.020968840306411,5.931548595428467,5.931548595428467,177400,0.0,0.0
2023-03-08 00:00:00-05:00,5.961354585192242,5.961354585192242,5.9166444684422315,5.953902721405029,232100,0.0,0.0
2023-03-09 00:00:00-05:00,5.953903776308269,5.983710526089389,5.871935392072431,5.879386901855469,350100,0.0,0.0
2023-03-10 00:00:00-05:00,5.879386866960027,5.909193616564237,5.789966618147395,5.834676742553711,356800,0.0,0.0
2023-03-13 00:00:00-04:00,5.8123213443043795,5.834676226869512,5.7378041215554,5.789966106414795,394700,0.0,0.0
2023-03-14 00:00:00-04:00,5.8421273492880355,5.871934092472206,5.789965371053533,5.849578857421875,260400,0.0,0.0
2023-03-15 00:00:00-04:00,5.789966890211872,5.797418755625322,5.7079981472864265,5.775063514709473,316200,0.0,0.0
2023-03-16 00:00:00-04:00,5.760160482686016,5.864484117423641,5.7378052404371225,5.842129230499268,228700,0.0,0.0
2023-03-17 00:00:00-04:00,5.834676093481109,5.849579466625303,5.789965974048524,5.819772720336914,161100,0.0,0.0
2023-03-20 00:00:00-04:00,5.849580741032551,5.864484117423641,5.819773988250373,5.842129230499268,128500,0.0,0.0
2023-03-21 00:00:00-04:00,5.908192077401085,5.938220979707684,5.900685030810811,5.915699481964111,147700,0.058,0.0
2023-03-22 00:00:00-04:00,5.908192921422197,5.960743686952317,5.870656967163086,5.870656967163086,257500,0.0,0.0
2023-03-23 00:00:00-04:00,5.878162028528971,5.983263166101556,5.863147580304316,5.900683879852295,296800,0.0,0.0
2023-03-24 00:00:00-04:00,5.900684913721916,5.938220861873953,5.855641561155824,5.893177509307861,245900,0.0,0.0
2023-03-27 00:00:00-04:00,5.930713535113109,5.938220581199593,5.8781627806168135,5.908191680908203,189000,0.0,0.0
2023-03-28 00:00:00-04:00,5.9006860693965955,5.908193117308192,5.863149755920165,5.885671615600586,276200,0.0,0.0
2023-03-29 00:00:00-04:00,5.900684002715783,5.968248842147218,5.893176599460796,5.945727348327637,342700,0.0,0.0
2023-03-30 00:00:00-04:00,5.975756843599845,6.005785743680429,5.968249439593336,5.990771293640137,221600,0.0,0.0
2023-03-31 00:00:00-04:00,5.990771331477705,6.080858390261171,5.990771331477705,6.06584358215332,714200,0.0,0.0
2023-04-03 00:00:00-04:00,6.035815158524611,6.058336656519428,6.013293660529793,6.043322563171387,249500,0.0,0.0
2023-04-04 00:00:00-04:00,6.043322166269198,6.06584366278489,6.028307357961759,6.0358147621154785,198600,0.0,0.0
2023-04-05 00:00:00-04:00,6.035814682679513,6.050829490789345,5.998278378350388,6.020800590515137,228900,0.0,0.0
2023-04-06 00:00:00-04:00,6.028307753877834,6.080858870459759,6.0208010651765695,6.043322563171387,358000,0.0,0.0
2023-04-10 00:00:00-04:00,6.043322641229759,6.080858949002967,6.028307831742267,6.0583367347717285,275500,0.0,0.0
2023-04-11 00:00:00-04:00,6.080858787753897,6.095872880897731,6.06584397866456,6.0733513832092285,160500,0.0,0.0
2023-04-12 00:00:00-04:00,6.110887689987068,6.118394378586234,6.050829885520726,6.0733513832092285,220300,0.0,0.0
2023-04-13 00:00:00-04:00,6.103382028126213,6.110889434814453,6.088367214749733,6.110889434814453,132100,0.0,0.0
2023-04-14 00:00:00-04:00,6.118396125556986,6.1409183456217065,6.095874621437973,6.110889434814453,235400,0.0,0.0
2023-04-17 00:00:00-04:00,6.110889122148035,6.125903218810604,6.080860212877225,6.095874309539795,163300,0.0,0.0
2023-04-18 00:00:00-04:00,6.095874309539795,6.118395812506485,6.088366903235674,6.095874309539795,142100,0.0,0.0
2023-04-19 00:00:00-04:00,6.073353117318961,6.118396125556986,6.073353117318961,6.110889434814453,158900,0.0,0.0
2023-04-20 00:00:00-04:00,6.07335177261229,6.140916985955356,6.07335177261229,6.12590217590332,207200,0.0,0.0
2023-04-21 00:00:00-04:00,6.13195085473631,6.13195085473631,6.086585405655655,6.1017069816589355,252900,0.058,0.0
2023-04-24 00:00:00-04:00,6.116829814513057,6.13951254104019,6.094147087985925,6.109268665313721,181500,0.0,0.0
2023-04-25 00:00:00-04:00,6.109268785704843,6.1319515126789685,6.056342182408253,6.063903331756592,248800,0.0,0.0
2023-04-26 00:00:00-04:00,6.071461321725825,6.094144760661136,6.063900896484654,6.086583614349365,237400,0.0,0.0
2023-04-27 00:00:00-04:00,6.124389178286971,6.154633045196533,6.109266884296857,6.154633045196533,189600,0.0,0.0
2023-04-28 00:00:00-04:00,6.162193471120925,6.192437338030486,6.147071898201476,6.154633045196533,161000,0.0,0.0
2023-05-01 00:00:00-04:00,6.162192933141033,6.17731522581092,6.131949068871861,6.147071361541748,208300,0.0,0.0
2023-05-02 00:00:00-04:00,6.116828857051432,6.116828857051432,6.048779967050789,6.079023838043213,372400,0.0,0.0
2023-05-03 00:00:00-04:00,6.071462687413884,6.116828854418372,6.0487799644470215,6.0487799644470215,284400,0.0,0.0
2023-05-04 00:00:00-04:00,6.048780383002301,6.063902680073796,6.0260972979304634,6.041219234466553,278600,0.0,0.0
2023-05-05 00:00:00-04:00,6.0790230107501975,6.147071891490082,6.0790230107501975,6.124389171600342,322600,0.0,0.0
2023-05-08 00:00:00-04:00,6.1395105715174125,6.1395105715174125,6.116827852266777,6.131949424743652,178700,0.0,0.0
2023-05-09 00:00:00-04:00,6.124390963712393,6.131951391840854,6.101707516114385,6.109268665313721,164100,0.0,0.0
2023-05-10 00:00:00-04:00,6.154633038476884,6.162193464393021,6.109266877626739,6.124389171600342,156300,0.0,0.0
2023-05-11 00:00:00-04:00,6.124389589122146,6.139511163055976,6.101706146615329,6.116828441619873,197900,0.0,0.0
2023-05-12 00:00:00-04:00,6.131951391840854,6.13951254104019,6.101707516114385,6.109268665313721,114800,0.0,0.0
2023-05-15 00:00:00-04:00,6.101705558719257,6.1395105715174125,6.094145133016141,6.131949424743652,168800,0.0,0.0
2023-05-16 00:00:00-04:00,6.131950015553704,6.139511163055976,6.1092672941176005,6.116828441619873,125400,0.0,0.0
2023-05-17 00:00:00-04:00,6.109266290752893,6.147071300984577,6.101705144492437,6.139510154724121,325200,0.0,0.0
2023-05-18 00:00:00-04:00,6.154633883851812,6.192438181837132,6.139511587801073,6.169755458831787,136700,0.0,0.0
2023-05-19 00:00:00-04:00,6.183462291097033,6.259613596100506,6.168232465835938,6.236767768859863,860800,0.058,0.0
2023-05-22 00:00:00-04:00,6.22915321934565,6.259613596100506,6.206307392105008,6.236767768859863,377900,0.0,0.0
2023-05-23 00:00:00-04:00,6.2215379820589,6.236767807414141,6.16061722817259,6.175847053527832,187400,0.0,0.0
2023-05-24 00:00:00-04:00,6.160617391703374,6.160617391703374,6.09208136020385,6.099696636199951,272800,0.0,0.0
2023-05-25 00:00:00-04:00,6.1377726443403695,6.1377726443403695,6.099696988394084,6.114926815032959,221100,0.0,0.0
2023-05-26 00:00:00-04:00,6.130156973978893,6.191077729085071,6.122541698032449,6.160617351531982,237900,0.0,0.0
2023-05-30 00:00:00-04:00,6.206309314888027,6.221539871100382,6.1225434344187475,6.1377739906311035,189700,0.0,0.0
2023-05-31 00:00:00-04:00,6.1377726443403695,6.14538719454344,6.0768515222030395,6.114926815032959,286100,0.0,0.0
2023-06-01 00:00:00-04:00,6.1377739906311035,6.145388542504389,6.11492815631257,6.1377739906311035,250000,0.0,0.0
2023-06-02 00:00:00-04:00,6.168232896569727,6.221538378054931,6.160617620291063,6.19869327545166,250300,0.0,0.0
2023-06-05 00:00:00-04:00,6.191076941084349,6.19869221606152,6.153001292431087,6.183461666107178,171400,0.0,0.0
2023-06-06 00:00:00-04:00,6.198693728844925,6.236768660557733,6.183463175173586,6.229154109954834,291900,0.0,0.0
2023-06-07 00:00:00-04:00,6.23676820437954,6.244383480658202,6.175847446615672,6.19869327545166,279100,0.0,0.0
2023-06-08 00:00:00-04:00,6.213922956941564,6.259613887315855,6.213922956941564,6.244383335113525,175100,0.0,0.0
2023-06-09 00:00:00-04:00,6.26722843718432,6.282458989386651,6.23676805901236,6.244383335113525,199900,0.0,0.0
2023-06-12 00:00:00-04:00,6.244383937393403,6.267229041667641,6.221538833119165,6.229154109954834,233600,0.0,0.0
2023-06-13 00:00:00-04:00,6.244384389683496,6.26722949561244,6.2367691122962405,6.259614944458008,330600,0.0,0.0
2023-06-14 00:00:00-04:00,6.282458677973251,6.290073953696937,6.244383025587486,6.267228126525879,229300,0.0,0.0
2023-06-15 00:00:00-04:00,6.251997152131688,6.305302619934082,6.251997152131688,6.305302619934082,209200,0.0,0.0
2023-06-16 00:00:00-04:00,6.343378265321164,6.343378265321164,6.290072797518769,6.305302619934082,167900,0.0,0.0
2023-06-20 00:00:00-04:00,6.305303696628509,6.312918972252817,6.259613495347972,6.290073871612549,259200,0.0,0.0
2023-06-21 00:00:00-04:00,6.288540252820364,6.288540252820364,6.257864475250244,6.257864475250244,230300,0.058,0.0
2023-06-22 00:00:00-04:00,6.242528222758772,6.280872403999859,6.2271899651676375,6.2655348777771,256900,0.0,0.0
2023-06-23 00:00:00-04:00,6.2425277485754265,6.257865273633144,6.158168800968852,6.18117618560791,322400,0.0,0.0
2023-06-26 00:00:00-04:00,6.188843304972854,6.227188206754609,6.15049913455927,6.173505783081055,296300,0.0,0.0
2023-06-27 00:00:00-04:00,6.181174660854663,6.234857082366943,6.181174660854663,6.234857082366943,208400,0.0,0.0
2023-06-28 00:00:00-04:00,6.250195348015658,6.288540252820364,6.196512920110005,6.257864475250244,314300,0.0,0.0
2023-06-29 00:00:00-04:00,6.273202885509996,6.273202885509996,6.196513073996045,6.250195503234863,282600,0.0,0.0
2023-06-30 00:00:00-04:00,6.303878307342529,6.311546702965662,6.250195149771376,6.303878307342529,274300,0.0,0.0
2023-07-03 00:00:00-04:00,6.288539844238172,6.326884746551514,6.2425265465567055,6.326884746551514,231700,0.0,0.0
2023-07-05 00:00:00-04:00,6.319214858478475,6.319214858478475,6.273201566340673,6.280869960784912,235200,0.0,0.0
2023-07-06 00:00:00-04:00,6.250195392964065,6.250195392964065,6.196512964672354,6.21951961517334,217900,0.0,0.0
2023-07-07 00:00:00-04:00,6.234857869752819,6.28087117075479,6.21951961517334,6.21951961517334,257000,0.0,0.0
2023-07-10 00:00:00-04:00,6.250196620185964,6.2732040065726675,6.2348590939632045,6.2655348777771,367600,0.0,0.0
2023-07-11 00:00:00-04:00,6.288540208147043,6.303878462507254,6.265533557974947,6.296209335327148,261400,0.0,0.0
2023-07-12 00:00:00-04:00,6.342223753098641,6.380567928596784,6.342223753098641,6.372899532318115,200700,0.0,0.0
2023-07-13 00:00:00-04:00,6.395906604500152,6.434251513888211,6.3805683481976025,6.388237476348877,407200,0.0,0.0
2023-07-14 00:00:00-04:00,6.418912887573242,6.441919539332554,6.403575363523125,6.418912887573242,263800,0.0,0.0
2023-07-17 00:00:00-04:00,6.403574733256564,6.441918905291999,6.380567352393462,6.426581382751465,301300,0.0,0.0
2023-07-18 00:00:00-04:00,6.434249670643966,6.457256317138672,6.418911418735424,6.457256317138672,177700,0.0,0.0
2023-07-19 00:00:00-04:00,6.472594638363144,6.487932892169084,6.457257115925398,6.464926242828369,172400,0.0,0.0
2023-07-20 00:00:00-04:00,6.457257852084096,6.510940283788553,6.403575420379639,6.403575420379639,279500,0.0,0.0
2023-07-21 00:00:00-04:00,6.440643501335802,6.440643501335802,6.394307613372803,6.394307613372803,178300,0.058,0.0
2023-07-24 00:00:00-04:00,6.417475616132912,6.448365961124001,6.402030075395409,6.40975284576416,164400,0.0,0.0
2023-07-25 00:00:00-04:00,6.394305963620965,6.425196302131838,6.394305963620965,6.417474269866943,258100,0.0,0.0
2023-07-26 00:00:00-04:00,6.409752246246135,6.417475015892559,6.378861904144287,6.378861904144287,223700,0.0,0.0
2023-07-27 00:00:00-04:00,6.409753288655998,6.4560884411022705,6.378862941530493,6.386585712432861,356800,0.0,0.0
2023-07-28 00:00:00-04:00,6.40975284576416,6.440643190755249,6.40975284576416,6.40975284576416,274100,0.0,0.0
2023-07-31 00:00:00-04:00,6.42519720925648,6.456087552128526,6.386584833029324,6.432919979095459,332100,0.0,0.0
2023-08-01 00:00:00-04:00,6.409750374355194,6.417473141746276,6.378860041274499,6.402027606964111,235500,0.0,0.0
2023-08-02 00:00:00-04:00,6.371141125101971,6.371141125101971,6.301637649536133,6.301637649536133,437800,0.0,0.0
2023-08-03 00:00:00-04:00,6.3016366120354155,6.309359382823273,6.263023494580089,6.293913841247559,313800,0.0,0.0
2023-08-04 00:00:00-04:00,6.324805966751068,6.355696322106374,6.232134900685152,6.2398576736450195,453600,0.0,0.0
2023-08-07 00:00:00-04:00,6.2784677333741135,6.324802875518799,6.25530016230177,6.324802875518799,309100,0.0,0.0
2023-08-08 00:00:00-04:00,6.301637649536133,6.301637649536133,6.255302490148294,6.301637649536133,276000,0.0,0.0
2023-08-09 00:00:00-04:00,6.3016383843556305,6.309361157315498,6.22441286420945,6.2398576736450195,304700,0.0,0.0
2023-08-10 00:00:00-04:00,6.263023509847625,6.309359398203763,6.216688357975448,6.255301475524902,414300,0.0,0.0
2023-08-11 00:00:00-04:00,6.25530231530634,6.309360245242538,6.21668919257303,6.224411964416504,264800,0.0,0.0
2023-08-14 00:00:00-04:00,6.239855850207557,6.2475786209106445,6.201242733176075,6.2475786209106445,349700,0.0,0.0
2023-08-15 00:00:00-04:00,6.255299310715571,6.255299310715571,6.185795870476822,6.19351863861084,397900,0.0,0.0
2023-08-16 00:00:00-04:00,6.185798445885211,6.208966023449197,6.147185325622559,6.147185325622559,324600,0.0,0.0
2023-08-17 00:00:00-04:00,6.178075897367962,6.178075897367962,6.0854048472855276,6.093127250671387,327100,0.0,0.0
2023-08-18 00:00:00-04:00,6.085404872894287,6.100850047973023,6.046791751076437,6.085404872894287,238100,0.0,0.0
2023-08-21 00:00:00-04:00,6.1071872867406105,6.130527019500732,6.076067890375427,6.130527019500732,296800,0.058,0.0
2023-08-22 00:00:00-04:00,6.146086198378396,6.17720559211419,6.107186770722435,6.122746467590332,178100,0.0,0.0
2023-08-23 00:00:00-04:00,6.1460866680624155,6.169426029661638,6.130526970005445,6.161646366119385,213100,0.0,0.0
2023-08-24 00:00:00-04:00,6.18498479600909,6.18498479600909,6.099406655073527,6.107186317443848,332600,0.0,0.0
2023-08-25 00:00:00-04:00,6.107186317443848,6.122746013156896,6.060507230304702,6.107186317443848,468900,0.0,0.0
2023-08-28 00:00:00-04:00,6.146086627555164,6.161646325509583,6.130526929600744,6.153866291046143,208200,0.0,0.0
2023-08-29 00:00:00-04:00,6.1538662176674634,6.208325345344793,6.1460865542692495,6.200545310974121,221600,0.0,0.0
2023-08-30 00:00:00-04:00,6.208324410257063,6.223884105682373,6.192764714831753,6.223884105682373,130700,0.0,0.0
2023-08-31 00:00:00-04:00,6.255004414038827,6.262784448378885,6.200545286575787,6.216104984283447,273000,0.0,0.0
2023-09-01 00:00:00-04:00,6.262783529731848,6.262783529731848,6.200544377058208,6.223884105682373,198300,0.0,0.0
2023-09-05 00:00:00-04:00,6.223885561950498,6.23166559696973,6.184986128799312,6.2083258628845215,193200,0.0,0.0
2023-09-06 00:00:00-04:00,6.200545425775577,6.216105123832547,6.138306633547699,6.161646366119385,435600,0.0,0.0
2023-09-07 00:00:00-04:00,6.146086174789965,6.153865837707838,6.107186747283299,6.138306140899658,291300,0.0,0.0
2023-09-08 00:00:00-04:00,6.1227464440914785,6.1694255345160185,6.1227464440914785,6.138306140899658,227200,0.0,0.0
2023-09-11 00:00:00-04:00,6.146086198378396,6.17720559211419,6.107186770722435,6.122746467590332,467000,0.0,0.0
2023-09-12 00:00:00-04:00,6.1149673306044035,6.130527028810624,6.0760678996026165,6.091627597808838,313800,0.0,0.0
2023-09-13 00:00:00-04:00,6.083847546641314,6.107186906977658,6.0682878494262695,6.0682878494262695,404700,0.0,0.0
2023-09-14 00:00:00-04:00,6.107186770722435,6.122746467590332,6.083847410906807,6.122746467590332,276500,0.0,0.0
2023-09-15 00:00:00-04:00,6.107186882980231,6.114966917043404,6.052728128427788,6.083847522735596,418100,0.0,0.0
2023-09-18 00:00:00-04:00,6.068288235985739,6.107187296015058,6.068288235985739,6.091627597808838,284600,0.0,0.0
2023-09-19 00:00:00-04:00,6.099408071666806,6.153866833824371,6.0682886730132,6.146087169647217,563700,0.0,0.0
2023-09-20 00:00:00-04:00,6.169425558194024,6.184985255061921,6.122746467590332,6.122746467590332,307600,0.0,0.0
2023-09-21 00:00:00-04:00,6.081992005497036,6.081992005497036,6.034965966621801,6.042803764343262,240500,0.058,0.0
2023-09-22 00:00:00-04:00,6.050640889117055,6.066316110058029,6.011453023627994,6.019290447235107,441100,0.0,0.0
2023-09-25 00:00:00-04:00,6.019291052935805,6.050641497972441,5.980103183503403,6.011453628540039,333300,0.0,0.0
2023-09-26 00:00:00-04:00,5.995776930244989,5.995776930244989,5.901725618284498,5.91740083694458,257400,0.0,0.0
2023-09-27 00:00:00-04:00,5.925239537473682,5.940914759514878,5.89388909339129,5.933077335357666,334300,0.0,0.0
2023-09-28 00:00:00-04:00,5.92523988476709,5.972265553646972,5.9017272371905465,5.940915107727051,263800,0.0,0.0
2023-09-29 00:00:00-04:00,5.980102887424154,5.99577810916638,5.956589867947432,5.987940311431885,386400,0.0,0.0
2023-10-02 00:00:00-04:00,5.98010284652934,5.987940270483474,5.917401959989214,5.948752403259277,342500,0.0,0.0
2023-10-03 00:00:00-04:00,5.933077528661609,5.940914953074169,5.8468636177627324,5.854701042175293,241400,0.0,0.0
2023-10-04 00:00:00-04:00,5.831188073456418,5.862538516830369,5.791999832375597,5.839025497436523,615400,0.0,0.0
2023-10-05 00:00:00-04:00,5.839025497436523,5.854700719123499,5.799837630082466,5.839025497436523,307900,0.0,0.0
2023-10-06 00:00:00-04:00,5.791999504350042,5.9017264236713345,5.768486860014582,5.878213405609131,490400,0.0,0.0
2023-10-09 00:00:00-04:00,5.893889438847168,5.940915107727051,5.8782142158872075,5.940915107727051,296000,0.0,0.0
2023-10-10 00:00:00-04:00,5.956589221954346,5.995777458923323,5.948751798796585,5.956589221954346,220700,0.0,0.0
2023-10-11 00:00:00-04:00,5.940914001912099,5.956589221954346,5.9252387818698535,5.956589221954346,412600,0.0,0.0
2023-10-12 00:00:00-04:00,5.9801033519903495,5.9801033519903495,5.909564661807129,5.940915107727051,149300,0.0,0.0
2023-10-13 00:00:00-04:00,5.964428129030389,5.964428129030389,5.9017272371905465,5.940915107727051,398000,0.0,0.0
2023-10-16 00:00:00-04:00,5.823349770518391,5.925238889507262,5.823349770518391,5.901726245880127,1085500,0.0,0.0
2023-10-17 00:00:00-04:00,5.87037483090366,5.92523828329847,5.854699612180385,5.909563064575195,302800,0.0,0.0
2023-10-18 00:00:00-04:00,5.901726757911191,5.901726757911191,5.831188073456418,5.839025497436523,293200,0.0,0.0
2023-10-19 00:00:00-04:00,5.846863435136622,5.862538657198914,5.77632474899292,5.77632474899292,409900,0.0,0.0
2023-10-20 00:00:00-04:00,5.743144136706513,5.782643215524466,5.695745468139648,5.695745468139648,427400,0.058,0.0
2023-10-23 00:00:00-04:00,5.679947583816633,5.727346266335077,5.640448493372307,5.6720476150512695,351100,0.0,0.0
2023-10-24 00:00:00-04:00,5.687845501699605,5.7510441031465565,5.687845501699605,5.695745468139648,318100,0.0,0.0
2023-10-25 00:00:00-04:00,5.672045909840799,5.679945876231161,5.577248573303223,5.577248573303223,536300,0.0,0.0
2023-10-26 00:00:00-04:00,5.577249428915752,5.600948955031484,5.498251636348626,5.537750720977783,765400,0.0,0.0
2023-10-27 00:00:00-04:00,5.553549082985583,5.569348638095012,5.506150040966187,5.514050006866455,426500,0.0,0.0
2023-10-30 00:00:00-04:00,5.553551081863314,5.600949764251709,5.537751521067182,5.600949764251709,325600,0.0,0.0
2023-10-31 00:00:00-04:00,5.624645953376336,5.664145022899539,5.608846400905264,5.648345470428467,399600,0.0,0.0
2023-11-01 00:00:00-04:00,5.60884882718006,5.727345710317984,5.60884882718006,5.703646183013916,634800,0.0,0.0
2023-11-02 00:00:00-04:00,5.743143494457782,5.853740375412552,5.743143494457782,5.774742603302002,847000,0.0,0.0
2023-11-03 00:00:00-04:00,5.837942123413086,5.877441206626001,5.830042532785208,5.837942123413086,443000,0.0,0.0
2023-11-06 00:00:00-05:00,5.861642090564747,5.877441649702743,5.830042972288753,5.8537421226501465,375400,0.0,0.0
2023-11-07 00:00:00-05:00,5.86954099731513,5.86954099731513,5.837941882724049,5.8616414070129395,357200,0.0,0.0
2023-11-08 00:00:00-05:00,5.861641442002891,5.869541032352236,5.830042327223184,5.845841884613037,353400,0.0,0.0
2023-11-09 00:00:00-05:00,5.869540864060457,5.8774408308744555,5.790543079376221,5.790543079376221,461200,0.0,0.0
2023-11-10 00:00:00-05:00,5.830041514912948,5.893239735666837,5.814241959724476,5.869540214538574,356200,0.0,0.0
2023-11-13 00:00:00-05:00,5.869542084066266,5.893241612743146,5.869542084066266,5.885341644287109,304100,0.0,0.0
2023-11-14 00:00:00-05:00,5.964338914669249,6.003837620866419,5.956438947415112,5.988038063049316,368900,0.0,0.0
2023-11-15 00:00:00-05:00,6.019638538360596,6.043338068784932,6.00383897697479,6.019638538360596,416800,0.0,0.0
2023-11-16 00:00:00-05:00,6.019637548298961,6.04333707482539,6.011737957250948,6.035437107086182,292500,0.0,0.0
2023-11-17 00:00:00-05:00,6.0591349601745605,6.0749345145981914,6.043335405750929,6.0591349601745605,360600,0.0,0.0
2023-11-20 00:00:00-05:00,6.0670356054989885,6.114434277023455,6.059136015257156,6.098634719848633,415300,0.0,0.0
2023-11-21 00:00:00-05:00,6.105002403259277,6.120921559766053,6.081123478727799,6.105002403259277,282100,0.058,0.0
2023-11-22 00:00:00-05:00,6.120921537099231,6.1527598499948795,6.105002380651406,6.112961769104004,362900,0.0,0.0
2023-11-24 00:00:00-05:00,6.136841273789221,6.160719820947375,6.128881505041394,6.144800662994385,69200,0.0,0.0
2023-11-27 00:00:00-05:00,6.144800237832302,6.176638931078012,6.136840849177854,6.160719394683838,239300,0.0,0.0
2023-11-28 00:00:00-05:00,6.176639080047607,6.192558237283085,6.160719543269483,6.176639080047607,232600,0.0,0.0
2023-11-29 00:00:00-05:00,6.200517603068605,6.224396528604334,6.160719520356604,6.184598445892334,305800,0.0,0.0
2023-11-30 00:00:00-05:00,6.2005191098366925,6.2005191098366925,6.168680787747222,6.192559719085693,310700,0.0,0.0
2023-12-01 00:00:00-05:00,6.192558019144663,6.272153802518217,6.1845982510359905,6.256234645843506,339900,0.0,0.0
2023-12-04 00:00:00-05:00,6.2243965801524315,6.2243965801524315,6.176639108228109,6.200517654418945,331800,0.0,0.0
2023-12-05 00:00:00-05:00,6.192557019922951,6.200516407204676,6.120920636674575,6.128880023956299,612600,0.0,0.0
2023-12-06 00:00:00-05:00,6.1447991780623195,6.168678098992635,6.128880023956299,6.128880023956299,269600,0.0,0.0
2023-12-07 00:00:00-05:00,6.160719894977077,6.184598821964833,6.1368413475319885,6.1527605056762695,330000,0.0,0.0
2023-12-08 00:00:00-05:00,6.128881628745793,6.176639483111367,6.120922239379979,6.168679714202881,380400,0.0,0.0
2023-12-11 00:00:00-05:00,6.184598821964833,6.184598821964833,6.120922189387707,6.1527605056762695,411100,0.0,0.0
2023-12-12 00:00:00-05:00,6.144800736832795,6.168679663820551,6.1368413475319885,6.1527605056762695,261000,0.0,0.0
2023-12-13 00:00:00-05:00,6.152760754370657,6.240316317474535,6.144800985205449,6.232356548309326,369200,0.0,0.0
2023-12-14 00:00:00-05:00,6.264194865884793,6.2721546350500015,6.232356548309326,6.232356548309326,397600,0.0,0.0
2023-12-15 00:00:00-05:00,6.256234645843506,6.272153802518217,6.248274877734834,6.256234645843506,295300,0.0,0.0
2023-12-18 00:00:00-05:00,6.264193609963621,6.303991688725097,6.248274454367552,6.272153377532959,341800,0.0,0.0
2023-12-19 00:00:00-05:00,6.288072533129029,6.335829999917236,6.240315066340821,6.272153377532959,452100,0.0,0.0
2023-12-20 00:00:00-05:00,6.280114915060367,6.303993846398838,6.192559719085693,6.192559719085693,488100,0.0,0.0
2023-12-21 00:00:00-05:00,6.198973716744067,6.223031997680664,6.182934990250804,6.223031997680664,541700,0.058,0.0
2023-12-22 00:00:00-05:00,6.223032914410581,6.303226558690417,6.223032914410581,6.247090816497803,488000,0.0,0.0
2023-12-26 00:00:00-05:00,6.247090542050098,6.2871875536252,6.231051813898746,6.239071369171143,760800,0.0,0.0
2023-12-27 00:00:00-05:00,6.247090816497803,6.279168274209737,6.2390716432665485,6.247090816497803,432700,0.0,0.0
2023-12-28 00:00:00-05:00,6.263128004571458,6.271147558223293,6.231050554750847,6.255108833312988,454900,0.0,0.0
2023-12-29 00:00:00-05:00,6.255108769650291,6.271147494397359,6.21501176658594,6.231050491333008,371700,0.0,0.0
2024-01-02 00:00:00-05:00,6.215011903965119,6.231050629066714,6.182934453761931,6.198973178863525,284200,0.0,0.0
2024-01-03 00:00:00-05:00,6.198973457211641,6.198973457211641,6.1348185539245605,6.1348185539245605,250400,0.0,0.0
2024-01-04 00:00:00-05:00,6.134819636958674,6.319265207667535,6.1268000814353325,6.1749162673950195,671300,0.0,0.0
2024-01-05 00:00:00-05:00,6.18293571472168,6.206993616083801,6.166896986349116,6.18293571472168,307900,0.0,0.0
2024-01-08 00:00:00-05:00,6.198973104930236,6.263128004571458,6.182934380019931,6.255108833312988,292800,0.0,0.0
2024-01-09 00:00:00-05:00,6.239070724173928,6.2631286227171215,6.223031997680664,6.223031997680664,273900,0.0,0.0
2024-01-10 00:00:00-05:00,6.239071191053033,6.295206546783447,6.2230324633595675,6.295206546783447,234000,0.0,0.0
2024-01-11 00:00:00-05:00,6.28718726669073,6.311245166623084,6.239071084432598,6.303225994110107,223300,0.0,0.0
2024-01-12 00:00:00-05:00,6.303225994110107,6.327283894042462,6.28718726669073,6.303225994110107,184300,0.0,0.0
2024-01-16 00:00:00-05:00,6.28718703893105,6.303225765769408,6.247090030638448,6.263128757476807,311200,0.0,0.0
2024-01-17 00:00:00-05:00,6.223032914410581,6.255110372122515,6.2150133587858685,6.247090816497803,335900,0.0,0.0
2024-01-18 00:00:00-05:00,6.271148312092691,6.303225765769408,6.247090030638448,6.263128757476807,353200,0.0,0.0
2024-01-19 00:00:00-05:00,6.28718672951418,6.311244627391029,6.263128449243938,6.279167175292969,269800,0.0,0.0
2024-01-22 00:00:00-05:00,6.317948531808947,6.342185969752601,6.269473270674511,6.293710708618164,367000,0.058,0.0
2024-01-23 00:00:00-05:00,6.309868453023755,6.334106273617954,6.253313795135349,6.269472599029541,304300,0.0,0.0
2024-01-24 00:00:00-05:00,6.317947410563632,6.317947410563632,6.261392756653305,6.277551174163818,291700,0.0,0.0
2024-01-25 00:00:00-05:00,6.301790111430802,6.30986912899631,6.2775522882400185,6.293710708618164,197400,0.0,0.0
2024-01-26 00:00:00-05:00,6.277552253878315,6.309869094457712,6.277552253878315,6.2856316566467285,353100,0.0,0.0
2024-01-29 00:00:00-05:00,6.309868784727634,6.350265026092529,6.309868784727634,6.350265026092529,323200,0.0,0.0
2024-01-30 00:00:00-05:00,6.350265376939297,6.358344394510369,6.3179485361607455,6.342185974121094,271800,0.0,0.0
2024-01-31 00:00:00-05:00,6.32602751474741,6.358344355326807,6.26947323635703,6.2856316566467285,428200,0.0,0.0
2024-02-01 00:00:00-05:00,6.30178976760292,6.350265026092529,6.30178976760292,6.350265026092529,343900,0.0,0.0
2024-02-02 00:00:00-05:00,6.342185335265525,6.358343754027145,6.309868497742287,6.326026916503906,418600,0.0,0.0
2024-02-05 00:00:00-05:00,6.334106634536309,6.334106634536309,6.293710392993222,6.309868812561035,283700,0.0,0.0
2024-02-06 00:00:00-05:00,6.3421849847861465,6.358343402654826,6.317947550606663,6.334105968475342,337200,0.0,0.0
2024-02-07 00:00:00-05:00,6.374502469700534,6.422977728243275,6.366423452566965,6.398740291595459,263500,0.0,0.0
2024-02-08 00:00:00-05:00,6.406819181981446,6.414898584202288,6.374502343592284,6.390660762786865,202700,0.0,0.0
2024-02-09 00:00:00-05:00,6.398739061845736,6.431055894663378,6.398739061845736,6.422976493835449,230900,0.0,0.0
2024-02-12 00:00:00-05:00,6.431056535067237,6.47145277273546,6.422977133434762,6.439135551452637,257200,0.0,0.0
2024-02-13 00:00:00-05:00,6.390661044107826,6.398740446684329,6.326027364484287,6.366423606872559,263100,0.0,0.0
2024-02-14 00:00:00-05:00,6.390659661017807,6.447214311072199,6.390659661017807,6.422976493835449,315000,0.0,0.0
2024-02-15 00:00:00-05:00,6.439135492028116,6.479532114570607,6.439135492028116,6.471452713012695,251200,0.0,0.0
2024-02-16 00:00:00-05:00,6.471452900389688,6.479532302181535,6.439135678469384,6.4472150802612305,214900,0.0,0.0
2024-02-20 00:00:00-05:00,6.447214953085111,6.4633733711029855,6.406818715416888,6.439135551452637,280500,0.0,0.0
2024-02-21 00:00:00-05:00,6.4375081062316895,6.47006184626268,6.413092995244043,6.4375081062316895,511800,0.058,0.0
2024-02-22 00:00:00-05:00,6.510753659859027,6.53516876876365,6.510753659859027,6.518892288208008,277800,0.0,0.0
2024-02-23 00:00:00-05:00,6.543307340224384,6.551445968502606,6.4944767347685195,6.502614974975586,256500,0.0,0.0
2024-02-26 00:00:00-05:00,6.527032848698467,6.535170703314108,6.453786336088587,6.470063209533691,231800,0.0,0.0
2024-02-27 00:00:00-05:00,6.494476763035664,6.510753631591797,6.486338134722018,6.510753631591797,212100,0.0,0.0
2024-02-28 00:00:00-05:00,6.502615990348689,6.510754619897745,6.470062248294898,6.49447774887085,188600,0.0,0.0
2024-02-29 00:00:00-05:00,6.543307397112629,6.55144602546161,6.502615031510047,6.518892288208008,216200,0.0,0.0
2024-03-01 00:00:00-05:00,6.535168138656582,6.583999127899964,6.527030287234554,6.575860500335693,299400,0.0,0.0
2024-03-04 00:00:00-05:00,6.567721843719482,6.575860471247752,6.551445364805182,6.567721843719482,213400,0.0,0.0
2024-03-05 00:00:00-05:00,6.567723973890448,6.584001234226344,6.50261648483185,6.527032375335693,232800,0.0,0.0
2024-03-06 00:00:00-05:00,6.551445364805182,6.583999098776023,6.535168109748642,6.567721843719482,207200,0.0,0.0
2024-03-07 00:00:00-05:00,6.592139623621456,6.6165547370910645,6.584000993750765,6.6165547370910645,138200,0.0,0.0
2024-03-08 00:00:00-05:00,6.632831220689982,6.649108480431363,6.584000993750765,6.6165547370910645,195000,0.0,0.0
2024-03-11 00:00:00-04:00,6.600277548073863,6.600277548073863,6.56772380438474,6.584001064300537,132300,0.0,0.0
2024-03-12 00:00:00-04:00,6.6165527106865,6.640967816678668,6.583998977316202,6.632829189300537,320100,0.0,0.0
2024-03-13 00:00:00-04:00,6.624691338064632,6.640967816678668,6.6165527106865,6.632829189300537,196100,0.0,0.0
2024-03-14 00:00:00-04:00,6.649107200532587,6.665383680998414,6.5514459893106745,6.559584617614746,215500,0.0,0.0
2024-03-15 00:00:00-04:00,6.567722919415841,6.592138805999615,6.5351691801131775,6.551446437835693,175000,0.0,0.0
2024-03-18 00:00:00-04:00,6.592137726304293,6.616552832746864,6.551445364805182,6.567721843719482,178200,0.0,0.0
2024-03-19 00:00:00-04:00,6.567722469776503,6.600276206850474,6.543307361006604,6.559584617614746,599200,0.0,0.0
2024-03-20 00:00:00-04:00,6.59073498268264,6.656314373016357,6.59073498268264,6.656314373016357,271700,0.058,0.0
2024-03-21 00:00:00-04:00,6.65631407522002,6.7054990066538265,6.65631407522002,6.697301387786865,256700,0.0,0.0
2024-03-22 00:00:00-04:00,6.69730168741693,6.69730168741693,6.639919916316927,6.656314373016357,156800,0.0,0.0
2024-03-25 00:00:00-04:00,6.631721641417998,6.64811609649654,6.59893194949299,6.615326404571533,225700,0.0,0.0
2024-03-26 00:00:00-04:00,6.615327058615784,6.680906448949502,6.615327058615784,6.656314373016357,236700,0.0,0.0
2024-03-27 00:00:00-04:00,6.656314373016357,6.6645119922500715,6.631722297083212,6.656314373016357,341300,0.0,0.0
2024-03-28 00:00:00-04:00,6.656314869000931,6.738289503910285,6.648117249156384,6.721894264221191,537500,0.0,0.0
2024-04-01 00:00:00-04:00,6.713695511013996,6.713695511013996,6.6563137453251,6.680905818939209,231800,0.0,0.0
2024-04-02 00:00:00-04:00,6.63992054710599,6.648117385350401,6.574341150542263,6.631722927093506,236000,0.0,0.0
2024-04-03 00:00:00-04:00,6.623524677849498,6.656314373016357,6.607130221150068,6.656314373016357,271600,0.0,0.0
2024-04-04 00:00:00-04:00,6.664511333343004,6.713695480346554,6.615326404571533,6.615326404571533,255800,0.0,0.0
2024-04-05 00:00:00-04:00,6.59893194949299,6.64811609649654,6.590734331069759,6.615326404571533,198200,0.0,0.0
2024-04-08 00:00:00-04:00,6.615327058615784,6.672709611483786,6.615327058615784,6.656314373016357,216700,0.0,0.0
2024-04-09 00:00:00-04:00,6.680906448949502,6.69730168741693,6.639919916316927,6.656314373016357,264000,0.0,0.0
2024-04-10 00:00:00-04:00,6.623524506935566,6.639919744979931,6.598932431636997,6.60713005065918,315800,0.0,0.0
2024-04-11 00:00:00-04:00,6.6317215124783875,6.664511203765869,6.607129439454752,6.664511203765869,146600,0.0,0.0
2024-04-12 00:00:00-04:00,6.631721763605562,6.631721763605562,6.5087602211792746,6.525155067443848,430400,0.0,0.0
2024-04-15 00:00:00-04:00,6.54974717797185,6.582536870684092,6.434983253479004,6.434983253479004,285000,0.0,0.0
2024-04-16 00:00:00-04:00,6.451378114270037,6.475970579301229,6.434983267877233,6.467772960662842,319200,0.0,0.0
2024-04-17 00:00:00-04:00,6.508760272086838,6.508760272086838,6.451378114270037,6.467772960662842,233300,0.0,0.0
2024-04-18 00:00:00-04:00,6.467772960662842,6.508760272086838,6.451378114270037,6.467772960662842,306800,0.0,0.0
2024-04-19 00:00:00-04:00,6.492365812204856,6.508760659573696,6.410391575360651,6.426786422729492,303500,0.0,0.0
2024-04-22 00:00:00-04:00,6.448280439267699,6.473081296520391,6.423479187812489,6.456547260284424,178400,0.066,0.0
2024-04-23 00:00:00-04:00,6.4730823538722975,6.51441764831543,6.4730823538722975,6.51441764831543,154500,0.0,0.0
2024-04-24 00:00:00-04:00,6.539217364072763,6.547484579194164,6.489615255951899,6.5061492919921875,302900,0.0,0.0
2024-04-25 00:00:00-04:00,6.448280626218023,6.473081484189748,6.423479374043767,6.46481466293335,298600,0.0,0.0
2024-04-26 00:00:00-04:00,6.506149770117519,6.547485060357151,6.497882948591117,6.530951023101807,187700,0.0,0.0
2024-04-29 00:00:00-04:00,6.547485060357151,6.547485060357151,6.506149770117519,6.530951023101807,251400,0.0,0.0
2024-04-30 00:00:00-04:00,6.530951875518614,6.5557527375373565,6.489616579883918,6.4978837966918945,388100,0.0,0.0
2024-05-01 00:00:00-04:00,6.5061492919921875,6.547484579194164,6.464814398992725,6.5061492919921875,493800,0.0,0.0
2024-05-02 00:00:00-04:00,6.547485744461932,6.572286605834961,6.497883627513292,6.572286605834961,197900,0.0,0.0
2024-05-03 00:00:00-04:00,6.630155295948117,6.646688938140869,6.597086828955044,6.646688938140869,266700,0.0,0.0
2024-05-06 00:00:00-04:00,6.671490565206095,6.696292213963725,6.654956921106145,6.688024997711182,223000,0.0,0.0
2024-05-07 00:00:00-04:00,6.704556941986084,6.729358584455684,6.688023302077953,6.704556941986084,186600,0.0,0.0
2024-05-08 00:00:00-04:00,6.704558641811133,6.704558641811133,6.671490565206095,6.688024997711182,183000,0.0,0.0
2024-05-09 00:00:00-04:00,6.712826167921666,6.737627029418945,6.696292523058537,6.737627029418945,212800,0.0,0.0
2024-05-10 00:00:00-04:00,6.737627300160076,6.745894517126432,6.721093654632568,6.721093654632568,214900,0.0,0.0
2024-05-13 00:00:00-04:00,6.745894517126432,6.745894517126432,6.704559220699856,6.721093654632568,127100,0.0,0.0
2024-05-14 00:00:00-04:00,6.737626262700185,6.745893478393555,6.721092619718528,6.745893478393555,168400,0.0,0.0
2024-05-15 00:00:00-04:00,6.770695290041859,6.8202978027785335,6.754161644733096,6.795496940612793,309300,0.0,0.0
2024-05-16 00:00:00-04:00,6.803762704821311,6.803762704821311,6.762428201382247,6.787229061126709,197300,0.0,0.0
2024-05-17 00:00:00-04:00,6.795495902611378,6.803762329800479,6.7624278286397566,6.770694255828857,245000,0.0,0.0
2024-05-20 00:00:00-04:00,6.787229723755815,6.8202978027785335,6.787229723755815,6.795496940612793,227800,0.0,0.0
2024-05-21 00:00:00-04:00,6.778961288644832,6.820296577096122,6.778961288644832,6.8120293617248535,227200,0.0,0.0
2024-05-22 00:00:00-04:00,6.820296577096122,6.836831007838659,6.787228504016101,6.8120293617248535,232600,0.0,0.0
2024-05-23 00:00:00-04:00,6.842032147572344,6.842032147572344,6.717025788578543,6.725358963012695,238300,0.066,0.0
2024-05-24 00:00:00-04:00,6.767028235665855,6.808697288284099,6.750361091481201,6.783696174621582,150100,0.0,0.0
2024-05-28 00:00:00-04:00,6.8003628728925705,6.8003628728925705,6.750360648846284,6.792028903961182,195600,0.0,0.0
2024-05-29 00:00:00-04:00,6.767028270928909,6.767028270928909,6.700358104300729,6.7086920738220215,192700,0.0,0.0
2024-05-30 00:00:00-04:00,6.708690450964747,6.742025526214958,6.692022515954199,6.700356483459473,281300,0.0,0.0
2024-05-31 00:00:00-04:00,6.742026520157692,6.767027631588416,6.675356359828427,6.750360488891602,317600,0.0,0.0
2024-06-03 00:00:00-04:00,6.775361760869427,6.8003628728925705,6.750360648846284,6.792028903961182,271300,0.0,0.0
2024-06-04 00:00:00-04:00,6.792028556766337,6.825363636016846,6.775361414526572,6.825363636016846,267600,0.0,0.0
2024-06-05 00:00:00-04:00,6.8336976398036455,6.883700656323058,6.817030497477831,6.875366687774658,244900,0.0,0.0
2024-06-06 00:00:00-04:00,6.900367512423038,6.908701480625747,6.867032434383158,6.883700370788574,204500,0.0,0.0
2024-06-07 00:00:00-04:00,6.850365292748693,6.908701480625747,6.850365292748693,6.883700370788574,233100,0.0,0.0
2024-06-10 00:00:00-04:00,6.900367893453173,6.908701862116073,6.850365671017764,6.858698844909668,153800,0.0,0.0
2024-06-11 00:00:00-04:00,6.850365292748693,6.883700370788574,6.8170302147088115,6.883700370788574,200500,0.0,0.0
2024-06-12 00:00:00-04:00,6.9170372302936585,6.942038346569804,6.9003692895954565,6.933704376220703,183500,0.0,0.0
2024-06-13 00:00:00-04:00,6.950371681885365,6.958705651473017,6.892035484313965,6.892035484313965,196800,0.0,0.0
2024-06-14 00:00:00-04:00,6.900367606417544,6.908701574733775,6.867032527923584,6.867032527923584,158300,0.0,0.0
2024-06-17 00:00:00-04:00,6.867033606759699,6.900368690490723,6.867033606759699,6.900368690490723,194600,0.0,0.0
2024-06-18 00:00:00-04:00,6.883701546010754,6.9087026601162504,6.883701546010754,6.900368690490723,133300,0.0,0.0
2024-06-20 00:00:00-04:00,6.908701574733775,6.908701574733775,6.850365386062085,6.867032527923584,206100,0.0,0.0
2024-06-21 00:00:00-04:00,6.863672866610339,6.880474586595884,6.838469886037869,6.872074127197266,191200,0.066,0.0
2024-06-24 00:00:00-04:00,6.872074108038132,6.905678349103841,6.830068606408919,6.88047456741333,276600,0.0,0.0
2024-06-25 00:00:00-04:00,6.914078978703456,6.939282761014483,6.914078978703456,6.930881500244141,308200,0.0,0.0
2024-06-26 00:00:00-04:00,6.930881500244141,6.939282761014483,6.888875997580754,6.930881500244141,295600,0.0,0.0
2024-06-27 00:00:00-04:00,6.947685241699219,6.964486965001722,6.9224814549627665,6.947685241699219,171300,0.0,0.0
2024-06-28 00:00:00-04:00,6.972888227247206,6.998091212795193,6.947685241699219,6.947685241699219,334100,0.0,0.0
2024-07-01 00:00:00-04:00,6.972888227247206,6.9896899505497085,6.9308827172082506,6.947685241699219,317700,0.0,0.0
2024-07-02 00:00:00-04:00,6.947684302896506,6.9980902671813965,6.947684302896506,6.9980902671813965,244400,0.0,0.0
2024-07-03 00:00:00-04:00,6.998090413602688,7.0568976402282715,6.998090413602688,7.0568976402282715,148800,0.0,0.0
2024-07-05 00:00:00-04:00,7.073700162800367,7.082101424086414,7.023293396272456,7.0568976402282715,191700,0.0,0.0
2024-07-08 00:00:00-04:00,7.048497180130598,7.073700162800367,7.0316946575585035,7.0568976402282715,256000,0.0,0.0
2024-07-09 00:00:00-04:00,7.065297965495701,7.07369922566874,7.031693725991813,7.048496246337891,253000,0.0,0.0
2024-07-10 00:00:00-04:00,7.065298346971803,7.082100868225098,7.056897086345155,7.082100868225098,242100,0.0,0.0
2024-07-11 00:00:00-04:00,7.10730384891673,7.115705109543377,7.048496626906818,7.082100868225098,222500,0.0,0.0
2024-07-12 00:00:00-04:00,7.107303142547607,7.140907380526083,7.09890188275593,7.107303142547607,298800,0.0,0.0
2024-07-15 00:00:00-04:00,7.140907536855935,7.166110515594482,7.115704558117389,7.166110515594482,440900,0.0,0.0
2024-07-16 00:00:00-04:00,7.166111601910028,7.182914124408331,7.1241060968526435,7.17451286315918,506700,0.0,0.0
2024-07-17 00:00:00-04:00,7.090501770654287,7.115705554108877,7.040095806121826,7.040095806121826,379200,0.0,0.0
2024-07-18 00:00:00-04:00,7.048496686534899,7.11570516974002,6.981288203329778,7.006491184234619,514700,0.0,0.0
2024-07-19 00:00:00-04:00,7.006491493463652,7.040095736549324,6.947684268360814,6.956084728240967,818500,0.0,0.0
2024-07-22 00:00:00-04:00,6.9980911477168934,7.073700904846191,6.9728881624032795,7.073700904846191,569600,0.0,0.0
2024-07-23 00:00:00-04:00,7.095715534986395,7.146519727917681,7.078780265663909,7.129585266113281,563600,0.066,0.0
2024-07-24 00:00:00-04:00,7.061844649540182,7.061844649540182,6.934832572937012,6.934832572937012,428600,0.0,0.0
2024-07-25 00:00:00-04:00,6.9771714787584616,7.002574384222111,6.892497549767366,6.926367282867432,215600,0.0,0.0
2024-07-26 00:00:00-04:00,6.985638605758358,6.985638605758358,6.926366779024374,6.95176887512207,277200,0.0,0.0
2024-07-29 00:00:00-04:00,6.9856391733639125,7.0110412715256105,6.9263673418139025,7.002574443817139,422000,0.0,0.0
2024-07-30 00:00:00-04:00,7.036442135572514,7.061844226363763,6.9602350556808625,6.977169513702393,433800,0.0,0.0
2024-07-31 00:00:00-04:00,7.053379058837891,7.070314330296415,7.019509323439029,7.053379058837891,481800,0.0,0.0
2024-08-01 00:00:00-04:00,7.070311859133481,7.095713949924729,6.9602350556808625,6.977169513702393,438300,0.0,0.0
2024-08-02 00:00:00-04:00,6.909431458408915,6.909431458408915,6.748550037207066,6.816289901733398,412100,0.0,0.0
2024-08-05 00:00:00-04:00,6.596136998874075,6.638474368536723,6.460658061968126,6.553799629211426,808500,0.0,0.0
2024-08-06 00:00:00-04:00,6.604603761448953,6.706212950699792,6.5792012622567295,6.680810451507568,330100,0.0,0.0
2024-08-07 00:00:00-04:00,6.807822648993489,6.807822648993489,6.63000635262911,6.638473987579346,596500,0.0,0.0
2024-08-08 00:00:00-04:00,6.723147407923495,6.765484365664771,6.6723428163785625,6.757017135620117,418500,0.0,0.0
2024-08-09 00:00:00-04:00,6.77395253687432,6.841691997641617,6.748550037207066,6.816289901733398,342300,0.0,0.0
2024-08-12 00:00:00-04:00,6.8078222672579685,6.858627266592476,6.790887805825179,6.816289901733398,445400,0.0,0.0
2024-08-13 00:00:00-04:00,6.875562279458267,6.943301745658397,6.867094644303717,6.926367282867432,453000,0.0,0.0
2024-08-14 00:00:00-04:00,6.934834042632181,6.96870377540076,6.900964309863601,6.943301677703857,303600,0.0,0.0
2024-08-15 00:00:00-04:00,6.994106701721864,7.019508799495423,6.985639066624635,7.011041164398193,235700,0.0,0.0
2024-08-16 00:00:00-04:00,7.011040766837632,7.03644367068885,6.99410630512157,7.027976036071777,139700,0.0,0.0
2024-08-19 00:00:00-04:00,7.03644367068885,7.03644367068885,7.011040766837632,7.027976036071777,284400,0.0,0.0
2024-08-20 00:00:00-04:00,7.011039298461301,7.061844288005171,7.011039298461301,7.019506931304932,372400,0.0,0.0
2024-08-21 00:00:00-04:00,7.061844849686228,7.070312483203352,7.011039856101458,7.036442756652832,391200,0.0,0.0
2024-08-22 00:00:00-04:00,7.0757048472818305,7.084240271684573,6.930605888366699,6.930605888366699,824000,0.066,0.0
2024-08-23 00:00:00-04:00,6.9732818510762495,7.092775344848633,6.9732818510762495,7.092775344848633,293000,0.0,0.0
2024-08-26 00:00:00-04:00,7.126916447651561,7.135451057913282,7.101310174917826,7.118381023406982,400200,0.0,0.0
2024-08-27 00:00:00-04:00,7.11838033031493,7.13545036315918,7.101309483487903,7.13545036315918,264300,0.0,0.0
2024-08-28 00:00:00-04:00,7.135451057913282,7.135451057913282,7.092775564656105,7.118381023406982,264800,0.0,0.0
2024-08-29 00:00:00-04:00,7.143985786572694,7.195197513070998,7.092774874057167,7.13545036315918,541000,0.0,0.0
2024-08-30 00:00:00-04:00,7.169593597142754,7.203734488025032,7.101311815378198,7.143988132476807,450000,0.0,0.0
2024-09-03 00:00:00-04:00,7.143986718903705,7.143986718903705,7.007423182396276,7.024493217468262,345400,0.0,0.0
2024-09-04 00:00:00-04:00,7.015958053315803,7.058634358602638,7.015958053315803,7.041563510894775,421300,0.0,0.0
2024-09-05 00:00:00-04:00,7.0500994910505685,7.084240375177426,7.007423182396276,7.024493217468262,444200,0.0,0.0
2024-09-06 00:00:00-04:00,7.04156436733143,7.067169828024691,6.922070860791349,6.947677135467529,477200,0.0,0.0
2024-09-09 00:00:00-04:00,6.964746873741983,7.024493217468262,6.930605989615126,7.024493217468262,575000,0.0,0.0
2024-09-10 00:00:00-04:00,7.058636137473169,7.058636137473169,6.973283505389495,6.998888969421387,437800,0.0,0.0
2024-09-11 00:00:00-04:00,7.024492408874172,7.0757041361608835,6.930605191828457,7.067168712615967,660000,0.0,0.0
2024-09-12 00:00:00-04:00,7.0757044232050506,7.169591644059543,7.041563541623161,7.15252161026001,383500,0.0,0.0
2024-09-13 00:00:00-04:00,7.1354514560343665,7.212268650555858,7.1354514560343665,7.178127765655518,483700,0.0,0.0
2024-09-16 00:00:00-04:00,7.195199309489461,7.220804772140116,7.152522995749716,7.203733921051025,372300,0.0,0.0
2024-09-17 00:00:00-04:00,7.246408201414077,7.263479047713007,7.203731899649506,7.2293381690979,337900,0.0,0.0
2024-09-18 00:00:00-04:00,7.246408239566519,7.272014509149732,7.178126481976802,7.2208027839660645,394000,0.0,0.0
2024-09-19 00:00:00-04:00,7.289084472490972,7.340296197189402,7.280549049377441,7.280549049377441,553400,0.0,0.0
2024-09-20 00:00:00-04:00,7.294313878780616,7.302915861358615,7.23410164139504,7.259906768798828,277200,0.066,0.0
2024-09-23 00:00:00-04:00,7.268509387969971,7.285713354632732,7.242704258306109,7.268509387969971,346900,0.0,0.0
2024-09-24 00:00:00-04:00,7.294313721083509,7.320119668259604,7.242703467391705,7.277110576629639,175100,0.0,0.0
2024-09-25 00:00:00-04:00,7.268509043081752,7.285713008928193,7.242703914642334,7.242703914642334,190400,0.0,0.0
2024-09-26 00:00:00-04:00,7.2685075153151875,7.320118581676143,7.2685075153151875,7.302914619445801,248300,0.0,0.0
2024-09-27 00:00:00-04:00,7.397535196089044,7.431942302196569,7.3717292512608115,7.423340320587158,1520000,0.0,0.0
2024-09-30 00:00:00-04:00,7.4319420201068915,7.466349124908447,7.363127810503779,7.466349124908447,824600,0.0,0.0
2024-10-01 00:00:00-04:00,7.406136196830223,7.440543302191927,7.328720825013963,7.414738178253174,795400,0.0,0.0
2024-10-02 00:00:00-04:00,7.397535196089044,7.423340320587158,7.3717292512608115,7.423340320587158,408500,0.0,0.0
2024-10-03 00:00:00-04:00,7.41473830614655,7.41473830614655,7.345924094236196,7.388933181762695,463000,0.0,0.0
2024-10-04 00:00:00-04:00,7.423339556787849,7.440542697906494,7.354525351653201,7.440542697906494,373900,0.0,0.0
2024-10-07 00:00:00-04:00,7.423340573907685,7.431942555810638,7.294313306353838,7.345924377441406,621000,0.0,0.0
2024-10-08 00:00:00-04:00,7.380329971901347,7.440542192219406,7.380329971901347,7.431941032409668,360800,0.0,0.0
2024-10-09 00:00:00-04:00,7.466349246460781,7.474950407553632,7.38893305431442,7.414738178253174,674000,0.0,0.0
2024-10-10 00:00:00-04:00,7.423339492040271,7.440542633008868,7.354525287505833,7.397534370422363,279100,0.0,0.0
2024-10-11 00:00:00-04:00,7.41473805754107,7.466349124908447,7.41473805754107,7.466349124908447,248700,0.0,0.0
2024-10-14 00:00:00-04:00,7.474950285861272,7.500756229710004,7.4319420201068915,7.466349124908447,222600,0.0,0.0
2024-10-15 00:00:00-04:00,7.466350045669353,7.483553190026604,7.388933845236254,7.406136989593506,226200,0.0,0.0
2024-10-16 00:00:00-04:00,7.397535827579974,7.406136989593506,7.363128718535284,7.406136989593506,208500,0.0,0.0
2024-10-17 00:00:00-04:00,7.423340159676125,7.449145283614879,7.406136196830223,7.414738178253174,250500,0.0,0.0
2024-10-18 00:00:00-04:00,7.423339556787849,7.4577466593551724,7.423339556787849,7.440542697906494,238200,0.0,0.0
2024-10-21 00:00:00-04:00,7.44914518995382,7.474950313568115,7.423340066339525,7.474950313568115,208900,0.0,0.0
2024-10-22 00:00:00-04:00,7.457747459411621,7.466349441058768,7.4319423348003,7.457747459411621,215900,0.0,0.0
2024-10-23 00:00:00-04:00,7.436945577475899,7.445613544680774,7.324264483681071,7.34160041809082,290900,0.066,0.0
2024-10-24 00:00:00-04:00,7.367602328354876,7.393605399235885,7.3415992574738675,7.376270294189453,276000,0.0,0.0
2024-10-25 00:00:00-04:00,7.41960956694981,7.497618782433806,7.402273634649312,7.4109416007995605,189200,0.0,0.0
2024-10-28 00:00:00-04:00,7.454280333455198,7.454280333455198,7.367602328354876,7.376270294189453,165200,0.0,0.0
2024-10-29 00:00:00-04:00,7.341600746146167,7.384939757484273,7.341600746146167,7.3502678871154785,423400,0.0,0.0
2024-10-30 00:00:00-04:00,7.350266851405172,7.4022738230072855,7.332931745286314,7.384938716888428,270800,0.0,0.0
2024-10-31 00:00:00-04:00,7.367601341222182,7.367601341222182,7.263588245011405,7.289591312408447,280200,0.0,0.0
2024-11-01 00:00:00-04:00,7.289592060228643,7.341599026980594,7.289592060228643,7.324263095855713,153900,0.0,0.0
2024-11-04 00:00:00-05:00,7.298260251882876,7.306928217713841,7.246253283519809,7.280924320220947,261500,0.0,0.0
2024-11-05 00:00:00-05:00,7.306926821835719,7.376268881991242,7.306926821835719,7.367600917816162,142400,0.0,0.0
2024-11-06 00:00:00-05:00,7.506287308723453,7.5149552755205296,7.410942153824046,7.471616268157959,298800,0.0,0.0
2024-11-07 00:00:00-05:00,7.480283796499162,7.558293839854678,7.45428072425491,7.549625873565674,363000,0.0,0.0
2024-11-08 00:00:00-05:00,7.558293070986566,7.558293070986566,7.49761813975846,7.523622035980225,281900,0.0,0.0
2024-11-11 00:00:00-05:00,7.540958595246423,7.540958595246423,7.488952446013343,7.514955520629883,242100,0.0,0.0
2024-11-12 00:00:00-05:00,7.488951453675327,7.506286558915052,7.4109414135397405,7.436944484710693,276000,0.0,0.0
2024-11-13 00:00:00-05:00,7.445612638777809,7.4542806049280586,7.3849385289715626,7.4109416007995605,257300,0.0,0.0
2024-11-14 00:00:00-05:00,7.410942833637982,7.436945909791691,7.341600746146167,7.3502678871154785,190900,0.0,0.0
2024-11-15 00:00:00-05:00,7.350264989466001,7.367600917816162,7.298258857660638,7.367600917816162,351000,0.0,0.0
2024-11-18 00:00:00-05:00,7.376270376437561,7.454280416573147,7.3676024105063345,7.436944484710693,251500,0.0,0.0
2024-11-19 00:00:00-05:00,7.419609359471648,7.454280396480373,7.39360546174806,7.44561243057251,219400,0.0,0.0
2024-11-20 00:00:00-05:00,7.436944693011021,7.445612659185027,7.384938549212483,7.402273654937744,255400,0.0,0.0
2024-11-21 00:00:00-05:00,7.433720705393252,7.433720705393252,7.390044155082724,7.416249752044678,248800,0.066,0.0
2024-11-22 00:00:00-05:00,7.433722795261715,7.4424582743918375,7.407516357871346,7.424987316131592,275900,0.0,0.0
2024-11-25 00:00:00-05:00,7.451189739009679,7.468660689810314,7.363837484188862,7.381307601928711,541000,0.0,0.0
2024-11-26 00:00:00-05:00,7.3900443921251044,7.424985466882112,7.381308915170619,7.39877986907959,214600,0.0,0.0
2024-11-27 00:00:00-05:00,7.407516357871346,7.424987316131592,7.390046232672242,7.424987316131592,306600,0.0,0.0
2024-11-29 00:00:00-05:00,7.451191544756913,7.486132621765137,7.424985945265991,7.486132621765137,149100,0.0,0.0
2024-12-02 00:00:00-05:00,7.486130653512343,7.494866128732916,7.424983993089873,7.477396011352539,454000,0.0,0.0
2024-12-03 00:00:00-05:00,7.451190480175709,7.529808100477048,7.433720360698116,7.503602504730225,274100,0.0,0.0
2024-12-04 00:00:00-05:00,7.521073818206787,7.54728025117485,7.503603695955746,7.521073818206787,285000,0.0,0.0
2024-12-05 00:00:00-05:00,7.512339352278534,7.556015075475381,7.494868396550979,7.529809474945068,242600,0.0,0.0
2024-12-06 00:00:00-05:00,7.521074765485741,7.608427886926068,7.521074765485741,7.573486804962158,302300,0.0,0.0
2024-12-09 00:00:00-05:00,7.590955074898981,7.599690551521108,7.5298084046659035,7.547279357910156,223900,0.0,0.0
2024-12-10 00:00:00-05:00,7.573484717223439,7.582220193571636,7.547279121239729,7.564749240875244,241500,0.0,0.0
2024-12-11 00:00:00-05:00,7.599691211633823,7.599691211633823,7.564750135171224,7.59095573425293,224200,0.0,0.0
2024-12-12 00:00:00-05:00,7.556015732706615,7.590956814139921,7.529810129896908,7.538545608520508,298400,0.0,0.0
2024-12-13 00:00:00-05:00,7.547279713378954,7.582220788452243,7.512338638305664,7.512338638305664,213200,0.0,0.0
2024-12-16 00:00:00-05:00,7.538545608520508,7.556015732706615,7.512340005710801,7.538545608520508,331600,0.0,0.0
2024-12-17 00:00:00-05:00,7.521071721333865,7.53854267177501,7.4511895856908215,7.477396011352539,273700,0.0,0.0
2024-12-18 00:00:00-05:00,7.503602114755111,7.521072233324752,7.320161287939345,7.346366882324219,382000,0.0,0.0
2024-12-19 00:00:00-05:00,7.372573129405508,7.416249679287547,7.267749909525152,7.3026909828186035,475200,0.0,0.0
2024-12-20 00:00:00-05:00,7.276486452898171,7.442457200170227,7.25028085235138,7.390045166015625,191700,0.0,0.0
2024-12-23 00:00:00-05:00,7.395324921842387,7.448149043111813,7.342501640183884,7.439344882965088,288200,0.066,0.0
2024-12-24 00:00:00-05:00,7.43934703586334,7.536191146281517,7.41293538739073,7.518582820892334,173200,0.0,0.0
2024-12-26 00:00:00-05:00,7.5185836169043,7.527387780531011,7.49217196563542,7.509779453277588,257300,0.0,0.0
2024-12-27 00:00:00-05:00,7.483366602707961,7.492170764923698,7.377719174952477,7.430542469024658,534900,0.0,0.0
2024-12-30 00:00:00-05:00,7.386522499171833,7.42173830442845,7.351306693915216,7.404129981994629,295700,0.0,0.0
2024-12-31 00:00:00-05:00,7.448151546607993,7.448151546607993,7.37771992098234,7.412935733795166,699300,0.0,0.0
2025-01-02 00:00:00-05:00,7.430543220395976,7.492171522526827,7.368915757876332,7.412935733795166,464200,0.0,0.0
2025-01-03 00:00:00-05:00,7.4129332421358365,7.50977648491704,7.37771744115986,7.439344882965088,300600,0.0,0.0
2025-01-06 00:00:00-05:00,7.448151111602783,7.5097785705231095,7.4305427864191715,7.448151111602783,444500,0.0,0.0
2025-01-07 00:00:00-05:00,7.45695443134844,7.474561914930753,7.4041303013793796,7.421738624572754,303900,0.0,0.0
2025-01-08 00:00:00-05:00,7.421738624572754,7.45695443134844,7.395326139782692,7.421738624572754,320700,0.0,0.0
2025-01-10 00:00:00-05:00,7.360111192817097,7.386523680692672,7.316092058913458,7.32489538192749,269100,0.0,0.0
2025-01-13 00:00:00-05:00,7.280875774917744,7.351307392120361,7.280875774917744,7.351307392120361,268700,0.0,0.0
2025-01-14 00:00:00-05:00,7.386524244368374,7.4041317313512485,7.351308430791401,7.395327568054199,217400,0.0,0.0
2025-01-15 00:00:00-05:00,7.462765332265037,7.560376361558009,7.462765332265037,7.498260021209717,344900,0.066,0.0
2025-01-16 00:00:00-05:00,7.524880941654865,7.5869972829549495,7.498260136103487,7.533754825592041,441400,0.0,0.0
2025-01-17 00:00:00-05:00,7.5958730361335105,7.5958730361335105,7.524882793426514,7.524882793426514,370600,0.0,0.0
2025-01-21 00:00:00-05:00,7.578124044096568,7.595871813481678,7.533755466894014,7.56037712097168,356000,0.0,0.0
2025-01-22 00:00:00-05:00,7.578124740384892,7.675734942190889,7.578124740384892,7.64911413192749,426400,0.0,0.0
2025-01-23 00:00:00-05:00,7.64911413192749,7.675734942190889,7.62249332166409,7.64911413192749,242100,0.0,0.0
2025-01-24 00:00:00-05:00,7.64911365338154,7.702356116837669,7.61361895983087,7.631366729736328,304400,0.0,0.0
2025-01-27 00:00:00-05:00,7.569251114188094,7.613619696987294,7.507135606025413,7.578125,421800,0.0,0.0
2025-01-28 00:00:00-05:00,7.613619857513823,7.640240669250488,7.578125159778155,7.640240669250488,228700,0.0,0.0
2025-01-29 00:00:00-05:00,7.640238697705026,7.640238697705026,7.551502399394219,7.5958709716796875,270200,0.0,0.0
2025-01-30 00:00:00-05:00,7.631367207171991,7.675734942190889,7.604745550648291,7.64911413192749,304400,0.0,0.0
2025-01-31 00:00:00-05:00,7.640239768428811,7.693482231884939,7.60474507487814,7.631366729736328,428300,0.0,0.0
2025-02-03 00:00:00-05:00,7.516009491837319,7.6047458111753885,7.462767023226213,7.578125,464100,0.0,0.0
2025-02-04 00:00:00-05:00,7.595873302783752,7.622494115820666,7.569251643486451,7.586999416351318,274200,0.0,0.0
2025-02-05 00:00:00-05:00,7.5958715066429265,7.657987004461184,7.586997622308836,7.62249231338501,288000,0.0,0.0
2025-02-06 00:00:00-05:00,7.61361895983087,7.657987538334269,7.60474507487814,7.631366729736328,253000,0.0,0.0
2025-02-07 00:00:00-05:00,7.6313674686111055,7.675735205149976,7.5603780746365175,7.578125,322700,0.0,0.0
2025-02-10 00:00:00-05:00,7.613618795955576,7.631366565479032,7.586997987930621,7.604744911193848,239100,0.0,0.0
2025-02-11 00:00:00-05:00,7.604747022029365,7.675736427307129,7.595873981064992,7.675736427307129,289600,0.0,0.0
2025-02-12 00:00:00-05:00,7.64911413192749,7.65798801743539,7.613619436156191,7.64911413192749,236500,0.0,0.0
2025-02-13 00:00:00-05:00,7.666860694649309,7.728976190894632,7.666860694649309,7.70235538482666,271000,0.0,0.0
2025-02-14 00:00:00-05:00,7.734545958249423,7.74348783493042,7.707721180950726,7.74348783493042,260800,0.066,0.0
2025-02-18 00:00:00-05:00,7.770313819228054,7.815022356833531,7.716664256297023,7.7524309158325195,274200,0.0,0.0
2025-02-19 00:00:00-05:00,7.716663134216586,7.75242978855125,7.689838356651663,7.725605010986328,250100,0.0,0.0
2025-02-20 00:00:00-05:00,7.743488538870833,7.752430416364714,7.707721881639685,7.734546661376953,204900,0.0,0.0
2025-02-21 00:00:00-05:00,7.743488366640707,7.752430243935703,7.680896931064445,7.707721710205078,214000,0.0,0.0
2025-02-24 00:00:00-05:00,7.707722553569923,7.7256063101167225,7.6451311111450195,7.6451311111450195,282200,0.0,0.0
2025-02-25 00:00:00-05:00,7.663012405952549,7.680896158744315,7.591479100274021,7.61830472946167,308600,0.0,0.0
2025-02-26 00:00:00-05:00,7.636189211775307,7.68983962852304,7.609364429773664,7.627247333526611,258800,0.0,0.0
2025-02-27 00:00:00-05:00,7.645129839140826,7.671954616753444,7.519946122374762,7.537829875946045,256900,0.0,0.0
2025-02-28 00:00:00-05:00,7.555712873107381,7.591479527961662,7.511004341353451,7.582537651062012,406500,0.0,0.0
2025-03-03 00:00:00-05:00,7.609362984070689,7.627245884426064,7.493121147155762,7.493121147155762,409900,0.0,0.0
2025-03-04 00:00:00-05:00,7.475236415863037,7.511003064637724,7.403703118313662,7.475236415863037,324700,0.0,0.0
2025-03-05 00:00:00-05:00,7.502064752708012,7.6004228591918945,7.484180995486681,7.6004228591918945,232600,0.0,0.0
2025-03-06 00:00:00-05:00,7.555711794401305,7.573595545647394,7.484178494905336,7.51994514465332,253600,0.0,0.0
2025-03-07 00:00:00-05:00,7.5199462182531,7.591479527961662,7.466296662343837,7.582537651062012,349100,0.0,0.0
2025-03-10 00:00:00-04:00,7.537830671179382,7.546771696163987,7.4215888189355645,7.43947172164917,375800,0.0,0.0
2025-03-11 00:00:00-04:00,7.430529621104252,7.484179174223755,7.341112562246053,7.3768792152404785,415900,0.0,0.0
2025-03-12 00:00:00-04:00,7.4484124183654785,7.475237194554775,7.358995360742144,7.4484124183654785,400800,0.0,0.0
2025-03-13 00:00:00-04:00,7.448412267696971,7.466296019957584,7.332170436235711,7.367937088012695,461400,0.0,0.0
2025-03-14 00:00:00-04:00,7.409401127302801,7.472497940063477,7.409401127302801,7.472497940063477,233200,0.066,0.0
2025-03-17 00:00:00-04:00,7.472498166197069,7.57165042634006,7.472498166197069,7.526581764221191,292800,0.0,0.0
2025-03-18 00:00:00-04:00,7.535594752824152,7.544608828826991,7.436442495681718,7.472497940063477,355000,0.0,0.0
2025-03-19 00:00:00-04:00,7.508556047280617,7.562639662848276,7.481514669311742,7.553625583648682,442300,0.0,0.0
2025-03-20 00:00:00-04:00,7.490526278309986,7.57165038546377,7.490526278309986,7.535594940185547,221900,0.0,0.0
2025-03-21 00:00:00-04:00,7.5085549871670745,7.526583143020914,7.481513613016101,7.517569065093994,216700,0.0,0.0
2025-03-24 00:00:00-04:00,7.58066421157655,7.61671965566517,7.526581475258417,7.5896782875061035,271400,0.0,0.0
2025-03-25 00:00:00-04:00,7.634749838062046,7.64376305675916,7.580666227730243,7.625735759735107,259400,0.0,0.0
2025-03-26 00:00:00-04:00,7.580665839114478,7.607707213079217,7.499540857590483,7.508554935455322,324500,0.0,0.0
2025-03-27 00:00:00-04:00,7.499541759490967,7.499541759490967,7.445459005057456,7.499541759490967,466100,0.0,0.0
2025-03-28 00:00:00-04:00,7.472499204064182,7.499540577017248,7.391374225575239,7.427429676055908,355000,0.0,0.0
2025-03-31 00:00:00-04:00,7.337291060606014,7.436443328857422,7.292221535171848,7.436443328857422,572600,0.0,0.0
2025-04-01 00:00:00-04:00,7.373346878355297,7.445457778810089,7.319263273199332,7.418415546417236,542600,0.0,0.0
2025-04-02 00:00:00-04:00,7.364332852622174,7.472499204064182,7.355318775094569,7.427429676055908,311700,0.0,0.0
2025-04-03 00:00:00-04:00,7.283207352308339,7.301235506071872,7.211096456513578,7.256165981292725,895700,0.0,0.0
2025-04-04 00:00:00-04:00,7.075889104196119,7.211097263856405,6.733361881007366,6.769417762756348,923800,0.0,0.0
2025-04-07 00:00:00-04:00,6.5711128380064245,6.742376462390032,6.246613316552487,6.489987850189209,1060300,0.0,0.0
2025-04-08 00:00:00-04:00,6.72434754334013,6.895611137371188,6.499000776954241,6.562098026275635,1154200,0.0,0.0
2025-04-09 00:00:00-04:00,6.598153789040892,7.247152318050961,6.499001086756414,7.229125022888184,777900,0.0,0.0
2025-04-10 00:00:00-04:00,7.175041211718112,7.175041211718112,6.832514017182332,7.030819416046143,506700,0.0,0.0
2025-04-11 00:00:00-04:00,7.0037766711116545,7.093915281265867,6.922651707065465,7.03983211517334,497400,0.0,0.0
2025-04-14 00:00:00-04:00,7.1479997634887695,7.193069291771732,7.066875214320263,7.1479997634887695,318900,0.0,0.0
2025-04-15 00:00:00-04:00,7.162543079652456,7.207990427312554,7.126185028155512,7.153453350067139,294300,0.066,0.0
2025-04-16 00:00:00-04:00,7.089826754581722,7.1352741008182585,6.971662874206858,7.053468704223633,366000,0.0,0.0
2025-04-17 00:00:00-04:00,7.062557612933007,7.117094685480422,7.044378588750536,7.0807366371154785,368600,0.0,0.0
2025-04-21 00:00:00-04:00,7.062558565445159,7.062558565445159,6.81714148917186,6.880768299102783,1329400,0.0,0.0
2025-04-22 00:00:00-04:00,6.98075285519155,7.108006477355957,6.953484531457885,7.108006477355957,453900,0.0,0.0
2025-04-23 00:00:00-04:00,7.244347649080126,7.289795858379151,7.135273507082073,7.180721282958984,495700,0.0,0.0
2025-04-24 00:00:00-04:00,7.180722237684311,7.253438342017775,7.162543211600944,7.226169586181641,381900,0.0,0.0
2025-04-25 00:00:00-04:00,7.244347539946753,7.307974338531494,7.235258244961566,7.307974338531494,375200,0.0,0.0
2025-04-28 00:00:00-04:00,7.3170647621154785,7.362512541625621,7.289796441147111,7.3170647621154785,393300,0.0,0.0
2025-04-29 00:00:00-04:00,7.317065453896388,7.417049884796143,7.317065453896388,7.417049884796143,306200,0.0,0.0
2025-04-30 00:00:00-04:00,7.3806907925416265,7.4079591122509605,7.280706375711232,7.389780521392822,375600,0.0,0.0
2025-05-01 00:00:00-04:00,7.4534077644348145,7.498855547180538,7.407959981689092,7.4534077644348145,307600,0.0,0.0
2025-05-02 00:00:00-04:00,7.489765426770767,7.535213207146993,7.462497105282757,7.48067569732666,328400,0.0,0.0
2025-05-05 00:00:00-04:00,7.444317646394542,7.535213207146993,7.426139054350639,7.48067569732666,324400,0.0,0.0
2025-05-06 00:00:00-04:00,7.462496588730573,7.535212685561419,7.43522826913007,7.498854637145996,466700,0.0,0.0
2025-05-07 00:00:00-04:00,7.498855373781317,7.571571477755286,7.4624973217943324,7.489765644073486,461400,0.0,0.0
2025-05-08 00:00:00-04:00,7.544302373254363,7.562480963940861,7.51703405380249,7.51703405380249,243500,0.0,0.0
2025-05-09 00:00:00-04:00,7.535214818560827,7.562483145880199,7.489767028465543,7.507946491241455,237000,0.0,0.0
2025-05-12 00:00:00-04:00,7.644288194094706,7.644288194094706,7.562482353859639,7.626109600067139,279200,0.0,0.0
2025-05-13 00:00:00-04:00,7.6261079917091905,7.6261079917091905,7.562480758920772,7.598838806152344,344600,0.0,0.0
2025-05-14 00:00:00-04:00,7.617020606994629,7.626110338310544,7.571572817259542,7.617020606994629,394200,0.0,0.0
2025-05-15 00:00:00-04:00,7.622515094523655,7.622515094523655,7.549221747362898,7.595030307769775,261500,0.066,0.0
2025-05-16 00:00:00-04:00,7.631678104400635,7.640839992575365,7.567546634629019,7.631678104400635,297800,0.0,0.0
2025-05-19 00:00:00-04:00,7.5767092103256735,7.595032114612034,7.549223543307393,7.56754732131958,299400,0.0,0.0
2025-05-20 00:00:00-04:00,7.576708522803749,7.631678104400635,7.576708522803749,7.631678104400635,231300,0.0,0.0
2025-05-21 00:00:00-04:00,7.604192628287243,7.640839303957697,7.558384065267759,7.57670783996582,270000,0.0,0.0
2025-05-22 00:00:00-04:00,7.576708298109072,7.613354975995452,7.549222634399997,7.585869312286377,183100,0.0,0.0
2025-05-23 00:00:00-04:00,7.540060395157528,7.604192733764648,7.530899381407093,7.604192733764648,189800,0.0,0.0
2025-05-27 00:00:00-04:00,7.650000554826821,7.7049701268962005,7.650000554826821,7.659161567687988,227400,0.0,0.0
2025-05-28 00:00:00-04:00,7.668325323128538,7.677487211948151,7.622516752756282,7.640840530395508,196100,0.0,0.0
2025-05-29 00:00:00-04:00,7.695810277650671,7.695810277650671,7.6316788020167605,7.677487373352051,260900,0.0,0.0
2025-05-30 00:00:00-04:00,7.677485097800537,7.704969882965088,7.640838426339281,7.704969882965088,288900,0.0,0.0
2025-06-02 00:00:00-04:00,7.695809860462388,7.714133637493506,7.631678388305031,7.686648845672607,294900,0.0,0.0
2025-06-03 00:00:00-04:00,7.6774857407622035,7.76910199022509,7.6774857407622035,7.741617202758789,330600,0.0,0.0
2025-06-04 00:00:00-04:00,7.7691027202665905,7.7691027202665905,7.686648350119671,7.695809364318848,387600,0.0,0.0
2025-06-05 00:00:00-04:00,7.7232936555585,7.741616554426344,7.668323211503831,7.704969882965088,358900,0.0,0.0
2025-06-06 00:00:00-04:00,7.741618693599649,7.759942471256308,7.704972012012138,7.7507805824279785,236300,0.0,0.0
2025-06-09 00:00:00-04:00,7.76910348635883,7.76910348635883,7.732456804771319,7.7507805824279785,322100,0.0,0.0
2025-06-10 00:00:00-04:00,7.77826458381402,7.814911261673039,7.7691026959178355,7.787426471710205,246800,0.0,0.0
2025-06-11 00:00:00-04:00,7.814910196671579,7.833233969966818,7.7324549642942015,7.7599406242370605,531900,0.0,0.0
2025-06-12 00:00:00-04:00,7.769102756963397,7.805750308836093,7.769102756963397,7.79658842086792,270000,0.0,0.0
2025-06-13 00:00:00-04:00,7.769102096557617,7.80574964531512,7.741617308715142,7.769102096557617,307700,0.0,0.0
2025-06-16 00:00:00-04:00,7.8023441255272665,7.820811635309827,7.783877496324039,7.793110370635986,155200,0.066,0.0
2025-06-17 00:00:00-04:00,7.783877415645863,7.793110289862113,7.72847576745174,7.7377095222473145,169900,0.0,0.0
2025-06-18 00:00:00-04:00,7.728474527340917,7.756174906703514,7.673073768615723,7.673073768615723,163700,0.0,0.0
2025-06-20 00:00:00-04:00,7.710008703465041,7.719241577160401,7.645373304121873,7.6915411949157715,261900,0.0,0.0
2025-06-23 00:00:00-04:00,7.6915398113368365,7.719240188598633,7.654605681461403,7.719240188598633,256300,0.0,0.0
2025-06-24 00:00:00-04:00,7.765408998879589,7.839277267456055,7.737708618308219,7.839277267456055,382800,0.0,0.0
2025-06-25 00:00:00-04:00,7.848511021172918,7.848511021172918,7.811576886884685,7.839277267456055,194400,0.0,0.0
2025-06-26 00:00:00-04:00,7.830042805714272,7.885444442426587,7.830042805714272,7.876210689544678,271900,0.0,0.0
2025-06-27 00:00:00-04:00,7.894678790672231,7.940846677984308,7.885445037093974,7.903912544250488,298500,0.0,0.0
2025-06-30 00:00:00-04:00,7.94084680933696,7.987013816833496,7.94084680933696,7.987013816833496,393200,0.0,0.0
2025-07-01 00:00:00-04:00,7.950079879184087,7.9962477684021,7.94084700580388,7.9962477684021,333900,0.0,0.0
2025-07-02 00:00:00-04:00,7.987013816833496,8.014715078026486,7.950079682488734,7.987013816833496,276300,0.0,0.0
2025-07-03 00:00:00-04:00,8.005481762036611,8.060882526293467,7.996248007800712,8.033182144165039,218500,0.0,0.0
2025-07-07 00:00:00-04:00,8.033181579300482,8.033181579300482,7.950079558179364,7.977780818939209,248600,0.0,0.0
2025-07-08 00:00:00-04:00,8.005479563078332,8.005479563078332,7.940845062339488,7.968545436859131,275200,0.0,0.0
2025-07-09 00:00:00-04:00,8.014715516272512,8.051649652636838,8.014715516272512,8.033182144165039,254400,0.0,0.0
2025-07-10 00:00:00-04:00,8.05164909362793,8.060881966643539,8.02394783284347,8.05164909362793,190800,0.0,0.0
2025-07-11 00:00:00-04:00,8.04241589840094,8.04241589840094,8.014715516272512,8.033182144165039,120500,0.0,0.0
2025-07-14 00:00:00-04:00,8.033182101953575,8.033182101953575,7.987014211595944,8.005481719970703,318600,0.0,0.0
2025-07-15 00:00:00-04:00,8.038977100249198,8.048280797149449,7.973845897943493,7.983150482177734,306400,0.066,0.0
2025-07-16 00:00:00-04:00,7.992455066411977,8.029672516014955,7.908715582971778,7.983150482177734,312000,0.0,0.0
2025-07-17 00:00:00-04:00,7.9831494094715065,8.020366854073528,7.964541130837432,8.001758575439453,340200,0.0,0.0
2025-07-18 00:00:00-04:00,8.029673177313649,8.15063012031846,8.001760309646098,8.132020950317383,585500,0.0,0.0
2025-07-21 00:00:00-04:00,8.113413521427761,8.113413521427761,8.048282306904273,8.08549976348877,368100,0.0,0.0
2025-07-22 00:00:00-04:00,8.094803708497102,8.104108293740001,8.038977971707888,8.0482816696167,208200,0.0,0.0
2025-07-23 00:00:00-04:00,8.094803497649291,8.132020950317383,8.085498912648752,8.132020950317383,377300,0.0,0.0
2025-07-24 00:00:00-04:00,8.132020534537013,8.159934288111433,8.11341225282142,8.122715950012207,311700,0.0,0.0
2025-07-25 00:00:00-04:00,8.141325412393368,8.150629997253418,8.104107960287218,8.150629997253418,267400,0.0,0.0
2025-07-28 00:00:00-04:00,8.150630310592586,8.150630310592586,8.104108271837912,8.113412857055664,254000,0.0,0.0
2025-07-29 00:00:00-04:00,8.113413521427761,8.122717220073266,8.057586892883936,8.08549976348877,180300,0.0,0.0
2025-07-30 00:00:00-04:00,8.085498687268135,8.104107856750488,8.048281235637468,8.104107856750488,289500,0.0,0.0
2025-07-31 00:00:00-04:00,8.104107211546037,8.113411795546433,8.048280594877625,8.066889762878418,374600,0.0,0.0
2025-08-01 00:00:00-04:00,8.011064845784619,8.020369431759015,7.908717062068732,7.973847389221191,397600,0.0,0.0
2025-08-04 00:00:00-04:00,7.9738471730903795,8.066891255644071,7.9738471730903795,8.057586669921875,220800,0.0,0.0
2025-08-05 00:00:00-04:00,8.085499101402409,8.113412857055664,8.06689081830099,8.113412857055664,398500,0.0,0.0
2025-08-06 00:00:00-04:00,8.141326778390459,8.169239650319936,8.113413906460982,8.15993595123291,229700,0.0,0.0
2025-08-07 00:00:00-04:00,8.197151412519833,8.262281726932379,8.187846828365473,8.225064277648926,534400,0.0,0.0
2025-08-08 00:00:00-04:00,8.252978548573317,8.280891418457031,8.252978548573317,8.280891418457031,391300,0.0,0.0
2025-08-11 00:00:00-04:00,8.29949951171875,8.308804096249242,8.271586645461294,8.29949951171875,179300,0.0,0.0
2025-08-12 00:00:00-04:00,8.318108558654785,8.327413144041236,8.262282821004286,8.318108558654785,293800,0.0,0.0
2025-08-13 00:00:00-04:00,8.37393569946289,8.392544871382093,8.346022828918246,8.37393569946289,283000,0.0,0.0
2025-08-14 00:00:00-04:00,8.355325349535406,8.364629934183164,8.308804200964682,8.34602165222168,131500,0.0,0.0
2025-08-15 00:00:00-04:00,8.379764462775753,8.379764462775753,8.276658058166504,8.276658058166504,310900,0.066,0.0
2025-08-18 00:00:00-04:00,8.295406770713871,8.342272758483887,8.286033215595301,8.342272758483887,140200,0.0,0.0
2025-08-19 00:00:00-04:00,8.35164593227592,8.38913925712688,8.286032837264584,8.304779052734375,352800,0.0,0.0
2025-08-20 00:00:00-04:00,8.31415217318665,8.31415217318665,8.220419312910494,8.257912635803223,290600,0.0,0.0
2025-08-21 00:00:00-04:00,8.257911118201724,8.304777092771321,8.248537565723339,8.295404434204102,287300,0.0,0.0
2025-08-22 00:00:00-04:00,8.32352553963835,8.370392415674942,8.304778431659189,8.33289909362793,371300,0.0,0.0
2025-08-25 00:00:00-04:00,8.342271753706202,8.351645307695781,8.32352553963835,8.33289909362793,180100,0.0,0.0
2025-08-26 00:00:00-04:00,8.342271753706202,8.351645307695781,8.304778431659189,8.33289909362793,193300,0.0,0.0
2025-08-27 00:00:00-04:00,8.351644739000527,8.370391845703125,8.342271185649228,8.370391845703125,312300,0.0,0.0
2025-08-28 00:00:00-04:00,8.398511775274425,8.398511775274425,8.361018455050884,8.389138221740723,225400,0.0,0.0
2025-08-29 00:00:00-04:00,8.407886774495637,8.436006546020508,8.351646337534476,8.436006546020508,250800,0.0,0.0
2025-09-02 00:00:00-04:00,8.389139065035033,8.389139065035033,8.332899526002036,8.379765510559082,272100,0.0,0.0
2025-09-03 00:00:00-04:00,8.398512619510985,8.407886173986936,8.351645741042583,8.379765510559082,299900,0.0,0.0
2025-09-04 00:00:00-04:00,8.398513219350207,8.436006546020508,8.389139664204777,8.436006546020508,248900,0.0,0.0
2025-09-05 00:00:00-04:00,8.4360053188871,8.454752426450934,8.398511997670719,8.407885551452637,226000,0.0,0.0
2025-09-08 00:00:00-04:00,8.44537846681376,8.473498232896887,8.436004913482304,8.46412467956543,208200,0.0,0.0
2025-09-09 00:00:00-04:00,8.473499408319926,8.48287296295166,8.445379638336096,8.48287296295166,251900,0.0,0.0
2025-09-10 00:00:00-04:00,8.510991939072357,8.520365492829772,8.473498617953982,8.501618385314941,336700,0.0,0.0
2025-09-11 00:00:00-04:00,8.520364761352539,8.53911097334671,8.501617655447157,8.520364761352539,250100,0.0,0.0
2025-09-12 00:00:00-04:00,8.520364761352539,8.53911097334671,8.473497890500292,8.520364761352539,234400,0.0,0.0
2025-09-15 00:00:00-04:00,8.554357910636739,8.573241233825684,8.526031575179308,8.573241233825684,231600,0.066,0.0
2025-09-16 00:00:00-04:00,8.573239806156254,8.573239806156254,8.488262614833578,8.507146835327148,227200,0.0,0.0
2025-09-17 00:00:00-04:00,8.535472485264192,8.535472485264192,8.469379512734296,8.516589164733887,272300,0.0,0.0
2025-09-18 00:00:00-04:00,8.535472265618308,8.535472265618308,8.469379294789203,8.507146835327148,279300,0.0,0.0
2025-09-19 00:00:00-04:00,8.526030758957823,8.535472869873047,8.488263215746187,8.535472869873047,179100,0.0,0.0
2025-09-22 00:00:00-04:00,8.535472354322385,8.573239895252826,8.535472354322385,8.554356575012207,190900,0.0,0.0
2025-09-23 00:00:00-04:00,8.573239675464833,8.582681785567681,8.48826248543756,8.544914245605469,280700,0.0,0.0
2025-09-24 00:00:00-04:00,8.535472265618308,8.535472265618308,8.459937184542419,8.507146835327148,274200,0.0,0.0
2025-09-25 00:00:00-04:00,8.488262525635596,8.488262525635596,8.356076585366447,8.45993709564209,384600,0.0,0.0
2025-09-26 00:00:00-04:00,8.459937445936864,8.497704987641749,8.403285683154929,8.431612014770508,357900,0.0,0.0
2025-09-29 00:00:00-04:00,8.450496753105451,8.497706413269043,8.450496753105451,8.497706413269043,281600,0.0,0.0
2025-09-30 00:00:00-04:00,8.497704595540409,8.544914245605469,8.469379165681044,8.544914245605469,336700,0.0,0.0
2025-10-01 00:00:00-04:00,8.526031575179308,8.582683345644828,8.507148251990364,8.573241233825684,263100,0.0,0.0
2025-10-02 00:00:00-04:00,8.573240104264375,8.695984840393066,8.56379799368927,8.695984840393066,724600,0.0,0.0
2025-10-03 00:00:00-04:00,8.695985492223473,8.695985492223473,8.639333724975586,8.639333724975586,331300,0.0,0.0
2025-10-06 00:00:00-04:00,8.639333724975586,8.658217947541313,8.582682858176991,8.639333724975586,280400,0.0,0.0
2025-10-07 00:00:00-04:00,8.667660277424314,8.695985711537986,8.62989273178965,8.648776054382324,343300,0.0,0.0
2025-10-08 00:00:00-04:00,8.667660277424314,8.705427823058981,8.62989273178965,8.648776054382324,337100,0.0,0.0
2025-10-09 00:00:00-04:00,8.667658844627061,8.68654216409825,8.55435622645242,8.582681655883789,340600,0.0,0.0
2025-10-10 00:00:00-04:00,8.592123095924826,8.62044852314769,8.384401195242603,8.422168731689453,511200,0.0,0.0
2025-10-13 00:00:00-04:00,8.507148251990364,8.573241233825684,8.459938593343988,8.573241233825684,426600,0.0,0.0
2025-10-14 00:00:00-04:00,8.526030025399772,8.563797565361984,8.459937055578196,8.544914245605469,320900,0.0,0.0
2025-10-15 00:00:00-04:00,8.598177898494738,8.664756419676015,8.560132899667677,8.61720085144043,346500,0.066,0.0
2025-10-16 00:00:00-04:00,8.655244958072375,8.655244958072375,8.541109066292162,8.579154968261719,271200,0.0,0.0
2025-10-17 00:00:00-04:00,8.598177438182878,8.617200390110158,8.550620965428953,8.588665962219238,217800,0.0,0.0
2025-10-20 00:00:00-04:00,8.626710825028617,8.702800817427438,8.626710825028617,8.664755821228027,336300,0.0,0.0
2025-10-21 00:00:00-04:00,8.66475587800521,8.674267353883453,8.598177360986039,8.645733833312988,297000,0.0,0.0
2025-10-22 00:00:00-04:00,8.67426789614886,8.67426789614886,8.541109946721985,8.61720085144043,360100,0.0,0.0
2025-10-23 00:00:00-04:00,8.617200312742526,8.655245309191232,8.579155316293818,8.645733833312988,136200,0.0,0.0
2025-10-24 00:00:00-04:00,8.61720037976081,8.655245376505402,8.560132431111786,8.607688903808594,1227100,0.0,0.0
2025-10-27 00:00:00-04:00,8.636222839355469,8.655245792173478,8.598177840783766,8.636222839355469,365700,0.0,0.0
2025-10-28 00:00:00-04:00,8.645733833312988,8.66475587800521,8.626710881556503,8.645733833312988,295200,0.0,0.0
2025-10-29 00:00:00-04:00,8.655245376505402,8.674267421345563,8.579155383016216,8.607688903808594,360400,0.0,0.0
2025-10-30 00:00:00-04:00,8.58866553668988,8.59817701218227,8.550620541784552,8.579154968261719,323600,0.0,0.0
2025-10-31 00:00:00-04:00,8.607688780461041,8.664755821228027,8.607688780461041,8.664755821228027,439500,0.0,0.0
2025-11-03 00:00:00-05:00,8.664756361518167,8.674267837927172,8.60768931719277,8.636222839355469,325900,0.0,0.0
2025-11-04 00:00:00-05:00,8.579155383016216,8.626710948648753,8.560132431111786,8.607688903808594,254700,0.0,0.0
2025-11-05 00:00:00-05:00,8.607688971347304,8.636222492363565,8.550621022250507,8.5696439743042,287100,0.0,0.0
2025-11-06 00:00:00-05:00,8.598177495320458,8.61720044737415,8.54110954622366,8.5696439743042,408200,0.0,0.0
2025-11-07 00:00:00-05:00,8.560133934020996,8.560133934020996,8.503065975352506,8.560133934020996,359700,0.0,0.0
2025-11-10 00:00:00-05:00,8.588665342848394,8.693289756774902,8.560131824079441,8.693289756774902,259900,0.0,0.0
2025-11-11 00:00:00-05:00,8.693289692513853,8.740845254422508,8.66475526689162,8.731334686279297,408900,0.0,0.0
2025-11-12 00:00:00-05:00,8.712311800266136,8.740845319035088,8.693289756774902,8.693289756774902,241300,0.0,0.0
2025-11-13 00:00:00-05:00,8.693289952977704,8.702800521405866,8.579154968261719,8.579154968261719,348200,0.0,0.0
2025-11-14 00:00:00-05:00,8.54657829073169,8.594485302055906,8.489089694392582,8.584903717041016,313300,0.066,0.0
2025-11-17 00:00:00-05:00,8.594485438683677,8.613647695267844,8.498671414512074,8.536996841430664,240100,0.0,0.0
2025-11-18 00:00:00-05:00,8.508253255045364,8.517834840500157,8.4220208134528,8.450764656066895,316300,0.0,0.0
2025-11-19 00:00:00-05:00,8.441183204986839,8.508252469477306,8.402857780456543,8.402857780456543,448000,0.0,0.0
2025-11-20 00:00:00-05:00,8.50825264392996,8.546578069246078,8.307043932582792,8.335787773132324,704800,0.0,0.0
2025-11-21 00:00:00-05:00,8.354951640701286,8.479509511822727,8.354951640701286,8.42202091217041,486800,0.0,0.0
2025-11-24 00:00:00-05:00,8.489089694392582,8.604065973320559,8.46992743811304,8.584903717041016,527500,0.0,0.0
2025-11-25 00:00:00-05:00,8.604066689100533,8.67113687603416,8.575322845414872,8.661555290222168,340400,0.0,0.0
2025-11-26 00:00:00-05:00,8.69987964630127,8.728623486440425,8.671135806162116,8.69987964630127,523500,0.0,0.0
2025-11-28 00:00:00-05:00,8.747788307010083,8.786113739013672,8.7286251341331,8.786113739013672,286200,0.0,0.0
2025-12-01 00:00:00-05:00,8.757368202619041,8.757368202619041,8.719042778015137,8.719042778015137,316200,0.0,0.0
2025-12-02 00:00:00-05:00,8.766948758481233,8.766948758481233,8.709461079204411,8.757368087768555,302000,0.0,0.0
2025-12-03 00:00:00-05:00,8.75736707667033,8.776529329633462,8.738203909957118,8.766947746276855,322400,0.0,0.0
2025-12-04 00:00:00-05:00,8.795694351196289,8.814856608200387,8.776531180441918,8.795694351196289,380400,0.0,0.0
2025-12-05 00:00:00-05:00,8.824438095092773,8.834019680363024,8.795694253032284,8.824438095092773,275300,0.0,0.0
2025-12-08 00:00:00-05:00,8.824438193577572,8.834019778954758,8.766949595064732,8.795694351196289,206900,0.0,0.0
2025-12-09 00:00:00-05:00,8.786113739013672,8.795695325452163,8.766950566136689,8.786113739013672,295900,0.0,0.0
2025-12-10 00:00:00-05:00,8.776531101820694,8.81485652923584,8.728624089114195,8.81485652923584,392700,0.0,0.0
2025-12-11 00:00:00-05:00,8.805274846142865,8.87234502868711,8.766949419153407,8.843600273132324,884000,0.0,0.0
2025-12-12 00:00:00-05:00,8.834019719316409,8.862763561503643,8.776531121191672,8.805274963378906,425300,0.0,0.0
2025-12-15 00:00:00-05:00,8.840017816575417,8.859319607614253,8.782114284179013,8.791764259338379,282800,0.066,0.0
2025-12-16 00:00:00-05:00,8.80141431881738,8.80141431881738,8.762811660766602,8.762811660766602,332800,0.0,0.0
2025-12-17 00:00:00-05:00,8.791763133458705,8.801414027742222,8.75316047668457,8.75316047668457,229900,0.0,0.0
2025-12-18 00:00:00-05:00,8.7917634763638,8.840017029303485,8.77246260740391,8.830366134643555,434400,0.0,0.0
2025-12-19 00:00:00-05:00,8.84966783864844,8.878619601989154,8.84966783864844,8.859318733215332,220700,0.0,0.0
2025-12-22 00:00:00-05:00,8.878619858468728,8.89792164816009,8.859318989137355,8.868968963623047,320500,0.0,0.0
2025-12-23 00:00:00-05:00,8.878619483674505,8.917222141067702,8.859318615157884,8.888270378112793,276000,0.0,0.0
2025-12-24 00:00:00-05:00,8.917223265111788,8.946175952076226,8.907572369456977,8.926874160766602,218700,0.0,0.0
2025-12-26 00:00:00-05:00,8.955825260687092,8.955825260687092,8.917222601301544,8.936524391174316,359500,0.0,0.0
2025-12-29 00:00:00-05:00,8.917222431339725,8.926873326092167,8.878619772689943,8.897921562194824,260800,0.0,0.0
2025-12-30 00:00:00-05:00,8.917222601301544,8.936524391174316,8.897921731788768,8.936524391174316,295400,0.0,0.0
2025-12-31 00:00:00-05:00,8.95582508998951,8.95582508998951,8.888270667442384,8.897921562194824,480700,0.0,0.0
2026-01-02 00:00:00-05:00,8.946175115597049,8.946175115597049,8.84001711404016,8.897921562194824,649700,0.0,0.0
2026-01-05 00:00:00-05:00,8.917222194365824,8.955824851989746,8.89792132573384,8.955824851989746,458100,0.0,0.0
2026-01-06 00:00:00-05:00,8.955825310461154,9.013729760041294,8.955825310461154,9.00407886505127,404400,0.0,0.0
2026-01-07 00:00:00-05:00,8.994428589630154,9.013730380939778,8.926874160766602,8.926874160766602,644800,0.0,0.0
2026-01-08 00:00:00-05:00,8.946175952076226,8.955825927370972,8.917223265111788,8.926874160766602,430300,0.0,0.0
2026-01-09 00:00:00-05:00,8.955825141264082,8.984777825687168,8.955825141264082,8.965476036071777,515800,0.0,0.0
2026-01-12 00:00:00-05:00,8.907571215683406,8.994427424606334,8.907571215683406,8.984777450561523,611800,0.0,0.0
2026-01-13 00:00:00-05:00,9.004079033707601,9.052332589201557,8.994428138536804,9.042681694030762,697800,0.0,0.0
2026-01-14 00:00:00-05:00,9.033030459005671,9.042681353813366,8.946175166816372,8.965476036071777,663600,0.0,0.0
2026-01-15 00:00:00-05:00,9.01990574457969,9.01990574457969,8.951867957119362,8.961587905883789,367000,0.066,0.0
2026-01-16 00:00:00-05:00,8.981027407880209,8.981027407880209,8.903269667054479,8.912989616394043,1330300,0.0,0.0
2026-01-20 00:00:00-05:00,8.854669697096046,8.883829541326923,8.796351862524828,8.844950675964355,385300,0.0,0.0
2026-01-21 00:00:00-05:00,8.893549490565489,8.961588207259272,8.854670621145626,8.932428359985352,467500,0.0,0.0
2026-01-22 00:00:00-05:00,8.981027401749184,9.029626221468435,8.951868480695788,9.000467300415039,224400,0.0,0.0
2026-01-23 00:00:00-05:00,8.961589480983585,9.0199073299295,8.961589480983585,8.990748405456543,242900,0.0,0.0
2026-01-26 00:00:00-05:00,9.010186721796567,9.05878461172284,9.000466773033178,9.049065589904785,291400,0.0,0.0
2026-01-27 00:00:00-05:00,9.049065887420307,9.107383728027344,9.049065887420307,9.107383728027344,241300,0.0,0.0
2026-01-28 00:00:00-05:00,9.126823726965377,9.155982647590847,9.087944857149623,9.097663879394531,315100,0.0,0.0
2026-01-29 00:00:00-05:00,9.107383627684287,9.126823525636025,9.010186918761663,9.117103576660156,406500,0.0,0.0
2026-01-30 00:00:00-05:00,9.097665479940684,9.13654435659637,9.068506554185301,9.126825332641602,542800,0.0,0.0
2026-02-02 00:00:00-05:00,9.126823949062366,9.175421842305635,9.117103999635555,9.165702819824219,250200,0.0,0.0
2026-02-03 00:00:00-05:00,9.146263122558594,9.17542204453631,9.078225328962116,9.146263122558594,318900,0.0,0.0
2026-02-04 00:00:00-05:00,9.155981815016109,9.155981815016109,9.049065164481313,9.087944030761719,460000,0.0,0.0
2026-02-05 00:00:00-05:00,9.078225041187686,9.087944990520613,8.981027401749184,9.000467300415039,606100,0.0,0.0
2026-02-06 00:00:00-05:00,9.058785429680029,9.15598307219964,9.058785429680029,9.146263122558594,493300,0.0,0.0
2026-02-09 00:00:00-05:00,9.146262688929824,9.272619247436523,9.146262688929824,9.272619247436523,473400,0.0,0.0
2026-02-10 00:00:00-05:00,9.292059999817216,9.301779022945322,9.243461176394854,9.282340049743652,483500,0.0,0.0
2026-02-11 00:00:00-05:00,9.31149768898061,9.330937586447012,9.224020004272461,9.224020004272461,485400,0.0,0.0
2026-02-12 00:00:00-05:00,9.27261968705592,9.282339636696966,9.117104200580878,9.146263122558594,612500,0.0,0.0
2026-02-13 00:00:00-05:00,9.146262920970594,9.204581690586071,9.09766410078193,9.165702819824219,419000,0.0,0.0
2026-02-17 00:00:00-05:00,9.181364202783739,9.210728645324707,9.122634384223007,9.210728645324707,356400,0.066,0.0
2026-02-18 00:00:00-05:00,9.230305814227115,9.25967025756836,9.21072889634707,9.25967025756836,385700,0.0,0.0
2026-02-19 00:00:00-05:00,9.2205171585083,9.240093142491743,9.171575798331489,9.2205171585083,359800,0.0,0.0
2026-02-20 00:00:00-05:00,9.19115185541016,9.240092277526855,9.181363397595334,9.240092277526855,436800,0.0,0.0
2026-02-23 00:00:00-05:00,9.240093142491743,9.249881601222867,9.181364257062612,9.2205171585083,325000,0.0,0.0
2026-02-24 00:00:00-05:00,9.259669193156506,9.279245175307443,9.181363397595334,9.240092277526855,241600,0.0,0.0
2026-02-25 00:00:00-05:00,9.279245541534246,9.308610916137695,9.26945801681185,9.308610916137695,300300,0.0,0.0
2026-02-26 00:00:00-05:00,9.337975246718129,9.337975246718129,9.259669448993431,9.289033889770508,429000,0.0,0.0
2026-02-27 00:00:00-05:00,9.259669359087404,9.2988222575696,9.24009244310694,9.269457817077637,346500,0.0,0.0
2026-03-02 00:00:00-05:00,9.200939434822079,9.259669248583867,9.171574994680546,9.24988079071045,309600,0.0,0.0
2026-03-03 00:00:00-05:00,9.171575054386881,9.171575054386881,8.975810563037712,9.07369327545166,405100,0.0,0.0
2026-03-04 00:00:00-05:00,9.122633183346487,9.17157453679147,9.083480287286237,9.161786079406738,384900,0.0,0.0
2026-03-05 00:00:00-05:00,9.151999071991328,9.151999071991328,9.024751919244686,9.07369327545166,335200,0.0,0.0
2026-03-06 00:00:00-05:00,8.985599463057394,9.005175446416066,8.90729366266516,8.975811004638672,369100,0.0,0.0
2026-03-09 00:00:00-04:00,8.917080587058017,8.917080587058017,8.760468996821015,8.858351707458496,512400,0.0,0.0
2026-03-10 00:00:00-04:00,8.89750595574987,8.956234844265033,8.858353052246809,8.93665885925293,519600,0.0,0.0
2026-03-11 00:00:00-04:00,8.946446418762207,8.975810860066634,8.887716602674596,8.946446418762207,295600,0.0,0.0
2026-03-12 00:00:00-04:00,8.897504493433,8.897504493433,8.828987156933275,8.838774681091309,268900,0.0,0.0
2026-03-13 00:00:00-04:00,8.868140610448174,8.897505051722193,8.750680978394582,8.760469436645508,343300,0.0,0.0
2026-03-16 00:00:00-04:00,8.835413177807519,8.874856948852539,8.825551999942844,8.874856948852539,238500,0.066,0.0
2026-03-17 00:00:00-04:00,8.93402270515759,8.973466474566985,8.92416152770183,8.943882942199707,297800,0.0,0.0
2026-03-18 00:00:00-04:00,8.93402248762655,8.943882724428583,8.835412596297255,8.855134010314941,298400,0.0,0.0
2026-03-19 00:00:00-04:00,8.815691170749474,8.815691170749474,8.707221031188965,8.707221031188965,342500,0.0,0.0
2026-03-20 00:00:00-04:00,8.73680300895812,8.73680300895812,8.519862745147195,8.539584159851074,389400,0.0,0.0
2026-03-23 00:00:00-04:00,8.628332138061523,8.73680226067684,8.618470961347338,8.628332138061523,407200,0.0,0.0
2026-03-24 00:00:00-04:00,8.618471743475718,8.697359283521116,8.5593065586485,8.687499046325684,361600,0.0,0.0
2026-03-25 00:00:00-04:00,8.786107816434546,8.82555158562788,8.71708145544962,8.746664047241211,412000,0.0,0.0
2026-03-26 00:00:00-04:00,8.628332877052657,8.707220416695476,8.539584159851074,8.539584159851074,514400,0.0,0.0
2026-03-27 00:00:00-04:00,8.500140171291568,8.500140171291568,8.391670042177418,8.401531219482422,365400,0.0,0.0
2026-03-30 00:00:00-04:00,8.440975734758686,8.480419507053243,8.342365833815437,8.36208724975586,372700,0.0,0.0
2026-03-31 00:00:00-04:00,8.43111368325901,8.667776292512059,8.43111368325901,8.657915115356445,399100,0.0,0.0
2026-04-01 00:00:00-04:00,8.687497937115438,8.864994409348197,8.687497937115438,8.795968055725098,277400,0.0,0.0
2026-04-02 00:00:00-04:00,8.717081287749995,8.855134007063981,8.618471396456902,8.805830001831055,353500,0.0,0.0
2026-04-06 00:00:00-04:00,8.77624683934096,8.8058303722214,8.707220476780584,8.786108016967773,477300,0.0,0.0
2026-04-07 00:00:00-04:00,8.776247024536133,8.776247024536133,8.687499245263044,8.776247024536133,276600,0.0,0.0
2026-04-08 00:00:00-04:00,9.081937396151814,9.081937396151814,8.973467255934318,9.003049850463867,378400,0.0,0.0
2026-04-09 00:00:00-04:00,9.042492281681175,9.042492281681175,8.943882393995043,9.022769927978516,904300,0.0,0.0
2026-04-10 00:00:00-04:00,9.042492483974806,9.101657665579229,9.042492483974806,9.062213897705078,349700,0.0,0.0
2026-04-13 00:00:00-04:00,9.062214312750852,9.200267976839983,9.022770543070193,9.190406799316406,278600,0.0,0.0
2026-04-14 00:00:00-04:00,9.229850035498327,9.318598747253418,9.16082367765041,9.318598747253418,289300,0.0,0.0
2026-04-15 00:00:00-04:00,9.314627493409812,9.35434868102877,9.264975772129162,9.294766426086426,181500,0.066,0.0
2026-04-16 00:00:00-04:00,9.29476605240809,9.304696585670543,9.235184746888912,9.245115280151367,242700,0.0,0.0
2026-04-17 00:00:00-04:00,9.294766355662649,9.344418076567102,9.2649757019311,9.284836769104004,287900,0.0,0.0
2026-04-20 00:00:00-04:00,9.304696656797837,9.314627190136203,9.205394164497525,9.255044937133789,312600,0.0,0.0
2026-04-21 00:00:00-04:00,9.284836811775566,9.284836811775566,9.145812182009722,9.165672302246094,264700,0.0,0.0
2026-04-22 00:00:00-04:00,9.215323525742058,9.235184591933724,9.185532873482321,9.22525405883789,135900,0.0,0.0
2026-04-23 00:00:00-04:00,9.235184364921166,9.235184364921166,9.10609027893192,9.195463180541992,229100,0.0,0.0
2026-04-24 00:00:00-04:00,9.225254213626457,9.245115280151367,9.165671961079504,9.245115280151367,248700,0.0,0.0
2026-04-27 00:00:00-04:00,9.2451149353015,9.324557304382324,9.215323336625385,9.324557304382324,308500,0.0,0.0
2026-04-28 00:00:00-04:00,9.284836691951199,9.294766278427334,9.225254437955394,9.274906158447266,298000,0.0,0.0
2026-04-29 00:00:00-04:00,9.284836839452547,9.304696959748119,9.225254584510203,9.294766426086426,259700,0.0,0.0
2026-04-30 00:00:00-04:00,9.354348182678223,9.37420830191575,9.284836344805226,9.354348182678223,400700,0.0,0.0
2026-05-01 00:00:00-04:00,9.354348407886727,9.413929714061513,9.344417874515,9.384139060974121,241000,0.0,0.0
2026-05-04 00:00:00-04:00,9.354348454526093,9.364278987947333,9.264975547790527,9.264975547790527,300500,0.0,0.0
2026-05-05 00:00:00-04:00,9.314626842457098,9.344417494332443,9.314626842457098,9.334486961364746,164000,0.0,0.0
2026-05-06 00:00:00-04:00,9.394070049006311,9.463581891917105,9.394070049006311,9.443721771240234,306200,0.0,0.0
2026-05-07 00:00:00-04:00,9.463581433892362,9.463581433892362,9.374208527602395,9.384139060974121,344100,0.0,0.0
2026-05-08 00:00:00-04:00,9.423860247433241,9.423860247433241,9.364278941258455,9.384139060974121,116400,0.0,0.0
2026-05-11 00:00:00-04:00,9.404000282287598,9.423860402329698,9.394069748752646,9.404000282287598,117400,0.0,0.0
2026-05-12 00:00:00-04:00,9.364278560267838,9.374208146207788,9.294765776521704,9.334486961364746,188400,0.0,0.0
2026-05-13 00:00:00-04:00,9.3245576075033,9.394069445951764,9.284836421671638,9.364278793334961,162900,0.0,0.0
2026-05-14 00:00:00-04:00,9.384139215217695,9.4437214693996,9.384139215217695,9.404000282287598,123700,0.0,0.0
2026-05-15 00:00:00-04:00,9.319999694824219,9.350000381469727,9.170000076293945,9.170000076293945,321800,0.066,0.0
2026-05-18 00:00:00-04:00,9.15999984741211,9.220000267028809,9.109999656677246,9.149999618530273,364800,0.0,0.0
2026-05-19 00:00:00-04:00,9.119999885559082,9.229999542236328,9.119999885559082,9.210000038146973,352400,0.0,0.0
2026-05-20 00:00:00-04:00,9.210000038146973,9.329999923706055,9.210000038146973,9.3100004196167,241600,0.0,0.0
2026-05-21 00:00:00-04:00,9.3100004196167,9.369999885559082,9.25,9.350000381469727,172100,0.0,0.0
2026-05-22 00:00:00-04:00,9.399999618530273,9.40999984741211,9.359999656677246,9.390000343322754,192400,0.0,0.0
2026-05-26 00:00:00-04:00,9.420000076293945,9.4399995803833,9.390000343322754,9.420000076293945,151400,0.0,0.0
2026-05-27 00:00:00-04:00,9.449999809265137,9.460000038146973,9.390000343322754,9.4399995803833,150400,0.0,0.0
2026-05-28 00:00:00-04:00,9.4399995803833,9.520000457763672,9.40999984741211,9.520000457763672,242300,0.0,0.0
2026-05-29 00:00:00-04:00,9.5600004196167,9.579999923706055,9.529999732971191,9.5600004196167,282300,0.0,0.0
2026-06-01 00:00:00-04:00,9.539999961853027,9.539999961853027,9.5,9.510000228881836,193100,0.0,0.0
2026-06-02 00:00:00-04:00,9.510000228881836,9.539999961853027,9.489999771118164,9.510000228881836,265800,0.0,0.0
2026-06-03 00:00:00-04:00,9.529999732971191,9.529999732971191,9.4399995803833,9.449999809265137,258600,0.0,0.0
2026-06-04 00:00:00-04:00,9.4399995803833,9.479999542236328,9.40999984741211,9.460000038146973,325000,0.0,0.0
2026-06-05 00:00:00-04:00,9.430000305175781,9.40999984741211,9.25,9.289999961853027,326742,0.0,0.0
