Date,Open,High,Low,Close,Volume,Dividends,Stock Splits
2022-01-03 00:00:00-05:00,192.48313741975244,194.32727491841896,190.707293589949,192.49288940429688,166200,0.0,0.0
2022-01-04 00:00:00-05:00,192.21968790690104,193.04906815023472,190.11209790787348,190.26821899414062,215100,0.0,0.0
2022-01-05 00:00:00-05:00,190.9024422583257,194.6980487343483,188.8338899553752,188.85340881347656,236800,0.0,0.0
2022-01-06 00:00:00-05:00,188.95097406613314,194.47363473683336,188.85340955229753,192.35629272460938,279500,0.0,0.0
2022-01-07 00:00:00-05:00,192.53190106401658,193.6930123857623,190.10231727390956,191.7610626220703,183600,0.0,0.0
2022-01-10 00:00:00-05:00,192.30751071587522,192.4929026546631,189.6632785352936,192.00503540039062,184800,0.0,0.0
2022-01-11 00:00:00-05:00,192.12210276295622,192.20993017668505,188.8338825075745,191.80987548828125,255900,0.0,0.0
2022-01-12 00:00:00-05:00,191.31225386665542,192.54167386950058,189.59495176785833,190.12185668945312,244000,0.0,0.0
2022-01-13 00:00:00-05:00,191.65374948345126,193.41007438502427,190.1413581824155,191.34152221679688,170800,0.0,0.0
2022-01-14 00:00:00-05:00,191.34149186896732,191.34149186896732,184.79430851801732,186.5213623046875,371900,0.0,0.0
2022-01-18 00:00:00-05:00,185.14558964124598,185.77981100213034,182.50134304851514,184.30645751953125,158200,0.0,0.0
2022-01-19 00:00:00-05:00,184.41380053963277,185.74079991154363,183.2624411007452,184.13084411621094,242800,0.0,0.0
2022-01-20 00:00:00-05:00,185.096788406609,185.8285891105533,179.80831043939426,180.26690673828125,364900,0.0,0.0
2022-01-21 00:00:00-05:00,179.35953983017663,181.17439187812977,176.39329833321443,176.77383422851562,238300,0.0,0.0
2022-01-24 00:00:00-05:00,176.01274178187856,185.68227402611683,176.01274178187856,184.62847900390625,270000,0.0,0.0
2022-01-25 00:00:00-05:00,184.34547607448957,184.34547607448957,179.2521566728287,180.52059936523438,228700,0.0,0.0
2022-01-26 00:00:00-05:00,180.94015905325378,182.46230207880637,177.12503461836053,179.10577392578125,215400,0.0,0.0
2022-01-27 00:00:00-05:00,179.65222132474443,183.65273850633994,179.45707741336744,180.959716796875,206100,0.0,0.0
2022-01-28 00:00:00-05:00,180.14010824907749,182.96974738335803,178.17888715917525,182.83314514160156,320400,0.0,0.0
2022-01-31 00:00:00-05:00,181.9337467980042,183.77156492280625,179.49961629758363,183.59559631347656,254700,0.35,0.0
2022-02-01 00:00:00-05:00,183.09707840638904,184.46565709328974,180.84868634957598,184.28970336914062,319000,0.0,0.0
2022-02-02 00:00:00-05:00,184.4167770423033,186.18617402606444,182.73537183746163,185.2183837890625,319400,0.0,0.0
2022-02-03 00:00:00-05:00,184.95444712632056,186.93889378566521,182.47144997241585,183.20462036132812,147800,0.0,0.0
2022-02-04 00:00:00-05:00,182.9797341560565,183.82043663075285,178.62959370063393,181.6209259033203,138600,0.0,0.0
2022-02-07 00:00:00-05:00,182.129268566173,182.4225396579033,179.7733445150027,180.07640075683594,172800,0.0,0.0
2022-02-08 00:00:00-05:00,180.08619021573912,183.38056421247393,179.92000672650803,182.6278533935547,144500,0.0,0.0
2022-02-09 00:00:00-05:00,182.91131591045166,185.03262005940314,181.92398533643063,182.57894897460938,209200,0.0,0.0
2022-02-10 00:00:00-05:00,181.27880267236682,183.74225905301105,178.44386856707322,178.86422729492188,193900,0.0,0.0
2022-02-11 00:00:00-05:00,176.3812222831067,181.06374512407365,176.3812222831067,177.6520538330078,277100,0.0,0.0
2022-02-14 00:00:00-05:00,177.92576701378016,179.54852089400953,176.8113487295094,178.52207946777344,235100,0.0,0.0
2022-02-15 00:00:00-05:00,179.82222375442225,182.28568001787667,179.75380228630843,181.04417419433594,252200,0.0,0.0
2022-02-16 00:00:00-05:00,180.27194463749015,181.1517431660905,178.01378215321105,180.2328338623047,145700,0.0,0.0
2022-02-17 00:00:00-05:00,179.73425155237086,180.93664663976324,178.10172751237954,178.1408233642578,119600,0.0,0.0
2022-02-18 00:00:00-05:00,178.42430874163333,180.7704474767888,177.8377665996513,180.53582763671875,144900,0.0,0.0
2022-02-22 00:00:00-05:00,180.95618103750542,180.95618103750542,176.8308755307572,177.38809204101562,165900,0.0,0.0
2022-02-23 00:00:00-05:00,178.8935745565558,181.53298496837456,177.6520685237545,178.88380432128906,233300,0.0,0.0
2022-02-24 00:00:00-05:00,176.3616334992372,178.01371256987636,172.97926875454814,177.35873413085938,345400,0.0,0.0
2022-02-25 00:00:00-05:00,177.64228525609178,183.89866613744408,177.3978951448454,182.73536682128906,185000,0.0,0.0
2022-02-28 00:00:00-05:00,181.1908224440026,184.3776639136848,180.7215827216884,183.85955810546875,357400,0.0,0.0
2022-03-01 00:00:00-05:00,183.6053906657814,184.70025347600375,181.0734980425616,181.3472137451172,408400,0.0,0.0
2022-03-02 00:00:00-05:00,181.00511969583602,185.73650930018053,179.8711458485959,184.87625122070312,299400,0.0,0.0
2022-03-03 00:00:00-05:00,185.7364822268718,187.80890557110627,183.5467414875604,184.60250854492188,209100,0.0,0.0
2022-03-04 00:00:00-05:00,185.03263527632402,187.1930503697435,181.85556390837013,186.1372833251953,710700,0.0,0.0
2022-03-07 00:00:00-05:00,185.46276744383962,186.39144687642744,172.54918749790951,173.59518432617188,422100,0.0,0.0
2022-03-08 00:00:00-05:00,173.24324709815593,175.5307347461732,166.9868668002316,167.9741973876953,689100,0.0,0.0
2022-03-09 00:00:00-05:00,171.0730863921282,183.14596445549986,168.62918515795496,181.05398559570312,585000,0.0,0.0
2022-03-10 00:00:00-05:00,180.93663938329937,180.93663938329937,174.51407571906077,175.1299285888672,314300,0.0,0.0
2022-03-11 00:00:00-05:00,176.98731868687904,176.98731868687904,170.20304692172616,170.33990478515625,349900,0.0,0.0
2022-03-14 00:00:00-04:00,171.01441861639177,176.84067024223262,170.14439045779122,176.13682556152344,520000,0.0,0.0
2022-03-15 00:00:00-04:00,179.890699590424,182.18795797143696,176.65497650253394,181.19085693359375,379200,0.0,0.0
2022-03-16 00:00:00-04:00,183.4783205259348,186.05907947900374,178.70782082744225,182.70603942871094,255500,0.0,0.0
2022-03-17 00:00:00-04:00,182.68653325105777,186.22529791857497,181.82627513309683,185.75607299804688,230800,0.0,0.0
2022-03-18 00:00:00-04:00,186.69448351299323,187.68182907669012,183.71292126982857,187.27125549316406,329200,0.0,0.0
2022-03-21 00:00:00-04:00,186.01996060744435,187.93598554079784,185.27702007871716,186.21548461914062,191600,0.0,0.0
2022-03-22 00:00:00-04:00,187.34948488110183,187.88714619971117,185.31617193936464,185.72674560546875,187200,0.0,0.0
2022-03-23 00:00:00-04:00,185.02286581104664,186.29369734678798,183.33167553604542,185.23793029785156,196800,0.0,0.0
2022-03-24 00:00:00-04:00,185.60942807789613,189.2068588759332,185.12064777334265,188.88426208496094,184900,0.0,0.0
2022-03-25 00:00:00-04:00,189.63694540762816,192.5305158085707,187.95554034368004,192.3350067138672,231000,0.0,0.0
2022-03-28 00:00:00-04:00,192.6282882242171,195.27746867085145,190.8686764440163,195.0721893310547,294300,0.0,0.0
2022-03-29 00:00:00-04:00,195.51210287890842,197.7995909026581,195.15041026182712,196.63629150390625,220000,0.0,0.0
2022-03-30 00:00:00-04:00,195.7955698858007,197.95598497640836,193.1170638824849,195.0819549560547,158700,0.0,0.0
2022-03-31 00:00:00-04:00,194.89619868800736,197.62360036844936,193.31255572283902,193.72312927246094,315700,0.0,0.0
2022-04-01 00:00:00-04:00,195.04284990147184,196.4505392259639,192.3154481061716,193.7720184326172,338800,0.0,0.0
2022-04-04 00:00:00-04:00,193.87954641613416,195.9715249729098,191.7973380929798,195.11126708984375,403900,0.0,0.0
2022-04-05 00:00:00-04:00,195.57072836270228,197.10550532800895,194.20214978937406,196.29412841796875,320100,0.0,0.0
2022-04-06 00:00:00-04:00,194.7397928100899,199.03128190583845,193.7231217507404,198.39585876464844,262200,0.0,0.0
2022-04-07 00:00:00-04:00,199.12902091464434,204.45672131989775,197.6040293038151,203.13702392578125,359600,0.0,0.0
2022-04-08 00:00:00-04:00,203.21526640872324,205.79602534024582,202.2768018352658,202.89266967773438,245800,0.0,0.0
2022-04-11 00:00:00-04:00,204.0168669120641,204.75982241504784,200.83002515278918,201.70982360839844,257500,0.0,0.0
2022-04-12 00:00:00-04:00,202.39408766348532,203.35210754326746,200.51717358736187,200.96685791015625,185400,0.0,0.0
2022-04-13 00:00:00-04:00,200.986451427271,206.2261764775717,200.01866113029809,205.90357971191406,224800,0.0,0.0
2022-04-14 00:00:00-04:00,205.68848262130422,207.65337361029046,203.95819657644316,204.54473876953125,188900,0.0,0.0
2022-04-18 00:00:00-04:00,203.59651997941418,205.28769538864609,202.72649177180358,203.81158447265625,172000,0.0,0.0
2022-04-19 00:00:00-04:00,204.03644170595155,209.03177677472095,204.03644170595155,208.24972534179688,206700,0.0,0.0
2022-04-20 00:00:00-04:00,208.46476964587632,211.24103779299708,208.46476964587632,210.98687744140625,132000,0.0,0.0
2022-04-21 00:00:00-04:00,207.369891103564,211.5440632451604,205.346333928595,208.49407958984375,220800,0.0,0.0
2022-04-22 00:00:00-04:00,208.82646529573765,209.2370389080225,205.11174739895418,206.39234924316406,229800,0.0,0.0
2022-04-25 00:00:00-04:00,206.79311989451324,208.0248555416762,203.48897589457718,207.09617614746094,249900,0.0,0.0
2022-04-26 00:00:00-04:00,205.59070150008534,206.99839069949235,201.09393313129763,201.42630004882812,242700,0.0,0.0
2022-04-27 00:00:00-04:00,201.26015253532285,205.7667068583393,200.3998945561787,203.50852966308594,224300,0.0,0.0
2022-04-28 00:00:00-04:00,204.00707406455072,204.15370215210325,200.27278632674773,202.09104919433594,193200,0.0,0.0
2022-04-29 00:00:00-04:00,201.4839276469633,202.08125133534722,195.75551025018345,197.1166229248047,343600,0.35,0.0
2022-05-02 00:00:00-04:00,197.97832443746515,199.7605086968669,194.88400634470307,197.60623168945312,219700,0.0,0.0
2022-05-03 00:00:00-04:00,197.44958615626712,200.3578658313639,196.96976378901658,199.30030822753906,217700,0.0,0.0
2022-05-04 00:00:00-04:00,200.31867745125618,203.31508279903565,197.4985242102006,203.05068969726562,371100,0.0,0.0
2022-05-05 00:00:00-04:00,203.0507033378152,204.4607800530692,196.45076674512896,198.78131103515625,332100,0.0,0.0
2022-05-06 00:00:00-04:00,197.80206354003275,199.22192684938452,192.46532768533382,193.21932983398438,276500,0.0,0.0
2022-05-09 00:00:00-04:00,191.7603184323607,195.88281904245503,191.64281701956872,193.5816650390625,311100,0.0,0.0
2022-05-10 00:00:00-04:00,192.739501953125,195.58903023285416,191.24129944351122,192.739501953125,335800,0.0,0.0
2022-05-11 00:00:00-04:00,193.121426791898,196.95017378162694,191.1434017193455,194.54129028320312,458100,0.0,0.0
2022-05-12 00:00:00-04:00,195.15820991828434,200.49494665783592,192.9941309038264,199.7017822265625,336900,0.0,0.0
2022-05-13 00:00:00-04:00,201.6699816140515,203.89281107107774,199.43736535421044,203.42279052734375,194000,0.0,0.0
2022-05-16 00:00:00-04:00,203.46195506599614,207.9467761855787,201.89519997960014,205.81207275390625,292700,0.0,0.0
2022-05-17 00:00:00-04:00,207.59426583328502,210.00314926588035,204.1865905589386,209.5037384033203,224000,0.0,0.0
2022-05-18 00:00:00-04:00,207.35926691699234,209.40584456989043,196.00034332328838,196.86204528808594,500000,0.0,0.0
2022-05-19 00:00:00-04:00,194.20835613893107,198.61483823723532,189.87041154803555,195.6282196044922,344500,0.0,0.0
2022-05-20 00:00:00-04:00,197.20473176252102,197.20473176252102,191.26088568927247,195.7554931640625,376400,0.0,0.0
2022-05-23 00:00:00-04:00,196.21577187092262,197.5181340303744,194.14962061670752,195.422607421875,232200,0.0,0.0
2022-05-24 00:00:00-04:00,193.4739300942804,197.69435806588712,192.18135492268885,197.1166229248047,188300,0.0,0.0
2022-05-25 00:00:00-04:00,199.45697184844033,201.76792756378822,197.1851782895592,198.81068420410156,259700,0.0,0.0
2022-05-26 00:00:00-04:00,200.44595274883045,204.49991530090358,199.60382454034746,202.12042236328125,217600,0.0,0.0
2022-05-27 00:00:00-04:00,202.6393945098002,205.88060400622064,202.6393945098002,205.6162109375,144400,0.0,0.0
2022-05-31 00:00:00-04:00,203.804723007481,206.11567894562648,201.69939455855905,205.18540954589844,256300,0.0,0.0
2022-06-01 00:00:00-04:00,208.54406032919775,208.94554329842364,200.84740618975388,202.94293212890625,233400,0.0,0.0
2022-06-02 00:00:00-04:00,202.2477447083333,206.56610107421875,201.1608117783149,206.56610107421875,325600,0.0,0.0
2022-06-03 00:00:00-04:00,205.60645944775356,208.54411423061424,204.72516898956934,207.28091430664062,217800,0.0,0.0
2022-06-06 00:00:00-04:00,209.78770840288408,209.78770840288408,202.3750196033052,203.0115203857422,439200,0.0,0.0
2022-06-07 00:00:00-04:00,199.58428232293238,203.45219164372168,198.93799465489658,201.96377563476562,539500,0.0,0.0
2022-06-08 00:00:00-04:00,197.73353874235445,199.84865379854668,191.2902956531504,193.81666564941406,784300,0.0,0.0
2022-06-09 00:00:00-04:00,192.98433833777108,194.8056849166302,189.54728759098035,189.67457580566406,356200,0.0,0.0
2022-06-10 00:00:00-04:00,187.8140439349121,189.65496389437757,185.6205899025155,187.01107788085938,330300,0.0,0.0
2022-06-13 00:00:00-04:00,184.62181571397937,185.08204952030135,179.8628140750409,182.06605529785156,289900,0.0,0.0
2022-06-14 00:00:00-04:00,184.1518108008951,184.1518108008951,180.43077787462326,182.27171325683594,275700,0.0,0.0
2022-06-15 00:00:00-04:00,183.24109352701493,185.8751926885166,180.538441924376,182.69273376464844,257700,0.0,0.0
2022-06-16 00:00:00-04:00,179.99991186599564,182.06604809810835,177.98270965297587,180.0194854736328,261600,0.0,0.0
2022-06-17 00:00:00-04:00,181.5176713817282,182.36960136870033,177.82602955768974,177.96311950683594,416700,0.0,0.0
2022-06-21 00:00:00-04:00,179.19695183638802,180.6853678604497,177.6301965540404,180.4209747314453,387100,0.0,0.0
2022-06-22 00:00:00-04:00,178.76608781195856,183.46633857074158,178.76608781195856,182.84942626953125,401000,0.0,0.0
2022-06-23 00:00:00-04:00,184.08321278568948,185.5422381665522,182.46749398387487,185.10159301757812,267700,0.0,0.0
2022-06-24 00:00:00-04:00,186.97193218573983,188.3134563863807,184.47492269809723,187.54966735839844,492400,0.0,0.0
2022-06-27 00:00:00-04:00,187.05028648774442,190.4971241943435,186.47253632691513,190.4579620361328,197100,0.0,0.0
2022-06-28 00:00:00-04:00,191.86800166783812,192.8961836866995,186.22769570913943,186.4529266357422,331400,0.0,0.0
2022-06-29 00:00:00-04:00,186.98173887386687,189.49833717751204,181.85064433935847,182.57525634765625,274100,0.0,0.0
2022-06-30 00:00:00-04:00,181.32185709676855,182.87881066167785,178.89339981234843,181.13580322265625,266100,0.0,0.0
2022-07-01 00:00:00-04:00,180.87140593674144,183.39777582284339,179.42215219753461,182.7123260498047,254700,0.0,0.0
2022-07-05 00:00:00-04:00,180.48949179604938,184.7001177760982,179.63756186778562,184.6511688232422,434900,0.0,0.0
2022-07-06 00:00:00-04:00,184.89598471877807,190.87899348042194,184.57284092497932,189.83123779296875,555700,0.0,0.0
2022-07-07 00:00:00-04:00,191.05526368682638,191.90717873987617,187.12860408204128,189.23391723632812,333000,0.0,0.0
2022-07-08 00:00:00-04:00,189.31226513492774,191.83865000051134,188.02949162440282,190.01730346679688,237700,0.0,0.0
2022-07-11 00:00:00-04:00,189.8410223828483,192.97453248921212,189.32203794658957,191.4567413330078,219400,0.0,0.0
2022-07-12 00:00:00-04:00,191.4077840673364,194.1691716406752,188.86181075313166,189.77249145507812,256000,0.0,0.0
2022-07-13 00:00:00-04:00,188.8618189724965,193.17038823468613,188.8618189724965,191.25111389160156,172700,0.0,0.0
2022-07-14 00:00:00-04:00,189.90958998056738,195.22673791123555,188.6463900694941,194.3650360107422,231000,0.0,0.0
2022-07-15 00:00:00-04:00,195.84362053323335,197.88039597978087,194.8252402808008,197.40057373046875,333900,0.0,0.0
2022-07-18 00:00:00-04:00,198.13501587881774,198.5364989448091,192.13241820423517,192.71994018554688,403200,0.0,0.0
2022-07-19 00:00:00-04:00,196.73474265695728,196.73474265695728,193.00392350633805,194.77630615234375,355100,0.0,0.0
2022-07-20 00:00:00-04:00,195.3540410651986,195.46175567047086,192.9647461422028,194.3650360107422,236700,0.0,0.0
2022-07-21 00:00:00-04:00,193.63062077478918,195.47154091152098,192.26950801451108,194.31607055664062,249700,0.0,0.0
2022-07-22 00:00:00-04:00,194.68815892964818,196.50949033691097,193.74810293529285,194.5804443359375,178700,0.0,0.0
2022-07-25 00:00:00-04:00,195.41278235146163,195.8632292995317,193.54247199627792,194.76649475097656,231700,0.0,0.0
2022-07-26 00:00:00-04:00,192.84722838926467,192.84722838926467,190.8496149592778,192.23031616210938,339000,0.0,0.0
2022-07-27 00:00:00-04:00,192.55347408581812,195.14839644473844,191.04548457079517,194.60003662109375,205500,0.0,0.0
2022-07-28 00:00:00-04:00,194.53150089525894,198.77151770562278,192.96474572048373,198.66380310058594,358200,0.0,0.0
2022-07-29 00:00:00-04:00,198.3988867538753,199.76255355564078,197.22162292719722,198.81092834472656,358500,0.38,0.0
2022-08-01 00:00:00-04:00,197.80044025028565,202.9804130127037,197.30010724552218,201.66580200195312,233300,0.0,0.0
2022-08-02 00:00:00-04:00,202.3525390398248,202.3525390398248,198.49699740532768,199.91952514648438,245500,0.0,0.0
2022-08-03 00:00:00-04:00,200.1746110408548,203.92225123620798,199.94897240717467,202.80384826660156,233600,0.0,0.0
2022-08-04 00:00:00-04:00,202.52915350807206,203.65736164428603,199.9097364249993,202.92156982421875,237300,0.0,0.0
2022-08-05 00:00:00-04:00,201.94053582288495,203.84378659768674,201.54811946445605,203.4513702392578,192600,0.0,0.0
2022-08-08 00:00:00-04:00,203.15703664886885,206.25717656637508,203.04911991219228,203.9026336669922,233700,0.0,0.0
2022-08-09 00:00:00-04:00,204.0105435478698,205.1485718291751,202.48990411660944,202.9706268310547,184600,0.0,0.0
2022-08-10 00:00:00-04:00,205.31535123611803,205.6096709623357,201.20472514688174,201.6265869140625,207400,0.0,0.0
2022-08-11 00:00:00-04:00,202.0778570673426,204.58935736576254,201.8718437450549,202.48989868164062,206500,0.0,0.0
2022-08-12 00:00:00-04:00,202.74500252096541,204.91312753398785,202.74500252096541,204.48146057128906,181400,0.0,0.0
2022-08-15 00:00:00-04:00,204.15770411954642,207.11067648814114,203.09816213105003,205.62928771972656,140400,0.0,0.0
2022-08-16 00:00:00-04:00,205.42325229386805,210.13232264482448,205.42325229386805,209.04335021972656,154100,0.0,0.0
2022-08-17 00:00:00-04:00,209.53390030968694,210.18140073273614,207.94459469831492,208.81773376464844,160400,0.0,0.0
2022-08-18 00:00:00-04:00,210.9269580135135,215.88129188172854,210.25984737828557,214.44894409179688,319400,0.0,0.0
2022-08-19 00:00:00-04:00,214.76292657236056,217.9905935346429,214.4489815341069,217.69627380371094,278400,0.0,0.0
2022-08-22 00:00:00-04:00,217.88270120320792,218.18682613700295,214.46863086328025,214.8512420654297,191600,0.0,0.0
2022-08-23 00:00:00-04:00,214.39993089121674,215.8322789655758,212.82043043272515,213.02645874023438,255300,0.0,0.0
2022-08-24 00:00:00-04:00,213.6150672801899,214.6647890643349,212.59476099888764,214.41952514648438,176000,0.0,0.0
2022-08-25 00:00:00-04:00,214.60596075831117,215.04743288364065,212.80082164112355,214.63539123535156,170600,0.0,0.0
2022-08-26 00:00:00-04:00,214.53725488613603,215.0474080454524,212.46724171467358,213.08529663085938,206700,0.0,0.0
2022-08-29 00:00:00-04:00,212.00614765922273,214.41953635397314,208.34679903542306,213.35018920898438,209800,0.0,0.0
2022-08-30 00:00:00-04:00,214.18409434053413,214.18409434053413,210.25005127927864,210.613037109375,209600,0.0,0.0
2022-08-31 00:00:00-04:00,210.6130558138364,212.15332063349848,209.09243127177996,209.72030639648438,227400,0.0,0.0
2022-09-01 00:00:00-04:00,209.60252623189064,211.78047089554792,207.93473467973777,211.6136932373047,185300,0.0,0.0
2022-09-02 00:00:00-04:00,212.3789436776462,213.52677710396483,208.5037764753453,209.20033264160156,215100,0.0,0.0
2022-09-06 00:00:00-04:00,212.34952169880182,213.6052719061984,209.06299380042927,211.10357666015625,302200,0.0,0.0
2022-09-07 00:00:00-04:00,210.730804976347,217.43141839999427,209.91652680360485,217.2057647705078,379600,0.0,0.0
2022-09-08 00:00:00-04:00,210.10289588483113,217.8139944170151,209.6417985003964,215.73414611816406,543100,0.0,0.0
2022-09-09 00:00:00-04:00,218.0004142446816,219.65838595948895,215.47909367241328,216.9408721923828,298500,0.0,0.0
2022-09-12 00:00:00-04:00,216.32276759511552,217.74529527243172,212.98718442280713,213.32073974609375,366300,0.0,0.0
2022-09-13 00:00:00-04:00,211.94727098306544,215.9205496396532,210.09307627262078,210.63265991210938,295400,0.0,0.0
2022-09-14 00:00:00-04:00,210.69153606533874,212.32009226942625,208.88639700452342,210.7504119873047,293400,0.0,0.0
2022-09-15 00:00:00-04:00,211.4567484405975,211.97672175697753,209.8282072828123,210.5934295654297,214700,0.0,0.0
2022-09-16 00:00:00-04:00,209.85766745502113,211.6431813772266,208.18987544842432,210.8289031982422,300600,0.0,0.0
2022-09-19 00:00:00-04:00,210.06362220597185,212.4966508944583,209.94590032320403,212.32005310058594,179400,0.0,0.0
2022-09-20 00:00:00-04:00,211.6921990289259,212.03557451389173,207.48347663714546,209.61236572265625,149700,0.0,0.0
2022-09-21 00:00:00-04:00,209.7104894276351,211.99635131439774,208.5626558996402,208.82754516601562,164600,0.0,0.0
2022-09-22 00:00:00-04:00,208.3370043853674,208.3370043853674,204.34410020700443,204.69728088378906,187200,0.0,0.0
2022-09-23 00:00:00-04:00,203.11776891173218,203.95167225845827,197.27068522575365,198.70301818847656,344600,0.0,0.0
2022-09-26 00:00:00-04:00,197.8887652437535,199.63504331051357,196.63300009051144,198.10458374023438,261000,0.0,0.0
2022-09-27 00:00:00-04:00,198.24194749065057,199.44864190147075,193.48382099758916,194.44525146484375,239700,0.0,0.0
2022-09-28 00:00:00-04:00,195.42632681764616,202.72538490456031,194.33735420032872,201.70509338378906,408600,0.0,0.0
2022-09-29 00:00:00-04:00,200.78289219834156,200.9398647257812,197.60426588144762,200.41989135742188,226900,0.0,0.0
2022-09-30 00:00:00-04:00,200.4296886464713,201.5677168860815,198.58529908363565,198.68341064453125,242900,0.0,0.0
2022-10-03 00:00:00-04:00,200.047075944323,203.7848958514555,197.65329758654727,202.9804229736328,238300,0.0,0.0
2022-10-04 00:00:00-04:00,203.9810952138633,205.72737312689645,198.2223031618789,199.28184509277344,470800,0.0,0.0
2022-10-05 00:00:00-04:00,198.79133571495112,200.9496554177158,196.9861817188956,198.9090576171875,315700,0.0,0.0
2022-10-06 00:00:00-04:00,199.37996656165095,202.27407818524233,199.03660601259094,199.43882751464844,413700,0.0,0.0
2022-10-07 00:00:00-04:00,198.71282261443955,199.61539200568524,195.42628023687618,196.38771057128906,250900,0.0,0.0
2022-10-10 00:00:00-04:00,196.35829591839172,197.59443570337027,193.86642098200204,195.51458740234375,233200,0.0,0.0
2022-10-11 00:00:00-04:00,195.19087445337567,200.90061159766856,195.19087445337567,200.43951416015625,262300,0.0,0.0
2022-10-12 00:00:00-04:00,200.9103963735814,201.35188342788913,198.18306264157513,198.68341064453125,174700,0.0,0.0
2022-10-13 00:00:00-04:00,197.64350299614185,203.97130975024172,196.73111334123755,202.14654541015625,298300,0.0,0.0
2022-10-14 00:00:00-04:00,202.73517911408,203.67699928748917,197.97706737128544,198.54608154296875,308100,0.0,0.0
2022-10-17 00:00:00-04:00,200.80249007792213,204.49126939525763,200.80249007792213,203.87319946289062,262900,0.0,0.0
2022-10-18 00:00:00-04:00,206.02172458041582,208.43512851217923,205.65873871313343,207.26766967773438,344900,0.0,0.0
2022-10-19 00:00:00-04:00,206.9536980941095,208.60187946370715,204.80518370377578,206.54165649414062,251400,0.0,0.0
2022-10-20 00:00:00-04:00,206.56128561732393,206.56128561732393,201.21453491714627,204.13807678222656,366400,0.0,0.0
2022-10-21 00:00:00-04:00,203.41207361405145,210.89753296733977,203.19624017481516,210.4658660888672,205200,0.0,0.0
2022-10-24 00:00:00-04:00,210.92697827765338,216.24429844530943,210.77000577085298,214.2919921875,234000,0.0,0.0
2022-10-25 00:00:00-04:00,214.3116239749965,216.0971526119785,212.09444338584166,215.45945739746094,261400,0.0,0.0
2022-10-26 00:00:00-04:00,216.1658392422239,217.34310325110178,212.81063008054616,217.215576171875,201000,0.0,0.0
2022-10-27 00:00:00-04:00,218.04947498826655,224.2006995611721,218.04947498826655,223.3275604248047,310700,0.0,0.0
2022-10-28 00:00:00-04:00,223.8867552220936,227.38911671450535,221.64012901171773,226.96726989746094,254600,0.0,0.0
2022-10-31 00:00:00-04:00,226.72159035343518,230.08231946130041,225.8371934808635,228.67710876464844,357200,0.38,0.0
2022-11-01 00:00:00-04:00,228.33317032733163,228.38230681942972,225.62100689913188,226.56436157226562,243400,0.0,0.0
2022-11-02 00:00:00-04:00,226.3383180749457,229.25684833861303,223.20359927364748,223.5082244873047,273300,0.0,0.0
2022-11-03 00:00:00-04:00,221.4053183856896,225.02155085315266,221.35618189944995,223.27239990234375,193100,0.0,0.0
2022-11-04 00:00:00-04:00,224.16664629990552,224.41231376779317,217.22899940585543,221.04176330566406,197800,0.0,0.0
2022-11-07 00:00:00-05:00,222.10300992408168,227.3897627170579,220.58969018834875,226.90826416015625,233600,0.0,0.0
2022-11-08 00:00:00-05:00,226.83949423920322,230.28867485192336,226.06319169059103,229.17825317382812,222700,0.0,0.0
2022-11-09 00:00:00-05:00,227.802497604321,230.65223374349938,226.41692972531334,229.3551025390625,167000,0.0,0.0
2022-11-10 00:00:00-05:00,230.97653016350856,235.34940759808939,230.4557163900838,234.98582458496094,285700,0.0,0.0
2022-11-11 00:00:00-05:00,234.4158747565248,235.30027154470736,228.05800019595378,228.9129180908203,263000,0.0,0.0
2022-11-14 00:00:00-05:00,229.87593893313905,234.3274469183873,229.20773066696123,230.63259887695312,209500,0.0,0.0
2022-11-15 00:00:00-05:00,232.21471529620624,233.75751419414968,230.93724146239907,232.31298828125,175000,0.0,0.0
2022-11-16 00:00:00-05:00,233.00086043404127,237.0985921149977,232.85346594688025,236.42054748535156,156900,0.0,0.0
2022-11-17 00:00:00-05:00,234.91704776777743,234.91704776777743,230.67192188827002,233.0106658935547,211300,0.0,0.0
2022-11-18 00:00:00-05:00,235.27080884516621,236.73499228949606,234.15056583899795,235.56561279296875,282200,0.0,0.0
2022-11-21 00:00:00-05:00,235.3396070114395,237.5014776755598,235.11358215073892,235.13323974609375,157400,0.0,0.0
2022-11-22 00:00:00-05:00,235.9194036618465,238.3564209421807,234.21938884484493,237.57028198242188,227900,0.0,0.0
2022-11-23 00:00:00-05:00,236.69564601417486,238.08121389083362,234.61239104684088,234.87771606445312,151800,0.0,0.0
2022-11-25 00:00:00-05:00,234.86790508430983,238.30724940750957,234.29795479714315,237.31475830078125,87100,0.0,0.0
2022-11-28 00:00:00-05:00,237.25581848907126,239.5749200082139,235.82111386516718,236.16505432128906,173600,0.0,0.0
2022-11-29 00:00:00-05:00,236.5679386797378,236.83324873611872,232.78465386196387,232.9517059326172,237200,0.0,0.0
2022-11-30 00:00:00-05:00,232.24419849171275,239.1425453264787,231.87079412920983,238.80844116210938,321700,0.0,0.0
2022-12-01 00:00:00-05:00,240.1841221473592,240.1841221473592,230.15107307960272,230.72100830078125,257700,0.0,0.0
2022-12-02 00:00:00-05:00,229.6499330643777,232.61760010794376,228.1955859347105,230.06265258789062,273700,0.0,0.0
2022-12-05 00:00:00-05:00,227.85165996517725,228.6967566605933,224.72677694834852,226.65280151367188,316200,0.0,0.0
2022-12-06 00:00:00-05:00,226.78049749131893,227.7435095365838,223.55734228343965,225.97471618652344,470100,0.0,0.0
2022-12-07 00:00:00-05:00,230.6817348214592,244.1246504457151,224.0978501811227,242.67030334472656,452000,0.0,0.0
2022-12-08 00:00:00-05:00,240.75408629663434,245.5691620248269,239.35869706517587,244.32118225097656,376500,0.0,0.0
2022-12-09 00:00:00-05:00,244.47839323221314,244.4882295258048,238.68064787742534,238.9263153076172,236400,0.0,0.0
2022-12-12 00:00:00-05:00,239.22116060694083,242.75876321708347,238.43502169545826,241.11770629882812,210300,0.0,0.0
2022-12-13 00:00:00-05:00,242.70959944964042,242.70959944964042,239.07370949152553,240.27256774902344,172200,0.0,0.0
2022-12-14 00:00:00-05:00,240.78359084796872,242.50326307619855,239.1818342029106,240.41017150878906,206900,0.0,0.0
2022-12-15 00:00:00-05:00,238.75927675756168,239.85986210887336,236.636706442017,237.65869140625,247600,0.0,0.0
2022-12-16 00:00:00-05:00,236.43036078078288,240.99976937049522,231.497354167523,235.93902587890625,926800,0.0,0.0
2022-12-19 00:00:00-05:00,236.66618936578686,240.04657585306458,229.77767951429027,229.91525268554688,315000,0.0,0.0
2022-12-20 00:00:00-05:00,229.03086955202474,229.47306798645607,226.0140659097663,228.9227752685547,363300,0.0,0.0
2022-12-21 00:00:00-05:00,230.92739354789364,233.7476509602651,229.9643813817291,231.33029174804688,243000,0.0,0.0
2022-12-22 00:00:00-05:00,231.00600134396626,231.11409561376712,227.39960524330172,229.7776641845703,187200,0.0,0.0
2022-12-23 00:00:00-05:00,229.96440073649927,232.89275266868273,228.49039597277343,231.17308044433594,144800,0.0,0.0
2022-12-27 00:00:00-05:00,232.1557555006691,233.87542776363702,226.42678839100228,226.56436157226562,146400,0.0,0.0
2022-12-28 00:00:00-05:00,227.72389923412726,228.0088668715852,223.31170654296875,223.31170654296875,189400,0.0,0.0
2022-12-29 00:00:00-05:00,224.23543899061534,224.23543899061534,221.34638718716707,222.77125549316406,166300,0.0,0.0
2022-12-30 00:00:00-05:00,221.10070446837997,221.42498730092242,218.64402997428687,220.46197509765625,153200,0.0,0.0
2023-01-03 00:00:00-05:00,222.32904847032623,222.32904847032623,216.83592773328388,217.1208953857422,194400,0.0,0.0
2023-01-04 00:00:00-05:00,217.9659870510259,218.40818546441187,214.595436817117,215.7648162841797,169600,0.0,0.0
2023-01-05 00:00:00-05:00,214.43819943673725,216.6885066233085,213.70119710570484,213.82894897460938,250100,0.0,0.0
2023-01-06 00:00:00-05:00,214.68386150128688,219.2729274348761,213.45552431367682,219.09605407714844,246600,0.0,0.0
2023-01-09 00:00:00-05:00,218.594870112254,222.2897177526828,217.82838895160114,219.56771850585938,242800,0.0,0.0
2023-01-10 00:00:00-05:00,220.3538987131439,220.3538987131439,213.21970580660772,215.38157653808594,241200,0.0,0.0
2023-01-11 00:00:00-05:00,215.14574847701363,218.24115263797103,214.35960956482285,217.0914306640625,241700,0.0,0.0
2023-01-12 00:00:00-05:00,217.8775500422703,220.09837840032293,215.9613469242214,217.24864196777344,222300,0.0,0.0
2023-01-13 00:00:00-05:00,216.22668575639696,221.2088295208304,215.5093409027419,220.87472534179688,251100,0.0,0.0
2023-01-17 00:00:00-05:00,221.57236982698853,226.35798167962952,221.24808701192947,225.96490478515625,365400,0.0,0.0
2023-01-18 00:00:00-05:00,226.4857209793718,226.79034620438676,222.9579401568589,224.5400390625,291400,0.0,0.0
2023-01-19 00:00:00-05:00,225.71924737981578,227.33082523289784,225.36548565624406,226.23023986816406,363500,0.0,0.0
2023-01-20 00:00:00-05:00,228.29387312804204,229.15861242404435,222.9481465955809,223.51809692382812,354600,0.0,0.0
2023-01-23 00:00:00-05:00,222.74175332056717,227.51752896724932,222.5845225598849,223.7735595703125,306200,0.0,0.0
2023-01-24 00:00:00-05:00,222.9088068336254,226.83948591019512,222.4862660301825,224.49090576171875,191200,0.0,0.0
2023-01-25 00:00:00-05:00,224.34353206369855,227.85165566725496,222.3192345509528,226.67245483398438,141500,0.0,0.0
2023-01-26 00:00:00-05:00,226.51523822430696,227.67479652882915,225.30655841918846,226.6429901123047,134800,0.0,0.0
2023-01-27 00:00:00-05:00,227.00653884690232,227.33082167129174,223.92095635967192,224.107666015625,123700,0.0,0.0
2023-01-30 00:00:00-05:00,224.8348463946057,228.59847341335816,224.28455372245352,226.38746643066406,159600,0.0,0.0
2023-01-31 00:00:00-05:00,227.56863748472517,232.3621566907205,226.47607117919245,232.2046661376953,301500,0.38,0.0
2023-02-01 00:00:00-05:00,232.73614490251333,232.73614490251333,222.5093382427714,228.94662475585938,453300,0.0,0.0
2023-02-02 00:00:00-05:00,229.24189233209086,229.24189233209086,217.52880864354898,220.74745178222656,393000,0.0,0.0
2023-02-03 00:00:00-05:00,220.5210781034348,221.45616881216552,217.97176190172368,220.26516723632812,277500,0.0,0.0
2023-02-06 00:00:00-05:00,219.81239994287247,222.0270599986257,219.01510970673655,220.0289306640625,233300,0.0,0.0
2023-02-07 00:00:00-05:00,218.7592023586011,221.75144760696966,216.82998073725986,221.21009826660156,218100,0.0,0.0
2023-02-08 00:00:00-05:00,221.16090278432293,222.2436165928185,220.57032069305154,221.2593231201172,162700,0.0,0.0
2023-02-09 00:00:00-05:00,222.64716157675028,222.93261507025602,215.23543355948397,215.88507080078125,218200,0.0,0.0
2023-02-10 00:00:00-05:00,216.90871229048415,220.1765732944666,213.18808477383482,218.6312255859375,222000,0.0,0.0
2023-02-13 00:00:00-05:00,218.17846372770683,221.10181612731336,217.79458992872435,219.546630859375,143900,0.0,0.0
2023-02-14 00:00:00-05:00,219.55647273636959,219.55647273636959,213.6211850241958,216.83982849121094,289300,0.0,0.0
2023-02-15 00:00:00-05:00,216.23937680156564,220.18638715023718,215.48146682768822,219.92062377929688,187500,0.0,0.0
2023-02-16 00:00:00-05:00,219.5958426587,221.05259254677225,216.80043825407623,217.0858917236328,199500,0.0,0.0
2023-02-17 00:00:00-05:00,215.21573906025944,216.19019490216488,212.45972964317815,213.89678955078125,383600,0.0,0.0
2023-02-21 00:00:00-05:00,213.6900923541294,215.51102604067853,210.07772254176047,214.4578399658203,208700,0.0,0.0
2023-02-22 00:00:00-05:00,214.42829289346614,216.3082816072405,212.8337275978136,213.04043579101562,181700,0.0,0.0
2023-02-23 00:00:00-05:00,212.94202321208704,213.80820618035304,209.74306977234312,210.77658081054688,215300,0.0,0.0
2023-02-24 00:00:00-05:00,209.23124326435624,210.4517573982163,207.45951224199948,209.29029846191406,178300,0.0,0.0
2023-02-27 00:00:00-05:00,209.9005545250434,211.0128108041447,206.17008937894505,207.41029357910156,188400,0.0,0.0
2023-02-28 00:00:00-05:00,206.4161887389975,208.50288607448613,204.49680447080132,204.68382263183594,220500,0.0,0.0
2023-03-01 00:00:00-05:00,204.44758689240834,208.64067133199097,203.1778400070636,207.0657958984375,302700,0.0,0.0
2023-03-02 00:00:00-05:00,207.62681291388301,208.66032379215696,206.37675632705177,207.92210388183594,223400,0.0,0.0
2023-03-03 00:00:00-05:00,209.82182751170214,211.06203181976568,207.2823486740357,209.8316650390625,359700,0.0,0.0
2023-03-06 00:00:00-05:00,209.5757106279103,210.50094865789268,206.8984318676253,208.39456176757812,338300,0.0,0.0
2023-03-07 00:00:00-05:00,207.91227864850296,210.38286455181486,205.9338544358439,206.40631103515625,359000,0.0,0.0
2023-03-08 00:00:00-05:00,215.56023207481135,218.19813090198124,208.5323785339592,214.39877319335938,693200,0.0,0.0
2023-03-09 00:00:00-05:00,215.91458639545414,216.5445335285905,213.05028918828157,214.3495635986328,323500,0.0,0.0
2023-03-10 00:00:00-05:00,213.31602786823106,213.31602786823106,206.21926714267556,208.39456176757812,275900,0.0,0.0
2023-03-13 00:00:00-04:00,207.49885496961176,210.04817084984376,206.0421051836396,207.0952911376953,199700,0.0,0.0
2023-03-14 00:00:00-04:00,208.70956705743112,209.8415134850341,204.33931695383814,205.86495971679688,272500,0.0,0.0
2023-03-15 00:00:00-04:00,204.07353797257022,205.92401423964654,202.16400650873604,204.3885040283203,264600,0.0,0.0
2023-03-16 00:00:00-04:00,203.44358410743538,206.62284725369489,202.37070801751753,204.91017150878906,295200,0.0,0.0
2023-03-17 00:00:00-04:00,204.77238964980637,204.77238964980637,198.95522714641183,202.46914672851562,556400,0.0,0.0
2023-03-20 00:00:00-04:00,203.36482219837856,206.96733897777688,203.36482219837856,204.6050262451172,206100,0.0,0.0
2023-03-21 00:00:00-04:00,206.12088068894693,207.81386650718625,205.16611490706345,206.52444458007812,223900,0.0,0.0
2023-03-22 00:00:00-04:00,206.94769865461157,209.66434318012438,205.618896484375,205.618896484375,232600,0.0,0.0
2023-03-23 00:00:00-04:00,205.5499779335419,206.33741560147152,202.1935340732055,203.4829559326172,180200,0.0,0.0
2023-03-24 00:00:00-04:00,203.62078391868096,207.4103197595141,203.29596527354158,206.3275909423828,140600,0.0,0.0
2023-03-27 00:00:00-04:00,207.58748572450114,209.7332532877711,207.21346442087253,208.54225158691406,219900,0.0,0.0
2023-03-28 00:00:00-04:00,208.59146317547604,212.932200833256,208.1780617346102,211.84947204589844,237300,0.0,0.0
2023-03-29 00:00:00-04:00,212.36128686380664,212.36128686380664,209.91039105464665,210.3927001953125,154200,0.0,0.0
2023-03-30 00:00:00-04:00,210.9635913971425,212.08568519351337,209.6446419384323,211.06201171875,142700,0.0,0.0
2023-03-31 00:00:00-04:00,212.08569430024482,213.77868010348172,211.8100933573109,213.06015014648438,150100,0.0,0.0
2023-04-03 00:00:00-04:00,213.80820420332637,215.54055510471494,212.7058004496359,213.857421875,223500,0.0,0.0
2023-04-04 00:00:00-04:00,214.28065813678202,214.46767627533444,209.45762675541496,210.93406677246094,239300,0.0,0.0
2023-04-05 00:00:00-04:00,210.4222545397022,212.28256857712094,209.26079546684215,211.35733032226562,185700,0.0,0.0
2023-04-06 00:00:00-04:00,211.68214416503906,213.32591240258736,210.34350448991052,211.68214416503906,216000,0.0,0.0
2023-04-10 00:00:00-04:00,211.48528740151326,214.98936961639347,211.48528740151326,214.49722290039062,186800,0.0,0.0
2023-04-11 00:00:00-04:00,214.80231932711564,219.89111380701334,214.80231932711564,219.38912963867188,299200,0.0,0.0
2023-04-12 00:00:00-04:00,219.77301209524882,220.48170448978163,217.9717535107383,219.7434844970703,287100,0.0,0.0
2023-04-13 00:00:00-04:00,219.5269630218829,220.80654748780032,217.04653936693342,219.76319885253906,253400,0.0,0.0
2023-04-14 00:00:00-04:00,222.45029000459346,225.30473462089657,221.83018040775298,222.89321899414062,224800,0.0,0.0
2023-04-17 00:00:00-04:00,223.3361455365599,224.99960362983444,222.4699776386832,224.66494750976562,280400,0.0,0.0
2023-04-18 00:00:00-04:00,224.6059147743585,225.0193162026868,221.36758105709856,222.73574829101562,251500,0.0,0.0
2023-04-19 00:00:00-04:00,223.26725898072587,224.88149944936367,222.29280317218945,223.73971557617188,226500,0.0,0.0
2023-04-20 00:00:00-04:00,223.30661958948988,225.09804063214239,221.0033768367573,224.80274963378906,264000,0.0,0.0
2023-04-21 00:00:00-04:00,224.9208826038331,225.75753801329992,218.98559451953483,221.0624542236328,376600,0.0,0.0
2023-04-24 00:00:00-04:00,220.3242395496174,222.99168137491944,220.3242395496174,222.78497314453125,248700,0.0,0.0
2023-04-25 00:00:00-04:00,221.88925194593972,223.1983639583945,219.86160996333882,219.91082763671875,162200,0.0,0.0
2023-04-26 00:00:00-04:00,218.51311471671147,221.46599464531567,218.51311471671147,219.30055236816406,229700,0.0,0.0
2023-04-27 00:00:00-04:00,219.4777351741213,224.09407356108008,219.26118942750435,223.63145446777344,204500,0.0,0.0
2023-04-28 00:00:00-04:00,224.04554182351123,226.569551796303,223.68073292911748,225.60333251953125,166600,0.38,0.0
2023-05-01 00:00:00-04:00,225.33711710415392,229.97104293471003,224.7554147540902,229.56680297851562,247000,0.0,0.0
2023-05-02 00:00:00-04:00,228.9653883009865,233.17536635842032,227.07238078956442,232.5640869140625,254100,0.0,0.0
2023-05-03 00:00:00-04:00,233.1359004149402,237.86841096353635,232.68236038115296,235.56130981445312,291500,0.0,0.0
2023-05-04 00:00:00-04:00,235.69936412773706,237.0698233246915,233.4809939499434,234.56553649902344,241500,0.0,0.0
2023-05-05 00:00:00-04:00,234.86134611206074,236.7642077259512,230.1090965149404,230.37530517578125,212600,0.0,0.0
2023-05-08 00:00:00-04:00,230.10907264379773,231.88377179148696,226.38221195579317,226.87518310546875,286600,0.0,0.0
2023-05-09 00:00:00-04:00,226.87519287560067,230.54289959067563,226.14559012671845,229.8231658935547,200200,0.0,0.0
2023-05-10 00:00:00-04:00,230.3259864070809,231.92320815429207,228.6005873438589,230.36541748046875,108100,0.0,0.0
2023-05-11 00:00:00-04:00,230.48373353718063,230.48373353718063,226.83575007000704,227.23997497558594,119600,0.0,0.0
2023-05-12 00:00:00-04:00,227.39775585590374,233.22467908439975,226.46111357931724,232.74156188964844,204800,0.0,0.0
2023-05-15 00:00:00-04:00,232.5739286659141,234.01341104414672,227.0132146928,229.65553283691406,221700,0.0,0.0
2023-05-16 00:00:00-04:00,228.41326349751367,228.73862627986406,223.5624289179275,223.67088317871094,150700,0.0,0.0
2023-05-17 00:00:00-04:00,223.66102583681075,227.71324945580275,222.96100015595582,226.57940673828125,137200,0.0,0.0
2023-05-18 00:00:00-04:00,225.37656514369525,227.10196430953832,223.84835144509117,225.8202362060547,148300,0.0,0.0
2023-05-19 00:00:00-04:00,226.05687639122016,226.76675613570973,223.83850595076214,225.93856811523438,232600,0.0,0.0
2023-05-22 00:00:00-04:00,227.2104066934774,228.40340353097073,224.15399450036043,226.29348754882812,232000,0.0,0.0
2023-05-23 00:00:00-04:00,225.3568460369518,226.34278836891005,222.52718131411712,224.02581787109375,259700,0.0,0.0
2023-05-24 00:00:00-04:00,224.7554021187337,226.90474900428677,223.48352819036327,226.47093200683594,201900,0.0,0.0
2023-05-25 00:00:00-04:00,227.1019504210117,229.65553741966482,226.18503128449598,228.64988708496094,178700,0.0,0.0
2023-05-26 00:00:00-04:00,228.76820876935426,231.12461045106002,226.70759280991302,227.02308654785156,199500,0.0,0.0
2023-05-30 00:00:00-04:00,227.5850773201946,231.83448649509177,225.98785550726365,226.22447204589844,314400,0.0,0.0
2023-05-31 00:00:00-04:00,226.2737431227253,227.37799361268256,221.00881519402745,222.4778594970703,341000,0.0,0.0
2023-06-01 00:00:00-04:00,222.96101610279365,224.5385299772668,220.39755981784666,221.9947967529297,249500,0.0,0.0
2023-06-02 00:00:00-04:00,222.6750809409991,226.31319549647947,222.6750809409991,225.83009338378906,239200,0.0,0.0
2023-06-05 00:00:00-04:00,225.7019152253542,228.10761690535116,223.51312206039213,224.71597290039062,445500,0.0,0.0
2023-06-06 00:00:00-04:00,223.70047045908996,225.89911779795108,219.34260685786816,221.10743713378906,381400,0.0,0.0
2023-06-07 00:00:00-04:00,215.23121329696008,216.18757855904377,209.51274478342586,214.6199188232422,697300,0.0,0.0
2023-06-08 00:00:00-04:00,212.99311007892297,217.25238796045977,212.14519911422548,216.719970703125,350100,0.0,0.0
2023-06-09 00:00:00-04:00,214.8368307869653,217.617195418912,213.1114316845872,215.0931854248047,413300,0.0,0.0
2023-06-12 00:00:00-04:00,215.59601783234876,217.9031193845321,215.162200779264,217.15380859375,316100,0.0,0.0
2023-06-13 00:00:00-04:00,216.3256164854894,218.66229506092358,216.27631635870793,217.55804443359375,213800,0.0,0.0
2023-06-14 00:00:00-04:00,217.5876179491925,219.2341398556699,216.0495503021495,217.2228240966797,243500,0.0,0.0
2023-06-15 00:00:00-04:00,217.06505603298007,219.85527449143407,215.38895716539272,219.45103454589844,295600,0.0,0.0
2023-06-16 00:00:00-04:00,220.20034503207435,220.30879928456082,215.9903823316577,216.5326385498047,388500,0.0,0.0
2023-06-20 00:00:00-04:00,215.94107916208065,219.1158144599435,214.67907426601798,215.4579620361328,290000,0.0,0.0
2023-06-21 00:00:00-04:00,215.6946023828919,218.66228330645257,213.9001801656559,217.89324951171875,243800,0.0,0.0
2023-06-22 00:00:00-04:00,218.24822043810232,220.63419935199596,218.24822043810232,220.39756774902344,196800,0.0,0.0
2023-06-23 00:00:00-04:00,221.0482452324702,223.37506949993977,220.2003343118427,221.5017852783203,447600,0.0,0.0
2023-06-26 00:00:00-04:00,221.79760066427602,222.7539509159197,219.02708998624203,219.92430114746094,431000,0.0,0.0
2023-06-27 00:00:00-04:00,220.00316910031532,225.23852042235964,219.0862499622334,224.5286407470703,262900,0.0,0.0
2023-06-28 00:00:00-04:00,225.3765533127422,234.7923055609283,224.75541987575963,232.13026428222656,677400,0.0,0.0
2023-06-29 00:00:00-04:00,232.11055047290614,237.3163249724853,231.5880022214008,236.14305114746094,520400,0.0,0.0
2023-06-30 00:00:00-04:00,236.8824930023687,242.26574461213153,236.8824930023687,240.4516143798828,427300,0.0,0.0
2023-07-03 00:00:00-04:00,240.2643158992673,242.58127160947754,239.15019612655706,239.81077575683594,182000,0.0,0.0
2023-07-05 00:00:00-04:00,239.85021679361918,243.33059233366026,239.85021679361918,242.019287109375,362800,0.0,0.0
2023-07-06 00:00:00-04:00,241.6545088212176,243.1136994849865,239.44599224134132,240.4910888671875,275700,0.0,0.0
2023-07-07 00:00:00-04:00,240.2938779624357,242.34463991734185,239.1008810636197,239.20933532714844,310300,0.0,0.0
2023-07-10 00:00:00-04:00,239.35721235894118,241.55585943857403,237.97688413557813,238.95297241210938,307800,0.0,0.0
2023-07-11 00:00:00-04:00,238.420568609453,242.03897496018328,238.420568609453,241.1713409423828,192200,0.0,0.0
2023-07-12 00:00:00-04:00,241.81219784750346,242.50236947799166,238.70648568744764,239.96849060058594,204900,0.0,0.0
2023-07-13 00:00:00-04:00,240.26430885896926,240.9938966157228,239.13046605825897,239.60372924804688,188600,0.0,0.0
2023-07-14 00:00:00-04:00,240.2741535975999,240.2741535975999,238.18396057834659,239.76145935058594,236500,0.0,0.0
2023-07-17 00:00:00-04:00,240.1459885415215,245.7954340682727,239.84033377183619,245.31231689453125,261800,0.0,0.0
2023-07-18 00:00:00-04:00,250.32088612807587,252.88432704241453,248.45745581126283,252.1547393798828,236900,0.0,0.0
2023-07-19 00:00:00-04:00,252.63786604792548,253.12099827478596,249.68990795744278,250.93218994140625,234400,0.0,0.0
2023-07-20 00:00:00-04:00,251.5138961570525,254.23507654662566,248.7631086123434,252.51954650878906,206800,0.0,0.0
2023-07-21 00:00:00-04:00,253.4266258873805,253.71252750039093,252.00686651972006,252.4702606201172,234700,0.0,0.0
2023-07-24 00:00:00-04:00,252.31252017928443,253.40690178769003,251.24770059469546,253.02239990234375,207900,0.0,0.0
2023-07-25 00:00:00-04:00,252.69700584713368,253.34773139222386,250.75471330774158,250.98147583007812,180800,0.0,0.0
2023-07-26 00:00:00-04:00,251.0800843572974,254.146350646433,250.64626731293626,251.2378387451172,153700,0.0,0.0
2023-07-27 00:00:00-04:00,251.21812244004025,251.52376217197974,245.2728910683476,245.88417053222656,236800,0.0,0.0
2023-07-28 00:00:00-04:00,247.30391560693295,249.03916868595013,246.98840684113748,247.92506408691406,169900,0.0,0.0
2023-07-31 00:00:00-04:00,248.37937018165744,250.83856216807357,248.06332097132358,249.53489685058594,331000,0.43,0.0
2023-08-01 00:00:00-04:00,249.98919984563767,252.78419789776513,244.95228986188468,245.07080078125,172300,0.0,0.0
2023-08-02 00:00:00-04:00,244.65600226220107,245.92016899359174,242.8585062431591,243.60911560058594,179900,0.0,0.0
2023-08-03 00:00:00-04:00,242.7498761656234,243.38195955724615,239.73761293573705,241.9005126953125,285500,0.0,0.0
2023-08-04 00:00:00-04:00,242.56223606206166,244.43872937062156,240.07340114339948,240.76473999023438,272900,0.0,0.0
2023-08-07 00:00:00-04:00,240.74494798467347,245.4164538696909,240.7350770990377,243.9942626953125,137700,0.0,0.0
2023-08-08 00:00:00-04:00,243.9053875866371,244.15229536619228,240.98199284587932,243.39181518554688,159500,0.0,0.0
2023-08-09 00:00:00-04:00,244.24118192422972,245.5646040241156,242.55232605791628,243.59921264648438,163500,0.0,0.0
2023-08-10 00:00:00-04:00,245.08068058623442,246.89793347961526,244.26095993738707,245.87078857421875,148800,0.0,0.0
2023-08-11 00:00:00-04:00,245.92015470899813,247.93491561072943,244.19180020803125,244.54734802246094,198300,0.0,0.0
2023-08-14 00:00:00-04:00,244.79427719525054,246.2855949268711,244.53749850074996,245.70289611816406,210400,0.0,0.0
2023-08-15 00:00:00-04:00,245.8214091005104,247.51026514824895,244.33996224356866,245.4362335205078,123700,0.0,0.0
2023-08-16 00:00:00-04:00,246.53248405500145,248.9423064840811,244.9917818646208,245.4954833984375,151200,0.0,0.0
2023-08-17 00:00:00-04:00,245.712774993522,246.651036748282,241.91040367760885,241.93016052246094,130900,0.0,0.0
2023-08-18 00:00:00-04:00,241.6141029311318,244.8930458405792,241.6141029311318,243.83627319335938,158900,0.0,0.0
2023-08-21 00:00:00-04:00,243.96466349645476,245.169574767308,242.19679520739115,245.10043334960938,213300,0.0,0.0
2023-08-22 00:00:00-04:00,245.10042547080303,245.29794869064708,240.6363283660602,241.14002990722656,198000,0.0,0.0
2023-08-23 00:00:00-04:00,240.80425288218805,243.2733309484722,240.08327123639236,242.80914306640625,191800,0.0,0.0
2023-08-24 00:00:00-04:00,241.83137165247211,241.90049799873307,237.959859230238,238.8289794921875,239000,0.0,0.0
2023-08-25 00:00:00-04:00,240.29067465547612,242.7795095061502,240.12277915940672,241.37705993652344,231300,0.0,0.0
2023-08-28 00:00:00-04:00,241.73257685371263,243.50044491983994,240.13261933223447,241.00173950195312,164000,0.0,0.0
2023-08-29 00:00:00-04:00,240.58697033523987,243.61899033305994,239.74747777330458,243.53997802734375,158100,0.0,0.0
2023-08-30 00:00:00-04:00,244.33993840198792,244.9325231149656,241.9301310753484,242.21653747558594,224200,0.0,0.0
2023-08-31 00:00:00-04:00,242.0190310033785,242.19679738753595,240.06352542736502,241.38694763183594,231400,0.0,0.0
2023-09-01 00:00:00-04:00,241.8708711083037,242.05852344460823,238.92773439747327,240.23141479492188,171400,0.0,0.0
2023-09-05 00:00:00-04:00,239.83635143025933,241.11040408795014,235.95496813788134,238.078369140625,315800,0.0,0.0
2023-09-06 00:00:00-04:00,237.92034260164655,240.73509746152666,235.60928928282925,235.73768615722656,246300,0.0,0.0
2023-09-07 00:00:00-04:00,236.0932368600468,240.5573340183116,236.0932368600468,236.8734588623047,430200,0.0,0.0
2023-09-08 00:00:00-04:00,237.12037457808816,240.9425176243198,237.12037457808816,238.87835693359375,205000,0.0,0.0
2023-09-11 00:00:00-04:00,238.87833866772002,239.33265562229454,235.4907710959917,236.4388885498047,388200,0.0,0.0
2023-09-12 00:00:00-04:00,252.75456483326064,264.6357815607129,251.10522260332883,262.8283996582031,936700,0.0,0.0
2023-09-13 00:00:00-04:00,264.84319775970573,272.4281984728916,262.8185356273346,272.2800598144531,624200,0.0,0.0
2023-09-14 00:00:00-04:00,272.13193990134556,276.5367671096454,269.1887877438084,276.49725341796875,428100,0.0,0.0
2023-09-15 00:00:00-04:00,276.5367385831872,278.5120010016385,274.6404733998243,275.3910827636719,742300,0.0,0.0
2023-09-18 00:00:00-04:00,276.5367591567911,280.66505068486134,275.4207309849185,278.1268310546875,318100,0.0,0.0
2023-09-19 00:00:00-04:00,279.8354255851519,279.8354255851519,275.89478667166287,276.15155029296875,298900,0.0,0.0
2023-09-20 00:00:00-04:00,276.3787246843151,278.8478028030716,275.84539537143183,277.8799133300781,180400,0.0,0.0
2023-09-21 00:00:00-04:00,277.8799233605317,277.8799233605317,274.6306381398427,275.1441955566406,192600,0.0,0.0
2023-09-22 00:00:00-04:00,275.7860924477052,277.790982329509,274.0478822465069,274.42315673828125,227000,0.0,0.0
2023-09-25 00:00:00-04:00,274.5614901562592,276.47749721100485,272.73436629805985,275.10467529296875,273100,0.0,0.0
2023-09-26 00:00:00-04:00,273.67263704892173,276.08245981267874,271.0060205044007,271.2430725097656,238000,0.0,0.0
2023-09-27 00:00:00-04:00,271.2332195385078,272.0924540446508,268.7345132713976,270.69989013671875,166200,0.0,0.0
2023-09-28 00:00:00-04:00,270.77892236063803,272.51713318174535,270.11719604104223,270.7295227050781,149100,0.0,0.0
2023-09-29 00:00:00-04:00,271.5097054353812,271.5097054353812,267.7369468978839,268.16162109375,218600,0.0,0.0
2023-10-02 00:00:00-04:00,267.9048417363947,269.109752973525,267.42088196616174,268.4381408691406,158700,0.0,0.0
2023-10-03 00:00:00-04:00,268.0727398707238,273.277575788035,263.93456256960854,265.37652587890625,172400,0.0,0.0
2023-10-04 00:00:00-04:00,266.49250444012335,269.8504745188804,264.1913370834381,269.3566589355469,284500,0.0,0.0
2023-10-05 00:00:00-04:00,267.7171841878046,271.59856738996916,267.7171841878046,270.64056396484375,254200,0.0,0.0
2023-10-06 00:00:00-04:00,269.32699660386703,269.44550750622335,264.2110449113285,266.3542175292969,261800,0.0,0.0
2023-10-09 00:00:00-04:00,264.8432193852715,270.0776533449352,264.8432193852715,269.0603942871094,189400,0.0,0.0
2023-10-10 00:00:00-04:00,269.7319216938979,275.3811729263844,269.7319216938979,273.0108642578125,202700,0.0,0.0
2023-10-11 00:00:00-04:00,273.79103692875697,274.7687818664431,267.9146210686874,268.5269775390625,221800,0.0,0.0
2023-10-12 00:00:00-04:00,270.08750491647424,270.08750491647424,262.551874053489,263.0753173828125,252100,0.0,0.0
2023-10-13 00:00:00-04:00,263.5394621492295,265.62337930899264,259.3025165636334,263.1839294433594,231200,0.0,0.0
2023-10-16 00:00:00-04:00,265.35676340059314,267.815985767537,264.3098766616152,265.2481384277344,189100,0.0,0.0
2023-10-17 00:00:00-04:00,265.2381669840053,271.5985127483012,264.8924901215774,270.6800231933594,382400,0.0,0.0
2023-10-18 00:00:00-04:00,271.0455395278252,271.38133055690713,265.3074040194617,265.6827087402344,219700,0.0,0.0
2023-10-19 00:00:00-04:00,265.94928906827266,265.94928906827266,259.8654781576128,260.7938537597656,258400,0.0,0.0
2023-10-20 00:00:00-04:00,260.7840283916834,264.03334375412345,258.4729748047567,258.7396545410156,212400,0.0,0.0
2023-10-23 00:00:00-04:00,257.8013545005232,263.47034758239806,256.9124925051935,261.4852294921875,240900,0.0,0.0
2023-10-24 00:00:00-04:00,262.43333214792165,264.68512980784675,261.1296518868838,262.6999816894531,231200,0.0,0.0
2023-10-25 00:00:00-04:00,262.36419745020584,267.5097470765561,262.36419745020584,265.53448486328125,257400,0.0,0.0
2023-10-26 00:00:00-04:00,265.74192999955557,270.19612614557855,265.69253035627224,268.0826110839844,252000,0.0,0.0
2023-10-27 00:00:00-04:00,268.9418581756286,270.492446442348,264.81356686255174,265.1789855957031,205700,0.0,0.0
2023-10-30 00:00:00-04:00,265.82092006608434,269.4455396764806,263.2530730280503,267.2925109863281,197000,0.0,0.0
2023-10-31 00:00:00-04:00,267.7178748546532,270.4876307701866,267.2430466171009,268.9741516113281,420400,0.43,0.0
2023-11-01 00:00:00-04:00,269.2807877594137,270.8733897791249,266.6000566207305,267.29248046875,248700,0.0,0.0
2023-11-02 00:00:00-04:00,267.5002365124963,271.189943664457,266.45165376341794,267.82666015625,177700,0.0,0.0
2023-11-03 00:00:00-04:00,269.24123494977124,271.96154289317633,268.92468278030935,270.6162414550781,154000,0.0,0.0
2023-11-06 00:00:00-05:00,271.30867345504856,271.8230782927835,268.44989271979824,269.9040222167969,187500,0.0,0.0
2023-11-07 00:00:00-05:00,269.2610230084342,271.9813307970687,269.15219499909,271.3976745605469,129700,0.0,0.0
2023-11-08 00:00:00-05:00,272.03073625200574,273.870638741473,269.21150258414366,271.68450927734375,211000,0.0,0.0
2023-11-09 00:00:00-05:00,271.87255342419735,273.52453574445855,268.1828153050533,272.2187805175781,229400,0.0,0.0
2023-11-10 00:00:00-05:00,273.0793153020052,274.74116871674113,272.2483885946373,272.9507141113281,149400,0.0,0.0
2023-11-13 00:00:00-05:00,272.65395432651644,276.68988819735995,272.65395432651644,276.10626220703125,213700,0.0,0.0
2023-11-14 00:00:00-05:00,276.9768070753503,280.4192439738514,276.52178220210214,278.4111633300781,179300,0.0,0.0
2023-11-15 00:00:00-05:00,278.9947874481921,280.7357639811149,276.72950441072095,279.6971130371094,301000,0.0,0.0
2023-11-16 00:00:00-05:00,278.7375400092705,280.93357124554376,276.2744349074765,278.2726135253906,266400,0.0,0.0
2023-11-17 00:00:00-05:00,279.30148091286515,279.3707323699445,269.7853526163425,274.7214660644531,427500,0.0,0.0
2023-11-20 00:00:00-05:00,275.1566514699536,279.9443893471739,274.3751728138151,278.57928466796875,242900,0.0,0.0
2023-11-21 00:00:00-05:00,278.45072406697466,280.76545530859784,276.4327718182228,279.83563232421875,183700,0.0,0.0
2023-11-22 00:00:00-05:00,281.6755350467999,283.5253397005969,279.28165066724756,281.52716064453125,211500,0.0,0.0
2023-11-24 00:00:00-05:00,281.8832320158557,282.0909863470669,278.4012488968657,279.08380126953125,103200,0.0,0.0
2023-11-27 00:00:00-05:00,279.2025142557162,280.132367382544,276.48220632231244,279.58831787109375,212000,0.0,0.0
2023-11-28 00:00:00-05:00,279.05413258911915,279.58831058569314,273.90039414588045,276.403076171875,246800,0.0,0.0
2023-11-29 00:00:00-05:00,276.7987183743824,277.5702953052371,270.3194223046507,270.79425048828125,279600,0.0,0.0
2023-11-30 00:00:00-05:00,271.7438698296281,273.05952634805067,270.03256845024356,272.4264221191406,336500,0.0,0.0
2023-12-01 00:00:00-05:00,273.1486413710468,274.8995198912255,271.96158564300896,273.3266906738281,177600,0.0,0.0
2023-12-04 00:00:00-05:00,272.54515253486744,277.283442537682,272.54515253486744,273.9894104003906,212900,0.0,0.0
2023-12-05 00:00:00-05:00,273.66293016152366,274.958783327251,272.52535305571126,272.5946044921875,173800,0.0,0.0
2023-12-06 00:00:00-05:00,272.594638431064,273.6332893552359,270.39860688194807,271.7142333984375,288400,0.0,0.0
2023-12-07 00:00:00-05:00,274.01904329352095,277.9560506287307,270.91293239658813,271.68450927734375,195300,0.0,0.0
2023-12-08 00:00:00-05:00,268.0838805952353,269.46875858149036,264.97776907999275,265.11627197265625,343500,0.0,0.0
2023-12-11 00:00:00-05:00,269.0335080217892,271.0316869682702,264.3051194709853,270.8536376953125,593400,0.0,0.0
2023-12-12 00:00:00-05:00,267.71781100640936,281.4182431142629,263.68184741994344,269.72589111328125,602300,0.0,0.0
2023-12-13 00:00:00-05:00,273.12877463680735,278.93542051623393,269.73581622801777,275.1269836425781,527400,0.0,0.0
2023-12-14 00:00:00-05:00,275.2456874924713,275.2456874924713,263.7016771817323,268.400390625,457500,0.0,0.0
2023-12-15 00:00:00-05:00,269.0631607819157,270.22054133714914,264.6513247599905,264.8096008300781,497600,0.0,0.0
2023-12-18 00:00:00-05:00,267.252998155181,269.97330651065784,266.83751959631616,268.489501953125,310700,0.0,0.0
2023-12-19 00:00:00-05:00,269.8347668423873,271.9220006668289,268.9642634571079,270.9129943847656,193100,0.0,0.0
2023-12-20 00:00:00-05:00,270.6953725817526,270.6953725817526,266.4714869879048,266.52093505859375,180100,0.0,0.0
2023-12-21 00:00:00-05:00,268.11350294256613,271.24925853404807,267.11439857520094,271.0415344238281,155100,0.0,0.0
2023-12-22 00:00:00-05:00,271.3976872031531,272.8221417629672,270.0523857789266,270.8536376953125,108300,0.0,0.0
2023-12-26 00:00:00-05:00,270.07216774035504,270.8338733017624,268.6675165128548,269.7556457519531,139600,0.0,0.0
2023-12-27 00:00:00-05:00,271.2195689414814,272.3373727397351,270.06221877356916,271.5657958984375,148100,0.0,0.0
2023-12-28 00:00:00-05:00,271.37790075280446,272.51547796966094,271.2097531770305,272.0406799316406,156000,0.0,0.0
2023-12-29 00:00:00-05:00,271.53622154736144,272.54519773239707,270.2997178062532,271.77362060546875,226100,0.0,0.0
2024-01-02 00:00:00-05:00,270.4381840544712,274.60271963730975,270.4381840544712,274.5829162597656,227000,0.0,0.0
2024-01-03 00:00:00-05:00,274.0091799163485,275.4633092627777,271.5460745657319,273.1782531738281,224600,0.0,0.0
2024-01-04 00:00:00-05:00,274.44441379288327,276.9273223593466,274.15753654228627,275.8886413574219,267000,0.0,0.0
2024-01-05 00:00:00-05:00,276.5217964904021,282.2492597400992,274.909390878663,281.26995849609375,428500,0.0,0.0
2024-01-08 00:00:00-05:00,282.1898870508378,284.8013970734341,280.7654325272535,282.5064392089844,235600,0.0,0.0
2024-01-09 00:00:00-05:00,282.5163325543635,283.57478682111525,279.9443991745093,279.96417236328125,151100,0.0,0.0
2024-01-10 00:00:00-05:00,279.24209967237147,280.99297796637285,276.88779190167577,279.9246520996094,222000,0.0,0.0
2024-01-11 00:00:00-05:00,280.4785949271413,284.09908111476864,278.2232135531527,284.0199279785156,233200,0.0,0.0
2024-01-12 00:00:00-05:00,284.63321421022675,286.5522701260324,284.16828767004546,284.41558837890625,129700,0.0,0.0
2024-01-16 00:00:00-05:00,285.6422518361821,286.8391789460391,283.88147180297494,285.46417236328125,238000,0.0,0.0
2024-01-17 00:00:00-05:00,285.2959683162069,288.36250287415794,283.69346469373545,283.9407653808594,275200,0.0,0.0
2024-01-18 00:00:00-05:00,283.44618031817276,284.0693829156802,279.19259014201543,282.1305236816406,241300,0.0,0.0
2024-01-19 00:00:00-05:00,281.53702349106186,284.4156075588919,279.53884449642345,282.4965515136719,195200,0.0,0.0
2024-01-22 00:00:00-05:00,283.84183544317483,284.51448605842353,281.57655272539165,283.0010070800781,176200,0.0,0.0
2024-01-23 00:00:00-05:00,283.4856956028698,285.4146529371076,281.92276862447466,282.6448974609375,220600,0.0,0.0
2024-01-24 00:00:00-05:00,283.2680837824438,283.980310966906,278.7078736148149,279.12335205078125,180600,0.0,0.0
2024-01-25 00:00:00-05:00,279.4597170277451,281.7942213487935,278.1935385409901,280.76544189453125,216700,0.0,0.0
2024-01-26 00:00:00-05:00,280.3993840763894,281.57653768422966,271.11078658062144,272.47589111328125,261900,0.0,0.0
2024-01-29 00:00:00-05:00,271.8527383589734,272.0604625077746,265.1756190262524,270.2996826171875,406200,0.0,0.0
2024-01-30 00:00:00-05:00,270.15138141939235,271.64505762099543,266.05606596213823,271.4472351074219,365500,0.0,0.0
2024-01-31 00:00:00-05:00,270.45642859143834,271.4769054765247,267.10767039509966,268.85137939453125,341400,0.43,0.0
2024-02-01 00:00:00-05:00,268.65327329906427,273.73585400858923,266.86000820755964,272.2001647949219,255600,0.0,0.0
2024-02-02 00:00:00-05:00,272.1902149329297,274.2608898853207,270.0402626245459,272.51715087890625,255400,0.0,0.0
2024-02-05 00:00:00-05:00,273.09182079511834,273.09182079511834,267.00856839727925,270.99139404296875,262800,0.0,0.0
2024-02-06 00:00:00-05:00,271.3777905416936,274.05281173694243,269.9411832482702,273.55743408203125,187600,0.0,0.0
2024-02-07 00:00:00-05:00,275.20210205377987,277.7582677827735,272.2694746904306,272.6558837890625,233700,0.0,0.0
2024-02-08 00:00:00-05:00,272.7252653650693,282.7913452337368,272.7252653650693,282.3851318359375,310600,0.0,0.0
2024-02-09 00:00:00-05:00,281.9491713366946,283.9604036813553,278.986822230417,283.7919921875,213600,0.0,0.0
2024-02-12 00:00:00-05:00,282.3653017275987,285.31776383744466,279.07598639482376,282.4346618652344,216300,0.0,0.0
2024-02-13 00:00:00-05:00,282.5237982290593,284.4557530134133,277.40157978418404,278.0653991699219,215300,0.0,0.0
2024-02-14 00:00:00-05:00,279.81902673388896,281.65193018168867,277.461024159088,281.1268310546875,219100,0.0,0.0
2024-02-15 00:00:00-05:00,281.9392871897172,286.64537560270077,281.9392871897172,283.48486328125,211100,0.0,0.0
2024-02-16 00:00:00-05:00,283.99017269074113,287.44789973057806,282.94986126839353,285.000732421875,174600,0.0,0.0
2024-02-20 00:00:00-05:00,287.06144151541486,288.4683273968113,283.8117652211894,285.8131103515625,234100,0.0,0.0
2024-02-21 00:00:00-05:00,286.4075429073916,287.64598709330465,285.10965581939104,285.515869140625,145800,0.0,0.0
2024-02-22 00:00:00-05:00,286.1796791548836,292.19357118121854,285.45641688923547,291.8368835449219,201100,0.0,0.0
2024-02-23 00:00:00-05:00,293.6004631954981,297.89045117866925,292.8772008401886,296.97894287109375,223000,0.0,0.0
2024-02-26 00:00:00-05:00,296.5132537814518,298.43532153937616,295.32433529195833,296.2754821777344,210700,0.0,0.0
2024-02-27 00:00:00-05:00,297.484189928225,299.3864231332053,296.25563282141314,298.1380920410156,203300,0.0,0.0
2024-02-28 00:00:00-05:00,298.4254308218323,301.30853271484375,298.08857760815664,301.30853271484375,179500,0.0,0.0
2024-02-29 00:00:00-05:00,302.62625684137834,302.62625684137834,299.45582738530027,301.67510986328125,229500,0.0,0.0
2024-03-01 00:00:00-05:00,300.82304181550836,304.7959803130418,300.77348590837397,304.0132751464844,193300,0.0,0.0
2024-03-04 00:00:00-05:00,305.37060721436666,312.0482884236929,305.2418041845566,310.7999572753906,269500,0.0,0.0
2024-03-05 00:00:00-05:00,311.36467522515994,312.07802029176827,288.10175878859434,288.58721923828125,635500,0.0,0.0
2024-03-06 00:00:00-05:00,292.20350621311997,301.62560049530936,292.20350621311997,298.12823486328125,374700,0.0,0.0
2024-03-07 00:00:00-05:00,300.7240167897433,305.01397481660763,300.19891758226856,304.310546875,321100,0.0,0.0
2024-03-08 00:00:00-05:00,304.6770740269813,305.15264747924476,298.3956887428383,299.3864440917969,214400,0.0,0.0
2024-03-11 00:00:00-04:00,298.6532944682495,300.84285532102336,294.43266701115505,295.9980773925781,437400,0.0,0.0
2024-03-12 00:00:00-04:00,293.2635566476643,299.24772687761725,288.61691206437706,291.311767578125,604900,0.0,0.0
2024-03-13 00:00:00-04:00,290.8857353280926,293.45178769043065,287.3190105296008,293.17437744140625,307700,0.0,0.0
2024-03-14 00:00:00-04:00,293.78869309423027,297.14736836227974,291.09383723770753,294.76953125,292400,0.0,0.0
2024-03-15 00:00:00-04:00,294.50204287328654,304.3699581988408,294.34351838091175,302.6064147949219,685300,0.0,0.0
2024-03-18 00:00:00-04:00,303.41884899124597,305.79665596482084,301.14012360729004,302.3488464355469,337700,0.0,0.0
2024-03-19 00:00:00-04:00,303.6367853115902,307.134150395384,303.5872596395786,306.06414794921875,188500,0.0,0.0
2024-03-20 00:00:00-04:00,306.8369732347451,312.4743741323992,305.11303820132304,312.236572265625,262400,0.0,0.0
2024-03-21 00:00:00-04:00,313.27687322427767,315.32771394722664,311.00803486591514,315.169189453125,296800,0.0,0.0
2024-03-22 00:00:00-04:00,315.50608993034695,317.02194458241183,313.49485754577114,313.66326904296875,303200,0.0,0.0
2024-03-25 00:00:00-04:00,315.59525925891893,317.0417537946789,313.11837055739795,316.427490234375,456000,0.0,0.0
2024-03-26 00:00:00-04:00,317.42814615751877,321.4010548645344,312.5734203709203,313.5344543457031,429800,0.0,0.0
2024-03-27 00:00:00-04:00,316.28873881572497,317.73526344453376,313.19758685822126,315.74383544921875,267900,0.0,0.0
2024-03-28 00:00:00-04:00,316.2491089674831,317.50735733406435,313.8514677991176,315.50604248046875,245600,0.0,0.0
2024-04-01 00:00:00-04:00,315.0007467024874,317.22994615722166,311.32505295638566,312.4544982910156,287500,0.0,0.0
2024-04-02 00:00:00-04:00,311.0476301898837,312.11763258159755,306.00465924088957,309.61102294921875,315700,0.0,0.0
2024-04-03 00:00:00-04:00,309.61104791233504,313.7523980327015,306.8468320106466,312.5932312011719,282000,0.0,0.0
2024-04-04 00:00:00-04:00,313.50471894045603,314.9908520166354,306.16321791587524,308.3032531738281,198400,0.0,0.0
2024-04-05 00:00:00-04:00,307.4710246320411,314.1586235260187,307.4710246320411,313.7425231933594,192100,0.0,0.0
2024-04-08 00:00:00-04:00,311.7907623542446,315.5358168676831,309.3633993285802,310.3343505859375,278700,0.0,0.0
2024-04-09 00:00:00-04:00,309.0364314926591,309.74977657581456,303.8547699694985,309.3039245605469,389200,0.0,0.0
2024-04-10 00:00:00-04:00,307.8078258448795,309.71997617136907,303.6169505965625,309.44256591796875,306500,0.0,0.0
2024-04-11 00:00:00-04:00,309.7993014917833,309.7993014917833,303.9637378037366,306.9261169433594,358300,0.0,0.0
2024-04-12 00:00:00-04:00,304.91490858033154,308.15466803420526,303.7656286239971,307.1936340332031,236400,0.0,0.0
2024-04-15 00:00:00-04:00,310.0569304998105,312.6031490300579,308.2834697765058,309.88848876953125,511500,0.0,0.0
2024-04-16 00:00:00-04:00,310.0866312906012,313.068784439424,308.5905809838644,309.66058349609375,262400,0.0,0.0
2024-04-17 00:00:00-04:00,313.09847821238696,314.51528126667057,303.854744590866,306.31182861328125,358800,0.0,0.0
2024-04-18 00:00:00-04:00,308.17444367155457,309.4128878757249,305.84619275607776,306.5397033691406,328300,0.0,0.0
2024-04-19 00:00:00-04:00,307.22332578432565,309.32372230869197,304.1718125808122,307.5403747558594,307300,0.0,0.0
2024-04-22 00:00:00-04:00,307.9564748434835,313.59387525336604,306.6487007489345,310.5820007324219,291900,0.0,0.0
2024-04-23 00:00:00-04:00,310.27491567014584,311.9790163529188,308.94727668253813,310.42352294921875,255700,0.0,0.0
2024-04-24 00:00:00-04:00,309.62106733407677,314.2875181224831,309.62106733407677,312.7221374511719,238000,0.0,0.0
2024-04-25 00:00:00-04:00,311.0476747019861,318.83499775258366,311.0476747019861,314.8422546386719,251600,0.0,0.0
2024-04-26 00:00:00-04:00,314.8025730750862,319.6374636804367,314.8025730750862,317.0714111328125,229700,0.0,0.0
2024-04-29 00:00:00-04:00,318.01268599550565,321.39116561020074,316.6355214469583,320.281494140625,308700,0.0,0.0
2024-04-30 00:00:00-04:00,318.9024771558766,320.56915566129015,315.4996373626713,317.0472717285156,386200,0.43,0.0
2024-05-01 00:00:00-04:00,316.0254690472173,318.92234127602325,315.68816719107645,316.1346130371094,277100,0.0,0.0
2024-05-02 00:00:00-04:00,317.1564134706593,317.46395425428534,311.8091154588421,314.071044921875,408000,0.0,0.0
2024-05-03 00:00:00-04:00,314.36869258928454,315.18220125646474,311.184140704009,311.4321594238281,244100,0.0,0.0
2024-05-06 00:00:00-04:00,313.1286265931018,320.876729661205,312.4242618439266,320.6386413574219,234400,0.0,0.0
2024-05-07 00:00:00-04:00,320.6386267568774,328.1783719401165,320.6386267568774,327.2458190917969,346000,0.0,0.0
2024-05-08 00:00:00-04:00,327.325233110848,330.3113885964172,321.2735694597712,325.3013916015625,253200,0.0,0.0
2024-05-09 00:00:00-04:00,326.4521729575326,330.59903888496086,325.6783557257363,330.27166748046875,258100,0.0,0.0
2024-05-10 00:00:00-04:00,330.49987165175486,335.103083791652,328.4958608261064,334.9344177246094,231400,0.0,0.0
2024-05-13 00:00:00-04:00,336.1348860245922,337.89084801772816,334.94438381775944,337.5634765625,259800,0.0,0.0
2024-05-14 00:00:00-04:00,339.0217907997285,341.283720522984,333.9423415156906,335.083251953125,401900,0.0,0.0
2024-05-15 00:00:00-04:00,333.23798345927213,337.18645282315805,333.05941722704625,335.0038757324219,319100,0.0,0.0
2024-05-16 00:00:00-04:00,335.32135239857223,336.4027105232201,330.05343653294864,331.2835998535156,317900,0.0,0.0
2024-05-17 00:00:00-04:00,331.35303773516426,333.0990993587672,329.4879319600838,332.8213195800781,209700,0.0,0.0
2024-05-20 00:00:00-04:00,332.80144991941035,336.7300884688131,330.6288033851227,331.8193054199219,205300,0.0,0.0
2024-05-21 00:00:00-04:00,331.9780554284727,334.210224133654,330.2220633372657,333.505859375,182700,0.0,0.0
2024-05-22 00:00:00-04:00,333.23792830634824,338.16854140715566,331.50179735924314,334.4085693359375,213800,0.0,0.0
2024-05-23 00:00:00-04:00,334.46816008257827,338.3570768962122,331.82923710689295,335.50982666015625,199700,0.0,0.0
2024-05-24 00:00:00-04:00,337.04751440548176,341.8789142895005,334.7657542622373,340.42059326171875,185600,0.0,0.0
2024-05-28 00:00:00-04:00,339.2896320031788,339.5475811777289,332.3847988466328,334.646728515625,243200,0.0,0.0
2024-05-29 00:00:00-04:00,332.34509927968685,334.52767622106694,322.5235635949245,322.7418212890625,273500,0.0,0.0
2024-05-30 00:00:00-04:00,323.32714403676835,326.462104448339,320.64852961574894,325.0533447265625,178700,0.0,0.0
2024-05-31 00:00:00-04:00,326.26369294852424,329.7260249311538,324.2398515175795,329.150634765625,237300,0.0,0.0
2024-06-03 00:00:00-04:00,327.9899136590899,331.3530625690108,325.07324090212177,328.3470764160156,215100,0.0,0.0
2024-06-04 00:00:00-04:00,326.1347197323575,328.1486307337875,311.40243047756013,320.1426086425781,396300,0.0,0.0
2024-06-05 00:00:00-04:00,323.97200736243235,325.92639631009615,318.5354255003494,323.5354919433594,345100,0.0,0.0
2024-06-06 00:00:00-04:00,323.29744514307856,324.39863399458676,320.4204333485038,324.2895202636719,247200,0.0,0.0
2024-06-07 00:00:00-04:00,324.1009763723065,331.2637589109574,324.1009763723065,326.0256042480469,235100,0.0,0.0
2024-06-10 00:00:00-04:00,323.7735470438149,326.0255764238868,321.51161750232006,325.7279357910156,346400,0.0,0.0
2024-06-11 00:00:00-04:00,325.4005509482244,326.3727952009271,320.2219190178366,323.94219970703125,526300,0.0,0.0
2024-06-12 00:00:00-04:00,360.1232040405904,386.3536679360181,347.22622979120285,378.1095275878906,1643600,0.0,0.0
2024-06-13 00:00:00-04:00,380.36153965562283,380.36153965562283,370.043965962745,373.5955810546875,492600,0.0,0.0
2024-06-14 00:00:00-04:00,372.30589037158416,372.30589037158416,363.65499549555733,369.07171630859375,280700,0.0,0.0
2024-06-17 00:00:00-04:00,368.6054143366832,376.2146420863375,367.08754096161647,374.3098449707031,283100,0.0,0.0
2024-06-18 00:00:00-04:00,374.1114464908763,377.6035391989716,372.9507055500679,373.84356689453125,383000,0.0,0.0
2024-06-20 00:00:00-04:00,374.6769806853791,375.3515844230111,362.9704774538911,365.4903564453125,488100,0.0,0.0
2024-06-21 00:00:00-04:00,366.8495108073249,369.6074782355165,364.11137398087294,368.82373046875,438100,0.0,0.0
2024-06-24 00:00:00-04:00,368.55585585369,378.2682784057455,368.01022672382004,377.802001953125,366900,0.0,0.0
2024-06-25 00:00:00-04:00,376.8991781765387,381.54208143355055,374.9447894162202,377.9507751464844,369700,0.0,0.0
2024-06-26 00:00:00-04:00,377.9706050423985,379.31984264470435,373.5161984463691,378.6650695800781,311000,0.0,0.0
2024-06-27 00:00:00-04:00,376.90915127923483,379.97465942833855,374.84561830315903,379.83575439453125,352200,0.0,0.0
2024-06-28 00:00:00-04:00,380.1333586520794,382.7623511227235,374.44875848762257,378.5361022949219,643900,0.0,0.0
2024-07-01 00:00:00-04:00,378.79411817543036,378.79411817543036,372.36546069219645,374.2008056640625,212200,0.0,0.0
2024-07-02 00:00:00-04:00,373.09957549695395,373.47656886412653,369.3197719378443,370.9368591308594,229900,0.0,0.0
2024-07-03 00:00:00-04:00,370.9368206970648,371.84954297963554,367.0677344164686,367.32568359375,111300,0.0,0.0
2024-07-05 00:00:00-04:00,366.95865965874106,368.23841469174243,363.4268445800854,366.4328308105469,261200,0.0,0.0
2024-07-08 00:00:00-04:00,367.58358524484936,368.35740246465383,363.62521603689447,364.656982421875,212800,0.0,0.0
2024-07-09 00:00:00-04:00,363.69470441500533,366.18479210051515,357.4545441301545,357.7620849609375,213900,0.0,0.0
2024-07-10 00:00:00-04:00,358.31765902885735,361.4228587771862,357.1470177368944,360.6788024902344,190000,0.0,0.0
2024-07-11 00:00:00-04:00,367.7919598861162,373.31779438973325,366.0657288726066,373.05987548828125,272500,0.0,0.0
2024-07-12 00:00:00-04:00,373.8039583892682,376.0063661631168,372.22656272736305,373.45672607421875,200900,0.0,0.0
2024-07-15 00:00:00-04:00,374.26027253283837,378.68491830479775,374.26027253283837,376.7801513671875,215300,0.0,0.0
2024-07-16 00:00:00-04:00,379.2702541179678,382.94094366755854,377.5738143732241,380.2623291015625,231400,0.0,0.0
2024-07-17 00:00:00-04:00,377.5043591350213,378.75438329356564,374.25035442333285,376.10552978515625,146400,0.0,0.0
2024-07-18 00:00:00-04:00,378.0499706137865,379.9646678094206,368.08953063578394,373.43682861328125,220500,0.0,0.0
2024-07-19 00:00:00-04:00,373.43688119118275,376.9686657347925,372.2066876156474,373.6650390625,179800,0.0,0.0
2024-07-22 00:00:00-04:00,374.23052529665125,377.76230980462026,372.9209790564221,375.95672607421875,164100,0.0,0.0
2024-07-23 00:00:00-04:00,375.6987922335267,378.020243962173,373.0400083823329,373.7047119140625,163300,0.0,0.0
2024-07-24 00:00:00-04:00,372.5142159542334,377.61349576608893,370.460643802582,371.1650085449219,220900,0.0,0.0
2024-07-25 00:00:00-04:00,371.1650214049657,374.98451617729285,368.54592889512105,369.8257141113281,175200,0.0,0.0
2024-07-26 00:00:00-04:00,374.5083105318801,397.89152542517076,374.5083105318801,388.06005859375,437300,0.0,0.0
2024-07-29 00:00:00-04:00,389.3596614617054,391.89937094180993,381.621488870094,384.9449157714844,258700,0.0,0.0
2024-07-30 00:00:00-04:00,388.2484916536338,391.86955873617825,383.7047719675547,384.46868896484375,250900,0.0,0.0
2024-07-31 00:00:00-04:00,386.93903474461746,388.54619149896297,381.71081007357407,384.7663879394531,310400,0.0,0.0
2024-08-01 00:00:00-04:00,386.42530111094504,389.3755686804134,377.28641676843586,380.5545654296875,202200,0.5,0.0
2024-08-02 00:00:00-04:00,374.0778068023167,378.7068471437319,367.23360306213715,369.4587097167969,368400,0.0,0.0
2024-08-05 00:00:00-04:00,360.6377655949555,372.98519967145216,354.7769731768454,369.399169921875,361300,0.0,0.0
2024-08-06 00:00:00-04:00,369.52830994615965,376.61094073716384,369.34951320077215,371.246826171875,232300,0.0,0.0
2024-08-07 00:00:00-04:00,375.6274750833033,375.9155263606642,363.63766654730784,365.097900390625,147100,0.0,0.0
2024-08-08 00:00:00-04:00,366.40912010827935,375.4685483490913,366.40912010827935,373.0248718261719,155200,0.0,0.0
2024-08-09 00:00:00-04:00,371.6640262775593,372.8759214349745,366.8263889055626,372.2699890136719,147400,0.0,0.0
2024-08-12 00:00:00-04:00,373.0447603729461,373.0447603729461,367.03494096740616,368.54486083984375,165100,0.0,0.0
2024-08-13 00:00:00-04:00,369.9752842273568,370.46201874283514,363.041651621805,364.77008056640625,146500,0.0,0.0
2024-08-14 00:00:00-04:00,365.6939257431292,366.94553311869026,363.26019252626213,363.8760681152344,140400,0.0,0.0
2024-08-15 00:00:00-04:00,370.4818962434978,380.35585333683053,370.45209678807754,375.9056396484375,368300,0.0,0.0
2024-08-16 00:00:00-04:00,374.4652359533421,381.14058633817035,374.4652359533421,377.76318359375,210900,0.0,0.0
2024-08-19 00:00:00-04:00,376.37251205866426,382.72003848154475,376.37251205866426,380.2664489746094,260200,0.0,0.0
2024-08-20 00:00:00-04:00,380.0678089012611,384.99487498793786,371.4653752372221,372.32958984375,132200,0.0,0.0
2024-08-21 00:00:00-04:00,375.7963526469636,376.27317424580235,370.5315801203993,375.84600830078125,127800,0.0,0.0
2024-08-22 00:00:00-04:00,376.14400424999184,377.17710247731395,366.95546570442855,367.611083984375,158600,0.0,0.0
2024-08-23 00:00:00-04:00,369.04155274353593,370.1441629206389,365.684005927985,366.945556640625,176300,0.0,0.0
2024-08-26 00:00:00-04:00,369.8560774151698,373.0348274628604,367.0846371162897,372.93548583984375,224600,0.0,0.0
2024-08-27 00:00:00-04:00,372.19044529467476,372.87586304032857,368.69384471807405,370.48187255859375,159000,0.0,0.0
2024-08-28 00:00:00-04:00,370.00509665696626,370.9686527803492,364.1641610071648,365.6343078613281,181600,0.0,0.0
2024-08-29 00:00:00-04:00,366.0316815058201,366.0316815058201,355.4623633965709,356.4557189941406,281000,0.0,0.0
2024-08-30 00:00:00-04:00,357.6080303405257,361.08477507994746,352.5816532281463,359.9026794433594,301700,0.0,0.0
2024-09-03 00:00:00-04:00,361.6311096504039,362.62446529324507,351.5882986523877,352.5617980957031,285300,0.0,0.0
2024-09-04 00:00:00-04:00,350.58499688949473,352.6511935860245,348.19100617201985,352.1644287109375,362000,0.0,0.0
2024-09-05 00:00:00-04:00,355.6213082177683,379.7598374038335,349.66117456048727,378.210205078125,728400,0.0,0.0
2024-09-06 00:00:00-04:00,377.7135073410866,380.72337346658804,369.77660614038285,371.336181640625,365200,0.0,0.0
2024-09-09 00:00:00-04:00,374.2765551618491,374.2765551618491,363.5284393349612,364.53173828125,345100,0.0,0.0
2024-09-10 00:00:00-04:00,364.69061020398095,374.3758263459408,363.9654497743817,372.4189147949219,264200,0.0,0.0
2024-09-11 00:00:00-04:00,369.4289317245969,371.82292229452753,364.08467388875584,370.89910888671875,229300,0.0,0.0
2024-09-12 00:00:00-04:00,372.5977691988872,379.76979824448154,372.031549199675,379.5314025878906,217700,0.0,0.0
2024-09-13 00:00:00-04:00,380.186965924712,384.46832575516237,376.53139460222735,379.0942687988281,287100,0.0,0.0
2024-09-16 00:00:00-04:00,381.93525585302245,383.7431701828757,377.64398302712226,378.15057373046875,214700,0.0,0.0
2024-09-17 00:00:00-04:00,380.7829851007634,380.7829851007634,370.3428384605165,372.8162841796875,227400,0.0,0.0
2024-09-18 00:00:00-04:00,372.8162660681519,375.2400560159809,370.02493942012677,370.5414733886719,118200,0.0,0.0
2024-09-19 00:00:00-04:00,369.7666859675002,371.30640536605006,361.5814453665347,362.80328369140625,284900,0.0,0.0
2024-09-20 00:00:00-04:00,361.1045963387081,365.9422633010469,360.01192949246365,365.5548400878906,453100,0.0,0.0
2024-09-23 00:00:00-04:00,368.6143975536935,376.114250824599,366.9157678974352,375.4288330078125,263700,0.0,0.0
2024-09-24 00:00:00-04:00,376.3824591028311,376.3824591028311,369.3197148064105,369.399169921875,230600,0.0,0.0
2024-09-25 00:00:00-04:00,371.34610643907865,371.34610643907865,366.90580574435324,369.5084228515625,180900,0.0,0.0
2024-09-26 00:00:00-04:00,369.2203578909468,372.7567015215024,364.56151754401435,371.276611328125,278200,0.0,0.0
2024-09-27 00:00:00-04:00,373.8891421772212,373.90899837659913,368.8130791163838,370.82958984375,152300,0.0,0.0
2024-09-30 00:00:00-04:00,370.66075250939315,373.4023935685951,367.6210562428794,373.2136535644531,211100,0.0,0.0
2024-10-01 00:00:00-04:00,374.12752950264934,375.8857580249306,367.9687125740178,374.9619445800781,174800,0.0,0.0
2024-10-02 00:00:00-04:00,374.8526479654812,374.8526479654812,366.8164049428828,367.71044921875,213400,0.0,0.0
2024-10-03 00:00:00-04:00,365.3065033197283,368.49516614540005,360.58806445971817,364.21380615234375,189500,0.0,0.0
2024-10-04 00:00:00-04:00,364.2138314671462,368.3263382789238,363.5681563780701,368.1276550292969,153100,0.0,0.0
2024-10-07 00:00:00-04:00,369.101167753907,372.07129145960647,365.71382133487424,369.9455261230469,264100,0.0,0.0
2024-10-08 00:00:00-04:00,371.1574045021884,378.6671704851779,370.6408401837473,378.210205078125,190100,0.0,0.0
2024-10-09 00:00:00-04:00,378.6472605403573,389.65365698933925,378.6472605403573,388.59075927734375,296600,0.0,0.0
2024-10-10 00:00:00-04:00,386.604056028531,386.604056028531,372.69707807317025,378.3492736816406,265700,0.0,0.0
2024-10-11 00:00:00-04:00,378.34924283220374,384.57757082389986,378.17044612005253,383.33587646484375,149800,0.0,0.0
2024-10-14 00:00:00-04:00,385.8093980644775,389.3953972482325,383.82268685402727,388.1835021972656,215700,0.0,0.0
2024-10-15 00:00:00-04:00,388.7497384667045,393.9350561559738,386.4550893476126,386.6438293457031,252700,0.0,0.0
2024-10-16 00:00:00-04:00,385.9584018408708,387.72657363535075,380.8525393929365,387.13055419921875,246200,0.0,0.0
2024-10-17 00:00:00-04:00,389.16689663995993,389.16689663995993,383.4451892311907,384.508056640625,151700,0.0,0.0
2024-10-18 00:00:00-04:00,385.12400553666106,387.8060476578322,384.2101049813849,387.5577087402344,140500,0.0,0.0
2024-10-21 00:00:00-04:00,387.52787623100477,390.6569402629023,385.94844448756714,389.51458740234375,189900,0.0,0.0
2024-10-22 00:00:00-04:00,387.01136882262244,388.92853795909645,384.86571697242016,387.825927734375,176200,0.0,0.0
2024-10-23 00:00:00-04:00,385.9384796098876,388.24307171508633,384.59747389620514,387.90533447265625,180700,0.0,0.0
2024-10-24 00:00:00-04:00,388.71990014276594,389.3953746395465,382.0445496506386,384.0511169433594,141000,0.0,0.0
2024-10-25 00:00:00-04:00,386.48484845353664,388.8092967867587,384.3491400986997,388.5311584472656,145000,0.0,0.0
2024-10-28 00:00:00-04:00,391.143719393934,398.50448819025064,389.90202486651503,397.94818115234375,198500,0.0,0.0
2024-10-29 00:00:00-04:00,397.03430443869684,397.9680611331719,392.48471878862784,395.8621520996094,244000,0.0,0.0
2024-10-30 00:00:00-04:00,395.6634521484375,397.7197054408306,395.04757654931825,395.6634521484375,172700,0.0,0.0
2024-10-31 00:00:00-04:00,395.61382605790385,395.9416200799011,390.0311722231748,391.4019775390625,195300,0.0,0.0
2024-11-01 00:00:00-04:00,391.40194094973685,394.60461111346245,390.29792988763995,391.07373046875,196200,0.5,0.0
2024-11-04 00:00:00-05:00,386.03104834189963,391.78989379336855,377.39777328679685,379.0289306640625,302100,0.0,0.0
2024-11-05 00:00:00-05:00,375.5676827802474,395.3506147977721,375.5676827802474,394.7637939453125,258300,0.0,0.0
2024-11-06 00:00:00-05:00,406.86829826533886,413.8902972899357,402.4720743685649,406.9776916503906,279000,0.0,0.0
2024-11-07 00:00:00-05:00,408.53924790783645,414.357767917055,405.93335421411035,411.1451416015625,176400,0.0,0.0
2024-11-08 00:00:00-05:00,411.7717951941967,418.00803826667874,410.17047500470574,410.62799072265625,229700,0.0,0.0
2024-11-11 00:00:00-05:00,410.2798205791857,412.8359954734103,407.2661300203371,408.758056640625,202300,0.0,0.0
2024-11-12 00:00:00-05:00,410.83677586788656,416.1181933126478,408.0021094133939,414.81524658203125,187200,0.0,0.0
2024-11-13 00:00:00-05:00,415.93919664735876,415.93919664735876,406.7489384090503,406.9080505371094,260400,0.0,0.0
2024-11-14 00:00:00-05:00,409.25537525888376,409.61342308668253,400.0253235623908,403.5263671875,245800,0.0,0.0
2024-11-15 00:00:00-05:00,400.85080826299316,404.6800924188203,394.3957492039252,399.2395324707031,189500,0.0,0.0
2024-11-18 00:00:00-05:00,399.42852373438,403.4268760135747,397.1707524529925,402.4223327636719,164900,0.0,0.0
2024-11-19 00:00:00-05:00,401.8852580897788,410.05106157137806,401.81562756032326,409.4543151855469,172200,0.0,0.0
2024-11-20 00:00:00-05:00,410.5582992985211,413.3233353328623,405.4559055626106,411.7220153808594,161500,0.0,0.0
2024-11-21 00:00:00-05:00,414.138932049314,416.5658017198836,408.07175787289015,414.1588134765625,162100,0.0,0.0
2024-11-22 00:00:00-05:00,416.1182023263538,426.30307786211966,414.9843539319896,425.5770263671875,274800,0.0,0.0
2024-11-25 00:00:00-05:00,428.09344249187876,433.2555112002703,423.36900803511656,424.3934631347656,283300,0.0,0.0
2024-11-26 00:00:00-05:00,421.6681814493847,425.41787921022086,419.3407493458885,424.1944885253906,199400,0.0,0.0
2024-11-27 00:00:00-05:00,426.36278494272653,426.7407141738214,415.3821969809845,418.71417236328125,213300,0.0,0.0
2024-11-29 00:00:00-05:00,421.8870399505432,421.8870399505432,417.4013040193498,418.62469482421875,82500,0.0,0.0
2024-12-02 00:00:00-05:00,419.38056855314323,421.2703362089937,415.87952499753266,418.8136291503906,205100,0.0,0.0
2024-12-03 00:00:00-05:00,420.5740953875019,421.1807976075091,412.20935699009647,415.27276611328125,269300,0.0,0.0
2024-12-04 00:00:00-05:00,417.53060949419324,419.7585436250256,412.7365444738673,413.5322265625,187800,0.0,0.0
2024-12-05 00:00:00-05:00,415.19326284061776,419.6889244341748,412.3585959991226,417.8091125488281,162800,0.0,0.0
2024-12-06 00:00:00-05:00,417.9980922519606,422.0959127893755,417.51070888280657,419.99725341796875,267700,0.0,0.0
2024-12-09 00:00:00-05:00,423.0904786698489,423.40876361607917,410.1306113575172,415.8595886230469,474100,0.0,0.0
2024-12-10 00:00:00-05:00,417.3316810596009,426.61148217593575,404.1331137175462,414.6163635253906,482000,0.0,0.0
2024-12-11 00:00:00-05:00,417.5007550521799,437.3135235678381,417.5007550521799,425.5074157714844,391600,0.0,0.0
2024-12-12 00:00:00-05:00,425.06980821990186,428.2426414592072,420.7631264619488,423.4088134765625,192100,0.0,0.0
2024-12-13 00:00:00-05:00,421.4394337322649,425.5571354285347,421.1609419767361,422.9810791015625,187700,0.0,0.0
2024-12-16 00:00:00-05:00,420.78301174880954,425.8257313719945,420.78301174880954,422.2252197265625,265000,0.0,0.0
2024-12-17 00:00:00-05:00,420.1166270772625,424.7614752050201,415.58114198457287,419.12200927734375,224800,0.0,0.0
2024-12-18 00:00:00-05:00,418.50528835071583,419.2114887883905,402.81022189698876,403.97393798828125,288900,0.0,0.0
2024-12-19 00:00:00-05:00,404.55081304428563,410.8467603859889,402.4919773747791,406.9478454589844,219000,0.0,0.0
2024-12-20 00:00:00-05:00,407.0473310101238,410.5682864895703,400.3436168111338,400.9901123046875,765300,0.0,0.0
2024-12-23 00:00:00-05:00,398.8416756652635,399.12016739174476,393.3116039870483,397.409423828125,205100,0.0,0.0
2024-12-24 00:00:00-05:00,398.1256066202968,401.51725691682657,394.5648882978167,401.49737548828125,64100,0.0,0.0
2024-12-26 00:00:00-05:00,401.49738214316517,405.3564737244205,399.86619437562996,403.2976379394531,177300,0.0,0.0
2024-12-27 00:00:00-05:00,400.3137679364836,403.79493010487084,399.43849944904275,401.8056945800781,134600,0.0,0.0
2024-12-30 00:00:00-05:00,397.71776282441266,399.1102214916713,394.9825642320637,396.5540771484375,128300,0.0,0.0
2024-12-31 00:00:00-05:00,397.04147222589256,402.1737035898171,393.9183578412594,394.097412109375,195300,0.0,0.0
2025-01-02 00:00:00-05:00,396.09655289483334,399.08040606835607,392.2075939496098,392.52587890625,202600,0.0,0.0
2025-01-03 00:00:00-05:00,392.0285846012769,397.74763672956226,390.2681220907236,395.7882385253906,171200,0.0,0.0
2025-01-06 00:00:00-05:00,396.75303908759594,400.42318124169304,393.2122021055752,394.62457275390625,241700,0.0,0.0
2025-01-07 00:00:00-05:00,394.2266730561694,394.9129617253824,386.7372026843148,387.2146301269531,223400,0.0,0.0
2025-01-08 00:00:00-05:00,387.17483204243445,389.0944673259566,384.0617040506586,388.73638916015625,163300,0.0,0.0
2025-01-10 00:00:00-05:00,386.7471834994604,388.1495982463499,378.9195462337664,383.9821472167969,313200,0.0,0.0
2025-01-13 00:00:00-05:00,380.24236977992416,390.8052362288597,377.95476099941607,390.4272766113281,262300,0.0,0.0
2025-01-14 00:00:00-05:00,391.50141563242937,397.857037327995,391.3621849376543,392.8739929199219,271900,0.0,0.0
2025-01-15 00:00:00-05:00,399.93582983238707,400.8309797960056,388.2689519250228,389.1939392089844,247800,0.0,0.0
2025-01-16 00:00:00-05:00,388.497711772975,391.4019786989495,381.416038020699,388.87567138671875,284700,0.0,0.0
2025-01-17 00:00:00-05:00,391.73020338534263,391.73020338534263,385.4442119770744,389.4028015136719,266900,0.0,0.0
2025-01-21 00:00:00-05:00,390.6062920016558,402.2035388468011,390.05926436927155,400.244140625,254700,0.0,0.0
2025-01-22 00:00:00-05:00,401.3382065988726,401.3382065988726,396.434718162333,399.0505676269531,144600,0.0,0.0
2025-01-23 00:00:00-05:00,398.1554625215713,407.17665355670096,397.051451295924,405.59521484375,300500,0.0,0.0
2025-01-24 00:00:00-05:00,404.5707057765371,409.5238825014478,401.9946495733159,409.0365295410156,250800,0.0,0.0
2025-01-27 00:00:00-05:00,404.3618274207413,418.6445538578,404.3618274207413,417.7294921875,275000,0.0,0.0
2025-01-28 00:00:00-05:00,417.7394602037432,418.634610119229,408.7083442767063,413.4626159667969,320600,0.0,0.0
2025-01-29 00:00:00-05:00,413.26365179602334,420.34532491972675,413.26365179602334,417.3316345214844,232100,0.0,0.0
2025-01-30 00:00:00-05:00,420.89241323990234,424.51280612309034,418.087583856009,420.7829895019531,252200,0.0,0.0
2025-01-31 00:00:00-05:00,420.56418729662147,421.1808454766567,415.362325270637,419.49993896484375,312500,0.0,0.0
2025-02-03 00:00:00-05:00,411.4538815829022,420.86418720650016,409.2531759581675,417.8170166015625,330100,0.5,0.0
2025-02-04 00:00:00-05:00,415.476919059775,422.55703010318723,415.476919059775,419.2210998535156,178600,0.0,0.0
2025-02-05 00:00:00-05:00,419.22108990809824,427.93432447848244,417.54815616402857,427.6156921386719,242100,0.0,0.0
2025-02-06 00:00:00-05:00,430.6727831053785,436.69738085902765,428.93013613677243,433.44110107421875,374800,0.0,0.0
2025-02-07 00:00:00-05:00,435.4526200978041,435.4526200978041,424.61833040373506,425.026611328125,350700,0.0,0.0
2025-02-10 00:00:00-05:00,425.9028765583979,431.0212631946318,424.10048435646456,430.3540954589844,332800,0.0,0.0
2025-02-11 00:00:00-05:00,430.3740277701247,431.6386805477231,422.57691082288153,425.7535095214844,263200,0.0,0.0
2025-02-12 00:00:00-05:00,421.8898362838423,435.1936856337719,421.5213654232094,433.520751953125,257300,0.0,0.0
2025-02-13 00:00:00-05:00,438.2109515269206,441.35767747175527,433.2020878185999,440.6805419921875,305400,0.0,0.0
2025-02-14 00:00:00-05:00,441.82567908959,443.2994712766944,430.03543276079733,430.3540954589844,270800,0.0,0.0
2025-02-18 00:00:00-05:00,429.9857087588002,432.48517230343845,423.0848335929171,424.190185546875,324300,0.0,0.0
2025-02-19 00:00:00-05:00,421.3222712940387,427.546010735308,421.3222712940387,424.419189453125,239000,0.0,0.0
2025-02-20 00:00:00-05:00,420.93384479268093,423.06486750822796,417.08011065595247,418.7729797363281,264500,0.0,0.0
2025-02-21 00:00:00-05:00,418.414527466415,418.414527466415,401.40630566780686,403.8858337402344,481900,0.0,0.0
2025-02-24 00:00:00-05:00,404.8019515718803,415.03875624592797,402.8601328514745,412.818115234375,268900,0.0,0.0
2025-02-25 00:00:00-05:00,411.86213499987747,422.108906822743,411.86213499987747,420.9637145996094,323600,0.0,0.0
2025-02-26 00:00:00-05:00,417.78714685433977,421.63094393145116,411.1850299329694,414.2520751953125,417800,0.0,0.0
2025-02-27 00:00:00-05:00,415.4868432363903,417.6676437884868,406.7636714173545,407.37109375,181000,0.0,0.0
2025-02-28 00:00:00-05:00,409.0141831826655,412.93763090780647,406.4251319194313,412.4696044921875,226900,0.0,0.0
2025-03-03 00:00:00-05:00,412.1110697770309,417.66761007357167,405.1305150324296,406.28564453125,251000,0.0,0.0
2025-03-04 00:00:00-05:00,403.0194317680204,410.76674022258396,400.45028589139594,406.3155212402344,258500,0.0,0.0
2025-03-05 00:00:00-05:00,406.6142802148382,406.6142802148382,398.3989447702572,403.1190490722656,246800,0.0,0.0
2025-03-06 00:00:00-05:00,399.00637433413084,404.3836784169242,392.57352661391076,393.6390075683594,341200,0.0,0.0
2025-03-07 00:00:00-05:00,392.3445202032668,397.64217431772994,380.80322184705534,397.0546569824219,348500,0.0,0.0
2025-03-10 00:00:00-04:00,392.7129770060977,393.76852078987577,378.89129151816206,380.0762939453125,511600,0.0,0.0
2025-03-11 00:00:00-04:00,378.4033321382878,385.8220412004235,370.52656439363454,377.1187438964844,576400,0.0,0.0
2025-03-12 00:00:00-04:00,390.8010110111502,410.47796254000457,386.9074364495993,400.3805847167969,798000,0.0,0.0
2025-03-13 00:00:00-04:00,400.3805996508917,403.28831345008587,382.4462638926299,383.4022216796875,519900,0.0,0.0
2025-03-14 00:00:00-04:00,387.09667976948833,394.6746901608391,379.7277481204279,393.9676818847656,327300,0.0,0.0
2025-03-17 00:00:00-04:00,390.86078437004926,400.3806132950719,389.3969597137251,398.0006408691406,271000,0.0,0.0
2025-03-18 00:00:00-04:00,395.9791729347072,395.9791729347072,384.4179696960305,385.264404296875,196900,0.0,0.0
2025-03-19 00:00:00-04:00,387.04683328110275,401.49587474578055,387.04683328110275,400.5399169921875,398100,0.0,0.0
2025-03-20 00:00:00-04:00,398.1002458219198,400.2910142523182,391.16949811656826,393.1809997558594,269500,0.0,0.0
2025-03-21 00:00:00-04:00,391.01014180372624,402.6908661360936,389.90478995136255,402.302490234375,493300,0.0,0.0
2025-03-24 00:00:00-04:00,404.80193270562273,410.9957986746886,398.548321276192,410.7667541503906,400000,0.0,0.0
2025-03-25 00:00:00-04:00,411.75259706956433,416.0146122439369,409.4224328769231,415.6661071777344,345200,0.0,0.0
2025-03-26 00:00:00-04:00,416.35318974806916,425.8232407852955,415.6262764781976,424.2100524902344,698200,0.0,0.0
2025-03-27 00:00:00-04:00,422.04914894033806,434.80535217922414,419.5098756186586,428.8803405761719,396800,0.0,0.0
2025-03-28 00:00:00-04:00,426.93850265650286,430.184814453125,421.6906571796129,430.184814453125,326000,0.0,0.0
2025-03-31 00:00:00-04:00,426.03231902335114,436.3886443350041,424.02081765386737,432.21624755859375,477500,0.0,0.0
2025-04-01 00:00:00-04:00,430.61303703076965,440.5909551089318,430.3342147317615,438.7785949707031,328500,0.0,0.0
2025-04-02 00:00:00-04:00,432.81375717715594,444.7234954962705,432.81375717715594,442.0149230957031,274900,0.0,0.0
2025-04-03 00:00:00-04:00,427.56589119313867,456.9917478142428,427.56589119313867,447.28271484375,664000,0.0,0.0
2025-04-04 00:00:00-04:00,435.4725085412209,442.7219182238172,412.66873583226396,414.07281494140625,729700,0.0,0.0
2025-04-07 00:00:00-04:00,402.2228085626758,425.22572188469013,396.12849825999655,416.25360107421875,716700,0.0,0.0
2025-04-08 00:00:00-04:00,432.95318001468974,434.6261138511657,410.01994657427,414.7400207519531,375300,0.0,0.0
2025-04-09 00:00:00-04:00,411.19495538022727,448.97554261712713,408.2872415697765,437.8923034667969,557500,0.0,0.0
2025-04-10 00:00:00-04:00,435.14391523504764,441.7759349983057,424.9469208415617,436.1695861816406,392200,0.0,0.0
2025-04-11 00:00:00-04:00,443.13020717647964,457.5294409051513,434.2875141350215,455.3287353515625,520300,0.0,0.0
2025-04-14 00:00:00-04:00,457.08135067868784,460.9450526345153,444.9126952149296,458.8439025878906,393200,0.0,0.0
2025-04-15 00:00:00-04:00,458.8638316344241,465.9141004190286,458.34602747309134,462.45867919921875,460400,0.0,0.0
2025-04-16 00:00:00-04:00,461.14419369784224,466.9098738962187,450.6484719581095,455.40838623046875,346900,0.0,0.0
2025-04-17 00:00:00-04:00,455.4084243591488,461.2438182148789,454.13380374738813,458.1369323730469,365400,0.0,0.0
2025-04-21 00:00:00-04:00,453.77528811607334,457.22074140887213,444.0463505580459,449.80206298828125,253500,0.0,0.0
2025-04-22 00:00:00-04:00,455.9660852730963,461.4728485007176,451.43518490267905,456.9618835449219,509700,0.0,0.0
2025-04-23 00:00:00-04:00,465.06766918668507,465.06766918668507,447.65116700554245,453.4765930175781,341500,0.0,0.0
2025-04-24 00:00:00-04:00,452.0824441488625,453.02846465540324,442.7617869847092,445.4106140136719,332700,0.0,0.0
2025-04-25 00:00:00-04:00,445.2512485556037,448.8560331330005,441.2083103444444,445.4603576660156,419500,0.0,0.0
2025-04-28 00:00:00-04:00,448.2884103335865,453.42673250835367,445.5499653816243,452.3214111328125,291100,0.0,0.0
2025-04-29 00:00:00-04:00,450.89741383732127,462.4686144748857,449.91158334165436,461.452880859375,257000,0.0,0.0
2025-04-30 00:00:00-04:00,459.5608848415463,461.75165311137397,453.5960631464182,460.64630126953125,341900,0.0,0.0
2025-05-01 00:00:00-04:00,459.1011695554908,461.14475268803994,453.59839590771804,454.1167907714844,329000,0.5,0.0
2025-05-02 00:00:00-04:00,458.582786487593,462.90922373272906,456.5392033024779,457.2170715332031,182800,0.0,0.0
2025-05-05 00:00:00-04:00,453.18966566487865,469.0898458904963,453.18966566487865,464.92291259765625,285400,0.0,0.0
2025-05-06 00:00:00-04:00,461.2045535891093,466.32850947941137,461.2045535891093,465.7403564453125,254400,0.0,0.0
2025-05-07 00:00:00-04:00,465.9496934180903,473.48607158087935,464.3646646417024,464.50421142578125,251200,0.0,0.0
2025-05-08 00:00:00-04:00,463.57712502202315,470.30603627960363,448.90311288489903,451.0862731933594,471600,0.0,0.0
2025-05-09 00:00:00-04:00,449.63083937707,454.8145749381723,432.79359363479654,447.2582702636719,811300,0.0,0.0
2025-05-12 00:00:00-04:00,448.85327184213253,453.5585264618227,433.3717931129418,435.435302734375,666400,0.0,0.0
2025-05-13 00:00:00-04:00,435.43531796460684,438.91443503946823,429.25470653198624,431.44781494140625,446600,0.0,0.0
2025-05-14 00:00:00-04:00,430.2416157720435,433.87025822684114,429.3045501017269,429.5138854980469,294100,0.0,0.0
2025-05-15 00:00:00-04:00,429.32446168689427,444.5268157784074,428.65654159676404,441.0476989746094,374200,0.0,0.0
2025-05-16 00:00:00-04:00,441.0477470223552,455.06381815002374,441.0477470223552,454.7248840332031,376800,0.0,0.0
2025-05-19 00:00:00-04:00,449.46137680611776,455.32301124370923,449.46137680611776,454.6650695800781,230600,0.0,0.0
2025-05-20 00:00:00-04:00,454.55539923400994,458.88183618412256,454.55539923400994,457.20709228515625,238000,0.0,0.0
2025-05-21 00:00:00-04:00,452.9105449260788,454.82455974685104,446.8894373158492,449.0227355957031,325900,0.0,0.0
2025-05-22 00:00:00-04:00,448.5741549306495,450.95667212168644,442.3337030840937,442.66265869140625,203400,0.0,0.0
2025-05-23 00:00:00-04:00,440.69884235397967,446.7000541684768,440.2203614379564,444.33746337890625,225300,0.0,0.0
2025-05-27 00:00:00-04:00,445.5137451514373,448.51435089451184,443.3305848248241,446.1018981933594,501100,0.0,0.0
2025-05-28 00:00:00-04:00,446.10189894877306,450.19904368616676,443.41032224990937,446.11187744140625,300300,0.0,0.0
2025-05-29 00:00:00-04:00,445.35422271243215,445.35422271243215,436.6315602642312,439.13372802734375,403000,0.0,0.0
2025-05-30 00:00:00-04:00,439.41286626180965,447.07884314157883,436.2128732301515,436.392333984375,433800,0.0,0.0
2025-06-02 00:00:00-04:00,435.14624901581556,442.134327426902,434.109489704133,438.6253356933594,801000,0.0,0.0
2025-06-03 00:00:00-04:00,437.29950017177146,442.94179016499186,431.806705034895,437.3094482421875,421600,0.0,0.0
2025-06-04 00:00:00-04:00,437.8876452147794,448.3548404352331,434.6677256378169,446.84954833984375,563100,0.0,0.0
2025-06-05 00:00:00-04:00,447.009049588288,449.0825377202019,442.14429115998144,444.29754638671875,513700,0.0,0.0
2025-06-06 00:00:00-04:00,445.8127582695185,447.7167944430828,438.7349349533624,442.6526794433594,403600,0.0,0.0
2025-06-09 00:00:00-04:00,440.21034348026365,442.11437974720474,432.2752213044916,437.91754150390625,693500,0.0,0.0
2025-06-10 00:00:00-04:00,494.47031196779193,507.4895071819559,479.7962993130988,488.66851806640625,1341500,0.0,0.0
2025-06-11 00:00:00-04:00,489.45600262183797,502.5051022151312,487.3825144990307,497.9693298339844,706700,0.0,0.0
2025-06-12 00:00:00-04:00,499.28520482702515,505.7250133875204,493.45347584621436,505.406005859375,603800,0.0,0.0
2025-06-13 00:00:00-04:00,505.3761016807632,511.2776192727511,500.5013952759414,504.57861328125,457900,0.0,0.0
2025-06-16 00:00:00-04:00,504.4190957265629,510.6296117630076,503.4421466049705,504.8078918457031,466300,0.0,0.0
2025-06-17 00:00:00-04:00,504.15992711358456,510.81904975678395,501.42849732055146,506.0440368652344,501100,0.0,0.0
2025-06-18 00:00:00-04:00,509.45333064843055,509.45333064843055,503.72129518966995,504.7281494140625,397100,0.0,0.0
2025-06-20 00:00:00-04:00,505.087029617313,510.2009764574268,497.1618555500628,498.7070007324219,456600,0.0,0.0
2025-06-23 00:00:00-04:00,503.87084450127594,509.2240622464893,498.766815263661,508.83526611328125,308400,0.0,0.0
2025-06-24 00:00:00-04:00,508.90505903921746,512.7131316207293,499.8035787768942,509.31378173828125,360600,0.0,0.0
2025-06-25 00:00:00-04:00,508.91504573477636,509.41348360670804,502.5350166362644,503.5518493652344,286500,0.0,0.0
2025-06-26 00:00:00-04:00,505.4658441894144,507.6290779840279,499.4347579834578,502.43536376953125,303300,0.0,0.0
2025-06-27 00:00:00-04:00,501.9568570617619,510.1112935884387,498.38805517807236,504.59857177734375,462900,0.0,0.0
2025-06-30 00:00:00-04:00,503.12317622347075,509.31376578089254,498.2484394646138,508.6757507324219,284700,0.0,0.0
2025-07-01 00:00:00-04:00,506.42285912862394,511.1779759229357,502.91383702091656,509.0446472167969,398800,0.0,0.0
2025-07-02 00:00:00-04:00,507.7686068602067,510.1511544558428,503.4322217756523,509.3237609863281,311600,0.0,0.0
2025-07-03 00:00:00-04:00,508.7056721734994,515.6937807666194,507.3001041676339,515.614013671875,173700,0.0,0.0
2025-07-07 00:00:00-04:00,515.6140202126004,524.6856259652903,512.5337082448235,524.51611328125,341800,0.0,0.0
2025-07-08 00:00:00-04:00,521.0071232220197,525.1740562888704,507.59913307415445,510.69940185546875,414000,0.0,0.0
2025-07-09 00:00:00-04:00,511.61650519394857,521.0769064678451,506.66206228993315,520.6881103515625,352700,0.0,0.0
2025-07-10 00:00:00-04:00,519.412111876295,525.0743587586534,516.1224341145206,521.964111328125,380500,0.0,0.0
2025-07-11 00:00:00-04:00,521.9641840312296,525.0146217762307,512.7032290526046,514.9761352539062,274700,0.0,0.0
2025-07-14 00:00:00-04:00,515.7934253094026,524.8251166501037,512.5137261849284,521.6451416015625,256500,0.0,0.0
2025-07-15 00:00:00-04:00,520.9173388844381,522.5721864732636,515.7635090068195,516.0426025390625,225100,0.0,0.0
2025-07-16 00:00:00-04:00,519.0333010177606,520.0102806266111,513.430864172538,516.1822509765625,222700,0.0,0.0
2025-07-17 00:00:00-04:00,518.0962335283639,518.0962335283639,507.02095859249306,514.0588989257812,250300,0.0,0.0
2025-07-18 00:00:00-04:00,515.0059469543226,516.8800782386372,505.10697802246744,508.6558532714844,214500,0.0,0.0
2025-07-21 00:00:00-04:00,508.5960139349,518.3753620819364,508.5960139349,516.6408081054688,278300,0.0,0.0
2025-07-22 00:00:00-04:00,518.6844597806166,524.3566856773309,517.4981751111799,521.7847290039062,264400,0.0,0.0
2025-07-23 00:00:00-04:00,521.7448569155433,528.5136216396168,518.0663828090658,522.3629150390625,456200,0.0,0.0
2025-07-24 00:00:00-04:00,522.3628813058456,527.3472599442601,517.4383127773134,524.4164428710938,271400,0.0,0.0
2025-07-25 00:00:00-04:00,526.1709675263762,529.5802655669775,523.8582084768644,525.8619384765625,280300,0.0,0.0
2025-07-28 00:00:00-04:00,523.8980961127196,528.9323676752025,521.9143229676484,523.399658203125,327900,0.0,0.0
2025-07-29 00:00:00-04:00,522.5323411193185,526.1011733153504,518.0763357539006,520.3292846679688,254200,0.0,0.0
2025-07-30 00:00:00-04:00,521.3360629941006,526.2805884400115,519.9304950087935,523.4793701171875,174400,0.0,0.0
2025-07-31 00:00:00-04:00,522.392844766828,528.9323474569607,517.1891215504453,518.5050048828125,258900,0.0,0.0
2025-08-01 00:00:00-04:00,518.3253853157769,523.4549629817119,514.9622330934986,521.718505859375,200000,0.57,0.0
2025-08-04 00:00:00-04:00,520.5507546855654,528.4547154391091,519.2135099268278,522.1874389648438,309800,0.0,0.0
2025-08-05 00:00:00-04:00,520.2314093952882,523.2752645765913,512.7267214635901,513.7047119140625,237500,0.0,0.0
2025-08-06 00:00:00-04:00,513.125887270328,521.2293935768516,513.125887270328,520.4310302734375,249400,0.0,0.0
2025-08-07 00:00:00-04:00,521.9379863392804,521.9379863392804,511.7686759089556,517.2276000976562,219100,0.0,0.0
2025-08-08 00:00:00-04:00,519.1436814471117,522.8960560457244,516.0599292751106,517.9161376953125,209400,0.0,0.0
2025-08-11 00:00:00-04:00,518.0059738443571,520.9100378825874,512.776624140933,514.732666015625,206900,0.0,0.0
2025-08-12 00:00:00-04:00,516.2495231213637,519.2733994338865,511.4991793565377,518.5947875976562,157600,0.0,0.0
2025-08-13 00:00:00-04:00,517.856256757942,517.856256757942,508.29572363493907,514.0440673828125,196300,0.0,0.0
2025-08-14 00:00:00-04:00,514.9322512425332,521.1695602314247,506.1201945034957,507.1481018066406,243100,0.0,0.0
2025-08-15 00:00:00-04:00,507.52731604228023,508.7548293693026,504.014474715429,506.80877685546875,194900,0.0,0.0
2025-08-18 00:00:00-04:00,505.5114250797209,509.48332377401493,504.8826994889574,505.172119140625,190700,0.0,0.0
2025-08-19 00:00:00-04:00,503.974573061763,510.68092899478955,503.974573061763,508.0063781738281,164100,0.0,0.0
2025-08-20 00:00:00-04:00,509.91248636306216,514.8623756936832,507.76682774964837,512.3475341796875,338100,0.0,0.0
2025-08-21 00:00:00-04:00,510.42144263718507,511.1699501748226,504.6232426115309,509.14404296875,184600,0.0,0.0
2025-08-22 00:00:00-04:00,509.48333539635644,509.48333539635644,497.85699778870384,502.23809814453125,301800,0.0,0.0
2025-08-25 00:00:00-04:00,501.3498759130662,502.4077210264973,495.17244297307406,495.6015625,173900,0.0,0.0
2025-08-26 00:00:00-04:00,497.9069093816487,504.6232239916248,492.97693808015737,495.771240234375,268800,0.0,0.0
2025-08-27 00:00:00-04:00,495.30220779707264,498.9847174482898,490.0029925342206,497.2781982421875,243800,0.0,0.0
2025-08-28 00:00:00-04:00,497.5675760517216,497.5675760517216,489.00501189693324,494.9928283691406,169000,0.0,0.0
2025-08-29 00:00:00-04:00,496.75923931696815,496.75923931696815,489.00502769890534,493.5158386230469,242900,0.0,0.0
2025-09-02 00:00:00-04:00,489.89321166861487,497.757184930356,489.50398898528596,496.96881103515625,342400,0.0,0.0
2025-09-03 00:00:00-04:00,496.55966401652796,500.1423706691055,492.6975271375982,498.5855407714844,203800,0.0,0.0
2025-09-04 00:00:00-04:00,500.71120569371243,500.71120569371243,493.6356061940326,497.16839599609375,217900,0.0,0.0
2025-09-05 00:00:00-04:00,498.2860980772007,505.6710958362796,497.32805600222935,504.6132507324219,281300,0.0,0.0
2025-09-08 00:00:00-04:00,515.0619703756711,521.977890980938,504.6132600364326,520.4410400390625,1244200,0.0,0.0
2025-09-09 00:00:00-04:00,513.2157359339365,542.096971824056,504.2739084860337,540.2008056640625,1287200,0.0,0.0
2025-09-10 00:00:00-04:00,545.370331989302,548.0948300396292,528.2551922662774,537.4065551757812,630200,0.0,0.0
2025-09-11 00:00:00-04:00,539.182929949239,556.2481821120577,539.182929949239,552.8650512695312,501900,0.0,0.0
2025-09-12 00:00:00-04:00,553.6235589426876,558.234172983382,548.0049859997631,552.7653198242188,315100,0.0,0.0
2025-09-15 00:00:00-04:00,553.154477441201,561.8367620083488,551.3381659250808,553.7831420898438,331800,0.0,0.0
2025-09-16 00:00:00-04:00,553.7532712065562,564.5612969742002,547.5359412725791,560.0404663085938,582400,0.0,0.0
2025-09-17 00:00:00-04:00,564.5712074744091,570.4093648844002,553.5237400581093,554.182373046875,601700,0.0,0.0
2025-09-18 00:00:00-04:00,549.691515310512,556.3879118215865,540.2806713056957,542.60595703125,473400,0.0,0.0
2025-09-19 00:00:00-04:00,544.2525567275155,546.8373241764384,536.8975274013121,545.989013671875,594200,0.0,0.0
2025-09-22 00:00:00-04:00,541.3385422953762,547.0668771015871,541.3385422953762,546.33837890625,321900,0.0,0.0
2025-09-23 00:00:00-04:00,548.4839623913668,554.8909698481951,545.8293905664469,549.9609985351562,324300,0.0,0.0
2025-09-24 00:00:00-04:00,549.8811392604621,555.3100952315332,543.3943381621082,545.9391479492188,215900,0.0,0.0
2025-09-25 00:00:00-04:00,544.0130488762029,546.797361443249,541.3285088799784,542.027099609375,232800,0.0,0.0
2025-09-26 00:00:00-04:00,544.5819425338416,548.3642247582865,532.8956985410027,546.4281616210938,210900,0.0,0.0
2025-09-29 00:00:00-04:00,547.7255588357973,559.8109537953829,543.9232978128539,559.8009643554688,273200,0.0,0.0
2025-09-30 00:00:00-04:00,557.2261692816176,565.5791681325643,556.9467695286074,564.1720581054688,234000,0.0,0.0
2025-10-01 00:00:00-04:00,562.9445788169919,568.1839181034255,557.4756651517154,558.0245361328125,310700,0.0,0.0
2025-10-02 00:00:00-04:00,554.2322359911709,562.994436001304,554.2322359911709,560.260009765625,303500,0.0,0.0
2025-10-03 00:00:00-04:00,563.22396660703,566.32763671875,553.6434850512738,566.32763671875,181400,0.0,0.0
2025-10-06 00:00:00-04:00,564.3018451482841,565.2199599992853,556.2881211214071,557.685302734375,231900,0.0,0.0
2025-10-07 00:00:00-04:00,557.9646777054575,564.2119760131518,546.1487538967489,553.6535034179688,201500,0.0,0.0
2025-10-08 00:00:00-04:00,553.4638500472018,553.9228769662099,548.0947700574346,552.6155395507812,249500,0.0,0.0
2025-10-09 00:00:00-04:00,553.2642498036519,557.3558998276976,545.3802674710182,551.1185913085938,349100,0.0,0.0
2025-10-10 00:00:00-04:00,551.4878584671678,557.6652915226815,550.909080068147,555.5396118164062,176700,0.0,0.0
2025-10-13 00:00:00-04:00,556.4776910714696,566.7767423770182,555.8689443686808,564.471435546875,222800,0.0,0.0
2025-10-14 00:00:00-04:00,566.9164489550751,571.0180883141751,559.0624351405713,560.0504150390625,331700,0.0,0.0
2025-10-15 00:00:00-04:00,564.5911722214574,570.6887503517669,560.2001436134232,563.0243530273438,369800,0.0,0.0
2025-10-16 00:00:00-04:00,561.2080729246766,562.8048605262005,554.6913643561377,560.190185546875,261200,0.0,0.0
2025-10-17 00:00:00-04:00,563.0343921463583,566.6470366513713,556.3280667374571,565.8985595703125,186500,0.0,0.0
2025-10-20 00:00:00-04:00,563.4235439785608,564.8406433519779,556.936743425308,563.25390625,259500,0.0,0.0
2025-10-21 00:00:00-04:00,564.0722305744179,564.0722305744179,546.4780862297333,547.0169677734375,249200,0.0,0.0
2025-10-22 00:00:00-04:00,548.1646481816477,549.2922975384038,541.8075272171068,544.0430297851562,251000,0.0,0.0
2025-10-23 00:00:00-04:00,543.7436181149824,543.7436181149824,530.7201292706005,531.7879638671875,484400,0.0,0.0
2025-10-24 00:00:00-04:00,534.7319517146559,535.8396830895624,527.5465601144772,530.0614624023438,286700,0.0,0.0
2025-10-27 00:00:00-04:00,529.5725293055524,537.0473109703071,526.0097709500554,534.8617553710938,231100,0.0,0.0
2025-10-28 00:00:00-04:00,533.4146404350855,538.9034720953156,528.0655391085354,531.2989501953125,222200,0.0,0.0
2025-10-29 00:00:00-04:00,527.7261749081687,532.9555245049495,524.0336761672372,528.015625,228400,0.0,0.0
2025-10-30 00:00:00-04:00,525.2312513340597,526.0296146236258,514.9521793167626,517.4869995117188,421800,0.0,0.0
2025-10-31 00:00:00-04:00,512.221953465412,515.3290389619945,496.91623103147725,512.7114868164062,479200,0.57,0.0
2025-11-03 00:00:00-05:00,511.0030915016103,516.6278163078872,501.44200754265273,513.1710815429688,365800,0.0,0.0
2025-11-04 00:00:00-05:00,511.8922502898873,524.4605375006411,510.8432415281686,522.46240234375,335200,0.0,0.0
2025-11-05 00:00:00-05:00,523.1517671648862,533.5620343728574,517.0974200120589,525.14990234375,365000,0.0,0.0
2025-11-06 00:00:00-05:00,522.1426925510324,524.5104778298331,512.621549274392,522.59228515625,243300,0.0,0.0
2025-11-07 00:00:00-05:00,522.7821256211189,534.471167826853,518.9756804819971,533.072509765625,202500,0.0,0.0
2025-11-10 00:00:00-05:00,533.262351256107,536.8190296018589,522.6522578378936,532.04345703125,243000,0.0,0.0
2025-11-11 00:00:00-05:00,533.8617498860173,539.5963881726697,531.134314841938,538.95703125,180300,0.0,0.0
2025-11-12 00:00:00-05:00,538.7672080515115,542.7334771825641,534.0715781019895,534.3812866210938,155300,0.0,0.0
2025-11-13 00:00:00-05:00,537.2786187780312,540.6454718094063,530.8246199427035,536.1596069335938,312000,0.0,0.0
2025-11-14 00:00:00-05:00,535.560152610285,546.2801279927439,533.8317852482803,537.6881713867188,295500,0.0,0.0
2025-11-17 00:00:00-05:00,538.9170502526414,543.173088163125,534.8508376332251,535.8399658203125,341300,0.0,0.0
2025-11-18 00:00:00-05:00,535.8399660156741,549.6170868486117,534.5611301641754,547.8087768554688,344400,0.0,0.0
2025-11-19 00:00:00-05:00,547.1293679686886,558.3588774793399,547.1293679686886,556.19091796875,282100,0.0,0.0
2025-11-20 00:00:00-05:00,558.388844589386,560.816632514347,545.3710254909676,550.7260131835938,270300,0.0,0.0
2025-11-21 00:00:00-05:00,550.7460383546994,564.0835669906202,549.0776124656536,559.777587890625,390700,0.0,0.0
2025-11-24 00:00:00-05:00,557.8493927710078,560.0273529068754,539.0069917321928,540.2857666015625,420200,0.0,0.0
2025-11-25 00:00:00-05:00,543.9723021145135,565.5022574704903,541.4946340033305,564.9127807617188,319900,0.0,0.0
2025-11-26 00:00:00-05:00,565.1025871565214,572.2159432842574,562.9845688138947,570.6473999023438,245500,0.0,0.0
2025-11-28 00:00:00-05:00,570.4575746825232,573.2250113287794,567.7001384683572,569.9281005859375,104800,0.0,0.0
2025-12-01 00:00:00-05:00,571.8563354652346,573.0651682716555,564.4732110435315,568.599365234375,278500,0.0,0.0
2025-12-02 00:00:00-05:00,572.3458416853201,572.3458416853201,564.3232997262622,566.281494140625,221200,0.0,0.0
2025-12-03 00:00:00-05:00,562.275233568958,569.4685324908071,553.5733937915363,554.7822265625,237800,0.0,0.0
2025-12-04 00:00:00-05:00,554.7822217787618,564.8528401825142,554.562456178026,562.6249389648438,377600,0.0,0.0
2025-12-05 00:00:00-05:00,562.6448954104019,568.9090689111833,556.4806652587345,566.5013427734375,276600,0.0,0.0
2025-12-08 00:00:00-05:00,568.5094302871647,569.1987894007731,559.7376480800291,565.9918212890625,301900,0.0,0.0
2025-12-09 00:00:00-05:00,566.1816401445564,568.3696006995503,553.5833509512944,562.71484375,537800,0.0,0.0
2025-12-10 00:00:00-05:00,538.0478495190471,568.8591214618729,529.3460096563781,532.682861328125,740600,0.0,0.0
2025-12-11 00:00:00-05:00,534.7010049110878,547.3791755070916,530.6347923613515,542.1740112304688,367800,0.0,0.0
2025-12-12 00:00:00-05:00,542.5137290168013,546.4799982753435,533.0025855774313,539.5664672851562,240600,0.0,0.0
2025-12-15 00:00:00-05:00,542.0541140827589,548.8977027447168,538.4874354368836,546.4100341796875,395300,0.0,0.0
2025-12-16 00:00:00-05:00,546.5299253539183,553.4335167112375,541.7644143025833,552.3045654296875,308700,0.0,0.0
2025-12-17 00:00:00-05:00,552.3045762060401,558.2390403853361,550.895856695656,554.2127685546875,224700,0.0,0.0
2025-12-18 00:00:00-05:00,552.4844113101312,559.4578840049478,540.6154827313932,547.0294799804688,348400,0.0,0.0
2025-12-19 00:00:00-05:00,545.6207777316087,558.9983071495094,543.5527005411003,557.96923828125,529900,0.0,0.0
2025-12-22 00:00:00-05:00,558.6985695715197,574.1441770501065,556.9802025211931,573.0452270507812,295600,0.0,0.0
2025-12-23 00:00:00-05:00,572.9452946859395,575.4429638034283,564.2334540736987,566.4513549804688,262400,0.0,0.0
2025-12-24 00:00:00-05:00,566.2315884465951,570.8272752239985,566.2315884465951,567.3005981445312,121700,0.0,0.0
2025-12-26 00:00:00-05:00,567.2306449417214,573.4548167369878,564.8029179285842,568.2696533203125,146000,0.0,0.0
2025-12-29 00:00:00-05:00,566.6711442807695,575.4329255031265,564.7229503016823,566.411376953125,197600,0.0,0.0
2025-12-30 00:00:00-05:00,562.6648993379657,569.2687217182277,560.047347033259,561.0763549804688,199400,0.0,0.0
2025-12-31 00:00:00-05:00,560.087299987408,562.6948519161283,551.7351090777962,552.1947021484375,212700,0.0,0.0
2026-01-02 00:00:00-05:00,551.3154710158803,559.1881282998858,550.895818734588,555.7413330078125,184200,0.0,0.0
2026-01-05 00:00:00-05:00,552.3245519426099,568.5993409919561,552.3245519426099,563.73388671875,292800,0.0,0.0
2026-01-06 00:00:00-05:00,565.0526990105508,566.9708918261672,556.4906819258475,563.3143310546875,231900,0.0,0.0
2026-01-07 00:00:00-05:00,565.5921279334607,573.46478526448,563.8837004363406,573.0751342773438,226300,0.0,0.0
2026-01-08 00:00:00-05:00,575.8325757290942,591.6278317166733,574.6836236217481,585.833251953125,371800,0.0,0.0
2026-01-09 00:00:00-05:00,589.5497755176107,602.8973652042125,587.4717587817008,593.246337890625,389400,0.0,0.0
2026-01-12 00:00:00-05:00,592.4870451214589,609.5211969891878,592.4471043684434,601.8883056640625,324800,0.0,0.0
2026-01-13 00:00:00-05:00,602.9272714923642,607.2831914153165,599.4405354675802,604.0662231445312,331500,0.0,0.0
2026-01-14 00:00:00-05:00,609.0315767669731,621.4200392395751,603.9463568959334,615.725341796875,324700,0.0,0.0
2026-01-15 00:00:00-05:00,619.2720123627121,640.5221992093923,613.6273171473521,636.7756958007812,560900,0.0,0.0
2026-01-16 00:00:00-05:00,632.8693950506283,640.5222261716629,629.4125991412704,639.8128662109375,433000,0.0,0.0
2026-01-20 00:00:00-05:00,641.7311133353447,647.3858091628015,635.8565909255711,637.974609375,520900,0.0,0.0
2026-01-21 00:00:00-05:00,631.4706766504389,637.2353163235056,620.5308740297809,624.8368530273438,442400,0.0,0.0
2026-01-22 00:00:00-05:00,625.3663896766053,631.8902695342564,613.5474026440734,618.2330322265625,409600,0.0,0.0
2026-01-23 00:00:00-05:00,618.1231523458107,622.828721837765,613.0578721650601,622.7488403320312,237100,0.0,0.0
2026-01-26 00:00:00-05:00,624.6370401864151,627.414477493286,610.5702117291219,616.5446166992188,275100,0.0,0.0
2026-01-27 00:00:00-05:00,618.3429126433697,623.2283679268882,611.9688563665507,616.4646606445312,236400,0.0,0.0
2026-01-28 00:00:00-05:00,614.4366013621794,616.6745031277432,607.4331274227101,614.71630859375,195300,0.0,0.0
2026-01-29 00:00:00-05:00,614.7262694532585,614.776210636583,601.1289743314284,610.75,287400,0.0,0.0
2026-01-30 00:00:00-05:00,605.72998046875,613.3099975585938,603.4000244140625,606.5,322400,0.57,0.0
2026-02-02 00:00:00-05:00,607.8200073242188,625.9099731445312,606.0,625.8599853515625,288100,0.0,0.0
2026-02-03 00:00:00-05:00,626.4099731445312,644.0,623.780029296875,641.3699951171875,376000,0.0,0.0
2026-02-04 00:00:00-05:00,643.530029296875,658.27001953125,635.0,647.760009765625,512300,0.0,0.0
2026-02-05 00:00:00-05:00,648.8300170898438,658.2899780273438,641.1400146484375,653.02001953125,351700,0.0,0.0
2026-02-06 00:00:00-05:00,651.7899780273438,664.4099731445312,651.7899780273438,660.9000244140625,430000,0.0,0.0
2026-02-09 00:00:00-05:00,663.3300170898438,666.280029296875,652.52001953125,658.9600219726562,290500,0.0,0.0
2026-02-10 00:00:00-05:00,660.7999877929688,661.3499755859375,652.97998046875,653.719970703125,397200,0.0,0.0
2026-02-11 00:00:00-05:00,656.4500122070312,661.5,642.7899780273438,648.7899780273438,316700,0.0,0.0
2026-02-12 00:00:00-05:00,654.3900146484375,678.6699829101562,653.5,663.8800048828125,495500,0.0,0.0
2026-02-13 00:00:00-05:00,665.0399780273438,674.25,659.280029296875,665.8599853515625,329000,0.0,0.0
2026-02-17 00:00:00-05:00,665.9199829101562,673.530029296875,655.7100219726562,661.530029296875,229600,0.0,0.0
2026-02-18 00:00:00-05:00,662.9500122070312,671.1599731445312,654.3599853515625,657.6799926757812,287200,0.0,0.0
2026-02-19 00:00:00-05:00,657.489990234375,665.760009765625,655.6699829101562,663.1099853515625,328200,0.0,0.0
2026-02-20 00:00:00-05:00,663.0599975585938,670.2000122070312,656.3900146484375,667.219970703125,237600,0.0,0.0
2026-02-23 00:00:00-05:00,667.1099853515625,674.3200073242188,658.2999877929688,671.75,316400,0.0,0.0
2026-02-24 00:00:00-05:00,674.989990234375,684.6099853515625,669.5499877929688,681.47998046875,269100,0.0,0.0
2026-02-25 00:00:00-05:00,683.6300048828125,685.5399780273438,670.260009765625,675.739990234375,285700,0.0,0.0
2026-02-26 00:00:00-05:00,676.3599853515625,685.7899169921875,674.0399780273438,682.3499755859375,249737,0.0,0.0
