Date,Open,High,Low,Close,Volume,Dividends,Stock Splits
2022-01-03 00:00:00-05:00,142.92319791543153,143.71752743331825,139.13120876064292,140.07684326171875,74000,0.0,0.0
2022-01-04 00:00:00-05:00,140.21866392048497,143.08393492137083,139.50943813948876,141.3817901611328,65800,0.0,0.0
2022-01-05 00:00:00-05:00,141.3912381098627,142.5543642054832,138.17607297936303,138.4030303955078,56100,0.0,0.0
2022-01-06 00:00:00-05:00,138.12881670893003,138.4881479507744,136.36993623721563,137.00350952148438,77400,0.0,0.0
2022-01-07 00:00:00-05:00,137.42904968655867,139.04607643728224,137.42904968655867,138.54489135742188,60900,0.0,0.0
2022-01-10 00:00:00-05:00,138.2517453941428,138.5827232034431,135.49049469762394,136.48341369628906,55300,0.0,0.0
2022-01-11 00:00:00-05:00,135.78360558877668,138.37464838203215,135.1216645625383,138.04367065429688,59100,0.0,0.0
2022-01-12 00:00:00-05:00,137.61813589723462,139.53777205626577,135.77415220127267,138.5070343017578,90500,0.0,0.0
2022-01-13 00:00:00-05:00,138.11933641486235,141.5141599134888,137.44794417691386,140.52125549316406,79700,0.0,0.0
2022-01-14 00:00:00-05:00,139.99172166833213,139.99172166833213,137.14536708623115,138.63002014160156,58600,0.0,0.0
2022-01-18 00:00:00-05:00,137.2777321461743,138.1004293850814,136.05787022540733,137.49522399902344,53600,0.0,0.0
2022-01-19 00:00:00-05:00,137.54250860068393,137.71273028104355,134.96093095397907,135.15005493164062,53200,0.0,0.0
2022-01-20 00:00:00-05:00,135.0839152611654,137.02245474649902,133.42905462688768,133.7978515625,57000,0.0,0.0
2022-01-21 00:00:00-05:00,133.6275968997097,134.44084307392967,130.23277281224787,130.48809814453125,76500,0.0,0.0
2022-01-24 00:00:00-05:00,128.44552497529986,131.85926580800998,126.10035565433895,131.81198120117188,109100,0.0,0.0
2022-01-25 00:00:00-05:00,130.09092473587413,130.09092473587413,125.62752943991686,129.53298950195312,113800,0.0,0.0
2022-01-26 00:00:00-05:00,129.92073418164824,132.89002618139614,125.15474225418711,127.22566986083984,116100,0.0,0.0
2022-01-27 00:00:00-05:00,128.57791561963202,129.12638532488364,124.09560319141207,124.56842041015625,68400,0.0,0.0
2022-01-28 00:00:00-05:00,124.51170416865514,126.80013813455972,122.42185981461427,126.71503448486328,91200,0.0,0.0
2022-01-31 00:00:00-05:00,126.23275581681538,130.09094634552923,126.23275581681538,129.93017578125,255200,0.0,0.0
2022-02-01 00:00:00-05:00,130.77175434304755,131.57554922883546,128.86158354330652,131.4431610107422,70400,0.0,0.0
2022-02-02 00:00:00-05:00,131.3485835163364,132.09564260849606,130.4691506436793,131.66064453125,57900,0.0,0.0
2022-02-03 00:00:00-05:00,130.5826723549656,131.19734347381413,128.5117303689656,128.82379150390625,55600,0.0,0.0
2022-02-04 00:00:00-05:00,128.09565462068622,130.0909439757499,126.15710102645818,128.88998413085938,62100,0.0,0.0
2022-02-07 00:00:00-05:00,128.85217956774184,129.88293236128644,127.82144120343773,128.40773010253906,62600,0.0,0.0
2022-02-08 00:00:00-05:00,128.7292211303442,130.7717805576311,128.48334694085892,129.92071533203125,48700,0.0,0.0
2022-02-09 00:00:00-05:00,131.291891013345,133.2209934810111,131.2446064023188,131.8687286376953,46100,0.0,0.0
2022-02-10 00:00:00-05:00,130.31790103415221,133.26827634880095,129.56139047343135,130.24224853515625,61800,0.0,0.0
2022-02-11 00:00:00-05:00,131.33319968640396,132.4336546842811,129.0753721003251,129.9102020263672,75900,0.44,0.0
2022-02-14 00:00:00-05:00,129.27460051515115,130.83041073966683,128.84770410439936,129.58766174316406,80000,0.0,0.0
2022-02-15 00:00:00-05:00,131.10551760178623,132.7846589290127,130.35607852097957,132.3482666015625,74200,0.0,0.0
2022-02-16 00:00:00-05:00,132.67082967143816,132.67082967143816,130.66914558588024,131.8075408935547,88900,0.0,0.0
2022-02-17 00:00:00-05:00,130.4509114605288,130.97268007571344,128.8097251577465,129.1512451171875,66700,0.0,0.0
2022-02-18 00:00:00-05:00,130.915782410671,134.53969000244342,129.00897079107986,133.02182006835938,132600,0.0,0.0
2022-02-22 00:00:00-05:00,133.53405875694574,133.53405875694574,129.92914391590884,131.11497497558594,97000,0.0,0.0
2022-02-23 00:00:00-05:00,131.51342967599663,131.51342967599663,127.83260495316964,128.1361846923828,150000,0.0,0.0
2022-02-24 00:00:00-05:00,125.39453143598926,127.35827491361344,123.44977978677909,126.78907012939453,95900,0.0,0.0
2022-02-25 00:00:00-05:00,127.1590757462061,130.934773626173,126.51399036499488,130.92527770996094,87500,0.0,0.0
2022-02-28 00:00:00-05:00,129.17025731848574,132.58544335881137,129.17025731848574,131.95933532714844,104400,0.0,0.0
2022-03-01 00:00:00-05:00,132.31980153858916,132.75619384537003,128.14568096942094,129.86276245117188,130300,0.0,0.0
2022-03-02 00:00:00-05:00,131.07708062415307,133.7523236747128,130.06201629697517,132.5759735107422,77500,0.0,0.0
2022-03-03 00:00:00-05:00,133.55307382725704,133.92305264335263,131.05807994086726,132.4051971435547,66200,0.0,0.0
2022-03-04 00:00:00-05:00,130.60272949579203,133.82819969187983,130.60272949579203,132.7941436767578,63300,0.0,0.0
2022-03-07 00:00:00-05:00,132.74669648969257,132.74669648969257,127.32982703839312,127.63339233398438,64400,0.0,0.0
2022-03-08 00:00:00-05:00,126.80804620607223,127.16854353081459,121.85601384983585,122.03626251220703,114100,0.0,0.0
2022-03-09 00:00:00-05:00,124.27512267073597,129.43586290535325,124.00949761237891,128.62001037597656,117100,0.0,0.0
2022-03-10 00:00:00-05:00,126.49500533227011,127.53854276853295,124.38896757943503,125.5083999633789,70300,0.0,0.0
2022-03-11 00:00:00-05:00,125.84992198903151,125.84992198903151,121.04018274115758,121.46707916259766,82400,0.0,0.0
2022-03-14 00:00:00-04:00,122.42524699628125,123.77234984367655,120.67021058549797,122.95649719238281,90800,0.0,0.0
2022-03-15 00:00:00-04:00,124.05694641460663,126.40963194667063,122.97546871655868,124.49332427978516,80900,0.0,0.0
2022-03-16 00:00:00-04:00,125.31867055016917,128.25004235317954,125.19533945004548,128.20260620117188,85300,0.0,0.0
2022-03-17 00:00:00-04:00,127.74722235596069,130.6026985708569,126.65624900622919,130.03350830078125,62900,0.0,0.0
2022-03-18 00:00:00-04:00,129.9860878605452,130.9537157791979,127.81363681223182,129.6066131591797,178600,0.0,0.0
2022-03-21 00:00:00-04:00,129.72994257649174,130.53631364046797,129.07536139110766,130.46041870117188,59100,0.0,0.0
2022-03-22 00:00:00-04:00,131.39012123552166,133.24951126987145,129.3315196290337,129.53073120117188,72200,0.0,0.0
2022-03-23 00:00:00-04:00,129.12280893951242,129.12280893951242,126.77960495544781,127.29187774658203,57100,0.0,0.0
2022-03-24 00:00:00-04:00,128.3733704342865,128.3733704342865,125.3660892784025,126.69422912597656,56100,0.0,0.0
2022-03-25 00:00:00-04:00,127.38673938654311,127.38673938654311,125.50838667561521,127.17803192138672,69800,0.0,0.0
2022-03-28 00:00:00-04:00,126.63733624461872,127.88008547288032,125.21433829308553,126.8365478515625,74700,0.0,0.0
2022-03-29 00:00:00-04:00,127.86110391888491,131.03913836323827,127.86110391888491,130.24224853515625,102900,0.0,0.0
2022-03-30 00:00:00-04:00,130.77351254904156,130.77351254904156,128.43978962831088,129.2082061767578,70300,0.0,0.0
2022-03-31 00:00:00-04:00,127.96539563263865,129.81528911690978,125.84038124722068,125.8878173828125,75700,0.0,0.0
2022-04-01 00:00:00-04:00,126.16301162013221,130.50790071227743,126.16301162013221,130.32765197753906,149500,0.0,0.0
2022-04-04 00:00:00-04:00,129.6920097821173,129.6920097821173,127.02624874121085,129.46432495117188,68200,0.0,0.0
2022-04-05 00:00:00-04:00,130.0619754896256,131.53239463888596,128.45872934574416,129.9386444091797,84400,0.0,0.0
2022-04-06 00:00:00-04:00,128.82872334369446,129.69201205792928,127.12112327034002,129.54022216796875,79900,0.0,0.0
2022-04-07 00:00:00-04:00,129.08488358619505,129.08488358619505,126.2388879228314,126.85551452636719,125200,0.0,0.0
2022-04-08 00:00:00-04:00,126.33372826110786,128.59155580679797,125.30916822715136,125.38506317138672,90000,0.0,0.0
2022-04-11 00:00:00-04:00,124.42691273900266,125.17635176716306,122.2449802059893,122.44420623779297,101500,0.0,0.0
2022-04-12 00:00:00-04:00,123.50670484131724,124.27512121366082,120.4994311402738,120.94530487060547,132700,0.0,0.0
2022-04-13 00:00:00-04:00,121.06864171489522,124.10437435365118,121.06864171489522,122.39677429199219,113500,0.0,0.0
2022-04-14 00:00:00-04:00,122.6244456701035,123.92412670101622,119.74999881158654,119.91127014160156,75900,0.0,0.0
2022-04-18 00:00:00-04:00,119.91129045447234,120.83149691580779,118.9057003560095,120.56586456298828,85300,0.0,0.0
2022-04-19 00:00:00-04:00,120.81250011426422,123.81027809335872,120.81250011426422,123.26954650878906,89600,0.0,0.0
2022-04-20 00:00:00-04:00,124.0758967892765,126.40961920535582,124.0758967892765,124.3699951171875,89700,0.0,0.0
2022-04-21 00:00:00-04:00,125.84991014896312,126.76062049895734,122.15010773510653,123.24108123779297,117200,0.0,0.0
2022-04-22 00:00:00-04:00,122.28292894953363,124.1992365571621,120.13895097597616,120.62277221679688,192600,0.0,0.0
2022-04-25 00:00:00-04:00,119.17130265116599,120.59430018395034,116.00275771454152,119.96817779541016,198700,0.0,0.0
2022-04-26 00:00:00-04:00,118.65904820574083,119.06697454243256,114.77900366775565,115.39563751220703,201500,0.0,0.0
2022-04-27 00:00:00-04:00,114.88335406515905,117.2265582629696,114.88335406515905,115.21538543701172,164700,0.0,0.0
2022-04-28 00:00:00-04:00,116.04072016106726,118.12778058342741,109.1913566611945,115.45254516601562,261700,0.0,0.0
2022-04-29 00:00:00-04:00,115.81303629532528,115.81303629532528,112.81525112720497,114.49439239501953,526800,0.0,0.0
2022-05-02 00:00:00-04:00,114.22878288733293,115.79407471388113,110.84204109560672,112.63502502441406,210600,0.0,0.0
2022-05-03 00:00:00-04:00,113.82085499170893,115.31025908073863,112.06581856438365,114.72208404541016,185000,0.0,0.0
2022-05-04 00:00:00-04:00,114.61769847714562,120.76505051134468,114.58923968680614,120.68915557861328,224500,0.0,0.0
2022-05-05 00:00:00-04:00,119.66460838177342,120.2432946391348,116.79964312606192,117.7577896118164,116600,0.0,0.0
2022-05-06 00:00:00-04:00,117.49217997298261,117.77678241936002,114.83592183700391,116.03123474121094,146400,0.0,0.0
2022-05-09 00:00:00-04:00,114.61772346503496,116.91349139761795,114.5797759903963,115.82252502441406,122800,0.0,0.0
2022-05-10 00:00:00-04:00,116.88502832378329,116.88502832378329,111.67685885237324,113.21369171142578,176200,0.0,0.0
2022-05-11 00:00:00-04:00,113.51726850664276,116.08815004023786,112.41681352460724,112.967041015625,261300,0.0,0.0
2022-05-12 00:00:00-04:00,112.95754122719849,113.76390502941292,110.68074378032162,113.25162506103516,166800,0.0,0.0
2022-05-13 00:00:00-04:00,114.2801559069925,116.04197352407797,113.51828529465124,115.23249053955078,151700,0.46,0.0
2022-05-16 00:00:00-04:00,114.90869988907937,115.95626652843727,113.10878075475183,114.85155487060547,117200,0.0,0.0
2022-05-17 00:00:00-04:00,116.1848482131752,118.2799819140028,115.19441912701039,117.59430694580078,167900,0.0,0.0
2022-05-18 00:00:00-04:00,116.889557563422,118.23235296097202,113.65161817127657,113.88970184326172,144200,0.0,0.0
2022-05-19 00:00:00-04:00,113.44212283694537,115.7086770222086,112.62311433602298,114.44207000732422,206400,0.0,0.0
2022-05-20 00:00:00-04:00,115.07059763774889,115.07059763774889,112.6802356290492,114.71823120117188,169000,0.0,0.0
2022-05-23 00:00:00-04:00,114.71823925920684,115.71819361940886,113.64210364352462,114.89918518066406,233900,0.0,0.0
2022-05-24 00:00:00-04:00,115.35628386867454,119.93701809187883,114.79440995982931,118.61327362060547,487700,0.0,0.0
2022-05-25 00:00:00-04:00,117.36571532119449,119.27990992201386,115.69912975342184,117.94664001464844,439600,0.0,0.0
2022-05-26 00:00:00-04:00,119.24180380095235,120.79410644538437,118.6894480382456,119.9560546875,123200,0.0,0.0
2022-05-27 00:00:00-04:00,120.79411903370371,123.5939851257884,120.64174927354388,123.28924560546875,113300,0.0,0.0
2022-05-31 00:00:00-04:00,122.0988363742039,123.39401212723796,121.03221164545735,121.41314697265625,244600,0.0,0.0
2022-06-01 00:00:00-04:00,122.40357223694373,122.40357223694373,118.82279189411156,120.02273559570312,114800,0.0,0.0
2022-06-02 00:00:00-04:00,120.8608020924817,121.95598120145573,120.26082657233574,121.42267608642578,153600,0.0,0.0
2022-06-03 00:00:00-04:00,120.54653877662355,121.82266390041413,120.04180250331122,120.56558227539062,123100,0.0,0.0
2022-06-06 00:00:00-04:00,122.04169211884208,122.86070058321486,121.6607640323094,122.3940658569336,82000,0.0,0.0
2022-06-07 00:00:00-04:00,121.07029125114298,123.39399719238283,120.63221822089388,123.39399719238281,80300,0.0,0.0
2022-06-08 00:00:00-04:00,122.53691590091067,123.46068181135246,121.47030558430806,121.70838928222656,50100,0.0,0.0
2022-06-09 00:00:00-04:00,120.69889957040984,121.22268656919842,119.57514431770299,119.841796875,81700,0.0,0.0
2022-06-10 00:00:00-04:00,118.00379084139118,118.76565420758115,116.31815442961759,117.84188842773438,109200,0.0,0.0
2022-06-13 00:00:00-04:00,115.1943987000418,116.20387110670448,113.70875896710625,114.31825256347656,154400,0.0,0.0
2022-06-14 00:00:00-04:00,115.12774827157986,115.7277165532366,112.19455547422733,112.87071228027344,119000,0.0,0.0
2022-06-15 00:00:00-04:00,112.94688606292269,114.33729375573465,111.08983643417234,112.85165405273438,134600,0.0,0.0
2022-06-16 00:00:00-04:00,110.4136751547945,110.4136751547945,107.96617553881296,108.33758544921875,119400,0.0,0.0
2022-06-17 00:00:00-04:00,109.85180623665187,111.21364514883673,109.02327969738576,109.28993225097656,215600,0.0,0.0
2022-06-21 00:00:00-04:00,109.7279958204959,111.52790766679797,107.50905441734498,110.56604766845703,99100,0.0,0.0
2022-06-22 00:00:00-04:00,109.34707723781432,111.55649359816887,109.33755185577424,110.68987274169922,106600,0.0,0.0
2022-06-23 00:00:00-04:00,110.94700696533543,111.7660154950081,109.9280089945666,111.68982696533203,77800,0.0,0.0
2022-06-24 00:00:00-04:00,112.12788734197414,115.47058422699291,110.9660378268217,114.51824951171875,274500,0.0,0.0
2022-06-27 00:00:00-04:00,115.09918231849733,116.0038974549821,114.60396416310992,115.68010711669922,72600,0.0,0.0
2022-06-28 00:00:00-04:00,116.55624220939583,117.53714577826423,114.97537040107296,115.07060241699219,80800,0.0,0.0
2022-06-29 00:00:00-04:00,115.48011651555537,115.48011651555537,112.64215569737213,113.77543640136719,77400,0.0,0.0
2022-06-30 00:00:00-04:00,112.1754996885351,115.5181963561567,112.1754996885351,115.29915618896484,145200,0.0,0.0
2022-07-01 00:00:00-04:00,115.29916506086686,117.09907711291362,114.48968199639005,116.22293090820312,96100,0.0,0.0
2022-07-05 00:00:00-04:00,114.2135070892115,117.78476240893703,114.14684394720612,117.4323959350586,108800,0.0,0.0
2022-07-06 00:00:00-04:00,116.746702630559,117.54666752416115,116.40386883700019,117.02288055419922,119200,0.0,0.0
2022-07-07 00:00:00-04:00,116.97527867608358,118.47044393771102,116.97527867608358,118.07046508789062,54000,0.0,0.0
2022-07-08 00:00:00-04:00,117.63239394480804,118.16570638550483,116.49912044802078,117.59430694580078,69900,0.0,0.0
2022-07-11 00:00:00-04:00,116.88004374704497,117.91808510752846,116.76576096462311,117.8228530883789,129400,0.0,0.0
2022-07-12 00:00:00-04:00,117.72761195844959,118.78470400039848,115.97531242560927,117.29905700683594,89500,0.0,0.0
2022-07-13 00:00:00-04:00,115.67056359863919,116.09911854273238,112.35644314614892,115.23249053955078,73800,0.0,0.0
2022-07-14 00:00:00-04:00,113.79446723416842,115.12773722004661,112.67071203738011,114.82299041748047,69600,0.0,0.0
2022-07-15 00:00:00-04:00,116.66098846777848,117.15619926271769,115.45152672303655,116.82288360595703,63000,0.0,0.0
2022-07-18 00:00:00-04:00,118.20379175492273,118.25140413296782,116.37530351343776,116.6705322265625,84800,0.0,0.0
2022-07-19 00:00:00-04:00,117.413355514246,120.8988970194676,116.9943258873798,120.82271575927734,74100,0.0,0.0
2022-07-20 00:00:00-04:00,121.34646446925976,121.74644322940306,120.69887669609332,121.64169311523438,100200,0.0,0.0
2022-07-21 00:00:00-04:00,120.78461938076117,122.94642335524287,120.69890547415903,122.8988037109375,56900,0.0,0.0
2022-07-22 00:00:00-04:00,122.63215114059771,123.49876472846442,121.89884930642569,122.8988037109375,41000,0.0,0.0
2022-07-25 00:00:00-04:00,123.54636997116407,123.58447149475701,122.06073024345672,123.0225830078125,102600,0.0,0.0
2022-07-26 00:00:00-04:00,122.565464581112,123.32733519517609,121.60361183138349,123.15592193603516,113200,0.0,0.0
2022-07-27 00:00:00-04:00,123.80352798442496,125.78438617595292,122.73691762417003,124.98442840576172,128600,0.0,0.0
2022-07-28 00:00:00-04:00,125.37484790124034,125.37484790124034,116.64194837633809,117.63236999511719,149500,0.0,0.0
2022-07-29 00:00:00-04:00,118.4704321447864,123.09877186835813,116.92764739310465,122.22262573242188,242400,0.0,0.0
2022-08-01 00:00:00-04:00,122.51785949274544,123.43210724448892,121.0512703749721,122.3940658569336,93600,0.0,0.0
2022-08-02 00:00:00-04:00,121.27980763690854,122.94640042213908,118.91802194095179,119.51799011230469,116900,0.0,0.0
2022-08-03 00:00:00-04:00,119.80371482752781,122.19406982610371,119.80371482752781,120.77509307861328,61100,0.0,0.0
2022-08-04 00:00:00-04:00,121.10838406571838,121.27980457688497,120.12748063294025,120.47032165527344,66100,0.0,0.0
2022-08-05 00:00:00-04:00,119.1465873159904,120.81317293493197,119.1465873159904,120.33700561523438,52400,0.0,0.0
2022-08-08 00:00:00-04:00,121.49885064189021,122.47975412245952,120.78459968818599,121.54646301269531,63200,0.0,0.0
2022-08-09 00:00:00-04:00,122.15596463187664,122.15596463187664,119.33704778923561,119.92749786376953,130300,0.0,0.0
2022-08-10 00:00:00-04:00,121.10840937756015,122.47977375351012,119.34659152918628,120.9369888305664,116200,0.0,0.0
2022-08-11 00:00:00-04:00,121.29885902385861,123.85111600895269,121.29885902385861,122.67974853515625,65600,0.0,0.0
2022-08-12 00:00:00-04:00,123.69873223649986,125.28912916702964,122.27023043323065,125.20342254638672,76400,0.0,0.0
2022-08-15 00:00:00-04:00,124.44847693245708,126.52229788576645,124.31468250264678,126.07312774658203,68500,0.46,0.0
2022-08-16 00:00:00-04:00,125.70993810619233,127.00010985910379,125.05053221864453,126.7325210571289,91000,0.0,0.0
2022-08-17 00:00:00-04:00,126.5222858648802,126.58919036467833,125.32768764703727,125.91065216064453,59300,0.0,0.0
2022-08-18 00:00:00-04:00,125.52837156416068,126.32157185342838,124.8593849761097,126.01576232910156,102300,0.0,0.0
2022-08-19 00:00:00-04:00,126.19734603677506,126.19734603677506,124.00883415421642,125.23210144042969,104000,0.0,0.0
2022-08-22 00:00:00-04:00,124.30512038820667,125.87243268225986,122.14527745612875,122.4319839477539,70900,0.0,0.0
2022-08-23 00:00:00-04:00,121.7821164183345,123.28253143170609,119.45981727878498,120.30081176757812,86300,0.0,0.0
2022-08-24 00:00:00-04:00,119.93765695543351,121.22782152817848,119.67006813041957,120.51106262207031,43000,0.0,0.0
2022-08-25 00:00:00-04:00,121.30427820996502,122.05926513671875,120.77865209284258,122.05926513671875,40600,0.0,0.0
2022-08-26 00:00:00-04:00,121.91589681260592,121.91589681260592,116.3729590116929,116.42074584960938,50300,0.0,0.0
2022-08-29 00:00:00-04:00,115.28350535614105,115.94292591454908,113.99334072159189,115.44597625732422,48100,0.0,0.0
2022-08-30 00:00:00-04:00,116.21050368505743,116.21050368505743,113.43903458769931,114.37560272216797,55400,0.0,0.0
2022-08-31 00:00:00-04:00,115.12102590444314,115.12102590444314,113.17144097976765,113.5919418334961,66000,0.0,0.0
2022-09-01 00:00:00-04:00,112.77005205699444,112.77005205699444,110.74401120874845,112.38777923583984,57600,0.0,0.0
2022-09-02 00:00:00-04:00,113.55373901657781,113.55373901657781,109.97950284054839,110.53379821777344,77100,0.0,0.0
2022-09-06 00:00:00-04:00,111.38432023500165,111.95772581571484,109.64498584179806,111.3460922241211,66000,0.0,0.0
2022-09-07 00:00:00-04:00,111.8239622673386,114.52852733909023,111.8239622673386,114.23226928710938,67700,0.0,0.0
2022-09-08 00:00:00-04:00,112.98987446012397,115.02546707985464,112.41646151597587,114.30870819091797,59500,0.0,0.0
2022-09-09 00:00:00-04:00,114.15580417086777,117.45289966701873,114.11758344373033,117.19486236572266,82100,0.0,0.0
2022-09-12 00:00:00-04:00,117.48156551654404,118.44680290241276,116.91771137544293,117.96896362304688,48900,0.0,0.0
2022-09-13 00:00:00-04:00,117.01327270800432,118.27476798066951,115.07324660524061,115.64665222167969,76600,0.0,0.0
2022-09-14 00:00:00-04:00,115.08280118643587,116.16272253875117,113.77352633097141,114.76742553710938,86200,0.0,0.0
2022-09-15 00:00:00-04:00,114.3087053096514,115.35039136885,113.06632035031072,114.27047729492188,72700,0.0,0.0
2022-09-16 00:00:00-04:00,113.11411094516988,113.39125859271977,111.54679874549016,112.36868286132812,196100,0.0,0.0
2022-09-19 00:00:00-04:00,111.28876014481445,114.25136937403538,111.08806853163308,113.68751525878906,70300,0.0,0.0
2022-09-20 00:00:00-04:00,112.58847927587952,112.96119329938335,111.23141758562213,112.39734649658203,62500,0.0,0.0
2022-09-21 00:00:00-04:00,113.53461915637612,113.99334079545801,110.65802456531438,110.92561340332031,64600,0.0,0.0
2022-09-22 00:00:00-04:00,111.059391634743,111.059391634743,108.45039355321347,108.55551147460938,97700,0.0,0.0
2022-09-23 00:00:00-04:00,107.29402794915005,107.38960163745972,105.8796277736513,106.45303344726562,73800,0.0,0.0
2022-09-26 00:00:00-04:00,106.80663245099463,108.44084183016214,106.22366797587513,107.72408294677734,139700,0.0,0.0
2022-09-27 00:00:00-04:00,108.31659879566907,108.63197445378735,103.93003793569946,105.25843048095703,108800,0.0,0.0
2022-09-28 00:00:00-04:00,106.19499917158387,108.39305538050552,105.1533057991777,107.52339172363281,66400,0.0,0.0
2022-09-29 00:00:00-04:00,106.69196286792464,106.69196286792464,104.40789149987717,105.65982818603516,97400,0.0,0.0
2022-09-30 00:00:00-04:00,105.82229226949103,108.20192988984633,104.1785239468765,104.43655395507812,109900,0.0,0.0
2022-10-03 00:00:00-04:00,105.30623058639858,108.98559185412036,105.30623058639858,108.42173767089844,75000,0.0,0.0
2022-10-04 00:00:00-04:00,109.37739525732611,112.74138747124071,109.37739525732611,112.6553726196289,64000,0.0,0.0
2022-10-05 00:00:00-04:00,111.03073880820004,113.27658203504141,110.95428277114823,112.26356506347656,61800,0.0,0.0
2022-10-06 00:00:00-04:00,112.50247621157621,112.77006502979292,111.18363519143894,111.43211364746094,54700,0.0,0.0
2022-10-07 00:00:00-04:00,111.46078250269055,111.53723853373742,109.07158621683914,110.29486083984375,128500,0.0,0.0
2022-10-10 00:00:00-04:00,110.03682956252466,111.09763335463006,108.48862765995895,109.86480712890625,95600,0.0,0.0
2022-10-11 00:00:00-04:00,109.53030884679144,111.41299657895328,108.70842478817005,110.72490692138672,122100,0.0,0.0
2022-10-12 00:00:00-04:00,111.06894460541731,111.21229782339684,109.09069061279297,109.09069061279297,111000,0.0,0.0
2022-10-13 00:00:00-04:00,107.57116102421162,112.61714193407902,107.5042638262114,111.7952651977539,75100,0.0,0.0
2022-10-14 00:00:00-04:00,112.18709906645469,112.19665789304979,108.19236262576332,108.53640747070312,80200,0.0,0.0
2022-10-17 00:00:00-04:00,110.16105377076637,112.37822752432407,109.86479577895956,111.35565185546875,81100,0.0,0.0
2022-10-18 00:00:00-04:00,114.07934882589802,114.70053403780729,112.55981617075047,113.6110610961914,93200,0.0,0.0
2022-10-19 00:00:00-04:00,112.74140288360836,113.31480857149917,110.58156725826245,111.72838592529297,103400,0.0,0.0
2022-10-20 00:00:00-04:00,112.08198111395113,112.39735679079988,109.30096027685002,110.27574920654297,91600,0.0,0.0
2022-10-21 00:00:00-04:00,110.31398152849725,112.13932387030924,108.52685991453812,111.6710433959961,89600,0.0,0.0
2022-10-24 00:00:00-04:00,112.56937984068878,113.34347715060188,111.64237045949719,112.23489379882812,66700,0.0,0.0
2022-10-25 00:00:00-04:00,111.56590551356817,113.6015053752078,111.22186067191777,113.14277648925781,106800,0.0,0.0
2022-10-26 00:00:00-04:00,113.70663049254539,113.71618202779237,111.24097822664528,111.90995025634766,114700,0.0,0.0
2022-10-27 00:00:00-04:00,116.99416164477346,133.04956355678425,113.86909611986785,125.59526824951172,323200,0.0,0.0
2022-10-28 00:00:00-04:00,126.14956317295929,128.5100902565076,121.90634826030572,126.20690155029297,152700,0.0,0.0
2022-10-31 00:00:00-04:00,126.14958818662416,128.36676976647377,124.71607013904888,128.29031372070312,294700,0.0,0.0
2022-11-01 00:00:00-04:00,128.8254426933032,130.40230611573378,128.08001475733664,128.66297912597656,107900,0.0,0.0
2022-11-02 00:00:00-04:00,128.1373555909713,128.8732320074351,124.75424604800389,125.72904205322266,101700,0.0,0.0
2022-11-03 00:00:00-04:00,124.09486523138813,125.48059620882522,121.55275679512579,124.32421875,86600,0.0,0.0
2022-11-04 00:00:00-04:00,125.48058958105285,126.6274008610308,123.92282896443899,125.87242126464844,61200,0.0,0.0
2022-11-07 00:00:00-05:00,127.21034604592369,128.6151943902714,125.6717033155664,128.49095153808594,88500,0.0,0.0
2022-11-08 00:00:00-05:00,128.74897719180856,130.13470776132948,126.43623753745442,128.53872680664062,86000,0.0,0.0
2022-11-09 00:00:00-05:00,127.14347928634099,128.4623204701011,126.71342681674491,127.86980438232422,96600,0.0,0.0
2022-11-10 00:00:00-05:00,132.03654473581443,133.1833560165011,129.77157678027436,131.21466064453125,153500,0.0,0.0
2022-11-11 00:00:00-05:00,131.0904252860788,133.6707544611237,130.92796168206644,132.5526123046875,149800,0.0,0.0
2022-11-14 00:00:00-05:00,133.15666240930494,134.0867562353527,131.26771017545684,131.87179565429688,109000,0.46,0.0
2022-11-15 00:00:00-05:00,134.2402218399202,134.38404479662518,130.27054729360918,130.3760223388672,186600,0.0,0.0
2022-11-16 00:00:00-05:00,130.8074667000277,131.69921265784112,129.43630615297297,131.53619384765625,123000,0.0,0.0
2022-11-17 00:00:00-05:00,130.16503664388406,131.48826600771483,129.39794694556159,130.97047424316406,140900,0.0,0.0
2022-11-18 00:00:00-05:00,132.8594701165738,132.93618057463934,131.0472276089687,132.2937469482422,237300,0.0,0.0
2022-11-21 00:00:00-05:00,132.9937026700396,134.16351148888063,132.6485129426599,133.93338012695312,98900,0.0,0.0
2022-11-22 00:00:00-05:00,134.24018506647585,134.63332054847226,132.33205145443551,134.29771423339844,83000,0.0,0.0
2022-11-23 00:00:00-05:00,134.28815255068557,136.88665121545242,133.32929393144613,135.46754455566406,112000,0.0,0.0
2022-11-25 00:00:00-05:00,135.1319356598052,137.11677998740817,135.1319356598052,136.27297973632812,31500,0.0,0.0
2022-11-28 00:00:00-05:00,135.25661788387657,136.11000161736598,132.28416442871094,132.28416442871094,63800,0.0,0.0
2022-11-29 00:00:00-05:00,131.61292574698763,132.31290305707927,130.29929415112483,130.92254638671875,98100,0.0,0.0
2022-11-30 00:00:00-05:00,131.8430453150668,135.22781468976476,130.24175335678072,135.20863342285156,151300,0.0,0.0
2022-12-01 00:00:00-05:00,136.3592725668837,137.3852435450575,133.95252838843044,135.51547241210938,62300,0.0,0.0
2022-12-02 00:00:00-05:00,134.21145618222369,137.31816370157486,134.21145618222369,135.74563598632812,54700,0.0,0.0
2022-12-05 00:00:00-05:00,134.3936355874607,134.3936355874607,132.54303073399015,133.2909393310547,44800,0.0,0.0
2022-12-06 00:00:00-05:00,133.19505294615598,133.5594092686416,131.26773777736557,132.1786651611328,72200,0.0,0.0
2022-12-07 00:00:00-05:00,131.24855813641676,132.13070621396537,128.24732630434028,128.81304931640625,131400,0.0,0.0
2022-12-08 00:00:00-05:00,128.44870022149644,129.77191509639246,127.58571873158618,128.94729614257812,96800,0.0,0.0
2022-12-09 00:00:00-05:00,129.16784494798645,129.37878037373846,127.99803631716323,128.93771362304688,86300,0.0,0.0
2022-12-12 00:00:00-05:00,129.20621365008145,129.6664617430205,127.99805691948275,128.8418426513672,56100,0.0,0.0
2022-12-13 00:00:00-05:00,131.21980008399512,132.811494177605,128.11309307542956,130.24176025390625,100100,0.0,0.0
2022-12-14 00:00:00-05:00,131.13347179847062,131.30607392160317,128.2952590784577,130.05955505371094,100000,0.0,0.0
2022-12-15 00:00:00-05:00,127.88296494968402,128.36239424274697,126.07072280714691,126.60768127441406,92400,0.0,0.0
2022-12-16 00:00:00-05:00,125.54333192013198,127.11587385002053,124.17217133675427,124.57489013671875,246200,0.0,0.0
2022-12-19 00:00:00-05:00,125.9173106109451,127.37476505874459,125.10227499879099,126.07071685791016,100500,0.0,0.0
2022-12-20 00:00:00-05:00,126.49263721941014,130.1363031846194,125.67761610771998,129.68563842773438,166800,0.0,0.0
2022-12-21 00:00:00-05:00,131.25813261796694,133.2909078497731,130.62528252960578,133.0511932373047,118100,0.0,0.0
2022-12-22 00:00:00-05:00,132.51425996116296,134.0772042126008,130.86502194432617,133.90460205078125,117200,0.0,0.0
2022-12-23 00:00:00-05:00,134.41276823598278,135.41957251774232,133.4251452195857,134.8826141357422,75400,0.0,0.0
2022-12-27 00:00:00-05:00,135.65928455963402,136.02365543953417,134.38400111100185,135.43875122070312,72300,0.0,0.0
2022-12-28 00:00:00-05:00,136.3976311889724,136.8291146180234,134.8155204054453,135.08399963378906,74500,0.0,0.0
2022-12-29 00:00:00-05:00,135.7360408324469,138.9769880541181,135.58261992267023,138.74685668945312,71000,0.0,0.0
2022-12-30 00:00:00-05:00,137.27018939373696,138.62218341994867,136.42638921323265,138.2578125,125900,0.0,0.0
2023-01-03 00:00:00-05:00,138.90026842932753,140.30979185392232,136.1291674401558,137.3756866455078,109100,0.0,0.0
2023-01-04 00:00:00-05:00,137.79759216308594,138.9386217421609,136.66613127295548,137.79759216308594,126600,0.0,0.0
2023-01-05 00:00:00-05:00,136.56063454743926,137.2701951499833,134.3552569301997,135.35247802734375,201100,0.0,0.0
2023-01-06 00:00:00-05:00,137.12636391784656,137.12636391784656,134.393625670536,134.47991943359375,134500,0.0,0.0
2023-01-09 00:00:00-05:00,134.72923593754257,136.15794072357093,127.59533922067695,127.68163299560547,183200,0.0,0.0
2023-01-10 00:00:00-05:00,128.43910783033107,129.71439153682772,126.8090511202075,127.71038055419922,152600,0.0,0.0
2023-01-11 00:00:00-05:00,127.76792148848828,128.20900292714916,126.8761899223788,127.0008316040039,125400,0.0,0.0
2023-01-12 00:00:00-05:00,127.5281768658534,128.59251035576406,126.24331002391271,128.141845703125,159600,0.0,0.0
2023-01-13 00:00:00-05:00,127.90213311675804,129.92532511148391,126.98162253071818,129.38836669921875,75400,0.0,0.0
2023-01-17 00:00:00-05:00,128.96647014716677,130.05956826800605,128.6692263487573,129.33084106445312,103600,0.0,0.0
2023-01-18 00:00:00-05:00,129.1966160971497,131.00885830891542,126.08032557319659,126.9145278930664,100900,0.0,0.0
2023-01-19 00:00:00-05:00,126.56932569722277,126.94327993790559,124.1817626953125,124.1817626953125,81500,0.0,0.0
2023-01-20 00:00:00-05:00,125.06392007013518,126.8569955997245,123.85576350231688,126.83781433105469,115200,0.0,0.0
2023-01-23 00:00:00-05:00,126.76109606319685,126.97204611248078,125.1981665920733,125.5625228881836,86400,0.0,0.0
2023-01-24 00:00:00-05:00,125.51458098976579,126.89533967185002,124.86256418490414,125.37075805664062,147800,0.0,0.0
2023-01-25 00:00:00-05:00,124.81460827211833,127.47065039428676,123.42426638353872,126.69397735595703,114100,0.0,0.0
2023-01-26 00:00:00-05:00,127.88295972159605,128.6117015811128,126.0707176531467,128.48704528808594,93100,0.0,0.0
2023-01-27 00:00:00-05:00,128.48703116316537,129.014406232203,127.33640395954971,128.97604370117188,59400,0.0,0.0
2023-01-30 00:00:00-05:00,128.4966447291691,129.9828785895898,127.6624423706006,128.2185821533203,90100,0.0,0.0
2023-01-31 00:00:00-05:00,128.17060566021263,131.84303523371767,127.93089105069677,130.77870178222656,537800,0.0,0.0
2023-02-01 00:00:00-05:00,130.0883521856448,134.08679102795787,130.0883521856448,133.33888244628906,111600,0.0,0.0
2023-02-02 00:00:00-05:00,133.44433712512486,135.02646244576013,132.7156099244509,134.95933532714844,131700,0.0,0.0
2023-02-03 00:00:00-05:00,134.67169801176257,135.6113754168151,133.3484829890215,134.57582092285156,86400,0.0,0.0
2023-02-06 00:00:00-05:00,133.45394694242069,133.9429742436391,131.88141925849138,131.9677276611328,83000,0.0,0.0
2023-02-07 00:00:00-05:00,130.85543041667302,131.83347025624087,129.30208421284576,131.74716186523438,126500,0.0,0.0
2023-02-08 00:00:00-05:00,131.40195843679987,131.92933352208826,130.36640416334888,130.70199584960938,54400,0.0,0.0
2023-02-09 00:00:00-05:00,131.42116401038032,132.0348329601231,130.23218865020348,130.29930114746094,85800,0.0,0.0
2023-02-10 00:00:00-05:00,129.92533523992807,131.34444181597362,129.78151230793785,131.00885009765625,81700,0.0,0.0
2023-02-13 00:00:00-05:00,130.89337981256256,132.53855846735925,130.54702409358785,132.4808349609375,52500,0.46,0.0
2023-02-14 00:00:00-05:00,132.6347979973827,132.6347979973827,130.17183007663266,131.30709838867188,74200,0.0,0.0
2023-02-15 00:00:00-05:00,130.67215037186054,133.38525895196568,130.6432739274007,132.34619140625,119400,0.0,0.0
2023-02-16 00:00:00-05:00,132.03828901171434,137.26247229325762,127.17969286067256,134.05868530273438,141500,0.0,0.0
2023-02-17 00:00:00-05:00,135.03041660134923,136.27151616148024,133.96248757872436,134.88609313964844,202900,0.0,0.0
2023-02-21 00:00:00-05:00,134.4146732661898,134.4146732661898,128.37268633274687,128.65170288085938,88800,0.0,0.0
2023-02-22 00:00:00-05:00,128.90183461060107,130.88375335268023,127.78581253205823,128.5651092529297,69500,0.0,0.0
2023-02-23 00:00:00-05:00,129.1519828618372,129.75809434720327,126.01553539349392,128.94993591308594,147200,0.0,0.0
2023-02-24 00:00:00-05:00,127.57419256281564,129.69080509218125,126.49663288860536,129.35406494140625,112200,0.0,0.0
2023-02-27 00:00:00-05:00,130.1622075330535,130.94151909837845,128.83452252492654,128.99807739257812,75600,0.0,0.0
2023-02-28 00:00:00-05:00,128.8729950961118,132.81760187857077,128.8729950961118,129.25784301757812,144100,0.0,0.0
2023-03-01 00:00:00-05:00,128.77677774310027,129.88318418060882,127.52604784823498,128.42079162597656,82000,0.0,0.0
2023-03-02 00:00:00-05:00,127.90128321067408,130.69136094387525,126.9969089345414,129.96978759765625,66600,0.0,0.0
2023-03-03 00:00:00-05:00,130.37389548499587,131.03774545789034,129.01734845391866,130.51821899414062,63000,0.0,0.0
2023-03-06 00:00:00-05:00,130.2391870560477,131.42257803416442,128.77680882885358,131.29750061035156,109600,0.0,0.0
2023-03-07 00:00:00-05:00,131.16276511345788,131.49949045888565,130.48929974215827,130.86451721191406,107400,0.0,0.0
2023-03-08 00:00:00-05:00,131.03771765791726,132.67328098474854,130.26803648045328,132.60594177246094,225000,0.0,0.0
2023-03-09 00:00:00-05:00,133.18318107941258,133.4429515757934,130.77793676593237,130.78756713867188,135800,0.0,0.0
2023-03-10 00:00:00-05:00,130.80684001356232,130.80684001356232,127.67039139045949,128.10333251953125,148100,0.0,0.0
2023-03-13 00:00:00-04:00,126.70827136731451,128.0648327248495,126.02519018247692,126.3619155883789,105800,0.0,0.0
2023-03-14 00:00:00-04:00,128.20913413467147,130.25840693209759,126.7563718935653,128.64208984375,149400,0.0,0.0
2023-03-15 00:00:00-04:00,126.4966246149053,127.55493815059228,124.3703965301822,126.17913055419922,128400,0.0,0.0
2023-03-16 00:00:00-04:00,125.50565548971703,128.7960282149645,125.10157617403198,128.28611755371094,117300,0.0,0.0
2023-03-17 00:00:00-04:00,127.95898265681545,128.24761487709267,123.32166511090996,124.2741470336914,276600,0.0,0.0
2023-03-20 00:00:00-04:00,124.88990116145922,127.89164131351414,124.74559237739734,126.9872817993164,100600,0.0,0.0
2023-03-21 00:00:00-04:00,128.4785497881649,129.58497120452714,126.33307553691097,127.53569793701172,132500,0.0,0.0
2023-03-22 00:00:00-04:00,128.03596380005192,128.34382743051438,124.83217669433569,124.88990020751953,117600,0.0,0.0
2023-03-23 00:00:00-04:00,125.06311680497558,127.09314405045365,123.09081308716378,124.19721984863281,128000,0.0,0.0
2023-03-24 00:00:00-04:00,123.24472459586987,124.88990348658821,123.21586283852017,124.6974868774414,94700,0.0,0.0
2023-03-27 00:00:00-04:00,126.25607505178546,126.84295522666623,125.73654876144711,125.91934967041016,71000,0.0,0.0
2023-03-28 00:00:00-04:00,125.96745552582215,127.12198460835232,125.96745552582215,126.9776611328125,86100,0.0,0.0
2023-03-29 00:00:00-04:00,127.81470499659788,127.93015204063039,126.35231215691081,127.30479431152344,85300,0.0,0.0
2023-03-30 00:00:00-04:00,128.05523827234015,128.37271766528085,127.05464822036326,127.17972564697266,68600,0.0,0.0
2023-03-31 00:00:00-04:00,128.03598413963834,128.44967917013872,127.51644307755855,128.4400634765625,98100,0.0,0.0
2023-04-03 00:00:00-04:00,128.83450706812977,129.82546652883087,127.79543978613866,128.45928955078125,95100,0.0,0.0
2023-04-04 00:00:00-04:00,128.295757142038,128.295757142038,125.534526265861,126.12140655517578,120400,0.0,0.0
2023-04-05 00:00:00-04:00,125.76543710196987,126.61208794120849,124.92841663709906,125.51529693603516,361700,0.0,0.0
2023-04-06 00:00:00-04:00,125.92897868736634,126.42927364686996,124.98612696712455,126.01556396484375,107200,0.0,0.0
2023-04-10 00:00:00-04:00,125.58263674107012,126.87184439378922,124.95727898308739,126.1117935180664,89200,0.0,0.0
2023-04-11 00:00:00-04:00,126.90070502035789,127.50683138498773,125.90974537432893,126.23686981201172,68300,0.0,0.0
2023-04-12 00:00:00-04:00,127.04501896251473,127.29515910857876,126.02519763105305,126.60244750976562,63800,0.0,0.0
2023-04-13 00:00:00-04:00,127.08348376399269,127.73771784460614,125.4383048909303,126.59281921386719,94000,0.0,0.0
2023-04-14 00:00:00-04:00,126.49660825391388,128.0359705284587,125.29398606456532,125.79428100585938,48200,0.0,0.0
2023-04-17 00:00:00-04:00,126.09252717676809,127.18931801072549,125.8808645000003,126.61206817626953,45600,0.0,0.0
2023-04-18 00:00:00-04:00,127.09310442259296,127.36249058800685,126.34266943601929,126.41962432861328,55300,0.0,0.0
2023-04-19 00:00:00-04:00,127.16046576145833,127.16046576145833,125.76542687331758,126.5735855102539,52300,0.0,0.0
2023-04-20 00:00:00-04:00,126.4388863410207,127.7184781283672,125.40944936771669,125.7269287109375,61100,0.0,0.0
2023-04-21 00:00:00-04:00,126.30417779241857,127.18930586508499,124.99572440664105,125.96743774414062,65300,0.0,0.0
2023-04-24 00:00:00-04:00,125.4383173036778,126.4677543276787,124.68788218548721,125.55376434326172,51200,0.0,0.0
2023-04-25 00:00:00-04:00,125.27475571017821,126.82373369002151,124.11061096191406,124.11061096191406,68500,0.0,0.0
2023-04-26 00:00:00-04:00,123.10041352060749,125.50565807818266,122.66747243633351,122.87913513183594,77600,0.0,0.0
2023-04-27 00:00:00-04:00,122.97534635008714,124.9476425297391,122.97534635008714,124.72636413574219,44500,0.0,0.0
2023-04-28 00:00:00-04:00,124.07213307006612,125.92897469248544,124.07213307006612,124.83218383789062,93600,0.0,0.0
2023-05-01 00:00:00-04:00,124.82256434491066,125.93858655072465,124.3703772389336,125.4767837524414,85500,0.0,0.0
2023-05-02 00:00:00-04:00,122.02286013063264,127.98786328054558,117.92432163563305,127.41059875488281,290000,0.0,0.0
2023-05-03 00:00:00-04:00,127.83393652063988,135.26133309061964,127.83393652063988,133.7797088623047,241500,0.0,0.0
2023-05-04 00:00:00-04:00,133.11583734263948,133.38522352214656,121.9458825437243,123.00418853759766,199300,0.0,0.0
2023-05-05 00:00:00-04:00,124.1490849632517,129.55608420351322,124.1490849632517,129.10389709472656,167600,0.0,0.0
2023-05-08 00:00:00-04:00,129.2674623232139,130.18145230651405,128.1418096473035,130.14297485351562,79000,0.0,0.0
2023-05-09 00:00:00-04:00,129.86393914467627,133.24091135558402,129.1712276491283,132.5578155517578,132500,0.0,0.0
2023-05-10 00:00:00-04:00,132.76949338255494,136.31000615947517,131.59573291879516,136.09835815429688,151300,0.0,0.0
2023-05-11 00:00:00-04:00,135.09776330937422,137.3779302625239,134.49163703354597,136.41583251953125,138600,0.0,0.0
2023-05-12 00:00:00-04:00,136.9738369871376,138.3785060078871,135.1266112708464,138.0321502685547,177100,0.0,0.0
2023-05-15 00:00:00-04:00,137.81979784553434,138.2348672328514,136.4008647120276,138.0997314453125,115400,0.47,0.0
2023-05-16 00:00:00-04:00,137.31784339356327,139.14218368755368,136.51667605310158,137.5591583251953,114600,0.0,0.0
2023-05-17 00:00:00-04:00,137.5977983512241,139.1229107236531,135.66727859807804,138.7464599609375,107700,0.0,0.0
2023-05-18 00:00:00-04:00,138.23485996060464,140.43565108685723,138.22519793641263,140.06884765625,82500,0.0,0.0
2023-05-19 00:00:00-04:00,141.11133685520053,142.6171398328853,137.72326542671368,138.64027404785156,103000,0.0,0.0
2023-05-22 00:00:00-04:00,138.99739838238497,140.30050488369756,138.41823666431398,139.6827392578125,99500,0.0,0.0
2023-05-23 00:00:00-04:00,138.87193355446797,140.33913268904612,137.24064200852268,138.33139038085938,94000,0.0,0.0
2023-05-24 00:00:00-04:00,138.4761947152272,138.5341079538822,137.32753305291155,137.85842895507812,107600,0.0,0.0
2023-05-25 00:00:00-04:00,137.82946916510213,138.21558200300976,133.1093483458348,133.5147705078125,88800,0.0,0.0
2023-05-26 00:00:00-04:00,133.27341205113282,136.37188739827073,133.27341205113282,136.24639892578125,89300,0.0,0.0
2023-05-30 00:00:00-04:00,136.77733584582904,137.57850339447964,135.4452870925905,136.3429718017578,70600,0.0,0.0
2023-05-31 00:00:00-04:00,135.97618220121728,135.97618220121728,132.5012547646256,132.7811737060547,122200,0.0,0.0
2023-06-01 00:00:00-04:00,133.7657090544033,134.44138798989417,131.70005360664757,134.3255615234375,81400,0.0,0.0
2023-06-02 00:00:00-04:00,135.10743675971815,138.4279333536471,135.10743675971815,137.88739013671875,113300,0.0,0.0
2023-06-05 00:00:00-04:00,136.922112607533,137.69430868762046,134.18076349991642,136.69044494628906,123600,0.0,0.0
2023-06-06 00:00:00-04:00,137.64607022490102,140.45496539301422,137.64607022490102,138.97811889648438,89200,0.0,0.0
2023-06-07 00:00:00-04:00,139.68275065935697,142.62678123522255,139.27732858639828,142.05728149414062,133500,0.0,0.0
2023-06-08 00:00:00-04:00,142.04766681285477,143.77547575263742,141.55537478067228,142.83917236328125,108100,0.0,0.0
2023-06-09 00:00:00-04:00,142.38548959916417,149.3546676006503,141.9414782712423,148.79481506347656,320100,0.0,0.0
2023-06-12 00:00:00-04:00,149.46083585798536,150.48400897127533,147.61718595755698,149.6538848876953,275800,0.0,0.0
2023-06-13 00:00:00-04:00,149.62493744597666,152.33733023949264,149.33537124800142,152.0767059326172,129100,0.0,0.0
2023-06-14 00:00:00-04:00,152.1442462704756,154.02651467960996,151.71952959823392,153.99754333496094,195500,0.0,0.0
2023-06-15 00:00:00-04:00,153.40875724267212,156.08253143620658,153.03230645019383,155.6771240234375,237600,0.0,0.0
2023-06-16 00:00:00-04:00,156.85469732033965,157.36628377022743,152.79094760452284,156.13075256347656,497600,0.0,0.0
2023-06-20 00:00:00-04:00,155.348907737964,158.74662620860252,154.76009869670585,157.29873657226562,240500,0.0,0.0
2023-06-21 00:00:00-04:00,157.09603783819134,160.70611491634276,156.24660447187426,160.126953125,224800,0.0,0.0
2023-06-22 00:00:00-04:00,159.3547686550036,162.27950525449782,158.01305785434025,159.1424102783203,190000,0.0,0.0
2023-06-23 00:00:00-04:00,157.4917992288104,158.1578308758456,156.0728660839171,156.6809844970703,317800,0.0,0.0
2023-06-26 00:00:00-04:00,156.487922625276,158.96864751678632,156.26591698316346,157.87789916992188,129800,0.0,0.0
2023-06-27 00:00:00-04:00,158.95897340134053,162.31808803830307,158.33156043621054,162.01885986328125,197400,0.0,0.0
2023-06-28 00:00:00-04:00,162.5111263899923,164.63469481965055,161.67135515017657,164.41268920898438,110700,0.0,0.0
2023-06-29 00:00:00-04:00,163.68876901758853,167.48223320204855,163.68876901758853,166.99960327148438,135700,0.0,0.0
2023-06-30 00:00:00-04:00,168.7081314700118,169.88574977744676,167.86836003372707,167.9166259765625,189500,0.0,0.0
2023-07-03 00:00:00-04:00,167.347092374919,168.09999386564746,163.0034231305488,163.73703002929688,147100,0.0,0.0
2023-07-05 00:00:00-04:00,162.8297183768648,163.51504475665726,161.01502478990002,161.94168090820312,192300,0.0,0.0
2023-07-06 00:00:00-04:00,160.96673684500033,161.14049128724338,157.89721740944694,158.7659454345703,292200,0.0,0.0
2023-07-07 00:00:00-04:00,158.3122657720475,163.1771837586389,157.53040763494806,158.9493408203125,351200,0.0,0.0
2023-07-10 00:00:00-04:00,159.53817743323913,162.8104083632895,159.53817743323913,161.36251831054688,185800,0.0,0.0
2023-07-11 00:00:00-04:00,161.9416477217682,163.4281413969534,161.05361043509055,163.10960388183594,93900,0.0,0.0
2023-07-12 00:00:00-04:00,165.0401176946941,165.57101353434072,162.26017946574623,162.75245666503906,140700,0.0,0.0
2023-07-13 00:00:00-04:00,163.52465446283853,163.93970907713936,162.5111288001741,163.5343017578125,90200,0.0,0.0
2023-07-14 00:00:00-04:00,163.22545800697964,163.45711096090727,160.25245569242924,160.50341796875,136600,0.0,0.0
2023-07-17 00:00:00-04:00,159.98218285572295,162.36637601276183,159.23892860066252,162.12506103515625,98800,0.0,0.0
2023-07-18 00:00:00-04:00,162.37601115689972,165.2717906714391,162.37601115689972,163.650146484375,131000,0.0,0.0
2023-07-19 00:00:00-04:00,163.44744750005273,163.53431734918468,160.0883474420202,163.1192626953125,166500,0.0,0.0
2023-07-20 00:00:00-04:00,164.2775662093854,165.599967410054,160.56131012204813,161.68101501464844,132600,0.0,0.0
2023-07-21 00:00:00-04:00,162.11541537870204,162.43395294874824,161.28529118277217,161.33355712890625,84900,0.0,0.0
2023-07-24 00:00:00-04:00,161.0149836062705,162.97445980645702,160.64818017199275,161.55552673339844,87400,0.0,0.0
2023-07-25 00:00:00-04:00,160.16557932807268,162.05749534488854,159.673302047008,161.9320068359375,108000,0.0,0.0
2023-07-26 00:00:00-04:00,161.27561173776542,162.90690318251717,160.1559068169221,160.71575927734375,126600,0.0,0.0
2023-07-27 00:00:00-04:00,161.8644246026985,163.6501464659119,159.2678732816964,160.16555786132812,91200,0.0,0.0
2023-07-28 00:00:00-04:00,160.4261809636268,161.5555331984333,157.07672817182026,161.0825653076172,90500,0.0,0.0
2023-07-31 00:00:00-04:00,160.42615751274553,161.19836821039038,159.8856144430023,160.2331085205078,490700,0.0,0.0
2023-08-01 00:00:00-04:00,163.1868377809972,174.0363644553056,162.09608937116508,173.5730438232422,327600,0.0,0.0
2023-08-02 00:00:00-04:00,173.2158663877709,179.11360429443192,172.327829148322,175.87033081054688,285800,0.0,0.0
2023-08-03 00:00:00-04:00,174.44176811092436,174.44176811092436,170.69655503287524,172.33749389648438,157300,0.0,0.0
2023-08-04 00:00:00-04:00,171.81625881290807,172.78151869387946,169.60582016611022,170.05947875976562,119000,0.0,0.0
2023-08-07 00:00:00-04:00,169.8954041557225,171.34329412894607,169.4224361908365,169.72166442871094,169300,0.0,0.0
2023-08-08 00:00:00-04:00,169.70233138656224,171.34327018112987,168.30270755380442,170.53245544433594,148700,0.0,0.0
2023-08-09 00:00:00-04:00,169.86646430573703,171.64255404205824,168.72746448412119,169.21974182128906,82400,0.0,0.0
2023-08-10 00:00:00-04:00,169.21969448327334,170.27182413848075,167.28917486842118,169.3065643310547,130000,0.0,0.0
2023-08-11 00:00:00-04:00,168.95909125935648,172.11549534688444,167.95522741520293,172.02862548828125,165000,0.0,0.0
2023-08-14 00:00:00-04:00,171.77765845087686,173.56338043038681,170.56142154933355,172.8297882080078,86200,0.0,0.0
2023-08-15 00:00:00-04:00,172.41362302654446,172.42331048102764,170.61351382054227,171.1071014404297,112700,0.47,0.0
2023-08-16 00:00:00-04:00,171.10712171354132,173.4395243313281,171.10712171354132,171.61038208007812,98600,0.0,0.0
2023-08-17 00:00:00-04:00,171.42650902191116,172.32655640761863,167.8359626329644,168.08758544921875,139000,0.0,0.0
2023-08-18 00:00:00-04:00,168.26174583025667,170.40059080130482,167.21651982683332,168.9972686767578,318000,0.0,0.0
2023-08-21 00:00:00-04:00,168.4746820197783,170.1586598982826,168.35855070659215,169.587646484375,89600,0.0,0.0
2023-08-22 00:00:00-04:00,170.72964383233557,171.000626718059,169.6263521497587,169.78118896484375,66900,0.0,0.0
2023-08-23 00:00:00-04:00,171.4071059071733,173.42980492134453,170.33284701992875,173.40077209472656,63200,0.0,0.0
2023-08-24 00:00:00-04:00,173.62337247668026,175.06540027786957,171.88134370485977,172.14263916015625,103000,0.0,0.0
2023-08-25 00:00:00-04:00,173.53626516060888,175.80091426270005,173.20721661089516,174.63955688476562,149600,0.0,0.0
2023-08-28 00:00:00-04:00,174.66861902404497,177.6204133152744,173.99116167051596,174.25247192382812,61800,0.0,0.0
2023-08-29 00:00:00-04:00,173.8846769821376,175.79124474196064,173.7007925635566,175.03636169433594,82700,0.0,0.0
2023-08-30 00:00:00-04:00,175.10411099203748,177.1848906139851,175.10411099203748,175.95578002929688,65500,0.0,0.0
2023-08-31 00:00:00-04:00,176.82679234489606,178.1817068045373,176.12028752115594,176.79774475097656,70700,0.0,0.0
2023-09-01 00:00:00-04:00,177.57198777536357,179.5947015443735,177.57198777536357,179.06240844726562,64400,0.0,0.0
2023-09-05 00:00:00-04:00,178.11399738179276,178.11399738179276,169.25862872076468,170.06190490722656,112300,0.0,0.0
2023-09-06 00:00:00-04:00,169.97479634442192,172.67495307976537,169.89737053697075,170.18771362304688,74800,0.0,0.0
2023-09-07 00:00:00-04:00,170.97160068175333,170.97160068175333,165.87128908102636,167.08103942871094,155400,0.0,0.0
2023-09-08 00:00:00-04:00,167.31333448804318,168.38759350097862,165.91969957748242,166.05519104003906,94900,0.0,0.0
2023-09-11 00:00:00-04:00,165.32934282887197,167.95207362286342,165.2422443377347,167.48753356933594,85300,0.0,0.0
2023-09-12 00:00:00-04:00,166.99396145438675,169.6941180643099,166.99396145438675,167.30364990234375,66300,0.0,0.0
2023-09-13 00:00:00-04:00,167.70046091825054,167.9037055105841,164.68092823761233,167.36172485351562,139900,0.0,0.0
2023-09-14 00:00:00-04:00,167.6907682410688,169.91671196586717,166.47133036735204,168.8424530029297,142200,0.0,0.0
2023-09-15 00:00:00-04:00,167.8552879618539,169.76185575205002,165.89065451590935,166.8294219970703,314100,0.0,0.0
2023-09-18 00:00:00-04:00,167.31332784842016,168.7553409068066,165.83259450657587,165.91969299316406,70600,0.0,0.0
2023-09-19 00:00:00-04:00,165.46482000690884,165.58095131839843,163.1324177180877,163.23887634277344,92100,0.0,0.0
2023-09-20 00:00:00-04:00,163.9260101549154,164.40022282359217,161.09034775917593,161.5645751953125,81100,0.0,0.0
2023-09-21 00:00:00-04:00,161.35164026540085,161.35164026540085,158.99020556476583,160.13221740722656,69000,0.0,0.0
2023-09-22 00:00:00-04:00,159.74511541083496,160.81937433625245,158.7289221407167,158.78700256347656,87400,0.0,0.0
2023-09-25 00:00:00-04:00,158.05146012885248,160.12255212116872,156.60944717409623,157.1514129638672,93700,0.0,0.0
2023-09-26 00:00:00-04:00,157.49014003859517,158.0321058484626,153.66733177420946,153.8802490234375,140600,0.0,0.0
2023-09-27 00:00:00-04:00,153.7544545483201,155.24487552837715,152.61245709246364,152.98989868164062,151300,0.0,0.0
2023-09-28 00:00:00-04:00,153.61894925159766,155.4771241978419,153.34796632823674,154.22866821289062,133700,0.0,0.0
2023-09-29 00:00:00-04:00,155.17711596412076,155.17711596412076,152.33178036349193,152.57373046875,131700,0.0,0.0
2023-10-02 00:00:00-04:00,152.099501886701,152.36079734061727,150.13486841783512,150.2993927001953,94000,0.0,0.0
2023-10-03 00:00:00-04:00,149.28320609639047,151.03492239184277,149.1090091193111,150.0574493408203,65700,0.0,0.0
2023-10-04 00:00:00-04:00,149.56387110738595,152.73827008587173,149.38000143139598,152.67051696777344,139300,0.0,0.0
2023-10-05 00:00:00-04:00,152.53500160205584,153.52216201530004,152.31241167417832,152.8059844970703,85200,0.0,0.0
2023-10-06 00:00:00-04:00,151.8769039587534,152.94149026560964,151.1607411409243,151.66400146484375,167600,0.0,0.0
2023-10-09 00:00:00-04:00,151.0929763782533,151.65430231791342,150.09614326207802,151.02523803710938,102000,0.0,0.0
2023-10-10 00:00:00-04:00,151.58659812988913,153.01893874529208,150.56073195531144,150.7639617919922,156200,0.0,0.0
2023-10-11 00:00:00-04:00,151.58656732106482,153.55120076948867,150.4929482448875,151.14137268066406,136300,0.0,0.0
2023-10-12 00:00:00-04:00,151.78013569861773,151.78013569861773,147.49277232678426,149.6025848388672,88200,0.0,0.0
2023-10-13 00:00:00-04:00,150.00907670116604,150.00907670116604,147.8702311098719,148.10250854492188,67200,0.0,0.0
2023-10-16 00:00:00-04:00,149.65099524932654,151.0252701799646,148.78965339957932,149.4283905029297,80400,0.0,0.0
2023-10-17 00:00:00-04:00,148.63480226615243,151.6446624058581,146.32175966645642,150.75428771972656,209700,0.0,0.0
2023-10-18 00:00:00-04:00,149.2735145509175,149.7670873577496,146.52495064205192,146.7281951904297,107100,0.0,0.0
2023-10-19 00:00:00-04:00,145.60554688907305,147.8411631380197,145.04422096338072,146.08944702148438,135900,0.0,0.0
2023-10-20 00:00:00-04:00,146.68951251111537,146.68951251111537,144.40550299518333,144.69583129882812,90200,0.0,0.0
2023-10-23 00:00:00-04:00,144.434555133031,145.61527295056072,143.11834583320103,143.2054443359375,104500,0.0,0.0
2023-10-24 00:00:00-04:00,143.06991555547094,144.95712312675454,142.60537556118425,143.82479858398438,109900,0.0,0.0
2023-10-25 00:00:00-04:00,148.44119877812898,157.09333489258316,148.0734299780867,154.05442810058594,248900,0.0,0.0
2023-10-26 00:00:00-04:00,153.86086218286073,156.32875549432356,152.38012914947467,154.8480224609375,179400,0.0,0.0
2023-10-27 00:00:00-04:00,155.09966710386078,155.74809151747314,152.35111786087282,152.52532958984375,143300,0.0,0.0
2023-10-30 00:00:00-04:00,152.17694714090047,154.15125354910725,150.33811743670128,153.06732177734375,85200,0.0,0.0
2023-10-31 00:00:00-04:00,152.43822950823582,153.94801047570115,151.73173937976463,152.79632568359375,167100,0.0,0.0
2023-11-01 00:00:00-04:00,152.01239068519249,152.67048775957895,150.58972315193148,152.58338928222656,95800,0.0,0.0
2023-11-02 00:00:00-04:00,153.99637901901102,155.10935822454954,152.05110573218823,153.96734619140625,80300,0.0,0.0
2023-11-03 00:00:00-04:00,154.83836826899778,156.5513640894943,154.77061516269907,155.34161376953125,67200,0.0,0.0
2023-11-06 00:00:00-05:00,155.49648091023417,156.280396833198,153.6092731757913,154.5867462158203,91400,0.0,0.0
2023-11-07 00:00:00-05:00,154.5577019567164,155.65132100007787,154.40285036753133,154.702880859375,53500,0.0,0.0
2023-11-08 00:00:00-05:00,154.67387093490848,155.02226491097107,152.49631997974214,152.67051696777344,111100,0.0,0.0
2023-11-09 00:00:00-05:00,153.07695173872858,154.63511060945746,152.27367582226998,154.21896362304688,69100,0.0,0.0
2023-11-10 00:00:00-05:00,154.78031302060398,155.98039084945933,153.52218429720327,155.11904907226562,61300,0.0,0.0
2023-11-13 00:00:00-05:00,154.32544238682252,157.61595750092866,153.74475629964584,157.55789184570312,103400,0.0,0.0
2023-11-14 00:00:00-05:00,159.2758516423864,160.96469025373108,158.06259870425188,160.7802734375,140900,0.47,0.0
2023-11-15 00:00:00-05:00,160.77058466830673,162.01295458427242,160.05233354398814,161.1005859375,153300,0.0,0.0
2023-11-16 00:00:00-05:00,160.6250157886834,161.7120858679029,159.97471387984896,160.95501708984375,116000,0.0,0.0
2023-11-17 00:00:00-05:00,161.92560315318033,163.71150804763872,160.72205082332312,161.8285369873047,102000,0.0,0.0
2023-11-20 00:00:00-05:00,161.1782636155923,163.69212076752112,161.1782636155923,162.8088836669922,86100,0.0,0.0
2023-11-21 00:00:00-05:00,161.90620390448586,162.4885713402603,159.78058201719404,160.37265014648438,81100,0.0,0.0
2023-11-22 00:00:00-05:00,160.5861465538881,162.40118291431673,158.77112500367517,161.3043975830078,66100,0.0,0.0
2023-11-24 00:00:00-05:00,161.11999438513163,163.24561595779912,161.11999438513163,161.8479461669922,19100,0.0,0.0
2023-11-27 00:00:00-05:00,161.54707887039268,163.46886763071427,160.5085271096264,163.12916564941406,111400,0.0,0.0
2023-11-28 00:00:00-05:00,162.91561639765848,163.61445130032496,161.1491129464135,162.07118225097656,89700,0.0,0.0
2023-11-29 00:00:00-05:00,163.1971096098491,165.50714838195722,161.6344389364029,165.19654846191406,141400,0.0,0.0
2023-11-30 00:00:00-05:00,166.21568075851272,169.52543889040487,165.7012626101798,169.02072143554688,263700,0.0,0.0
2023-12-01 00:00:00-05:00,168.47716079774273,171.62191780142487,167.6812597471586,171.1851348876953,117200,0.0,0.0
2023-12-04 00:00:00-05:00,171.07836673211855,174.15517443771472,171.07836673211855,171.5830841064453,141800,0.0,0.0
2023-12-05 00:00:00-05:00,170.87456577786017,170.87456577786017,167.13774038861587,168.77806091308594,75400,0.0,0.0
2023-12-06 00:00:00-05:00,169.56424465849472,169.8748445506768,165.86625170223235,165.96331787109375,90900,0.0,0.0
2023-12-07 00:00:00-05:00,165.66241534043206,166.3418488883633,164.23564339634254,166.2836151123047,128200,0.0,0.0
2023-12-08 00:00:00-05:00,166.7689184471714,167.37068722105334,164.5074129834235,165.9244842529297,73300,0.0,0.0
2023-12-11 00:00:00-05:00,165.87594285539927,165.99242521337757,163.82797121603494,164.37152099609375,98300,0.0,0.0
2023-12-12 00:00:00-05:00,164.57532269277593,165.9244592897796,163.54648663019674,164.33267211914062,119200,0.0,0.0
2023-12-13 00:00:00-05:00,164.3715179295895,165.2062365634787,162.90589886659063,165.1674041748047,185100,0.0,0.0
2023-12-14 00:00:00-05:00,166.81743061319557,169.00128602451252,164.05122264499116,164.15798950195312,150000,0.0,0.0
2023-12-15 00:00:00-05:00,164.56563808412344,164.86652245520145,159.92615984762827,160.4308624267578,443000,0.0,0.0
2023-12-18 00:00:00-05:00,161.98381995543411,163.7309070866074,161.24616752681254,161.60528564453125,152800,0.0,0.0
2023-12-19 00:00:00-05:00,161.93530361357114,164.89564394592435,160.50851687650612,161.3529510498047,234000,0.0,0.0
2023-12-20 00:00:00-05:00,161.32382107956093,161.78970605483664,158.66436534235513,158.7322998046875,172300,0.0,0.0
2023-12-21 00:00:00-05:00,158.89732888805736,161.40147010171316,157.27640981169338,161.3917694091797,195800,0.0,0.0
2023-12-22 00:00:00-05:00,162.62443596701303,163.38150465831546,160.67351565385746,162.1876678466797,95100,0.0,0.0
2023-12-26 00:00:00-05:00,162.18766146850942,164.01238384773265,160.64439244903653,163.30384826660156,131200,0.0,0.0
2023-12-27 00:00:00-05:00,163.77946438325569,164.7791837319402,162.48856133461433,163.925048828125,109600,0.0,0.0
2023-12-28 00:00:00-05:00,163.55621315418972,164.12887985418223,162.2459087357337,163.84739685058594,84500,0.0,0.0
2023-12-29 00:00:00-05:00,163.9541566923869,164.62387472235812,163.16797111293107,163.86680603027344,96300,0.0,0.0
2024-01-02 00:00:00-05:00,162.69237557545713,164.33269606185542,162.0129568323324,163.0029754638672,145800,0.0,0.0
2024-01-03 00:00:00-05:00,161.43061457266828,162.50796912761425,159.81941087157168,160.2173614501953,196800,0.0,0.0
2024-01-04 00:00:00-05:00,160.6443885156367,161.61499085898342,158.23729885099746,158.91671752929688,317000,0.0,0.0
2024-01-05 00:00:00-05:00,157.78114173361817,158.71292666017308,156.22818660298523,156.35435485839844,257400,0.0,0.0
2024-01-08 00:00:00-05:00,156.85905555970143,159.9746958021114,156.02433689742162,159.92616271972656,121200,0.0,0.0
2024-01-09 00:00:00-05:00,158.40231390998625,160.4891180245168,158.208196385667,159.64468383789062,84800,0.0,0.0
2024-01-10 00:00:00-05:00,159.64466381454162,160.99380043313946,159.62526243169552,160.6540985107422,71500,0.0,0.0
2024-01-11 00:00:00-05:00,160.1396973517781,164.96359252616998,159.35349695716013,160.87734985351562,127600,0.0,0.0
2024-01-12 00:00:00-05:00,161.94500265672232,162.53707066301715,159.41173001473516,160.2561492919922,110900,0.0,0.0
2024-01-16 00:00:00-05:00,158.94585873890938,159.79999367103548,157.64525495424004,158.2082061767578,93200,0.0,0.0
2024-01-17 00:00:00-05:00,156.88816443701194,157.8005330224821,155.31579335750087,156.8784637451172,74500,0.0,0.0
2024-01-18 00:00:00-05:00,157.23760707196047,159.10116211929076,156.3834721214353,158.80027770996094,101100,0.0,0.0
2024-01-19 00:00:00-05:00,159.66409957123642,159.66409957123642,157.00464358408578,158.1111297607422,67800,0.0,0.0
2024-01-22 00:00:00-05:00,158.33437815717613,162.3041385166529,158.33437815717613,162.15855407714844,194600,0.0,0.0
2024-01-23 00:00:00-05:00,163.07093570275453,163.16800188577625,161.38209667584985,162.8088836669922,134000,0.0,0.0
2024-01-24 00:00:00-05:00,163.56592205632663,163.7600395760176,161.4014680216307,162.51766967773438,133000,0.0,0.0
2024-01-25 00:00:00-05:00,163.2165081632002,163.31355952005762,159.93586721093354,161.13941955566406,98800,0.0,0.0
2024-01-26 00:00:00-05:00,161.89649732695864,162.1391479480092,160.98412862217367,161.19766235351562,79000,0.0,0.0
2024-01-29 00:00:00-05:00,160.46969977105277,163.1970901998372,159.80968242457055,162.88650512695312,98700,0.0,0.0
2024-01-30 00:00:00-05:00,162.789446980367,163.711516362145,161.9353120699781,162.61473083496094,125400,0.0,0.0
2024-01-31 00:00:00-05:00,162.91561844478193,163.2067873160374,159.95527816854056,160.1785125732422,347100,0.0,0.0
2024-02-01 00:00:00-05:00,160.86763235278423,163.14853889744748,159.2273120776008,162.62442016601562,150100,0.0,0.0
2024-02-02 00:00:00-05:00,161.27529158693315,163.81826502920632,161.14910854094606,163.70179748535156,91600,0.0,0.0
2024-02-05 00:00:00-05:00,163.06117873386717,163.06117873386717,161.2170403746535,161.9449920654297,99500,0.0,0.0
2024-02-06 00:00:00-05:00,162.30413558810716,166.07007766432662,162.2653031981282,164.63357543945312,266900,0.0,0.0
2024-02-07 00:00:00-05:00,165.3324150626622,166.99215174139394,164.66269701352866,166.03125,121700,0.0,0.0
2024-02-08 00:00:00-05:00,166.53592843224342,168.92360156742737,166.0894449005882,168.8556671142578,131800,0.0,0.0
2024-02-09 00:00:00-05:00,169.22452518097182,172.89340086905972,168.56450788347524,172.8545684814453,169400,0.0,0.0
2024-02-12 00:00:00-05:00,173.1263630979737,173.28166305234748,171.5345755911893,172.2625274658203,181900,0.0,0.0
2024-02-13 00:00:00-05:00,169.65157983094636,172.3304518206066,168.64215989397562,169.90394592285156,169700,0.0,0.0
2024-02-14 00:00:00-05:00,170.62413316591997,171.86984770531694,169.7774256593897,171.7530517578125,266500,0.47,0.0
2024-02-15 00:00:00-05:00,174.20558683995063,179.9378259469934,169.8942489975978,173.17398071289062,339300,0.0,0.0
2024-02-16 00:00:00-05:00,173.44645269819117,175.7335148667584,171.93796583275883,173.6702880859375,172300,0.0,0.0
2024-02-20 00:00:00-05:00,172.70681972007694,174.05958859710117,171.96716647646508,172.5511016845703,143400,0.0,0.0
2024-02-21 00:00:00-05:00,172.7165436602477,172.7165436602477,169.5243982358192,170.7019805908203,139900,0.0,0.0
2024-02-22 00:00:00-05:00,172.2785850396701,175.10090360848585,172.1520622924177,174.8867950439453,164800,0.0,0.0
2024-02-23 00:00:00-05:00,175.18851712529823,175.90870194263104,172.31753436513222,175.21771240234375,169200,0.0,0.0
2024-02-26 00:00:00-05:00,175.31503182111095,178.03029641196434,175.1203916997387,177.84539794921875,124500,0.0,0.0
2024-02-27 00:00:00-05:00,177.7383288029315,178.5071624156387,176.90136298588808,177.1251983642578,89700,0.0,0.0
2024-02-28 00:00:00-05:00,175.90869309704954,178.779675712848,175.10092248919898,178.02056884765625,104000,0.0,0.0
2024-02-29 00:00:00-05:00,178.65316895142146,180.39521808913594,178.53637299827102,179.21762084960938,184500,0.0,0.0
2024-03-01 00:00:00-05:00,179.3441438371007,180.77477175175702,177.30038543042326,178.12762451171875,141600,0.0,0.0
2024-03-04 00:00:00-05:00,179.15923713317684,182.55576456098024,179.15923713317684,181.38790893554688,116400,0.0,0.0
2024-03-05 00:00:00-05:00,179.9767284797847,181.87451051307784,178.90620038032878,179.04244995117188,102500,0.0,0.0
2024-03-06 00:00:00-05:00,179.3052222057976,182.312454421719,179.3052222057976,181.13485717773438,95600,0.0,0.0
2024-03-07 00:00:00-05:00,181.95239080042407,182.312475811866,179.94755423783252,180.93051147460938,86200,0.0,0.0
2024-03-08 00:00:00-05:00,181.98157907855884,183.22729378112132,180.18112439043352,180.9402313232422,77800,0.0,0.0
2024-03-11 00:00:00-04:00,180.8428823734728,180.910999725516,179.10081859143878,180.1421661376953,90900,0.0,0.0
2024-03-12 00:00:00-04:00,179.59716421607354,182.25405296247678,179.41226576328913,181.91342163085938,101700,0.0,0.0
2024-03-13 00:00:00-04:00,182.33191059731092,182.7601128979855,180.9207363913632,181.80636596679688,101000,0.0,0.0
2024-03-14 00:00:00-04:00,181.88424158712346,181.99129588458857,178.31254253546342,178.73101806640625,100800,0.0,0.0
2024-03-15 00:00:00-04:00,177.8745751462729,180.307613541363,177.24197625349674,178.17626953125,377200,0.0,0.0
2024-03-18 00:00:00-04:00,179.0716683964349,179.71399424927012,177.8940709995703,178.2249755859375,97700,0.0,0.0
2024-03-19 00:00:00-04:00,178.0984293876024,179.6750336826116,177.23226822119634,179.13003540039062,125400,0.0,0.0
2024-03-20 00:00:00-04:00,178.63372163135588,179.77238207126683,177.15442980040618,178.0108642578125,141600,0.0,0.0
2024-03-21 00:00:00-04:00,177.66048888195465,182.64334738858997,177.19334960948004,182.2637939453125,196900,0.0,0.0
2024-03-22 00:00:00-04:00,182.68226172476986,182.78931600835296,181.27108757296892,182.4486846923828,114800,0.0,0.0
2024-03-25 00:00:00-04:00,182.17621637308076,185.19317558841198,181.89397555497794,183.90853881835938,95800,0.0,0.0
2024-03-26 00:00:00-04:00,184.86227247547816,188.72593901499158,183.90852548879883,188.65782165527344,165200,0.0,0.0
2024-03-27 00:00:00-04:00,189.06656385522152,189.34878979306274,187.2271873049017,188.0349578857422,138100,0.0,0.0
2024-03-28 00:00:00-04:00,187.75271734702056,190.2441464502222,187.16879700413264,188.40476989746094,99500,0.0,0.0
2024-04-01 00:00:00-04:00,188.33665575212163,188.85245874634307,183.5678911950494,185.80628967285156,139800,0.0,0.0
2024-04-02 00:00:00-04:00,185.15423092023417,185.94253302277656,182.74066087230796,185.64083862304688,136100,0.0,0.0
2024-04-03 00:00:00-04:00,184.82336307599493,187.60676005883664,184.82336307599493,186.72113037109375,202000,0.0,0.0
2024-04-04 00:00:00-04:00,187.45101810557043,189.68941648743902,185.10556543608803,185.62136840820312,99300,0.0,0.0
2024-04-05 00:00:00-04:00,186.37073124385333,190.7696685884167,186.37073124385333,189.59207153320312,224100,0.0,0.0
2024-04-08 00:00:00-04:00,190.04950599256924,190.1468334745858,188.4729017645048,188.5799560546875,103000,0.0,0.0
2024-04-09 00:00:00-04:00,189.2028276506936,189.699162206334,186.44862602214567,188.3853302001953,105100,0.0,0.0
2024-04-10 00:00:00-04:00,185.72843835426937,187.42183863290398,185.28076755020635,187.08120727539062,64000,0.0,0.0
2024-04-11 00:00:00-04:00,187.16882329385217,188.3269373341129,185.6505945488801,188.17123413085938,87500,0.0,0.0
2024-04-12 00:00:00-04:00,187.35370930146675,187.35370930146675,184.77469418381287,185.20291137695312,103200,0.0,0.0
2024-04-15 00:00:00-04:00,185.5824399912057,186.90601347920816,182.18591302748555,182.7309112548828,95700,0.0,0.0
2024-04-16 00:00:00-04:00,182.4097780363664,182.95479120239168,181.3587183414007,181.99130249023438,69400,0.0,0.0
2024-04-17 00:00:00-04:00,183.20783236064813,184.12265737899477,180.9013161953082,180.93051147460938,115400,0.0,0.0
2024-04-18 00:00:00-04:00,181.59226140272884,182.730921660544,180.42440587036117,180.5801239013672,84100,0.0,0.0
2024-04-19 00:00:00-04:00,181.50468468188166,182.30272849324444,178.99378699381595,180.41468811035156,91200,0.0,0.0
2024-04-22 00:00:00-04:00,181.39762304144762,184.59949526571438,180.34654859713592,182.69200134277344,82500,0.0,0.0
2024-04-23 00:00:00-04:00,183.54844182979446,185.54352164417682,183.54844182979446,184.94985961914062,75500,0.0,0.0
2024-04-24 00:00:00-04:00,184.56060445474174,186.0496231239617,183.12997634508469,185.61167907714844,157800,0.0,0.0
2024-04-25 00:00:00-04:00,184.44380449308622,184.44380449308622,182.33192865412252,183.65550231933594,81100,0.0,0.0
2024-04-26 00:00:00-04:00,184.00588892407762,185.6116887965094,183.44142206859271,183.72364807128906,99800,0.0,0.0
2024-04-29 00:00:00-04:00,183.49976732866938,184.5897638287317,182.08860796339118,183.00341796875,212500,0.0,0.0
2024-04-30 00:00:00-04:00,181.4462835975361,188.87192193527684,173.64109184352006,175.56805419921875,395600,0.0,0.0
2024-05-01 00:00:00-04:00,175.30531149774535,180.2395063249729,175.30531149774535,177.9232635498047,202600,0.0,0.0
2024-05-02 00:00:00-04:00,179.8015527949799,182.00101434646692,178.12762104779895,180.35629272460938,166000,0.0,0.0
2024-05-03 00:00:00-04:00,181.66039837618226,181.66039837618226,178.05950420270392,179.00350952148438,134800,0.0,0.0
2024-05-06 00:00:00-04:00,179.97671612817422,181.74797527766432,179.1105550193819,180.2589569091797,163600,0.0,0.0
2024-05-07 00:00:00-04:00,180.2492417121807,184.51191532493607,180.2492417121807,182.94503784179688,246600,0.0,0.0
2024-05-08 00:00:00-04:00,182.94504417082868,183.97665021713894,181.50468939957042,182.56549072265625,218800,0.0,0.0
2024-05-09 00:00:00-04:00,183.11046895198348,184.95958709559923,182.2053857709662,184.5994873046875,93800,0.0,0.0
2024-05-10 00:00:00-04:00,185.33916417980302,185.61166333471255,183.49004579995687,184.69683837890625,99000,0.0,0.0
2024-05-13 00:00:00-04:00,187.0227994121836,187.0227994121836,183.95717687867096,183.96690368652344,99400,0.0,0.0
2024-05-14 00:00:00-04:00,184.4450784744556,184.7866313293611,183.72296027533207,184.464599609375,152000,0.51,0.0
2024-05-15 00:00:00-04:00,185.3526258496828,188.71929945877338,185.3526258496828,187.47021484375,153100,0.0,0.0
2024-05-16 00:00:00-04:00,187.1579206458153,187.1579206458153,183.47898363472873,184.68902587890625,145200,0.0,0.0
2024-05-17 00:00:00-04:00,184.9330321074763,185.5283002502109,183.26433961720204,184.58172607421875,177200,0.0,0.0
2024-05-20 00:00:00-04:00,184.9427658021384,187.61658049606197,184.87444927683478,186.92373657226562,155800,0.0,0.0
2024-05-21 00:00:00-04:00,186.38702984401698,188.06549015215802,184.7573649301182,185.34286499023438,118900,0.0,0.0
2024-05-22 00:00:00-04:00,184.41579848725954,187.96788552880523,184.08401365525413,185.16720581054688,143300,0.0,0.0
2024-05-23 00:00:00-04:00,185.8893463395727,186.76760384549254,183.87908635200515,184.5719451904297,123800,0.0,0.0
2024-05-24 00:00:00-04:00,185.17696591918437,185.2550355691187,182.7275920748309,183.09841918945312,96400,0.0,0.0
2024-05-28 00:00:00-04:00,182.25918635387865,183.35213165617208,177.5360693898328,177.54583740234375,108600,0.0,0.0
2024-05-29 00:00:00-04:00,175.84785986456208,177.15549300682065,174.08157683221435,174.2962646484375,176500,0.0,0.0
2024-05-30 00:00:00-04:00,174.94032864094405,175.398978532459,173.720518267822,174.2377166748047,159400,0.0,0.0
2024-05-31 00:00:00-04:00,174.3255252697324,176.11132929757133,173.6326664824349,175.65267944335938,247200,0.0,0.0
2024-06-03 00:00:00-04:00,175.24279189629823,175.96492480262634,171.2027816273736,172.13958740234375,186800,0.0,0.0
2024-06-04 00:00:00-04:00,171.56391209871464,173.5936786436422,171.0857558922024,172.3836212158203,142600,0.0,0.0
2024-06-05 00:00:00-04:00,173.52535655478837,173.52535655478837,170.45142539234587,171.77857971191406,206300,0.0,0.0
2024-06-06 00:00:00-04:00,172.03228726435856,172.4421566466644,168.65586054360804,170.2172088623047,131700,0.0,0.0
2024-06-07 00:00:00-04:00,169.4950910136147,170.41239078400835,167.02619604364705,167.09449768066406,93400,0.0,0.0
2024-06-10 00:00:00-04:00,165.88444682026585,168.14840698242188,164.96714709696744,168.14840698242188,163600,0.0,0.0
2024-06-11 00:00:00-04:00,167.30920929792543,168.6461317640354,166.0113291073196,168.53878784179688,132400,0.0,0.0
2024-06-12 00:00:00-04:00,170.17818045532493,172.82273583809769,170.17818045532493,172.54949951171875,133700,0.0,0.0
2024-06-13 00:00:00-04:00,172.3055379008493,174.335289219275,170.76369583203004,174.0230255126953,141900,0.0,0.0
2024-06-14 00:00:00-04:00,172.31529844175284,174.2767482079789,171.1637896791487,173.71075439453125,168700,0.0,0.0
2024-06-17 00:00:00-04:00,172.99838694016063,178.0923163017665,172.99838694016063,177.4092254638672,186500,0.0,0.0
2024-06-18 00:00:00-04:00,178.01425019150204,181.13696186277866,176.21869284180093,180.34652709960938,194600,0.0,0.0
2024-06-20 00:00:00-04:00,180.53193308264895,182.56169930630165,179.12670916702297,182.1908721923828,228500,0.0,0.0
2024-06-21 00:00:00-04:00,182.8446880068101,185.0988951579252,182.04450015774825,184.123046875,562100,0.0,0.0
2024-06-24 00:00:00-04:00,183.06911509543647,186.67975019742445,183.06911509543647,186.1625518798828,229400,0.0,0.0
2024-06-25 00:00:00-04:00,186.27968902195227,186.3772798120552,179.55609455514463,183.45948791503906,263200,0.0,0.0
2024-06-26 00:00:00-04:00,182.87396741623823,184.0742715590422,181.97618875748526,183.1959991455078,241200,0.0,0.0
2024-06-27 00:00:00-04:00,182.6787983512029,184.601220688891,182.55194819788107,183.2057647705078,200900,0.0,0.0
2024-06-28 00:00:00-04:00,184.0157184195625,184.6890412290127,182.18111887718555,183.15696716308594,315300,0.0,0.0
2024-07-01 00:00:00-04:00,183.29359083519046,183.43020900371116,180.1708792045292,180.6392822265625,216200,0.0,0.0
2024-07-02 00:00:00-04:00,180.87347931299894,181.27356577938465,178.7949177730937,180.2294158935547,139000,0.0,0.0
2024-07-03 00:00:00-04:00,180.21964280780506,181.5955923769019,179.8488306081728,180.53192138671875,125300,0.0,0.0
2024-07-05 00:00:00-04:00,179.41948894950917,180.32702082192048,178.72663002788465,179.78054809570312,179900,0.0,0.0
2024-07-08 00:00:00-04:00,180.69783520455297,182.19088197248735,180.0049912221855,181.01986694335938,138600,0.0,0.0
2024-07-09 00:00:00-04:00,181.0979309522915,182.2982202029634,180.84421575247265,181.38092041015625,106900,0.0,0.0
2024-07-10 00:00:00-04:00,182.04450012380613,183.40092864120874,181.58585023969576,182.93252563476562,116000,0.0,0.0
2024-07-11 00:00:00-04:00,184.4938723592697,188.2216199144735,183.5277920974676,187.138427734375,184400,0.0,0.0
2024-07-12 00:00:00-04:00,188.82665348337625,191.0515865037422,187.71418697319328,188.39727783203125,121400,0.0,0.0
2024-07-15 00:00:00-04:00,189.76346412910232,191.5980487802609,188.69002505906553,188.71929931640625,141400,0.0,0.0
2024-07-16 00:00:00-04:00,190.23188295993444,195.76494141150621,190.23188295993444,195.07208251953125,146300,0.0,0.0
2024-07-17 00:00:00-04:00,194.46702472343554,195.7551514723636,190.2123260498047,190.2123260498047,162200,0.0,0.0
2024-07-18 00:00:00-04:00,190.66124832142256,191.97863461093792,186.05524308891341,186.2016143798828,167100,0.0,0.0
2024-07-19 00:00:00-04:00,185.6844171814708,186.98229723420363,184.23039782383842,185.7429656982422,152600,0.0,0.0
2024-07-22 00:00:00-04:00,186.50411206865323,190.38799880993045,186.07473645783764,190.28065490722656,151000,0.0,0.0
2024-07-23 00:00:00-04:00,189.44143381186876,192.2616347819399,189.37311728405876,190.4172821044922,88300,0.0,0.0
2024-07-24 00:00:00-04:00,189.5975500618314,191.61756308794713,187.3140687290366,187.38238525390625,164600,0.0,0.0
2024-07-25 00:00:00-04:00,184.2694287118076,189.52925023728812,183.51802138237815,187.14817810058594,309500,0.0,0.0
2024-07-26 00:00:00-04:00,188.50461943292976,188.55341482730486,183.89861414087898,185.00132751464844,175500,0.0,0.0
2024-07-29 00:00:00-04:00,185.7527282495442,187.3726250968901,183.66441350127263,183.94740295410156,108800,0.0,0.0
2024-07-30 00:00:00-04:00,184.77687829353985,185.54779188519126,181.54680796983868,182.93252563476562,94600,0.0,0.0
2024-07-31 00:00:00-04:00,184.73782867343712,186.46508423444325,182.89347608804496,184.09376525878906,176900,0.0,0.0
2024-08-01 00:00:00-04:00,183.13744813930907,187.4799700835739,178.47289447015314,180.42459106445312,118100,0.0,0.0
2024-08-02 00:00:00-04:00,177.91665376455921,178.84370659106128,175.98446357723594,177.30186462402344,109100,0.0,0.0
2024-08-05 00:00:00-04:00,172.15915145148472,173.33016640726035,170.62707739766287,171.58340454101562,89800,0.0,0.0
2024-08-06 00:00:00-04:00,172.07131454388733,173.69122612626515,171.01739670319316,171.12474060058594,125900,0.0,0.0
2024-08-07 00:00:00-04:00,172.96910659451484,172.96910659451484,167.44580178911716,168.86077880859375,83900,0.0,0.0
2024-08-08 00:00:00-04:00,170.0708304812215,173.05692372029472,170.0708304812215,172.96910095214844,78200,0.0,0.0
2024-08-09 00:00:00-04:00,172.861761594524,173.77906134886808,171.19305450456102,172.7251434326172,87900,0.0,0.0
2024-08-12 00:00:00-04:00,173.09597216447665,173.5155797763218,171.9932588464211,172.54949951171875,92100,0.0,0.0
2024-08-13 00:00:00-04:00,173.63268631071062,175.35018890227988,172.43239703338534,174.44264221191406,105500,0.0,0.0
2024-08-14 00:00:00-04:00,174.6573328293279,176.00400831193548,174.18892979243734,174.71588134765625,52500,0.0,0.0
2024-08-15 00:00:00-04:00,177.56373337610233,178.1313440964577,174.87248414652865,176.01748657226562,116700,0.51,0.0
2024-08-16 00:00:00-04:00,174.6571471242437,176.42847568211653,172.5530859502309,172.97389221191406,214800,0.0,0.0
2024-08-19 00:00:00-04:00,173.64916796199304,173.89382695316294,171.42766014098646,172.5335235595703,113000,0.0,0.0
2024-08-20 00:00:00-04:00,172.23014892542164,173.32621642816653,170.93834228335825,172.5531005859375,95300,0.0,0.0
2024-08-21 00:00:00-04:00,172.8760405917352,175.65537813508266,172.68031638150512,174.46144104003906,101200,0.0,0.0
2024-08-22 00:00:00-04:00,174.94094597401937,174.98988075498212,172.65094157982773,173.45343017578125,83900,0.0,0.0
2024-08-23 00:00:00-04:00,173.56107998419816,176.78078547182403,172.85646095316054,173.1402587890625,100000,0.0,0.0
2024-08-26 00:00:00-04:00,173.93296879389743,175.35198798037442,173.50236657283128,174.1874237060547,91500,0.0,0.0
2024-08-27 00:00:00-04:00,173.80577103393426,175.7043124555725,173.77641314662242,174.0112762451172,113700,0.0,0.0
2024-08-28 00:00:00-04:00,174.2461405563784,176.00768832039236,173.96232775764278,174.9409637451172,112500,0.0,0.0
2024-08-29 00:00:00-04:00,176.15447913039694,179.44269667147637,175.35199044661437,175.6651611328125,95600,0.0,0.0
2024-08-30 00:00:00-04:00,176.69272219326663,178.76742561038543,175.82173680279698,178.72828674316406,102000,0.0,0.0
2024-09-03 00:00:00-04:00,177.89644352044002,177.89644352044002,171.73103398912872,172.11270141601562,133800,0.0,0.0
2024-09-04 00:00:00-04:00,172.04420138888105,173.1402688641429,169.65632730394677,170.2924346923828,106600,0.0,0.0
2024-09-05 00:00:00-04:00,170.2239353068653,170.63496060372665,168.33516020519363,168.72662353515625,60000,0.0,0.0
2024-09-06 00:00:00-04:00,168.46237924256945,169.59760044357984,164.1759493234984,164.1857452392578,108500,0.0,0.0
2024-09-09 00:00:00-04:00,165.79072790496096,170.4783877621188,165.60478467620516,167.1020965576172,706800,0.0,0.0
2024-09-10 00:00:00-04:00,166.66170010554666,168.73640347674123,165.9179272496097,168.18836975097656,133800,0.0,0.0
2024-09-11 00:00:00-04:00,167.20974826049556,167.8164978045511,165.03717513673502,167.6892852783203,197900,0.0,0.0
2024-09-12 00:00:00-04:00,167.97308564038931,169.78356824797555,167.2391086264166,169.25509643554688,139400,0.0,0.0
2024-09-13 00:00:00-04:00,169.9988449746333,174.76479692303013,169.09848682581566,172.6607208251953,198400,0.0,0.0
2024-09-16 00:00:00-04:00,173.27726991189343,176.0272343992197,172.82710576065784,174.60821533203125,185100,0.0,0.0
2024-09-17 00:00:00-04:00,175.84130836931067,177.22118870578316,173.51216485610485,175.57708740234375,170900,0.0,0.0
2024-09-18 00:00:00-04:00,176.22298406945478,182.63303764610174,175.69451228993296,180.38218688964844,214600,0.0,0.0
2024-09-19 00:00:00-04:00,182.87769695182507,183.40616873226094,180.69534294357987,180.73448181152344,226800,0.0,0.0
2024-09-20 00:00:00-04:00,180.25496883230292,181.16509315265276,177.08418278829618,177.1428985595703,652200,0.0,0.0
2024-09-23 00:00:00-04:00,177.6419842161006,179.01206843716872,177.3875293373322,178.39552307128906,128500,0.0,0.0
2024-09-24 00:00:00-04:00,178.36617817041744,178.4053319697533,175.2736999988462,176.98631286621094,130000,0.0,0.0
2024-09-25 00:00:00-04:00,177.71047384137188,179.26650120141886,174.34396425270342,174.63755798339844,124300,0.0,0.0
2024-09-26 00:00:00-04:00,175.35200572285598,176.02726700759766,173.92320540780392,175.72389221191406,260700,0.0,0.0
2024-09-27 00:00:00-04:00,176.21315940039167,178.3367972901372,173.09130881549297,173.19895935058594,104700,0.0,0.0
2024-09-30 00:00:00-04:00,172.7977611004487,174.10912972176345,172.171419741588,173.55130004882812,110600,0.0,0.0
2024-10-01 00:00:00-04:00,173.52191633325285,173.52191633325285,167.8654024400866,167.97305297851562,161300,0.0,0.0
2024-10-02 00:00:00-04:00,168.13943776686762,172.57265736211158,166.81828821301042,169.8324737548828,159900,0.0,0.0
2024-10-03 00:00:00-04:00,169.1082891747044,169.37252505305707,167.31738365751212,167.8751983642578,95400,0.0,0.0
2024-10-04 00:00:00-04:00,169.77374010941338,170.6545213186974,167.3565084075393,168.31558227539062,129100,0.0,0.0
2024-10-07 00:00:00-04:00,168.38410802734452,168.38410802734452,166.328981383893,167.54248046875,156100,0.0,0.0
2024-10-08 00:00:00-04:00,168.51133620993593,169.744412201304,166.82808108551586,168.01222229003906,104800,0.0,0.0
2024-10-09 00:00:00-04:00,167.57185643862343,171.66256313138467,167.3174164265845,169.31382751464844,118100,0.0,0.0
2024-10-10 00:00:00-04:00,168.23731895061061,169.23551692259434,166.89657747147112,167.69906616210938,109200,0.0,0.0
2024-10-11 00:00:00-04:00,168.5015266015046,169.85204895812532,168.03178553812313,168.814697265625,103800,0.0,0.0
2024-10-14 00:00:00-04:00,169.43124429011246,170.23371799215974,168.53090102139635,169.74440002441406,82500,0.0,0.0
2024-10-15 00:00:00-04:00,169.91078427430105,172.81733450409854,169.91078427430105,171.29066467285156,292600,0.0,0.0
2024-10-16 00:00:00-04:00,171.427669595284,172.54331405923492,169.1083070095756,169.1278839111328,171700,0.0,0.0
2024-10-17 00:00:00-04:00,170.06736678960687,171.32981562095702,169.5584718767401,169.66612243652344,83700,0.0,0.0
2024-10-18 00:00:00-04:00,170.68387963071598,170.72301849369973,167.71861424416934,168.6287384033203,129000,0.0,0.0
2024-10-21 00:00:00-04:00,168.84406764014335,169.46061309774396,166.62255974218584,167.20974731445312,79700,0.0,0.0
2024-10-22 00:00:00-04:00,166.36810191527124,166.47575246088132,164.18574805368397,165.77113342285156,115500,0.0,0.0
2024-10-23 00:00:00-04:00,165.62435592344173,165.88857688210635,163.16797009680585,163.8334503173828,215900,0.0,0.0
2024-10-24 00:00:00-04:00,160.87797960136484,169.32361348816815,158.22586933643507,163.3539276123047,264300,0.0,0.0
2024-10-25 00:00:00-04:00,164.42060506027883,166.30938003051,162.00337329737252,162.57098388671875,189800,0.0,0.0
2024-10-28 00:00:00-04:00,163.75515691078206,164.77293173832786,162.28720297139122,163.4909210205078,177500,0.0,0.0
2024-10-29 00:00:00-04:00,162.38505927065853,164.56742823451836,162.38505927065853,164.4108428955078,156900,0.0,0.0
2024-10-30 00:00:00-04:00,163.98022402532345,166.3778789208102,162.87436071347597,163.7159881591797,126100,0.0,0.0
2024-10-31 00:00:00-04:00,163.88238240668838,163.88238240668838,162.19912738166693,162.40463256835938,277300,0.0,0.0
2024-11-01 00:00:00-04:00,162.73734575232163,163.90192478035738,158.9304529673766,160.13418579101562,261700,0.0,0.0
2024-11-04 00:00:00-05:00,160.1733403667665,162.36549021887097,159.92868138503695,160.50607299804688,148600,0.0,0.0
2024-11-05 00:00:00-05:00,160.30054487267003,164.50868174268655,160.30054487267003,164.2346649169922,139900,0.0,0.0
2024-11-06 00:00:00-05:00,170.67408639732824,171.11448447640325,167.21950303881172,169.97926330566406,191600,0.0,0.0
2024-11-07 00:00:00-05:00,169.79333387111393,171.12427933335223,166.6714828648698,169.1963653564453,276000,0.0,0.0
2024-11-08 00:00:00-05:00,169.56825293004397,171.7995416710546,169.3235939458735,169.85205078125,115700,0.0,0.0
2024-11-11 00:00:00-05:00,171.3200211863085,171.56468019404235,169.78357038279626,170.537109375,87800,0.0,0.0
2024-11-12 00:00:00-05:00,170.04779371179237,171.87785326926124,169.12788837354069,171.8582763671875,135200,0.0,0.0
2024-11-13 00:00:00-05:00,172.12249930884423,176.06640107622445,172.12249930884423,173.1304931640625,215200,0.0,0.0
2024-11-14 00:00:00-05:00,173.1500634348489,173.84490157781175,167.33697803356782,169.04959106445312,157900,0.0,0.0
2024-11-15 00:00:00-05:00,169.9427593285343,169.9427593285343,167.1846517826334,168.85325622558594,201200,0.51,0.0
2024-11-18 00:00:00-05:00,168.5195548532186,169.96241086011463,166.1540545995163,166.26202392578125,118600,0.0,0.0
2024-11-19 00:00:00-05:00,164.39710380901275,166.42887101483666,164.25968967420832,164.9369354248047,143200,0.0,0.0
2024-11-20 00:00:00-05:00,164.43636709652375,169.0790180813378,163.4744681030251,168.64715576171875,199700,0.0,0.0
2024-11-21 00:00:00-05:00,168.6177048448944,170.48262827156267,167.64599585331692,168.60789489746094,223500,0.0,0.0
2024-11-22 00:00:00-05:00,169.41273904858437,171.92546316806644,169.41273904858437,171.748779296875,253200,0.0,0.0
2024-11-25 00:00:00-05:00,172.51438299375587,175.46880944887153,171.9450915671124,172.95608520507812,305700,0.0,0.0
2024-11-26 00:00:00-05:00,173.1033155609879,173.67260700825224,170.1587139229423,171.552490234375,176500,0.0,0.0
2024-11-27 00:00:00-05:00,171.60154421898463,172.77938170236703,171.00280804318794,171.10096740722656,81600,0.0,0.0
2024-11-29 00:00:00-05:00,170.96355028700447,172.85791831118058,169.9623965933327,170.6003875732422,100800,0.0,0.0
2024-12-02 00:00:00-05:00,170.1586832277854,172.34749919032396,168.92195615462776,171.4542999267578,180900,0.0,0.0
2024-12-03 00:00:00-05:00,170.7181577783781,171.1696698928153,168.4802620287699,171.12059020996094,198300,0.0,0.0
2024-12-04 00:00:00-05:00,170.82615037849348,175.37065704865952,170.82615037849348,174.732666015625,169800,0.0,0.0
2024-12-05 00:00:00-05:00,173.81979295324408,174.58538801295867,169.5010508226994,170.2568359375,247400,0.0,0.0
2024-12-06 00:00:00-05:00,171.21875793224893,173.1033010251065,170.4727826612935,172.808837890625,250700,0.0,0.0
2024-12-09 00:00:00-05:00,172.97572484548692,177.10798938949466,172.4653379719002,174.52655029296875,283100,0.0,0.0
2024-12-10 00:00:00-05:00,174.67375582116517,176.0478971045987,172.534004420371,175.4687957763672,242300,0.0,0.0
2024-12-11 00:00:00-05:00,176.16569011052417,178.02078847642412,174.06520828364796,174.49708557128906,255400,0.0,0.0
2024-12-12 00:00:00-05:00,171.76840634744886,175.93011484153584,171.76840634744886,173.14254760742188,146000,0.0,0.0
2024-12-13 00:00:00-05:00,173.46645099060044,173.46645099060044,170.26665643947342,171.18930053710938,89500,0.0,0.0
2024-12-16 00:00:00-05:00,170.6200228617582,172.5634555991474,170.28630496304822,170.69854736328125,129100,0.0,0.0
2024-12-17 00:00:00-05:00,169.97221643080218,170.68873195373808,165.35901029256942,165.8497772216797,129500,0.0,0.0
2024-12-18 00:00:00-05:00,165.8105077603482,167.44968248612165,161.4034303147842,161.42306518554688,311100,0.0,0.0
2024-12-19 00:00:00-05:00,162.73830487767592,165.51604729208822,162.25734793032666,164.42654418945312,309200,0.0,0.0
2024-12-20 00:00:00-05:00,163.74929972314672,165.06455153368964,161.68807257520692,162.31625366210938,720200,0.0,0.0
2024-12-23 00:00:00-05:00,161.45250765768546,163.28797115634828,161.35434828231632,163.1407470703125,166400,0.0,0.0
2024-12-24 00:00:00-05:00,164.1222935277365,166.54666853385885,162.2377352195543,165.82034301757812,98600,0.0,0.0
2024-12-26 00:00:00-05:00,164.8191519358514,166.89018882826718,164.8191519358514,165.00564575195312,421200,0.0,0.0
2024-12-27 00:00:00-05:00,163.93579897457928,165.9773913187292,162.45367317494555,164.08302307128906,106800,0.0,0.0
2024-12-30 00:00:00-05:00,162.2867983007367,163.7689239551085,160.4022551624591,162.82664489746094,88700,0.0,0.0
2024-12-31 00:00:00-05:00,162.9542610366169,164.10265389367157,161.74696356531294,162.70887756347656,86000,0.0,0.0
2025-01-02 00:00:00-05:00,163.47446109846254,164.67193355982258,161.5310283238854,161.962890625,114800,0.0,0.0
2025-01-03 00:00:00-05:00,162.17882273157676,163.2290710680962,161.0206200568902,161.82546997070312,115700,0.0,0.0
2025-01-06 00:00:00-05:00,161.82548896306938,164.42656277885933,159.27350981459958,159.53851318359375,195000,0.0,0.0
2025-01-07 00:00:00-05:00,159.25385561656995,160.01945076590275,156.35833396439932,157.20245361328125,164700,0.0,0.0
2025-01-08 00:00:00-05:00,157.202466275536,158.2134449510102,155.97554895316267,157.86009216308594,157700,0.0,0.0
2025-01-10 00:00:00-05:00,155.84794327081786,157.9287902370475,153.41374352003808,153.42355346679688,160700,0.0,0.0
2025-01-13 00:00:00-05:00,151.9905118827035,156.6331624703378,150.95007349480613,156.3386993408203,137700,0.0,0.0
2025-01-14 00:00:00-05:00,156.89817680321397,158.79252976230953,156.5742688666658,158.4293670654297,128800,0.0,0.0
2025-01-15 00:00:00-05:00,160.67707746283796,160.67707746283796,158.19379818720975,159.90167236328125,90100,0.0,0.0
2025-01-16 00:00:00-05:00,160.03908605066104,162.0708531900847,159.3127456607081,161.24636840820312,94000,0.0,0.0
2025-01-17 00:00:00-05:00,161.9530834859212,163.01314182961667,160.41206816923815,160.82432556152344,112400,0.0,0.0
2025-01-21 00:00:00-05:00,161.50156288797814,164.58357838322405,161.50156288797814,163.0818328857422,151900,0.0,0.0
2025-01-22 00:00:00-05:00,163.05239237327118,163.87689215948473,162.00215898044178,162.4340362548828,84100,0.0,0.0
2025-01-23 00:00:00-05:00,162.29663214270604,162.84628871611437,160.54950304422175,161.7273406982422,106300,0.0,0.0
2025-01-24 00:00:00-05:00,161.57028867778055,161.88437172373386,160.0979878933929,160.7458038330078,146900,0.0,0.0
2025-01-27 00:00:00-05:00,159.67591351995898,164.1418953647946,159.4501649365196,163.39593505859375,132000,0.0,0.0
2025-01-28 00:00:00-05:00,163.27816500827453,163.40575422680124,160.8930299198797,160.95191955566406,106200,0.0,0.0
2025-01-29 00:00:00-05:00,160.5985855828731,162.2083007166847,160.41209172969045,160.58877563476562,84800,0.0,0.0
2025-01-30 00:00:00-05:00,160.85376580138816,163.26833059025003,160.68690685069586,162.33587646484375,129200,0.0,0.0
2025-01-31 00:00:00-05:00,161.5997148740062,163.60203712015579,161.45249080333943,161.68804931640625,267500,0.0,0.0
2025-02-03 00:00:00-05:00,159.2538615807787,161.30526366089438,157.68340148501488,159.64646911621094,113900,0.0,0.0
2025-02-04 00:00:00-05:00,159.33240347117132,162.14940103671026,159.33240347117132,161.39361572265625,126900,0.0,0.0
2025-02-05 00:00:00-05:00,161.6684383774255,162.7088618064612,161.14821168589046,162.12974548339844,101700,0.0,0.0
2025-02-06 00:00:00-05:00,162.52236407389773,163.67075679207838,161.73713405940194,163.25851440429688,141100,0.0,0.0
2025-02-07 00:00:00-05:00,163.35665336229292,163.91613478375618,161.442665562317,162.0708465576172,108500,0.0,0.0
2025-02-10 00:00:00-05:00,162.46349239404685,163.48428104176446,162.19847405225713,163.1800079345703,118200,0.0,0.0
2025-02-11 00:00:00-05:00,162.33586454275806,163.71000578696317,161.65860386632258,162.45364379882812,97900,0.0,0.0
2025-02-12 00:00:00-05:00,160.61819995418503,161.2758258419263,158.56679778506435,159.88204956054688,141200,0.0,0.0
2025-02-13 00:00:00-05:00,158.026965854067,163.2094639087593,158.026965854067,160.26486206054688,203400,0.0,0.0
2025-02-14 00:00:00-05:00,160.61930509696685,161.8697479753527,154.48517890669712,155.8144073486328,148500,0.51,0.0
2025-02-18 00:00:00-05:00,154.41625597804247,157.56700227734444,153.82548447394808,157.23223876953125,152400,0.0,0.0
2025-02-19 00:00:00-05:00,156.81873003192385,157.35041245225108,155.1055044127434,156.16888427734375,137200,0.0,0.0
2025-02-20 00:00:00-05:00,155.10551123614252,157.31104161055552,154.59351016237858,156.56272888183594,145500,0.0,0.0
2025-02-21 00:00:00-05:00,156.96640031004208,156.9860967011792,153.6581127243936,155.94241333007812,166200,0.0,0.0
2025-02-24 00:00:00-05:00,156.12948267616025,158.98484324820313,154.25871624624975,158.26608276367188,236000,0.0,0.0
2025-02-25 00:00:00-05:00,158.67961055908464,161.2691223475644,157.58669382684,160.60943603515625,186000,0.0,0.0
2025-02-26 00:00:00-05:00,159.0143961820465,161.23960771071063,159.0143961820465,159.18177795410156,224200,0.0,0.0
2025-02-27 00:00:00-05:00,158.04946138338562,160.53066556792362,158.04946138338562,159.58544921875,240000,0.0,0.0
2025-02-28 00:00:00-05:00,159.69378733394524,161.78115427578527,159.10301573488502,161.1805419921875,234700,0.0,0.0
2025-03-03 00:00:00-05:00,161.35776947696644,161.85007410434412,157.4094767500728,157.5768585205078,223400,0.0,0.0
2025-03-04 00:00:00-05:00,156.67100408408248,156.91715637306524,153.92395114957003,155.41070556640625,135200,0.0,0.0
2025-03-05 00:00:00-05:00,155.36148426254732,157.13378388671356,154.6525794368254,157.0944061279297,157500,0.0,0.0
2025-03-06 00:00:00-05:00,156.1787025425594,156.58239591008618,154.5147106328535,156.00148010253906,125600,0.0,0.0
2025-03-07 00:00:00-05:00,155.1153244918477,157.13377632715498,154.73132751041413,155.55841064453125,176900,0.0,0.0
2025-03-10 00:00:00-04:00,155.20395370117174,157.6851580790829,152.43720424056863,153.0771942138672,142900,0.0,0.0
2025-03-11 00:00:00-04:00,153.5005696852041,153.90426306667143,148.81383525862736,150.1233673095703,135000,0.0,0.0
2025-03-12 00:00:00-04:00,150.76335587045585,151.53134984440848,147.80952827096294,148.2919921875,151800,0.0,0.0
2025-03-13 00:00:00-04:00,148.30184094794083,149.15846121473044,146.30308536533994,147.32708740234375,113900,0.0,0.0
2025-03-14 00:00:00-04:00,147.1498433571938,148.78429825073493,146.7953834408107,148.07537841796875,241100,0.0,0.0
2025-03-17 00:00:00-04:00,148.59722292618102,151.05874599683193,148.59722292618102,149.6901397705078,141400,0.0,0.0
2025-03-18 00:00:00-04:00,149.6901263690165,151.5608777256483,148.01629383561803,149.02059936523438,118700,0.0,0.0
2025-03-19 00:00:00-04:00,149.0993655288864,150.3892162147058,148.4101420863513,149.67044067382812,192400,0.0,0.0
2025-03-20 00:00:00-04:00,148.5873865835214,149.0993725799345,147.0907763061375,148.24276733398438,201600,0.0,0.0
2025-03-21 00:00:00-04:00,147.1990667038675,147.88829009836118,145.9486088870369,147.54368591308594,672100,0.0,0.0
2025-03-24 00:00:00-04:00,147.6913636743505,148.92212503830342,147.31720741204722,148.8531951904297,145600,0.0,0.0
2025-03-25 00:00:00-04:00,149.8870463743355,151.64950516244033,149.15844522023158,150.28089904785156,168600,0.0,0.0
2025-03-26 00:00:00-04:00,150.84213624383344,152.2698166718806,149.51292275176678,150.52706909179688,221000,0.0,0.0
2025-03-27 00:00:00-04:00,151.26551854870957,153.04765882450678,149.45382617442564,149.5621337890625,219200,0.0,0.0
2025-03-28 00:00:00-04:00,149.20767934314065,150.07414029201482,145.49571328268954,145.7320098876953,176600,0.0,0.0
2025-03-31 00:00:00-04:00,145.17079951405452,145.7123376409993,143.76280038399813,144.43234252929688,184100,0.0,0.0
2025-04-01 00:00:00-04:00,143.94985384291445,145.35785273123508,141.9018650205938,144.81631469726562,180100,0.0,0.0
2025-04-02 00:00:00-04:00,143.94988860540536,147.63233310172888,143.94988860540536,147.3566436767578,135100,0.0,0.0
2025-04-03 00:00:00-04:00,143.71357597691107,143.74311305316064,140.79912592074302,140.8582000732422,226400,0.0,0.0
2025-04-04 00:00:00-04:00,136.94928503512267,138.08159458825506,131.8883945323773,132.0951690673828,296500,0.0,0.0
2025-04-07 00:00:00-04:00,129.653340184159,131.70132924844611,125.8921406222833,128.2059783935547,295100,0.0,0.0
2025-04-08 00:00:00-04:00,131.63239245944806,132.70561276843463,129.6336371963107,130.77578735351562,444400,0.0,0.0
2025-04-09 00:00:00-04:00,129.72224948039133,143.04400945851157,129.72224948039133,141.36033630371094,409100,0.0,0.0
2025-04-10 00:00:00-04:00,139.29267049198552,140.75974366933542,136.4373097033645,139.68650817871094,355300,0.0,0.0
2025-04-11 00:00:00-04:00,139.91298021302873,143.0735674871149,138.4360663403674,141.97080993652344,310800,0.0,0.0
2025-04-14 00:00:00-04:00,142.7880216526749,143.8415456197527,138.82988870419172,142.4237060546875,287900,0.0,0.0
2025-04-15 00:00:00-04:00,142.66003034302884,143.30987603879575,139.71604334477172,140.58250427246094,241000,0.0,0.0
2025-04-16 00:00:00-04:00,141.07480243192495,141.40956594814597,138.86927245504862,140.3068084716797,234000,0.0,0.0
2025-04-17 00:00:00-04:00,140.46437482302002,142.56158254233705,138.98746078386463,141.86251831054688,161900,0.0,0.0
2025-04-21 00:00:00-04:00,141.33079341432986,142.0003354612581,139.3418937115036,140.17880249023438,244300,0.0,0.0
2025-04-22 00:00:00-04:00,141.91174292113723,143.48710878348922,140.1591395727026,142.93572998046875,199300,0.0,0.0
2025-04-23 00:00:00-04:00,145.9880309086656,148.09509429328943,145.40709998042294,147.08094787597656,364600,0.0,0.0
2025-04-24 00:00:00-04:00,147.2187933762694,151.18676783214758,146.4704806592258,150.96031188964844,276000,0.0,0.0
2025-04-25 00:00:00-04:00,149.95600395480847,151.56090694632903,149.67045883571578,151.0587615966797,227400,0.0,0.0
2025-04-28 00:00:00-04:00,150.5467440384684,152.56519594841424,148.93198551530065,150.25137329101562,277000,0.0,0.0
2025-04-29 00:00:00-04:00,149.46368812414553,152.00398180849416,149.26676927765737,151.8858184814453,323500,0.0,0.0
2025-04-30 00:00:00-04:00,152.61443970766945,156.7891884992609,148.33138329339215,154.9971923828125,541400,0.0,0.0
2025-05-01 00:00:00-04:00,154.43597412741474,155.59780588550356,153.34305720761216,153.41197204589844,257900,0.0,0.0
2025-05-02 00:00:00-04:00,155.7651794753385,156.2082506305752,154.09134676447502,154.6033477783203,172300,0.0,0.0
2025-05-05 00:00:00-04:00,153.88455188659947,154.49501975383853,153.175647146224,153.31349182128906,179300,0.0,0.0
2025-05-06 00:00:00-04:00,152.14182507900452,153.99288024739667,152.14182507900452,153.12643432617188,295100,0.0,0.0
2025-05-07 00:00:00-04:00,153.7368936792392,154.18982056240802,152.15167212406644,153.40213012695312,289700,0.0,0.0
2025-05-08 00:00:00-04:00,154.68213700886903,157.15350110252845,152.25999136422524,155.0858154296875,157000,0.0,0.0
2025-05-09 00:00:00-04:00,155.05626973562946,156.6710284010256,153.9928898793033,155.13504028320312,139900,0.0,0.0
2025-05-12 00:00:00-04:00,158.049485500452,159.39839540355723,157.8328702573912,159.0833282470703,144400,0.0,0.0
2025-05-13 00:00:00-04:00,158.9159171338922,159.72330388056278,158.4137718559992,158.52207946777344,271700,0.0,0.0
2025-05-14 00:00:00-04:00,158.52208794364142,158.61069916966443,155.96209790516002,156.08026123046875,218900,0.0,0.0
2025-05-15 00:00:00-04:00,156.8508234427133,157.32501707556278,155.96169342248376,156.6532440185547,192400,0.53,0.0
2025-05-16 00:00:00-04:00,157.5028311372072,157.82884396452556,156.23830475664462,157.56211853027344,299200,0.0,0.0
2025-05-19 00:00:00-04:00,155.56653525818354,157.6312681372558,155.56653525818354,157.53248596191406,158500,0.0,0.0
2025-05-20 00:00:00-04:00,157.4534553241094,158.34257029732242,156.43590693779112,157.1175537109375,172300,0.0,0.0
2025-05-21 00:00:00-04:00,156.05063644552527,157.93753751714658,155.36897453394118,155.60606384277344,342200,0.0,0.0
2025-05-22 00:00:00-04:00,155.2997944213539,157.2953812809817,154.55886027328035,156.39637756347656,251700,0.0,0.0
2025-05-23 00:00:00-04:00,154.63790077584753,156.3074748631354,154.23285314208118,155.84315490722656,157100,0.0,0.0
2025-05-27 00:00:00-04:00,157.69054071176436,160.53573267464972,156.65324496011095,160.4369354248047,179400,0.0,0.0
2025-05-28 00:00:00-04:00,160.10104208900506,160.69379541419184,159.18229101674316,160.36778259277344,263800,0.0,0.0
2025-05-29 00:00:00-04:00,161.0297019039894,162.68938730142463,160.4665846677806,162.22508239746094,335000,0.0,0.0
2025-05-30 00:00:00-04:00,161.92870096462798,162.06700807703794,160.1702183606965,161.00006103515625,373900,0.0,0.0
2025-06-02 00:00:00-04:00,160.26899793789119,161.39521728474745,159.1526673609823,159.8837127685547,445800,0.0,0.0
2025-06-03 00:00:00-04:00,159.7553043924381,164.14162233448482,159.13291482071222,163.21299743652344,235600,0.0,0.0
2025-06-04 00:00:00-04:00,164.14161187071602,164.50714964834316,163.04502868652344,163.04502868652344,170300,0.0,0.0
2025-06-05 00:00:00-04:00,163.20308855891867,164.44786754901045,162.3831196434221,163.2524871826172,175200,0.0,0.0
2025-06-06 00:00:00-04:00,164.78375552361382,165.47529103845804,162.89683963184027,163.1141815185547,134100,0.0,0.0
2025-06-09 00:00:00-04:00,163.59826908726131,164.96157769552002,163.00551572760511,164.08233642578125,179200,0.0,0.0
2025-06-10 00:00:00-04:00,164.69484342317207,165.3271066048897,164.07245393632667,164.40834045410156,138000,0.0,0.0
2025-06-11 00:00:00-04:00,164.28980539940363,164.60592947152668,162.5510702425222,163.06478881835938,128000,0.0,0.0
2025-06-12 00:00:00-04:00,162.81782298249533,163.07468982686382,161.49402412458744,162.83758544921875,115000,0.0,0.0
2025-06-13 00:00:00-04:00,161.65209061192706,162.81781986239926,159.94299152021813,160.20973205566406,204600,0.0,0.0
2025-06-16 00:00:00-04:00,161.63232207338663,164.07246651038315,161.04945747004757,163.9242706298828,177700,0.0,0.0
2025-06-17 00:00:00-04:00,162.9363583427398,164.76400201462934,161.85953762007145,162.15591430664062,277600,0.0,0.0
2025-06-18 00:00:00-04:00,162.08675822798673,164.63555838098424,161.99783467549426,163.12405395507812,271000,0.0,0.0
2025-06-20 00:00:00-04:00,163.8353537414106,165.060370282052,162.8276941625548,162.85733032226562,757600,0.0,0.0
2025-06-23 00:00:00-04:00,162.3633724176683,164.50714003413077,161.43473255883293,164.38858032226562,196800,0.0,0.0
2025-06-24 00:00:00-04:00,165.59383971605874,167.44124579819314,164.51701902565387,166.62127685546875,212200,0.0,0.0
2025-06-25 00:00:00-04:00,166.46321774689986,167.7277442484658,164.3787222510717,166.02853393554688,227800,0.0,0.0
2025-06-26 00:00:00-04:00,166.6706768918745,167.8364060731522,165.38638799391094,167.115234375,153900,0.0,0.0
2025-06-27 00:00:00-04:00,167.7079618277095,168.05373711132913,164.2403955941102,165.30734252929688,377200,0.0,0.0
2025-06-30 00:00:00-04:00,165.2480920804019,166.00877368608232,163.46984695309638,165.50494384765625,195800,0.0,0.0
2025-07-01 00:00:00-04:00,164.80352749259598,170.64207738796048,163.9341598956006,169.2293701171875,169100,0.0,0.0
2025-07-02 00:00:00-04:00,169.14045508969454,171.45216602935062,168.3797584717526,171.43240356445312,205800,0.0,0.0
2025-07-03 00:00:00-04:00,172.3709095780962,173.64532470703125,171.7485351674087,173.64532470703125,154900,0.0,0.0
2025-07-07 00:00:00-04:00,173.35882225959736,173.35882225959736,168.53782115145228,169.46644592285156,218400,0.0,0.0
2025-07-08 00:00:00-04:00,169.45657541872228,172.93403052112677,169.45657541872228,172.2227325439453,212900,0.0,0.0
2025-07-09 00:00:00-04:00,173.08221060747132,174.8505818480991,170.88904436589831,171.34349060058594,222700,0.0,0.0
2025-07-10 00:00:00-04:00,171.12614709963822,174.1689183887151,170.4148491320959,172.874755859375,134300,0.0,0.0
2025-07-11 00:00:00-04:00,171.85721277738318,172.08442836234568,170.43461679887326,170.6815948486328,87200,0.0,0.0
2025-07-14 00:00:00-04:00,170.02957522601173,171.8473301190423,170.02957522601173,171.1360321044922,118800,0.0,0.0
2025-07-15 00:00:00-04:00,170.99772517034376,171.6102410067127,168.5081971912053,168.6069793701172,168400,0.0,0.0
2025-07-16 00:00:00-04:00,167.75738181939187,170.0493455441923,166.80899447242587,169.55538940429688,170000,0.0,0.0
2025-07-17 00:00:00-04:00,169.17996997463982,173.26005232248994,169.13057134809952,173.03282165527344,193300,0.0,0.0
2025-07-18 00:00:00-04:00,173.98120561377445,173.98120561377445,172.133814756625,172.8055877685547,141900,0.0,0.0
2025-07-21 00:00:00-04:00,174.08001390882012,174.8604579074472,171.758414228899,171.95599365234375,146600,0.0,0.0
2025-07-22 00:00:00-04:00,172.66728980280394,175.99654902924567,171.15578537170262,174.24795532226562,302900,0.0,0.0
2025-07-23 00:00:00-04:00,175.2259977310896,176.54981165375614,173.9417238159289,175.35443115234375,165700,0.0,0.0
2025-07-24 00:00:00-04:00,174.18870070992403,175.1568505249783,172.67718105083017,174.73204040527344,139600,0.0,0.0
2025-07-25 00:00:00-04:00,175.5619026061309,178.18973788469833,173.05259690619746,177.85385131835938,234700,0.0,0.0
2025-07-28 00:00:00-04:00,177.82419854762009,177.82419854762009,173.79351490495276,176.09535217285156,212000,0.0,0.0
2025-07-29 00:00:00-04:00,177.3598895835835,177.3598895835835,175.51249845251164,176.51028442382812,196200,0.0,0.0
2025-07-30 00:00:00-04:00,176.58931179631057,178.3873192975583,176.13486553603929,177.3302459716797,189300,0.0,0.0
2025-07-31 00:00:00-04:00,175.7693388109766,178.86150885587887,175.0778032779928,175.71994018554688,247000,0.0,0.0
2025-08-01 00:00:00-04:00,173.32917353123236,175.26548786431545,171.20516856311164,173.11183166503906,220600,0.0,0.0
2025-08-04 00:00:00-04:00,173.86267977100795,175.71994452339243,173.29956256102741,175.30502319335938,250200,0.0,0.0
2025-08-05 00:00:00-04:00,178.81210761236673,180.64962490130182,176.34232712048322,177.76492309570312,345800,0.0,0.0
2025-08-06 00:00:00-04:00,178.1304552952026,178.1304552952026,174.69252488776388,175.91754150390625,219000,0.0,0.0
2025-08-07 00:00:00-04:00,176.83630546553363,176.98448628395082,174.3171260320214,174.80120849609375,158200,0.0,0.0
2025-08-08 00:00:00-04:00,176.09534906080214,177.3302393066703,170.7211042988888,172.0745391845703,285700,0.0,0.0
2025-08-11 00:00:00-04:00,171.9559963503265,173.3588298754415,166.60151399694027,167.3819580078125,394100,0.0,0.0
2025-08-12 00:00:00-04:00,168.12289224288645,170.39509333508934,167.32268576667687,169.91102600097656,299600,0.0,0.0
2025-08-13 00:00:00-04:00,170.6519575780487,171.84732288947313,168.53782608883913,171.8275604248047,300200,0.0,0.0
2025-08-14 00:00:00-04:00,170.48403334588622,170.948338259848,168.08339861119723,168.13279724121094,213100,0.0,0.0
2025-08-15 00:00:00-04:00,167.1417760794955,168.26159387037526,166.12104904526464,168.08322143554688,373300,0.53,0.0
2025-08-18 00:00:00-04:00,168.18233557617327,169.70846637216172,167.9048421281952,168.91566467285156,233000,0.0,0.0
2025-08-19 00:00:00-04:00,169.12379078614026,170.3526191259691,168.618371923785,169.7382049560547,128500,0.0,0.0
2025-08-20 00:00:00-04:00,170.7192905194625,170.76884346140358,168.4697200239643,168.90576171875,159800,0.0,0.0
2025-08-21 00:00:00-04:00,168.34088971353603,169.3616168336556,168.1030597804194,169.17333984375,109200,0.0,0.0
2025-08-22 00:00:00-04:00,170.12467692575404,174.8715672669217,168.9354819859913,174.37606811523438,167800,0.0,0.0
2025-08-25 00:00:00-04:00,174.05895086473146,174.05895086473146,170.84811074348434,171.06613159179688,132500,0.0,0.0
2025-08-26 00:00:00-04:00,171.29407166746563,172.1958686779995,168.55890653063167,168.60845947265625,166800,0.0,0.0
2025-08-27 00:00:00-04:00,167.9543944226851,172.66163653750255,167.21114566771394,172.5625457763672,236100,0.0,0.0
2025-08-28 00:00:00-04:00,172.60218803430854,172.62201223614062,169.8075804334035,171.3238067626953,204400,0.0,0.0
2025-08-29 00:00:00-04:00,171.07604113241507,172.09676817029558,168.46971076814316,169.06431579589844,186700,0.0,0.0
2025-09-02 00:00:00-04:00,167.41926108075717,168.72737101939262,166.58682610876784,167.548095703125,191900,0.0,0.0
2025-09-03 00:00:00-04:00,167.00305122505847,167.72647580842826,166.00213318357913,167.49855041503906,213100,0.0,0.0
2025-09-04 00:00:00-04:00,167.7165542776864,170.82828827067038,166.83456641372885,170.7589111328125,201200,0.0,0.0
2025-09-05 00:00:00-04:00,171.44271200392936,172.05712613294565,167.90484068868108,168.9255828857422,166700,0.0,0.0
2025-09-08 00:00:00-04:00,167.8255833625632,169.63909710904875,166.52736276990896,168.76702880859375,316500,0.0,0.0
2025-09-09 00:00:00-04:00,168.89583600115319,168.89583600115319,166.20033448914637,167.27059936523438,217600,0.0,0.0
2025-09-10 00:00:00-04:00,167.0426826372031,168.39044102372293,166.06160392974078,167.80575561523438,393800,0.0,0.0
2025-09-11 00:00:00-04:00,168.75710893209575,171.63101333174086,168.6381939643295,170.34271240234375,211100,0.0,0.0
2025-09-12 00:00:00-04:00,169.82738100757234,169.82738100757234,167.12195976826627,167.7363739013672,191400,0.0,0.0
2025-09-15 00:00:00-04:00,167.66701673757757,169.25260505764186,166.666098705575,167.50845336914062,165500,0.0,0.0
2025-09-16 00:00:00-04:00,167.6670037647266,168.12285451191858,165.28859878650118,166.80484008789062,198900,0.0,0.0
2025-09-17 00:00:00-04:00,167.20124186770306,169.9958493356116,166.98322102223227,167.4390869140625,205200,0.0,0.0
2025-09-18 00:00:00-04:00,167.8255860824785,170.35261992029578,167.6273743041562,169.0445098876953,183600,0.0,0.0
2025-09-19 00:00:00-04:00,169.84720197816813,171.72018820382547,169.02467155548635,169.4309844970703,1205600,0.0,0.0
2025-09-22 00:00:00-04:00,168.93548702085639,171.37333445181127,168.36070617319652,170.79856872558594,246900,0.0,0.0
2025-09-23 00:00:00-04:00,170.5210860612254,172.37424805773284,169.3417956556537,170.53099060058594,213200,0.0,0.0
2025-09-24 00:00:00-04:00,170.60035353034527,171.31387352540315,167.23096531479857,168.0634002685547,186700,0.0,0.0
2025-09-25 00:00:00-04:00,167.52826090305675,169.29223661747227,166.40842801685693,167.41925048828125,157700,0.0,0.0
2025-09-26 00:00:00-04:00,167.26069436530798,169.3913346935935,167.26069436530798,169.341796875,152300,0.0,0.0
2025-09-29 00:00:00-04:00,169.85711414101968,170.1048637328948,168.3805362511623,169.4805450439453,304100,0.0,0.0
2025-09-30 00:00:00-04:00,169.6490194695096,171.1057883354171,169.08414312004376,170.52110290527344,175000,0.0,0.0
2025-10-01 00:00:00-04:00,169.71836585507407,171.90847878300195,169.0643184599578,170.91748046875,194600,0.0,0.0
2025-10-02 00:00:00-04:00,170.64991162562654,172.27514830314928,169.71837076385717,172.06704711914062,144000,0.0,0.0
2025-10-03 00:00:00-04:00,172.77065163587443,173.4148096471447,170.99677121276358,172.4337158203125,163100,0.0,0.0
2025-10-06 00:00:00-04:00,172.53280827417228,175.60489389918305,171.6607249404339,173.6030731201172,160300,0.0,0.0
2025-10-07 00:00:00-04:00,173.75174903152123,174.66346573311617,169.530101346029,170.54090881347656,112000,0.0,0.0
2025-10-08 00:00:00-04:00,171.17514413398462,172.26524838903572,169.7976570052028,172.03732299804688,108800,0.0,0.0
2025-10-09 00:00:00-04:00,172.65174348020082,173.0679609960935,168.0039585372458,169.0445098876953,135300,0.0,0.0
2025-10-10 00:00:00-04:00,169.3219898205609,170.2832594929893,168.26161425804133,169.03460693359375,178000,0.0,0.0
2025-10-13 00:00:00-04:00,169.94630962393222,170.17423500659305,167.72646791358986,167.7462921142578,259200,0.0,0.0
2025-10-14 00:00:00-04:00,166.08141155917278,168.67783754551004,166.08141155917278,166.33908081054688,188000,0.0,0.0
2025-10-15 00:00:00-04:00,166.28951913082656,168.00394196991388,163.28679546686539,165.9030303955078,280900,0.0,0.0
2025-10-16 00:00:00-04:00,166.17058669823618,166.17058669823618,162.72191686873157,163.55435180664062,174900,0.0,0.0
2025-10-17 00:00:00-04:00,163.79219235458373,164.19850527318422,162.6228216578508,163.58409118652344,184700,0.0,0.0
2025-10-20 00:00:00-04:00,164.34717204428452,165.61564879442247,163.2570828703974,164.8129425048828,195100,0.0,0.0
2025-10-21 00:00:00-04:00,165.00123516637322,168.25170873951544,164.3868209913999,167.07241821289062,198300,0.0,0.0
2025-10-22 00:00:00-04:00,166.97330936237222,166.97330936237222,163.70301194119799,163.8417510986328,213000,0.0,0.0
2025-10-23 00:00:00-04:00,164.24806417833872,165.30842449937333,162.72191832375836,165.21923828125,222000,0.0,0.0
2025-10-24 00:00:00-04:00,166.0318657696632,167.23098049061272,164.3570911707557,166.68592834472656,224800,0.0,0.0
2025-10-27 00:00:00-04:00,167.4390860245693,168.53909478580667,165.23906850209454,165.27870178222656,228600,0.0,0.0
2025-10-28 00:00:00-04:00,165.25887723710386,166.46789641797838,160.7894801808773,161.24534606933594,416200,0.0,0.0
2025-10-29 00:00:00-04:00,161.69128122491222,172.0769388516834,161.65163282614313,167.9147491455078,613900,0.0,0.0
2025-10-30 00:00:00-04:00,165.79403233378122,165.88321855901722,153.32727087358174,155.78494262695312,502500,0.0,0.0
2025-10-31 00:00:00-04:00,155.339007239058,156.40928738101908,153.32728159266262,155.61648559570312,377400,0.0,0.0
2025-11-03 00:00:00-05:00,153.79304564402534,154.8930544838161,149.74977031726573,154.575927734375,313400,0.0,0.0
2025-11-04 00:00:00-05:00,153.3470770308279,156.10205099890936,153.3470770308279,155.9038543701172,208800,0.0,0.0
2025-11-05 00:00:00-05:00,155.90385934084543,159.82820412892508,155.59663716677383,158.52999877929688,270800,0.0,0.0
2025-11-06 00:00:00-05:00,158.4011671173483,159.71919669151023,154.65519469454463,155.65611267089844,238800,0.0,0.0
2025-11-07 00:00:00-05:00,154.93268765502128,157.61829999720885,154.3975551675201,157.52911376953125,156800,0.0,0.0
2025-11-10 00:00:00-05:00,158.69846618495475,160.53181907729723,155.94349213754646,159.02549743652344,181700,0.0,0.0
2025-11-11 00:00:00-05:00,158.89666929744047,160.1849701563573,157.30116137431065,158.68856811523438,168500,0.0,0.0
2025-11-12 00:00:00-05:00,159.29308087451264,160.006600899147,158.53991244771257,159.94712829589844,197900,0.0,0.0
2025-11-13 00:00:00-05:00,158.51017529765647,160.03632114994085,157.32098036016566,157.8363037109375,186800,0.0,0.0
2025-11-14 00:00:00-05:00,156.38460745232896,157.44852325006414,154.96275569115517,155.40023803710938,190000,0.53,0.0
2025-11-17 00:00:00-05:00,155.28092472284428,155.77807823037926,153.23265469930755,154.66445922851562,219800,0.0,0.0
2025-11-18 00:00:00-05:00,153.7695759014726,156.34484263616068,152.50681689895643,156.0266571044922,169700,0.0,0.0
2025-11-19 00:00:00-05:00,156.06644183639787,157.03090572039315,154.82355801917728,155.2411651611328,184100,0.0,0.0
2025-11-20 00:00:00-05:00,157.12040224771417,157.77663336152756,151.98977429511388,152.06932067871094,168400,0.0,0.0
2025-11-21 00:00:00-05:00,152.76532813214314,156.39454264328512,152.76532813214314,154.96275329589844,193500,0.0,0.0
2025-11-24 00:00:00-05:00,154.1175999283757,154.525269479125,152.1687513439582,153.19290161132812,240600,0.0,0.0
2025-11-25 00:00:00-05:00,154.47554673469972,160.49110753217192,154.29656357301016,160.11326599121094,272400,0.0,0.0
2025-11-26 00:00:00-05:00,158.4428356848105,161.08768092715707,158.4428356848105,160.04367065429688,296900,0.0,0.0
2025-11-28 00:00:00-05:00,159.70559244710265,160.97830424883088,159.70559244710265,160.38172912597656,107000,0.0,0.0
2025-12-01 00:00:00-05:00,159.1984961339473,163.56350330524697,158.87037299969532,162.64874267578125,353900,0.0,0.0
2025-12-02 00:00:00-05:00,163.4640749415314,164.39872600741893,160.77944890822835,163.4044189453125,264900,0.0,0.0
2025-12-03 00:00:00-05:00,163.6529930448725,166.58619579591925,162.11181408932953,162.1913604736328,311800,0.0,0.0
2025-12-04 00:00:00-05:00,162.18141650202622,164.64729363099568,160.1729120999542,162.28085327148438,462300,0.0,0.0
2025-12-05 00:00:00-05:00,162.03228683953026,164.29930574588977,160.78940300174884,161.40586853027344,230200,0.0,0.0
2025-12-08 00:00:00-05:00,161.04791220653098,162.07204724222197,158.4428326212107,159.49679565429688,442800,0.0,0.0
2025-12-09 00:00:00-05:00,159.87462550390225,161.54506925412397,156.7226739442905,156.9016571044922,228200,0.0,0.0
2025-12-10 00:00:00-05:00,157.1402837172763,159.02947626605433,156.62325496120488,158.11471557617188,341200,0.0,0.0
2025-12-11 00:00:00-05:00,158.90020853778938,163.88169660922426,158.90020853778938,163.03652954101562,212300,0.0,0.0
2025-12-12 00:00:00-05:00,163.66295158267528,164.98536664896284,160.41156318003848,161.4754638671875,235000,0.0,0.0
2025-12-15 00:00:00-05:00,162.08198299989792,162.71833889026385,159.0195155362865,159.42718505859375,207800,0.0,0.0
2025-12-16 00:00:00-05:00,159.28797948397028,160.17291211330652,157.83629975005374,158.36328125,165700,0.0,0.0
2025-12-17 00:00:00-05:00,157.58772682819261,160.19280639477986,157.49822766472934,157.57777404785156,155400,0.0,0.0
2025-12-18 00:00:00-05:00,158.0650056224187,161.00814623005874,157.8363192307257,159.6459503173828,297300,0.0,0.0
2025-12-19 00:00:00-05:00,159.7056009319825,161.28656074555542,157.14028680323048,159.17861938476562,487400,0.0,0.0
2025-12-22 00:00:00-05:00,159.09907097361264,162.1814290013219,158.57208943309593,160.55076599121094,204400,0.0,0.0
2025-12-23 00:00:00-05:00,159.17860056089964,161.81352315731024,159.17860056089964,160.7396697998047,165400,0.0,0.0
2025-12-24 00:00:00-05:00,160.143089391655,161.733986723994,159.42718710929455,160.53086853027344,112400,0.0,0.0
2025-12-26 00:00:00-05:00,160.59052689440477,163.41437045956386,159.57634462269937,162.92715454101562,441800,0.0,0.0
2025-12-29 00:00:00-05:00,162.90726400037119,163.1359655464544,160.25246598821883,162.4101104736328,224200,0.0,0.0
2025-12-30 00:00:00-05:00,162.35046555105268,164.38879818408893,161.01809764978077,161.64451599121094,199300,0.0,0.0
2025-12-31 00:00:00-05:00,161.5152417996427,162.81778162513632,159.05930213939072,159.22833251953125,191500,0.0,0.0
2026-01-02 00:00:00-05:00,159.3178089202982,162.33055796492536,158.7609994188639,161.31637573242188,361100,0.0,0.0
2026-01-05 00:00:00-05:00,160.83910809323473,169.11175029649576,160.83910809323473,167.46119689941406,338200,0.0,0.0
2026-01-06 00:00:00-05:00,166.6458667491417,169.05208797652128,166.31774360378247,168.32623291015625,219100,0.0,0.0
2026-01-07 00:00:00-05:00,169.13163713053655,169.13163713053655,167.08335184063588,167.58050537109375,131800,0.0,0.0
2026-01-08 00:00:00-05:00,167.94841874393552,170.83190331395494,165.6217437318297,170.77224731445312,188900,0.0,0.0
2026-01-09 00:00:00-05:00,171.02080880354444,173.35743638794276,168.972538753521,172.98953247070312,160200,0.0,0.0
2026-01-12 00:00:00-05:00,172.40290340313288,174.19265917538,170.20547808822243,174.0037384033203,171800,0.0,0.0
2026-01-13 00:00:00-05:00,174.02362682323326,175.66422741226884,173.30772452243764,175.6343994140625,232200,0.0,0.0
2026-01-14 00:00:00-05:00,175.35598507496755,179.17412035612358,174.12303891937884,179.09457397460938,303400,0.0,0.0
2026-01-15 00:00:00-05:00,179.75081587135492,182.02778736754692,179.48234873676412,181.98800659179688,213200,0.0,0.0
2026-01-16 00:00:00-05:00,182.24653135104373,183.96669346030467,180.6059307978251,183.58885192871094,236000,0.0,0.0
2026-01-20 00:00:00-05:00,181.1727039589385,182.21671427981377,178.2295482576709,179.83038330078125,267300,0.0,0.0
2026-01-21 00:00:00-05:00,181.2025198345339,184.48372091818712,180.44683677659376,183.11158752441406,247700,0.0,0.0
2026-01-22 00:00:00-05:00,183.66840682953406,183.7081724374777,181.55052787338423,182.3857421875,186200,0.0,0.0
2026-01-23 00:00:00-05:00,181.32183992229656,181.87864946022353,178.86590021814422,180.35736083984375,137100,0.0,0.0
2026-01-26 00:00:00-05:00,180.18833150158267,180.98378020548625,179.06475963837178,179.5420379638672,149900,0.0,0.0
2026-01-27 00:00:00-05:00,179.87012990635088,179.87012990635088,175.09746845250788,179.1741180419922,257900,0.0,0.0
2026-01-28 00:00:00-05:00,178.52782321938892,179.08463270668864,174.67984484837,174.77928161621094,288700,0.0,0.0
2026-01-29 00:00:00-05:00,175.534953684971,177.2451629638672,173.56623004416574,177.2451629638672,258000,0.0,0.0
2026-01-30 00:00:00-05:00,175.54491960071834,178.24943609660423,174.3915197361948,176.14149475097656,400900,0.0,0.0
2026-02-02 00:00:00-05:00,176.12162040236726,180.40708154968658,174.46112937613924,180.27781677246094,163500,0.0,0.0
2026-02-03 00:00:00-05:00,179.6613454717776,183.3701065651367,179.6613454717776,183.2110137939453,206800,0.0,0.0
2026-02-04 00:00:00-05:00,183.55902278636842,187.5064229387093,183.43971079689194,185.84593200683594,217000,0.0,0.0
2026-02-05 00:00:00-05:00,185.60729701829592,187.4169431495184,183.6584636775104,186.09451293945312,227800,0.0,0.0
2026-02-06 00:00:00-05:00,187.73511893252117,193.28335430640092,187.64563493582688,192.03053283691406,244200,0.0,0.0
2026-02-09 00:00:00-05:00,192.02058266912735,194.0191496540309,188.94817736543428,193.50210571289062,164300,0.0,0.0
2026-02-10 00:00:00-05:00,193.8401612237411,193.86005161337786,191.4240023141772,193.55181884765625,167600,0.0,0.0
2026-02-11 00:00:00-05:00,194.0589022569079,196.4253578559128,191.02626276488934,195.6398468017578,218000,0.0,0.0
2026-02-12 00:00:00-05:00,200.83013009727856,207.73062332762382,200.6014437280314,201.9238739013672,277800,0.0,0.0
2026-02-13 00:00:00-05:00,198.4047935120614,203.68841319110493,195.9324487372293,201.31576538085938,257500,0.53,0.0
2026-02-17 00:00:00-05:00,201.1163792982489,203.85787839615054,199.85030091014602,201.51513671875,258300,0.0,0.0
2026-02-18 00:00:00-05:00,201.37556884414687,202.6316684013478,199.08267566151815,199.17239379882812,205400,0.0,0.0
2026-02-19 00:00:00-05:00,198.3848482382418,200.3188537152277,195.962367191986,197.387939453125,199300,0.0,0.0
2026-02-20 00:00:00-05:00,196.5604967527955,198.56427786758525,195.49381229848925,196.45083618164062,351600,0.0,0.0
2026-02-23 00:00:00-05:00,196.50068701035391,197.7268805303824,192.98160029161988,194.1978302001953,217700,0.0,0.0
2026-02-24 00:00:00-05:00,194.32741656615025,198.83344840393025,194.32741656615025,195.70315551757812,171000,0.0,0.0
2026-02-25 00:00:00-05:00,196.08199018190533,196.82967176618024,193.5797394110946,195.04519653320312,239400,0.0,0.0
2026-02-26 00:00:00-05:00,199.5113581771796,199.5113581771796,194.52681429796456,195.4140625,196700,0.0,0.0
2026-02-27 00:00:00-05:00,192.89189089197998,195.34427804313387,191.30679432514694,194.8059539794922,214000,0.0,0.0
2026-03-02 00:00:00-05:00,193.4401809026871,198.54436440929067,193.4401809026871,197.5673828125,164900,0.0,0.0
2026-03-03 00:00:00-05:00,194.10812232231615,197.35803958739487,189.54227811809284,193.3006134033203,187400,0.0,0.0
2026-03-04 00:00:00-05:00,194.04829466590846,195.24459741265565,190.06065940774135,192.1342315673828,168200,0.0,0.0
2026-03-05 00:00:00-05:00,189.66189842726544,190.7485253640492,185.7739602077544,187.03005981445312,139400,0.0,0.0
2026-03-06 00:00:00-05:00,183.88980614521773,184.1489969601408,180.73957064866994,182.86297607421875,162600,0.0,0.0
2026-03-09 00:00:00-04:00,181.31777503416959,184.68731639008377,177.73886092826643,184.28855895996094,140200,0.0,0.0
2026-03-10 00:00:00-04:00,183.12218240921027,185.99328466017812,182.13523720753477,182.48416137695312,172900,0.0,0.0
2026-03-11 00:00:00-04:00,181.09844804241712,183.70038050083323,179.32395167585508,182.98260498046875,147700,0.0,0.0
2026-03-12 00:00:00-04:00,181.40749295231927,182.83306521430453,178.37688172525753,178.88531494140625,163900,0.0,0.0
2026-03-13 00:00:00-04:00,180.22117309850415,180.70966389062187,174.84783523169415,176.67218017578125,205300,0.0,0.0
2026-03-16 00:00:00-04:00,178.51646184180385,180.440488478142,176.06405955942978,176.14381408691406,193200,0.0,0.0
2026-03-17 00:00:00-04:00,176.8117379651442,178.9351584878567,176.00424430485086,176.06405639648438,175300,0.0,0.0
2026-03-18 00:00:00-04:00,175.58554491260946,176.7120414684448,172.5848398070757,172.9935760498047,214900,0.0,0.0
2026-03-19 00:00:00-04:00,171.61783799539552,173.9306736342705,171.3885532384517,172.2458953857422,161400,0.0,0.0
2026-03-20 00:00:00-04:00,171.53810130626576,172.57487974574326,168.45764161110208,169.6140594482422,329900,0.0,0.0
2026-03-23 00:00:00-04:00,174.56869452736052,175.63537899635512,172.98361324107535,173.01351928710938,198200,0.0,0.0
2026-03-24 00:00:00-04:00,171.74745138407124,175.7251230773318,170.27203058034942,174.43910217285156,165500,0.0,0.0
2026-03-25 00:00:00-04:00,175.94443984431993,176.85161529280856,172.78424076911392,175.48585510253906,214300,0.0,0.0
2026-03-26 00:00:00-04:00,174.0802012010009,175.80486429229143,166.71304614088345,167.171630859375,279400,0.0,0.0
2026-03-27 00:00:00-04:00,166.48377232438196,166.51367837194167,164.16097295697656,164.7491455078125,205200,0.0,0.0
2026-03-30 00:00:00-04:00,165.02826608302001,168.32804678931183,159.48545592393918,160.19326782226562,297100,0.0,0.0
2026-03-31 00:00:00-04:00,162.88492504507343,166.11491497022848,158.069853809638,163.4431915283203,447000,0.0,0.0
2026-04-01 00:00:00-04:00,163.29366443059052,167.58037531155668,162.32666167796722,165.83578491210938,211600,0.0,0.0
2026-04-02 00:00:00-04:00,163.07434053170937,168.25826316045035,162.6955103264898,164.6095733642578,192200,0.0,0.0
2026-04-06 00:00:00-04:00,164.2606704602172,166.11492147308692,162.87496780947626,165.14791870117188,108500,0.0,0.0
2026-04-07 00:00:00-04:00,164.7092650788302,166.5336099187948,162.6157506168065,165.24758911132812,216400,0.0,0.0
2026-04-08 00:00:00-04:00,169.67387272300877,173.89079263818124,168.00903687197493,170.80038452148438,307500,0.0,0.0
2026-04-09 00:00:00-04:00,169.0757400789646,172.03656045841268,168.01900396373827,170.89010620117188,219700,0.0,0.0
2026-04-10 00:00:00-04:00,171.31878631174519,173.10324640132893,170.04274424272387,171.69760131835938,137200,0.0,0.0
2026-04-13 00:00:00-04:00,171.29883811779632,172.05648331717717,169.30502055052165,171.93685913085938,194300,0.0,0.0
2026-04-14 00:00:00-04:00,172.31568432298516,174.2496745292123,171.019699899638,171.03964233398438,268900,0.0,0.0
2026-04-15 00:00:00-04:00,170.82032590938337,170.82032590938337,165.26753669112153,165.377197265625,248000,0.0,0.0
2026-04-16 00:00:00-04:00,164.83887532124982,167.1317533802214,162.31669728708422,164.659423828125,440800,0.0,0.0
2026-04-17 00:00:00-04:00,167.13175023264958,174.10014805394437,165.66629311481668,172.67457580566406,374500,0.0,0.0
2026-04-20 00:00:00-04:00,171.67766322366361,174.20980476577276,171.0695482752439,172.9636688232422,279100,0.0,0.0
2026-04-21 00:00:00-04:00,172.95371485668443,175.46591410455267,170.37170947894356,171.27890014648438,143600,0.0,0.0
2026-04-22 00:00:00-04:00,172.30570853275714,172.93376592694898,169.28507616998218,169.57418823242188,148400,0.0,0.0
2026-04-23 00:00:00-04:00,168.67695693857655,172.57487378986968,168.67695693857655,171.77734375,146900,0.0,0.0
2026-04-24 00:00:00-04:00,170.53121756490089,172.1063353004909,168.3579636739308,169.32496643066406,195800,0.0,0.0
2026-04-27 00:00:00-04:00,169.55424878606593,171.46831183699132,168.56730360802996,170.4215545654297,198800,0.0,0.0
2026-04-28 00:00:00-04:00,170.94990654077822,171.68762448484125,166.1348354993577,166.74295043945312,335900,0.0,0.0
2026-04-29 00:00:00-04:00,167.0220976754016,167.0220976754016,163.32357445696803,163.62265014648438,247600,0.0,0.0
2026-04-30 00:00:00-04:00,163.70240222579767,167.09188609188988,163.6824597903629,165.8756561279297,250700,0.0,0.0
2026-05-01 00:00:00-04:00,166.27440509614507,166.33423239940151,164.5796632494366,165.27749633789062,201300,0.0,0.0
2026-05-04 00:00:00-04:00,166.1547905896039,167.8993810181528,163.8618972697582,164.7491455078125,196600,0.0,0.0
2026-05-05 00:00:00-04:00,169.64396110912912,175.35624401926378,167.98908892410205,168.3479766845703,492900,0.0,0.0
2026-05-06 00:00:00-04:00,171.05957271148137,174.43909284354976,168.29814636258658,173.43222045898438,445700,0.0,0.0
2026-05-07 00:00:00-04:00,175.24658096308553,178.20740114206595,170.76049162664495,171.3686065673828,420800,0.0,0.0
2026-05-08 00:00:00-04:00,173.0833052838203,173.0833052838203,168.706876151672,169.41468811035156,221400,0.0,0.0
2026-05-11 00:00:00-04:00,169.27511321300315,170.71066428435233,167.46073193904218,168.04891967773438,241300,0.0,0.0
2026-05-12 00:00:00-04:00,168.19845801565833,169.21530927547363,165.3273557345899,169.02589416503906,308000,0.0,0.0
2026-05-13 00:00:00-04:00,168.8364725760569,173.41228025221196,167.96916680010645,171.9468231201172,478600,0.0,0.0
2026-05-14 00:00:00-04:00,174.30950294903653,176.8815141662427,171.57796746765771,174.14999389648438,361100,0.0,0.0
2026-05-15 00:00:00-04:00,172.77000427246094,174.00999450683594,170.97999572753906,171.24000549316406,378200,0.54,0.0
2026-05-18 00:00:00-04:00,172.27000427246094,173.33999633789062,169.0500030517578,169.52000427246094,213200,0.0,0.0
2026-05-19 00:00:00-04:00,168.1999969482422,168.1999969482422,165.08999633789062,165.11000061035156,193400,0.0,0.0
2026-05-20 00:00:00-04:00,165.5,169.8699951171875,164.47999572753906,168.9600067138672,223300,0.0,0.0
2026-05-21 00:00:00-04:00,167.72000122070312,170.60000610351562,164.91000366210938,168.5500030517578,218200,0.0,0.0
2026-05-22 00:00:00-04:00,168.99000549316406,171.08999633789062,166.80999755859375,170.9499969482422,194300,0.0,0.0
2026-05-26 00:00:00-04:00,171.75,174.00999450683594,169.67999267578125,173.22999572753906,313000,0.0,0.0
2026-05-27 00:00:00-04:00,174.67999267578125,174.7100067138672,169.8699951171875,171.6999969482422,556000,0.0,0.0
2026-05-28 00:00:00-04:00,170.97999572753906,171.8300018310547,168.22999572753906,170.2100067138672,431100,0.0,0.0
2026-05-29 00:00:00-04:00,168.88999938964844,170.1999969482422,165.07000732421875,165.8000030517578,456300,0.0,0.0
2026-06-01 00:00:00-04:00,163.85000610351562,164.64999389648438,161.1300048828125,163.1300048828125,390900,0.0,0.0
2026-06-02 00:00:00-04:00,163.25,165.85000610351562,162.58999633789062,163.27000427246094,217200,0.0,0.0
2026-06-03 00:00:00-04:00,162.61000061035156,165.4199981689453,161.1300048828125,164.58999633789062,400300,0.0,0.0
2026-06-04 00:00:00-04:00,165.72000122070312,166.02000427246094,161.27999877929688,161.50999450683594,274600,0.0,0.0
2026-06-05 00:00:00-04:00,161.50999450683594,161.9199981689453,159.85000610351562,161.3000030517578,282200,0.0,0.0
2026-06-08 00:00:00-04:00,161.27000427246094,162.82000732421875,158.32000732421875,158.94000244140625,337100,0.0,0.0
2026-06-09 00:00:00-04:00,160.83999633789062,163.0800018310547,158.72000122070312,160.77000427246094,412700,0.0,0.0
2026-06-10 00:00:00-04:00,160.6699981689453,161.7100067138672,156.27000427246094,156.27999877929688,529300,0.0,0.0
2026-06-11 00:00:00-04:00,157.36000061035156,159.86000061035156,155.77999877929688,159.49000549316406,364400,0.0,0.0
2026-06-12 00:00:00-04:00,161.36000061035156,161.39999389648438,159.00999450683594,159.88999938964844,370500,0.0,0.0
2026-06-15 00:00:00-04:00,161.0800018310547,163.91000366210938,160.2100067138672,162.47999572753906,343900,0.0,0.0
2026-06-16 00:00:00-04:00,163.3000030517578,165.41000366210938,162.00999450683594,162.5399932861328,294500,0.0,0.0
2026-06-17 00:00:00-04:00,161.02999877929688,164.72000122070312,159.0500030517578,160.1999969482422,341100,0.0,0.0
2026-06-18 00:00:00-04:00,162.16000366210938,164.97999572753906,161.0500030517578,164.38999938964844,824200,0.0,0.0
2026-06-22 00:00:00-04:00,164.0,165.72000122070312,163.02999877929688,163.9499969482422,299900,0.0,0.0
2026-06-23 00:00:00-04:00,163.25,165.83999633789062,162.42999267578125,162.66000366210938,287800,0.0,0.0
2026-06-24 00:00:00-04:00,163.63999938964844,168.88999938964844,163.63999938964844,165.2899932861328,248400,0.0,0.0
2026-06-25 00:00:00-04:00,165.9199981689453,169.22000122070312,165.3800048828125,167.6199951171875,316700,0.0,0.0
2026-06-26 00:00:00-04:00,167.0800018310547,170.4600067138672,165.9199981689453,170.4600067138672,478800,0.0,0.0
2026-06-29 00:00:00-04:00,170.3000030517578,173.47000122070312,168.99000549316406,172.05999755859375,465600,0.0,0.0
2026-06-30 00:00:00-04:00,172.50999450683594,174.97000122070312,171.32000732421875,174.5800018310547,336400,0.0,0.0
2026-07-01 00:00:00-04:00,174.5500030517578,175.0,169.4199981689453,170.27999877929688,355800,0.0,0.0
2026-07-02 00:00:00-04:00,170.58999633789062,171.58999633789062,168.3699951171875,171.47999572753906,218300,0.0,0.0
2026-07-06 00:00:00-04:00,171.35000610351562,173.11000061035156,170.10000610351562,172.19000244140625,266900,0.0,0.0
2026-07-07 00:00:00-04:00,172.61000061035156,173.3800048828125,168.44000244140625,170.33999633789062,257800,0.0,0.0
2026-07-08 00:00:00-04:00,168.3699951171875,168.57000732421875,166.3300018310547,167.41000366210938,336400,0.0,0.0
2026-07-09 00:00:00-04:00,168.0500030517578,169.63999938964844,166.60000610351562,167.85000610351562,229400,0.0,0.0
2026-07-10 00:00:00-04:00,167.5800018310547,172.0500030517578,167.5800018310547,170.61000061035156,252700,0.0,0.0
2026-07-13 00:00:00-04:00,170.14999389648438,172.1999969482422,167.2899932861328,168.55999755859375,244900,0.0,0.0
2026-07-14 00:00:00-04:00,169.52000427246094,171.5800018310547,167.64999389648438,167.8300018310547,193600,0.0,0.0
2026-07-15 00:00:00-04:00,167.5800018310547,169.69000244140625,166.41000366210938,169.0,119200,0.0,0.0
2026-07-16 00:00:00-04:00,168.4600067138672,173.44000244140625,168.4600067138672,173.38999938964844,224000,0.0,0.0
2026-07-17 00:00:00-04:00,172.1199951171875,175.0,170.38999938964844,171.02999877929688,186000,0.0,0.0
2026-07-20 00:00:00-04:00,172.4600067138672,172.14999389648438,169.7899932861328,171.1300048828125,167329,0.0,0.0
