Date,Open,High,Low,Close,Volume,Dividends,Stock Splits
2022-01-03 00:00:00-05:00,16.444255172836446,16.703988216784875,16.303664309328425,16.48952865600586,116400,0.0,0.0
2022-01-04 00:00:00-05:00,16.563402070105894,16.84458202833937,16.439491271972656,16.439491271972656,143600,0.0,0.0
2022-01-05 00:00:00-05:00,16.49907160209869,16.572942167544173,16.215509929434617,16.25840187072754,158000,0.0,0.0
2022-01-06 00:00:00-05:00,16.346559744383836,16.482383859150247,16.13210013738594,16.39421844482422,276800,0.0,0.0
2022-01-07 00:00:00-05:00,16.382302387504538,16.382302387504538,15.967681716117129,15.981978416442871,95600,0.0,0.0
2022-01-10 00:00:00-05:00,15.900964654839166,15.900964654839166,15.567360973438957,15.777053833007812,140800,0.0,0.0
2022-01-11 00:00:00-05:00,15.777055002800093,16.043938331307128,15.631699115255378,15.91049575805664,144000,0.0,0.0
2022-01-12 00:00:00-05:00,16.00819654280652,16.0177282861043,15.767525024021394,15.788971900939941,168800,0.0,0.0
2022-01-13 00:00:00-05:00,15.965302579567501,16.008194509963708,15.738929613472692,15.815181732177734,98000,0.0,0.0
2022-01-14 00:00:00-05:00,15.731779428855782,15.91526228237853,15.48872636883144,15.715099334716797,163600,0.0,0.0
2022-01-18 00:00:00-05:00,15.457747679499395,15.483959512510223,15.221842091398784,15.355283737182617,102000,0.0,0.0
2022-01-19 00:00:00-05:00,15.448217721329286,15.495874613397532,15.238523942040597,15.319541931152344,126400,0.0,0.0
2022-01-20 00:00:00-05:00,15.305243756342977,15.636464032971542,15.305243756342977,15.388644218444824,194400,0.0,0.0
2022-01-21 00:00:00-05:00,15.269499962840696,15.72462923121146,15.007382540426756,15.491107940673828,166800,0.0,0.0
2022-01-24 00:00:00-05:00,15.56497856150765,15.860455295372628,15.250438343394887,15.727014541625977,305600,0.0,0.0
2022-01-25 00:00:00-05:00,15.891434966065608,15.891434966065608,15.317159736460692,15.514939308166504,156000,0.0,0.0
2022-01-26 00:00:00-05:00,15.727015754470184,15.889051747084487,15.24329116684053,15.40056037902832,146800,0.0,0.0
2022-01-27 00:00:00-05:00,15.557827597781747,15.64837640576777,15.200395509109152,15.338603019714355,125600,0.0,0.0
2022-01-28 00:00:00-05:00,15.336221194051253,15.381496511658186,14.974023198180298,15.36719799041748,200800,0.0,0.0
2022-01-31 00:00:00-05:00,15.267115920631,15.529232422846007,15.233755737694196,15.250435829162598,225600,0.0,0.0
2022-02-01 00:00:00-05:00,15.267119012681322,15.52447060573834,15.16465505348236,15.371966361999512,178800,0.0,0.0
2022-02-02 00:00:00-05:00,15.369581786442911,15.481577479486706,15.100315990548882,15.188483238220215,132800,0.0,0.0
2022-02-03 00:00:00-05:00,15.066957452792849,15.250439411036526,14.859647046568238,14.943047523498535,328400,0.0,0.0
2022-02-04 00:00:00-05:00,14.971641086921764,15.455365617318009,14.888239710269255,15.288564682006836,136800,0.0,0.0
2022-02-07 00:00:00-05:00,15.310009154582938,15.324305857638548,15.012149054299222,15.133675575256348,158000,0.0,0.0
2022-02-08 00:00:00-05:00,15.086021870479035,15.281417155788834,14.966877805218886,15.16703987121582,253200,0.0,0.0
2022-02-09 00:00:00-05:00,15.293329568421049,15.362433332135831,14.926365694553157,14.928749084472656,420800,0.0,0.0
2022-02-10 00:00:00-05:00,14.847731694568985,14.916834552062639,14.530808088317066,14.535573959350586,600000,0.0,0.0
2022-02-11 00:00:00-05:00,14.592764542233668,14.714291080755716,14.297286880086526,14.435494422912598,422000,0.0,0.0
2022-02-14 00:00:00-05:00,14.397363713944342,14.4474048958702,14.149544829868404,14.235328674316406,293200,0.0,0.0
2022-02-15 00:00:00-05:00,14.356857101122538,14.587996834127503,14.185289389284055,14.297285079956055,257600,0.0,0.0
2022-02-16 00:00:00-05:00,14.32349681854248,14.397365542534954,14.211501128622409,14.32349681854248,175200,0.0,0.0
2022-02-17 00:00:00-05:00,14.29728560867283,14.566551408821978,14.228181843404979,14.452173233032227,355200,0.0,0.0
2022-02-18 00:00:00-05:00,14.394983690638883,14.738118218008132,14.364005983967616,14.452173233032227,413600,0.0,0.0
2022-02-22 00:00:00-05:00,14.39021699875036,14.638036819988889,14.321113237424772,14.375920295715332,287200,0.0,0.0
2022-02-23 00:00:00-05:00,14.421196094969186,14.483150601757565,14.106655871896246,14.109038352966309,218000,0.0,0.0
2022-02-24 00:00:00-05:00,13.896960988571621,14.206735316025991,13.763519334269581,14.173375129699707,312400,0.0,0.0
2022-02-25 00:00:00-05:00,14.240096612904091,14.530808388985475,14.240096612904091,14.506979942321777,93200,0.0,0.0
2022-02-28 00:00:00-05:00,14.3854525115073,14.535574270790354,14.256777626833086,14.333029747009277,185600,0.0,0.0
2022-03-01 00:00:00-05:00,14.368771413180244,14.476001233748132,13.865983405959529,13.985127449035645,234400,0.0,0.0
2022-03-02 00:00:00-05:00,13.985124777565604,14.65471449898573,13.985124777565604,14.58084487915039,204400,0.0,0.0
2022-03-03 00:00:00-05:00,15.951003661360382,17.383113623818307,15.951003661360382,16.97564125061035,499200,0.0,0.0
2022-03-04 00:00:00-05:00,16.775477496870575,17.742926306605366,16.775477496870575,17.49748992919922,285200,0.0,0.0
2022-03-07 00:00:00-05:00,17.46890282734172,17.46890282734172,16.77310190020962,17.292570114135742,797600,0.0,0.0
2022-03-08 00:00:00-05:00,17.21155125348445,17.57136499623699,17.21155125348445,17.328311920166016,260800,0.0,0.0
2022-03-09 00:00:00-05:00,17.542771111346138,17.795355923289236,17.364055030897195,17.42124366760254,261200,0.0,0.0
2022-03-10 00:00:00-05:00,17.283037322735876,17.773910275846738,17.283037322735876,17.690509796142578,150800,0.0,0.0
2022-03-11 00:00:00-05:00,17.64284712664909,17.742927669552227,17.54038319425011,17.666675567626953,103200,0.0,0.0
2022-03-14 00:00:00-04:00,17.62617141836909,17.9573917388916,17.52847242267844,17.9573917388916,235600,0.0,0.0
2022-03-15 00:00:00-04:00,18.076532262366026,18.076532262366026,17.82632907375581,17.828712463378906,150400,0.0,0.0
2022-03-16 00:00:00-04:00,17.91211622144144,18.009815216064453,17.69289160354768,18.009815216064453,285600,0.0,0.0
2022-03-17 00:00:00-04:00,17.973926842720875,18.306467083028565,17.59353979490769,18.210773468017578,161200,0.075,0.0
2022-03-18 00:00:00-04:00,18.21077220334698,18.430870422969175,18.076797866205943,18.375844955444336,267200,0.0,0.0
2022-03-21 00:00:00-04:00,18.3758470674799,18.421302814344955,17.954790031609658,18.100725173950195,170000,0.0,0.0
2022-03-22 00:00:00-04:00,18.11028866082918,18.311249228029432,17.933253317876314,18.093542098999023,183200,0.0,0.0
2022-03-23 00:00:00-04:00,18.00263745601107,18.292114862520922,17.990674840562697,18.265798568725586,127600,0.0,0.0
2022-03-24 00:00:00-04:00,18.265798989513083,18.643795013427734,18.115079887681294,18.643795013427734,88400,0.0,0.0
2022-03-25 00:00:00-04:00,18.560064268036946,18.61987370291056,18.521785353603065,18.576810836791992,134400,0.0,0.0
2022-03-28 00:00:00-04:00,18.66054242617124,18.737098424653666,18.23709245883635,18.42130470275879,144000,0.0,0.0
2022-03-29 00:00:00-04:00,18.36149251766694,18.942840171366136,18.36149251766694,18.660539627075195,219600,0.0,0.0
2022-03-30 00:00:00-04:00,18.57441129590674,18.665320947269272,18.32560391691415,18.366273880004883,133200,0.0,0.0
2022-03-31 00:00:00-04:00,18.165318536951577,18.696426520152055,18.079192819392645,18.53374481201172,254400,0.0,0.0
2022-04-01 00:00:00-04:00,18.58158912888054,18.74905659066274,18.38063036502816,18.672500610351562,330800,0.0,0.0
2022-04-04 00:00:00-04:00,18.557665597385995,18.593551612176633,18.1772785862254,18.239479064941406,152800,0.0,0.0
2022-04-05 00:00:00-04:00,18.189244066426568,18.19402984309374,17.856703772379056,17.92129898071289,136000,0.0,0.0
2022-04-06 00:00:00-04:00,17.923686982608107,17.923686982608107,17.56004650328639,17.60310935974121,115600,0.0,0.0
2022-04-07 00:00:00-04:00,17.540909005970388,17.694020995938008,17.39018990419445,17.665311813354492,196400,0.0,0.0
2022-04-08 00:00:00-04:00,17.74904887290784,17.80885830911498,17.47392510130716,17.497848510742188,85600,0.0,0.0
2022-04-11 00:00:00-04:00,17.502629182808306,17.650955373186896,17.464350278685693,17.583969116210938,100400,0.0,0.0
2022-04-12 00:00:00-04:00,17.588752703679685,17.81124380989529,17.538513011984364,17.605499267578125,121200,0.0,0.0
2022-04-13 00:00:00-04:00,17.605500759419453,17.775361125803865,17.55287000073498,17.67727279663086,125600,0.0,0.0
2022-04-14 00:00:00-04:00,17.648565798849614,17.801679618848237,17.531339827132765,17.57679557800293,150000,0.0,0.0
2022-04-18 00:00:00-04:00,17.4834888329496,17.638993678794787,17.385400515101317,17.51937484741211,150400,0.0,0.0
2022-04-19 00:00:00-04:00,17.50980774766173,17.768183075013273,17.50980774766173,17.763399124145508,122400,0.0,0.0
2022-04-20 00:00:00-04:00,17.775363443336204,18.30646965203849,17.775363443336204,18.280155181884766,132000,0.0,0.0
2022-04-21 00:00:00-04:00,18.27058426241849,18.648578450677917,18.27058426241849,18.63661766052246,176800,0.0,0.0
2022-04-22 00:00:00-04:00,18.56006154452634,18.56006154452634,17.880625514938473,17.91651153564453,120800,0.0,0.0
2022-04-25 00:00:00-04:00,17.811243039545918,17.947608432603477,17.591144830617665,17.940431594848633,178000,0.0,0.0
2022-04-26 00:00:00-04:00,17.835172149139524,18.146180079412115,17.82320953345105,17.90694236755371,148800,0.0,0.0
2022-04-27 00:00:00-04:00,17.890192503284197,17.92368563075194,17.411717167758056,17.4643497467041,124400,0.0,0.0
2022-04-28 00:00:00-04:00,17.375831384660376,17.74665050474213,17.22989625935635,17.701194763183594,152000,0.0,0.0
2022-04-29 00:00:00-04:00,17.722731123085172,17.796894233829953,17.038511082908663,17.217939376831055,182800,0.0,0.0
2022-05-02 00:00:00-04:00,17.23229485010414,17.62225355097542,17.141385162139375,17.363876342773438,285600,0.0,0.0
2022-05-03 00:00:00-04:00,17.45000024871847,17.66292167798769,17.3806210894273,17.634212493896484,145200,0.0,0.0
2022-05-04 00:00:00-04:00,17.383014095712944,17.92129898071289,17.383014095712944,17.92129898071289,228800,0.0,0.0
2022-05-05 00:00:00-04:00,18.423699605674983,19.378257715403834,18.289725224751525,18.674898147583008,488800,0.0,0.0
2022-05-06 00:00:00-04:00,18.54092154769143,18.60073097203882,17.909334172602076,18.34235382080078,302400,0.0,0.0
2022-05-09 00:00:00-04:00,18.325607710851735,18.705996608287673,17.859094919432852,18.287330627441406,748000,0.0,0.0
2022-05-10 00:00:00-04:00,18.45000831997397,18.45000831997397,17.646169665820764,17.98349380493164,198800,0.0,0.0
2022-05-11 00:00:00-04:00,17.978709640799796,18.22273123904243,17.615067393128786,17.729902267456055,175200,0.0,0.0
2022-05-12 00:00:00-04:00,17.825599001381537,17.825599001381537,16.868648337561122,17.064823150634766,144400,0.0,0.0
2022-05-13 00:00:00-04:00,17.103103001244822,17.662920179475314,17.103103001244822,17.59593391418457,165600,0.0,0.0
2022-05-16 00:00:00-04:00,17.583972183365418,17.583972183365418,17.217938768729507,17.35669708251953,138000,0.0,0.0
2022-05-17 00:00:00-04:00,17.54568660300753,17.794493952909946,17.22510906049598,17.725114822387695,70400,0.0,0.0
2022-05-18 00:00:00-04:00,17.88540990957107,17.88540990957107,17.07917825097418,17.24903678894043,143600,0.0,0.0
2022-05-19 00:00:00-04:00,17.237025486098396,17.578161996597675,17.119309727688233,17.29708480834961,178000,0.075,0.0
2022-05-20 00:00:00-04:00,17.3475360067983,17.3475360067983,16.845440906600047,17.073665618896484,76400,0.0,0.0
2022-05-23 00:00:00-04:00,17.186575107172903,17.39798325221657,17.054443870980002,17.39558219909668,109600,0.0,0.0
2022-05-24 00:00:00-04:00,17.215409607118996,17.345136164902943,17.037632646118453,17.263456344604492,113200,0.0,0.0
2022-05-25 00:00:00-04:00,17.085678183471156,17.522910015289057,17.04243539426432,17.450838088989258,138000,0.0,0.0
2022-05-26 00:00:00-04:00,17.450838838536665,17.87365703640156,17.333123064531748,17.79437828063965,113200,0.0,0.0
2022-05-27 00:00:00-04:00,17.92170179618499,18.020199966667086,17.784766611687637,17.832815170288086,116000,0.0,0.0
2022-05-31 00:00:00-04:00,17.6622443696239,18.034612894159068,17.56855197519389,17.984163284301758,233600,0.0,0.0
2022-06-01 00:00:00-04:00,18.05863622476642,18.05863622476642,17.686269533741605,17.8280086517334,140000,0.0,0.0
2022-06-02 00:00:00-04:00,17.852033391896335,18.063443391481023,17.81599926275364,18.058637619018555,129200,0.0,0.0
2022-06-03 00:00:00-04:00,17.960136351631483,18.109082265540664,17.74632535732697,17.80398178100586,156800,0.0,0.0
2022-06-06 00:00:00-04:00,17.87845715630174,18.315688913477125,17.87845715630174,18.080257415771484,362400,0.0,0.0
2022-06-07 00:00:00-04:00,18.08026035501486,18.200379009292117,17.964945640448004,18.022602081298828,113200,0.0,0.0
2022-06-08 00:00:00-04:00,17.926509920391553,18.38536225981926,17.789574717928637,18.200380325317383,144800,0.0,0.0
2022-06-09 00:00:00-04:00,18.020201882942423,18.03221264922094,17.79678110207071,17.859241485595703,127600,0.0,0.0
2022-06-10 00:00:00-04:00,17.73671743822288,17.73671743822288,17.001590172439514,17.179367065429688,130400,0.0,0.0
2022-06-13 00:00:00-04:00,16.931927396025902,16.931927396025902,16.3481506255966,16.689287185668945,194400,0.0,0.0
2022-06-14 00:00:00-04:00,16.74454222537333,16.847844357112102,16.489891226007494,16.725324630737305,147600,0.0,0.0
2022-06-15 00:00:00-04:00,16.881474581485097,16.90549977822828,16.64364016322205,16.797391891479492,125600,0.0,0.0
2022-06-16 00:00:00-04:00,16.554749849299352,16.554749849299352,16.131931774257676,16.252050399780273,195600,0.0,0.0
2022-06-17 00:00:00-04:00,16.302505186188434,16.602801845478872,16.235239027765832,16.482683181762695,282400,0.0,0.0
2022-06-21 00:00:00-04:00,16.516314969891255,17.2610502601424,15.838845832804507,17.21540641784668,216400,0.0,0.0
2022-06-22 00:00:00-04:00,16.967961957617504,17.4027927712544,16.967961957617504,17.30429458618164,318000,0.0,0.0
2022-06-23 00:00:00-04:00,17.299487733485776,17.484469639976382,16.979971698500574,17.167356491088867,267600,0.0,0.0
2022-06-24 00:00:00-04:00,17.172164922806047,18.36854578363424,17.172164922806047,18.226806640625,1201200,0.0,0.0
2022-06-27 00:00:00-04:00,18.286864174321057,18.45743243960172,17.566152264921836,17.59017562866211,222000,0.0,0.0
2022-06-28 00:00:00-04:00,17.70308479147431,17.70308479147431,17.306692934357432,17.364349365234375,86800,0.0,0.0
2022-06-29 00:00:00-04:00,17.443631873658667,17.508495143307265,16.93673098410103,17.15534782409668,143600,0.0,0.0
2022-06-30 00:00:00-04:00,17.0832702032094,17.5156979663348,16.95594475986266,17.506088256835938,157200,0.0,0.0
2022-07-01 00:00:00-04:00,17.4340227225358,17.717502841311397,16.617215445312443,17.66705322265625,121200,0.0,0.0
2022-07-05 00:00:00-04:00,17.434018531358593,17.467651602376556,17.09047916350517,17.41720199584961,130800,0.0,0.0
2022-07-06 00:00:00-04:00,17.333121142025266,17.78476659526175,17.253842395056573,17.7679500579834,150400,0.0,0.0
2022-07-07 00:00:00-04:00,17.787171517540514,17.948130083182146,17.599786699884252,17.820804595947266,113600,0.0,0.0
2022-07-08 00:00:00-04:00,17.988969004730414,18.133112856155286,17.76554823446011,18.022602081298828,134400,0.0,0.0
2022-07-11 00:00:00-04:00,17.888068521209217,18.063442550622334,17.470056146826074,17.753536224365234,77200,0.0,0.0
2022-07-12 00:00:00-04:00,17.746329332210298,18.034613348040235,17.479665792778324,17.727109909057617,60800,0.0,0.0
2022-07-13 00:00:00-04:00,17.585372617192984,17.84963515842214,17.49648597411177,17.67426109313965,106800,0.0,0.0
2022-07-14 00:00:00-04:00,17.582968247532257,17.64302757141877,17.234623069271418,17.5733585357666,85200,0.0,0.0
2022-07-15 00:00:00-04:00,17.75113464113113,18.06584492986079,17.575762431711247,17.8664493560791,143600,0.0,0.0
2022-07-18 00:00:00-04:00,18.08746344562617,18.34211435358709,17.91449232593014,17.919296264648438,130800,0.0,0.0
2022-07-19 00:00:00-04:00,18.077853647039458,18.55832816257539,18.077853647039458,18.438209533691406,98000,0.0,0.0
2022-07-20 00:00:00-04:00,18.47664888350423,18.644814235426676,18.258032093140176,18.51988983154297,99600,0.0,0.0
2022-07-21 00:00:00-04:00,18.51989251300694,18.805775485532486,18.26524156240679,18.77214241027832,123200,0.0,0.0
2022-07-22 00:00:00-04:00,18.834608143501743,18.834608143501743,18.43581327253114,18.6400146484375,100000,0.0,0.0
2022-07-25 00:00:00-04:00,18.690462426805148,18.80097136340482,18.50788156800933,18.757728576660156,212000,0.0,0.0
2022-07-26 00:00:00-04:00,18.764934253909875,18.894662606204612,18.685655510918924,18.853822708129883,82800,0.0,0.0
2022-07-27 00:00:00-04:00,18.897065435960908,19.279041833637212,18.889856777911824,19.20456886291504,101200,0.0,0.0
2022-07-28 00:00:00-04:00,19.106070887720804,19.6393979510254,19.106070887720804,19.596155166625977,200400,0.0,0.0
2022-07-29 00:00:00-04:00,19.617776238840154,19.7306862155055,19.492851832730764,19.6009578704834,162400,0.0,0.0
2022-08-01 00:00:00-04:00,19.632189727946386,19.79074537087835,19.315076609217563,19.651409149169922,144000,0.0,0.0
2022-08-02 00:00:00-04:00,19.67543761982148,19.67543761982148,17.77275841324119,19.452016830444336,76000,0.0,0.0
2022-08-03 00:00:00-04:00,19.622583058451507,19.622583058451507,19.19976489032956,19.39916229248047,134000,0.0,0.0
2022-08-04 00:00:00-04:00,20.65800466042181,20.65800466042181,19.38234519958496,19.38234519958496,385200,0.0,0.0
2022-08-05 00:00:00-04:00,19.180542503891687,20.04059235902885,19.180542503891687,19.963716506958008,165200,0.0,0.0
2022-08-08 00:00:00-04:00,20.10786040015043,20.331281152723882,20.08623992386835,20.15831184387207,428400,0.0,0.0
2022-08-09 00:00:00-04:00,20.052609151433483,20.052609151433483,19.697057115667633,19.90125846862793,161600,0.0,0.0
2022-08-10 00:00:00-04:00,20.16791950263534,20.292843918231025,19.966121061409293,20.01416778564453,118800,0.0,0.0
2022-08-11 00:00:00-04:00,20.04780074325531,20.30245351225165,19.94209758397601,20.026180267333984,118400,0.0,0.0
2022-08-12 00:00:00-04:00,20.062218168166556,20.372124516417216,20.023779318988854,20.338491439819336,145200,0.0,0.0
2022-08-15 00:00:00-04:00,20.288034540863862,20.39614240047972,19.920471850472307,20.37932586669922,222400,0.0,0.0
2022-08-16 00:00:00-04:00,20.252005095847625,20.698846619874523,20.24479643725062,20.61956787109375,181200,0.0,0.0
2022-08-17 00:00:00-04:00,20.465813980808434,20.6507958755288,20.25680689237001,20.51386070251465,151600,0.0,0.0
2022-08-18 00:00:00-04:00,20.627167284843278,20.701904651068944,20.518680111001277,20.624757766723633,131600,0.075,0.0
2022-08-19 00:00:00-04:00,20.564492152283936,20.730839073609623,20.446359517369093,20.6729793548584,148400,0.0,0.0
2022-08-22 00:00:00-04:00,20.494575084676832,20.59824139827998,20.229382745488586,20.280010223388672,150400,0.0,0.0
2022-08-23 00:00:00-04:00,20.214914494925665,20.545200587757456,19.978652954101562,19.978652954101562,128400,0.0,0.0
2022-08-24 00:00:00-04:00,20.02687458116073,20.13777314870649,19.752038600867454,20.017230987548828,104400,0.0,0.0
2022-08-25 00:00:00-04:00,19.995531841743162,20.277600022998097,19.995531841743162,20.236616134643555,119200,0.0,0.0
2022-08-26 00:00:00-04:00,20.31617374173943,20.31617374173943,19.672479083483122,19.694177627563477,139200,0.0,0.0
2022-08-29 00:00:00-04:00,19.614616066579305,19.942490816115203,19.42657063303045,19.785785675048828,170800,0.0,0.0
2022-08-30 00:00:00-04:00,19.790606848515964,20.03651383402722,19.47960975871227,19.520593643188477,209600,0.0,0.0
2022-08-31 00:00:00-04:00,19.532647588759744,19.795430410846578,19.315673207860797,19.441036224365234,170000,0.0,0.0
2022-09-01 00:00:00-04:00,19.281923913085265,19.474790257388666,19.10834291568309,19.438627243041992,168800,0.0,0.0
2022-09-02 00:00:00-04:00,19.633903670338466,19.73033590752986,19.1324479439043,19.1806640625,110800,0.0,0.0
2022-09-06 00:00:00-04:00,19.209595600726203,19.660423868754645,19.209595600726203,19.525415420532227,176000,0.0,0.0
2022-09-07 00:00:00-04:00,19.416932004268673,19.766503544253442,19.3976448165837,19.723108291625977,174800,0.0,0.0
2022-09-08 00:00:00-04:00,19.544701017981247,19.7206933382859,19.424158887158782,19.66524314880371,145600,0.0,0.0
2022-09-09 00:00:00-04:00,19.821952222831786,20.04374934614945,19.703821426179797,19.937671661376953,140800,0.0,0.0
2022-09-12 00:00:00-04:00,19.9641912827309,20.164291703075293,19.8557040780912,20.002765655517578,164800,0.0,0.0
2022-09-13 00:00:00-04:00,19.68453328020636,19.76650105856868,19.395231019294545,19.453092575073242,184800,0.0,0.0
2022-09-14 00:00:00-04:00,19.45308958888464,19.592917062233916,19.28432950276016,19.477197647094727,138800,0.0,0.0
2022-09-15 00:00:00-04:00,19.337368406352688,19.715870623572563,19.265044231453388,19.56157684326172,237200,0.0,0.0
2022-09-16 00:00:00-04:00,19.380763721276654,19.392818670136197,18.956454904132702,19.334957122802734,377200,0.0,0.0
2022-09-19 00:00:00-04:00,19.110751537904488,19.7665011242923,19.09387571057806,19.73516082763672,166400,0.0,0.0
2022-09-20 00:00:00-04:00,19.672478145961314,19.672478145961314,19.084233715653113,19.48202133178711,102400,0.0,0.0
2022-09-21 00:00:00-04:00,19.479610885064854,19.682120800770026,19.33737020103917,19.383176803588867,143200,0.0,0.0
2022-09-22 00:00:00-04:00,19.3831749331795,19.3831749331795,18.987796892674968,19.062532424926758,99200,0.0,0.0
2022-09-23 00:00:00-04:00,18.937169419115804,18.937169419115804,18.611704195616444,18.75153350830078,119600,0.0,0.0
2022-09-26 00:00:00-04:00,18.698497789637212,18.843149841642244,18.450181253997023,18.594831466674805,138800,0.0,0.0
2022-09-27 00:00:00-04:00,18.720195142335083,18.75876767157609,18.41883978537324,18.54420280456543,140000,0.0,0.0
2022-09-28 00:00:00-04:00,18.609299010834633,18.89859945539517,18.307943614697667,18.843151092529297,159200,0.0,0.0
2022-09-29 00:00:00-04:00,18.679213683457693,18.879312268603837,18.423663056790936,18.843151092529297,134000,0.0,0.0
2022-09-30 00:00:00-04:00,18.896182502879057,19.134857230274065,18.703316210047117,18.8045711517334,336000,0.0,0.0
2022-10-03 00:00:00-04:00,18.905828881136497,19.26263442644413,18.785286740594703,19.22406005859375,128800,0.0,0.0
2022-10-04 00:00:00-04:00,19.286741887705393,19.617028004690084,18.823860523838952,19.5664005279541,212400,0.0,0.0
2022-10-05 00:00:00-04:00,19.47478940992818,19.590510682936372,19.260224530622807,19.32049560546875,130800,0.0,0.0
2022-10-06 00:00:00-04:00,19.036013154088877,19.175842467834702,18.93716956287335,19.12762451171875,126000,0.0,0.0
2022-10-07 00:00:00-04:00,19.057711402863205,19.31326012872717,18.67438647474033,18.997440338134766,218000,0.0,0.0
2022-10-10 00:00:00-04:00,19.117984414665433,19.298797627265696,18.985387323027727,19.09146499633789,124800,0.0,0.0
2022-10-11 00:00:00-04:00,19.043246315738962,19.366300199815377,19.02396097167967,19.142091751098633,95600,0.0,0.0
2022-10-12 00:00:00-04:00,19.004673355540106,19.390407817848022,18.96851034734596,19.238525390625,80400,0.0,0.0
2022-10-13 00:00:00-04:00,19.067357867058632,19.83641743164915,19.05530475473021,19.689355850219727,228000,0.0,0.0
2022-10-14 00:00:00-04:00,19.684530296073255,19.90632737495262,19.248166532531712,19.260221481323242,112400,0.0,0.0
2022-10-17 00:00:00-04:00,19.453093338522223,19.819540676199313,19.298799529044786,19.78820037841797,87600,0.0,0.0
2022-10-18 00:00:00-04:00,20.06062614845818,20.149828009469495,19.795433762975563,19.942495346069336,142800,0.0,0.0
2022-10-19 00:00:00-04:00,19.83400303570528,20.094374501242605,19.725515844728278,20.024459838867188,102800,0.0,0.0
2022-10-20 00:00:00-04:00,20.02928198657016,20.2245596605223,19.737570234857905,19.848468780517578,81600,0.0,0.0
2022-10-21 00:00:00-04:00,19.92079352421772,20.149824695308315,19.882220995616137,20.024459838867188,221600,0.0,0.0
2022-10-24 00:00:00-04:00,20.1305359148828,20.477697841400733,20.034101842035934,20.47528648376465,191600,0.0,0.0
2022-10-25 00:00:00-04:00,20.506627275452676,20.788697267285748,20.299294657543854,20.670564651489258,198000,0.0,0.0
2022-10-26 00:00:00-04:00,20.73083788478072,20.824860612107376,20.019639954627337,20.123306274414062,236400,0.0,0.0
2022-10-27 00:00:00-04:00,20.253492127849174,20.470468361106278,19.831594611809823,20.094375610351562,360400,0.0,0.0
2022-10-28 00:00:00-04:00,20.23420256553412,20.964687598903446,20.23420256553412,20.916471481323242,178000,0.0,0.0
2022-10-31 00:00:00-04:00,20.892365744538512,21.396231034761765,20.535560181077393,21.027372360229492,159200,0.0,0.0
2022-11-01 00:00:00-04:00,21.19612798284426,21.19612798284426,20.810393529521615,20.97433090209961,174000,0.0,0.0
2022-11-02 00:00:00-04:00,21.09969432062154,21.186484804225344,20.470466073484445,20.576541900634766,123600,0.0,0.0
2022-11-03 00:00:00-04:00,20.646459605636263,22.481111302510076,20.646459605636263,21.926616668701172,369600,0.0,0.0
2022-11-04 00:00:00-04:00,22.191810714692295,22.32681733510506,21.396231783083365,21.569812774658203,169600,0.0,0.0
2022-11-07 00:00:00-05:00,21.769910920791308,22.866843276132226,21.769910920791308,22.862022399902344,332000,0.0,0.0
2022-11-08 00:00:00-05:00,22.688443822886768,23.204364082350775,22.51727418907649,22.8499698638916,256000,0.0,0.0
2022-11-09 00:00:00-05:00,22.946401924951356,23.235702326241466,22.69085317583419,22.87889862060547,222800,0.0,0.0
2022-11-10 00:00:00-05:00,23.370714154905087,23.884223085240144,23.182668682932455,23.672069549560547,259600,0.0,0.0
2022-11-11 00:00:00-05:00,23.684121772360804,23.684121772360804,23.076590128853546,23.252580642700195,172800,0.0,0.0
2022-11-14 00:00:00-05:00,23.267048669847778,23.57322495262372,22.99703356428076,23.00908851623535,209200,0.0,0.0
2022-11-15 00:00:00-05:00,23.204362192259953,23.631080563011093,22.965689267579727,23.141679763793945,123600,0.0,0.0
2022-11-16 00:00:00-05:00,23.175431036500584,23.175431036500584,22.821038692041647,22.917470932006836,152800,0.0,0.0
2022-11-17 00:00:00-05:00,22.73366650457229,23.635758551141052,22.73366650457229,23.1230411529541,274400,0.075,0.0
2022-11-18 00:00:00-05:00,23.37698347939029,23.439862509607195,23.190759845266474,23.396329879760742,250400,0.0,0.0
2022-11-21 00:00:00-05:00,23.299588539351976,23.628501304963077,23.299588539351976,23.57529640197754,253600,0.0,0.0
2022-11-22 00:00:00-05:00,23.55595522929776,23.947747137453025,23.524513862242877,23.812313079833984,160400,0.0,0.0
2022-11-23 00:00:00-05:00,23.877608167433003,24.068666098151258,23.62850365410928,23.732498168945312,128400,0.0,0.0
2022-11-25 00:00:00-05:00,23.674456403570858,24.066250096866938,23.61157552424301,23.867935180664062,81200,0.0,0.0
2022-11-28 00:00:00-05:00,23.841329029347705,23.90179090951232,23.493068009151465,23.524507522583008,176000,0.0,0.0
2022-11-29 00:00:00-05:00,23.652688476796076,23.652688476796076,23.1810847000686,23.251220703125,94400,0.0,0.0
2022-11-30 00:00:00-05:00,23.251223703691977,23.78087043762207,22.985191763210572,23.78087043762207,233600,0.0,0.0
2022-12-01 00:00:00-05:00,23.91872126364826,23.98885726928711,23.56562408864422,23.98885726928711,224000,0.0,0.0
2022-12-02 00:00:00-05:00,23.853423295679196,24.375814891616574,23.51725534733353,24.063831329345703,174400,0.0,0.0
2022-12-05 00:00:00-05:00,23.935652060444443,23.940488199526094,23.13029928479858,23.568042755126953,307200,0.0,0.0
2022-12-06 00:00:00-05:00,23.459209478041938,23.7494257644525,23.39149246755615,23.61882972717285,158000,0.0,0.0
2022-12-07 00:00:00-05:00,23.647851822250274,23.725242960119367,23.045651973045437,23.11336898803711,163600,0.0,0.0
2022-12-08 00:00:00-05:00,23.152066417763187,23.152066417763187,22.59581632324673,22.883615493774414,158400,0.0,0.0
2022-12-09 00:00:00-05:00,22.844917900640027,23.10853267287534,22.472472475876987,22.588560104370117,198000,0.0,0.0
2022-12-12 00:00:00-05:00,22.588561373299644,22.704647163163724,22.450708344617077,22.610326766967773,182000,0.0,0.0
2022-12-13 00:00:00-05:00,23.089184748909194,23.089184748909194,22.547446780411914,23.009374618530273,185200,0.0,0.0
2022-12-14 00:00:00-05:00,22.873938418483487,23.22219758548719,22.79896443410864,22.973094940185547,120800,0.0,0.0
2022-12-15 00:00:00-05:00,22.808639790326353,22.852172419201167,22.300760350220287,22.450706481933594,172800,0.0,0.0
2022-12-16 00:00:00-05:00,22.353968039215573,22.561957069768766,22.228208131163786,22.37089729309082,378800,0.0,0.0
2022-12-19 00:00:00-05:00,22.310431947145997,22.634506712521972,22.25964419339976,22.472469329833984,204800,0.0,0.0
2022-12-20 00:00:00-05:00,22.535352905416193,22.84733644034331,22.428939401833237,22.815895080566406,186000,0.0,0.0
2022-12-21 00:00:00-05:00,22.965841614837643,23.4011679142421,22.965841614837643,23.386655807495117,129200,0.0,0.0
2022-12-22 00:00:00-05:00,23.306849109118502,23.49307091116274,22.532935840322704,22.58130645751953,274000,0.0,0.0
2022-12-23 00:00:00-05:00,22.600653296354974,22.922310987620953,22.600653296354974,22.82315444946289,42000,0.0,0.0
2022-12-27 00:00:00-05:00,22.95132809287151,22.95132809287151,22.351545481689108,22.491817474365234,123200,0.0,0.0
2022-12-28 00:00:00-05:00,22.564375979212553,22.675625625007058,22.145978927612305,22.145978927612305,146400,0.0,0.0
2022-12-29 00:00:00-05:00,22.235464701730205,22.64176866619267,22.056496183289905,22.60791015625,254400,0.0,0.0
2022-12-30 00:00:00-05:00,22.535357313584615,22.63693285315572,22.257232230820378,22.559541702270508,203600,0.0,0.0
2023-01-03 00:00:00-05:00,22.535350572662086,22.81831171046207,22.271735832933444,22.489398956298828,214400,0.0,0.0
2023-01-04 00:00:00-05:00,22.55953722350281,22.78203650748096,22.324944825007282,22.356386184692383,158400,0.0,0.0
2023-01-05 00:00:00-05:00,22.295928108375982,22.295928108375982,21.79288471904577,21.887205123901367,180000,0.0,0.0
2023-01-06 00:00:00-05:00,22.10244571463494,22.85459168379842,21.904130812983652,22.806222915649414,295600,0.0,0.0
2023-01-09 00:00:00-05:00,22.791711293959214,22.857011162014825,22.358803982760023,22.48456573486328,269600,0.0,0.0
2023-01-10 00:00:00-05:00,22.462799342757364,23.12304395327921,22.21853465051753,23.052907943725586,144800,0.0,0.0
2023-01-11 00:00:00-05:00,23.06258201599121,23.229457412324194,22.97551675226534,23.06258201599121,141600,0.0,0.0
2023-01-12 00:00:00-05:00,23.227036143334956,23.456790550275116,22.975514500021962,23.439861297607422,230000,0.0,0.0
2023-01-13 00:00:00-05:00,23.25364006959762,23.62850262902731,23.120623191804704,23.58738899230957,142400,0.0,0.0
2023-01-17 00:00:00-05:00,23.531764123919515,23.76877365711173,23.464045269285904,23.507577896118164,194000,0.0,0.0
2023-01-18 00:00:00-05:00,23.67446046573988,23.77845500337001,23.01905371747583,23.135141372680664,271600,0.0,0.0
2023-01-19 00:00:00-05:00,22.95133136165846,23.27782516375642,22.849755840143587,23.06741714477539,207200,0.0,0.0
2023-01-20 00:00:00-05:00,23.094021063747757,23.398749480602334,22.924728523912044,23.139972686767578,173600,0.0,0.0
2023-01-23 00:00:00-05:00,23.282665800209408,23.42051884750947,22.883618767864903,23.045656204223633,220400,0.0,0.0
2023-01-24 00:00:00-05:00,23.079509372026102,23.280243260503166,22.90295986700587,23.13755226135254,173200,0.0,0.0
2023-01-25 00:00:00-05:00,23.086763507566584,23.30200764781123,22.948910498138552,23.152063369750977,191200,0.0,0.0
2023-01-26 00:00:00-05:00,23.212526192302455,23.41809621891079,23.019047434818035,23.39149284362793,152400,0.0,0.0
2023-01-27 00:00:00-05:00,23.40600949290747,23.510004030537598,23.09160873262269,23.135141372680664,208000,0.0,0.0
2023-01-30 00:00:00-05:00,23.144808045673212,23.543856842009003,23.038396386427173,23.265731811523438,181200,0.0,0.0
2023-01-31 00:00:00-05:00,23.43018465296125,24.03480339050293,23.224614651227068,24.03480339050293,237200,0.0,0.0
2023-02-01 00:00:00-05:00,23.829235091917738,23.889696969993302,22.975513668714772,23.425350189208984,235200,0.0,0.0
2023-02-02 00:00:00-05:00,23.43502543731773,23.880023995666797,23.19559690527449,23.795377731323242,195600,0.0,0.0
2023-02-03 00:00:00-05:00,23.657523397472563,24.223447531381105,23.53659964225237,24.01787567138672,206000,0.0,0.0
2023-02-06 00:00:00-05:00,24.0638299457993,24.100107445400912,23.51241785633568,23.58255386352539,194400,0.0,0.0
2023-02-07 00:00:00-05:00,23.58013405221909,23.894536577642096,23.418096650798866,23.792959213256836,286400,0.0,0.0
2023-02-08 00:00:00-05:00,23.696225045094184,23.80263671815896,23.198017810391356,23.24155044555664,214800,0.0,0.0
2023-02-09 00:00:00-05:00,23.29958914636545,23.623665782020918,22.678041094965554,22.980350494384766,380000,0.0,0.0
2023-02-10 00:00:00-05:00,22.985188824790598,23.38665475379734,22.985188824790598,23.091602325439453,195600,0.0,0.0
2023-02-13 00:00:00-05:00,23.15448132493858,23.454373581831494,22.881194288325855,23.251220703125,222400,0.0,0.0
2023-02-14 00:00:00-05:00,23.057743141883986,23.37698365999113,22.907798850815766,23.13271713256836,285600,0.0,0.0
2023-02-15 00:00:00-05:00,23.11578754527393,23.882443778674826,22.95616728852409,23.744590759277344,159200,0.0,0.0
2023-02-16 00:00:00-05:00,23.563206536375663,24.092853253817793,23.376984737380905,23.821983337402344,195600,0.0,0.0
2023-02-17 00:00:00-05:00,23.92839633192725,24.390324176433577,23.754265806928945,23.984020233154297,193600,0.0,0.0
2023-02-21 00:00:00-05:00,23.8413298167986,24.187171856568966,23.71315092184004,23.717987060546875,250000,0.0,0.0
2023-02-22 00:00:00-05:00,23.817142995057004,23.93564775532161,23.45920787743223,23.56078338623047,210000,0.0,0.0
2023-02-23 00:00:00-05:00,23.73007876293375,23.91871952882847,23.427769370115268,23.55594825744629,210800,0.0,0.0
2023-02-24 00:00:00-05:00,23.43018451766112,23.531761867295522,23.229452500270398,23.4060001373291,229600,0.0,0.0
2023-02-27 00:00:00-05:00,23.505165889461146,23.77119784709957,23.297176831908256,23.36972999572754,266800,0.0,0.0
2023-02-28 00:00:00-05:00,23.439865592854154,23.701061406290204,23.176252632272753,23.2125301361084,360400,0.0,0.0
2023-03-01 00:00:00-05:00,23.25363961753937,23.539019767406124,23.118203750469444,23.420513153076172,459200,0.0,0.0
2023-03-02 00:00:00-05:00,23.142388072419337,24.10735908940745,20.999619055643723,21.964590072631836,1100400,0.0,0.0
2023-03-03 00:00:00-05:00,22.158068650406147,22.416845402022357,21.604237653084542,22.153230667114258,352800,0.0,0.0
2023-03-06 00:00:00-05:00,22.10728713603206,22.665954429166995,21.88478597055903,22.300764083862305,568000,0.0,0.0
2023-03-07 00:00:00-05:00,22.47005315786527,22.697388563758004,22.12904728130105,22.55228042602539,185200,0.0,0.0
2023-03-08 00:00:00-05:00,22.542608405380538,22.685299409808902,21.75660392048519,22.044403076171875,468400,0.0,0.0
2023-03-09 00:00:00-05:00,22.08309497831792,22.571627969206872,21.865433701049596,22.104862213134766,610000,0.0,0.0
2023-03-10 00:00:00-05:00,21.986359108861247,22.208858386246682,21.609075719870553,21.664701461791992,406000,0.0,0.0
2023-03-13 00:00:00-04:00,21.386576960305305,21.500245593612057,20.87144239026962,21.014131546020508,341200,0.0,0.0
2023-03-14 00:00:00-04:00,21.27532770484124,21.737255531908172,20.973018289563058,21.106033325195312,376000,0.0,0.0
2023-03-15 00:00:00-04:00,20.711823028105606,20.919812058612504,20.436116982112793,20.624757766723633,311200,0.0,0.0
2023-03-16 00:00:00-04:00,20.435445932565347,21.415959273053026,20.33836690713513,21.07375144958496,418800,0.075,0.0
2023-03-17 00:00:00-04:00,21.064045275239216,21.411108195553574,20.656307032154267,20.755813598632812,407200,0.0,0.0
2023-03-20 00:00:00-04:00,20.81163807238066,21.255781929869922,20.81163807238066,20.90386390686035,229600,0.0,0.0
2023-03-21 00:00:00-04:00,21.066475442876293,21.309176764330335,20.865032901670048,21.03249740600586,271600,0.0,0.0
2023-03-22 00:00:00-04:00,21.06889901601584,21.4208170079311,20.729118681289318,20.794647216796875,277600,0.0,0.0
2023-03-23 00:00:00-04:00,20.884446574134614,21.190248863832274,20.738824319996056,20.918424606323242,304000,0.0,0.0
2023-03-24 00:00:00-04:00,20.64174936971749,21.102880426836396,20.64174936971749,20.983957290649414,156000,0.0,0.0
2023-03-27 00:00:00-04:00,20.899009895324053,21.236364567172295,20.899009895324053,21.06404685974121,110800,0.0,0.0
2023-03-28 00:00:00-04:00,21.042202971770507,21.338298868142548,21.042202971770507,21.192678451538086,232000,0.0,0.0
2023-03-29 00:00:00-04:00,21.287328931668632,21.614975287566885,20.52767459596903,21.45236587524414,194800,0.0,0.0
2023-03-30 00:00:00-04:00,21.40382662018169,21.789720769187365,21.323734752841855,21.398971557617188,188800,0.0,0.0
2023-03-31 00:00:00-04:00,21.525180163683753,21.624686739708633,21.309176142030832,21.513044357299805,482800,0.0,0.0
2023-04-03 00:00:00-04:00,21.534886997698777,22.00330057715388,21.534886997698777,21.925634384155273,198400,0.0,0.0
2023-04-04 00:00:00-04:00,21.896512076056325,22.13678585000885,21.13685580486031,21.299467086791992,164800,0.0,0.0
2023-04-05 00:00:00-04:00,21.287333069591746,21.55673168943721,21.190252168912128,21.216949462890625,176800,0.0,0.0
2023-04-06 00:00:00-04:00,21.318881330805226,21.56643769405759,21.07860756196003,21.37955665588379,143200,0.0,0.0
2023-04-10 00:00:00-04:00,21.35286199191977,21.653811096774056,20.96453841598181,21.474212646484375,119200,0.0,0.0
2023-04-11 00:00:00-04:00,21.47906919627638,21.731478819200706,21.297043186138445,21.59071159362793,132800,0.0,0.0
2023-04-12 00:00:00-04:00,21.70235345718823,21.738759028653252,21.4717879240169,21.62468910217285,146400,0.0,0.0
2023-04-13 00:00:00-04:00,21.629538967506182,21.813990609046655,21.479063505725843,21.699922561645508,160000,0.0,0.0
2023-04-14 00:00:00-04:00,21.62468821377701,21.843119781929143,21.33830056923626,21.36499786376953,99200,0.0,0.0
2023-04-17 00:00:00-04:00,21.318878962272287,21.498479237749258,21.24121462886681,21.37712860107422,98400,0.0,0.0
2023-04-18 00:00:00-04:00,21.345579995216163,21.690217271098863,21.236365143714128,21.449941635131836,154000,0.0,0.0
2023-04-19 00:00:00-04:00,21.440231844803876,21.542167797553127,21.21937462578575,21.47906494140625,156400,0.0,0.0
2023-04-20 00:00:00-04:00,21.454792326500556,21.532456657705204,21.175685499724455,21.29218292236328,53600,0.0,0.0
2023-04-21 00:00:00-04:00,21.29218535868701,21.29218535868701,20.95968391897483,21.112585067749023,127600,0.0,0.0
2023-04-24 00:00:00-04:00,21.034920586103972,21.139282215992804,20.73639903312554,20.765522003173828,130800,0.0,0.0
2023-04-25 00:00:00-04:00,20.612622859545194,20.632039409241155,19.97917227611124,19.981599807739258,122400,0.0,0.0
2023-04-26 00:00:00-04:00,20.008296974913975,20.008296974913975,19.780157146580418,19.93548583984375,148000,0.0,0.0
2023-04-27 00:00:00-04:00,19.8602474553896,20.110229493491207,19.81413361671162,20.073823928833008,138400,0.0,0.0
2023-04-28 00:00:00-04:00,20.01315042343816,20.45243921568135,19.933058544245412,20.29225730895996,105200,0.0,0.0
2023-05-01 00:00:00-04:00,20.287401128019898,20.561654786813836,20.2243001221299,20.50583267211914,124800,0.0,0.0
2023-05-02 00:00:00-04:00,20.42088666204778,20.42088666204778,19.72676081535135,20.209735870361328,272800,0.0,0.0
2023-05-03 00:00:00-04:00,20.277694378963318,20.469426776719313,19.935484656771436,20.03013801574707,161200,0.0,0.0
2023-05-04 00:00:00-04:00,19.272911537199047,19.59813039740997,18.498693780979405,19.047199249267578,460800,0.0,0.0
2023-05-05 00:00:00-04:00,19.21466411067805,19.53260411639494,18.777802821788505,19.377273559570312,311600,0.0,0.0
2023-05-08 00:00:00-04:00,19.4161028946748,19.53260032677495,18.792360663249926,19.19524383544922,228400,0.0,0.0
2023-05-09 00:00:00-04:00,19.054479215069225,19.493767967089713,19.054479215069225,19.362709045410156,194400,0.0,0.0
2023-05-10 00:00:00-04:00,19.50347813223543,19.785010699255093,19.435522059219103,19.73647117614746,146400,0.0,0.0
2023-05-11 00:00:00-04:00,19.666087390825243,19.666087390825243,19.122436960024437,19.5350284576416,193200,0.0,0.0
2023-05-12 00:00:00-04:00,19.60298903083299,19.736475526297127,19.394267554134238,19.702497482299805,110400,0.0,0.0
2023-05-15 00:00:00-04:00,19.622399555272114,19.76559428382824,19.515612243379902,19.600557327270508,105600,0.0,0.0
2023-05-16 00:00:00-04:00,19.67094165544248,19.704919690259,19.34086773008423,19.394262313842773,121200,0.0,0.0
2023-05-17 00:00:00-04:00,19.401544856812528,19.894228259026224,19.294755679387777,19.804428100585938,156400,0.0,0.0
2023-05-18 00:00:00-04:00,19.80442874030891,20.12110359564109,19.59249876796207,20.108924865722656,136000,0.075,0.0
2023-05-19 00:00:00-04:00,20.28187720954229,20.459701895220444,20.082127837748196,20.294055938720703,150400,0.0,0.0
2023-05-22 00:00:00-04:00,20.410981500803068,20.734965776648338,20.145459952062563,20.554702758789062,172400,0.0,0.0
2023-05-23 00:00:00-04:00,20.58149913923814,20.80317318423701,20.408545583605495,20.51329231262207,98400,0.0,0.0
2023-05-24 00:00:00-04:00,20.35252344057541,20.69355764230021,20.27944362106466,20.43290901184082,136800,0.0,0.0
2023-05-25 00:00:00-04:00,20.37200384496926,20.39392852783203,20.079688369106414,20.39392852783203,143600,0.0,0.0
2023-05-26 00:00:00-04:00,20.323285984658185,20.596115135312967,20.272130867378515,20.459699630737305,75200,0.0,0.0
2023-05-30 00:00:00-04:00,20.41585347004048,20.557140103379055,20.2185405962896,20.467008590698242,101200,0.0,0.0
2023-05-31 00:00:00-04:00,20.320848696489563,20.48162350889955,20.172254469927534,20.462135314941406,221600,0.0,0.0
2023-06-01 00:00:00-04:00,20.415855879995398,20.603426536378638,20.39880417109664,20.527910232543945,138800,0.0,0.0
2023-06-02 00:00:00-04:00,20.705733754708184,21.285493630781236,20.674066830965646,21.229467391967773,149200,0.0,0.0
2023-06-05 00:00:00-04:00,21.107671997839653,21.25626625721699,20.961514227869277,21.095491409301758,145600,0.0,0.0
2023-06-06 00:00:00-04:00,21.117414502054842,21.60217178160191,21.117414502054842,21.548580169677734,115600,0.0,0.0
2023-06-07 00:00:00-04:00,21.687428871082332,22.52052971400272,21.687428871082332,22.313472747802734,131200,0.0,0.0
2023-06-08 00:00:00-04:00,22.276933411299442,22.37680902184067,21.931026295833213,22.289113998413086,108800,0.0,0.0
2023-06-09 00:00:00-04:00,22.293984368926484,22.293984368926484,21.950513754125335,22.103979110717773,107600,0.0,0.0
2023-06-12 00:00:00-04:00,22.050386682309792,22.306164125609538,22.050386682309792,22.140518188476562,102800,0.0,0.0
2023-06-13 00:00:00-04:00,21.96269430457192,22.535146567293182,21.96269430457192,22.2574462890625,119600,0.0,0.0
2023-06-14 00:00:00-04:00,22.21603777433689,22.42066014815551,21.67768881836315,21.78487205505371,124000,0.0,0.0
2023-06-15 00:00:00-04:00,21.814101648476885,21.894487207528872,21.51691315341562,21.770254135131836,94800,0.0,0.0
2023-06-16 00:00:00-04:00,21.872566119385684,21.89205431764355,21.46332324845493,21.594865798950195,251600,0.0,0.0
2023-06-20 00:00:00-04:00,21.602174631756746,21.670381471024164,21.32203780605386,21.375629425048828,136800,0.0,0.0
2023-06-21 00:00:00-04:00,21.404858642594792,21.66063425302553,21.40242215340115,21.560760498046875,55600,0.0,0.0
2023-06-22 00:00:00-04:00,21.480371278128946,21.502294103541423,21.15395051795844,21.28792953491211,91600,0.0,0.0
2023-06-23 00:00:00-04:00,21.049207768947394,21.329342700485828,20.566885117900174,20.844585418701172,286000,0.0,0.0
2023-06-26 00:00:00-04:00,20.744711191751954,20.86163665338745,20.08212738082846,20.715478897094727,104000,0.0,0.0
2023-06-27 00:00:00-04:00,20.644836111827658,21.03215426892687,20.644836111827658,20.74227523803711,145600,0.0,0.0
2023-06-28 00:00:00-04:00,20.820223077090088,21.02728002799254,20.671628849837354,20.978561401367188,104800,0.0,0.0
2023-06-29 00:00:00-04:00,20.942023512977823,21.395113846385367,20.63265444286253,21.307418823242188,100400,0.0,0.0
2023-06-30 00:00:00-04:00,21.370757550023356,21.563197471807037,21.097928344088153,21.241649627685547,129200,0.0,0.0
2023-07-03 00:00:00-04:00,21.119847885206298,21.39024055958097,21.119847885206298,21.319597244262695,57600,0.0,0.0
2023-07-05 00:00:00-04:00,21.268441376690006,21.351265275994248,21.090616708604554,21.219722747802734,89600,0.0,0.0
2023-07-06 00:00:00-04:00,21.005362053046174,21.153954456107805,20.859202422433448,21.015104293823242,116000,0.0,0.0
2023-07-07 00:00:00-04:00,20.92984363286703,21.124721881655905,20.878688510721712,20.959075927734375,160000,0.0,0.0
2023-07-10 00:00:00-04:00,20.832406858611453,21.234342130521057,20.832406858611453,21.088184356689453,140400,0.0,0.0
2023-07-11 00:00:00-04:00,20.990743399748098,21.185621653610188,20.888433152794043,20.968820571899414,138400,0.0,0.0
2023-07-12 00:00:00-04:00,21.23677538854451,21.23677538854451,20.912791102543256,20.995615005493164,94800,0.0,0.0
2023-07-13 00:00:00-04:00,21.058950923061747,21.20267405816965,20.99805169904075,21.13690185546875,78800,0.0,0.0
2023-07-14 00:00:00-04:00,21.23677889667428,21.555890257188775,21.00048959429453,21.52422332763672,248000,0.0,0.0
2023-07-17 00:00:00-04:00,21.363447484265325,21.901798271203656,21.363447484265325,21.79948616027832,87200,0.0,0.0
2023-07-18 00:00:00-04:00,21.753201798898814,22.61066198581157,21.753201798898814,22.481555938720703,123200,0.0,0.0
2023-07-19 00:00:00-04:00,22.44501607653209,22.898106415996438,22.121031784394216,22.413349151611328,137600,0.0,0.0
2023-07-20 00:00:00-04:00,22.40360421942305,22.486426262361544,22.252573492392326,22.38167953491211,105600,0.0,0.0
2023-07-21 00:00:00-04:00,22.447454121340233,22.447454121340233,22.02359604677224,22.04551887512207,111200,0.0,0.0
2023-07-24 00:00:00-04:00,22.001669662359394,22.252574146098247,21.909103518974156,22.203855514526367,80000,0.0,0.0
2023-07-25 00:00:00-04:00,22.055263870193148,22.44989152299867,22.055263870193148,22.33783531188965,68400,0.0,0.0
2023-07-26 00:00:00-04:00,22.335393919509514,22.43770414198836,22.15025980847899,22.181926727294922,50000,0.0,0.0
2023-07-27 00:00:00-04:00,22.213602211063034,22.213602211063034,21.750767723001626,21.940773010253906,99600,0.0,0.0
2023-07-28 00:00:00-04:00,22.2209048071307,22.3427032313237,21.9017935304639,22.00653839111328,70400,0.0,0.0
2023-07-31 00:00:00-04:00,21.92615339391431,22.21116126764002,21.896921102315577,22.101543426513672,80800,0.0,0.0
2023-08-01 00:00:00-04:00,21.93346204783729,22.1794954029905,21.826278832028642,22.103979110717773,87200,0.0,0.0
2023-08-02 00:00:00-04:00,22.028470632568006,22.213604821245916,21.857953523586445,22.16001319885254,68000,0.0,0.0
2023-08-03 00:00:00-04:00,22.898109099601918,24.079553718679872,22.52296964239732,22.530277252197266,311600,0.0,0.0
2023-08-04 00:00:00-04:00,22.81528560113732,23.134396932201682,22.564379243391752,22.710538864135742,106800,0.0,0.0
2023-08-07 00:00:00-04:00,22.834773092467252,23.329274506587144,22.62040848758432,23.07593536376953,139200,0.0,0.0
2023-08-08 00:00:00-04:00,22.898106057679865,23.149010539463063,22.888361959742106,23.09541893005371,117600,0.0,0.0
2023-08-09 00:00:00-04:00,22.927340267623908,23.141704864679987,22.85182396691923,23.061317443847656,95600,0.0,0.0
2023-08-10 00:00:00-04:00,23.01990845092035,23.14170690833263,22.817722565576698,22.89080238342285,92800,0.0,0.0
2023-08-11 00:00:00-04:00,22.898108607083273,22.978496030147383,22.84695348108707,22.934648513793945,60800,0.0,0.0
2023-08-14 00:00:00-04:00,22.895673310045918,23.287864488271204,22.87862160049251,23.214786529541016,79600,0.0,0.0
2023-08-15 00:00:00-04:00,23.141703917066508,23.3926084095447,23.09541991451342,23.285425186157227,70800,0.0,0.0
2023-08-16 00:00:00-04:00,23.246449370605056,23.58504887111121,23.156317859676648,23.158754348754883,78800,0.0,0.0
2023-08-17 00:00:00-04:00,23.100110424261302,23.126991057696934,22.850855844852905,23.02924346923828,104800,0.075,0.0
2023-08-18 00:00:00-04:00,22.921719613496954,23.415342163242762,22.921719613496954,23.276052474975586,111600,0.0,0.0
2023-08-21 00:00:00-04:00,23.246728138854184,23.412898460363273,22.970592958508472,23.254060745239258,100400,0.0,0.0
2023-08-22 00:00:00-04:00,23.249174486512477,23.327372182416692,23.065898461951335,23.222293853759766,85200,0.0,0.0
2023-08-23 00:00:00-04:00,23.214960786809336,23.45444225525307,23.0219098365408,23.378686904907227,116000,0.0,0.0
2023-08-24 00:00:00-04:00,23.302934870442964,23.625500586892365,23.302934870442964,23.48865509033203,78000,0.0,0.0
2023-08-25 00:00:00-04:00,23.481321627254847,23.838100569213744,23.381131710749674,23.625499725341797,82800,0.0,0.0
2023-08-28 00:00:00-04:00,23.703696015227774,23.90163349875337,23.537525700545824,23.561962127685547,86000,0.0,0.0
2023-08-29 00:00:00-04:00,23.41778616779828,23.667040710455094,23.41778616779828,23.442222595214844,59200,0.0,0.0
2023-08-30 00:00:00-04:00,23.535083161759083,23.725689917051067,23.398237668601762,23.505760192871094,98800,0.0,0.0
2023-08-31 00:00:00-04:00,23.50331613531979,23.66215572050068,23.381132125854492,23.381132125854492,188400,0.0,0.0
2023-09-01 00:00:00-04:00,23.47643786585916,23.723250111835227,23.393353625966746,23.623058319091797,181200,0.0,0.0
2023-09-05 00:00:00-04:00,23.48376531979694,23.53997078226059,22.977923615143908,23.03168487548828,82000,0.0,0.0
2023-09-06 00:00:00-04:00,22.955931102406435,23.07078436363812,22.87284501080865,22.975479125976562,107200,0.0,0.0
2023-09-07 00:00:00-04:00,22.833743819940953,23.068336848509976,22.831299618203243,23.04145622253418,82000,0.0,0.0
2023-09-08 00:00:00-04:00,22.94371262890746,23.268722534179688,22.865514939194888,23.268722534179688,99200,0.0,0.0
2023-09-11 00:00:00-04:00,23.21984631953729,23.34936292438851,22.982810927863603,23.11232566833496,104000,0.0,0.0
2023-09-12 00:00:00-04:00,23.00236085439187,23.217405903353082,22.997474314360943,23.200300216674805,112800,0.0,0.0
2023-09-13 00:00:00-04:00,23.25894637816109,23.356693951304294,22.897280916845215,22.95104217529297,309600,0.0,0.0
2023-09-14 00:00:00-04:00,23.100107532171688,23.173418680432306,22.946156358080323,23.026798248291016,119600,0.0,0.0
2023-09-15 00:00:00-04:00,23.068339625466837,23.178304479965583,22.259480275844492,22.381664276123047,420400,0.0,0.0
2023-09-18 00:00:00-04:00,22.50140634932306,22.77998572589089,22.30835540163484,22.354785919189453,82400,0.0,0.0
2023-09-19 00:00:00-04:00,22.442755841647163,22.57715898510274,22.09819793701172,22.09819793701172,95200,0.0,0.0
2023-09-20 00:00:00-04:00,22.23260191668146,22.4818564614706,22.010226137214552,22.354785919189453,131600,0.0,0.0
2023-09-21 00:00:00-04:00,22.083538709435206,22.14463071463123,21.70965407155631,21.71942901611328,148800,0.0,0.0
2023-09-22 00:00:00-04:00,21.748755172543405,21.868494987983773,21.665670935326048,21.824508666992188,82000,0.0,0.0
2023-09-25 00:00:00-04:00,21.817176279864174,22.538063049316406,21.817176279864174,22.538063049316406,122800,0.0,0.0
2023-09-26 00:00:00-04:00,22.557611492399086,22.557611492399086,22.051769761923573,22.20572280883789,150000,0.0,0.0
2023-09-27 00:00:00-04:00,22.13241111798084,22.701789042285917,22.08842480055856,22.533174514770508,138000,0.0,0.0
2023-09-28 00:00:00-04:00,22.584489974851994,22.69934323245252,22.257037751750804,22.283918380737305,119200,0.0,0.0
2023-09-29 00:00:00-04:00,22.252152879951357,22.352344670146906,21.973573466579584,22.05177116394043,125200,0.0,0.0
2023-10-02 00:00:00-04:00,22.015113898204767,22.26437032120052,21.94424881347345,22.06154441833496,162800,0.0,0.0
2023-10-03 00:00:00-04:00,22.06643101121371,22.30346640368941,21.94913355160172,22.283918380737305,90800,0.0,0.0
2023-10-04 00:00:00-04:00,22.21305156025164,22.56494021227333,22.21305156025164,22.552722930908203,76000,0.0,0.0
2023-10-05 00:00:00-04:00,22.511178203906073,22.674904297346494,22.511178203906073,22.564937591552734,98800,0.0,0.0
2023-10-06 00:00:00-04:00,22.660245786114924,22.882619699834468,22.660245786114924,22.831302642822266,70800,0.0,0.0
2023-10-09 00:00:00-04:00,22.87284792204036,23.114771756979373,22.82886160074416,23.065898895263672,58800,0.0,0.0
2023-10-10 00:00:00-04:00,23.02679849983903,23.315152827431568,22.904614494323205,23.170974731445312,90800,0.0,0.0
2023-10-11 00:00:00-04:00,23.195413938238584,23.239400260068575,23.05368002741081,23.12210464477539,59600,0.0,0.0
2023-10-12 00:00:00-04:00,22.733555459762382,23.068340301513672,22.733555459762382,23.068340301513672,47600,0.0,0.0
2023-10-13 00:00:00-04:00,23.014575728617746,23.014575728617746,22.596706719295817,22.6993408203125,44800,0.0,0.0
2023-10-16 00:00:00-04:00,22.79464640285398,23.004803028880367,22.635806832339174,22.714004516601562,62800,0.0,0.0
2023-10-17 00:00:00-04:00,22.550279789126616,22.84352252137524,22.542949047086896,22.777542114257812,86800,0.0,0.0
2023-10-18 00:00:00-04:00,22.61870396555951,22.784874298370124,22.320574674542225,22.35967445373535,37600,0.0,0.0
2023-10-19 00:00:00-04:00,22.550277449951494,22.550277449951494,21.941801686833184,22.10064125061035,50400,0.0,0.0
2023-10-20 00:00:00-04:00,22.183727675200103,22.186171877329325,21.895373348490832,21.939359664916992,86000,0.0,0.0
2023-10-23 00:00:00-04:00,21.929587416528985,21.929587416528985,21.550818072656977,21.621685028076172,60400,0.0,0.0
2023-10-24 00:00:00-04:00,21.770746283767505,21.770746283767505,21.10606682699366,21.465286254882812,162000,0.0,0.0
2023-10-25 00:00:00-04:00,21.44084663681558,21.44084663681558,21.198922851943653,21.318662643432617,83200,0.0,0.0
2023-10-26 00:00:00-04:00,21.440847942738852,21.6412296295166,21.29667171666774,21.6412296295166,80800,0.0,0.0
2023-10-27 00:00:00-04:00,21.558144780736278,21.7487515182131,21.311332584177393,21.52393341064453,70800,0.0,0.0
2023-10-30 00:00:00-04:00,21.641228393966347,21.863604157674164,21.50438291745679,21.758525848388672,71600,0.0,0.0
2023-10-31 00:00:00-04:00,21.765859862719616,22.379224126102383,21.460399832163663,22.349899291992188,103600,0.0,0.0
2023-11-01 00:00:00-04:00,22.24237644467051,22.24237644467051,21.67788691292511,21.983346939086914,126000,0.0,0.0
2023-11-02 00:00:00-04:00,23.334702837789887,23.495986633702703,22.569831569326716,23.2174072265625,276400,0.0,0.0
2023-11-03 00:00:00-04:00,23.26139234314355,24.11423620808459,23.244286656375564,23.820995330810547,183200,0.0,0.0
2023-11-06 00:00:00-05:00,24.023817824651488,24.309729805641517,23.58884307677355,24.23397445678711,134800,0.0,0.0
2023-11-07 00:00:00-05:00,24.31461590949995,24.818013391024717,24.043367281359156,24.695829391479492,123200,0.0,0.0
2023-11-08 00:00:00-05:00,24.734930974966694,25.648866836369756,24.522330129034906,25.13080596923828,287200,0.0,0.0
2023-11-09 00:00:00-05:00,25.20656301749246,25.643982020993775,25.04039268020917,25.384950637817383,246000,0.0,0.0
2023-11-10 00:00:00-05:00,25.29208914585478,25.851692114933105,25.006179020352832,25.629316329956055,116400,0.0,0.0
2023-11-13 00:00:00-05:00,25.468035942085763,25.88346084011069,25.468035942085763,25.656198501586914,130400,0.0,0.0
2023-11-14 00:00:00-05:00,26.032521542561103,26.702089309692383,25.692850187357802,26.702089309692383,280000,0.0,0.0
2023-11-15 00:00:00-05:00,26.684989053270783,27.085752487182617,26.53348206263349,27.085752487182617,149200,0.0,0.0
2023-11-16 00:00:00-05:00,26.892174820723845,27.166610444056648,26.4633702108262,26.8701229095459,106000,0.075,0.0
2023-11-17 00:00:00-05:00,26.931377404257212,27.333228382637262,26.931377404257212,27.075944900512695,125600,0.0,0.0
2023-11-20 00:00:00-05:00,27.115155782243626,27.34303302285128,26.943632806075478,27.10535430908203,129200,0.0,0.0
2023-11-21 00:00:00-05:00,27.144557089346232,27.215616364434126,26.53932970276983,26.639793395996094,94000,0.0,0.0
2023-11-22 00:00:00-05:00,26.63979279684194,26.840718309335692,26.233040100888406,26.431516647338867,220000,0.0,0.0
2023-11-24 00:00:00-05:00,26.43151684891408,26.544230979276048,26.112975533522622,26.29184913635254,139200,0.0,0.0
2023-11-27 00:00:00-05:00,26.335954710681957,26.806414175164974,26.274696909490736,26.578535079956055,193200,0.0,0.0
2023-11-28 00:00:00-05:00,26.5785366979017,26.808866642622533,26.38006200818089,26.426616668701172,98800,0.0,0.0
2023-11-29 00:00:00-05:00,26.58343694018414,26.659397890762868,26.33840571644345,26.340856552124023,174800,0.0,0.0
2023-11-30 00:00:00-05:00,26.522174276641806,27.291572028715123,26.07131780486565,26.941177368164062,276800,0.0,0.0
2023-12-01 00:00:00-05:00,26.892177435563184,27.289128700321122,26.710854849190266,27.178863525390625,194000,0.0,0.0
2023-12-04 00:00:00-05:00,27.04409600300761,27.646872570482596,27.041645167402642,27.57581329345703,135600,0.0,0.0
2023-12-05 00:00:00-05:00,27.65912113743082,27.67382428062559,27.07104775395148,27.191112518310547,117600,0.0,0.0
2023-12-06 00:00:00-05:00,27.1813124957951,27.4287945440307,27.071049197871407,27.08329963684082,154800,0.0,0.0
2023-12-07 00:00:00-05:00,27.08329842228165,27.32832962395895,26.977934930782823,27.245019912719727,144400,0.0,0.0
2023-12-08 00:00:00-05:00,27.301378688556852,27.367538166308837,27.004891130121383,27.215618133544922,118400,0.0,0.0
2023-12-11 00:00:00-05:00,27.32587839298749,27.76938613282313,27.32587839298749,27.524354934692383,155600,0.0,0.0
2023-12-12 00:00:00-05:00,27.524355694947793,27.781637338427693,27.382237147440954,27.688526153564453,88800,0.0,0.0
2023-12-13 00:00:00-05:00,27.59786357542418,28.085477012820583,27.504752391773266,27.872299194335938,225200,0.0,0.0
2023-12-14 00:00:00-05:00,28.09038049684179,28.21289611375734,27.739985757685723,28.109983444213867,135200,0.0,0.0
2023-12-15 00:00:00-05:00,28.198192739493713,28.274151818107843,27.852697828171745,27.960512161254883,257600,0.0,0.0
2023-12-18 00:00:00-05:00,27.874752017859244,28.242298846635826,27.874752017859244,28.163888931274414,118000,0.0,0.0
2023-12-19 00:00:00-05:00,28.247198553345957,28.352562052018037,28.02422111674774,28.2104434967041,161200,0.0,0.0
2023-12-20 00:00:00-05:00,28.210445052888204,28.87693030270138,27.997269077597625,28.056076049804688,154400,0.0,0.0
2023-12-21 00:00:00-05:00,28.1614369864991,28.306004502792963,28.07567643705022,28.23249626159668,116800,0.0,0.0
2023-12-22 00:00:00-05:00,28.237394069358732,28.41136599151061,28.20308985200144,28.37461280822754,110800,0.0,0.0
2023-12-26 00:00:00-05:00,28.31580651239025,28.98474254965446,28.254548708845316,28.970041275024414,128800,0.0,0.0
2023-12-27 00:00:00-05:00,28.862223445437902,29.254272966734366,28.803416484603325,29.02639389038086,88000,0.0,0.0
2023-12-28 00:00:00-05:00,28.923483402506044,29.099906167630333,28.455472907832462,28.551034927368164,104000,0.0,0.0
2023-12-29 00:00:00-05:00,28.55838620240145,28.649046547085877,28.37461280822754,28.37461280822754,82000,0.0,0.0
2024-01-02 00:00:00-05:00,28.171240136922723,28.423621998662533,27.93845935233871,28.178590774536133,120000,0.0,0.0
2024-01-03 00:00:00-05:00,28.10508007772745,28.176139355585917,27.343032836914062,27.343032836914062,120800,0.0,0.0
2024-01-04 00:00:00-05:00,27.512104842839392,27.654223397867,26.99263985740581,27.242570877075195,119200,0.0,0.0
2024-01-05 00:00:00-05:00,27.08819847799885,27.735080662299755,27.08819847799885,27.686073303222656,170000,0.0,0.0
2024-01-08 00:00:00-05:00,27.68607734419597,27.779190405313148,27.30872903670393,27.7399845123291,106000,0.0,0.0
2024-01-09 00:00:00-05:00,27.51945283383678,27.62971799293647,27.068596333652135,27.32097816467285,78800,0.0,0.0
2024-01-10 00:00:00-05:00,27.320978906258375,27.757134144844343,27.14455614246187,27.72528076171875,150800,0.0,0.0
2024-01-11 00:00:00-05:00,27.541508560250644,27.661573330502502,27.03919382864872,27.514554977416992,130800,0.0,0.0
2024-01-12 00:00:00-05:00,27.76693495442748,27.931105406481755,27.308725946584396,27.46799659729004,109200,0.0,0.0
2024-01-16 00:00:00-05:00,27.35283153201266,27.923754663090392,27.178859608485904,27.754682540893555,161200,0.0,0.0
2024-01-17 00:00:00-05:00,27.541506460778596,28.05362075670025,27.521903516677575,27.943357467651367,111600,0.0,0.0
2024-01-18 00:00:00-05:00,27.722830187311718,28.06587424576404,27.60031458568158,27.972763061523438,159200,0.0,0.0
2024-01-19 00:00:00-05:00,28.166339577822946,28.178591887289056,27.75223806391587,27.771839141845703,86000,0.0,0.0
2024-01-22 00:00:00-05:00,27.931104305603625,28.355009078979492,27.886998617445673,28.355009078979492,90000,0.0,0.0
2024-01-23 00:00:00-05:00,28.401570409220582,28.401570409220582,28.04137420654297,28.04137420654297,69200,0.0,0.0
2024-01-24 00:00:00-05:00,28.176141007259098,28.269254072399395,27.95561252329517,28.060976028442383,67200,0.0,0.0
2024-01-25 00:00:00-05:00,28.261897257155542,28.261897257155542,27.717929572213837,27.759584426879883,75200,0.0,0.0
2024-01-26 00:00:00-05:00,27.95071119410737,28.085479112900114,27.862499805341184,27.877201080322266,74400,0.0,0.0
2024-01-29 00:00:00-05:00,27.717929520678943,28.17123685867405,27.713027849880483,28.095277786254883,91200,0.0,0.0
2024-01-30 00:00:00-05:00,27.764487451291213,28.16143870799983,27.659123949973242,27.938459396362305,186400,0.0,0.0
2024-01-31 00:00:00-05:00,28.036470566192104,28.178589116488634,27.492500981528654,27.509653091430664,164400,0.0,0.0
2024-02-01 00:00:00-05:00,27.72528213665927,27.953161239624023,27.465547779549464,27.953161239624023,120400,0.0,0.0
2024-02-02 00:00:00-05:00,27.80859349209743,27.860049825551787,27.39694095502264,27.46310043334961,128800,0.0,0.0
2024-02-05 00:00:00-05:00,27.441045685968966,27.441045685968966,27.026944197174604,27.29402732849121,115200,0.0,0.0
2024-02-06 00:00:00-05:00,27.350383920672108,27.632168312370133,27.06614682402817,27.306278228759766,95600,0.0,0.0
2024-02-07 00:00:00-05:00,27.232767859439534,27.507203480881905,26.693699958486,27.058795928955078,135600,0.0,0.0
2024-02-08 00:00:00-05:00,26.919131904008804,27.394493103027344,26.919131904008804,27.394493103027344,79600,0.0,0.0
2024-02-09 00:00:00-05:00,27.22541882222736,27.92375742068316,27.181313128143845,27.82329559326172,98000,0.0,0.0
2024-02-12 00:00:00-05:00,27.77674009090802,28.18104199005387,27.77674009090802,27.99481773376465,77200,0.0,0.0
2024-02-13 00:00:00-05:00,27.298927490181757,27.431242695987088,26.517277346756895,26.67654800415039,152000,0.0,0.0
2024-02-14 00:00:00-05:00,26.85542270469038,27.298930506678037,26.64959736674778,27.23522186279297,89600,0.0,0.0
2024-02-15 00:00:00-05:00,27.409192795627437,27.877201460153763,27.29402782153356,27.837997436523438,113600,0.0,0.0
2024-02-16 00:00:00-05:00,27.693426468878727,27.89190301974792,27.320979853076388,27.749784469604492,140400,0.0,0.0
2024-02-20 00:00:00-05:00,27.470448637404623,27.801240391414243,27.470448637404623,27.690977096557617,165200,0.0,0.0
2024-02-21 00:00:00-05:00,27.64196945022144,27.70812892200866,27.56111057389443,27.588062286376953,68000,0.0,0.0
2024-02-22 00:00:00-05:00,27.53905885427317,27.801242186685684,27.333233525398985,27.639522552490234,91600,0.0,0.0
2024-02-23 00:00:00-05:00,27.536607899978478,28.119783401489258,27.536607899978478,28.119783401489258,64400,0.0,0.0
2024-02-26 00:00:00-05:00,27.960509775877536,28.506928293154846,27.960509775877536,28.3819637298584,101200,0.0,0.0
2024-02-27 00:00:00-05:00,28.450571897367904,28.62454381962844,28.181037959632423,28.42361831665039,106000,0.0,0.0
2024-02-28 00:00:00-05:00,28.200640952815206,28.72010778901024,28.181039876865025,28.279052734375,89600,0.0,0.0
2024-02-29 00:00:00-05:00,31.04055243882361,31.854055946684422,29.521359749142228,29.891355514526367,212800,0.0,0.0
2024-03-01 00:00:00-05:00,29.700229263838853,29.700229263838853,28.840169293951735,29.305728912353516,151200,0.0,0.0
2024-03-04 00:00:00-05:00,29.60712021162815,30.261353064022877,29.215070667277732,29.4552001953125,154800,0.0,0.0
2024-03-05 00:00:00-05:00,29.25917598483932,29.320433783783105,28.698054322181513,28.722557067871094,126000,0.0,0.0
2024-03-06 00:00:00-05:00,29.215071795487006,29.39149269517784,28.903881113981722,29.146461486816406,209600,0.0,0.0
2024-03-07 00:00:00-05:00,29.104806934871018,29.45520164127509,29.063152077678872,29.442951202392578,60800,0.0,0.0
2024-03-08 00:00:00-05:00,29.33758959439445,29.732088149483964,29.0214990876289,29.104808807373047,81200,0.0,0.0
2024-03-11 00:00:00-04:00,28.89898211002392,29.35964012145996,28.89898211002392,29.35964012145996,84800,0.0,0.0
2024-03-12 00:00:00-04:00,29.17831751101021,29.63162488456378,29.09990759704116,29.59977149963379,95600,0.0,0.0
2024-03-13 00:00:00-04:00,29.501757872620907,29.58261862007866,29.232223917201498,29.291030883789062,84800,0.0,0.0
2024-03-14 00:00:00-04:00,29.121534851380677,29.36963767275036,28.92992807592501,29.07731819152832,126400,0.075,0.0
2024-03-15 00:00:00-04:00,28.824296797013805,29.349984536827282,28.824296797013805,29.232072830200195,276800,0.0,0.0
2024-03-18 00:00:00-04:00,29.15837962980861,29.792151110597246,29.155924502327334,29.517026901245117,166000,0.0,0.0
2024-03-19 00:00:00-04:00,29.69389169124309,29.863389194778406,29.4507010061895,29.652132034301758,166400,0.0,0.0
2024-03-20 00:00:00-04:00,29.688980640373284,30.406271461736377,29.686523638657174,30.308012008666992,184400,0.0,0.0
2024-03-21 00:00:00-04:00,30.647007393824357,30.93932688066208,30.583138467445497,30.887741088867188,132800,0.0,0.0
2024-03-22 00:00:00-04:00,30.642092058476848,30.693677848029566,30.030429840473897,30.50452995300293,144000,0.0,0.0
2024-03-25 00:00:00-04:00,30.570851546643883,30.8779111317815,30.50943962961636,30.80667495727539,119600,0.0,0.0
2024-03-26 00:00:00-04:00,31.069520175814706,31.197256148018266,30.85826301574707,30.85826301574707,90400,0.0,0.0
2024-03-27 00:00:00-04:00,30.929501069643653,31.293058595706714,30.826327617088843,30.85826301574707,164400,0.0,0.0
2024-03-28 00:00:00-04:00,30.853347214651215,31.270949381351315,30.853347214651215,31.12847328186035,122800,0.0,0.0
2024-04-01 00:00:00-04:00,31.126018366254993,31.13584449868627,30.740351570507208,31.113737106323242,118800,0.0,0.0
2024-04-02 00:00:00-04:00,30.91721701542263,30.91721701542263,30.327662211250473,30.742807388305664,119200,0.0,0.0
2024-04-03 00:00:00-04:00,30.487334252291767,30.75508932862422,30.487334252291767,30.683853149414062,86800,0.0,0.0
2024-04-04 00:00:00-04:00,30.688766305948267,30.742809098173428,29.723370799238673,29.728282928466797,132000,0.0,0.0
2024-04-05 00:00:00-04:00,29.733192724854973,30.33994273948069,29.733192724854973,30.327659606933594,70800,0.0,0.0
2024-04-08 00:00:00-04:00,30.12377622367107,30.38661918288334,30.1188640943842,30.199928283691406,51200,0.0,0.0
2024-04-09 00:00:00-04:00,30.16553699761613,30.288360842273946,29.95427983487324,30.01569175720215,75200,0.0,0.0
2024-04-10 00:00:00-04:00,29.502284594102488,29.563696511190187,29.18294374973223,29.3696346282959,191200,0.0,0.0
2024-04-11 00:00:00-04:00,29.64230583375019,29.64230583375019,29.259096043135973,29.435962677001953,191600,0.0,0.0
2024-04-12 00:00:00-04:00,29.43596097112042,29.625108853844747,29.178030165989693,29.529306411743164,82800,0.0,0.0
2024-04-15 00:00:00-04:00,29.63002342810438,29.819171314475703,29.534220984155613,29.620197296142578,134400,0.0,0.0
2024-04-16 00:00:00-04:00,29.38682991711427,29.856017863684,29.38682991711427,29.762672424316406,100000,0.0,0.0
2024-04-17 00:00:00-04:00,29.747933263359922,30.052535857603615,29.595632903309593,29.620197296142578,121200,0.0,0.0
2024-04-18 00:00:00-04:00,29.57843926183256,29.969018189467235,29.57843926183256,29.811803817749023,155200,0.0,0.0
2024-04-19 00:00:00-04:00,29.723368689201408,30.440659450749795,29.45315662140091,30.05499267578125,84000,0.0,0.0
2024-04-22 00:00:00-04:00,30.150796375174775,30.285903351774856,30.0156912727178,30.167991638183594,150000,0.0,0.0
2024-04-23 00:00:00-04:00,30.362053611154597,30.511898849528198,30.28836042984924,30.330120086669922,68800,0.0,0.0
2024-04-24 00:00:00-04:00,30.322749092119228,30.47259432128236,30.231858779205247,30.411182403564453,66400,0.0,0.0
2024-04-25 00:00:00-04:00,30.13851429207508,30.425921626289618,30.08201450136492,30.24168586730957,198000,0.0,0.0
2024-04-26 00:00:00-04:00,30.121319577564872,30.207295891824543,29.83882436716046,29.912517547607422,99600,0.0,0.0
2024-04-29 00:00:00-04:00,29.922345733100318,30.347317078664055,29.922345733100318,30.344860076904297,102400,0.0,0.0
2024-04-30 00:00:00-04:00,30.11149518381672,30.28099082053065,29.8339120864254,29.846195220947266,127200,0.0,0.0
2024-05-01 00:00:00-04:00,29.96656041551934,30.29081528309947,29.74302199786411,30.07464599609375,139600,0.0,0.0
2024-05-02 00:00:00-04:00,30.202384528005354,30.202384528005354,27.922774129399713,29.35244369506836,212000,0.0,0.0
2024-05-03 00:00:00-04:00,29.659502242209513,30.60770249716418,29.659502242209513,30.308012008666992,178000,0.0,0.0
2024-05-06 00:00:00-04:00,30.18764342724343,30.880369814053548,30.182731298236767,30.266250610351562,141600,0.0,0.0
2024-05-07 00:00:00-04:00,30.472594070376132,30.713327736328086,30.285901317290854,30.290813446044922,112400,0.0,0.0
2024-05-08 00:00:00-04:00,30.150796991350283,30.57576832031473,30.14834186382964,30.448030471801758,86400,0.0,0.0
2024-05-09 00:00:00-04:00,30.59541888340057,30.954064266494296,30.59541888340057,30.934412002563477,242400,0.0,0.0
2024-05-10 00:00:00-04:00,30.7378951964302,31.00810915844939,30.7378951964302,30.946697235107422,75200,0.0,0.0
2024-05-13 00:00:00-04:00,31.106365398150082,31.148126928574662,30.642091427591353,30.67156982421875,102400,0.0,0.0
2024-05-14 00:00:00-04:00,30.988454791301706,30.988454791301706,30.701047459349912,30.934412002563477,111600,0.0,0.0
2024-05-15 00:00:00-04:00,30.96880337982543,30.96880337982543,30.421008221069176,30.91476058959961,98800,0.0,0.0
2024-05-16 00:00:00-04:00,30.93445889110369,30.93445889110369,30.6463647969289,30.843353271484375,70000,0.075,0.0
2024-05-17 00:00:00-04:00,30.96893063373531,31.10189756815116,30.77933078270719,30.91476058959961,76800,0.0,0.0
2024-05-20 00:00:00-04:00,30.91722265357218,31.1363713460406,30.754708758297557,30.757171630859375,65200,0.0,0.0
2024-05-21 00:00:00-04:00,30.693148738300746,30.946770120941995,30.21791580042206,30.744857788085938,190000,0.0,0.0
2024-05-22 00:00:00-04:00,30.872899931371656,31.050189181046022,30.690686815260243,30.816267013549805,106400,0.0,0.0
2024-05-23 00:00:00-04:00,30.826115482452103,30.944307058773287,30.496160084761225,30.631589889526367,112000,0.0,0.0
2024-05-24 00:00:00-04:00,30.72762078109654,30.86797444997547,30.670985987616422,30.70053482055664,56000,0.0,0.0
2024-05-28 00:00:00-04:00,30.91968464199328,31.173306028589572,30.779330967924395,31.02802848815918,145600,0.0,0.0
2024-05-29 00:00:00-04:00,30.7694828392871,31.375219876490302,30.59219358378931,30.877826690673828,172400,0.0,0.0
2024-05-30 00:00:00-04:00,31.101900335536843,31.830756606510256,30.754710430298694,31.700252532958984,138400,0.0,0.0
2024-05-31 00:00:00-04:00,31.84798885709358,32.72458361345325,31.643613645904143,32.586692810058594,227600,0.0,0.0
2024-06-03 00:00:00-04:00,32.665490696196095,33.63565585178101,32.53744762175657,33.49530029296875,231600,0.0,0.0
2024-06-04 00:00:00-04:00,33.49530022662585,33.82525376660234,32.53252181212297,32.73443603515625,185600,0.0,0.0
2024-06-05 00:00:00-04:00,32.357700781969974,32.40940796164299,31.91447759855714,32.08930587768555,136800,0.0,0.0
2024-06-06 00:00:00-04:00,31.966188733640408,32.38970893681251,31.966188733640408,32.12623977661133,94800,0.0,0.0
2024-06-07 00:00:00-04:00,32.13362230042603,32.4537281016106,32.116384071194545,32.394630432128906,194000,0.0,0.0
2024-06-10 00:00:00-04:00,32.42910219352561,32.60146569463201,32.24442620864534,32.53252029418945,84800,0.0,0.0
2024-06-11 00:00:00-04:00,32.44634397139845,32.68519190521602,32.33307436842852,32.571922302246094,91600,0.0,0.0
2024-06-12 00:00:00-04:00,32.946198323234896,32.99544450388169,32.50297518292824,32.751670837402344,212000,0.0,0.0
2024-06-13 00:00:00-04:00,32.63593580758477,32.85508447531294,32.25673613521237,32.56452941894531,202800,0.0,0.0
2024-06-14 00:00:00-04:00,32.49066238901129,32.756596270662506,32.44880294799805,32.44880294799805,222800,0.0,0.0
2024-06-17 00:00:00-04:00,32.39709609198606,33.246604919433594,32.39709609198606,33.246604919433594,149600,0.0,0.0
2024-06-18 00:00:00-04:00,33.42143045465759,33.65043064979437,33.10625038001741,33.165348052978516,194800,0.0,0.0
2024-06-20 00:00:00-04:00,32.855088070472426,33.315549428247486,32.855088070472426,33.308162689208984,213600,0.0,0.0
2024-06-21 00:00:00-04:00,33.347557378333455,33.48545194061837,33.21213132446579,33.308162689208984,290400,0.0,0.0
2024-06-24 00:00:00-04:00,33.44851055261088,33.83263596638723,32.759052851278916,32.96589279174805,237500,0.0,4.0
2024-06-25 00:00:00-04:00,33.04468697648427,33.26137465570629,32.345381520939796,32.80830383300781,174100,0.0,0.0
2024-06-26 00:00:00-04:00,32.759058373835856,33.113636894709934,32.42417907714844,32.42417907714844,151900,0.0,0.0
2024-06-27 00:00:00-04:00,32.67041686042177,32.67041686042177,31.902165830064252,32.256744384765625,148500,0.0,0.0
2024-06-28 00:00:00-04:00,32.58177199759536,32.58177199759536,31.872614974849466,32.27643966674805,610400,0.0,0.0
2024-07-01 00:00:00-04:00,31.921858306325692,32.23703834225099,31.774116020692162,32.138545989990234,254100,0.0,0.0
2024-07-02 00:00:00-04:00,32.138547427254835,32.49312592283846,31.419540824696785,32.20749282836914,93600,0.0,0.0
2024-07-03 00:00:00-04:00,32.059755881348956,32.44388139652771,32.02035742921698,32.256744384765625,67700,0.0,0.0
2024-07-05 00:00:00-04:00,32.138546618019696,32.28628514929783,31.931706662642345,32.0400505065918,101900,0.0,0.0
2024-07-08 00:00:00-04:00,32.227190735565216,32.39462848650976,31.92185843077864,32.11884689331055,193500,0.0,0.0
2024-07-09 00:00:00-04:00,32.10900191718441,32.10900191718441,31.458944367652347,31.724876403808594,101700,0.0,0.0
2024-07-10 00:00:00-04:00,32.010504337867474,32.010504337867474,31.518035040361823,31.64607810974121,126200,0.0,0.0
2024-07-11 00:00:00-04:00,31.971106029185794,32.66056380009355,31.852914449306418,32.473426818847656,188000,0.0,0.0
2024-07-12 00:00:00-04:00,32.54237177961546,33.271224229119845,32.33553557831631,32.818153381347656,217100,0.0,0.0
2024-07-15 00:00:00-04:00,32.906801919390794,33.63565821285198,32.87725496061635,33.08409118652344,239900,0.0,0.0
2024-07-16 00:00:00-04:00,33.35987274003483,34.31526448201307,33.34017351515205,34.2069206237793,157100,0.0,0.0
2024-07-17 00:00:00-04:00,34.1084256471649,34.36450803656361,33.625804067567,34.02962875366211,191200,0.0,0.0
2024-07-18 00:00:00-04:00,34.069032494015666,34.453158016420005,33.40912155874306,33.54701614379883,228600,0.0,0.0
2024-07-19 00:00:00-04:00,33.73414877703167,33.98038343963774,33.300777123452384,33.340171813964844,181000,0.0,0.0
2024-07-22 00:00:00-04:00,33.35002245479259,34.14782033667362,33.123487021836084,34.02962875366211,127800,0.0,0.0
2024-07-23 00:00:00-04:00,33.91143365847787,35.00471602052154,33.91143365847787,34.84712600708008,172300,0.0,0.0
2024-07-24 00:00:00-04:00,34.847126506833256,35.06381043014637,34.600891872472,34.76832962036133,123900,0.0,0.0
2024-07-25 00:00:00-04:00,34.876675962140496,35.300199864198156,34.876675962140496,34.9653205871582,148400,0.0,0.0
2024-07-26 00:00:00-04:00,35.201705877453186,35.546432871436274,34.8175766819889,35.487335205078125,115000,0.0,0.0
2024-07-29 00:00:00-04:00,35.605536997556996,35.71387710300562,34.73878985326611,35.113067626953125,136400,0.0,0.0
2024-07-30 00:00:00-04:00,35.398695143756875,35.99950834543834,35.310050511422844,35.94041442871094,141300,0.0,0.0
2024-07-31 00:00:00-04:00,36.09799900659413,36.43287826060162,35.5858305147449,35.89115905761719,131200,0.0,0.0
2024-08-01 00:00:00-04:00,36.17679834486858,36.442732247271884,35.398695862715535,36.107852935791016,275300,0.0,0.0
2024-08-02 00:00:00-04:00,35.25095354804187,36.11769681457202,35.19185587917921,35.270652770996094,242800,0.0,0.0
2024-08-05 00:00:00-04:00,34.246319019972454,34.246319019972454,33.133337237916045,33.65535354614258,203200,0.0,0.0
2024-08-06 00:00:00-04:00,33.63565529419529,34.46300388327534,33.487912998657094,34.35466003417969,183300,0.0,0.0
2024-08-07 00:00:00-04:00,34.49255110988431,34.75848498959221,33.970534840777695,34.02962875366211,232400,0.0,0.0
2024-08-08 00:00:00-04:00,34.147818885956646,34.75848351293211,31.291499248194985,34.53194808959961,165700,0.0,0.0
2024-08-09 00:00:00-04:00,34.600892297357866,34.600892297357866,34.22661459650491,34.42360305786133,179000,0.0,0.0
2024-08-12 00:00:00-04:00,34.42360556370109,34.44330478699496,33.625803927891305,34.3349609375,232400,0.0,0.0
2024-08-13 00:00:00-04:00,34.47285185477568,34.600894927978516,34.11827334882488,34.600894927978516,80400,0.0,0.0
2024-08-14 00:00:00-04:00,34.52209697782569,34.59104237884541,34.23646388374826,34.47285079956055,85500,0.0,0.0
2024-08-15 00:00:00-04:00,34.965315044328776,35.04411192396118,34.46299808701927,34.6501350402832,164000,0.0,0.0
2024-08-16 00:00:00-04:00,34.729111187823,34.86731625681536,34.01833795779866,34.136802673339844,195800,0.08,0.0
2024-08-19 00:00:00-04:00,34.27501418712396,34.630400868960116,34.146679270726146,34.56129455566406,135000,0.0,0.0
2024-08-20 00:00:00-04:00,34.46257723726215,34.50206548266312,33.91962704332111,34.29475784301758,125600,0.0,0.0
2024-08-21 00:00:00-04:00,34.51193081770146,34.719238428253426,34.29475303008761,34.571163177490234,221400,0.0,0.0
2024-08-22 00:00:00-04:00,34.45270405515761,35.2325761219009,34.45270405515761,35.12398910522461,164000,0.0,0.0
2024-08-23 00:00:00-04:00,35.31155014038086,35.97296120087585,34.956163519181146,35.31155014038086,310400,0.0,0.0
2024-08-26 00:00:00-04:00,35.62745004105424,35.76565511834405,35.16347262517622,35.35103988647461,89700,0.0,0.0
2024-08-27 00:00:00-04:00,35.33129402166488,35.7261651135966,35.2128293048602,35.607704162597656,83300,0.0,0.0
2024-08-28 00:00:00-04:00,35.469508988793066,36.09143574522684,34.67976281876982,35.61758804321289,152700,0.0,0.0
2024-08-29 00:00:00-04:00,35.87424403055817,36.032193220068706,35.53860153212256,35.7064208984375,81900,0.0,0.0
2024-08-30 00:00:00-04:00,35.90386339185227,36.101300848045014,35.41027163427352,36.04206848144531,118400,0.0,0.0
2024-09-03 00:00:00-04:00,35.88412153692444,36.09143295021886,35.20296622411848,35.291812896728516,164800,0.0,0.0
2024-09-04 00:00:00-04:00,35.29181214670944,35.53860803584727,35.16347722993197,35.27206802368164,122900,0.0,0.0
2024-09-05 00:00:00-04:00,35.43988552518422,35.54847253578129,34.30462311017969,34.66987991333008,156000,0.0,0.0
2024-09-06 00:00:00-04:00,34.68962835774363,34.95616836055881,34.04796132797933,34.12693405151367,89700,0.0,0.0
2024-09-09 00:00:00-04:00,34.07757597669523,34.610655987771224,33.98872930818256,34.590911865234375,118100,0.0,0.0
2024-09-10 00:00:00-04:00,34.72911174516466,35.49911357951109,34.66987938644349,35.36090850830078,139400,0.0,0.0
2024-09-11 00:00:00-04:00,35.163476481803166,35.41027236569023,34.75873138286064,35.252323150634766,191000,0.0,0.0
2024-09-12 00:00:00-04:00,35.341165643280185,35.86437541604254,35.29180722549661,35.69655227661133,132200,0.0,0.0
2024-09-13 00:00:00-04:00,36.00258064176356,36.525786650894155,35.410268328481735,36.45668411254883,219700,0.0,0.0
2024-09-16 00:00:00-04:00,36.515921977816845,36.733099802864324,36.16053528944,36.29874038696289,97700,0.0,0.0
2024-09-17 00:00:00-04:00,36.51592254638672,36.84169117193354,36.28886700742778,36.51592254638672,150500,0.0,0.0
2024-09-18 00:00:00-04:00,36.427074201203254,37.295793006665356,36.13091612599816,36.67387008666992,164400,0.0,0.0
2024-09-19 00:00:00-04:00,37.325408291872044,37.325408291872044,36.575146747117486,37.15758514404297,120400,0.0,0.0
2024-09-20 00:00:00-04:00,37.15758633658809,37.28592124601077,36.50604537723582,36.683738708496094,345100,0.0,0.0
2024-09-23 00:00:00-04:00,36.81207471766947,37.23656393660538,36.180277861338716,36.30860900878906,98600,0.0,0.0
2024-09-24 00:00:00-04:00,36.30860766691238,36.357969854206544,35.86437810771429,36.12104415893555,73000,0.0,0.0
2024-09-25 00:00:00-04:00,36.06181039515887,36.37770879939862,35.78540023290061,35.98283767700195,152000,0.0,0.0
2024-09-26 00:00:00-04:00,36.2197603009413,36.5455326549084,35.93347995552894,36.05194091796875,112800,0.0,0.0
2024-09-27 00:00:00-04:00,36.28886203394194,36.76271340475086,35.99270775154088,36.0815544128418,106000,0.0,0.0
2024-09-30 00:00:00-04:00,36.00258312977877,37.10822758551721,35.80514567837393,37.02925109863281,120900,0.0,0.0
2024-10-01 00:00:00-04:00,37.01938421642192,37.01938421642192,36.417201630639084,36.812076568603516,93800,0.0,0.0
2024-10-02 00:00:00-04:00,36.53566099284351,36.88117748976123,36.042069225080766,36.111175537109375,73500,0.0,0.0
2024-10-03 00:00:00-04:00,36.032204499206266,36.1013070558854,35.7656644523838,35.95322799682617,63000,0.0,0.0
2024-10-04 00:00:00-04:00,36.28886707485319,36.46656042213853,35.913740022412156,36.41720199584961,84100,0.0,0.0
2024-10-07 00:00:00-04:00,36.091432740678556,36.45668960781855,36.02233019191711,36.29874038696289,75200,0.0,0.0
2024-10-08 00:00:00-04:00,36.298738019978636,36.417198986444106,36.1407888094226,36.3875846862793,45600,0.0,0.0
2024-10-09 00:00:00-04:00,36.41719507059692,36.83181405735248,36.3184782367915,36.486297607421875,74200,0.0,0.0
2024-10-10 00:00:00-04:00,36.14079215636775,36.14079215636775,35.69655878372467,36.07168960571289,62300,0.0,0.0
2024-10-11 00:00:00-04:00,36.18027614392107,36.673867885225285,36.18027614392107,36.565277099609375,80100,0.0,0.0
2024-10-14 00:00:00-04:00,36.57514947299944,36.9206659721366,36.56527929453557,36.67387008666992,55400,0.0,0.0
2024-10-15 00:00:00-04:00,36.683740042224954,37.21682005538723,36.663995919610834,36.87130355834961,89300,0.0,0.0
2024-10-16 00:00:00-04:00,37.12797127482198,37.58207477170001,37.01938048952373,37.52284240722656,103800,0.0,0.0
2024-10-17 00:00:00-04:00,37.47348333946282,37.52284175943551,37.118096690369775,37.404380798339844,67900,0.0,0.0
2024-10-18 00:00:00-04:00,37.46361886200655,37.493233165334864,37.00951530387474,37.04899978637695,69900,0.0,0.0
2024-10-21 00:00:00-04:00,36.950275824047395,37.009508185117355,36.35796727657148,36.45668411254883,120000,0.0,0.0
2024-10-22 00:00:00-04:00,36.29873748893725,36.29873748893725,35.834760042176555,36.12104415893555,37100,0.0,0.0
2024-10-23 00:00:00-04:00,35.88411696930575,36.26912167881375,35.80514425137494,36.0815544128418,72600,0.0,0.0
2024-10-24 00:00:00-04:00,36.0519425902003,36.19014768042492,35.726170221122594,35.89399337768555,58200,0.0,0.0
2024-10-25 00:00:00-04:00,36.111176946812925,36.1901496745186,35.351045142887614,35.43989181518555,61900,0.0,0.0
2024-10-28 00:00:00-04:00,35.69655485009919,36.53565931033153,35.4695030992811,36.21976089477539,104700,0.0,0.0
2024-10-29 00:00:00-04:00,36.051941818122245,36.86143198565033,35.89399260899009,36.733097076416016,171300,0.0,0.0
2024-10-30 00:00:00-04:00,36.644253701338165,37.0095143399719,36.407331749268934,36.51592254638672,92500,0.0,0.0
2024-10-31 00:00:00-04:00,36.436939022178194,36.74296723085044,35.726165771484375,35.726165771484375,99500,0.0,0.0
2024-11-01 00:00:00-04:00,35.85450443667558,36.17040285556915,35.716299349135426,35.82489013671875,94400,0.0,0.0
2024-11-04 00:00:00-05:00,35.854503310231465,36.54553249202834,35.77553059089227,36.2493782043457,88900,0.0,0.0
2024-11-05 00:00:00-05:00,36.180275040110516,37.078611831244906,36.00258171739769,36.94040298461914,129300,0.0,0.0
2024-11-06 00:00:00-05:00,38.24348625118064,40.65221237122395,38.24348625118064,39.85259246826172,266100,0.0,0.0
2024-11-07 00:00:00-05:00,38.2632339010259,40.70157854850432,37.67092525939214,40.66209030151367,288400,0.0,0.0
2024-11-08 00:00:00-05:00,40.05003662209216,40.9483735086858,40.05003662209216,40.83978271484375,185600,0.0,0.0
2024-11-11 00:00:00-05:00,41.323501466129095,42.62658337078797,40.93850050781709,42.33042907714844,179600,0.0,0.0
2024-11-12 00:00:00-05:00,42.33042762475885,42.61670796483107,42.00465527686855,42.241580963134766,95600,0.0,0.0
2024-11-13 00:00:00-05:00,42.675937429847515,42.74503996577302,41.91580576886123,42.0145263671875,89900,0.0,0.0
2024-11-14 00:00:00-05:00,41.99478431548738,42.19222175605663,40.81016343787784,41.36298751831055,316300,0.0,0.0
2024-11-15 00:00:00-05:00,41.66900917400826,41.66900917400826,40.6719556265425,40.98785400390625,174800,0.0,0.0
2024-11-18 00:00:00-05:00,41.07670685408393,41.234656066591526,40.701576062201056,40.89901351928711,149100,0.0,0.0
2024-11-19 00:00:00-05:00,40.741063392842186,41.422218650412255,40.33631830950817,41.07670593261719,148700,0.0,0.0
2024-11-20 00:00:00-05:00,40.99773027591472,41.807220458984375,40.78055246281723,41.807220458984375,107900,0.0,0.0
2024-11-21 00:00:00-05:00,41.95530268670134,42.290945258827215,41.560427743327416,41.68876266479492,242600,0.0,0.0
2024-11-22 00:00:00-05:00,41.72832144435808,42.35142852983589,41.72832144435808,42.292083740234375,131000,0.08,0.0
2024-11-25 00:00:00-05:00,42.58880872149052,43.27125690063126,42.36132599511028,42.94486618041992,110900,0.0,0.0
2024-11-26 00:00:00-05:00,42.71737894388276,43.01409912109375,42.24263194248046,43.01409912109375,317600,0.0,0.0
2024-11-27 00:00:00-05:00,43.11300446853496,43.340487176896616,42.25252574160975,42.311866760253906,176500,0.0,0.0
2024-11-29 00:00:00-05:00,42.667927652992944,42.845958253535784,42.311866451907264,42.44044494628906,69800,0.0,0.0
2024-12-02 00:00:00-05:00,42.46022076766079,43.07343510114327,42.1338301200785,43.023983001708984,95600,0.0,0.0
2024-12-03 00:00:00-05:00,43.02398405051258,43.112999340845576,42.50967390336124,42.826171875,167200,0.0,0.0
2024-12-04 00:00:00-05:00,42.954747969592816,43.90424183178025,42.954747969592816,43.85478973388672,103500,0.0,0.0
2024-12-05 00:00:00-05:00,43.745997114215236,43.745997114215236,42.96464106337727,43.06354904174805,139900,0.0,0.0
2024-12-06 00:00:00-05:00,43.192126360009546,43.38004964377476,42.95475474350608,43.07344055175781,81800,0.0,0.0
2024-12-09 00:00:00-05:00,43.17234712970857,43.47895243878369,41.99536667862812,42.203067779541016,106400,0.0,0.0
2024-12-10 00:00:00-05:00,42.203064842669065,43.03387296145917,41.886566871030304,42.826171875,101900,0.0,0.0
2024-12-11 00:00:00-05:00,43.22179563615335,43.58774570343758,42.677814990632825,43.08332824707031,109600,0.0,0.0
2024-12-12 00:00:00-05:00,43.07343737408751,43.33059434144107,42.77672098887103,42.8162841796875,68700,0.0,0.0
2024-12-13 00:00:00-05:00,42.717376983361625,43.12289026425793,41.856898318621376,43.09321975708008,73500,0.0,0.0
2024-12-16 00:00:00-05:00,43.07344283534241,43.538300953991225,42.46022839175212,43.211910247802734,115200,0.0,0.0
2024-12-17 00:00:00-05:00,43.02398833983603,43.49873534462459,42.321758631062565,42.885520935058594,100100,0.0,0.0
2024-12-18 00:00:00-05:00,42.93497418464589,43.42950279943008,41.54040364187261,41.837120056152344,155700,0.0,0.0
2024-12-19 00:00:00-05:00,42.104164232593526,42.905301913922145,41.54040193671724,42.292083740234375,165100,0.0,0.0
2024-12-20 00:00:00-05:00,41.79755594457538,43.716329342537705,41.79755594457538,42.56902313232422,359800,0.0,0.0
2024-12-23 00:00:00-05:00,42.480008138396,42.58880503571748,41.659088838936746,42.094276428222656,96200,0.0,0.0
2024-12-24 00:00:00-05:00,42.015148348149054,42.905301314976796,41.92613305146628,42.895408630371094,46300,0.0,0.0
2024-12-26 00:00:00-05:00,42.77672319665043,43.55807927731201,42.5195699889783,43.459171295166016,67200,0.0,0.0
2024-12-27 00:00:00-05:00,43.32071003482019,43.488851741829464,42.40088642170183,42.90530776977539,119200,0.0,0.0
2024-12-30 00:00:00-05:00,42.559131413183785,43.251472228996285,42.08438439538622,42.87562942504883,68100,0.0,0.0
2024-12-31 00:00:00-05:00,43.221802382423334,43.48884829145961,42.85585225801982,42.96464538574219,75200,0.0,0.0
2025-01-02 00:00:00-05:00,43.08333287241151,43.330597171735135,42.22285039423858,42.50967788696289,78900,0.0,0.0
2025-01-03 00:00:00-05:00,42.193181196896944,42.845958816479445,42.03493219133009,42.3415412902832,72300,0.0,0.0
2025-01-06 00:00:00-05:00,42.311867388314184,42.509679590290006,41.60963765560624,41.70854187011719,94600,0.0,0.0
2025-01-07 00:00:00-05:00,41.68876193642021,41.88657035543438,40.66014155655002,40.907405853271484,98500,0.0,0.0
2025-01-08 00:00:00-05:00,40.75904452573089,41.50083739332201,40.61068821598485,41.421714782714844,67700,0.0,0.0
2025-01-10 00:00:00-05:00,40.84805964164504,41.04587182672601,40.4821095516651,40.88762283325195,77900,0.0,0.0
2025-01-13 00:00:00-05:00,40.472217543029245,41.48105630812797,40.472217543029245,41.32280731201172,62600,0.0,0.0
2025-01-14 00:00:00-05:00,41.510732723686054,42.12394714355469,41.214012539373414,42.12394714355469,51200,0.0,0.0
2025-01-15 00:00:00-05:00,42.8063923455509,43.02398612640893,41.90635048784761,42.588802337646484,83600,0.0,0.0
2025-01-16 00:00:00-05:00,42.58880369000363,43.55807927731201,42.55912940888296,43.459171295166016,93200,0.0,0.0
2025-01-17 00:00:00-05:00,43.884468185771915,44.477904786828894,42.95475574895605,43.38005065917969,127900,0.0,0.0
2025-01-21 00:00:00-05:00,43.79544897036026,44.35921123856219,43.399828377965235,43.884464263916016,103600,0.0,0.0
2025-01-22 00:00:00-05:00,43.67677034505323,44.032831577769144,43.23169380415834,43.47895812988281,92600,0.0,0.0
2025-01-23 00:00:00-05:00,43.26136113438018,43.469062229090774,42.93497046587475,43.221797943115234,62900,0.0,0.0
2025-01-24 00:00:00-05:00,43.05365635743418,43.2217980341877,42.984422659051425,43.06354904174805,59700,0.0,0.0
2025-01-27 00:00:00-05:00,42.90530480464352,43.528408159148825,42.707492598931395,43.37015914916992,65700,0.0,0.0
2025-01-28 00:00:00-05:00,43.498735034357985,43.87457782532581,42.73716054056041,43.01409912109375,120300,0.0,0.0
2025-01-29 00:00:00-05:00,42.9053000493084,43.350376519592906,42.84595526228593,43.06354904174805,44900,0.0,0.0
2025-01-30 00:00:00-05:00,43.251468750284644,43.82512370874721,42.98442286682313,43.09321975708008,51800,0.0,0.0
2025-01-31 00:00:00-05:00,42.95475060688879,43.25146698542073,42.480003646647,42.8558464050293,85700,0.0,0.0
2025-02-03 00:00:00-05:00,42.17339696987687,43.093220436427075,41.97558478201433,42.33164596557617,81200,0.0,0.0
2025-02-04 00:00:00-05:00,42.08438024139686,42.944858890410735,42.03492813935303,42.8162841796875,75100,0.0,0.0
2025-02-05 00:00:00-05:00,42.89541363809072,43.38994228340451,42.796509418209624,43.231693267822266,95300,0.0,0.0
2025-02-06 00:00:00-05:00,43.33059676135483,43.33059676135483,42.66792648350764,42.796504974365234,102000,0.0,0.0
2025-02-07 00:00:00-05:00,42.69759681461109,43.1525659866144,41.91624450683594,41.91624450683594,70400,0.0,0.0
2025-02-10 00:00:00-05:00,41.906351534095926,42.71737811741962,41.61952782020367,42.3909912109375,193900,0.0,0.0
2025-02-11 00:00:00-05:00,42.47011096773462,42.65803423342482,42.16350567816169,42.35142517089844,73900,0.0,0.0
2025-02-12 00:00:00-05:00,41.65908879528504,42.09427638411494,41.649199883245196,41.748104095458984,91200,0.0,0.0
2025-02-13 00:00:00-05:00,42.08437967863981,42.212958160597225,41.520617422381115,42.064598083496094,130300,0.0,0.0
2025-02-14 00:00:00-05:00,42.13383636790819,42.33164856793132,41.39204344753689,41.649200439453125,101400,0.0,0.0
2025-02-18 00:00:00-05:00,41.53050898083605,41.55028680249024,40.79860507216917,41.065650939941406,134100,0.0,0.0
2025-02-19 00:00:00-05:00,40.70959215262219,42.03492888485093,40.57112475526232,41.04587173461914,94800,0.0,0.0
2025-02-20 00:00:00-05:00,40.7788271978761,41.35248217497116,40.13594229276865,40.373313903808594,141700,0.0,0.0
2025-02-21 00:00:00-05:00,40.66014278050199,40.66014278050199,39.522725472163216,39.70075607299805,159300,0.0,0.0
2025-02-24 00:00:00-05:00,39.82933487815339,39.98758388313451,39.3842583725959,39.57217788696289,135000,0.0,0.0
2025-02-25 00:00:00-05:00,39.710646481391365,40.16561186946198,39.28535160077424,39.90845489501953,207300,0.0,0.0
2025-02-26 00:00:00-05:00,39.730421634507366,40.68980822253852,39.62162852350423,40.05681228637695,209600,0.0,0.0
2025-02-27 00:00:00-05:00,39.067761150533116,40.4326612041181,38.2962977073109,39.849117279052734,162200,0.0,0.0
2025-02-28 00:00:00-05:00,39.98758566386199,40.25463157908858,39.32491533208771,39.80955505371094,125300,0.0,0.0
2025-03-03 00:00:00-05:00,39.76010371154133,40.17550596126761,39.06776285571008,39.74032211303711,167100,0.0,0.0
2025-03-04 00:00:00-05:00,39.532613523770124,39.95790837892296,38.51388214440354,38.57322692871094,142200,0.0,0.0
2025-03-05 00:00:00-05:00,38.40509197857955,39.216118561559135,38.40509197857955,38.80071258544922,143200,0.0,0.0
2025-03-06 00:00:00-05:00,38.355637610837526,39.285353808124476,38.355637610837526,39.00841522216797,133100,0.0,0.0
2025-03-07 00:00:00-05:00,38.77104684806918,39.51283982179645,38.64246834286262,39.453495025634766,164200,0.0,0.0
2025-03-10 00:00:00-04:00,38.86006033129315,39.661194290613416,38.58312173516217,38.682029724121094,168000,0.0,0.0
2025-03-11 00:00:00-04:00,38.76114803910425,39.404036690625276,38.39519795296871,39.12710189819336,154600,0.0,0.0
2025-03-12 00:00:00-04:00,39.27545878082739,39.5326157543827,38.85016390167747,39.374366760253906,156000,0.0,0.0
2025-03-13 00:00:00-04:00,39.41392581173038,39.47327059883319,38.88972673099314,39.15677261352539,95900,0.0,0.0
2025-03-14 00:00:00-04:00,39.69194569331109,40.04872783932448,39.46400238460104,39.473915100097656,153800,0.08,0.0
2025-03-17 00:00:00-04:00,39.39462946434135,39.642394429525886,38.65133456878774,39.43427276611328,95000,0.0,0.0
2025-03-18 00:00:00-04:00,39.186504211945795,39.74149526354933,39.11713033049535,39.50364303588867,163900,0.0,0.0
2025-03-19 00:00:00-04:00,39.56310825335045,40.762293571048374,39.56310825335045,40.73255920410156,169500,0.0,0.0
2025-03-20 00:00:00-04:00,40.4649754929941,40.732558325590574,40.365867239631235,40.61363220214844,120800,0.0,0.0
2025-03-21 00:00:00-04:00,40.55416733919816,40.59381064063037,39.79105457989129,40.45506286621094,235800,0.0,0.0
2025-03-24 00:00:00-04:00,40.95059334442131,41.456035993013,40.811845568131304,41.20827102661133,115800,0.0,0.0
2025-03-25 00:00:00-04:00,41.06952082160289,41.38665968658875,40.653277479031516,40.92086410522461,89800,0.0,0.0
2025-03-26 00:00:00-04:00,40.87130952814432,41.46594392082481,40.405510192835536,41.24790954589844,131500,0.0,0.0
2025-03-27 00:00:00-04:00,41.28755395456646,41.90201001423339,40.74247178322031,41.436214447021484,100000,0.0,0.0
2025-03-28 00:00:00-04:00,41.505587689778295,41.6046921628113,40.772201735316834,40.841575622558594,109300,0.0,0.0
2025-03-31 00:00:00-04:00,40.88121658895438,41.45603308537467,40.63345163993041,40.78211212158203,148500,0.0,0.0
2025-04-01 00:00:00-04:00,40.55417094067841,41.18845247814228,39.870340942914,41.15871810913086,129800,0.0,0.0
2025-04-02 00:00:00-04:00,40.65327456477348,41.10916117793592,40.11810135075156,41.03978729248047,103900,0.0,0.0
2025-04-03 00:00:00-04:00,39.830691371875325,40.653272807567646,39.66221302322107,40.2568473815918,155200,0.0,0.0
2025-04-04 00:00:00-04:00,39.50364298443086,40.43523780597543,38.621600395201625,39.117130279541016,128100,0.0,0.0
2025-04-07 00:00:00-04:00,38.10624873709488,40.48478990578313,37.65036215233709,38.88918685913086,373500,0.0,0.0
2025-04-08 00:00:00-04:00,39.255882186463445,39.64239493215703,37.194475835306456,37.7098274230957,174500,0.0,0.0
2025-04-09 00:00:00-04:00,37.34313520977691,39.8802497704392,37.12510083439225,39.38471984863281,172500,0.0,0.0
2025-04-10 00:00:00-04:00,38.75043735711704,39.40453668552948,38.24499851358647,39.037845611572266,182000,0.0,0.0
2025-04-11 00:00:00-04:00,39.33516518968331,39.880251146959324,38.75043971054546,39.48382568359375,178800,0.0,0.0
2025-04-14 00:00:00-04:00,39.65230013917426,40.13792109489441,39.41444790907735,39.642391204833984,193100,0.0,0.0
2025-04-15 00:00:00-04:00,39.245970232400886,40.15774729944755,39.1171351683978,40.078460693359375,230800,0.0,0.0
2025-04-16 00:00:00-04:00,40.03882293958313,40.38569240505783,39.9298057416929,40.31631851196289,161100,0.0,0.0
2025-04-17 00:00:00-04:00,40.217208780355335,40.49470431650904,40.13792218111534,40.37577819824219,207800,0.0,0.0
2025-04-21 00:00:00-04:00,40.128011933498236,40.23702533299655,38.58195732424424,38.641422271728516,174200,0.0,0.0
2025-04-22 00:00:00-04:00,39.04775984741255,39.80096367468075,38.8198127535592,39.75141143798828,143100,0.0,0.0
2025-04-23 00:00:00-04:00,40.44515201083565,40.45506094542658,39.80096162522461,39.989261627197266,134200,0.0,0.0
2025-04-24 00:00:00-04:00,39.592843463146444,40.32622566649472,39.592843463146444,40.078460693359375,140100,0.0,0.0
2025-04-25 00:00:00-04:00,39.6324827160953,40.246938728112724,39.6324827160953,40.16765213012695,93400,0.0,0.0
2025-04-28 00:00:00-04:00,40.30640001783007,41.267729228051124,39.81087012070056,40.39559555053711,169900,0.0,0.0
2025-04-29 00:00:00-04:00,40.03882136482302,40.56408190062396,39.88025193247216,40.14783477783203,157300,0.0,0.0
2025-04-30 00:00:00-04:00,39.92980109000767,40.35595711542723,39.27570175946026,40.1973876953125,245800,0.0,0.0
2025-05-01 00:00:00-04:00,40.177564486879234,40.68300331245539,39.900065176996776,40.4154167175293,174900,0.0,0.0
2025-05-02 00:00:00-04:00,40.80193353227966,41.882188955016424,40.75238129429224,41.64433670043945,184700,0.0,0.0
2025-05-05 00:00:00-04:00,41.33710538985675,42.030848040198364,41.08934042763427,41.54522705078125,178100,0.0,0.0
2025-05-06 00:00:00-04:00,41.188450439554096,41.84254981652662,41.01005935668945,41.01005935668945,161500,0.0,0.0
2025-05-07 00:00:00-04:00,41.297457633455885,41.426296458478774,40.03881508806809,40.4055061340332,187200,0.0,0.0
2025-05-08 00:00:00-04:00,41.32719483946816,42.55610688692481,39.146862501014546,40.05863571166992,241900,0.0,0.0
2025-05-09 00:00:00-04:00,40.19738846413064,40.970413929400735,39.969445154643125,40.08837127685547,139500,0.0,0.0
2025-05-12 00:00:00-04:00,40.72265127374325,41.15871626692548,39.731591377843536,41.07943344116211,134000,0.0,0.0
2025-05-13 00:00:00-04:00,40.881214408123775,41.79298755720826,40.03881513861778,41.337100982666016,192000,0.0,0.0
2025-05-14 00:00:00-04:00,41.01996507658805,41.594781583112834,40.83166507303329,41.218177795410156,173300,0.0,0.0
2025-05-15 00:00:00-04:00,40.84157454376924,42.07049039212175,40.831665608965,41.97138214111328,213100,0.0,0.0
2025-05-16 00:00:00-04:00,41.89209951925916,42.209238362801486,41.416391253945676,42.04075622558594,217700,0.0,0.0
2025-05-19 00:00:00-04:00,41.802905085599704,42.43718278941073,41.802905085599704,42.229061126708984,123700,0.0,0.0
2025-05-20 00:00:00-04:00,42.288520697467874,42.605663317959255,42.011025157705255,42.060577392578125,92800,0.0,0.0
2025-05-21 00:00:00-04:00,41.75335653517874,41.763265471166044,40.861401072574516,41.228092193603516,96700,0.0,0.0
2025-05-22 00:00:00-04:00,41.188446123738416,41.41638942116029,40.990233410147596,41.029876708984375,97400,0.0,0.0
2025-05-23 00:00:00-04:00,40.215633258775455,41.089455486495275,40.215633258775455,40.801490783691406,110700,0.08,0.0
2025-05-27 00:00:00-04:00,41.506505956048386,41.744822493813096,40.7121238100208,41.665382385253906,74900,0.0,0.0
2025-05-28 00:00:00-04:00,41.744822760334365,41.863979136021044,41.05966507733196,41.129173278808594,123100,0.0,0.0
2025-05-29 00:00:00-04:00,41.24833426632948,41.48664702246305,40.95044142720603,41.47671890258789,104400,0.0,0.0
2025-05-30 00:00:00-04:00,41.486647551086364,42.10229705275414,40.900789985249624,41.03981018066406,240000,0.0,0.0
2025-06-02 00:00:00-04:00,40.96036886566894,41.397278103254095,40.672404151211204,41.17882537841797,103600,0.0,0.0
2025-06-03 00:00:00-04:00,41.42706976679187,41.55615426174066,41.2086132554741,41.39727783203125,100600,0.0,0.0
2025-06-04 00:00:00-04:00,41.59587695665708,41.90370171597169,41.41714048839867,41.53630065917969,142400,0.0,0.0
2025-06-05 00:00:00-04:00,41.35756298659669,41.7746122084465,41.13910646777269,41.675315856933594,113900,0.0,0.0
2025-06-06 00:00:00-04:00,42.09236504650512,42.261173389443215,41.52636750990698,41.99306869506836,90100,0.0,0.0
2025-06-09 00:00:00-04:00,42.052642233234494,42.052642233234494,41.58594486658901,41.80439758300781,90200,0.0,0.0
2025-06-10 00:00:00-04:00,41.78454408430336,42.17180515798493,41.73489212067198,41.99306869506836,109100,0.0,0.0
2025-06-11 00:00:00-04:00,42.05264942395012,42.05264942395012,41.20861898402107,41.238407135009766,129300,0.0,0.0
2025-06-12 00:00:00-04:00,41.19868500516368,41.705102439533505,40.86107211961285,41.665382385253906,157100,0.0,0.0
2025-06-13 00:00:00-04:00,40.920651438302336,41.65545734514615,40.89086328934689,41.000091552734375,271400,0.0,0.0
2025-06-16 00:00:00-04:00,41.18875062272377,41.77460813045028,40.80148958654927,41.25825881958008,123700,0.0,0.0
2025-06-17 00:00:00-04:00,40.92064501414391,41.23839784616156,40.77170050483644,40.86106872558594,112400,0.0,0.0
2025-06-18 00:00:00-04:00,40.76177450175185,41.51644042802811,40.76177450175185,41.11924743652344,96300,0.0,0.0
2025-06-20 00:00:00-04:00,41.37741896381657,41.37741896381657,40.523460497654526,40.5731086730957,220500,0.0,0.0
2025-06-23 00:00:00-04:00,40.57310740795508,41.675314292780236,40.57310740795508,41.665382385253906,138600,0.0,0.0
2025-06-24 00:00:00-04:00,41.754752398768844,42.012928974712416,41.36749132276651,41.77461242675781,115700,0.0,0.0
2025-06-25 00:00:00-04:00,41.685247403675085,41.834195731101815,40.95044525108362,41.15896987915039,133400,0.0,0.0
2025-06-26 00:00:00-04:00,41.238403068478966,41.55615594073597,40.92065019622197,41.45685958862305,126700,0.0,0.0
2025-06-27 00:00:00-04:00,41.49657843715338,42.112224135747944,41.278121923366015,41.59587478637695,477300,0.0,0.0
2025-06-30 00:00:00-04:00,41.645522490196754,41.724962599007895,41.139105054220785,41.39727783203125,185700,0.0,0.0
2025-07-01 00:00:00-04:00,41.16889316503501,42.81723754229473,41.069596817020866,42.35054016113281,132900,0.0,0.0
2025-07-02 00:00:00-04:00,42.21151877408663,42.59878361135324,41.41713664875658,42.48955535888672,172700,0.0,0.0
2025-07-03 00:00:00-04:00,42.4001925263192,43.25415484013973,42.330684318255976,42.86688995361328,69900,0.0,0.0
2025-07-07 00:00:00-04:00,42.88674306445688,43.05555139103132,42.1817291890235,42.211517333984375,165200,0.0,0.0
2025-07-08 00:00:00-04:00,42.17180463371833,42.69808210803405,42.01292820064682,42.42997741699219,171600,0.0,0.0
2025-07-09 00:00:00-04:00,42.65835990330752,42.708008075907,42.00299417642113,42.48955535888672,105900,0.0,0.0
2025-07-10 00:00:00-04:00,42.45976708967293,43.1250647812483,42.45976708967293,42.75766372680664,176400,0.0,0.0
2025-07-11 00:00:00-04:00,42.64843390498967,43.17471137896057,42.4994855918708,42.74773025512695,213300,0.0,0.0
2025-07-14 00:00:00-04:00,42.62857290386752,43.403095023406756,42.211519909406725,43.30379867553711,132300,0.0,0.0
2025-07-15 00:00:00-04:00,43.254151768346794,43.27401179608492,42.429977662823056,42.52927780151367,204700,0.0,0.0
2025-07-16 00:00:00-04:00,42.81723631637349,43.005904675276525,42.33067892195704,42.807308197021484,141700,0.0,0.0
2025-07-17 00:00:00-04:00,42.926464322730716,43.59176195288433,42.807307951625866,43.3435173034668,262200,0.0,0.0
2025-07-18 00:00:00-04:00,43.64141468562518,43.86979933240552,43.144925334907974,43.32366180419922,128100,0.0,0.0
2025-07-21 00:00:00-04:00,43.333589318175065,43.92937880344686,43.065484617989725,43.39316940307617,104600,0.0,0.0
2025-07-22 00:00:00-04:00,43.42295663151754,44.36628712227562,43.343520307912264,44.3166389465332,139800,0.0,0.0
2025-07-23 00:00:00-04:00,44.5251618149223,45.29968393234987,44.02867250110198,45.2103157043457,160500,0.0,0.0
2025-07-24 00:00:00-04:00,45.15073939143737,45.746525052599104,44.31663719306322,45.52806854248047,137000,0.0,0.0
2025-07-25 00:00:00-04:00,45.69687654308424,45.69687654308424,44.8329862043729,45.37912368774414,161800,0.0,0.0
2025-07-28 00:00:00-04:00,45.45856114066028,46.2032951241595,44.97200372600536,46.19336700439453,217000,0.0,0.0
2025-07-29 00:00:00-04:00,46.52104851415699,46.52104851415699,45.7564582824707,45.7564582824707,176000,0.0,0.0
2025-07-30 00:00:00-04:00,45.75645705796427,46.57069923098611,43.581831435455946,46.213226318359375,150800,0.0,0.0
2025-07-31 00:00:00-04:00,45.83589664503407,46.342314115402566,45.41884740919097,45.64723205566406,213000,0.0,0.0
2025-08-01 00:00:00-04:00,45.23017768085499,45.458562320506104,43.6811333792365,43.73078155517578,184300,0.0,0.0
2025-08-04 00:00:00-04:00,43.7903605567906,44.32656998105659,43.25415492043787,43.91944885253906,136000,0.0,0.0
2025-08-05 00:00:00-04:00,43.93930411071148,44.187548766704204,43.64141128110279,44.15776062011719,142500,0.0,0.0
2025-08-06 00:00:00-04:00,44.157759655941824,44.157759655941824,43.56197022182052,44.07831954956055,140100,0.0,0.0
2025-08-07 00:00:00-04:00,44.78333612770995,48.139605064886965,44.13790227034979,46.54090881347656,323700,0.0,0.0
2025-08-08 00:00:00-04:00,46.58062649036069,47.394868648345344,46.35224186438088,46.81894302368164,187800,0.0,0.0
2025-08-11 00:00:00-04:00,46.59055618951303,46.699784446492316,45.835894086248835,46.19336700439453,167200,0.0,0.0
2025-08-12 00:00:00-04:00,46.332384415778726,47.037398359718175,45.925263314132124,46.95796203613281,155200,0.0,0.0
2025-08-13 00:00:00-04:00,47.14662691285316,47.514027961039936,46.99768238473513,47.424659729003906,141600,0.0,0.0
2025-08-14 00:00:00-04:00,47.17641335196737,47.56367820203716,46.213226650373066,46.3621711730957,136700,0.0,0.0
2025-08-15 00:00:00-04:00,46.352243822439846,46.352243822439846,45.54792974990687,45.70680618286133,155100,0.0,0.0
2025-08-18 00:00:00-04:00,45.647231518336234,46.104000805905656,45.647231518336234,46.08414077758789,96400,0.0,0.0
2025-08-19 00:00:00-04:00,46.014631859464025,46.70971768816366,45.756459071159426,46.104000091552734,110400,0.0,0.0
2025-08-20 00:00:00-04:00,46.441611304907866,46.699784083834345,45.86568187727611,46.04441833496094,110400,0.0,0.0
2025-08-21 00:00:00-04:00,45.825965389891714,46.20329454281971,45.72666525392681,45.94512176513672,104100,0.0,0.0
2025-08-22 00:00:00-04:00,46.2733762073942,48.69049394598004,46.05454131591727,48.51144790649414,214200,0.08,0.0
2025-08-25 00:00:00-04:00,48.163300849175755,48.91927385449406,47.745529289242285,48.42192459106445,281600,0.0,0.0
2025-08-26 00:00:00-04:00,48.32245588564758,49.36688857194664,47.69579475607865,48.81980514526367,189800,0.0,0.0
2025-08-27 00:00:00-04:00,48.52138927598306,48.86953601087901,47.86488844941962,48.22298049926758,180500,0.0,0.0
2025-08-28 00:00:00-04:00,48.30256349394206,48.451766001425554,48.0339944271031,48.28266906738281,115200,0.0,0.0
2025-08-29 00:00:00-04:00,48.5313411529867,48.74022692915224,47.94446888104041,48.54128646850586,299700,0.0,0.0
2025-09-02 00:00:00-04:00,48.00414652535602,48.65070204908619,47.924572620828016,48.49155044555664,137500,0.0,0.0
2025-09-03 00:00:00-04:00,48.28266485328238,48.63080780149858,47.755472081660415,48.29261016845703,137500,0.0,0.0
2025-09-04 00:00:00-04:00,48.46170956560261,49.04858180127541,48.411971607659964,48.90932083129883,232000,0.0,0.0
2025-09-05 00:00:00-04:00,48.90932292889063,49.386781543197515,47.57643059506874,47.88478469848633,123400,0.0,0.0
2025-09-08 00:00:00-04:00,48.10362163007339,48.10362163007339,47.14871194972064,47.34764862060547,113400,0.0,0.0
2025-09-09 00:00:00-04:00,47.11886781448358,47.407331295862605,46.66130740610744,46.780670166015625,147000,0.0,0.0
2025-09-10 00:00:00-04:00,46.78066605630467,46.810509589515235,45.72628814654165,45.81581115722656,166100,0.0,0.0
2025-09-11 00:00:00-04:00,46.02469772956597,47.25812168246598,45.974963565968515,47.05918502807617,123000,0.0,0.0
2025-09-12 00:00:00-04:00,46.691143130307424,47.02934074967792,46.36289462018295,46.5916748046875,175800,0.0,0.0
2025-09-15 00:00:00-04:00,46.611574225514566,46.86024886069595,46.422579074313475,46.56184005737305,132000,0.0,0.0
2025-09-16 00:00:00-04:00,46.47231731296823,46.71104283925503,46.11422522906421,46.263427734375,147800,0.0,0.0
2025-09-17 00:00:00-04:00,46.412631389415395,47.09897198147228,45.92522745977017,46.233585357666016,160500,0.0,0.0
2025-09-18 00:00:00-04:00,46.333055956138395,46.89008466368831,46.16395524529397,46.66130447387695,136000,0.0,0.0
2025-09-19 00:00:00-04:00,46.66130828687202,46.681202712977864,45.756132768662226,45.88544464111328,285500,0.0,0.0
2025-09-22 00:00:00-04:00,45.88544415759098,46.243536234775064,45.46766880271831,45.9948616027832,160500,0.0,0.0
2025-09-23 00:00:00-04:00,45.845655766618165,46.33305971978983,44.811168376460124,45.10957717895508,159100,0.0,0.0
2025-09-24 00:00:00-04:00,45.288621640213144,45.42787882355689,44.353606413138266,44.76143264770508,130700,0.0,0.0
2025-09-25 00:00:00-04:00,44.632121730744984,44.801222453032096,43.60758346476723,43.7667350769043,132000,0.0,0.0
2025-09-26 00:00:00-04:00,43.92588486950891,44.72164289723173,43.45837536813956,44.492862701416016,144600,0.0,0.0
2025-09-29 00:00:00-04:00,44.492861893601685,44.771376249629554,44.01540708563668,44.12482452392578,106600,0.0,0.0
2025-09-30 00:00:00-04:00,43.896045882391505,44.15466582291111,43.56779355593244,44.08503723144531,160700,0.0,0.0
2025-10-01 00:00:00-04:00,43.78662980234867,44.46302510717799,43.120179813263704,44.24419021606445,152100,0.0,0.0
2025-10-02 00:00:00-04:00,44.134771397567505,44.14472050747614,43.49816496446664,44.08503723144531,115300,0.0,0.0
2025-10-03 00:00:00-04:00,44.12482291819177,45.16925550976215,44.12482291819177,44.65201187133789,121400,0.0,0.0
2025-10-06 00:00:00-04:00,45.09962846503578,45.09962846503578,44.10493000201732,44.22429275512695,142400,0.0,0.0
2025-10-07 00:00:00-04:00,44.114876093859785,44.79127136418027,43.776678458699536,44.20439910888672,190300,0.0,0.0
2025-10-08 00:00:00-04:00,44.333711274481246,45.28862091159572,44.02535337741416,44.293922424316406,124900,0.0,0.0
2025-10-09 00:00:00-04:00,44.15466458993957,44.30387087861338,43.30917240605075,43.339012145996094,146400,0.0,0.0
2025-10-10 00:00:00-04:00,43.199755398743875,43.49816418460062,42.40399737163471,42.453731536865234,152800,0.0,0.0
2025-10-13 00:00:00-04:00,42.77203573085062,42.83171900718326,41.91659440911782,42.62282943725586,120300,0.0,0.0
2025-10-14 00:00:00-04:00,42.215001093628544,43.09033679709154,41.88675257637585,42.87150192260742,137000,0.0,0.0
2025-10-15 00:00:00-04:00,43.01076417577381,43.29922385272317,42.24484588672333,42.74219512939453,121600,0.0,0.0
2025-10-16 00:00:00-04:00,42.78198173039011,42.78198173039011,41.89670065357279,41.926544189453125,158500,0.0,0.0
2025-10-17 00:00:00-04:00,41.98622146106907,42.81182301159301,41.2302522942829,41.399349212646484,196300,0.0,0.0
2025-10-20 00:00:00-04:00,41.2998823571428,41.77733718390776,41.0313133056237,41.45903396606445,239700,0.0,0.0
2025-10-21 00:00:00-04:00,41.57839576457787,41.98622199018227,41.190463963938754,41.6778678894043,226600,0.0,0.0
2025-10-22 00:00:00-04:00,41.777335693276335,41.96632703635449,41.27004114371205,41.399349212646484,183100,0.0,0.0
2025-10-23 00:00:00-04:00,41.32972209804259,41.68781416673473,41.11089100732136,41.45903396606445,187300,0.0,0.0
2025-10-24 00:00:00-04:00,41.68781691223384,42.24484947738182,41.379458989557904,41.777339935302734,219900,0.0,0.0
2025-10-27 00:00:00-04:00,41.83702252550223,41.87680758384142,41.17057252154227,41.30982971191406,155600,0.0,0.0
2025-10-28 00:00:00-04:00,41.13078230154969,41.45903463463545,40.941790948680556,41.15067672729492,127300,0.0,0.0
2025-10-29 00:00:00-04:00,41.130778257461564,41.130778257461564,40.036611510371195,40.08634567260742,261500,0.0,0.0
2025-10-30 00:00:00-04:00,40.08634567260742,40.60358930770554,39.966982924345814,40.08634567260742,162000,0.0,0.0
2025-10-31 00:00:00-04:00,39.93714418802837,40.97162768970921,39.59894656407306,40.25544738769531,267500,0.0,0.0
2025-11-03 00:00:00-05:00,40.11619196325652,40.67322068975173,39.45968731650383,40.4046516418457,257600,0.0,0.0
2025-11-04 00:00:00-05:00,40.26539405914011,40.663274969365084,39.97693058895068,40.026668548583984,189800,0.0,0.0
2025-11-05 00:00:00-05:00,40.24549995568977,40.67322060953279,39.44974192335635,40.50412368774414,511700,0.0,0.0
2025-11-06 00:00:00-05:00,40.06645431212952,40.48422965469652,34.35688705467844,34.764713287353516,609200,0.0,0.0
2025-11-07 00:00:00-05:00,34.66524036160683,35.073066584879605,32.83499501447382,33.13340759277344,408400,0.0,0.0
2025-11-10 00:00:00-05:00,33.48155177742973,35.32174250768054,33.42186850067195,34.655296325683594,355000,0.0,0.0
2025-11-11 00:00:00-05:00,34.645349228777086,34.71497781751091,33.88937627327627,34.50608825683594,272200,0.0,0.0
2025-11-12 00:00:00-05:00,34.516038742991874,35.42121422710712,34.476249892278894,34.66524124145508,338500,0.0,0.0
2025-11-13 00:00:00-05:00,34.61550602425997,35.24216712330416,34.356886091425444,34.983543395996094,193300,0.0,0.0
2025-11-14 00:00:00-05:00,34.864182891569236,35.470949605012656,34.58566851601112,35.4112663269043,213900,0.0,0.0
2025-11-17 00:00:00-05:00,35.20237994592058,35.62015529661898,34.46630516748461,34.84428787231445,327000,0.0,0.0
2025-11-18 00:00:00-05:00,34.90396751929164,37.082355681205236,34.82438982477827,35.52067947387695,190500,0.0,0.0
2025-11-19 00:00:00-05:00,35.52068376833189,36.46564813532117,34.60556293762988,34.63540267944336,270600,0.0,0.0
2025-11-20 00:00:00-05:00,35.12280330006856,35.54057482373136,33.90926998842696,34.03858184814453,377400,0.0,0.0
2025-11-21 00:00:00-05:00,34.108372438369955,35.125342810535265,34.108372438369955,34.75644302368164,338300,0.08,0.0
2025-11-24 00:00:00-05:00,34.6866516054071,35.065520015681784,34.19810555597435,34.84617614746094,197700,0.0,0.0
2025-11-25 00:00:00-05:00,35.06552278289163,35.92296869035861,35.06552278289163,35.374603271484375,227900,0.0,0.0
2025-11-26 00:00:00-05:00,35.175195175003985,35.54409878261828,34.806295370754924,35.205108642578125,142700,0.0,0.0
2025-11-28 00:00:00-05:00,35.09543357117867,35.51418406887059,34.88605832233271,34.98575973510742,72100,0.0,0.0
2025-12-01 00:00:00-05:00,34.58694539574276,35.2150749260041,34.36760153382426,34.57697677612305,251800,0.0,0.0
2025-12-02 00:00:00-05:00,34.72653482105988,35.08546219982943,34.41745434680712,34.92593765258789,122400,0.0,0.0
2025-12-03 00:00:00-05:00,34.995731027945745,35.55406887087818,34.97579378656012,35.374603271484375,174500,0.0,0.0
2025-12-04 00:00:00-05:00,35.45436406835614,35.65376689011376,34.686651033821256,34.80629348754883,118000,0.0,0.0
2025-12-05 00:00:00-05:00,34.77638411756626,35.0455824932421,34.30777911508998,34.42742156982422,104300,0.0,0.0
2025-12-08 00:00:00-05:00,34.67668094695954,34.7564451237285,34.02861412585555,34.16819763183594,139600,0.0,0.0
2025-12-09 00:00:00-05:00,34.218045854778005,34.636800145663,33.86908711517801,34.52712631225586,118400,0.0,0.0
2025-12-10 00:00:00-05:00,34.596917866816646,35.274898102848894,33.679648922563906,35.04558181762695,227500,0.0,0.0
2025-12-11 00:00:00-05:00,35.29484272949545,36.5710391606228,35.215078550867304,36.50124740600586,251300,0.0,0.0
2025-12-12 00:00:00-05:00,36.53115649961849,37.00973015380186,36.38160437207918,36.46136474609375,275400,0.0,0.0
2025-12-15 00:00:00-05:00,36.63085958222617,36.63085958222617,35.60391677693933,36.112403869628906,191700,0.0,0.0
2025-12-16 00:00:00-05:00,36.11240590702473,37.069553213497834,35.60391878564724,36.79038619995117,170500,0.0,0.0
2025-12-17 00:00:00-05:00,36.76046972392769,37.099459842653445,36.47133411356911,36.78041076660156,125000,0.0,0.0
2025-12-18 00:00:00-05:00,37.139344473142884,37.35869215422222,36.82029537522671,36.89008712768555,116700,0.0,0.0
2025-12-19 00:00:00-05:00,36.72059173080363,36.86017522725373,36.122371855976766,36.40153884887695,305700,0.0,0.0
2025-12-22 00:00:00-05:00,36.361660382979494,36.80035191294542,36.02267026329878,36.122371673583984,126000,0.0,0.0
2025-12-23 00:00:00-05:00,36.112404431227716,36.361661769812414,35.703622548083416,36.15228271484375,144300,0.0,0.0
2025-12-24 00:00:00-05:00,35.95288198924024,36.32178180697709,35.76344396668358,36.03264236450195,59500,0.0,0.0
2025-12-26 00:00:00-05:00,35.96285013128939,36.38160445677806,35.60391893897492,36.132347106933594,110200,0.0,0.0
2025-12-29 00:00:00-05:00,36.14231557180035,36.81032344089139,35.99275964119161,36.79038619995117,132300,0.0,0.0
2025-12-30 00:00:00-05:00,36.65079717684132,36.81032172046437,36.371630176342265,36.670738220214844,114000,0.0,0.0
2025-12-31 00:00:00-05:00,35.96284874896736,36.51121413687431,35.96284874896736,36.10243225097656,157500,0.0,0.0
2026-01-02 00:00:00-05:00,36.1024329060199,36.441423047063694,35.69365101270521,36.281898498535156,141700,0.0,0.0
2026-01-05 00:00:00-05:00,36.112406064594694,37.488303897391276,35.8930583796422,37.06955337524414,149100,0.0,0.0
2026-01-06 00:00:00-05:00,36.88011828100702,37.48830300536355,36.71062130938634,37.40854263305664,141400,0.0,0.0
2026-01-07 00:00:00-05:00,37.33874980417188,37.438451217521425,36.620887457286784,36.999759674072266,118600,0.0,0.0
2026-01-08 00:00:00-05:00,36.81032052082585,37.946937135883836,36.81032052082585,37.717620849609375,205300,0.0,0.0
2026-01-09 00:00:00-05:00,37.73755860132745,38.285927775260454,37.31880810854049,38.08652114868164,116500,0.0,0.0
2026-01-12 00:00:00-05:00,37.96688120248384,38.76450395813155,37.717623853633604,38.664798736572266,132900,0.0,0.0
2026-01-13 00:00:00-05:00,38.81435385913625,38.82432247940198,38.2161377556963,38.67477035522461,123900,0.0,0.0
2026-01-14 00:00:00-05:00,38.71465350045719,39.133404023629716,38.71465350045719,39.083553314208984,98700,0.0,0.0
2026-01-15 00:00:00-05:00,39.19322456017197,39.901114475794316,38.98384550909297,39.302894592285156,211200,0.0,0.0
2026-01-16 00:00:00-05:00,39.193224290533976,39.33280778804963,38.69470962605518,38.8841438293457,149500,0.0,0.0
2026-01-20 00:00:00-05:00,38.295896692075864,38.634886818879345,37.578034352170825,37.70764923095703,131400,0.0,0.0
2026-01-21 00:00:00-05:00,37.966879477800646,38.126404021683626,37.189193998426624,37.607948303222656,157900,0.0,0.0
2026-01-22 00:00:00-05:00,37.66776917204431,38.16628386750647,37.468366336551675,37.91702651977539,186300,0.0,0.0
2026-01-23 00:00:00-05:00,37.75750056949245,38.35572046388706,37.33875006644486,37.41851043701172,160600,0.0,0.0
2026-01-26 00:00:00-05:00,37.41850948080856,37.737558561653216,36.91002619676396,37.617916107177734,151600,0.0,0.0
2026-01-27 00:00:00-05:00,37.488300713764325,37.81732221325151,36.87014360355311,37.24901580810547,95800,0.0,0.0
2026-01-28 00:00:00-05:00,37.29886686408947,37.41850931804453,36.401538951013926,36.5411262512207,120600,0.0,0.0
2026-01-29 00:00:00-05:00,36.630860996342875,37.03964288891086,36.092464219780574,36.61091995239258,171300,0.0,0.0
2026-01-30 00:00:00-05:00,36.48130424052636,38.00675793613712,36.42148111003304,37.887115478515625,205500,0.0,0.0
2026-02-02 00:00:00-05:00,37.91702716962258,38.54515676161249,37.2789289570333,38.096492767333984,145200,0.0,0.0
2026-02-03 00:00:00-05:00,37.9868172728659,38.24604703756655,36.89008649306675,37.17922592163086,133200,0.0,0.0
2026-02-04 00:00:00-05:00,37.388602639493584,37.9768501398229,37.029671445615996,37.34872055053711,123800,0.0,0.0
2026-02-05 00:00:00-05:00,37.35869126699994,37.697681400905935,36.97981904596026,37.22907638549805,166700,0.0,0.0
2026-02-06 00:00:00-05:00,37.36866046889966,37.91702586374735,37.03964275333714,37.7375602722168,192800,0.0,0.0
2026-02-09 00:00:00-05:00,37.73755974598279,37.73755974598279,36.86017664780732,36.900054931640625,128900,0.0,0.0
2026-02-10 00:00:00-05:00,36.890088442273516,37.23904721700292,35.364634650791565,35.374603271484375,228200,0.0,0.0
2026-02-11 00:00:00-05:00,35.623858451569134,35.733532289323264,31.306721413963814,31.954790115356445,414300,0.0,0.0
2026-02-12 00:00:00-05:00,31.884998497258362,32.01461337908542,31.07740524760108,31.296751022338867,377300,0.0,0.0
2026-02-13 00:00:00-05:00,31.406425279498652,32.283812193518976,31.2768122976252,31.52606964111328,293900,0.0,0.0
2026-02-17 00:00:00-05:00,31.71550332004171,32.343630978336996,30.648682212107566,31.555978775024414,224700,0.0,0.0
2026-02-18 00:00:00-05:00,31.5160973870558,32.8222033609964,31.346602326732,32.60285949707031,229400,0.0,0.0
2026-02-19 00:00:00-05:00,32.2638714652365,32.50315638744119,31.72547468522807,32.483219146728516,157100,0.0,0.0
2026-02-20 00:00:00-05:00,32.44333770366564,32.66268158615375,31.994673711404186,32.1940803527832,268600,0.0,0.0
2026-02-23 00:00:00-05:00,32.24392965549298,32.36357211375429,30.15016761909423,30.828147888183594,238500,0.0,0.0
2026-02-24 00:00:00-05:00,30.877998681044243,31.476216679055607,30.658652905835865,30.967731475830078,217000,0.0,0.0
2026-02-25 00:00:00-05:00,31.167137279659045,31.994671552686732,30.78826506693839,31.37651252746582,272500,0.0,0.0
2026-02-26 00:00:00-05:00,28.215930015154356,28.634682420756906,25.254753512332265,26.75029754638672,1006900,0.0,0.0
2026-02-27 00:00:00-05:00,26.700446886042347,27.946733583271463,26.24181239258709,27.6875057220459,470600,0.0,0.0
2026-03-02 00:00:00-05:00,27.298663578598095,28.096288223342906,26.790180268447592,27.797178268432617,386800,0.0,0.0
2026-03-03 00:00:00-05:00,27.328574390545118,28.355515307874672,27.079317052505356,27.87693977355957,328500,0.0,0.0
2026-03-04 00:00:00-05:00,28.245842442744493,29.232901307151955,28.195991734093845,29.0135555267334,298000,0.0,0.0
2026-03-05 00:00:00-05:00,28.923822527536203,29.402396173293024,28.764297978950594,29.133197784423828,241500,0.0,0.0
2026-03-06 00:00:00-05:00,28.664593969446738,28.93379235182449,28.375454543555986,28.883939743041992,305700,0.0,0.0
2026-03-09 00:00:00-04:00,28.574860865234992,28.724414886594413,27.717415020306557,28.395395278930664,420000,0.0,0.0
2026-03-10 00:00:00-04:00,28.59480303767513,28.59480303767513,27.149109670187624,27.537952423095703,487200,0.0,0.0
2026-03-11 00:00:00-04:00,27.537952616738327,27.69747716716706,26.77023952924838,26.949705123901367,475800,0.0,0.0
2026-03-12 00:00:00-04:00,26.770238110482588,27.418306799963396,26.411306940199196,26.850000381469727,389600,0.0,0.0
2026-03-13 00:00:00-04:00,27.079999923706055,27.530000686645508,26.770000457763672,27.5,555300,0.08,0.0
2026-03-16 00:00:00-04:00,27.6299991607666,27.920000076293945,27.100000381469727,27.649999618530273,267300,0.0,0.0
2026-03-17 00:00:00-04:00,28.68000030517578,29.31999969482422,28.329999923706055,28.540000915527344,452300,0.0,0.0
2026-03-18 00:00:00-04:00,28.290000915527344,28.81999969482422,28.09000015258789,28.149999618530273,229600,0.0,0.0
2026-03-19 00:00:00-04:00,28.010000228881836,28.530000686645508,27.700000762939453,27.8799991607666,235000,0.0,0.0
2026-03-20 00:00:00-04:00,27.8799991607666,28.040000915527344,27.59000015258789,27.940000534057617,343200,0.0,0.0
2026-03-23 00:00:00-04:00,28.59000015258789,29.209999084472656,28.209999084472656,28.920000076293945,354800,0.0,0.0
2026-03-24 00:00:00-04:00,28.6200008392334,29.43000030517578,28.299999237060547,29.170000076293945,220500,0.0,0.0
2026-03-25 00:00:00-04:00,29.209999084472656,29.809999465942383,28.350000381469727,28.950000762939453,297600,0.0,0.0
2026-03-26 00:00:00-04:00,28.850000381469727,29.739999771118164,28.850000381469727,29.3700008392334,303500,0.0,0.0
2026-03-27 00:00:00-04:00,29.219999313354492,29.56999969482422,28.649999618530273,29.360000610351562,370200,0.0,0.0
2026-03-30 00:00:00-04:00,29.450000762939453,29.950000762939453,29.34000015258789,29.8700008392334,189100,0.0,0.0
2026-03-31 00:00:00-04:00,30.309999465942383,30.610000610351562,29.15999984741211,29.18000030517578,552600,0.0,0.0
2026-04-01 00:00:00-04:00,29.170000076293945,29.280000686645508,28.110000610351562,28.899999618530273,265300,0.0,0.0
2026-04-02 00:00:00-04:00,28.690000534057617,29.579999923706055,28.440000534057617,29.579999923706055,155900,0.0,0.0
2026-04-06 00:00:00-04:00,29.3799991607666,30.020000457763672,29.1200008392334,29.81999969482422,240900,0.0,0.0
2026-04-07 00:00:00-04:00,29.81999969482422,29.969999313354492,29.219999313354492,29.290000915527344,175200,0.0,0.0
2026-04-08 00:00:00-04:00,30.149999618530273,30.149999618530273,28.75,28.829999923706055,326900,0.0,0.0
2026-04-09 00:00:00-04:00,28.799999237060547,28.809999465942383,28.280000686645508,28.670000076293945,149100,0.0,0.0
2026-04-10 00:00:00-04:00,28.670000076293945,28.790000915527344,26.850000381469727,28.290000915527344,146485,0.0,0.0
