Date,Open,High,Low,Close,Volume,Dividends,Stock Splits
2022-01-03 00:00:00-05:00,83.60039259956933,84.5389904592505,82.80054231015754,83.34738159179688,2828800,0.0,0.0
2022-01-04 00:00:00-05:00,84.09008894260585,86.7997761495836,83.88604621248135,85.81221008300781,4085500,0.0,0.0
2022-01-05 00:00:00-05:00,85.94280077934206,86.79977651332219,83.99215276932878,84.06560516357422,2818200,0.0,0.0
2022-01-06 00:00:00-05:00,84.09008587556941,84.42471892967563,81.63340975094417,83.96765899658203,3565500,0.0,0.0
2022-01-07 00:00:00-05:00,84.08190726755278,85.55918054778311,83.18412069495223,83.65750122070312,3137100,0.0,0.0
2022-01-10 00:00:00-05:00,83.03721512908312,84.03294449755548,80.16429666396448,83.8615493774414,5354100,0.0,0.0
2022-01-11 00:00:00-05:00,83.7391302276604,85.6163257241471,83.21678136769515,84.9552230834961,2524400,0.0,0.0
2022-01-12 00:00:00-05:00,84.97972392333045,85.80405212243642,82.29452067579024,83.80443572998047,3008900,0.0,0.0
2022-01-13 00:00:00-05:00,83.4208219788809,84.91441613147717,82.9229572613488,83.73912811279297,2298100,0.0,0.0
2022-01-14 00:00:00-05:00,82.52303707798606,84.06559952252985,80.72746365661018,81.64973449707031,3728100,0.0,0.0
2022-01-18 00:00:00-05:00,80.64584289246015,80.71113805750173,78.62989981675177,80.50709533691406,3696000,0.0,0.0
2022-01-19 00:00:00-05:00,80.98864184550523,83.06171046972617,80.63768810640202,81.08657836914062,2609600,0.0,0.0
2022-01-20 00:00:00-05:00,81.64158291662498,82.49856494460575,77.27506937709694,77.45462799072266,3846100,0.0,0.0
2022-01-21 00:00:00-05:00,77.31586457588209,80.19694657632064,77.06284738720942,78.71967315673828,3406500,0.0,0.0
2022-01-24 00:00:00-05:00,77.38116534091266,82.82503027917727,75.84676620523827,82.743408203125,5150200,0.0,0.0
2022-01-25 00:00:00-05:00,80.50710398665333,81.33143840992363,78.00145935770432,80.00923919677734,3751400,0.0,0.0
2022-01-26 00:00:00-05:00,80.84989207279351,81.88643266325454,78.56461715575665,79.10328674316406,2788500,0.0,0.0
2022-01-27 00:00:00-05:00,80.71113851807291,81.55995698778804,77.98513074437315,78.43402099609375,2213600,0.0,0.0
2022-01-28 00:00:00-05:00,78.61358026705717,79.71540972866406,77.0955019059491,79.69092559814453,1904300,0.0,0.0
2022-01-31 00:00:00-05:00,79.14409659489175,81.12739221681021,79.13593314200926,81.02944946289062,2362400,0.0,0.0
2022-02-01 00:00:00-05:00,81.04576069917162,82.17207413047869,79.77253005194531,81.9843521118164,1763700,0.0,0.0
2022-02-02 00:00:00-05:00,81.81296732403337,82.02517349650866,79.25835470955371,80.84172821044922,2408000,0.0,0.0
2022-02-03 00:00:00-05:00,80.24591247363539,81.0049515635584,78.98900869962905,79.25018310546875,1878600,0.0,0.0
2022-02-04 00:00:00-05:00,79.38079233725743,79.92762540683617,77.72396622164064,79.02983856201172,2132900,0.0,0.0
2022-02-07 00:00:00-05:00,79.73989666957279,80.115340773737,78.3524085915206,79.64196014404297,1474000,0.0,0.0
2022-02-08 00:00:00-05:00,79.85416191724298,81.73135757320902,79.3726240507268,81.17636108398438,1780800,0.0,0.0
2022-02-09 00:00:00-05:00,82.13944917635679,83.54326429666716,81.75584780895912,83.42900085449219,1761700,0.0,0.0
2022-02-10 00:00:00-05:00,82.30268119106816,83.86973425378619,81.69055293705208,82.00070190429688,2283100,0.0,0.0
2022-02-11 00:00:00-05:00,81.85377905600157,84.13905380490684,81.094739881538,82.08230590820312,3467000,0.0,0.0
2022-02-14 00:00:00-05:00,81.66605422141747,83.24126422956823,80.67848822849862,82.13943481445312,2315300,0.0,0.0
2022-02-15 00:00:00-05:00,83.2412573447006,83.97581230298562,82.79236714516847,83.40449523925781,1660100,0.0,0.0
2022-02-16 00:00:00-05:00,82.84953016606893,82.84953016606893,80.06638372409382,81.31512451171875,2288900,0.0,0.0
2022-02-17 00:00:00-05:00,80.60505336358264,81.77217819565418,80.06637749021539,80.49894714355469,1407900,0.0,0.0
2022-02-18 00:00:00-05:00,80.18062406671834,81.0294425138907,78.7931360864092,79.74805450439453,1853100,0.0,0.0
2022-02-22 00:00:00-05:00,78.71151986206996,79.00534187031037,72.99832383255672,73.9042739868164,5404500,0.0,0.0
2022-02-23 00:00:00-05:00,74.6306635307708,74.6306635307708,71.69244352807169,72.33721923828125,3589000,0.0,0.0
2022-02-24 00:00:00-05:00,70.18252109008723,74.96528218604027,69.84789432037329,74.74491882324219,2908700,0.0,0.0
2022-02-25 00:00:00-05:00,75.59375327327675,78.38505634077585,74.630671333235,78.21366119384766,2929400,0.0,0.0
2022-02-28 00:00:00-05:00,76.82616514174205,79.25019372891624,76.82616514174205,78.874755859375,3390600,0.0,0.0
2022-03-01 00:00:00-05:00,78.13203785687125,80.44179661948623,77.903504789318,79.31548309326172,2629100,0.0,0.0
2022-03-02 00:00:00-05:00,79.02983240394344,83.20046634160195,78.80946276646097,82.30267333984375,6182700,0.0,0.0
2022-03-03 00:00:00-05:00,86.51411188624209,92.19466037230067,85.58367759618272,89.89305877685547,18352700,0.0,0.0
2022-03-04 00:00:00-05:00,88.08115671236986,89.19114956746394,82.9392840891356,86.5957260131836,7695200,0.0,0.0
2022-03-07 00:00:00-05:00,86.13868130569179,89.06873197610699,84.29413324738022,85.46125793457031,4679500,0.0,0.0
2022-03-08 00:00:00-05:00,84.83280448663899,86.47330349580301,82.48222833303608,82.53936004638672,3764300,0.0,0.0
2022-03-09 00:00:00-05:00,84.17170857771455,84.68590026598083,82.12312395842177,83.0372314453125,2980600,0.0,0.0
2022-03-10 00:00:00-05:00,82.55567817277809,82.55567817277809,79.64194864794541,80.5234146118164,2966500,0.0,0.0
2022-03-11 00:00:00-05:00,80.80091562416823,81.46201203212495,77.12814673216057,77.20159912109375,3159100,0.0,0.0
2022-03-14 00:00:00-04:00,77.25874328750805,79.2910071613834,76.05897102309933,77.24241638183594,2350400,0.0,0.0
2022-03-15 00:00:00-04:00,77.54438844293537,81.27428870134626,77.42196157914994,80.8498764038086,2971500,0.0,0.0
2022-03-16 00:00:00-04:00,81.43752884741394,82.32715833844976,77.93615504917955,80.67032623291016,2438700,0.0,0.0
2022-03-17 00:00:00-04:00,80.5479040159348,81.5762748142584,79.80518554581161,81.03760528564453,1990600,0.0,0.0
2022-03-18 00:00:00-04:00,80.17246444227713,83.55141122548733,79.91129002226197,83.11883544921875,4606200,0.0,0.0
2022-03-21 00:00:00-04:00,83.10251880996678,84.25332274046929,79.89496700027406,80.83356475830078,2393400,0.0,0.0
2022-03-22 00:00:00-04:00,81.58444594651026,82.04149967767987,80.00107233940113,81.0457763671875,2957000,0.0,0.0
2022-03-23 00:00:00-04:00,80.60934537256101,81.09519514134853,78.82241991593634,79.53883361816406,1747500,0.88,0.0
2022-03-24 00:00:00-04:00,79.74469055542575,80.35406179967676,78.4436150344072,79.63764190673828,1849000,0.0,0.0
2022-03-25 00:00:00-04:00,80.04111952606794,80.18934407744294,78.1306732431041,79.30000305175781,1679500,0.0,0.0
2022-03-28 00:00:00-04:00,79.43177374791972,79.81880496270797,78.37773503342953,79.65411376953125,2027000,0.0,0.0
2022-03-29 00:00:00-04:00,80.87284382438304,83.11267923803425,80.18113327270233,82.9644546508789,2565200,0.0,0.0
2022-03-30 00:00:00-04:00,81.76218671745187,82.0503994309985,79.13532023705689,79.40706634521484,2160900,0.0,0.0
2022-03-31 00:00:00-04:00,76.49197947715884,76.70608302112737,73.74982818645356,74.85327911376953,5580800,0.0,0.0
2022-04-01 00:00:00-04:00,76.02261800874794,76.11320005390748,73.8239584382024,74.42508697509766,2939700,0.0,0.0
2022-04-04 00:00:00-04:00,75.14974892158882,77.89189468432443,74.72977816123336,77.68602752685547,2633500,0.0,0.0
2022-04-05 00:00:00-04:00,77.43896174446247,78.04009010120608,75.80026154301909,76.18728637695312,2381700,0.0,0.0
2022-04-06 00:00:00-04:00,74.92738859074466,75.40500177460079,72.88519045970486,74.98503112792969,2647800,0.0,0.0
2022-04-07 00:00:00-04:00,74.96034152203895,76.42611454405564,74.2274550110306,75.8167495727539,2398100,0.0,0.0
2022-04-08 00:00:00-04:00,73.93921634493817,78.97884439368778,73.2886756610058,76.87899780273438,3967300,0.0,0.0
2022-04-11 00:00:00-04:00,76.35200689741062,78.99534025603458,76.28612790392405,77.53780364990234,1988000,0.0,0.0
2022-04-12 00:00:00-04:00,78.86357716218875,80.38699894572379,76.54139619397819,76.77197265625,3146800,0.0,0.0
2022-04-13 00:00:00-04:00,76.54138628188286,78.84710034548186,75.98142751115542,78.41889953613281,1874100,0.0,0.0
2022-04-14 00:00:00-04:00,78.64124514748049,79.68704742333246,76.99430807632908,77.27428436279297,2019600,0.0,0.0
2022-04-18 00:00:00-04:00,77.15077188306314,77.8260158552162,75.72616850095532,76.97784423828125,1628000,0.0,0.0
2022-04-19 00:00:00-04:00,76.83784996575315,79.16003107307027,76.40141263051397,78.69889068603516,1809200,0.0,0.0
2022-04-20 00:00:00-04:00,79.07768701430442,79.20120855825843,77.38134374387394,77.73543548583984,1340200,0.0,0.0
2022-04-21 00:00:00-04:00,78.88003151754303,79.67056035475218,76.77195461831862,77.10957336425781,1643100,0.0,0.0
2022-04-22 00:00:00-04:00,76.70609477159468,76.78020392361029,74.5733080134733,75.16620635986328,1955900,0.0,0.0
2022-04-25 00:00:00-04:00,74.56506773504549,76.78842994978797,73.53573221293037,76.64020538330078,1648700,0.0,0.0
2022-04-26 00:00:00-04:00,76.40139761408531,77.85070376606802,75.28971652379897,76.44257354736328,2719300,0.0,0.0
2022-04-27 00:00:00-04:00,76.88724417118631,78.06480419469125,75.26501047280205,76.60726165771484,2296100,0.0,0.0
2022-04-28 00:00:00-04:00,77.0601806640625,77.7436609996159,75.55323186135536,77.0601806640625,1441900,0.0,0.0
2022-04-29 00:00:00-04:00,76.62373564371201,77.05193643906046,73.80746899570137,74.05451202392578,2125700,0.0,0.0
2022-05-02 00:00:00-04:00,74.11215267182526,77.31544410136894,73.18986584351913,77.24956512451172,2066700,0.0,0.0
2022-05-03 00:00:00-04:00,76.90370472387258,78.72356892928077,76.22022452092938,77.94127655029297,2029400,0.0,0.0
2022-05-04 00:00:00-04:00,77.62012766792229,80.84812206040921,77.33191500476539,80.52696990966797,2336400,0.0,0.0
2022-05-05 00:00:00-04:00,79.28353830578098,79.28353830578098,74.94386250582929,75.93202209472656,2258800,0.0,0.0
2022-05-06 00:00:00-04:00,75.50382455643694,77.07664603661685,73.29692884845068,75.27325439453125,1976800,0.0,0.0
2022-05-09 00:00:00-04:00,73.96393105298709,75.88261392284902,73.7992398868676,75.00150299072266,2681500,0.0,0.0
2022-05-10 00:00:00-04:00,75.47091256853994,76.38496338818138,71.88058829811743,73.07461547851562,2847600,0.0,0.0
2022-05-11 00:00:00-04:00,73.27222389056732,74.08745587965055,68.66079564236456,68.99842071533203,3045400,0.0,0.0
2022-05-12 00:00:00-04:00,69.08078745157981,73.76632627758507,69.08078745157981,71.93822479248047,3235700,0.0,0.0
2022-05-13 00:00:00-04:00,71.707629082405,72.72872812935576,70.06892245889564,71.11473083496094,3076300,0.0,0.0
2022-05-16 00:00:00-04:00,70.57123814249528,71.1888394317793,67.54087423177238,69.80541229248047,3024600,0.0,0.0
2022-05-17 00:00:00-04:00,70.8182867828911,71.49353066137883,67.35148535824116,69.58308410644531,4333100,0.0,0.0
2022-05-18 00:00:00-04:00,64.83990864544015,65.5233890157882,60.97784561002378,62.27069091796875,9389000,0.0,0.0
2022-05-19 00:00:00-04:00,60.9284313607368,62.92946002778817,59.586179993789585,60.376708984375,5333300,0.0,0.0
2022-05-20 00:00:00-04:00,60.93666948885377,60.99431203301356,56.87696949998289,59.586181640625,4858600,0.0,0.0
2022-05-23 00:00:00-04:00,59.586187104214915,60.228491593051444,57.11578135787953,59.77558135986328,7655000,0.0,0.0
2022-05-24 00:00:00-04:00,60.09672730549551,62.501253554054266,58.8615246909196,60.50022506713867,14827800,0.0,0.0
2022-05-25 00:00:00-04:00,58.47450119706295,66.43744025487052,58.32627661258427,65.92688751220703,10136600,0.0,0.0
2022-05-26 00:00:00-04:00,66.89856862350823,69.5007316884883,66.79975643994422,67.56558227539062,4552300,0.0,0.0
2022-05-27 00:00:00-04:00,67.71381644159283,69.87953630039934,67.67264050422175,69.16311645507812,3316700,0.0,0.0
2022-05-31 00:00:00-04:00,68.98193680335287,70.24184858110762,67.03032095102473,67.57380676269531,4923000,0.0,0.0
2022-06-01 00:00:00-04:00,68.0432081651276,68.27378465051373,65.56457220225327,65.94336700439453,3363800,0.0,0.0
2022-06-02 00:00:00-04:00,66.33862258234836,66.94799381630564,65.21870488204983,66.91505432128906,2228400,0.0,0.0
2022-06-03 00:00:00-04:00,66.30568757013214,67.21150803791312,66.00924466007356,66.19863891601562,2296000,0.0,0.0
2022-06-06 00:00:00-04:00,66.39626194594285,66.39626194594285,65.06224701581868,65.2763442993164,2568600,0.0,0.0
2022-06-07 00:00:00-04:00,63.135333243438986,64.7328642667393,62.25422213196817,64.51876068115234,3447100,0.0,0.0
2022-06-08 00:00:00-04:00,64.04937580920674,65.02106884324289,62.74829413467999,63.505889892578125,2775400,0.0,0.0
2022-06-09 00:00:00-04:00,63.102385624716156,63.74469629880142,61.702491760253906,61.702491760253906,3137600,0.0,0.0
2022-06-10 00:00:00-04:00,60.376700260381774,61.27428404501521,59.31442531580194,59.7838020324707,3738600,0.0,0.0
2022-06-13 00:00:00-04:00,58.69183667579947,59.10862288246874,57.19974129276516,57.8916015625,4405200,0.88,0.0
2022-06-14 00:00:00-04:00,58.3500722841667,59.6504432885534,57.8499300793759,58.84187698364258,4571600,0.0,0.0
2022-06-15 00:00:00-04:00,59.05026253130312,60.58403897037264,58.66682001144883,59.81715393066406,3347800,0.0,0.0
2022-06-16 00:00:00-04:00,57.974956631575,58.558454703981624,56.39950547642509,57.08303451538086,3848700,0.0,0.0
2022-06-17 00:00:00-04:00,56.699599746124576,59.53374757275782,56.68293109405038,58.77519989013672,8384600,0.0,0.0
2022-06-21 00:00:00-04:00,60.07555475617837,60.25060417412489,58.42507882180115,58.74184036254883,3271600,0.0,0.0
2022-06-22 00:00:00-04:00,58.616808206424984,59.25032498186908,57.94994777336253,58.25003433227539,2728900,0.0,0.0
2022-06-23 00:00:00-04:00,58.45009121060724,59.84215540731263,58.37506639755715,59.42536926269531,2421800,0.0,0.0
2022-06-24 00:00:00-04:00,60.10055103942185,62.30118101750095,59.53372172024082,62.25950622558594,5060700,0.0,0.0
2022-06-27 00:00:00-04:00,62.50126000487344,62.89303368233202,59.883836874334406,60.1339111328125,2562400,0.0,0.0
2022-06-28 00:00:00-04:00,59.78381955120037,60.01721882910233,57.24142093193955,57.39146423339844,2590700,0.0,0.0
2022-06-29 00:00:00-04:00,56.92465239410459,57.191395272269446,55.51591319023141,55.97438049316406,3337200,0.0,0.0
2022-06-30 00:00:00-04:00,54.85739459065687,55.22416846156583,53.590367410615904,54.34058380126953,3485300,0.0,0.0
2022-07-01 00:00:00-04:00,54.8407259453148,55.73264810991195,54.19054052659102,55.657623291015625,2866200,0.0,0.0
2022-07-05 00:00:00-04:00,55.107476776483104,58.34173568680702,54.93242732006475,58.333404541015625,3260600,0.0,0.0
2022-07-06 00:00:00-04:00,58.191691843679976,58.45843477853903,56.03274220836033,57.11638259887695,2645600,0.0,0.0
2022-07-07 00:00:00-04:00,57.291425213255266,59.166962830507835,57.116369439151484,59.09193801879883,2355900,0.0,0.0
2022-07-08 00:00:00-04:00,58.508461772639,59.61710847728365,57.64154552113385,59.32535934448242,2072100,0.0,0.0
2022-07-11 00:00:00-04:00,59.358691450538025,59.9421959621532,58.09999531170179,58.27505111694336,1778900,0.0,0.0
2022-07-12 00:00:00-04:00,58.65848618020604,60.08389407774341,58.283374822126476,58.70016098022461,2268400,0.0,0.0
2022-07-13 00:00:00-04:00,57.42479449660182,59.80881175258502,57.37478219433633,59.42536926269531,2207700,0.0,0.0
2022-07-14 00:00:00-04:00,58.808530309323366,59.558740317121355,57.93327682068949,59.30033493041992,1997300,0.0,0.0
2022-07-15 00:00:00-04:00,60.40898513793946,60.500678599012474,59.29199495743724,60.40898513793945,2477200,0.0,0.0
2022-07-18 00:00:00-04:00,61.01750141439448,62.72632749807028,60.80077715414876,61.13420104980469,2545300,0.0,0.0
2022-07-19 00:00:00-04:00,61.65935875600205,63.759958654806205,61.400953316453844,63.32650375366211,2743700,0.0,0.0
2022-07-20 00:00:00-04:00,63.52656385303524,65.30207111128969,63.09310892132074,65.11869049072266,3359000,0.0,0.0
2022-07-21 00:00:00-04:00,64.84359477886392,65.21036865309539,63.334830839297496,65.18535614013672,2338500,0.0,0.0
2022-07-22 00:00:00-04:00,65.70217743102654,66.75248045359206,63.55155907613381,64.01836395263672,2959200,0.0,0.0
2022-07-25 00:00:00-04:00,64.28509070957404,64.41845895529418,62.7179708947164,63.21811294555664,2214900,0.0,0.0
2022-07-26 00:00:00-04:00,60.859127117422354,61.30091950391101,59.70879305183721,60.02555465698242,3297100,0.0,0.0
2022-07-27 00:00:00-04:00,60.53403513387106,62.4095731936327,59.70879380862559,62.092811584472656,2476300,0.0,0.0
2022-07-28 00:00:00-04:00,62.84302779844417,65.35208270561904,60.63405948825747,65.01031494140625,7888400,0.0,0.0
2022-07-29 00:00:00-04:00,63.96001068727314,64.6935520826978,62.24284728214913,64.1767349243164,5035200,0.0,0.0
2022-08-01 00:00:00-04:00,63.75996374827069,64.96864778392204,63.53490195385505,64.16841888427734,2640800,0.0,0.0
2022-08-02 00:00:00-04:00,63.609903384347994,63.726603003458415,62.15948928993833,62.192832946777344,2367100,0.0,0.0
2022-08-03 00:00:00-04:00,63.25980579996779,64.24342143772868,62.62628902658305,63.09309387207031,3085300,0.0,0.0
2022-08-04 00:00:00-04:00,63.26814230982212,64.9936368110149,63.176448843024005,63.59323501586914,2011100,0.0,0.0
2022-08-05 00:00:00-04:00,62.768005293559746,64.18507585294546,62.43457505615933,63.66825866699219,1337200,0.0,0.0
2022-08-08 00:00:00-04:00,64.2851016819112,67.09423642076524,64.1600645579467,65.4687728881836,2551900,0.0,0.0
2022-08-09 00:00:00-04:00,64.75190084718828,65.00197509776706,62.7013136152604,63.634910583496094,2145300,0.0,0.0
2022-08-10 00:00:00-04:00,65.4604323808363,66.46905411114604,64.99363392308025,65.44376373291016,2426800,0.0,0.0
2022-08-11 00:00:00-04:00,66.51908544166517,67.95282474346902,66.31069232481741,67.03589630126953,2060100,0.0,0.0
2022-08-12 00:00:00-04:00,67.67776167629691,67.77778631848356,66.35237793043545,66.93588256835938,2131600,0.0,0.0
2022-08-15 00:00:00-04:00,66.66912731750546,67.87780482556876,65.51045576167627,67.79444885253906,1872300,0.0,0.0
2022-08-16 00:00:00-04:00,67.93615862531148,72.08735246594,67.91115246790193,70.81198120117188,3701900,0.0,0.0
2022-08-17 00:00:00-04:00,69.4115752277985,70.40352848002445,68.07786057752816,68.56967163085938,2692600,0.0,0.0
2022-08-18 00:00:00-04:00,68.33625833909237,68.72803196873647,67.43599875002755,68.7030258178711,1285400,0.0,0.0
2022-08-19 00:00:00-04:00,67.91115433297847,68.07786629338959,65.53547391902498,66.29402160644531,2700900,0.0,0.0
2022-08-22 00:00:00-04:00,65.20203965842826,65.85222516785753,64.3851358391112,64.5351791381836,2028300,0.0,0.0
2022-08-23 00:00:00-04:00,65.29372422974677,66.58575756690207,65.1770246085754,65.71884155273438,2047900,0.0,0.0
2022-08-24 00:00:00-04:00,65.42710079274121,65.81888086761174,64.67688430465438,64.7102279663086,1802000,0.0,0.0
2022-08-25 00:00:00-04:00,64.88526942768596,66.16064048015996,64.47682075212764,65.1770248413086,1678100,0.0,0.0
2022-08-26 00:00:00-04:00,65.24370906005412,65.50212082905483,61.75937616777738,61.80939483642578,2648300,0.0,0.0
2022-08-29 00:00:00-04:00,61.43428039550781,62.1178094764037,60.65072670157746,61.43428039550781,3160800,0.0,0.0
2022-08-30 00:00:00-04:00,62.61796347155548,66.11062764210483,62.2261834104064,62.426239013671875,11709400,0.0,0.0
2022-08-31 00:00:00-04:00,62.09281915248112,62.11782531211456,58.77520387492814,58.92524719238281,7554200,0.0,0.0
2022-09-01 00:00:00-04:00,58.55846297110185,60.03388336799834,57.53316608809364,59.89217758178711,3369500,0.0,0.0
2022-09-02 00:00:00-04:00,60.95081093881026,60.95081093881026,58.97524223113355,59.30033493041992,2131500,0.0,0.0
2022-09-06 00:00:00-04:00,60.000537572008824,60.14224333815607,58.0749812145559,59.500389099121094,2617500,0.0,0.0
2022-09-07 00:00:00-04:00,59.375373719232435,61.10919973688047,59.04194343749693,61.05084991455078,2198000,0.0,0.0
2022-09-08 00:00:00-04:00,60.44235215264388,62.31789053820265,60.20895283776348,62.26787185668945,2228700,0.0,0.0
2022-09-09 00:00:00-04:00,62.53460007944756,63.90166469758251,62.37622564439057,63.55155944824219,2279200,0.0,0.0
2022-09-12 00:00:00-04:00,64.176724824718,64.91027246435551,63.809957364550705,64.86859130859375,2519800,0.0,0.0
2022-09-13 00:00:00-04:00,63.193126274363934,63.201463779682236,60.959151823046874,61.42595672607422,3040100,0.0,0.0
2022-09-14 00:00:00-04:00,61.601014264617994,61.86775723293359,60.18393707822249,61.30926513671875,2306700,0.0,0.0
2022-09-15 00:00:00-04:00,61.417624181482765,62.584626993830646,59.80049144038697,60.3673210144043,3550600,0.0,0.0
2022-09-16 00:00:00-04:00,59.433711989656814,60.85078246203501,58.67515808715444,60.5423583984375,3052900,0.0,0.0
2022-09-19 00:00:00-04:00,60.18796755282004,62.483093600945786,60.02764425988922,62.41558837890625,2228200,0.88,0.0
2022-09-20 00:00:00-04:00,61.71524257351134,61.79962089096915,59.074163254929154,59.84201431274414,2099300,0.0,0.0
2022-09-21 00:00:00-04:00,60.36516690481122,61.1245845960189,59.01509458580458,59.04884719848633,1812300,0.0,0.0
2022-09-22 00:00:00-04:00,58.72820545315129,58.753518305342595,57.50470372111501,57.85909652709961,1907300,0.0,0.0
2022-09-23 00:00:00-04:00,57.116554643527415,58.09535467897111,56.93935825187776,58.03628921508789,1970700,0.0,0.0
2022-09-26 00:00:00-04:00,57.66501761803304,58.85477311077584,55.03237812371334,55.116756439208984,2993900,0.0,0.0
2022-09-27 00:00:00-04:00,55.758037353383706,57.02373126549812,54.98174663232337,55.19269561767578,2854200,0.0,0.0
2022-09-28 00:00:00-04:00,55.9014897455692,57.26000193590774,55.62303549689415,56.905609130859375,3146100,0.0,0.0
2022-09-29 00:00:00-04:00,56.04492526998677,56.04492526998677,54.01981370910409,54.914241790771484,2666300,0.0,0.0
2022-09-30 00:00:00-04:00,54.332014668374306,55.30238119058226,52.669735801554424,53.44602966308594,2909900,0.0,0.0
2022-10-03 00:00:00-04:00,54.197017420564116,54.8129848671562,53.04945117949122,53.7244873046875,3227000,0.0,0.0
2022-10-04 00:00:00-04:00,54.956428623465314,57.06591852600716,54.956428623465314,56.871849060058594,2487800,0.0,0.0
2022-10-05 00:00:00-04:00,55.842424303739136,57.867536164115926,55.842424303739136,57.29375457763672,2927800,0.0,0.0
2022-10-06 00:00:00-04:00,57.167186208164516,57.37813523476291,56.2811977213899,56.37401580810547,1773000,0.0,0.0
2022-10-07 00:00:00-04:00,55.29394932759832,55.51333808410074,54.15482604649168,54.45015335083008,1878200,0.0,0.0
2022-10-10 00:00:00-04:00,54.61046884597034,54.694847144064184,52.669735801554424,53.44602966308594,2026100,0.0,0.0
2022-10-11 00:00:00-04:00,53.555729336703784,55.18425575825417,53.395406048070434,53.87636947631836,2404100,0.0,0.0
2022-10-12 00:00:00-04:00,53.84262363455096,54.129514401789564,53.20133687539349,53.32790756225586,1661900,0.0,0.0
2022-10-13 00:00:00-04:00,52.138158483132386,54.846743019742874,51.2943624366748,54.433284759521484,2733800,0.0,0.0
2022-10-14 00:00:00-04:00,55.099881468205076,55.43739471865356,53.20133724616937,53.45447540283203,1753700,0.0,0.0
2022-10-17 00:00:00-04:00,54.50922529026174,56.03650056733655,54.306716034311286,55.344581604003906,2786500,0.0,0.0
2022-10-18 00:00:00-04:00,56.779017715941364,57.96876639526483,55.58926259896712,56.16304397583008,2320200,0.0,0.0
2022-10-19 00:00:00-04:00,54.247641195596536,55.16737567063718,53.302587434989256,53.78355407714844,3884200,0.0,0.0
2022-10-20 00:00:00-04:00,53.81730805514621,55.18425989791245,52.754126507376554,53.03257751464844,1900700,0.0,0.0
2022-10-21 00:00:00-04:00,52.787879818025964,54.19702083582054,52.18878220151227,53.80887222290039,2328700,0.0,0.0
2022-10-24 00:00:00-04:00,54.18857104409975,54.829857698879756,53.30258281792144,53.83417510986328,2813600,0.0,0.0
2022-10-25 00:00:00-04:00,54.20545461386025,55.521780784888605,54.07045059801153,55.42896270751953,2602100,0.0,0.0
2022-10-26 00:00:00-04:00,55.62302530259449,56.93091154898155,54.99017836485598,55.682090759277344,2340400,0.0,0.0
2022-10-27 00:00:00-04:00,56.053362033820186,56.264311009344475,54.96486454759663,55.555519104003906,2451000,0.0,0.0
2022-10-28 00:00:00-04:00,55.589277171785774,57.75783259563374,55.462712924163355,57.67345428466797,2344500,0.0,0.0
2022-10-31 00:00:00-04:00,57.335931151924406,58.483494137410446,56.77058942106569,57.724082946777344,4339000,0.0,0.0
2022-11-01 00:00:00-04:00,58.61850179966496,59.04039974676184,57.470938868549304,58.12065887451172,3128000,0.0,0.0
2022-11-02 00:00:00-04:00,57.91815969255908,58.41600270392744,55.66522580994112,55.698978424072266,3223500,0.0,0.0
2022-11-03 00:00:00-04:00,55.16738170785554,57.0828022865979,54.86361462433387,56.59339904785156,2603900,0.0,0.0
2022-11-04 00:00:00-04:00,57.63125591571739,58.686000669389735,56.390875055374536,57.546871185302734,2107000,0.0,0.0
2022-11-07 00:00:00-05:00,58.14598853144264,58.60163273045462,56.86341493838891,57.93503952026367,1978500,0.0,0.0
2022-11-08 00:00:00-05:00,58.46662297392342,59.63105908381757,57.184049506720434,58.070037841796875,1917700,0.0,0.0
2022-11-09 00:00:00-05:00,57.27686854480247,58.33161351501382,56.72840631041449,56.787471771240234,2138300,0.0,0.0
2022-11-10 00:00:00-05:00,59.56355343703664,61.85867946711396,59.21760044269606,60.778621673583984,2653900,0.0,0.0
2022-11-11 00:00:00-05:00,60.87144718684638,63.6559767568637,60.70269055009208,62.904998779296875,2400400,0.0,0.0
2022-11-14 00:00:00-05:00,62.58435240060635,63.77410793861505,62.55059978559336,62.66029739379883,2472000,0.0,0.0
2022-11-15 00:00:00-05:00,64.23819601905505,65.37732592623055,63.2425163442732,63.790985107421875,2277400,0.0,0.0
2022-11-16 00:00:00-05:00,60.84613731958752,60.84613731958752,58.31474901819069,58.32318878173828,4475900,0.0,0.0
2022-11-17 00:00:00-05:00,57.563754059230554,59.13321485911989,56.8718417180273,59.09102249145508,3349800,0.0,0.0
2022-11-18 00:00:00-05:00,60.069836665794895,60.90519286661913,59.73231699306569,60.795501708984375,3266500,0.0,0.0
2022-11-21 00:00:00-05:00,60.27233993035661,60.33984514575319,58.525682717292874,59.76606369018555,4034800,0.0,0.0
2022-11-22 00:00:00-05:00,65.14104657751558,67.4699252668602,64.12849398440177,67.40242004394531,17603100,0.0,0.0
2022-11-23 00:00:00-05:00,67.49524344096164,69.52035522460938,67.32648680801304,69.52035522460938,6271000,0.0,0.0
2022-11-25 00:00:00-05:00,69.4022187420488,70.2797673260167,68.43185208608847,68.54154968261719,2343600,0.0,0.0
2022-11-28 00:00:00-05:00,68.48248779875478,69.64692398413203,68.47404803604583,69.2672119140625,4056100,0.0,0.0
2022-11-29 00:00:00-05:00,69.3684791794715,71.32608594651975,69.23347514604761,71.01388549804688,4073600,0.0,0.0
2022-11-30 00:00:00-05:00,70.95480076115204,72.27112686557113,70.28820760309117,71.97579956054688,6201000,0.0,0.0
2022-12-01 00:00:00-05:00,72.14455249591575,73.20773717734552,71.63827622207133,72.9630355834961,3357700,0.0,0.0
2022-12-02 00:00:00-05:00,72.07705902363506,73.52838929948157,71.64672766143764,73.07273864746094,2693100,0.0,0.0
2022-12-05 00:00:00-05:00,72.43986357935222,73.27521956618935,70.76915160567798,71.14885711669922,3812200,0.0,0.0
2022-12-06 00:00:00-05:00,71.03074178372947,71.40201405370375,69.81567358210607,70.27132415771484,3617500,0.0,0.0
2022-12-07 00:00:00-05:00,69.722861558468,70.99699532824775,68.43185470115955,68.65968322753906,3710100,0.0,0.0
2022-12-08 00:00:00-05:00,68.92969869465348,70.76073450666287,68.38966975873967,70.37258911132812,3105800,0.0,0.0
2022-12-09 00:00:00-05:00,69.60474171512928,70.31353381958691,68.811577721942,69.03096008300781,2443100,0.0,0.0
2022-12-12 00:00:00-05:00,69.23565564753872,70.56629485463992,68.80917014052028,70.34452056884766,2801100,0.88,0.0
2022-12-13 00:00:00-05:00,72.60491192667072,72.87786245427402,70.69425172579372,71.70928955078125,3229600,0.0,0.0
2022-12-14 00:00:00-05:00,69.04800242165334,70.54923325977501,68.56180919382989,68.93711853027344,4318300,0.0,0.0
2022-12-15 00:00:00-05:00,68.2120954148906,69.04800339354115,67.5723671320314,68.90299987792969,3623200,0.0,0.0
2022-12-16 00:00:00-05:00,68.26328922621975,69.2100878500042,67.28237097095203,67.79415893554688,4094800,0.0,0.0
2022-12-19 00:00:00-05:00,68.19503334783009,69.08212402729659,67.68325201558284,68.06709289550781,2312200,0.0,0.0
2022-12-20 00:00:00-05:00,67.16293860859456,68.05002928090182,66.78763577205687,67.58942413330078,2322600,0.0,0.0
2022-12-21 00:00:00-05:00,68.58740676294103,69.0906565698381,68.0670938903831,68.77505493164062,1811000,0.0,0.0
2022-12-22 00:00:00-05:00,67.81120676143009,68.73241716983728,67.23971764993159,68.63005828857422,2067900,0.0,0.0
2022-12-23 00:00:00-05:00,68.63006208398066,69.47450175122674,67.93062595913622,69.38920593261719,1422100,0.0,0.0
2022-12-27 00:00:00-05:00,69.35507443704113,69.90097539192361,68.9285889093109,69.82421112060547,1560100,0.0,0.0
2022-12-28 00:00:00-05:00,69.66216260347556,70.54072197721685,68.26329023035566,68.38270568847656,1694600,0.0,0.0
2022-12-29 00:00:00-05:00,68.962713792885,69.63656175901784,68.28034080105722,69.29537200927734,1606700,0.0,0.0
2022-12-30 00:00:00-05:00,68.64710726127872,68.92005771428441,67.72589704201496,68.41680145263672,1397200,0.0,0.0
2023-01-03 00:00:00-05:00,69.03095208629406,69.03095208629406,67.06911593325417,68.58740997314453,2542200,0.0,0.0
2023-01-04 00:00:00-05:00,69.47448793421817,70.76247601432641,68.94565005942134,69.89244842529297,1937300,0.0,0.0
2023-01-05 00:00:00-05:00,69.14183203106202,69.65361987310953,68.2803359460977,69.52567291259766,2122400,0.0,0.0
2023-01-06 00:00:00-05:00,69.9862945271768,71.07809669939351,69.72186901121655,70.83073425292969,1706300,0.0,0.0
2023-01-09 00:00:00-05:00,71.06101048122878,71.23160858234792,69.83273669143169,69.99479675292969,1796400,0.0,0.0
2023-01-10 00:00:00-05:00,70.49805861696314,71.88839908635767,70.22510814114175,71.87986755371094,1555000,0.0,0.0
2023-01-11 00:00:00-05:00,72.45137679094816,74.11466805039629,71.8798811333971,73.22757720947266,2899000,0.0,0.0
2023-01-12 00:00:00-05:00,73.65404226866941,73.95258080789834,72.35752925216715,73.69669342041016,2584100,0.0,0.0
2023-01-13 00:00:00-05:00,72.48547382773013,73.79051833340482,72.48547382773013,73.1678466796875,1739000,0.0,0.0
2023-01-17 00:00:00-05:00,72.64754076991682,72.92902277051681,71.71780547464424,72.0078125,2092900,0.0,0.0
2023-01-18 00:00:00-05:00,72.66459443725438,73.73080808255907,70.66863910926511,70.76246643066406,2172600,0.0,0.0
2023-01-19 00:00:00-05:00,70.25069398973977,70.79659492396296,68.91152974365284,69.53419494628906,1880900,0.0,0.0
2023-01-20 00:00:00-05:00,69.65363284396388,70.79661115336846,68.98830982693664,70.51512908935547,2417300,0.0,0.0
2023-01-23 00:00:00-05:00,71.03541960478364,72.26369985402202,70.48951871793368,71.8542709350586,2266400,0.0,0.0
2023-01-24 00:00:00-05:00,71.61544347509988,72.48547752840297,71.21454606893593,71.3339614868164,2050600,0.0,0.0
2023-01-25 00:00:00-05:00,70.77953906157443,71.67515474011279,69.67067411749547,71.64956665039062,2645600,0.0,0.0
2023-01-26 00:00:00-05:00,72.11871386422989,72.74991069771394,71.23162308080863,71.60692596435547,1442800,0.0,0.0
2023-01-27 00:00:00-05:00,71.29131465515111,72.91196078651278,70.89894879305757,72.65606689453125,1986400,0.0,0.0
2023-01-30 00:00:00-05:00,72.03338485351858,74.20846309914,71.76043444495421,73.67961883544922,2462700,0.0,0.0
2023-01-31 00:00:00-05:00,74.13172251330819,75.68412967779939,73.90994820190856,75.67559814453125,2787600,0.0,0.0
2023-02-01 00:00:00-05:00,75.28322004792756,76.87827160569302,73.55169001053935,76.4688491821289,2689700,0.0,0.0
2023-02-02 00:00:00-05:00,77.44123021422492,79.59924558963537,77.10004054642823,77.97859954833984,2893300,0.0,0.0
2023-02-03 00:00:00-05:00,76.77591769455225,77.90183909796777,76.34943221586983,77.04033660888672,1427900,0.0,0.0
2023-02-06 00:00:00-05:00,76.23001882786664,76.99768750377024,74.92496776199586,75.03585815429688,1682700,0.0,0.0
2023-02-07 00:00:00-05:00,74.6861456364977,75.07851155213847,73.18492122212946,74.88233184814453,1966500,0.0,0.0
2023-02-08 00:00:00-05:00,74.12317890720922,74.85673446511579,73.61139762458076,73.69669342041016,1291000,0.0,0.0
2023-02-09 00:00:00-05:00,74.87380799599809,75.1552900429373,72.22106714608799,72.46842956542969,1273400,0.0,0.0
2023-02-10 00:00:00-05:00,71.86282770512318,72.9972810277651,71.58134563120676,72.94609832763672,1639700,0.0,0.0
2023-02-13 00:00:00-05:00,73.3896414483357,74.62644706200777,72.79255771497556,74.43026733398438,1580000,0.0,0.0
2023-02-14 00:00:00-05:00,74.08906886015322,75.67559559664787,73.64552025228755,75.32587432861328,2123500,0.0,0.0
2023-02-15 00:00:00-05:00,74.65203140346526,76.07649815487609,74.3534928056199,75.87178039550781,1908000,0.0,0.0
2023-02-16 00:00:00-05:00,74.98469974796932,76.11062144812354,74.4643868062352,75.2320556640625,1394500,0.0,0.0
2023-02-17 00:00:00-05:00,75.06144233638135,75.24909698344659,73.53462358066629,74.15729522705078,2307300,0.0,0.0
2023-02-21 00:00:00-05:00,72.6560793387582,72.6560793387582,70.7624824351932,70.90748596191406,1860200,0.0,0.0
2023-02-22 00:00:00-05:00,70.96719083547615,71.5045667776129,70.42982140099225,70.95013427734375,2905100,0.0,0.0
2023-02-23 00:00:00-05:00,71.00131158088334,71.53015599848074,69.97774887779806,70.79660034179688,1743900,0.0,0.0
2023-02-24 00:00:00-05:00,69.9265765780006,71.99076516485145,69.63656300784163,71.49604034423828,2460900,0.0,0.0
2023-02-27 00:00:00-05:00,71.63250354223801,72.34899601954451,70.39569175500381,70.48098754882812,3333000,0.0,0.0
2023-02-28 00:00:00-05:00,70.81365585493486,71.58986265764527,70.6089446188701,70.89042663574219,2387500,0.0,0.0
2023-03-01 00:00:00-05:00,70.17392239259988,70.89895295994181,69.68772917538195,70.40422821044922,3241000,0.0,0.0
2023-03-02 00:00:00-05:00,69.33803040457562,71.88841249896267,67.58091179536865,68.91154479980469,5525700,0.0,0.0
2023-03-03 00:00:00-05:00,69.58537995496305,71.15484356631491,69.44037643802018,71.01837158203125,3027800,0.0,0.0
2023-03-06 00:00:00-05:00,71.47896503510758,71.91397551475765,70.04597364251227,70.19950866699219,2503700,0.0,0.0
2023-03-07 00:00:00-05:00,70.7113062627794,71.29132687741182,69.99480714698495,70.1654052734375,1889400,0.0,0.0
2023-03-08 00:00:00-05:00,70.05450534130986,70.16539573534315,68.08414442911364,69.21859741210938,2018500,0.0,0.0
2023-03-09 00:00:00-05:00,69.40624807029373,69.58537118765231,67.29087726537233,67.38470458984375,2051400,0.0,0.0
2023-03-10 00:00:00-05:00,67.31646664481423,67.93060677763495,66.26731600762214,67.05204772949219,2172200,0.0,0.0
2023-03-13 00:00:00-04:00,65.51671422076313,66.08820985689566,64.54432759665909,64.62962341308594,3794700,0.0,0.0
2023-03-14 00:00:00-04:00,65.48258776729944,65.57641510788527,63.16251186710798,63.83635330200195,3326700,0.0,0.0
2023-03-15 00:00:00-04:00,62.68483846853168,64.45901975284211,62.44600762403844,64.44196319580078,3135300,0.0,0.0
2023-03-16 00:00:00-04:00,63.725477460114604,65.9773209035811,63.631650107665685,65.75554656982422,2949800,0.0,0.0
2023-03-17 00:00:00-04:00,65.7214215431092,65.91760123894328,64.36519419917298,65.44847106933594,7806000,0.0,0.0
2023-03-20 00:00:00-04:00,65.57640261181128,67.1544040349715,65.41434256066992,66.64261627197266,3113100,0.0,0.0
2023-03-21 00:00:00-04:00,67.47854062702741,67.79414225987685,65.9687782166143,66.33555603027344,3634100,0.0,0.0
2023-03-22 00:00:00-04:00,66.76715544152287,67.3195916351116,65.51554363101444,65.5500717163086,2522200,0.92,0.0
2023-03-23 00:00:00-04:00,65.6018636221368,66.17156717781852,63.82370995238941,64.38477325439453,2161000,0.0,0.0
2023-03-24 00:00:00-04:00,64.11718242678253,64.67825225846488,63.78054184488483,64.1517105102539,1604000,0.0,0.0
2023-03-27 00:00:00-04:00,64.49697691866476,64.74730055423205,63.39210472413173,63.74600601196289,2021900,0.0,0.0
2023-03-28 00:00:00-04:00,63.2281097535025,64.49698891419055,63.14179283204296,63.28853225708008,2022300,0.0,0.0
2023-03-29 00:00:00-04:00,63.68558989213747,64.64372278479765,62.79651316493495,64.61782836914062,2027000,0.0,0.0
2023-03-30 00:00:00-04:00,65.17025801271289,65.40331431590764,64.44518810450009,65.01488494873047,1588300,0.0,0.0
2023-03-31 00:00:00-04:00,65.46374593350777,67.6562298817419,65.36016826678656,67.561279296875,2621800,0.0,0.0
2023-04-03 00:00:00-04:00,67.52675787261633,68.29498963425078,66.93115994607956,67.76844787597656,2220800,0.0,0.0
2023-04-04 00:00:00-04:00,67.76844641773549,68.182770247278,67.00884175431003,67.19010925292969,2178300,0.0,0.0
2023-04-05 00:00:00-04:00,66.81030280022262,66.81030280022262,65.3946845359522,65.84353637695312,2529900,0.0,0.0
2023-04-06 00:00:00-04:00,65.6622648405531,65.6622648405531,64.6178152459664,64.8077163696289,1791300,0.0,0.0
2023-04-10 00:00:00-04:00,64.4624497367488,65.32563197393848,64.25528784377946,64.70413970947266,2074100,0.0,0.0
2023-04-11 00:00:00-04:00,64.91131364873941,65.46374985621777,64.39340552742333,64.95447540283203,2334800,0.0,0.0
2023-04-12 00:00:00-04:00,65.45510630406442,65.53278953921362,63.046827231077614,63.15903854370117,1945000,0.0,0.0
2023-04-13 00:00:00-04:00,63.21085484059307,63.60791798442063,62.63251758373419,63.176326751708984,1869000,0.0,0.0
2023-04-14 00:00:00-04:00,63.19356213399349,64.6350746920135,62.90871045422467,63.340301513671875,1737300,0.0,0.0
2023-04-17 00:00:00-04:00,63.4697931264489,63.651060618214125,62.70156141039511,63.27989196777344,1541500,0.0,0.0
2023-04-18 00:00:00-04:00,63.57336745316155,63.86684622673436,63.08998096498686,63.858219146728516,1965800,0.0,0.0
2023-04-19 00:00:00-04:00,63.184927910584854,63.426624433607635,62.597963811500435,62.76197052001953,2067800,0.0,0.0
2023-04-20 00:00:00-04:00,62.62387441572353,63.901380448508846,62.3994451884015,62.6497688293457,1906600,0.0,0.0
2023-04-21 00:00:00-04:00,63.27126449053379,63.3316869874108,62.53755427559519,62.805145263671875,1686500,0.0,0.0
2023-04-24 00:00:00-04:00,62.57207907461248,63.61652880043697,62.537550994557385,63.487056732177734,1844400,0.0,0.0
2023-04-25 00:00:00-04:00,63.14179115835472,63.461164417845346,61.58806027103158,61.60532760620117,2061300,0.0,0.0
2023-04-26 00:00:00-04:00,61.683007835930965,62.36492265942911,61.39815608961684,61.72616958618164,1868000,0.0,0.0
2023-04-27 00:00:00-04:00,61.84701111164402,63.52158024129972,61.76069420154764,63.469791412353516,1683000,0.0,0.0
2023-04-28 00:00:00-04:00,63.56473524290576,64.41928375761418,63.01229917425008,64.32433319091797,1645600,0.0,0.0
2023-05-01 00:00:00-04:00,64.43656184110245,64.72141358872177,63.392112018723395,63.57337951660156,1985100,0.0,0.0
2023-05-02 00:00:00-04:00,63.323064133276375,63.40074739157237,62.088712984396025,63.18495178222656,1430900,0.0,0.0
2023-05-03 00:00:00-04:00,63.35758601303665,64.15171219708364,62.70156558094802,62.822410583496094,1662700,0.0,0.0
2023-05-04 00:00:00-04:00,62.52028340240673,62.93461373214788,61.251404587923616,61.80384063720703,1658800,0.0,0.0
2023-05-05 00:00:00-04:00,62.68430902558919,63.866864713297026,62.52030226020406,63.504329681396484,1383900,0.0,0.0
2023-05-08 00:00:00-04:00,63.435257327505965,63.70284828470469,62.33901884336113,62.546180725097656,1645600,0.0,0.0
2023-05-09 00:00:00-04:00,62.08006767525407,62.95188361749102,61.605321375049975,62.7101936340332,1808700,0.0,0.0
2023-05-10 00:00:00-04:00,63.25399467418791,63.35757891572221,61.372257092441735,62.33902359008789,1401100,0.0,0.0
2023-05-11 00:00:00-04:00,62.18366005312613,62.520300657771074,61.700280022981396,61.82112503051758,2153200,0.0,0.0
2023-05-12 00:00:00-04:00,61.85565415537319,62.05418242013508,61.070155007634185,61.91607666015625,2147300,0.0,0.0
2023-05-15 00:00:00-04:00,61.285930881670495,62.753337860107415,60.87160056398033,62.75333786010742,2800900,0.0,0.0
2023-05-16 00:00:00-04:00,62.01101117419171,62.43397522849227,60.81118834460524,61.0615119934082,2480800,0.0,0.0
2023-05-17 00:00:00-04:00,61.251410195730635,63.96180186866099,61.251410195730635,63.82369613647461,2541300,0.0,0.0
2023-05-18 00:00:00-04:00,63.443892248800566,63.68558221320202,62.04553470190382,63.04682922363281,2048600,0.0,0.0
2023-05-19 00:00:00-04:00,62.63249633602177,62.641130001703765,60.75075893634517,60.8802375793457,3444900,0.0,0.0
2023-05-22 00:00:00-04:00,60.64718197111916,61.51036415340158,60.60402022778207,60.698970794677734,2941400,0.0,0.0
2023-05-23 00:00:00-04:00,60.82845786943753,61.75206266906118,59.922113818206455,59.98253631591797,2526200,0.0,0.0
2023-05-24 00:00:00-04:00,60.716234958343364,60.716234958343364,59.067560321871305,59.68905258178711,3316700,0.0,0.0
2023-05-25 00:00:00-04:00,61.69164041237492,62.14912598048639,59.818536390441494,61.52763366699219,6052700,0.0,0.0
2023-05-26 00:00:00-04:00,61.44995487657287,64.58330450116675,61.234159284603514,64.16034698486328,4690500,0.0,0.0
2023-05-30 00:00:00-04:00,65.10120743940585,65.59322108663541,62.58071670572314,63.357582092285156,3303000,0.0,0.0
2023-05-31 00:00:00-04:00,62.692930870052805,63.27126804183175,62.00238895063645,62.72745895385742,4305200,0.0,0.0
2023-06-01 00:00:00-04:00,62.44260070622929,63.1849379669124,60.759397955586145,62.925987243652344,2343900,0.0,0.0
2023-06-02 00:00:00-04:00,63.435270637772724,64.10855183385537,63.08999637205989,63.193580627441406,2522200,0.0,0.0
2023-06-05 00:00:00-04:00,63.12450166147548,63.55609269136934,62.710177960689,62.86555099487305,1760000,0.0,0.0
2023-06-06 00:00:00-04:00,62.64113374066155,64.61782182415367,62.50302800929305,64.17759704589844,2254100,0.0,0.0
2023-06-07 00:00:00-04:00,64.41929375303711,65.49827164603988,64.07402609572296,65.32563781738281,2016700,0.0,0.0
2023-06-08 00:00:00-04:00,64.59193762037218,65.25658514034859,63.88412834814483,65.04942321777344,2221200,0.0,0.0
2023-06-09 00:00:00-04:00,65.54143686405446,65.60185936583748,64.8508883417695,64.94583892822266,2595000,0.0,0.0
2023-06-12 00:00:00-04:00,65.5673183953332,66.2751275280693,65.11846655395122,65.9471206665039,2043900,0.0,0.0
2023-06-13 00:00:00-04:00,66.43914676269742,67.2505402818791,66.37009059392479,66.77578735351562,2690000,0.0,0.0
2023-06-14 00:00:00-04:00,66.89809596911547,67.50085567202049,66.13808649088853,66.95050811767578,2274400,0.92,0.0
2023-06-15 00:00:00-04:00,67.02911672303192,69.15189486673849,66.97669792238435,68.9946517944336,2585400,0.0,0.0
2023-06-16 00:00:00-04:00,69.20431229670777,70.6107624774677,68.46177810144916,69.7022476196289,6435100,0.0,0.0
2023-06-20 00:00:00-04:00,69.26546081442342,69.4925911911518,68.49672056256796,68.8548812866211,2156600,0.0,0.0
2023-06-21 00:00:00-04:00,69.003395977827,69.7721429968592,68.7675346564186,69.02960205078125,1672700,0.0,0.0
2023-06-22 00:00:00-04:00,69.16935559870446,69.17809317530215,68.5753270216061,69.05579376220703,1342300,0.0,0.0
2023-06-23 00:00:00-04:00,68.71509102778337,69.95556012129506,68.34818618006568,69.12566375732422,2807600,0.0,0.0
2023-06-26 00:00:00-04:00,69.00338622324125,71.27466997740761,68.79373100442477,71.10869598388672,2448700,0.0,0.0
2023-06-27 00:00:00-04:00,71.09122580154131,72.63745064364068,71.08249488772675,72.42779541015625,2568500,0.0,0.0
2023-06-28 00:00:00-04:00,71.9735271373715,72.11330172169265,71.4406481980804,71.87743377685547,2121700,0.0,0.0
2023-06-29 00:00:00-04:00,71.92110969095991,72.9344486932007,71.76386662761686,72.68984985351562,1719900,0.0,0.0
2023-06-30 00:00:00-04:00,72.8645691549751,72.8645691549751,71.49305612024637,71.58914947509766,2387000,0.0,0.0
2023-07-03 00:00:00-04:00,71.79880907720877,72.1395012646504,71.36202353794324,71.78133392333984,1360000,0.0,0.0
2023-07-05 00:00:00-04:00,71.57168825006622,71.76387497927587,70.65443582968167,70.80294799804688,2274100,0.0,0.0
2023-07-06 00:00:00-04:00,70.32247432853941,70.57581075012233,69.12567950895502,70.40109252929688,3145900,0.0,0.0
2023-07-07 00:00:00-04:00,70.13901863216431,70.55832899327194,69.1518857699395,69.27418518066406,2749400,0.0,0.0
2023-07-10 00:00:00-04:00,69.19556983129245,70.73305691787711,69.1868322536634,69.7808609008789,1578700,0.0,0.0
2023-07-11 00:00:00-04:00,70.25259081096905,71.60662876956408,70.25259081096905,71.42317962646484,1632900,0.0,0.0
2023-07-12 00:00:00-04:00,71.85121620055031,72.34041383768466,70.81166455682188,70.82913970947266,1602700,0.0,0.0
2023-07-13 00:00:00-04:00,71.04755311767485,71.65031276299192,70.54961775946342,71.02134704589844,1606400,0.0,0.0
2023-07-14 00:00:00-04:00,71.06501967758703,71.1960566977247,70.0167368461251,70.08662414550781,1342600,0.0,0.0
2023-07-17 00:00:00-04:00,70.11282484517814,71.95606057006253,69.91190054105071,71.86869812011719,1777100,0.0,0.0
2023-07-18 00:00:00-04:00,71.69399937845822,73.84298406822315,71.37951316387598,73.00435638427734,2662200,0.0,0.0
2023-07-19 00:00:00-04:00,72.94319412179709,73.71193436709908,72.36663393920618,73.5721664428711,2485600,0.0,0.0
2023-07-20 00:00:00-04:00,73.37997403524247,73.50227345878237,72.37536591489147,73.04801940917969,1516200,0.0,0.0
2023-07-21 00:00:00-04:00,73.50227876219988,73.6420533505128,72.26180928260928,72.2967529296875,1500100,0.0,0.0
2023-07-24 00:00:00-04:00,72.48893722245984,74.31469773346933,72.40157477528778,74.07009887695312,2618800,0.0,0.0
2023-07-25 00:00:00-04:00,73.81677260703292,74.50689471284156,73.55469855906816,74.20987701416016,1758100,0.0,0.0
2023-07-26 00:00:00-04:00,74.24481332440791,74.60298071022699,73.205268143851,73.5721664428711,1500400,0.0,0.0
2023-07-27 00:00:00-04:00,73.94780638887613,74.26229256671768,72.46273129022003,72.97814178466797,1685500,0.0,0.0
2023-07-28 00:00:00-04:00,73.71193373757232,73.81676467846243,72.19192175117111,72.41905212402344,1893900,0.0,0.0
2023-07-31 00:00:00-04:00,72.68112495946106,73.26642275920732,72.13951505273722,72.55009460449219,2348500,0.0,0.0
2023-08-01 00:00:00-04:00,72.5238737439394,72.81215382221471,72.02593845638157,72.30548095703125,1958200,0.0,0.0
2023-08-02 00:00:00-04:00,71.83375807759575,71.93858234935364,70.70685050246605,70.96891784667969,1757800,0.0,0.0
2023-08-03 00:00:00-04:00,71.02133653109473,71.33582267549131,70.47972002356308,71.03006744384766,1876900,0.0,0.0
2023-08-04 00:00:00-04:00,71.12616525050986,71.3183519801948,69.32661071767679,69.73719024658203,2054500,0.0,0.0
2023-08-07 00:00:00-04:00,70.02546324436335,70.27879300074413,69.42269704686062,69.94683837890625,1595300,0.0,0.0
2023-08-08 00:00:00-04:00,69.23051945611171,69.33535040225725,67.86775048031724,69.15190124511719,1972700,0.0,0.0
2023-08-09 00:00:00-04:00,69.07326225058426,69.71970295763249,68.7937197828214,69.05579376220703,1560900,0.0,0.0
2023-08-10 00:00:00-04:00,69.69350425551333,70.33121411815365,69.42269933573864,70.24385833740234,1980100,0.0,0.0
2023-08-11 00:00:00-04:00,69.93810400503793,70.39236473448425,69.08200801194278,69.26545715332031,1494200,0.0,0.0
2023-08-14 00:00:00-04:00,68.97717059883782,69.7109737602733,68.67142205858067,69.16935729980469,1259900,0.0,0.0
2023-08-15 00:00:00-04:00,68.65395565543164,68.8636175367467,67.62314806398552,68.55786895751953,2037800,0.0,0.0
2023-08-16 00:00:00-04:00,68.51418112408842,69.5013140603265,68.05118951094296,68.52291870117188,2104500,0.0,0.0
2023-08-17 00:00:00-04:00,68.6801822260857,69.36156681558907,67.71924840517529,67.89396667480469,1548700,0.0,0.0
2023-08-18 00:00:00-04:00,67.51830755173927,68.8898138396889,67.43968269118741,68.65394592285156,1645300,0.0,0.0
2023-08-21 00:00:00-04:00,68.68014869646142,69.44888871307063,68.54037414899578,68.90727233886719,1458300,0.0,0.0
2023-08-22 00:00:00-04:00,67.4746364221447,67.76291651257569,64.67047371978131,64.8451919555664,3612700,0.0,0.0
2023-08-23 00:00:00-04:00,64.5656599684705,65.56153074792277,64.41714777763826,65.25577545166016,2904800,0.0,0.0
2023-08-24 00:00:00-04:00,65.18586856307786,65.66632860050542,63.79688724692574,63.88424301147461,2068300,0.0,0.0
2023-08-25 00:00:00-04:00,64.09392190454874,64.63553178780676,63.2028755404478,63.482418060302734,2414300,0.0,0.0
2023-08-28 00:00:00-04:00,63.98034817545857,64.98495631546561,63.080570971173444,64.70541381835938,4469600,0.0,0.0
2023-08-29 00:00:00-04:00,66.32151067278043,68.93349283833938,65.194603249829,67.20381927490234,7571200,0.0,0.0
2023-08-30 00:00:00-04:00,67.21256227438562,67.62314175597068,65.54403828153032,66.33025360107422,3054900,0.0,0.0
2023-08-31 00:00:00-04:00,66.48749677736764,66.98543203645067,66.14680458245917,66.78450775146484,3089500,0.0,0.0
2023-09-01 00:00:00-04:00,66.99417640608208,67.16015039939207,65.2033528083465,65.75370025634766,2610000,0.0,0.0
2023-09-05 00:00:00-04:00,65.75369962569458,65.95462392912493,64.55691137749804,64.6005859375,2364700,0.0,0.0
2023-09-06 00:00:00-04:00,64.2162271118727,64.82772434625767,63.622198370690164,64.41714477539062,2452300,0.0,0.0
2023-09-07 00:00:00-04:00,64.0415031000126,64.14633404426547,63.43874349881192,63.482418060302734,2767900,0.0,0.0
2023-09-08 00:00:00-04:00,63.43874728012415,63.989094774411946,63.03690530043181,63.97162628173828,1631400,0.0,0.0
2023-09-11 00:00:00-04:00,64.44333831690048,64.62679411636385,63.351374421525996,63.464942932128906,2156400,0.0,0.0
2023-09-12 00:00:00-04:00,63.51735294552286,64.0502318418583,63.16792317770673,63.5785026550293,1411200,0.0,0.0
2023-09-13 00:00:00-04:00,64.1725282089716,64.18126578557654,62.722403739004235,63.13297653198242,1433400,0.0,0.0
2023-09-14 00:00:00-04:00,64.09392246862174,64.62680144316296,63.613455634258536,64.16380310058594,1992200,0.0,0.0
2023-09-15 00:00:00-04:00,63.94540636510871,64.19001188881204,63.21160978845586,63.237815856933594,2463100,0.0,0.0
2023-09-18 00:00:00-04:00,63.06970366535519,63.1847341027072,62.202587487076656,62.503421783447266,1788300,0.92,0.0
2023-09-19 00:00:00-04:00,62.370701258256425,63.45902831524146,62.07871699960345,63.211280822753906,2137300,0.0,0.0
2023-09-20 00:00:00-04:00,63.62714781888428,63.82180174797002,62.60075759887695,62.60075759887695,1911700,0.0,0.0
2023-09-21 00:00:00-04:00,61.9371320536165,62.91927854480136,61.9371320536165,62.335296630859375,2288600,0.0,0.0
2023-09-22 00:00:00-04:00,62.432636250792214,62.60960356196194,61.07886838575402,61.273529052734375,2318500,0.0,0.0
2023-09-25 00:00:00-04:00,61.05232563160596,61.91059853580049,61.05232563160596,61.7513313293457,1923600,0.0,0.0
2023-09-26 00:00:00-04:00,61.459341267624936,61.830962504843725,60.09672331387654,60.194053649902344,2185600,0.0,0.0
2023-09-27 00:00:00-04:00,60.34446061031429,60.795718751048405,59.9020525215272,60.4948844909668,1938900,0.0,0.0
2023-09-28 00:00:00-04:00,60.309074581331906,61.11425380165264,59.955146756203455,60.963836669921875,1364500,0.0,0.0
2023-09-29 00:00:00-04:00,61.362001237414155,61.75132252001102,60.90189979030022,61.46818161010742,1926100,0.0,0.0
2023-10-02 00:00:00-04:00,61.53897562677005,61.795566410151814,60.83111989501935,61.131954193115234,2143500,0.0,0.0
2023-10-03 00:00:00-04:00,61.02578423783459,61.23813826991694,59.27384490896958,59.82243347167969,1875000,0.0,0.0
2023-10-04 00:00:00-04:00,60.8045682120953,61.361999968329684,60.18519284344545,60.662994384765625,2334100,0.0,0.0
2023-10-05 00:00:00-04:00,60.12327082625095,60.46834867730319,59.57468898643114,59.84012985229492,1827600,0.0,0.0
2023-10-06 00:00:00-04:00,59.56583575946826,61.42394872399117,59.38887519165196,60.83997344970703,2256300,0.0,0.0
2023-10-09 00:00:00-04:00,60.52143548515226,62.423791855601,60.39756174480793,62.15834426879883,2052100,0.0,0.0
2023-10-10 00:00:00-04:00,62.485725780428815,63.3616919746061,62.2025848514719,62.27336502075195,2167400,0.0,0.0
2023-10-11 00:00:00-04:00,62.30875843059956,62.99007072044361,62.043317607135265,62.7777099609375,1659000,0.0,0.0
2023-10-12 00:00:00-04:00,62.74232330207918,62.85734698394497,61.83980694998311,62.27336502075195,1910900,0.0,0.0
2023-10-13 00:00:00-04:00,62.06987149615493,62.211438609119874,61.27353539006035,61.48588943481445,2047600,0.0,0.0
2023-10-16 00:00:00-04:00,61.87519341575333,62.848489827111116,61.66283943069253,62.60959243774414,1760400,0.0,0.0
2023-10-17 00:00:00-04:00,62.645006741042714,63.282068908230215,62.353015695281535,62.8485107421875,1650700,0.0,0.0
2023-10-18 00:00:00-04:00,62.459171554250645,62.866192941813964,61.78671611091081,62.11409378051758,1999800,0.0,0.0
2023-10-19 00:00:00-04:00,64.13147945021801,64.14032275154358,61.13194640098214,61.49472427368164,2803100,0.0,0.0
2023-10-20 00:00:00-04:00,61.43279248510943,61.494729352562345,60.53028288070813,60.76918029785156,1903900,0.0,0.0
2023-10-23 00:00:00-04:00,60.65415442508095,61.29121643132662,60.158652752740515,60.34446334838867,1893000,0.0,0.0
2023-10-24 00:00:00-04:00,60.742631356456776,61.22927619907572,59.82242173055544,60.15864944458008,1667300,0.0,0.0
2023-10-25 00:00:00-04:00,59.97284289059182,60.477187870837234,59.592371642293564,59.804725646972656,1833500,0.0,0.0
2023-10-26 00:00:00-04:00,59.468497607153225,59.8666689583351,58.4598076518051,58.495201110839844,2080500,0.0,0.0
2023-10-27 00:00:00-04:00,58.27399721609218,58.88452257255998,56.71671876731411,56.99101638793945,2223200,0.0,0.0
2023-10-30 00:00:00-04:00,57.10604542612119,57.548453580878295,56.69018068055147,57.06180191040039,1891200,0.0,0.0
2023-10-31 00:00:00-04:00,57.34494188786573,59.371172012397835,57.070650996759504,59.1234245300293,2982800,0.0,0.0
2023-11-01 00:00:00-04:00,58.990698948385734,59.01724235631919,57.52190745429793,58.37133026123047,1989800,0.0,0.0
2023-11-02 00:00:00-04:00,59.01724202003569,59.6100740464919,58.67216421764226,58.707557678222656,2195100,0.0,0.0
2023-11-03 00:00:00-04:00,59.49504242594689,60.11441784783836,59.36231863906928,59.4508056640625,2010000,0.0,0.0
2023-11-06 00:00:00-05:00,59.61891274642996,60.05247754211178,58.94645729914929,59.247291564941406,2560800,0.0,0.0
2023-11-07 00:00:00-05:00,58.981855895124305,59.12342298823778,57.7077183040409,58.01740264892578,2791200,0.0,0.0
2023-11-08 00:00:00-05:00,57.51305984964222,58.16782202545121,56.495519748333706,56.57515335083008,3205400,0.0,0.0
2023-11-09 00:00:00-05:00,56.76981224153533,56.84059240907669,55.46028125814511,55.637245178222656,2177100,0.0,0.0
2023-11-10 00:00:00-05:00,55.831908168736575,56.85829833520941,55.124055791260815,56.73442459106445,2574400,0.0,0.0
2023-11-13 00:00:00-05:00,56.28316410839952,56.76096570965222,56.088503446709986,56.486671447753906,2372200,0.0,0.0
2023-11-14 00:00:00-05:00,57.90237636843679,59.28268752983101,57.52190511874324,58.82258605957031,3889500,0.0,0.0
2023-11-15 00:00:00-05:00,60.18519401443625,61.26467084168704,59.751635973374,60.946136474609375,5425100,0.0,0.0
2023-11-16 00:00:00-05:00,60.388709679078524,60.81342445368432,58.3801797413405,59.061485290527344,4205400,0.0,0.0
2023-11-17 00:00:00-05:00,59.91090538181421,60.804571653226255,59.67200797293995,60.36216354370117,4313000,0.0,0.0
2023-11-20 00:00:00-05:00,60.35331563258778,60.50373277501601,59.77818371967791,60.264835357666016,5163100,0.0,0.0
2023-11-21 00:00:00-05:00,57.513058652575864,60.21175102805714,55.67263915554643,59.83127975463867,8199600,0.0,0.0
2023-11-22 00:00:00-05:00,60.15866018674634,60.99038969438035,59.61892168718973,60.194053649902344,3631000,0.0,0.0
2023-11-24 00:00:00-05:00,60.51258157582102,61.662845377844356,59.99054323915382,61.503578186035156,1701500,0.0,0.0
2023-11-27 00:00:00-05:00,61.11425591076401,61.52127056099406,60.27368320386028,61.370853424072266,3035000,0.0,0.0
2023-11-28 00:00:00-05:00,61.55667576902396,63.08741108869088,60.76033967066005,62.839656829833984,2951500,0.0,0.0
2023-11-29 00:00:00-05:00,62.87503627134383,63.39708133351404,62.43262817655393,62.627288818359375,2775400,0.0,0.0
2023-11-30 00:00:00-05:00,63.06085172730372,63.06085172730372,61.71593398562826,62.76886749267578,4275500,0.0,0.0
2023-12-01 00:00:00-05:00,62.79541382702719,65.03399798364512,62.62729657000268,64.96321105957031,3064900,0.0,0.0
2023-12-04 00:00:00-05:00,64.8304850882831,66.35237015174003,64.75970491719696,66.08692932128906,2916200,0.0,0.0
2023-12-05 00:00:00-05:00,65.12248202192131,65.83033780229744,65.03400173702755,65.47640991210938,2759400,0.0,0.0
2023-12-06 00:00:00-05:00,65.8303306790649,67.02483127241116,65.66221343052894,66.44084930419922,2595000,0.0,0.0
2023-12-07 00:00:00-05:00,66.34352891512344,67.02483449350069,65.79494038079767,65.9719009399414,2824600,0.0,0.0
2023-12-08 00:00:00-05:00,66.29928934324434,66.32583275363332,65.28174919111716,65.46755981445312,2834100,0.0,0.0
2023-12-11 00:00:00-05:00,67.19675471856549,67.6536945646218,66.3993537760871,66.42623138427734,3109400,0.92,0.0
2023-12-12 00:00:00-05:00,65.85281531539746,66.30975513155587,65.42275310567068,65.59298706054688,2411500,0.0,0.0
2023-12-13 00:00:00-05:00,65.19877030128117,65.40484336338108,63.32622395731163,64.84039306640625,4436000,0.0,0.0
2023-12-14 00:00:00-05:00,66.0409614767361,69.9294167524429,65.7721785927642,69.43663787841797,6269400,0.0,0.0
2023-12-15 00:00:00-05:00,69.92942679882565,70.26092642024307,68.5854916790707,69.27537536621094,6057100,0.0,0.0
2023-12-18 00:00:00-05:00,69.43664785400583,69.46352546270373,68.64820837790162,69.27537536621094,2397700,0.0,0.0
2023-12-19 00:00:00-05:00,69.43665164366945,69.74127367301442,68.6840512166234,69.38289642333984,2272900,0.0,0.0
2023-12-20 00:00:00-05:00,68.98865762010115,69.14096860027534,67.71640089934091,67.74327850341797,2447800,0.0,0.0
2023-12-21 00:00:00-05:00,68.30773479322885,68.32565775461764,67.5820120759427,67.93143463134766,1800200,0.0,0.0
2023-12-22 00:00:00-05:00,67.850793383487,68.6840332587799,67.68055944947473,68.21813201904297,2100000,0.0,0.0
2023-12-26 00:00:00-05:00,68.41525602528404,69.90254063334291,68.35253932799735,69.77710723876953,2505400,0.0,0.0
2023-12-27 00:00:00-05:00,69.70543282755143,69.88462143030941,69.15889870285045,69.8398208618164,1497100,0.0,0.0
2023-12-28 00:00:00-05:00,69.8846213049921,70.47595599712571,69.6964712217515,70.29676055908203,1470500,0.0,0.0
2023-12-29 00:00:00-05:00,70.28780141818281,70.73577977479484,69.8846236314749,70.13549041748047,1834700,0.0,0.0
2024-01-02 00:00:00-05:00,70.10861389823636,71.26439889651212,69.06034616803534,69.22161865234375,3204300,0.0,0.0
2024-01-03 00:00:00-05:00,68.88115050727677,68.95282868577061,67.22363193434913,67.58201599121094,2116800,0.0,0.0
2024-01-04 00:00:00-05:00,67.31322020036697,67.85975430003494,67.15194773102878,67.46553802490234,1890500,0.0,0.0
2024-01-05 00:00:00-05:00,67.44763539177072,68.9438817975946,67.22364616327222,67.94041442871094,3027200,0.0,0.0
2024-01-08 00:00:00-05:00,67.81495974244893,68.2181374930758,67.31321937973212,67.6805648803711,2346200,0.0,0.0
2024-01-09 00:00:00-05:00,67.00859673767394,67.59992455507302,66.39038447964197,67.34010314941406,2653000,0.0,0.0
2024-01-10 00:00:00-05:00,67.54617374812214,68.2091797792149,67.42970184021344,67.88663482666016,1757300,0.0,0.0
2024-01-11 00:00:00-05:00,68.09270352929754,68.09270352929754,66.00512295160375,66.88316345214844,2447600,0.0,0.0
2024-01-12 00:00:00-05:00,67.18779797773496,67.7612097782752,65.75426847638435,66.17536926269531,2383400,0.0,0.0
2024-01-16 00:00:00-05:00,65.61987123805697,65.84386042822636,63.720447280209335,64.38345336914062,2970800,0.0,0.0
2024-01-17 00:00:00-05:00,63.756272873910355,64.44615642591862,63.20973881874793,63.73834991455078,2364000,0.0,0.0
2024-01-18 00:00:00-05:00,63.99818663337081,64.59847597506176,63.03055176772722,63.55916976928711,2296500,0.0,0.0
2024-01-19 00:00:00-05:00,63.61293029785156,63.998191980122016,62.41235151416688,63.61293029785156,2219100,0.0,0.0
2024-01-22 00:00:00-05:00,63.84586977501204,66.06783833404107,63.44268520020629,65.8438491821289,3636600,0.0,0.0
2024-01-23 00:00:00-05:00,66.52478905877787,67.14300140712255,65.16293779884464,65.46755981445312,2492300,0.0,0.0
2024-01-24 00:00:00-05:00,66.04993836265919,66.9817342827656,65.27045346255655,65.70051574707031,1917900,0.0,0.0
2024-01-25 00:00:00-05:00,66.30079616146399,67.85975891399328,66.30079616146399,67.38490295410156,3480400,0.0,0.0
2024-01-26 00:00:00-05:00,67.64473518240952,68.36150332255889,66.82045660616306,67.03548431396484,1973100,0.0,0.0
2024-01-29 00:00:00-05:00,66.96380584899642,67.07132312024538,64.99270372535175,65.70946502685547,3007800,0.0,0.0
2024-01-30 00:00:00-05:00,65.10917036931593,66.15743804556587,64.15049699404678,65.69154357910156,2442100,0.0,0.0
2024-01-31 00:00:00-05:00,65.43170861377901,65.9424035961847,64.55367498432669,64.94789123535156,9978800,0.0,0.0
2024-02-01 00:00:00-05:00,65.27045269644877,67.42971190469513,64.86727486338098,67.41178894042969,2374500,0.0,0.0
2024-02-02 00:00:00-05:00,66.78461273015145,68.24501967922158,65.62882777567222,67.8149642944336,2399700,0.0,0.0
2024-02-05 00:00:00-05:00,66.84732904970555,66.92796187054765,65.81697749121186,66.48894500732422,1859600,0.0,0.0
2024-02-06 00:00:00-05:00,66.30079776313156,67.35802697385984,65.90657461606453,67.05339813232422,1683700,0.0,0.0
2024-02-07 00:00:00-05:00,67.45658183280507,67.74328770792654,66.49790842202947,67.62681579589844,2014500,0.0,0.0
2024-02-08 00:00:00-05:00,67.69848940374726,68.03895734132898,67.23259490443475,67.63577270507812,1877500,0.0,0.0
2024-02-09 00:00:00-05:00,67.64473491536972,67.8060074044863,66.98172883149384,67.73432922363281,1532900,0.0,0.0
2024-02-12 00:00:00-05:00,67.90455470870155,69.12305628851306,66.90108080897245,68.02102661132812,2578000,0.0,0.0
2024-02-13 00:00:00-05:00,66.35455282791729,66.90108697670134,64.89414582782642,65.31524658203125,2719700,0.0,0.0
2024-02-14 00:00:00-05:00,65.44068095319618,66.87421036664256,65.14501358915827,66.83837127685547,2427100,0.0,0.0
2024-02-15 00:00:00-05:00,67.00859683285388,67.94039254352758,66.7398071109956,66.88316345214844,1873700,0.0,0.0
2024-02-16 00:00:00-05:00,66.56959170901801,67.1250805396713,65.89762412178946,66.07681274414062,1919800,0.0,0.0
2024-02-20 00:00:00-05:00,65.60195004120612,65.96928873018237,64.90310491557716,65.64674377441406,3180300,0.0,0.0
2024-02-21 00:00:00-05:00,65.4048360189755,67.03547686273664,65.29731875922174,66.40830993652344,1821400,0.0,0.0
2024-02-22 00:00:00-05:00,66.78461360237458,67.734325522158,66.65021872952043,67.38490295410156,1791200,0.0,0.0
2024-02-23 00:00:00-05:00,67.60889031902742,68.95282534034932,67.43865636226575,68.34357452392578,1895900,0.0,0.0
2024-02-26 00:00:00-05:00,68.15542666731113,69.14993916242074,67.8955984010962,68.49588775634766,2426500,0.0,0.0
2024-02-27 00:00:00-05:00,68.6750832098953,70.98665316295711,68.5586044627706,70.83433532714844,3756600,0.0,0.0
2024-02-28 00:00:00-05:00,71.15687327788703,71.95427412460946,70.82537370253898,71.38982391357422,4756200,0.0,0.0
2024-02-29 00:00:00-05:00,74.37337337352487,77.15083799272571,71.84677555616561,72.46498107910156,9020700,0.0,0.0
2024-03-01 00:00:00-05:00,72.85024304888472,73.27134382602866,69.45456605783946,69.81295013427734,4911800,0.0,0.0
2024-03-04 00:00:00-05:00,70.32364459613291,71.06729035189578,69.34705500302388,69.47248840332031,4453100,0.0,0.0
2024-03-05 00:00:00-05:00,68.06583098772629,68.54964842169896,67.2863462048358,68.05686950683594,5229000,0.0,0.0
2024-03-06 00:00:00-05:00,67.94039478702562,70.77161426221966,67.1250709499104,70.07276916503906,4223500,0.0,0.0
2024-03-07 00:00:00-05:00,70.243000548247,71.32710724084617,69.9742108273419,71.24646759033203,2773100,0.0,0.0
2024-03-08 00:00:00-05:00,71.57798274732156,72.02596111316315,70.14445334374993,70.40428161621094,3295900,0.0,0.0
2024-03-11 00:00:00-04:00,70.43115128520714,70.43115128520714,68.31669308993568,68.45108795166016,2456000,0.0,0.0
2024-03-12 00:00:00-04:00,68.42420937762341,70.76265669745689,68.40628641732373,69.29328155517578,2825100,0.0,0.0
2024-03-13 00:00:00-04:00,69.6337547648267,71.03144500829919,69.32912593691701,69.45455932617188,2517500,0.0,0.0
2024-03-14 00:00:00-04:00,69.74126368497936,70.07277011262012,68.64820229304271,69.40080261230469,2685600,0.0,0.0
2024-03-15 00:00:00-04:00,68.89906741653914,70.05485230968254,68.71091734122835,69.90253448486328,8646700,0.0,0.0
2024-03-18 00:00:00-04:00,69.58000349870687,69.97421981489957,68.47797370417807,69.10514068603516,3451800,0.0,0.0
2024-03-19 00:00:00-04:00,68.66611600763005,70.85225238595487,68.44212684872322,70.09069061279297,3597200,0.0,0.0
2024-03-20 00:00:00-04:00,72.10391023675568,72.26714411297601,70.74363024116693,71.26959991455078,4083600,0.94,0.0
2024-03-21 00:00:00-04:00,71.25146274022622,73.21026916821805,71.25146274022622,72.94728088378906,4898100,0.0,0.0
2024-03-22 00:00:00-04:00,75.26883785808916,75.5953056601297,73.40978548084402,74.05365753173828,4949800,0.0,0.0
2024-03-25 00:00:00-04:00,73.83601235142508,74.70659090525162,73.06518823885669,73.20121765136719,2813700,0.0,0.0
2024-03-26 00:00:00-04:00,73.11052665094215,74.17154351273898,72.55734550034873,72.6026840209961,2106700,0.0,0.0
2024-03-27 00:00:00-04:00,72.86566623484524,74.98770669914381,72.86566623484524,74.24408721923828,3906800,0.0,0.0
2024-03-28 00:00:00-04:00,74.42545801056049,75.23255698034252,74.06271526803386,74.3891830444336,2571300,0.0,0.0
2024-04-01 00:00:00-04:00,74.45266658675587,75.18722258329274,74.00831033514211,74.03551483154297,1888100,0.0,0.0
2024-04-02 00:00:00-04:00,73.60022823825508,73.84507562189964,72.47572499533355,72.70243835449219,2020100,0.0,0.0
2024-04-03 00:00:00-04:00,72.66615824600744,73.00169648457191,71.74117085032525,71.92253875732422,2063000,0.0,0.0
2024-04-04 00:00:00-04:00,72.84752737928353,73.31908805187736,71.07009573836584,71.64141082763672,2252700,0.0,0.0
2024-04-05 00:00:00-04:00,71.5325969103629,72.41224585482468,71.46005389335266,72.1946029663086,1680100,0.0,0.0
2024-04-08 00:00:00-04:00,72.52105328752599,73.8269241415126,72.3668899002473,72.67521667480469,2444300,0.0,0.0
2024-04-09 00:00:00-04:00,73.1921270369199,75.55901463952479,73.15585207565016,74.8607406616211,3370800,0.0,0.0
2024-04-10 00:00:00-04:00,73.38257473133396,74.40732349104888,72.33062839563303,72.44851684570312,4456700,0.0,0.0
2024-04-11 00:00:00-04:00,72.88381030705744,73.31002559365486,71.66862315233922,72.55734252929688,2461500,0.0,0.0
2024-04-12 00:00:00-04:00,71.6414191417205,71.77744853649757,69.83678279932252,70.73456573486328,2710600,0.0,0.0
2024-04-15 00:00:00-04:00,71.50538796988113,72.1673939846813,68.96620264503056,69.18384552001953,3084700,0.0,0.0
2024-04-16 00:00:00-04:00,68.91178661129155,69.3017338425862,68.16816711425781,68.16816711425781,3936700,0.0,0.0
2024-04-17 00:00:00-04:00,68.6941400337623,69.54658438151199,68.32232684591679,69.12943267822266,2307500,0.0,0.0
2024-04-18 00:00:00-04:00,69.55564722077811,70.11789877270809,68.58531444032499,68.92085266113281,1659900,0.0,0.0
2024-04-19 00:00:00-04:00,68.83924950176582,69.68261657796681,68.83924950176582,69.05689239501953,1368400,0.0,0.0
2024-04-22 00:00:00-04:00,69.4468306731994,69.64633951567467,67.5877785523984,68.1228256225586,2504800,0.0,0.0
2024-04-23 00:00:00-04:00,68.1318911922586,68.92085611484679,67.41547619976312,68.05027770996094,2412100,0.0,0.0
2024-04-24 00:00:00-04:00,67.651248958488,67.93237816197309,66.68998675743458,67.49708557128906,3495000,0.0,0.0
2024-04-25 00:00:00-04:00,66.67186972778758,68.27700438039196,66.27285887187354,68.23165893554688,1857700,0.0,0.0
2024-04-26 00:00:00-04:00,68.19536388766925,69.05687865490357,68.02306646921554,68.05934143066406,2125300,0.0,0.0
2024-04-29 00:00:00-04:00,68.304200390568,68.74855663610002,67.73288521774113,68.01400756835938,1856000,0.0,0.0
2024-04-30 00:00:00-04:00,67.6240593837899,68.1500360289081,66.56304254083054,66.78068542480469,3431100,0.0,0.0
2024-05-01 00:00:00-04:00,66.73533725950288,66.8804371220521,64.99418042136591,65.32064819335938,2466100,0.0,0.0
2024-05-02 00:00:00-04:00,66.27283700207653,66.40886637297908,65.048586501436,65.69245147705078,1894100,0.0,0.0
2024-05-03 00:00:00-04:00,66.3816633275031,67.72380934744088,66.30912031679081,67.53337097167969,2058400,0.0,0.0
2024-05-06 00:00:00-04:00,67.85984164830755,68.18630942612354,67.30666052027169,67.46989440917969,2066100,0.0,0.0
2024-05-07 00:00:00-04:00,67.53336617761181,68.40394451303743,66.10960677716444,66.25469970703125,2615100,0.0,0.0
2024-05-08 00:00:00-04:00,65.5292331749862,66.98926780394589,65.12114496538203,66.40888214111328,1699700,0.0,0.0
2024-05-09 00:00:00-04:00,66.25470640816434,67.28851871846545,66.25470640816434,67.25225067138672,1283900,0.0,0.0
2024-05-10 00:00:00-04:00,67.46081559320889,67.51522457653385,66.85322555027501,67.26130676269531,1415100,0.0,0.0
2024-05-13 00:00:00-04:00,67.7238093363854,68.72134665062305,67.49709599593403,67.741943359375,2108500,0.0,0.0
2024-05-14 00:00:00-04:00,68.46741253106785,69.36519520846632,67.3701210545274,67.42453002929688,2443700,0.0,0.0
2024-05-15 00:00:00-04:00,68.07748055197696,68.44929374562234,66.42700773550321,66.50862121582031,2412300,0.0,0.0
2024-05-16 00:00:00-04:00,66.47235858240317,67.72381381368275,66.32725871392539,66.78068542480469,2208800,0.0,0.0
2024-05-17 00:00:00-04:00,66.47236167336186,66.76255450506885,65.78315110352918,66.5177001953125,1603800,0.0,0.0
2024-05-20 00:00:00-04:00,66.57210890062166,67.41547588877569,66.35445911134761,67.0255355834961,2399800,0.0,0.0
2024-05-21 00:00:00-04:00,66.93484376293779,67.02553463322056,65.66525460388304,65.90103149414062,2452600,0.0,0.0
2024-05-22 00:00:00-04:00,65.06672940355666,66.03706223428858,63.74272431144763,63.933162689208984,4399400,0.0,0.0
2024-05-23 00:00:00-04:00,64.05104889639917,64.06011936704449,62.83586874211883,63.144195556640625,2247500,0.0,0.0
2024-05-24 00:00:00-04:00,63.49786565504753,64.88535702962858,63.49786565504753,64.84001159667969,2983400,0.0,0.0
2024-05-28 00:00:00-04:00,65.17555288397378,66.58117142800478,65.02138255592537,65.7922134399414,3370900,0.0,0.0
2024-05-29 00:00:00-04:00,65.29344274245636,65.76500345134978,64.26870092349554,65.2027587890625,5764400,0.0,0.0
2024-05-30 00:00:00-04:00,70.68921788075933,74.20781340708959,70.19045267528186,73.95389556884766,13932500,0.0,0.0
2024-05-31 00:00:00-04:00,73.63649214724448,76.9283743651473,71.64141746631243,76.91930389404297,9814600,0.0,0.0
2024-06-03 00:00:00-04:00,77.72639479956655,79.54917185308918,77.16414326797856,78.84182739257812,9941100,0.0,0.0
2024-06-04 00:00:00-04:00,78.8418279485491,79.85749921439732,78.07099711019293,79.66706085205078,4427700,0.0,0.0
2024-06-05 00:00:00-04:00,79.80309608953652,80.67367448935515,78.5153659722262,80.6555404663086,3443200,0.0,0.0
2024-06-06 00:00:00-04:00,80.18396565391721,80.66459678709771,79.72147546089906,79.94818878173828,2883800,0.0,0.0
2024-06-07 00:00:00-04:00,79.61266421705128,80.70995604767504,79.39502132900212,79.73055267333984,2380500,0.0,0.0
2024-06-10 00:00:00-04:00,79.6398547463727,79.71240466924654,78.41560420252802,79.03226470947266,3247300,0.0,0.0
2024-06-11 00:00:00-04:00,78.69673130681349,79.1320239518738,77.88963239213707,78.9959945678711,2331900,0.0,0.0
2024-06-12 00:00:00-04:00,79.75774375765324,80.61018806071978,77.74453527393467,78.333984375,2674100,0.0,0.0
2024-06-13 00:00:00-04:00,78.33398531178834,79.86656959786582,77.60850682536221,79.55824279785156,2944000,0.0,0.0
2024-06-14 00:00:00-04:00,78.89623157246626,79.52196251962435,78.33398007511107,79.086669921875,2857500,0.0,0.0
2024-06-17 00:00:00-04:00,81.78909722620749,83.29447003072691,79.8665658361826,82.75942993164062,5237700,0.0,0.0
2024-06-18 00:00:00-04:00,82.75036767848428,84.9902965462047,82.36042046363326,84.90867614746094,5575900,0.0,0.0
2024-06-20 00:00:00-04:00,84.55142395506073,84.94532576331241,83.76362033855737,84.61554718017578,3586600,0.94,0.0
2024-06-21 00:00:00-04:00,84.5697350234999,84.75294222642734,82.61855105558618,82.81092071533203,7164700,0.0,0.0
2024-06-24 00:00:00-04:00,83.14070131263588,83.36055135932698,81.80326912949575,81.83074951171875,2308900,0.0,0.0
2024-06-25 00:00:00-04:00,81.61088563472023,81.71165168702876,78.79861260416936,79.25663757324219,3867900,0.0,0.0
2024-06-26 00:00:00-04:00,79.00016145665582,79.12840791607168,76.87492542916858,77.18638610839844,3970100,0.0,0.0
2024-06-27 00:00:00-04:00,76.91155446028141,77.40622228157804,76.23367944098156,77.2413330078125,2392800,0.0,0.0
2024-06-28 00:00:00-04:00,77.03980781214402,78.03830600093963,76.78331491635278,77.21385955810547,3627900,0.0,0.0
2024-07-01 00:00:00-04:00,77.2413323139233,77.5436304779289,75.25350557892867,75.38175201416016,2571900,0.0,0.0
2024-07-02 00:00:00-04:00,74.70387359222283,75.30846290374016,73.76949876227846,75.27182006835938,3112400,0.0,0.0
2024-07-03 00:00:00-04:00,75.94055188365148,76.71003058456257,75.3084751015407,75.41840362548828,1471300,0.0,0.0
2024-07-05 00:00:00-04:00,75.39092601803435,75.83062615220217,74.77716713952584,75.52832794189453,3627800,0.0,0.0
2024-07-08 00:00:00-04:00,76.0504740702899,79.17420817738468,76.0504740702899,78.3314437866211,4763100,0.0,0.0
2024-07-09 00:00:00-04:00,78.6337359650988,79.52230566603812,78.29480190644885,79.16504669189453,3598700,0.0,0.0
2024-07-10 00:00:00-04:00,80.15437509712834,80.50247158154367,77.95585369668287,78.38639831542969,3623300,0.0,0.0
2024-07-11 00:00:00-04:00,79.11008297803774,80.60324204543603,78.39556505635134,78.78946685791016,2738400,0.0,0.0
2024-07-12 00:00:00-04:00,79.16504257041076,79.98032654474527,78.6978620832576,79.02763366699219,2423700,0.0,0.0
2024-07-15 00:00:00-04:00,78.58792858714257,79.17420001496352,78.04745546495678,78.32227325439453,2442100,0.0,0.0
2024-07-16 00:00:00-04:00,78.88106520373753,80.46582777276475,78.40471529511515,79.92536163330078,2590100,0.0,0.0
2024-07-17 00:00:00-04:00,79.0734475460321,82.19718186786795,78.89939578355212,81.67503356933594,3977400,0.0,0.0
2024-07-18 00:00:00-04:00,81.29028149720048,82.96665480763487,80.4933224068258,80.70401000976562,3610400,0.0,0.0
2024-07-19 00:00:00-04:00,80.84141696114321,81.54677242494846,80.35591155257625,81.16203308105469,3024000,0.0,0.0
2024-07-22 00:00:00-04:00,81.8399025094356,81.8399025094356,79.50397923520093,81.49180603027344,3756900,0.0,0.0
2024-07-23 00:00:00-04:00,81.03378059302251,81.96815548872668,80.6490412778063,81.4826431274414,2589700,0.0,0.0
2024-07-24 00:00:00-04:00,81.48264161526906,81.56508974637485,79.65970414127415,80.36506652832031,2586500,0.0,0.0
2024-07-25 00:00:00-04:00,80.09024581592367,81.06125650717064,79.80627257351891,80.01696014404297,1823900,0.0,0.0
2024-07-26 00:00:00-04:00,80.7039975928852,81.25362615417771,79.49481196247913,80.01696014404297,1734700,0.0,0.0
2024-07-29 00:00:00-04:00,80.08109508289192,80.37423082442088,77.65356101049812,78.30396270751953,2973600,0.0,0.0
2024-07-30 00:00:00-04:00,78.30396647547846,78.88107552875371,77.38791636550702,78.18487548828125,2326300,0.0,0.0
2024-07-31 00:00:00-04:00,78.23066611541915,79.98948031932126,77.71767339760126,79.25663757324219,5801700,0.0,0.0
2024-08-01 00:00:00-04:00,79.45817770889452,80.06277408385378,77.25050076905946,78.4780044555664,2521100,0.0,0.0
2024-08-02 00:00:00-04:00,76.94820626784954,77.09477763446388,75.01534005129454,75.44588470458984,2875200,0.0,0.0
2024-08-05 00:00:00-04:00,72.8259779684244,74.02600128088778,71.95573322851553,73.49469757080078,3048400,0.0,0.0
2024-08-06 00:00:00-04:00,73.82447020035441,75.52832385305622,73.11911473672967,75.11610412597656,2871800,0.0,0.0
2024-08-07 00:00:00-04:00,75.96802650122848,76.67338192352521,73.85195324543143,73.92523193359375,2055700,0.0,0.0
2024-08-08 00:00:00-04:00,74.26418423924105,75.7298630589268,74.13593777932529,75.62909698486328,1688400,0.0,0.0
2024-08-09 00:00:00-04:00,75.55580424215289,76.7558274607078,75.05197396548127,76.70086669921875,1679500,0.0,0.0
2024-08-12 00:00:00-04:00,75.84894833239517,76.2611680669237,74.25501618402815,74.38326263427734,2493200,0.0,0.0
2024-08-13 00:00:00-04:00,74.91457176690281,76.80163262831705,74.88709138370275,76.160400390625,2111400,0.0,0.0
2024-08-14 00:00:00-04:00,76.83827735788887,77.09477724817874,75.61077361872775,75.94971466064453,1403500,0.0,0.0
2024-08-15 00:00:00-04:00,78.64288886128045,79.10091384822898,76.81078891348636,77.00315856933594,2300700,0.0,0.0
2024-08-16 00:00:00-04:00,76.9756866931007,78.18487251268698,76.78331701599691,78.0841064453125,1919700,0.0,0.0
2024-08-19 00:00:00-04:00,77.88256925093921,78.67953528051513,77.22301911039122,77.90089416503906,1464100,0.0,0.0
2024-08-20 00:00:00-04:00,77.53447214158244,78.07494528069837,77.13140790148967,77.6260757446289,1193600,0.0,0.0
2024-08-21 00:00:00-04:00,78.78029368785943,79.7604668297684,78.45051515516984,79.73298645019531,1902200,0.0,0.0
2024-08-22 00:00:00-04:00,79.13757158337438,79.46735019517014,78.1390802785374,78.55130004882812,2184200,0.0,0.0
2024-08-23 00:00:00-04:00,79.0459482298616,80.85056768579258,78.87189650906431,80.74980163574219,2067200,0.0,0.0
2024-08-26 00:00:00-04:00,81.00629882328516,82.14219882493732,80.4200274037933,81.42768096923828,3658600,0.0,0.0
2024-08-27 00:00:00-04:00,80.67652739386716,81.9589988579912,80.35591127506295,81.41852569580078,2838900,0.0,0.0
2024-08-28 00:00:00-04:00,80.22765902914429,81.40020188683053,79.98948407714343,80.42002868652344,4293700,0.0,0.0
2024-08-29 00:00:00-04:00,94.03254228087972,95.00355313099615,89.45229187254567,91.7698974609375,12091200,0.0,0.0
2024-08-30 00:00:00-04:00,92.31036196860654,93.52871023231084,90.56070997880823,91.97142791748047,5553100,0.0,0.0
2024-09-03 00:00:00-04:00,91.60500568085278,94.13330579453836,91.33018786824731,92.46609497070312,3501200,0.0,0.0
2024-09-04 00:00:00-04:00,92.20043612673068,92.54853261913945,90.7439129572876,91.568359375,3301800,0.0,0.0
2024-09-05 00:00:00-04:00,91.80652764635258,92.53020794977111,90.6065044412556,91.06452941894531,1965400,0.0,0.0
2024-09-06 00:00:00-04:00,90.96376163016905,91.99889554400268,89.79121183896103,90.23091888427734,2463200,0.0,0.0
2024-09-09 00:00:00-04:00,90.48741577200592,90.85383716124394,89.1225032607236,89.85533905029297,3263700,0.0,0.0
2024-09-10 00:00:00-04:00,89.51640545918181,89.58052867843712,87.40948770266742,88.27973937988281,3651700,0.0,0.0
2024-09-11 00:00:00-04:00,88.00493100547217,89.51641503696136,86.86903086188292,89.40648651123047,3063200,0.0,0.0
2024-09-12 00:00:00-04:00,89.17747808909853,90.15765144129324,88.38967442409256,89.54389953613281,1957100,0.0,0.0
2024-09-13 00:00:00-04:00,90.24008738131688,91.11033208502529,89.74541954306234,90.18511962890625,1942900,0.0,0.0
2024-09-16 00:00:00-04:00,90.45993919189584,90.81719813946519,88.9392928087795,90.49658203125,2617800,0.0,0.0
2024-09-17 00:00:00-04:00,91.02788080277922,91.86148257501847,90.69810228066747,91.12864685058594,2128100,0.0,0.0
2024-09-18 00:00:00-04:00,91.14697643173979,91.93478000322719,90.51489968536092,90.7530746459961,2319200,0.0,0.0
2024-09-19 00:00:00-04:00,91.98309836278021,93.35184253743525,90.88255429855944,91.05827331542969,2897300,0.94,0.0
2024-09-20 00:00:00-04:00,90.97502836870439,91.09525306614614,89.4953028772614,89.98546600341797,3241800,0.0,0.0
2024-09-23 00:00:00-04:00,90.51262241772861,90.84555997163136,89.43057183961736,90.50337219238281,2079100,0.0,0.0
2024-09-24 00:00:00-04:00,90.83631557190122,91.55767796633555,90.49412777070711,91.5391845703125,2047000,0.0,0.0
2024-09-25 00:00:00-04:00,91.37270908346736,91.38195225287367,90.23517127543808,90.48487091064453,2147000,0.0,0.0
2024-09-26 00:00:00-04:00,91.15074041790794,92.64895930475613,90.85479673041554,92.48249053955078,2839700,0.0,0.0
2024-09-27 00:00:00-04:00,93.78650908837632,94.94254036859482,93.23160842918746,94.5726089477539,4033300,0.0,0.0
2024-09-30 00:00:00-04:00,94.85004068387342,95.70088496506676,94.55409699437045,95.53441619873047,2807000,0.0,0.0
2024-10-01 00:00:00-04:00,94.90554211445897,95.34945415417324,92.7599484402276,93.73101043701172,2375700,0.0,0.0
2024-10-02 00:00:00-04:00,93.05588852048479,93.79574424308726,91.85361326945599,92.21429443359375,1782500,0.0,0.0
2024-10-03 00:00:00-04:00,91.47444600434764,91.79813334978506,89.33809541275076,90.8085708618164,3608300,0.0,0.0
2024-10-04 00:00:00-04:00,91.75188713240172,93.44431857081,91.24323761741638,92.12181854248047,2170900,0.0,0.0
2024-10-07 00:00:00-04:00,92.3067769521122,92.56572681184191,89.5692959186268,90.46637725830078,3012400,0.0,0.0
2024-10-08 00:00:00-04:00,90.37389788654112,91.3819537247185,90.2536661237773,90.93804168701172,1988600,0.0,0.0
2024-10-09 00:00:00-04:00,90.81780621415948,91.2987191338593,90.23516904252573,91.2247314453125,1689900,0.0,0.0
2024-10-10 00:00:00-04:00,90.53112212929628,90.93804740264908,89.45832875753217,90.18893432617188,1981100,0.0,0.0
2024-10-11 00:00:00-04:00,90.23516916016233,91.36345671648166,89.75426329568991,90.11494445800781,2137700,0.0,0.0
2024-10-14 00:00:00-04:00,89.35659391003549,89.7542689416908,88.27454329916092,89.62479400634766,2321500,0.0,0.0
2024-10-15 00:00:00-04:00,89.8467436784624,91.90909932837864,89.82824322851857,90.23516845703125,2369600,0.0,0.0
2024-10-16 00:00:00-04:00,90.85479354800621,92.2975251478688,90.5033626363731,91.26171875,2454400,0.0,0.0
2024-10-17 00:00:00-04:00,91.55768545023413,91.55768545023413,88.8664410062499,89.04216003417969,2392900,0.0,0.0
2024-10-18 00:00:00-04:00,89.25486173651089,89.49531115363077,88.75545539534278,88.91267395019531,1864600,0.0,0.0
2024-10-21 00:00:00-04:00,88.74620180122231,89.06988912417788,85.95323354276438,86.16593933105469,2323400,0.0,0.0
2024-10-22 00:00:00-04:00,85.82375854632025,86.8133209647828,84.95442083175998,86.72083282470703,2032500,0.0,0.0
2024-10-23 00:00:00-04:00,86.29541124673547,86.89654885743472,85.63878639856848,86.33240509033203,1500800,0.0,0.0
2024-10-24 00:00:00-04:00,86.5543771784341,87.14627173010278,86.00873375967262,87.04454040527344,1324500,0.0,0.0
2024-10-25 00:00:00-04:00,87.04451861480858,87.39594952251663,85.23186273067364,85.7127685546875,2022900,0.0,0.0
2024-10-28 00:00:00-04:00,86.23992761993314,86.90580272084145,84.6307341633077,84.65847778320312,2197800,0.0,0.0
2024-10-29 00:00:00-04:00,83.8538794873202,84.33479242959889,82.50363585929178,83.20650482177734,3408000,0.0,0.0
2024-10-30 00:00:00-04:00,83.21575879518784,84.45502094100047,82.83657714839578,83.61343383789062,2201300,0.0,0.0
2024-10-31 00:00:00-04:00,83.1880159615088,83.90013524868085,82.58688528368633,83.6319351196289,2670400,0.0,0.0
2024-11-01 00:00:00-04:00,83.72440158390472,84.67697015334674,83.43770810731463,84.06658935546875,1975500,0.0,0.0
2024-11-04 00:00:00-05:00,84.44577444400036,87.10002492118393,84.37179380123573,85.8422622680664,2585200,0.0,0.0
2024-11-05 00:00:00-05:00,84.86195020948882,85.86075592041016,84.23306888105782,85.86075592041016,2260400,0.0,0.0
2024-11-06 00:00:00-05:00,82.18920329703933,83.23425304516525,79.35923389552228,82.67935943603516,4943200,0.0,0.0
2024-11-07 00:00:00-05:00,83.20650072024634,84.65847558926654,82.99378788013637,83.33597564697266,2453100,0.0,0.0
2024-11-08 00:00:00-05:00,83.95560991630575,84.02034738217871,81.68979155489737,82.494384765625,2631700,0.0,0.0
2024-11-11 00:00:00-05:00,82.45740437365029,83.2897412692102,81.56032295133937,82.57762908935547,2608800,0.0,0.0
2024-11-12 00:00:00-05:00,82.93830644494126,84.38103118989805,82.39265602482632,83.4192123413086,2773600,0.0,0.0
2024-11-13 00:00:00-05:00,83.92787401909284,84.81570522812937,83.41921741481684,83.88162994384766,2451800,0.0,0.0
2024-11-14 00:00:00-05:00,84.03885540343009,85.73127989395557,83.69666759250204,84.69548034667969,2669700,0.0,0.0
2024-11-15 00:00:00-05:00,84.87118184178777,85.98097600594915,84.84343822245825,85.69428253173828,3766400,0.0,0.0
2024-11-18 00:00:00-05:00,85.94398790186996,85.94398790186996,82.21694426477711,82.3094253540039,3501100,0.0,0.0
2024-11-19 00:00:00-05:00,81.14414663886967,81.30137225735402,79.62743414512295,80.478271484375,2879900,0.0,0.0
2024-11-20 00:00:00-05:00,79.49795668595975,80.8851941952547,78.89681902076097,80.24706268310547,4051500,0.0,0.0
2024-11-21 00:00:00-05:00,80.27480713335962,81.27361270012578,79.6366756707097,80.00660705566406,3295300,0.0,0.0
2024-11-22 00:00:00-05:00,80.79270406177967,83.43770384788617,80.4597665323499,82.80882263183594,4553100,0.0,0.0
2024-11-25 00:00:00-05:00,85.89774334487417,88.31153715611045,85.05615626504556,86.03646850585938,8716800,0.0,0.0
2024-11-26 00:00:00-05:00,80.05285977296435,82.21695421317568,77.50959070428591,81.82852935791016,10598100,0.0,0.0
2024-11-27 00:00:00-05:00,81.82851725291944,83.12326657893736,80.51526042018683,81.54181671142578,4011800,0.0,0.0
2024-11-29 00:00:00-05:00,82.56837020895392,84.2238077121845,82.35566442224274,83.23424530029297,2411700,0.0,0.0
2024-12-02 00:00:00-05:00,83.43771256061912,84.82495005948327,81.94874374736989,84.0943374633789,4253200,0.0,0.0
2024-12-03 00:00:00-05:00,84.10359133184677,84.10359133184677,82.05972884169563,82.28168487548828,3994100,0.0,0.0
2024-12-04 00:00:00-05:00,81.8562589822843,84.27005268636789,81.22737772880937,83.68740844726562,3654500,0.0,0.0
2024-12-05 00:00:00-05:00,83.69666055125687,84.48276037178283,82.71634833195542,83.04928588867188,2873600,0.0,0.0
2024-12-06 00:00:00-05:00,83.47470458673192,83.57643589889828,81.47707924512488,81.54181671142578,3295400,0.0,0.0
2024-12-09 00:00:00-05:00,81.84700040811845,82.03196255845066,80.66322571194327,80.75570678710938,3610100,0.0,0.0
2024-12-10 00:00:00-05:00,80.31179880536267,80.96843075791007,79.52569897444072,80.19157409667969,5305700,0.0,0.0
2024-12-11 00:00:00-05:00,80.70947542407141,81.6343004329937,80.31180038800063,80.5245132446289,2892900,0.0,0.0
2024-12-12 00:00:00-05:00,80.36728685279324,82.40189885175846,80.23781192863295,81.75452423095703,2829100,0.0,0.0
2024-12-13 00:00:00-05:00,81.8192716429725,82.4943899645008,80.47827111415765,81.0146713256836,2238100,0.0,0.0
2024-12-16 00:00:00-05:00,82.30016368715684,84.65846994179559,81.29210795976904,81.9024887084961,4909300,0.0,0.0
2024-12-17 00:00:00-05:00,81.39774448534203,82.06141378767917,80.27604416451268,81.77164459228516,2619200,0.94,0.0
2024-12-18 00:00:00-05:00,82.0520585266523,83.60374136479311,80.37886119324962,80.3975601196289,3440800,0.0,0.0
2024-12-19 00:00:00-05:00,80.9770993658336,81.38839017212018,78.67762347273765,79.64041137695312,2853900,0.0,0.0
2024-12-20 00:00:00-05:00,78.35046030541629,80.33212567941062,78.00460149350364,79.96757507324219,5213600,0.0,0.0
2024-12-23 00:00:00-05:00,79.83671727426032,80.52842781986628,79.01413563257098,79.7525863647461,2049200,0.0,0.0
2024-12-24 00:00:00-05:00,79.7899688468246,81.1827392578125,79.62171417672504,81.1827392578125,1025000,0.0,0.0
2024-12-26 00:00:00-05:00,80.77145070054638,83.81871923929792,80.77145070054638,83.53829956054688,2630100,0.0,0.0
2024-12-27 00:00:00-05:00,82.99615314051374,83.23918925824027,81.90250130807047,82.2857437133789,1773800,0.0,0.0
2024-12-30 00:00:00-05:00,81.62207986008481,81.69686130610084,80.07040407878374,80.24800109863281,2045300,0.0,0.0
2024-12-31 00:00:00-05:00,80.45364953247721,80.99580433913833,79.5749853376507,80.2012710571289,1962200,0.0,0.0
2025-01-02 00:00:00-05:00,80.6592836687794,81.67815402320107,80.21995163281757,80.54711151123047,1758600,0.0,0.0
2025-01-03 00:00:00-05:00,80.82753956470137,81.04252728882464,77.79896258047116,78.16351318359375,3412900,0.0,0.0
2025-01-06 00:00:00-05:00,78.57479514023582,80.1451696780498,78.51871262759796,79.23846435546875,2804800,0.0,0.0
2025-01-07 00:00:00-05:00,79.62171463956791,79.98626523831106,78.53740517450075,78.78044128417969,1920900,0.0,0.0
2025-01-08 00:00:00-05:00,78.51872305380213,78.76175919342211,77.34094021116071,78.69632720947266,2207900,0.0,0.0
2025-01-10 00:00:00-05:00,78.21959136545769,79.32259257656376,77.74286862948765,77.83634185791016,2139400,0.0,0.0
2025-01-13 00:00:00-05:00,77.89243922491981,79.35999116449824,77.23811229797123,78.80848693847656,2756500,0.0,0.0
2025-01-14 00:00:00-05:00,78.88326982368524,79.07021630248848,76.6492258836967,77.39702606201172,1942900,0.0,0.0
2025-01-15 00:00:00-05:00,78.78979387464705,79.11695376707698,77.26615944330153,77.78026580810547,2429100,0.0,0.0
2025-01-16 00:00:00-05:00,77.4998392487061,77.4998392487061,76.27531642878418,76.84551239013672,2354400,0.0,0.0
2025-01-17 00:00:00-05:00,77.19138365200398,77.44376212133764,75.89208631871118,76.55575561523438,2975000,0.0,0.0
2025-01-21 00:00:00-05:00,76.8455177932235,79.09826054180405,76.80812707311482,79.01412963867188,2713700,0.0,0.0
2025-01-22 00:00:00-05:00,78.32242470866319,78.66828354557124,77.65875542558379,78.44393920898438,1742700,0.0,0.0
2025-01-23 00:00:00-05:00,78.58415580949996,80.08909858666814,78.21025569830915,80.0423583984375,1862800,0.0,0.0
2025-01-24 00:00:00-05:00,80.32277335801157,80.82753736356237,79.10759995966147,79.20108032226562,2082500,0.0,0.0
2025-01-27 00:00:00-05:00,79.06086638406438,79.75257684712203,78.52806112589626,79.67779541015625,2453900,0.0,0.0
2025-01-28 00:00:00-05:00,79.71519715463751,81.30427081798044,79.17304235897164,81.11731719970703,2770700,0.0,0.0
2025-01-29 00:00:00-05:00,81.08926513030315,81.62207039114226,79.41606791044514,79.53758239746094,2116600,0.0,0.0
2025-01-30 00:00:00-05:00,79.92082939756945,82.02400911855813,79.71518401713587,81.19208526611328,2236200,0.0,0.0
2025-01-31 00:00:00-05:00,80.87428386916787,81.64077590181822,79.72454938596815,80.25735473632812,2863900,0.0,0.0
2025-02-03 00:00:00-05:00,77.9578786442349,78.67763048786061,75.81730777850808,78.31307983398438,3879200,0.0,0.0
2025-02-04 00:00:00-05:00,78.50002735638759,79.6591112136965,77.9391736572065,79.50020599365234,2454100,0.0,0.0
2025-02-05 00:00:00-05:00,79.94887005708007,81.13600215108278,78.96739047352872,80.83688354492188,2181100,0.0,0.0
2025-02-06 00:00:00-05:00,81.29492607398701,81.36970752563803,80.11714317091472,80.33213806152344,1640800,0.0,0.0
2025-02-07 00:00:00-05:00,80.023650351025,80.21059680287993,79.19172651663548,79.35063171386719,2805200,0.0,0.0
2025-02-10 00:00:00-05:00,80.52842355888318,82.81854994857049,80.38821013814602,82.32313537597656,3053100,0.0,0.0
2025-02-11 00:00:00-05:00,82.36987439509363,82.97745399044348,81.68750622731746,82.26705169677734,2028600,0.0,0.0
2025-02-12 00:00:00-05:00,81.03318996862818,81.31360968676711,79.9488804234814,81.12666320800781,1874200,0.0,0.0
2025-02-13 00:00:00-05:00,81.36034127549257,83.8467634117144,81.30425876410081,83.35134887695312,1699700,0.0,0.0
2025-02-14 00:00:00-05:00,84.12719850721807,85.29563181981831,83.77199734754595,85.1554183959961,2721300,0.0,0.0
2025-02-18 00:00:00-05:00,85.15541399870547,85.32366867229354,83.71590337612989,85.12737274169922,3397500,0.0,0.0
2025-02-19 00:00:00-05:00,84.53848931534966,85.3610638000619,83.94025202982242,85.1554183959961,2284300,0.0,0.0
2025-02-20 00:00:00-05:00,84.80022158977137,85.69757756413043,84.27676572094975,85.00586700439453,3452700,0.0,0.0
2025-02-21 00:00:00-05:00,85.06194663944626,85.07129610294425,83.01484915800499,83.92155456542969,2728100,0.0,0.0
2025-02-24 00:00:00-05:00,83.71590814554028,83.94025247747265,81.85576429879488,82.91202545166016,2676900,0.0,0.0
2025-02-25 00:00:00-05:00,83.33266200267201,84.7441313856005,83.07093409199403,84.21131896972656,2992700,0.0,0.0
2025-02-26 00:00:00-05:00,84.84695452028747,85.24889588512441,83.48222519891236,84.51045227050781,1990800,0.0,0.0
2025-02-27 00:00:00-05:00,84.13655476323886,84.45436522677979,82.10814894882465,82.8372573852539,3213900,0.0,0.0
2025-02-28 00:00:00-05:00,82.78116186621685,84.4637087055916,82.45400196176926,84.04307556152344,3352700,0.0,0.0
2025-03-03 00:00:00-05:00,83.0709327255006,84.93107645854944,80.81819000134222,81.07991790771484,4065800,0.0,0.0
2025-03-04 00:00:00-05:00,74.25627682830459,74.90124717317119,68.16172462162899,70.2929458618164,14831600,0.0,0.0
2025-03-05 00:00:00-05:00,70.53597793504225,72.23721647033824,69.9470901414381,70.60140991210938,5764000,0.0,0.0
2025-03-06 00:00:00-05:00,70.10599083171952,74.11605436307991,69.97512688602433,73.47107696533203,4627700,0.0,0.0
2025-03-07 00:00:00-05:00,72.91023716549704,74.66755826315328,72.1717864717527,74.22823333740234,3116600,0.0,0.0
2025-03-10 00:00:00-04:00,74.02257939209376,75.90141476743074,73.08783286967933,73.714111328125,3257700,0.0,0.0
2025-03-11 00:00:00-04:00,73.67673074452166,74.11606281152768,69.82557197514974,69.937744140625,4018000,0.0,0.0
2025-03-12 00:00:00-04:00,69.63862317995772,70.03121504872892,67.38588040293821,67.89999389648438,4249600,0.0,0.0
2025-03-13 00:00:00-04:00,67.32045832217271,67.90000387905141,65.60987717631063,65.71269989013672,3387300,0.0,0.0
2025-03-14 00:00:00-04:00,66.7128776795344,67.09612013612671,65.64726696201203,66.82504272460938,4177000,0.0,0.0
2025-03-17 00:00:00-04:00,67.6102302872914,69.05908338831864,66.80634755756478,68.95626068115234,4399000,0.0,0.0
2025-03-18 00:00:00-04:00,68.1336797783854,68.87213045548631,67.84391061161124,68.35801696777344,2396900,0.0,0.0
2025-03-19 00:00:00-04:00,68.74128125407394,69.37690937005178,67.87196643562709,68.97496795654297,2489100,0.0,0.0
2025-03-20 00:00:00-04:00,68.74127844705733,70.27426258213127,68.62910626709389,68.68519592285156,2664700,0.0,0.0
2025-03-21 00:00:00-04:00,67.82522482826695,68.90953452825899,66.72222333035012,68.75997161865234,6849500,0.0,0.0
2025-03-24 00:00:00-04:00,69.2460331740789,70.90988106115253,69.18060119419009,70.7322769165039,3256100,0.0,0.0
2025-03-25 00:00:00-04:00,70.82694235968057,71.55584516745998,70.16430344351747,70.63761901855469,2310800,0.95,0.0
2025-03-26 00:00:00-04:00,70.82694218876074,71.65997499881585,70.04123660276161,70.83641052246094,2398300,0.0,0.0
2025-03-27 00:00:00-04:00,70.5808222443085,71.69784738533524,70.5808222443085,70.87428283691406,2327400,0.0,0.0
2025-03-28 00:00:00-04:00,70.4198942650461,70.87428041801648,68.4035724126305,68.58342742919922,2547500,0.0,0.0
2025-03-31 00:00:00-04:00,67.51373238484021,70.34415746153059,67.30547237919741,69.6815185546875,3529000,0.0,0.0
2025-04-01 00:00:00-04:00,69.72884800788468,70.73227462989465,69.2460641404817,70.40095520019531,2346500,0.0,0.0
2025-04-02 00:00:00-04:00,69.67204848703406,72.21848849265166,69.36912681969913,71.6883773803711,2160700,0.0,0.0
2025-04-03 00:00:00-04:00,62.76165205568869,63.57575547333753,58.55860717594099,58.89939498901367,10734600,0.0,0.0
2025-04-04 00:00:00-04:00,56.097360929109186,58.9467227417327,54.2798308360073,57.214385986328125,8429600,0.0,0.0
2025-04-07 00:00:00-04:00,56.286689241417605,61.625688532620536,55.25486110810985,57.96222686767578,9968200,0.0,0.0
2025-04-08 00:00:00-04:00,60.584395612575065,61.01984508937372,52.0647149795567,53.172271728515625,7837000,0.0,0.0
2025-04-09 00:00:00-04:00,53.47519569973969,60.423468543310435,52.05524896286102,60.253074645996094,12482500,0.0,0.0
2025-04-10 00:00:00-04:00,58.01902345503743,58.14208290327504,54.19463278159936,56.56121063232422,7115400,0.0,0.0
2025-04-11 00:00:00-04:00,55.775499198972994,57.39424102342816,54.19462709393296,57.20491409301758,5163800,0.0,0.0
2025-04-14 00:00:00-04:00,61.08610446400139,61.08610446400139,57.83915946296187,58.46393585205078,9499300,0.0,0.0
2025-04-15 00:00:00-04:00,58.52074276348286,59.59043707205739,57.52678068717735,57.87703323364258,4036800,0.0,0.0
2025-04-16 00:00:00-04:00,57.30905078060092,58.16101665031574,56.00269878037135,56.44761657714844,3158000,0.0,0.0
2025-04-17 00:00:00-04:00,56.82626819739983,59.05085362209505,56.82626819739983,58.66273498535156,3862400,0.0,0.0
2025-04-21 00:00:00-04:00,58.019024127905475,58.965655279173845,57.08185769926082,58.79526138305664,3088500,0.0,0.0
2025-04-22 00:00:00-04:00,59.77028923869603,60.981975934979005,59.098182000046016,59.99748229980469,4699300,0.0,0.0
2025-04-23 00:00:00-04:00,63.13083318185023,64.65490989850777,59.959616688943036,60.082679748535156,4941700,0.0,0.0
2025-04-24 00:00:00-04:00,60.584391276041664,62.63857905941161,59.52416543982205,62.47765350341797,3671600,0.0,0.0
2025-04-25 00:00:00-04:00,62.468183152008265,64.57917364511454,62.44925370812381,64.09638977050781,5171700,0.0,0.0
2025-04-28 00:00:00-04:00,64.37091857656851,65.08089194322184,62.657518496156364,63.8786735534668,3462100,0.0,0.0
2025-04-29 00:00:00-04:00,63.27282182008485,63.52841627188164,62.572316799934356,63.12136459350586,2453200,0.0,0.0
2025-04-30 00:00:00-04:00,62.02327250361643,63.19710038134779,61.18077132076482,63.130836486816406,3534600,0.0,0.0
2025-05-01 00:00:00-04:00,63.698804522653305,64.20998615873934,63.149756777721436,63.4621467590332,2596300,0.0,0.0
2025-05-02 00:00:00-04:00,64.9104874364386,65.59206291257496,63.87866311222536,64.43717193603516,3315500,0.0,0.0
2025-05-05 00:00:00-04:00,63.566288317782245,65.23236129900805,63.566288317782245,64.049072265625,2103700,0.0,0.0
2025-05-06 00:00:00-04:00,63.22549459650123,63.5568140504763,62.5439190213397,63.12136459350586,2235800,0.0,0.0
2025-05-07 00:00:00-04:00,63.73667820470596,65.12822717569182,63.47162263351297,64.73063659667969,2983000,0.0,0.0
2025-05-08 00:00:00-04:00,65.45007809664618,66.64283538542585,64.55078137979756,65.71513366699219,2519100,0.0,0.0
2025-05-09 00:00:00-04:00,65.7813957183466,65.8665962762717,64.84423291450524,65.17555236816406,1881800,0.0,0.0
2025-05-12 00:00:00-04:00,71.2623921948819,72.32262168851233,68.03438371179533,69.45433044433594,5019300,0.0,0.0
2025-05-13 00:00:00-04:00,70.48615510455774,70.75121067304111,69.62472450698678,69.83297729492188,2935700,0.0,0.0
2025-05-14 00:00:00-04:00,69.50165675088815,70.36309455725312,69.11354173800837,69.47325897216797,3529100,0.0,0.0
2025-05-15 00:00:00-04:00,69.03780675615225,69.43539008680152,68.52662509293653,68.95260620117188,2148500,0.0,0.0
2025-05-16 00:00:00-04:00,69.50165707271395,69.93710653362533,68.79168371253232,69.86138153076172,2137800,0.0,0.0
2025-05-19 00:00:00-04:00,68.47929840962063,68.76329066211068,67.25815050169315,67.77879333496094,3356400,0.0,0.0
2025-05-20 00:00:00-04:00,67.68413320804613,68.88635169704023,67.09721924316483,67.35281372070312,4254600,0.0,0.0
2025-05-21 00:00:00-04:00,66.26417759533453,67.83558870211913,65.76246426338255,66.40617370605469,3541100,0.0,0.0
2025-05-22 00:00:00-04:00,66.16951635362436,67.29600246886407,66.04644968650665,66.9836196899414,3125000,0.0,0.0
2025-05-23 00:00:00-04:00,64.1342582519564,66.94575382829883,63.95439602840436,66.18844604492188,3591100,0.0,0.0
2025-05-27 00:00:00-04:00,67.62732865946025,68.42249532342927,66.8132253288888,68.3656997680664,3619900,0.0,0.0
2025-05-28 00:00:00-04:00,68.57397020556809,69.02834916208023,67.69360285232459,67.70306396484375,4762000,0.0,0.0
2025-05-29 00:00:00-04:00,64.72117539163726,65.22288875384628,60.877847948215695,62.78057861328125,11675200,0.0,0.0
2025-05-30 00:00:00-04:00,62.51552066464657,63.575750129784986,62.345126772431875,62.74271011352539,6442200,0.0,0.0
2025-06-02 00:00:00-04:00,63.22549298610632,64.72117187992347,62.57231520617631,64.62650299072266,4785500,0.0,0.0
2025-06-03 00:00:00-04:00,64.68330882478172,66.5671028088814,64.51291492728078,66.11271667480469,4007400,0.0,0.0
2025-06-04 00:00:00-04:00,65.84766747002446,66.24525808410216,65.26076071696984,65.95179748535156,2496300,0.0,0.0
2025-06-05 00:00:00-04:00,65.69620401775725,67.5705296720901,65.01462842628254,66.69963073730469,3325400,0.0,0.0
2025-06-06 00:00:00-04:00,67.28654163975989,69.4543277679026,67.28654163975989,69.12300109863281,3845700,0.0,0.0
2025-06-09 00:00:00-04:00,69.89923312825141,69.90870146095493,68.68754654218318,68.8674087524414,4424600,0.0,0.0
2025-06-10 00:00:00-04:00,69.33126045052849,71.41385322515144,69.10407100642821,70.91213989257812,4247300,0.0,0.0
2025-06-11 00:00:00-04:00,71.09199416043633,71.37598637930473,68.52662474628771,68.77275085449219,3485400,0.0,0.0
2025-06-12 00:00:00-04:00,68.4792867051611,68.75381057638715,67.9870417368321,68.66861724853516,2455700,0.0,0.0
2025-06-13 00:00:00-04:00,67.54213312645845,68.21424039637674,65.52581131670358,65.88552856445312,2916700,0.0,0.0
2025-06-16 00:00:00-04:00,66.78483359035104,67.5232047657258,65.98965963225471,67.42854309082031,2989300,0.0,0.0
2025-06-17 00:00:00-04:00,66.66176602125401,66.92682159633291,65.51634315910718,65.68673706054688,4375100,0.0,0.0
2025-06-18 00:00:00-04:00,65.65794077923209,65.95546746033544,64.99569641422455,65.03408813476562,2799100,0.95,0.0
2025-06-20 00:00:00-04:00,65.33161848910753,65.57156126412592,64.20868805941485,64.80374145507812,5187900,0.0,0.0
2025-06-23 00:00:00-04:00,64.06471876192991,64.17029416516307,62.04920098447597,63.700008392333984,3985200,0.0,0.0
2025-06-24 00:00:00-04:00,64.36224913735914,66.3489750682112,64.20868956543127,66.07064056396484,4386400,0.0,0.0
2025-06-25 00:00:00-04:00,65.8210961155008,66.23379793324635,64.65017433852636,65.2644271850586,2837600,0.0,0.0
2025-06-26 00:00:00-04:00,65.60995559544911,65.9938655152371,64.8613352792225,65.67713928222656,2148100,0.0,0.0
2025-06-27 00:00:00-04:00,66.24339842781491,66.70409177998178,64.49661531007256,65.4755859375,4743000,0.0,0.0
2025-06-30 00:00:00-04:00,65.73471731742615,65.84029271896998,64.07431749764031,64.42942810058594,3711700,0.0,0.0
2025-07-01 00:00:00-04:00,64.58299927495806,69.26667968499301,64.4006404197251,67.80783081054688,5341200,0.0,0.0
2025-07-02 00:00:00-04:00,68.46047911197674,69.03634034778707,67.4431166954898,68.71001434326172,3687100,0.0,0.0
2025-07-03 00:00:00-04:00,69.29546141173914,69.90971424946035,68.78678396698297,69.1994857788086,1785000,0.0,0.0
2025-07-07 00:00:00-04:00,68.71000913089917,68.94035946572717,66.99202531575908,67.6734619140625,4196000,0.0,0.0
2025-07-08 00:00:00-04:00,68.17253264925591,69.85213189163927,67.9709816188665,69.33385467529297,3915000,0.0,0.0
2025-07-09 00:00:00-04:00,69.61219711222232,70.15926634947337,68.97875199026066,69.54501342773438,2799700,0.0,0.0
2025-07-10 00:00:00-04:00,69.65058013925686,71.74288118097893,69.46822130878323,70.75431823730469,3649900,0.0,0.0
2025-07-11 00:00:00-04:00,69.74655814026087,70.19765169044308,68.85397080037124,68.90196228027344,3039900,0.0,0.0
2025-07-14 00:00:00-04:00,67.64467026520323,68.15334777597084,66.56012423717866,68.09575653076172,4043400,0.0,0.0
2025-07-15 00:00:00-04:00,68.04777578508575,68.99794717029953,66.08024200479606,66.09944152832031,3330100,0.0,0.0
2025-07-16 00:00:00-04:00,66.33938248099827,66.33938248099827,63.70960433880866,64.16069793701172,4335200,0.0,0.0
2025-07-17 00:00:00-04:00,64.30467080858506,65.10128266704021,64.00714407788601,64.94771575927734,3058500,0.0,0.0
2025-07-18 00:00:00-04:00,65.1780529401592,65.19724513851179,63.8055801000908,64.83253479003906,3540200,0.0,0.0
2025-07-21 00:00:00-04:00,65.07248817967222,65.32202341140291,63.11455411644165,63.52725601196289,4405000,0.0,0.0
2025-07-22 00:00:00-04:00,63.84396992040503,65.74431990750242,63.81517795919439,65.40840148925781,3466700,0.0,0.0
2025-07-23 00:00:00-04:00,66.0514431504522,66.40656107387196,65.4083983064644,65.70592498779297,4195800,0.0,0.0
2025-07-24 00:00:00-04:00,66.29139162202921,66.992027768456,64.28547347615007,64.58300018310547,3232500,0.0,0.0
2025-07-25 00:00:00-04:00,65.07248504787906,65.4755871620186,64.11271392518157,64.72696685791016,2553400,0.0,0.0
2025-07-28 00:00:00-04:00,64.98609802702151,66.20501138192967,64.57339617557207,65.06288146972656,2443300,0.0,0.0
2025-07-29 00:00:00-04:00,65.11086649338014,65.149258215242,63.488858348931856,63.76719284057617,3172000,0.0,0.0
2025-07-30 00:00:00-04:00,63.76718988678692,64.4486264427073,62.7690271320316,63.14333724975586,3284800,0.0,0.0
2025-07-31 00:00:00-04:00,62.692249604609685,63.095351719796696,62.1835720798538,62.44270706176758,3149200,0.0,0.0
2025-08-01 00:00:00-04:00,61.92442993684903,62.00121338445788,60.83989119864634,61.54052734375,3188700,0.0,0.0
2025-08-04 00:00:00-04:00,62.058804909507444,63.9111561646818,62.058804909507444,63.55604553222656,2822700,0.0,0.0
2025-08-05 00:00:00-04:00,63.80558352342535,64.51581206012379,63.44086583291287,64.28546905517578,2047100,0.0,0.0
2025-08-06 00:00:00-04:00,64.79414489070564,65.2740304101873,64.4198347713077,64.71736145019531,3191200,0.0,0.0
2025-08-07 00:00:00-04:00,65.59074744574923,65.95546511669366,64.06471505144505,64.83253479003906,2135700,0.0,0.0
2025-08-08 00:00:00-04:00,64.75575508120386,66.27219512490488,64.62138771758197,66.1954116821289,2441300,0.0,0.0
2025-08-11 00:00:00-04:00,66.23379785613811,67.26075251922035,64.77494185546877,65.8306884765625,2862500,0.0,0.0
2025-08-12 00:00:00-04:00,66.54092645111767,67.84621562170504,66.3297756555121,67.41431427001953,3175800,0.0,0.0
2025-08-13 00:00:00-04:00,67.54869294310956,70.02490434236633,67.28955794666315,69.80416107177734,3560200,0.0,0.0
2025-08-14 00:00:00-04:00,68.6044457884658,69.29547487329,67.95180110629335,68.8539810180664,2650400,0.0,0.0
2025-08-15 00:00:00-04:00,69.2474905596151,69.49703311115118,68.04777661132819,68.74840545654297,2297500,0.0,0.0
2025-08-18 00:00:00-04:00,68.96915161061244,69.15151046221878,68.34529893311868,68.91156768798828,3490200,0.0,0.0
2025-08-19 00:00:00-04:00,70.25523839823757,72.62587407909879,69.94811195309393,71.11903381347656,5736000,0.0,0.0
2025-08-20 00:00:00-04:00,70.06329177932965,70.89829529005013,68.80599395497399,69.36265563964844,2593600,0.0,0.0
2025-08-21 00:00:00-04:00,68.84438386449385,69.81374739823922,68.5852415682659,69.47782897949219,2805600,0.0,0.0
2025-08-22 00:00:00-04:00,70.41841269414002,72.84663255902883,70.23605383042221,72.35714721679688,4186400,0.0,0.0
2025-08-25 00:00:00-04:00,71.79087826753552,72.02122127180552,70.36081411494874,71.33018493652344,3488200,0.0,0.0
2025-08-26 00:00:00-04:00,71.09984665087704,71.81007523262005,70.34162658392638,70.70633697509766,4830500,0.0,0.0
2025-08-27 00:00:00-04:00,71.14783619954167,72.58749299508258,70.89830096049522,72.41473388671875,4001500,0.0,0.0
2025-08-28 00:00:00-04:00,74.52623270443809,75.38042845867308,67.61587589720556,69.73697662353516,9369300,0.0,0.0
2025-08-29 00:00:00-04:00,69.88093186498769,71.67570646879228,69.24748674289175,70.67754364013672,4436300,0.0,0.0
2025-09-02 00:00:00-04:00,70.09208089388629,71.50294555495546,68.86357508145039,71.46455383300781,4839000,0.0,0.0
2025-09-03 00:00:00-04:00,71.04224725289937,72.3667359389463,70.69673642444334,71.87725067138672,3391100,0.0,0.0
2025-09-04 00:00:00-04:00,71.98282955566923,73.97915511940643,71.93483807364328,73.95036315917969,4477200,0.0,0.0
2025-09-05 00:00:00-04:00,73.86398637900213,75.04450810825719,73.03858260919156,73.10576629638672,2870900,0.0,0.0
2025-09-08 00:00:00-04:00,73.69122331727725,74.81415373821133,72.50110921276092,74.46863555908203,3770800,0.0,0.0
2025-09-09 00:00:00-04:00,74.21909619616667,74.32467159624433,73.39369251690783,73.92156219482422,2842100,0.0,0.0
2025-09-10 00:00:00-04:00,73.0385756260503,73.80639539698964,72.53949790067014,73.52806091308594,2858200,0.0,0.0
2025-09-11 00:00:00-04:00,73.72961072952461,75.6011613216726,73.72961072952461,75.30363464355469,2720700,0.0,0.0
2025-09-12 00:00:00-04:00,74.86214266816418,74.86214266816418,72.77944122568677,72.81783294677734,2140300,0.0,0.0
2025-09-15 00:00:00-04:00,72.8946074336014,72.95219867518323,70.8694899568877,71.55093383789062,2713600,0.0,0.0
2025-09-16 00:00:00-04:00,71.5605325346514,71.82926727729661,70.48559356407053,71.06145477294922,2708300,0.0,0.0
2025-09-17 00:00:00-04:00,71.7044993585701,73.83519241246704,71.08064666727566,71.52214050292969,4525600,0.0,0.0
2025-09-18 00:00:00-04:00,72.36793217515786,72.84429073249613,71.17216650360443,71.67769622802734,4474400,0.95,0.0
2025-09-19 00:00:00-04:00,71.70685475573258,71.95961218250893,69.8597407439917,70.21944427490234,5600600,0.0,0.0
2025-09-22 00:00:00-04:00,70.18055558734001,71.0263339308447,69.74307712484757,70.31665802001953,3626300,0.0,0.0
2025-09-23 00:00:00-04:00,70.42359634797201,72.60124267682218,70.37498515782183,70.97772979736328,3342100,0.0,0.0
2025-09-24 00:00:00-04:00,71.32771109291133,72.12488567569983,71.13327374526388,72.10543823242188,3169600,0.0,0.0
2025-09-25 00:00:00-04:00,71.45408969057915,72.78595770596164,71.4249259427358,72.12488555908203,3022900,0.0,0.0
2025-09-26 00:00:00-04:00,72.06655043461322,74.06921431261406,71.78462184457848,74.03032684326172,3016300,0.0,0.0
2025-09-29 00:00:00-04:00,74.53585115108935,74.60390237006216,72.77623576263062,73.55397033691406,2683700,0.0,0.0
2025-09-30 00:00:00-04:00,73.2525947403371,73.77756446861282,72.25126647635858,73.51508331298828,2265300,0.0,0.0
2025-10-01 00:00:00-04:00,73.59284940001307,75.2746972420332,72.96094841106576,75.1969223022461,3139700,0.0,0.0
2025-10-02 00:00:00-04:00,75.05109340263542,76.48017634665347,74.39002127264837,74.48724365234375,2533000,0.0,0.0
2025-10-03 00:00:00-04:00,74.62335082704963,76.05243386190985,74.33169850347652,74.72056579589844,2172600,0.0,0.0
2025-10-06 00:00:00-04:00,74.82749627681508,75.72188575933616,73.30119844056844,73.4956283569336,3043500,0.0,0.0
2025-10-07 00:00:00-04:00,73.54424020058792,73.94282375779979,72.53318830901314,73.13593292236328,2348500,0.0,0.0
2025-10-08 00:00:00-04:00,74.49695973316464,75.2358067978806,73.64145768040618,74.80805206298828,2555600,0.0,0.0
2025-10-09 00:00:00-04:00,74.36085475703719,74.54556837114993,72.55262833401272,73.13593292236328,2337800,0.0,0.0
2025-10-10 00:00:00-04:00,73.83588803174975,73.83588803174975,68.45010343125392,68.46954345703125,4963300,0.0,0.0
2025-10-13 00:00:00-04:00,70.72496595585727,75.38163470746136,70.11250500327625,75.29413604736328,4981600,0.0,0.0
2025-10-14 00:00:00-04:00,74.11782076416377,76.2760271805164,73.82617585902457,75.06082153320312,4214400,0.0,0.0
2025-10-15 00:00:00-04:00,75.43996630597549,77.23846920930151,75.22608892191018,76.22742462158203,3292200,0.0,0.0
2025-10-16 00:00:00-04:00,76.30518672257443,76.74266518170474,75.2163672695061,76.35379791259766,3189200,0.0,0.0
2025-10-17 00:00:00-04:00,76.33434814560155,77.59816487746316,75.98437577278978,77.49122619628906,2332000,0.0,0.0
2025-10-20 00:00:00-04:00,77.77315487274942,78.91058548267712,77.67593991256368,78.75504302978516,4272800,0.0,0.0
2025-10-21 00:00:00-04:00,78.55089661936886,80.68965560844465,78.13286557676452,80.35912322998047,3971200,0.0,0.0
2025-10-22 00:00:00-04:00,80.09663074918718,80.68965167413026,79.05641505440657,79.10502624511719,2896900,0.0,0.0
2025-10-23 00:00:00-04:00,78.85225657005276,80.29105575575512,78.29812314824392,80.13551330566406,2055300,0.0,0.0
2025-10-24 00:00:00-04:00,80.68965610454634,81.34100456048458,80.64104491116663,80.94242095947266,3804800,0.0,0.0
2025-10-27 00:00:00-04:00,82.43955187884397,82.62425808872455,80.34939673788124,80.57299041748047,5060900,0.0,0.0
2025-10-28 00:00:00-04:00,80.31051301737524,82.14790339945657,79.32862475796335,81.52571868896484,4529000,0.0,0.0
2025-10-29 00:00:00-04:00,81.17572961534772,82.17705778795062,80.7576986152583,81.66181182861328,3640100,0.0,0.0
2025-10-30 00:00:00-04:00,81.16600788840695,82.31316223657805,80.49521946119816,80.86463928222656,2490400,0.0,0.0
2025-10-31 00:00:00-04:00,80.38828536398542,81.38961361830908,79.8049807268411,79.85359191894531,3305500,0.0,0.0
2025-11-03 00:00:00-05:00,79.54249917992112,79.62027412009216,77.5592827077187,79.25084686279297,3287600,0.0,0.0
2025-11-04 00:00:00-05:00,78.0356400409387,78.90087325728948,76.90793309384154,77.16069793701172,4082700,0.0,0.0
2025-11-05 00:00:00-05:00,77.24818280367255,80.30077844487211,76.84959925410232,78.62865447998047,3327300,0.0,0.0
2025-11-06 00:00:00-05:00,78.62866147105588,78.85226256778779,76.0815952479985,76.48017883300781,2330200,0.0,0.0
2025-11-07 00:00:00-05:00,76.36352722486825,77.1607018472401,75.3233114686388,76.83016204833984,3130900,0.0,0.0
2025-11-10 00:00:00-05:00,76.95654334719588,76.9857070947012,74.53584846588477,75.97465515136719,3036000,0.0,0.0
2025-11-11 00:00:00-05:00,76.04270806014277,76.37324042859397,75.16775853038007,75.51773834228516,2657700,0.0,0.0
2025-11-12 00:00:00-05:00,75.55662923974617,76.3246401164323,74.98304830426018,75.54690551757812,2232200,0.0,0.0
2025-11-13 00:00:00-05:00,75.25525189856585,75.87743653885022,73.6414553886229,74.05948638916016,3566000,0.0,0.0
2025-11-14 00:00:00-05:00,75.012216310249,75.17748249500858,73.50535836984302,73.61229705810547,2601100,0.0,0.0
2025-11-17 00:00:00-05:00,73.40814459569403,73.85533938249769,71.97906157208959,72.57208251953125,3195100,0.0,0.0
2025-11-18 00:00:00-05:00,71.8721220240785,72.81512277898312,70.97773246114842,72.32904052734375,3248200,0.0,0.0
2025-11-19 00:00:00-05:00,72.32903301286906,74.05948446219931,72.02765700458544,72.30958557128906,3316300,0.0,0.0
2025-11-20 00:00:00-05:00,73.22342968806015,74.07893177611665,71.47353062495992,71.7262954711914,3017200,0.0,0.0
2025-11-21 00:00:00-05:00,72.64985148094748,76.30518441578086,72.34847546256165,74.32196807861328,4072500,0.0,0.0
2025-11-24 00:00:00-05:00,74.81778020324437,75.27469871213397,73.10676857964496,73.51508331298828,7166100,0.0,0.0
2025-11-25 00:00:00-05:00,74.5066786951026,78.31756134626357,72.9123296794735,77.44261932373047,7625400,0.0,0.0
2025-11-26 00:00:00-05:00,78.41478354523198,81.34099302960811,78.34672491733767,78.72587585449219,5607900,0.0,0.0
2025-11-28 00:00:00-05:00,78.43423588869246,79.04669688270467,76.8301629039631,77.07320404052734,2491700,0.0,0.0
2025-12-01 00:00:00-05:00,75.82883585254486,76.5773993019563,74.38031273161637,75.0899887084961,6989400,0.0,0.0
2025-12-02 00:00:00-05:00,75.64411552428203,75.64411552428203,72.17348864071765,72.8053970336914,6596500,0.0,0.0
2025-12-03 00:00:00-05:00,73.22342248287839,73.80671964083987,72.29014554673485,72.30958557128906,3669800,0.0,0.0
2025-12-04 00:00:00-05:00,72.43597546330382,73.63173358685198,71.9304457942545,71.99849700927734,4592000,0.0,0.0
2025-12-05 00:00:00-05:00,72.03738701500187,72.50402923232933,71.21104868432286,72.10543823242188,3977300,0.0,0.0
2025-12-08 00:00:00-05:00,71.9984994136132,72.16377301306746,70.52081265933094,70.54025268554688,4759400,0.0,0.0
2025-12-09 00:00:00-05:00,69.9958396494545,72.63040439066167,69.80140972834977,71.13327026367188,4269000,0.0,0.0
2025-12-10 00:00:00-05:00,71.06521947206627,72.26098500334476,70.59858469183035,72.05683135986328,5666200,0.0,0.0
2025-12-11 00:00:00-05:00,72.08599651742968,73.69006936706744,71.77490418550806,72.88317108154297,3877600,0.0,0.0
2025-12-12 00:00:00-05:00,73.20398571644385,73.90393788693522,71.22076935748635,71.41519927978516,3328500,0.0,0.0
2025-12-15 00:00:00-05:00,71.94017189740919,72.29015170540735,70.70552626482365,70.86106872558594,6194600,0.0,0.0
2025-12-16 00:00:00-05:00,71.01867070925366,72.18097382830541,70.47692390455109,71.53087615966797,7247800,0.95,0.0
2025-12-17 00:00:00-05:00,70.79211701091604,71.8066681632541,70.17156076106072,70.37841033935547,5296600,0.0,0.0
2025-12-18 00:00:00-05:00,71.43236558525902,72.78182148124206,70.53601737374491,70.68376922607422,4830000,0.0,0.0
2025-12-19 00:00:00-05:00,70.71331507118458,71.09746536183899,69.66921505196709,70.75271606445312,7236500,0.0,0.0
2025-12-22 00:00:00-05:00,70.92016571943047,71.0974664343279,69.56086524853102,70.23066711425781,3964800,0.0,0.0
2025-12-23 00:00:00-05:00,70.28976374348183,70.37841034205253,68.39856115759639,68.53646087646484,4065200,0.0,0.0
2025-12-24 00:00:00-05:00,68.7039134069164,68.75316653004258,67.88635965883951,68.69406127929688,1870500,0.0,0.0
2025-12-26 00:00:00-05:00,68.32961868084428,68.65466375902743,68.05381169833672,68.5660171508789,2735100,0.0,0.0
2025-12-29 00:00:00-05:00,67.67951028835755,67.86666313887874,66.55660821517343,66.82255554199219,5936400,0.0,0.0
2025-12-30 00:00:00-05:00,66.536914157457,66.99985896614182,66.28081143299278,66.81271362304688,2918800,0.0,0.0
2025-12-31 00:00:00-05:00,66.64526352810651,66.6551081409629,65.86711075906891,65.92620849609375,2168400,0.0,0.0
2026-01-02 00:00:00-05:00,66.40885742327056,68.21141354880325,65.6602610391463,68.14246368408203,4166600,0.0,0.0
2026-01-05 00:00:00-05:00,67.98486139555453,69.87607168862122,67.96516465441621,68.99942016601562,4641500,0.0,0.0
2026-01-06 00:00:00-05:00,68.12276438036308,71.13686908901819,67.47265923890419,71.08761596679688,5434400,0.0,0.0
2026-01-07 00:00:00-05:00,71.0186686435836,71.73772367287572,67.67951124482434,67.79771423339844,4614000,0.0,0.0
2026-01-08 00:00:00-05:00,67.0589623785017,72.0135230399692,67.00970925458202,70.73301696777344,5573500,0.0,0.0
2026-01-09 00:00:00-05:00,71.3732706378716,72.3188720087507,68.72361186485395,69.55101776123047,5148000,0.0,0.0
2026-01-12 00:00:00-05:00,68.73346199080102,68.9600158352852,65.96560782389682,66.16260528564453,5277300,0.0,0.0
2026-01-13 00:00:00-05:00,66.95061323628366,67.16731496313781,65.97546298041178,66.46796417236328,4361500,0.0,0.0
2026-01-14 00:00:00-05:00,66.14290681829546,67.67950802172312,65.63070140717207,65.6799545288086,4461000,0.0,0.0
2026-01-15 00:00:00-05:00,65.9360574770618,67.34461109037872,65.10865162334444,67.11805725097656,3787400,0.0,0.0
2026-01-16 00:00:00-05:00,66.48765644846516,66.76345589504116,65.0101529718326,66.74375915527344,6554500,0.0,0.0
2026-01-20 00:00:00-05:00,65.68980737253135,66.34975712581911,64.42900560058716,64.84270477294922,5528200,0.0,0.0
2026-01-21 00:00:00-05:00,64.61615098953452,65.67010317623757,64.07440421999765,65.56175231933594,4306500,0.0,0.0
2026-01-22 00:00:00-05:00,65.96560602363593,66.60585902930012,65.60115246288031,66.05425262451172,3249000,0.0,0.0
2026-01-23 00:00:00-05:00,65.79816011757394,66.42856102163692,65.39430554607996,66.0444107055664,3154300,0.0,0.0
2026-01-26 00:00:00-05:00,66.07396158622578,67.3249113047417,65.66026238939108,65.74890899658203,2909100,0.0,0.0
2026-01-27 00:00:00-05:00,65.74890566811575,65.83755227081907,64.06455258201004,64.7540512084961,3976500,0.0,0.0
2026-01-28 00:00:00-05:00,65.33520772742956,65.33520772742956,63.798598950112094,64.57675170898438,3823200,0.0,0.0
2026-01-29 00:00:00-05:00,64.73435601033673,65.10865420006286,63.87740125560263,64.17290496826172,3681800,0.0,0.0
2026-01-30 00:00:00-05:00,64.05469973529353,65.56175208410009,63.13864727612093,64.12364959716797,7273500,0.0,0.0
2026-02-02 00:00:00-05:00,62.55750036374903,64.93135598200688,61.8286006966829,64.91165924072266,4869700,0.0,0.0
2026-02-03 00:00:00-05:00,64.3600474191169,66.39900941806914,63.43415035658958,64.58660125732422,3339400,0.0,0.0
2026-02-04 00:00:00-05:00,65.36475936085645,68.01441820120323,65.05941102400347,67.47266387939453,4690200,0.0,0.0
2026-02-05 00:00:00-05:00,67.50221240632713,67.96516473080199,65.44356102384148,67.15746307373047,3579200,0.0,0.0
2026-02-06 00:00:00-05:00,67.3249092110979,69.46236250991264,67.22641047895821,69.35401916503906,3051500,0.0,0.0
2026-02-09 00:00:00-05:00,68.32961563077568,68.56601409025805,65.9360596229736,66.07395935058594,4914000,0.0,0.0
2026-02-10 00:00:00-05:00,66.576306194668,68.27051146362938,66.576306194668,67.01956176757812,4477300,0.0,0.0
2026-02-11 00:00:00-05:00,67.17715717148465,67.33476115445391,65.72921003155508,66.07395935058594,3924300,0.0,0.0
2026-02-12 00:00:00-05:00,66.083805110011,67.16731372429743,63.43415385636313,63.8971061706543,4200900,0.0,0.0
2026-02-13 00:00:00-05:00,63.70995081620908,65.34505077137871,63.28639951496532,64.81315612792969,4175200,0.0,0.0
2026-02-17 00:00:00-05:00,65.44355489566117,65.70950220876887,63.444001438868305,65.10865020751953,4102100,0.0,0.0
2026-02-18 00:00:00-05:00,65.3746072402897,66.6748100131588,64.30095079456514,65.90650939941406,3191000,0.0,0.0
2026-02-19 00:00:00-05:00,65.40415516152467,65.83755106956337,64.39944859272357,65.30565643310547,3666400,0.0,0.0
2026-02-20 00:00:00-05:00,64.7639043874104,67.18700926193367,62.02559906209481,63.51295471191406,9402200,0.0,0.0
2026-02-23 00:00:00-05:00,63.04015086029911,63.237148325748905,60.252592385852076,61.76949691772461,4567000,0.0,0.0
2026-02-24 00:00:00-05:00,61.82859700959497,63.26670327416888,61.5724942983413,61.7891960144043,4101200,0.0,0.0
2026-02-25 00:00:00-05:00,61.04059737168796,61.5823479174816,60.557944562626034,61.395198822021484,3381400,0.0,0.0
2026-02-26 00:00:00-05:00,62.340799079553456,63.178049566622256,61.572494698287606,61.9172477722168,4215200,0.0,0.0
2026-02-27 00:00:00-05:00,61.070144876006644,61.33609595781657,60.09499090937024,61.04059600830078,5963200,0.0,0.0
2026-03-02 00:00:00-05:00,59.68129176070927,61.375496983073425,59.602489770140835,60.66629409790039,8518000,0.0,0.0
2026-03-03 00:00:00-05:00,63.6409998645186,66.0345557789523,62.350645485435436,64.96089935302734,16607100,0.0,0.0
2026-03-04 00:00:00-05:00,65.32535834887487,67.35446087197766,64.66540854970656,66.37931060791016,5646100,0.0,0.0
2026-03-05 00:00:00-05:00,65.90650803601493,66.2217084739787,64.08424775422277,64.61614990234375,5267500,0.0,0.0
2026-03-06 00:00:00-05:00,64.47825050460132,65.72920765044513,63.069696896468876,65.6799545288086,5425500,0.0,0.0
2026-03-09 00:00:00-04:00,64.12365387692601,65.2170071274588,62.09455136493303,64.97075653076172,5550900,0.0,0.0
2026-03-10 00:00:00-04:00,64.66540601512163,65.27610266475565,63.118952620609456,63.828155517578125,4648900,0.0,0.0
2026-03-11 00:00:00-04:00,63.90694979072698,64.04484951858993,61.77934862157612,62.20289993286133,4428000,0.0,0.0
2026-03-12 00:00:00-04:00,61.73009411898289,63.5227980561228,61.129245854929856,61.6611442565918,5446900,0.0,0.0
2026-03-13 00:00:00-04:00,62.27184721539682,62.78404886728783,61.41489250065394,61.65129470825195,3329400,0.0,0.0
2026-03-16 00:00:00-04:00,61.976345284972126,62.37034772304948,60.99134294726448,61.94679641723633,3465900,0.0,0.0
2026-03-17 00:00:00-04:00,62.41959894320108,63.335655202573875,61.602048932503266,61.68084716796875,3762900,0.0,0.0
2026-03-18 00:00:00-04:00,61.86799958374809,62.724950584844485,61.414895642462874,61.92709732055664,3487600,0.0,0.0
2026-03-19 00:00:00-04:00,61.48384420268817,64.1433550272263,61.00119516072385,63.22730255126953,3644600,0.0,0.0
2026-03-20 00:00:00-04:00,63.04015023590076,63.13864896765005,61.16864427277815,61.85814666748047,9930300,0.0,0.0
2026-03-23 00:00:00-04:00,63.04015092398389,63.63115083590191,62.0846974341468,63.05000305175781,4289400,0.0,0.0
2026-03-24 00:00:00-04:00,61.86000061035156,62.09000015258789,60.90999984741211,61.709999084472656,5655100,0.96,0.0
2026-03-25 00:00:00-04:00,62.11000061035156,62.66999816894531,59.880001068115234,60.400001525878906,3740100,0.0,0.0
2026-03-26 00:00:00-04:00,60.029998779296875,66.33999633789062,59.900001525878906,63.209999084472656,11505400,0.0,0.0
2026-03-27 00:00:00-04:00,62.560001373291016,63.20000076293945,61.58000183105469,62.97999954223633,5401300,0.0,0.0
2026-03-30 00:00:00-04:00,63.52000045776367,65.19999694824219,63.31999969482422,63.90999984741211,4586900,0.0,0.0
2026-03-31 00:00:00-04:00,64.62000274658203,65.62999725341797,63.58000183105469,64.19999694824219,2961800,0.0,0.0
2026-04-01 00:00:00-04:00,64.81999969482422,64.98999786376953,63.619998931884766,64.30999755859375,2836500,0.0,0.0
2026-04-02 00:00:00-04:00,63.779998779296875,65.16000366210938,63.0099983215332,64.5,2565000,0.0,0.0
2026-04-06 00:00:00-04:00,63.86000061035156,64.58999633789062,62.83000183105469,64.19999694824219,2656200,0.0,0.0
2026-04-07 00:00:00-04:00,64.30999755859375,64.87000274658203,63.2599983215332,64.0199966430664,2850400,0.0,0.0
2026-04-08 00:00:00-04:00,65.44999694824219,66.26000213623047,64.47000122070312,64.4800033569336,3264800,0.0,0.0
2026-04-09 00:00:00-04:00,64.0199966430664,64.86000061035156,63.75,64.52999877929688,2732400,0.0,0.0
2026-04-10 00:00:00-04:00,65.1500015258789,65.66999816894531,62.119998931884766,62.369998931884766,2184401,0.0,0.0
