Date,Open,High,Low,Close,Volume,Dividends,Stock Splits
2022-01-03 00:00:00-05:00,127.37256312641661,127.92256922145826,125.60111932579588,126.95828247070312,2309117,0.0,0.0
2022-01-04 00:00:00-05:00,127.48683566285135,129.47256940168919,127.16539376735922,128.73684692382812,3016551,0.0,0.0
2022-01-05 00:00:00-05:00,126.52253205751587,129.84398523203635,126.42968033808734,128.20826721191406,3531070,0.0,0.0
2022-01-06 00:00:00-05:00,129.2011061430454,129.48681773219604,126.81536614237204,127.14395141601562,2996458,0.0,0.0
2022-01-07 00:00:00-05:00,127.23681944486431,128.92255453647306,126.58681832663746,128.53683471679688,3349039,0.0,0.0
2022-01-10 00:00:00-05:00,128.17969990653123,128.45112467130159,126.27254400365331,126.72254180908203,2772328,0.0,0.0
2022-01-11 00:00:00-05:00,127.14396604654291,128.251108358509,126.01538037212427,127.8439712524414,2707983,0.0,0.0
2022-01-12 00:00:00-05:00,127.85823518974345,128.57967059313626,127.56536714247498,128.15823364257812,2067286,0.0,0.0
2022-01-13 00:00:00-05:00,128.4868296908586,129.5296940636405,127.8796761960577,129.30111694335938,2505261,0.0,0.0
2022-01-14 00:00:00-05:00,129.18682345637987,129.18682345637987,126.90823500423113,127.67253112792969,2734176,0.0,0.0
2022-01-18 00:00:00-05:00,127.27251935585953,127.53680061848449,125.83679190861116,127.34394073486328,2883078,0.0,0.0
2022-01-19 00:00:00-05:00,128.45114896324483,129.19401503854706,126.87970851536528,127.48686218261719,2354446,0.0,0.0
2022-01-20 00:00:00-05:00,127.55824088074993,128.01539509808958,123.79392068935401,123.9796371459961,3369491,0.0,0.0
2022-01-21 00:00:00-05:00,123.85820589639269,125.72965725962507,123.25819590239534,123.3224868774414,4161004,0.0,0.0
2022-01-24 00:00:00-05:00,122.758187496286,123.72248689277973,120.59388121174871,123.42961883544922,5635193,0.0,0.0
2022-01-25 00:00:00-05:00,123.95108026791559,124.68678963987927,120.00818693927154,124.10822296142578,6041116,0.0,0.0
2022-01-26 00:00:00-05:00,124.48682356493268,125.17968545390819,120.14392269702404,120.92964935302734,5274360,0.0,0.0
2022-01-27 00:00:00-05:00,120.78674686531774,122.94390981169128,120.3153188242044,121.54389953613281,3328229,0.0,0.0
2022-01-28 00:00:00-05:00,120.27963011101008,120.53678103511447,114.67244423877132,116.50102233886719,7441034,0.0,0.0
2022-01-31 00:00:00-05:00,116.21527790419033,118.77959083685283,115.4224210964588,118.58673095703125,6088118,0.0,0.0
2022-02-01 00:00:00-05:00,118.27961545621584,119.97249429125048,117.68676177192825,119.59391784667969,3573528,0.0,0.0
2022-02-02 00:00:00-05:00,119.85817684622832,120.89389766255137,118.42959281392692,119.04387664794922,3816795,0.0,0.0
2022-02-03 00:00:00-05:00,118.75816426412875,119.09387994522467,117.21528517682138,117.42243194580078,3120005,0.0,0.0
2022-02-04 00:00:00-05:00,116.9938883733728,117.67246331521585,114.35814040789755,114.80815124511719,4839614,0.0,0.0
2022-02-07 00:00:00-05:00,114.82245320834082,115.93675224774732,114.29387746433747,115.12245178222656,2919556,0.0,0.0
2022-02-08 00:00:00-05:00,115.30814298425538,116.5081500519367,114.51528605998477,116.00814819335938,2839184,0.0,0.0
2022-02-09 00:00:00-05:00,116.82243318328483,117.32957841781317,115.66527388578888,116.88671112060547,2563746,0.0,0.0
2022-02-10 00:00:00-05:00,115.7224420980675,116.27959152211847,113.5867091569452,114.10099792480469,4345307,0.0,0.0
2022-02-11 00:00:00-05:00,114.40099183522752,115.42956932948044,113.42956188025937,113.95813751220703,4344709,0.0,0.0
2022-02-14 00:00:00-05:00,113.82240792758499,113.99385053914507,110.97239611353103,112.86526489257812,5542742,0.0,0.0
2022-02-15 00:00:00-05:00,113.3724049909171,113.62955586101201,111.60810521579351,112.38668823242188,3989617,0.0,0.0
2022-02-16 00:00:00-05:00,112.14383916790985,112.85813130318925,110.0795275970838,111.16525268554688,5346120,0.0,0.0
2022-02-17 00:00:00-05:00,108.79250455180497,109.23964628365893,107.083268478989,107.19866180419922,7424409,1.245819,0.0
2022-02-18 00:00:00-05:00,106.88134264005481,107.97035039397004,106.18899578009304,106.46305084228516,6002485,0.0,0.0
2022-02-22 00:00:00-05:00,106.8813422166888,107.10491639476622,105.20816845149427,105.83560943603516,5392884,0.0,0.0
2022-02-23 00:00:00-05:00,105.83560953188133,106.2539013283729,103.94607408172286,104.12637329101562,4600534,0.0,0.0
2022-02-24 00:00:00-05:00,102.48203568794192,103.772980041179,100.78001206206551,103.63595581054688,7304092,0.0,0.0
2022-02-25 00:00:00-05:00,104.14803977740704,109.44883669056813,104.10476479636921,108.5473403930664,8052309,0.0,0.0
2022-02-28 00:00:00-05:00,107.66744595267689,107.91265102183608,105.8356039765777,107.20587921142578,5041499,0.0,0.0
2022-03-01 00:00:00-05:00,107.15539276316707,107.47272277985194,103.96049459721506,104.3932113647461,3963424,0.0,0.0
2022-03-02 00:00:00-05:00,105.01344962911294,107.00395352627024,104.51582694519551,106.17457580566406,4466582,0.0,0.0
2022-03-03 00:00:00-05:00,107.11212240841454,108.1722801145691,106.39092561553501,106.95346069335938,4549823,0.0,0.0
2022-03-04 00:00:00-05:00,105.41009535845994,106.51352799526433,105.1071903461775,105.82117462158203,3869299,0.0,0.0
2022-03-07 00:00:00-05:00,105.10721114602308,105.10721114602308,102.8210211457767,103.33306884765625,5446584,0.0,0.0
2022-03-08 00:00:00-05:00,104.74659092833024,107.797252180561,103.31862239160459,104.86198425292969,5507939,0.0,0.0
2022-03-09 00:00:00-05:00,106.63614851784403,107.64582551289665,105.6481090095751,105.7274398803711,3991411,0.0,0.0
2022-03-10 00:00:00-05:00,104.81871687697956,105.26585863883851,103.36911733379847,103.80183410644531,4537624,0.0,0.0
2022-03-11 00:00:00-05:00,103.47009508073387,104.1985045025229,101.56614098696723,101.65989685058594,4962682,0.0,0.0
2022-03-14 00:00:00-04:00,102.0132778638132,104.78267208281844,102.0132778638132,103.47730255126953,4676480,0.0,0.0
2022-03-15 00:00:00-04:00,104.47974872428603,104.91967796109925,102.83541852125958,104.07588195800781,3991411,0.0,0.0
2022-03-16 00:00:00-04:00,104.40042471761349,105.4894324302869,103.01572446938646,104.94132232666016,4561305,0.0,0.0
2022-03-17 00:00:00-04:00,104.79709337200264,106.52796058477969,103.96050316533125,106.51354217529297,3332893,0.0,0.0
2022-03-18 00:00:00-04:00,106.06637668315602,107.06162846025178,104.73216401332469,106.9678726196289,9426992,0.0,0.0
2022-03-21 00:00:00-04:00,107.23474163891555,107.99200104488118,106.30440207760108,107.15541076660156,5399820,0.0,0.0
2022-03-22 00:00:00-04:00,107.7828369203212,108.78530130028858,107.0977025664572,108.13622283935547,5085392,0.0,0.0
2022-03-23 00:00:00-04:00,107.95592434672518,108.02083679976832,106.41978141141897,106.5063247680664,3154091,0.0,0.0
2022-03-24 00:00:00-04:00,106.82364967923247,107.62417738437605,106.30438953223289,107.44387817382812,2425608,0.0,0.0
2022-03-25 00:00:00-04:00,107.65301709654571,109.03049819561994,107.393387047808,108.51123809814453,2688369,0.0,0.0
2022-03-28 00:00:00-04:00,108.12901912143202,108.27325585757174,106.15294030030311,107.7972640991211,3205160,0.0,0.0
2022-03-29 00:00:00-04:00,108.90070566371344,110.28540608188358,108.2083587450004,109.67959594726562,3221067,0.0,0.0
2022-03-30 00:00:00-04:00,109.13869705658193,110.53060995471846,108.73483021874436,109.2108154296875,2864540,0.0,0.0
2022-03-31 00:00:00-04:00,108.50404904949902,109.08100922519202,107.3140793808417,107.37177276611328,3819785,0.0,0.0
2022-04-01 00:00:00-04:00,107.91264897324733,108.07852318102208,105.90772032983298,107.95591735839844,2626894,0.0,0.0
2022-04-04 00:00:00-04:00,107.50156948631944,108.18670379899747,105.35239754162566,107.84053039550781,3147633,0.0,0.0
2022-04-05 00:00:00-04:00,107.20588548200806,108.63385417525721,107.10491713450897,107.38618469238281,2569726,0.0,0.0
2022-04-06 00:00:00-04:00,106.25389172116141,108.4607570021225,106.05196162637655,108.3958511352539,3235778,0.0,0.0
2022-04-07 00:00:00-04:00,107.73957342680121,108.51846366685656,106.41978554152153,108.14344024658203,2630004,0.0,0.0
2022-04-08 00:00:00-04:00,108.90070053258803,109.36947981202232,107.73236187193692,108.04247283935547,3337438,0.0,0.0
2022-04-11 00:00:00-04:00,108.50402191597814,109.78054121444103,108.15063603547902,108.26602935791016,2964645,0.0,0.0
2022-04-12 00:00:00-04:00,109.14591481241676,109.28294565059132,106.80202479868274,107.15541076660156,3125028,0.0,0.0
2022-04-13 00:00:00-04:00,107.1121358946419,107.58091518518506,106.42700148743997,107.21310424804688,2382552,0.0,0.0
2022-04-14 00:00:00-04:00,107.20589149090945,107.88381340115926,106.16736455895466,106.28997039794922,2787996,0.0,0.0
2022-04-18 00:00:00-04:00,106.34044448293403,106.97509796166476,105.11441249437723,105.42453002929688,2123857,0.0,0.0
2022-04-19 00:00:00-04:00,105.90772771491856,108.60500335477924,105.90772771491856,108.25161743164062,2746016,0.0,0.0
2022-04-20 00:00:00-04:00,108.76365638112131,109.98247570384235,108.56171971605453,108.60498809814453,2367960,0.0,0.0
2022-04-21 00:00:00-04:00,109.60747340744814,110.41522022290495,109.12426913336103,109.45602416992188,2795291,0.0,0.0
2022-04-22 00:00:00-04:00,108.75646085301761,108.89348509521099,106.91019376566749,107.5809097290039,3776250,0.0,0.0
2022-04-25 00:00:00-04:00,107.24913828542962,107.47992492638855,105.20815388964392,107.16980743408203,4104911,0.0,0.0
2022-04-26 00:00:00-04:00,104.86919096189504,106.00146692094745,103.03734918049642,104.0109634399414,5789118,0.0,0.0
2022-04-27 00:00:00-04:00,104.41484714952759,105.35239903380075,103.65758788311116,104.0037612915039,3736663,0.0,0.0
2022-04-28 00:00:00-04:00,104.39322100863963,106.54238663653729,103.9388667155728,106.11688232421875,3035089,0.0,0.0
2022-04-29 00:00:00-04:00,106.23225355741499,107.14096195442829,103.75854590315825,104.0109634399414,4966151,0.0,0.0
2022-05-02 00:00:00-04:00,104.22013567064354,106.3765138223849,103.69366299945332,105.22981262207031,4445891,0.0,0.0
2022-05-03 00:00:00-04:00,105.44616950474118,107.35013009570662,105.23702688026448,106.79480743408203,3000405,0.0,0.0
2022-05-04 00:00:00-04:00,107.45830507537032,111.54027453666198,106.65056486097492,111.23016357421875,4418263,0.0,0.0
2022-05-05 00:00:00-04:00,110.4656847486274,110.81185816418125,106.90297566935199,107.79004669189453,3965816,0.0,0.0
2022-05-06 00:00:00-04:00,107.65301870516042,108.01361709725265,105.792333371032,107.84053039550781,2954479,0.0,0.0
2022-05-09 00:00:00-04:00,107.05443129672256,110.89841473198481,106.69383287049493,109.89595031738281,4979068,0.0,0.0
2022-05-10 00:00:00-04:00,111.06428640340607,111.09313638267939,106.83807373480576,107.54484558105469,4189827,0.0,0.0
2022-05-11 00:00:00-04:00,108.17229072795949,108.27325907855837,105.41732160438116,105.59040832519531,3286608,0.0,0.0
2022-05-12 00:00:00-04:00,105.720221334006,107.90544943622888,105.30192951718277,107.8838119506836,3371524,0.0,0.0
2022-05-13 00:00:00-04:00,108.33093641016288,108.43190474580405,106.71545620138964,107.67465209960938,3292947,0.0,0.0
2022-05-16 00:00:00-04:00,107.61697411056898,108.77810033629858,105.51829585810286,108.54010772705078,3245585,0.0,0.0
2022-05-17 00:00:00-04:00,109.61467837514137,109.98248928165566,108.55452062377351,109.86709594726562,2519733,0.0,0.0
2022-05-18 00:00:00-04:00,109.32618497488535,109.41272831992042,107.07605142323119,107.40780639648438,3538605,0.0,0.0
2022-05-19 00:00:00-04:00,106.5044934547221,108.47140046305647,104.98195488925367,107.05813598632812,3285053,1.245819,0.0
2022-05-20 00:00:00-04:00,107.48066890329723,107.77205763013869,102.78193594514191,104.77798461914062,5017698,0.0,0.0
2022-05-23 00:00:00-04:00,105.32435090721141,106.3369393224448,104.90911068767252,105.17864990234375,3391976,0.0,0.0
2022-05-24 00:00:00-04:00,105.15678589094583,106.51905262764373,102.7163623761871,106.17666625976562,3156005,0.0,0.0
2022-05-25 00:00:00-04:00,105.94357194871883,106.47536504590619,104.57401959761755,106.20582580566406,2244772,0.0,0.0
2022-05-26 00:00:00-04:00,106.89786114415774,108.40582880765677,106.86871961721211,107.11640930175781,2544251,0.0,0.0
2022-05-27 00:00:00-04:00,107.96874584339146,108.92306449640682,107.72106277546447,108.91577911376953,2124933,0.0,0.0
2022-05-31 00:00:00-04:00,108.01246018712988,109.15617886865881,106.30780691537606,108.7555160522461,4956224,0.0,0.0
2022-06-01 00:00:00-04:00,108.78464348338869,108.90120295256297,106.06739531172494,106.66475677490234,2882838,0.0,0.0
2022-06-02 00:00:00-04:00,107.46609738255626,108.02703197810568,105.26607129742598,107.9468994140625,2274074,0.0,0.0
2022-06-03 00:00:00-04:00,107.08727048113307,107.42965684241271,105.8634193799325,106.33692932128906,2244055,0.0,0.0
2022-06-06 00:00:00-04:00,106.64290239165715,107.30582565903765,106.10382397777529,106.51177215576172,1884418,0.0,0.0
2022-06-07 00:00:00-04:00,105.95086176979298,107.08000981388676,104.77071604048494,106.99259185791016,2159139,0.0,0.0
2022-06-08 00:00:00-04:00,106.03827564552579,106.80318106907632,105.11309843614539,105.93628692626953,2046834,0.0,0.0
2022-06-09 00:00:00-04:00,106.00183408317787,107.22569189791103,105.00380982572001,105.03295135498047,2593287,0.0,0.0
2022-06-10 00:00:00-04:00,103.44485638891386,103.78724278652962,100.2249565391919,100.27594757080078,7037144,0.0,0.0
2022-06-13 00:00:00-04:00,99.60572915137818,100.7785958833825,98.79711157669088,99.34347534179688,4922736,0.0,0.0
2022-06-14 00:00:00-04:00,99.56933226821626,100.78590493051976,97.90838443695407,98.52759552001953,3199539,0.0,0.0
2022-06-15 00:00:00-04:00,98.8991060154193,99.56931466584427,96.93219900581408,97.85737609863281,3912236,0.0,0.0
2022-06-16 00:00:00-04:00,96.56067761484746,96.56067761484746,94.94344226239531,95.3878173828125,4458927,0.0,0.0
2022-06-17 00:00:00-04:00,95.26397426012169,96.07259195111119,93.77058374238777,94.58648681640625,8588356,0.0,0.0
2022-06-21 00:00:00-04:00,94.95073149926738,95.48980997196554,94.17124867573933,94.7103271484375,4459166,0.0,0.0
2022-06-22 00:00:00-04:00,93.80698451052906,95.86131585822082,93.38446561891499,94.99441528320312,3468639,0.0,0.0
2022-06-23 00:00:00-04:00,94.85602919415547,95.48252562470321,93.61032171633066,94.81231689453125,2680236,0.0,0.0
2022-06-24 00:00:00-04:00,95.81761526498933,98.01764121702355,95.60635911701853,97.85737609863281,4376523,0.0,0.0
2022-06-27 00:00:00-04:00,97.91565807097463,98.10506472973654,96.3712699168562,96.7427978515625,2856766,0.0,0.0
2022-06-28 00:00:00-04:00,97.5149816936735,98.0322039183214,94.81229781431458,94.94342803955078,2880327,0.0,0.0
2022-06-29 00:00:00-04:00,94.70304246350804,94.95073219935584,93.8361483297832,94.53549194335938,3374036,0.0,0.0
2022-06-30 00:00:00-04:00,93.7632870101327,94.85601456524486,92.73612124709825,94.27322387695312,3995956,0.0,0.0
2022-07-01 00:00:00-04:00,94.27322167828923,94.57918777959355,92.23346761133274,93.60301971435547,4450077,0.0,0.0
2022-07-05 00:00:00-04:00,92.50301982912565,94.29509110295699,91.49771009440988,94.1275405883789,4670739,0.0,0.0
2022-07-06 00:00:00-04:00,94.33880373516331,95.42424603951163,93.21693451567018,94.58648681640625,3625794,0.0,0.0
2022-07-07 00:00:00-04:00,94.79773923459844,94.92886282024672,92.93281432862963,94.73945617675781,4125722,0.0,0.0
2022-07-08 00:00:00-04:00,94.57190102833135,94.81958407023176,93.34804328808036,93.77056884765625,2620795,0.0,0.0
2022-07-11 00:00:00-04:00,93.77786364048191,95.07456203508627,93.64673340087745,93.9818344116211,3221067,0.0,0.0
2022-07-12 00:00:00-04:00,94.09111297529411,96.18186499500166,94.01826579305026,94.84873962402344,3155168,0.0,0.0
2022-07-13 00:00:00-04:00,93.24607052684007,94.33151276692115,93.00566619561275,93.51560974121094,2978399,0.0,0.0
2022-07-14 00:00:00-04:00,92.50301813795485,93.63945145145627,91.70168584748319,93.4719009399414,3020498,0.0,0.0
2022-07-15 00:00:00-04:00,94.60833809646589,94.95072449221713,93.42819252072462,94.79774475097656,3155766,0.0,0.0
2022-07-18 00:00:00-04:00,94.84145917555958,95.3004050889956,93.62488657397586,93.90899658203125,3037601,0.0,0.0
2022-07-19 00:00:00-04:00,94.9944367405747,96.35670368281528,94.74675365487116,96.25471496582031,3363989,0.0,0.0
2022-07-20 00:00:00-04:00,96.24742989805529,97.23089015542682,96.05074449382842,96.89578247070312,2398339,0.0,0.0
2022-07-21 00:00:00-04:00,96.91764303702308,97.60970794031422,96.42956222493376,97.58056640625,1996244,0.0,0.0
2022-07-22 00:00:00-04:00,98.09048250533564,98.3090306698373,97.23815928772107,97.70438385009766,2104960,0.0,0.0
2022-07-25 00:00:00-04:00,97.61696591374626,98.41830475208813,97.45670080497642,97.70438385009766,2815504,0.0,0.0
2022-07-26 00:00:00-04:00,104.54486770327824,106.14024683672673,100.9097276883029,102.53424835205078,15011235,0.0,0.0
2022-07-27 00:00:00-04:00,101.71106652538286,102.14087753611338,100.21767600413708,101.15741729736328,6016239,0.0,0.0
2022-07-28 00:00:00-04:00,101.9150370100373,102.44683005267359,100.74946221631782,102.2574234008789,3700663,0.0,0.0
2022-07-29 00:00:00-04:00,102.54881850845877,104.69784682135776,101.85676034593111,104.34817504882812,4781967,0.0,0.0
2022-08-01 00:00:00-04:00,103.55413540538659,104.94554385732994,103.13890180833926,104.43560028076172,3415656,0.0,0.0
2022-08-02 00:00:00-04:00,103.87466673980299,104.58130237123495,103.17532313873349,103.26274108886719,3226449,0.0,0.0
2022-08-03 00:00:00-04:00,103.37201446213219,104.76342291862848,103.11704599663743,104.53030395507812,3271658,0.0,0.0
2022-08-04 00:00:00-04:00,104.53030419462571,108.05617036299094,104.31904802703028,107.90319061279297,7062260,0.0,0.0
2022-08-05 00:00:00-04:00,107.09456807164064,108.17272495183117,106.6429075773109,107.3859634399414,5008130,0.0,0.0
2022-08-08 00:00:00-04:00,107.83762016765678,109.38200825373588,107.50979789705113,108.16543579101562,3765606,0.0,0.0
2022-08-09 00:00:00-04:00,108.04160417710133,108.58068263126859,107.22570111290922,107.69921112060547,3628066,0.0,0.0
2022-08-10 00:00:00-04:00,109.18532563609878,109.71711872072585,108.42769896909728,108.82108306884766,3046212,0.0,0.0
2022-08-11 00:00:00-04:00,109.27273035676075,110.32174563276156,108.81378451169874,109.0250473022461,2748767,0.0,0.0
2022-08-12 00:00:00-04:00,109.54227418735398,110.94825331092898,109.27273497472005,110.904541015625,2806773,0.0,0.0
2022-08-15 00:00:00-04:00,110.28532587253693,110.80254813065703,109.62240261614237,110.31446075439453,2796487,0.0,0.0
2022-08-16 00:00:00-04:00,109.61511504519076,110.2270406134347,108.45682570063171,109.4621353149414,5253430,0.0,0.0
2022-08-17 00:00:00-04:00,108.13630710722995,108.39128223040673,107.13828270635179,107.40054321289062,5832772,0.0,0.0
2022-08-18 00:00:00-04:00,107.37867943424932,107.40782096562722,105.90713845561886,106.85417175292969,6762543,0.0,0.0
2022-08-19 00:00:00-04:00,106.42731890143865,107.19272067995591,105.3969786186217,106.86153411865234,15204987,1.245819,0.0
2022-08-22 00:00:00-04:00,105.44848297102637,105.74286875918102,103.7925704675532,104.2047119140625,12179346,0.0,0.0
2022-08-23 00:00:00-04:00,103.77048554916637,104.81555270165275,103.5570614022121,104.32245635986328,18368646,0.0,0.0
2022-08-24 00:00:00-04:00,103.70426679282957,104.20472335920564,102.82111604683011,103.79994201660156,18454878,0.0,0.0
2022-08-25 00:00:00-04:00,103.82201713926258,105.44112899570828,103.50555088748946,105.06578826904297,56637298,0.0,0.0
2022-08-26 00:00:00-04:00,105.71343682445995,105.98574218982752,94.70345982629279,95.04199981689453,45907384,0.0,0.0
2022-08-29 00:00:00-04:00,94.78440842087646,94.78440842087646,92.1938309061016,93.05490112304688,60436750,0.0,0.0
2022-08-30 00:00:00-04:00,93.38608486265336,94.0116504560624,90.54526910022544,91.89208221435547,41236286,0.0,0.0
2022-08-31 00:00:00-04:00,91.88473475207891,93.06963148365945,90.97214339712913,91.51675415039062,37843952,0.0,0.0
2022-09-01 00:00:00-04:00,91.47994576470008,93.01810938644223,91.01628997667336,92.45877838134766,37093222,0.0,0.0
2022-09-02 00:00:00-04:00,92.75316676383332,93.00339841230411,89.16168247809023,89.5296630859375,14735438,0.0,0.0
2022-09-06 00:00:00-04:00,89.31623289772041,89.41926827459626,85.35676125704478,85.81305694580078,36757386,0.0,0.0
2022-09-07 00:00:00-04:00,85.84249688374058,89.23527728325112,85.38620119849212,88.72010040283203,44932165,0.0,0.0
2022-09-08 00:00:00-04:00,87.13040730640402,88.16074737964308,86.22517631080689,87.7780532836914,30786714,0.0,0.0
2022-09-09 00:00:00-04:00,89.2499951864069,90.7366311616599,88.21964816868996,90.5968017578125,31359240,0.0,0.0
2022-09-12 00:00:00-04:00,91.49466770740409,93.11377956255465,91.23708264619344,91.44315338134766,22690392,0.0,0.0
2022-09-13 00:00:00-04:00,89.8681860774695,91.70072862027493,88.48457898536503,88.66120910644531,9287538,0.0,0.0
2022-09-14 00:00:00-04:00,88.74953524110707,88.74953524110707,85.59961982969156,86.49749755859375,6781918,0.0,0.0
2022-09-15 00:00:00-04:00,86.71091266508778,87.38799928656726,85.42298075547146,85.68057250976562,4847149,0.0,0.0
2022-09-16 00:00:00-04:00,84.41472395726014,86.33558181854896,83.98050874425098,85.8204116821289,8685113,0.0,0.0
2022-09-19 00:00:00-04:00,85.37882775804103,86.04119409234553,84.84157722853236,85.84248352050781,3815599,0.0,0.0
2022-09-20 00:00:00-04:00,84.85628803141512,86.25461542128544,84.45151346820496,85.75416564941406,4969619,0.0,0.0
2022-09-21 00:00:00-04:00,85.9823244616822,86.86548193126545,84.48832832892023,84.49568176269531,4468017,0.0,0.0
2022-09-22 00:00:00-04:00,84.01730666222812,84.67230617646493,83.48005609691917,84.0025863647461,4398888,0.0,0.0
2022-09-23 00:00:00-04:00,83.7008454882855,84.02467190613406,82.14796817265778,83.15623474121094,4405705,0.0,0.0
2022-09-26 00:00:00-04:00,82.98695933946874,83.7597145146604,82.59689831978669,83.16358947753906,4303088,0.0,0.0
2022-09-27 00:00:00-04:00,83.9952371070664,83.9952371070664,82.00078427985711,82.72938537597656,3975863,0.0,0.0
2022-09-28 00:00:00-04:00,83.53893775825956,84.42208852851715,83.20775789827916,84.10562896728516,4398649,0.0,0.0
2022-09-29 00:00:00-04:00,83.13415178010095,83.45797818815866,82.13324539099737,82.64842224121094,2769697,0.0,0.0
2022-09-30 00:00:00-04:00,82.42763411998781,83.27399084170877,81.24273739576434,81.32369232177734,3722909,0.0,0.0
2022-10-03 00:00:00-04:00,82.19946996854688,83.91425673381971,81.625418759147,83.32548522949219,3487536,0.0,0.0
2022-10-04 00:00:00-04:00,84.44415087713733,85.35674204928974,84.40735013815404,85.091796875,3352029,0.0,0.0
2022-10-05 00:00:00-04:00,84.1497681209997,85.44506016304688,83.47268822320018,84.7606201171875,3061880,0.0,0.0
2022-10-06 00:00:00-04:00,84.15712128574921,84.59133640793279,81.11024185208906,81.77996826171875,5176408,0.0,0.0
2022-10-07 00:00:00-04:00,81.22800378191997,81.51502940825944,78.81404983383175,79.1305160522461,5138614,0.0,0.0
2022-10-10 00:00:00-04:00,79.87385533733035,80.30807059129009,78.8876691499512,79.82233428955078,3088550,0.0,0.0
2022-10-11 00:00:00-04:00,79.85175722921605,81.28687865254614,79.44697594803907,80.10198211669922,3462898,0.0,0.0
2022-10-12 00:00:00-04:00,79.90328736929239,80.73491703963535,79.66777603562318,80.18295288085938,3290196,0.0,0.0
2022-10-13 00:00:00-04:00,79.11579897821002,84.51039148327867,78.79933946237134,84.09089660644531,5708149,0.0,0.0
2022-10-14 00:00:00-04:00,84.0909064926408,84.7532729109273,83.05319932784079,83.62725067138672,4137323,0.0,0.0
2022-10-17 00:00:00-04:00,84.86365741036306,85.16540336518794,83.37702151359767,83.79651641845703,3592186,0.0,0.0
2022-10-18 00:00:00-04:00,85.18012894623075,85.66586522051031,84.23073684547178,85.33467864990234,3066544,0.0,0.0
2022-10-19 00:00:00-04:00,84.70910402671564,85.13595906179324,83.34021713960752,84.04673767089844,3084006,0.0,0.0
2022-10-20 00:00:00-04:00,83.88483860485807,85.11389625938772,83.0826427556739,83.24455261230469,3758908,0.0,0.0
2022-10-21 00:00:00-04:00,83.27399238829481,86.06328081706071,83.20039761014023,85.96760559082031,3997630,0.0,0.0
2022-10-24 00:00:00-04:00,86.4974889170527,87.68238547354957,86.24725730974505,87.12305450439453,4059344,0.0,0.0
2022-10-25 00:00:00-04:00,83.53892693226817,87.28496714422832,83.27398173552572,87.21137237548828,5997581,0.0,0.0
2022-10-26 00:00:00-04:00,88.0135754768147,90.73662915623717,88.0135754768147,90.30241394042969,5535088,0.0,0.0
2022-10-27 00:00:00-04:00,90.88380076026749,91.59032115230363,89.80929987813542,90.37598419189453,4444934,0.0,0.0
2022-10-28 00:00:00-04:00,90.50847430122434,93.22416752012174,90.16257419806017,93.17265319824219,4559870,0.0,0.0
2022-10-31 00:00:00-04:00,92.80466634527438,93.062251368099,92.26005570885783,92.5765151977539,5174135,0.0,0.0
2022-11-01 00:00:00-04:00,93.29776547141438,93.54063693911016,91.67865369227415,92.21590423583984,2549633,0.0,0.0
2022-11-02 00:00:00-04:00,92.02456532813305,93.3272177491577,90.26561722382804,90.42017364501953,3063793,0.0,0.0
2022-11-03 00:00:00-04:00,89.77251015779797,91.4652165906524,89.13958444303012,90.41279602050781,2400252,0.0,0.0
2022-11-04 00:00:00-04:00,91.59770722146256,92.26743378329907,90.64095499026753,91.87737274169922,2775438,0.0,0.0
2022-11-07 00:00:00-05:00,91.72281900858228,92.10551316877105,90.74398637305495,91.75961303710938,2289503,0.0,0.0
2022-11-08 00:00:00-05:00,92.26007621378076,93.20210817307142,91.28860365717955,92.25271606445312,2182461,0.0,0.0
2022-11-09 00:00:00-05:00,92.20854961344014,92.49557527353224,91.05309353965183,91.13404846191406,2131750,0.0,0.0
2022-11-10 00:00:00-05:00,93.95278054660572,95.13031710767241,93.37137577294281,95.04936218261719,3779001,0.0,0.0
2022-11-11 00:00:00-05:00,95.3731862198737,98.24342941731258,95.04935981226387,97.86809539794922,4101443,0.0,0.0
2022-11-14 00:00:00-05:00,97.55163020742572,98.55253660610423,96.36673351379608,96.43296813964844,3127899,0.0,0.0
2022-11-15 00:00:00-05:00,97.52956055173517,98.23608792903899,95.50566708333355,96.57281494140625,3008060,0.0,0.0
2022-11-16 00:00:00-05:00,96.74207223564335,96.74207223564335,94.50474814673741,94.74761962890625,3837127,0.0,0.0
2022-11-17 00:00:00-05:00,93.92857046219814,94.72527341884908,92.8265951521545,94.67314910888672,2689804,1.245819,0.0
2022-11-18 00:00:00-05:00,95.30605908372108,95.55921395495534,93.7424382822037,94.38278198242188,3798616,0.0,0.0
2022-11-21 00:00:00-05:00,94.29342338390185,95.21670039295714,93.98814422626515,95.03055572509766,2575586,0.0,0.0
2022-11-22 00:00:00-05:00,95.4177278904569,95.80490987433777,94.7997300587066,95.75279235839844,2101492,0.0,0.0
2022-11-23 00:00:00-05:00,95.74534502745423,96.13997333721473,94.7401652223314,95.30604553222656,2810241,0.0,0.0
2022-11-25 00:00:00-05:00,95.96127169989578,96.66117917981754,95.69322419506304,96.08040618896484,1055350,0.0,0.0
2022-11-28 00:00:00-05:00,95.38795429389641,95.73790464583591,92.41708587941152,92.80426788330078,3317106,0.0,0.0
2022-11-29 00:00:00-05:00,92.38729965027542,94.07004800812682,92.33518213215481,93.91368865966797,2228268,0.0,0.0
2022-11-30 00:00:00-05:00,93.7424237258592,94.00303168170991,90.36204136469192,93.79454803466797,6973398,0.0,0.0
2022-12-01 00:00:00-05:00,94.78484279331201,95.95383514149214,93.30313174350432,93.8094482421875,3156005,0.0,0.0
2022-12-02 00:00:00-05:00,92.89360691135967,94.74760709408878,92.5064249497446,94.55401611328125,2178992,0.0,0.0
2022-12-05 00:00:00-05:00,93.12443295515382,93.41481945820009,92.52876728827474,92.79682159423828,2563148,0.0,0.0
2022-12-06 00:00:00-05:00,93.18399701180226,93.61585699918568,91.81397412784466,92.75959014892578,2295722,0.0,0.0
2022-12-07 00:00:00-05:00,92.57342676818877,94.79226972357795,92.40217479156549,94.07747650146484,3230994,0.0,0.0
2022-12-08 00:00:00-05:00,94.56147322104002,96.37824196296103,93.40737353422665,93.81689453125,4527219,0.0,0.0
2022-12-09 00:00:00-05:00,94.39767112195814,94.95610520068368,93.57118950073607,93.6382064819336,2792540,0.0,0.0
2022-12-12 00:00:00-05:00,93.87645665752446,94.4795686463513,92.47664847464782,94.44978332519531,4637849,0.0,0.0
2022-12-13 00:00:00-05:00,96.38568904052202,96.8100959075894,94.16684561480393,94.77739715576172,3895252,0.0,0.0
2022-12-14 00:00:00-05:00,94.18918266465246,95.65600103408877,92.95318015315173,93.88390350341797,3702457,0.0,0.0
2022-12-15 00:00:00-05:00,92.91595076741747,93.1318807640561,90.65243614435624,91.12152099609375,3990454,0.0,0.0
2022-12-16 00:00:00-05:00,90.32481739306611,90.68966040935254,89.3568691679765,90.60775756835938,9089361,0.0,0.0
2022-12-19 00:00:00-05:00,90.33970575483522,92.15648121344364,90.21313173118617,90.93537139892578,2918360,0.0,0.0
2022-12-20 00:00:00-05:00,90.83115118096207,91.08430608258456,89.87064230943477,89.95254516601562,3471988,0.0,0.0
2022-12-21 00:00:00-05:00,90.71200321587199,92.2086069962751,90.4737410133345,91.92566680908203,3083408,0.0,0.0
2022-12-22 00:00:00-05:00,91.00238716226984,91.21087082990962,88.7537583898196,90.5333023071289,2617326,0.0,0.0
2022-12-23 00:00:00-05:00,89.93762207207754,90.09398819455164,87.71133265159902,89.45365142822266,3120723,0.0,0.0
2022-12-27 00:00:00-05:00,89.45367314426406,89.96742923028185,88.72398704256457,89.51323699951172,2166195,0.0,0.0
2022-12-28 00:00:00-05:00,89.61003023938852,90.09400778256472,88.0464162333634,88.0761947631836,2345356,0.0,0.0
2022-12-29 00:00:00-05:00,88.50805310340469,89.98976423462533,88.23255924468772,89.77383422851562,2464717,0.0,0.0
2022-12-30 00:00:00-05:00,89.08881779613822,89.37175795918041,88.23999730701162,89.28984832763672,2506816,0.0,0.0
2023-01-03 00:00:00-05:00,90.48119050203488,91.31511843116749,89.62492357979481,91.18853759765625,3124909,0.0,0.0
2023-01-04 00:00:00-05:00,91.84376804949024,93.28824757870655,91.36723682912363,93.18400573730469,3312561,0.0,0.0
2023-01-05 00:00:00-05:00,92.48410633472112,92.75215387625093,91.18109348906079,91.55338287353516,3117494,0.0,0.0
2023-01-06 00:00:00-05:00,92.81916134587276,94.65827601485135,92.14159957771511,94.35299682617188,2890732,0.0,0.0
2023-01-09 00:00:00-05:00,94.5614793752333,96.39314089721276,93.89880348290068,94.40511322021484,3434075,0.0,0.0
2023-01-10 00:00:00-05:00,94.61359818498364,95.44752611140564,94.33810431984686,95.4028549194336,1971128,0.0,0.0
2023-01-11 00:00:00-05:00,95.99850302228641,96.19209401857466,95.02310850476968,96.13997650146484,2408146,0.0,0.0
2023-01-12 00:00:00-05:00,96.4973858404532,96.66119153755449,95.14969501969804,96.31124114990234,2200042,0.0,0.0
2023-01-13 00:00:00-05:00,95.61878515256979,96.50483746108775,95.45497944649021,96.43037414550781,2025306,0.0,0.0
2023-01-17 00:00:00-05:00,96.61650514964792,96.72074698258409,94.10728200506621,94.26364135742188,4199036,0.0,0.0
2023-01-18 00:00:00-05:00,94.44978197279924,94.70293681670934,91.03216780067382,91.39701080322266,5093166,0.0,0.0
2023-01-19 00:00:00-05:00,90.83858506272516,91.05450827535407,88.09853233530862,88.18043518066406,5955721,0.0,0.0
2023-01-20 00:00:00-05:00,88.26978377639306,89.8780757317805,86.93699247279513,89.83340454101562,5230706,0.0,0.0
2023-01-23 00:00:00-05:00,89.80361299124262,92.25327901147946,89.65469997355461,91.30021667480469,4080991,0.0,0.0
2023-01-24 00:00:00-05:00,86.40089756107473,89.34942715571788,85.25424414355908,85.62653350830078,12290694,0.0,0.0
2023-01-25 00:00:00-05:00,85.25425183462538,86.54981839727606,83.95123894048032,84.08526611328125,7167867,0.0,0.0
2023-01-26 00:00:00-05:00,84.51710493789744,84.95640445056422,83.214092266246,84.54689025878906,5532218,0.0,0.0
2023-01-27 00:00:00-05:00,84.68091475600593,86.20730382080015,84.47987741834943,85.81267547607422,4920942,0.0,0.0
2023-01-30 00:00:00-05:00,85.23189277639737,86.37109969769061,83.8097457072162,83.82463836669922,7059868,0.0,0.0
2023-01-31 00:00:00-05:00,84.24905556636665,85.68608856201172,83.67572891648152,85.68608856201172,6065155,0.0,0.0
2023-02-01 00:00:00-05:00,85.2914664659393,86.92209044393476,84.62134432390275,86.26686096191406,3708557,0.0,0.0
2023-02-02 00:00:00-05:00,86.4381106156799,89.98230542749522,86.00625745743558,89.56533813476562,5880971,0.0,0.0
2023-02-03 00:00:00-05:00,88.55271984277255,88.77609616849116,86.95932741727563,87.48052978515625,3208150,0.0,0.0
2023-02-06 00:00:00-05:00,86.95932292844452,87.30927326578846,86.28175444989803,86.74339294433594,2974811,0.0,0.0
2023-02-07 00:00:00-05:00,86.23708747897949,87.27205275707935,85.4552838677053,87.0412368774414,2610509,0.0,0.0
2023-02-08 00:00:00-05:00,86.4976903314043,86.8848655514459,85.63397713017893,85.81267547607422,3003993,0.0,0.0
2023-02-09 00:00:00-05:00,86.69128510747329,86.95933945307516,83.73530891533919,84.08526611328125,4307872,0.0,0.0
2023-02-10 00:00:00-05:00,84.30861743771968,85.04574974341914,83.9139891302775,84.79259490966797,2720302,0.0,0.0
2023-02-13 00:00:00-05:00,85.15743825033283,86.08816154866703,84.73303141569495,85.83500671386719,2688130,0.0,0.0
2023-02-14 00:00:00-05:00,85.47017483411932,85.6860980474135,84.10014506914119,85.03831481933594,2944911,0.0,0.0
2023-02-15 00:00:00-05:00,84.62134855094871,85.49250126442543,84.28628406614477,85.47016906738281,3022651,0.0,0.0
2023-02-16 00:00:00-05:00,84.87416685332299,85.50789219249555,83.5614466372958,84.4969482421875,3223340,1.254181,0.0
2023-02-17 00:00:00-05:00,84.46677106437338,85.28156769447114,83.50109662300616,85.24384307861328,3381929,0.0,0.0
2023-02-21 00:00:00-05:00,84.4969356331922,84.798711853879,82.36942601284784,82.42223358154297,4651364,0.0,0.0
2023-02-22 00:00:00-05:00,82.63350110342097,83.2747714520542,81.8639739314392,82.18838500976562,3175380,0.0,0.0
2023-02-23 00:00:00-05:00,82.7617417043917,83.20686463187683,81.48674607495275,82.16574096679688,3520785,0.0,0.0
2023-02-24 00:00:00-05:00,81.56218769714371,81.88659873598237,80.54369881045639,81.32831573486328,3424028,0.0,0.0
2023-02-27 00:00:00-05:00,82.12799250108264,83.50860976912345,81.63006214045647,81.68287658691406,4252976,0.0,0.0
2023-02-28 00:00:00-05:00,81.56972931972102,82.17328183469832,80.91336922960868,81.28304290771484,4043078,0.0,0.0
2023-03-01 00:00:00-05:00,83.77270227932352,84.74592174928196,82.79193100132153,83.14651489257812,5877981,0.0,0.0
2023-03-02 00:00:00-05:00,82.79947645611382,83.16915019771798,81.26796702143676,82.91264343261719,9076803,0.0,0.0
2023-03-03 00:00:00-05:00,83.57653092680256,84.48939770216344,82.69383695716996,83.93865966796875,3636797,0.0,0.0
2023-03-06 00:00:00-05:00,84.04428563012215,84.21026016357946,82.74665528554985,82.93526458740234,3373677,0.0,0.0
2023-03-07 00:00:00-05:00,82.98806225440167,82.99560717629922,80.75493058999477,80.79264831542969,4033869,0.0,0.0
2023-03-08 00:00:00-05:00,81.0567183181718,81.30568012396779,80.10612686469074,80.84547424316406,4107901,0.0,0.0
2023-03-09 00:00:00-05:00,81.22270441881213,81.90169939425857,79.53276534626595,79.60820770263672,4142585,0.0,0.0
2023-03-10 00:00:00-05:00,79.62326429164348,80.72474013310652,78.26527490799026,78.50669860839844,4417904,0.0,0.0
2023-03-13 00:00:00-04:00,78.21248531618883,78.9744674288403,77.50331077785572,78.084228515625,5036476,0.0,0.0
2023-03-14 00:00:00-04:00,78.9065654227097,79.34413648923157,76.47727258014869,77.54103088378906,5707312,0.0,0.0
2023-03-15 00:00:00-04:00,76.43955485327184,77.57121057253302,75.64739309616779,77.54103088378906,5850473,0.0,0.0
2023-03-16 00:00:00-04:00,76.7866027952265,78.7858628452277,76.56026887105507,78.61988830566406,4356550,0.0,0.0
2023-03-17 00:00:00-04:00,78.72550601060634,78.8085001671303,76.92994505738888,77.72210693359375,13617297,0.0,0.0
2023-03-20 00:00:00-04:00,78.01634045886195,78.80095743354957,77.87300067990019,78.6953353881836,3255392,0.0,0.0
2023-03-21 00:00:00-04:00,79.39694939984865,79.57801377638259,77.98615211699043,78.68023681640625,3137826,0.0,0.0
2023-03-22 00:00:00-04:00,78.70287455324532,78.87639401363124,76.57535772263887,76.60553741455078,3355378,0.0,0.0
2023-03-23 00:00:00-04:00,76.69606584785382,77.65420217856706,76.01707100148546,76.19813537597656,3800051,0.0,0.0
2023-03-24 00:00:00-04:00,75.7228465539508,76.45465592508698,75.56441693288568,76.30376434326172,4249268,0.0,0.0
2023-03-27 00:00:00-04:00,77.11854811194742,77.1638176481947,75.8963601259676,76.56781005859375,3345690,0.0,0.0
2023-03-28 00:00:00-04:00,76.64325625276769,77.57875779098946,76.43201219341354,76.75641632080078,2945509,0.0,0.0
2023-03-29 00:00:00-04:00,77.56367064629006,77.88807478497034,76.87713087151613,77.85035705566406,3853034,0.0,0.0
2023-03-30 00:00:00-04:00,78.27283326340522,78.40109005651394,77.35242159724554,77.54103088378906,2810241,0.0,0.0
2023-03-31 00:00:00-04:00,78.08423081573086,79.35923328414157,77.71455713245258,79.29887390136719,4319354,0.0,0.0
2023-04-03 00:00:00-04:00,79.3290429087066,79.84960121070456,78.59724056355607,78.89147186279297,4804691,0.0,0.0
2023-04-04 00:00:00-04:00,79.14044970117483,79.14044970117483,77.00539472277494,77.14118957519531,4154067,0.0,0.0
2023-04-05 00:00:00-04:00,77.22415613709947,77.53347725984993,76.71114279034742,77.17134857177734,3171792,0.0,0.0
2023-04-06 00:00:00-04:00,77.21662140360549,77.556122256506,76.59044103820038,76.62062072753906,2893363,0.0,0.0
2023-04-10 00:00:00-04:00,76.6508053640283,77.80508906304011,76.23586214505329,77.52594757080078,3444719,0.0,0.0
2023-04-11 00:00:00-04:00,78.1823195392128,79.0499238389555,77.94090262442457,78.88394927978516,3530592,0.0,0.0
2023-04-12 00:00:00-04:00,79.21588101249851,79.32904796311581,78.22757191429473,78.74058532714844,3258861,0.0,0.0
2023-04-13 00:00:00-04:00,79.09516490560847,80.30226980217239,78.52934395091677,80.08348083496094,4108499,0.0,0.0
2023-04-14 00:00:00-04:00,79.97031815106601,80.8152874932474,79.22342591485447,79.79679870605469,3341146,0.0,0.0
2023-04-17 00:00:00-04:00,80.09104128556648,80.80020900994676,79.92506673952694,80.55879211425781,2911184,0.0,0.0
2023-04-18 00:00:00-04:00,80.89828404168539,80.95109850391472,79.872250214395,80.17402648925781,2286872,0.0,0.0
2023-04-19 00:00:00-04:00,79.74398305412113,80.22681672868607,79.56291870514615,80.0306625366211,2293928,0.0,0.0
2023-04-20 00:00:00-04:00,79.56293674989145,79.66100698411361,78.54444095084837,79.01219177246094,4419579,0.0,0.0
2023-04-21 00:00:00-04:00,79.20078115373032,79.3064031686814,78.5067034612694,78.82356262207031,7644593,0.0,0.0
2023-04-24 00:00:00-04:00,79.25360162347964,79.44975582556727,78.73303643053853,79.26114654541016,4229056,0.0,0.0
2023-04-25 00:00:00-04:00,79.72890130940543,80.95108923115517,78.58215572671615,78.74058532714844,6065394,0.0,0.0
2023-04-26 00:00:00-04:00,78.46144956351614,79.36677835028311,77.53349289222163,77.64665985107422,3795386,0.0,0.0
2023-04-27 00:00:00-04:00,77.76736773600746,79.5101140301771,77.76736773600746,79.46485137939453,2862148,0.0,0.0
2023-04-28 00:00:00-04:00,79.44975865619273,80.27963814164028,79.32904678505668,80.13629150390625,4764505,0.0,0.0
2023-05-01 00:00:00-04:00,80.22682852001914,80.59650219384686,79.63837274138845,79.8571548461914,2738003,0.0,0.0
2023-05-02 00:00:00-04:00,79.60064509712392,79.74399173803648,77.45050055586145,77.6919174194336,3602352,0.0,0.0
2023-05-03 00:00:00-04:00,78.08424209798265,78.91412177455491,77.45806159959865,77.57877349853516,2459096,0.0,0.0
2023-05-04 00:00:00-04:00,77.36750389254699,77.69190797867866,76.01705932976685,76.83185577392578,3543987,0.0,0.0
2023-05-05 00:00:00-04:00,77.55612538168207,78.06913881679255,76.99029748810068,77.97106170654297,2324785,0.0,0.0
2023-05-08 00:00:00-04:00,78.12950296405778,78.40864446655766,76.68852591296456,77.20909118652344,2504424,0.0,0.0
2023-05-09 00:00:00-04:00,76.55272422251029,76.76396139823775,75.74547259550998,76.04724884033203,3733194,0.0,0.0
2023-05-10 00:00:00-04:00,76.49237727491642,76.72625613998163,75.14193920224389,76.1227035522461,3281944,0.0,0.0
2023-05-11 00:00:00-04:00,75.82092144941518,76.19814006683596,75.29281813864765,76.03216552734375,3317704,0.0,0.0
2023-05-12 00:00:00-04:00,76.35658216417924,76.40184482187942,74.89297024159713,75.64740753173828,2937496,0.0,0.0
2023-05-15 00:00:00-04:00,75.496510546455,76.06988334441714,74.89295805889908,75.81336975097656,2878772,0.0,0.0
2023-05-16 00:00:00-04:00,75.44368919964303,75.4738688864806,73.93481500260701,73.9423599243164,4476748,0.0,0.0
2023-05-17 00:00:00-04:00,74.25169581252158,75.67758303806286,73.93482968993884,75.57950592041016,4279288,0.0,0.0
2023-05-18 00:00:00-04:00,75.39568258284847,76.46795114719401,75.10463835807889,76.31476593017578,3485503,1.254181,0.0
2023-05-19 00:00:00-04:00,76.7819672657931,76.95047170349609,75.57183969288188,75.84756469726562,3229080,0.0,0.0
2023-05-22 00:00:00-04:00,75.73267633401116,78.15293843025664,75.30377310798403,77.90019226074219,5008011,0.0,0.0
2023-05-23 00:00:00-04:00,77.90019745963393,78.76567056831313,77.09599424770607,77.12663269042969,4324975,0.0,0.0
2023-05-24 00:00:00-04:00,76.93515530684886,77.12663159375707,74.26980651127789,74.28512573242188,4942590,0.0,0.0
2023-05-25 00:00:00-04:00,73.94812499584695,74.45362435806616,73.02904159971736,74.3310775756836,3731042,0.0,0.0
2023-05-26 00:00:00-04:00,74.33107489776033,74.62977873791502,73.8102563329198,74.246826171875,3333730,0.0,0.0
2023-05-30 00:00:00-04:00,74.23917509151359,74.44597061912722,72.91416017896265,73.57283782958984,3433477,0.0,0.0
2023-05-31 00:00:00-04:00,72.76096721119056,73.35071528618717,71.3746825442505,71.46659088134766,7405273,0.0,0.0
2023-06-01 00:00:00-04:00,71.58913889369757,72.43929277366642,70.75430423495808,72.20951843261719,3982082,0.0,0.0
2023-06-02 00:00:00-04:00,73.60345584580291,80.07535036371601,73.55749819077944,78.5282211303711,16938828,0.0,0.0
2023-06-05 00:00:00-04:00,77.27980386425612,78.49759099818299,74.98974820864925,75.04336547851562,7070752,0.0,0.0
2023-06-06 00:00:00-04:00,75.10465040767522,76.30711856240731,74.51490225323272,75.28080749511719,5351024,0.0,0.0
2023-06-07 00:00:00-04:00,75.61014109759053,77.47894631752561,74.75232760523255,77.35639953613281,3996075,0.0,0.0
2023-06-08 00:00:00-04:00,77.20322297687868,77.62447361591975,76.26882034662667,77.1725845336914,3768476,0.0,0.0
2023-06-09 00:00:00-04:00,77.12663532949334,77.80829178254703,75.21187236766701,76.51390838623047,5398266,0.0,0.0
2023-06-12 00:00:00-04:00,76.85855116509084,78.45929778813645,76.75133060568511,77.55552673339844,4185880,0.0,0.0
2023-06-13 00:00:00-04:00,77.55552565978387,78.99542744639795,77.23385000862956,78.6890640258789,3926827,0.0,0.0
2023-06-14 00:00:00-04:00,79.0107579069575,79.40137010067188,77.48660718587423,78.08401489257812,3888196,0.0,0.0
2023-06-15 00:00:00-04:00,78.04572498068048,79.72306110314797,77.83126983456376,79.50860595703125,3375590,0.0,0.0
2023-06-16 00:00:00-04:00,79.84558852385717,80.33576864378185,79.01841350262558,80.06770324707031,7412210,0.0,0.0
2023-06-20 00:00:00-04:00,78.71972233014301,78.8346095154173,77.41768620022563,78.35208892822266,3284455,0.0,0.0
2023-06-21 00:00:00-04:00,77.86956313201651,78.34442407584771,77.2032258884357,77.71638488769531,3011648,0.0,0.0
2023-06-22 00:00:00-04:00,77.57852325068572,77.59384247372078,76.31477820334972,76.91984558105469,3103500,0.0,0.0
2023-06-23 00:00:00-04:00,79.11798532315063,79.27116356057402,76.19223066975319,77.14195251464844,9342315,0.0,0.0
2023-06-26 00:00:00-04:00,76.59049505492042,77.2721514861509,76.18457063141796,76.9045181274414,4371858,0.0,0.0
2023-06-27 00:00:00-04:00,76.52922464363219,76.7589989856291,75.11230150450677,75.25782012939453,6493562,0.0,0.0
2023-06-28 00:00:00-04:00,75.2578129571917,76.03137764917784,74.8825200260731,75.49524688720703,4539538,0.0,0.0
2023-06-29 00:00:00-04:00,75.1352818484842,76.17691204168692,74.99741584277243,76.00840759277344,4182292,0.0,0.0
2023-06-30 00:00:00-04:00,76.59814694871618,76.89685076974861,75.97776746556818,76.659423828125,6084052,0.0,0.0
2023-07-03 00:00:00-04:00,76.74366803631908,77.69338972436313,76.5292129483879,77.46361541748047,1913002,0.0,0.0
2023-07-05 00:00:00-04:00,77.19555569025115,77.63977812881608,75.49524805895285,75.54119873046875,4716306,0.0,0.0
2023-07-06 00:00:00-04:00,75.05867366056411,75.11995053710568,73.19752830951123,73.76429748535156,6137035,0.0,0.0
2023-07-07 00:00:00-04:00,73.67239077604829,75.81692076208519,73.65707155657671,74.51488494873047,4770126,0.0,0.0
2023-07-10 00:00:00-04:00,74.38469143839546,75.44930050017332,74.20087475033128,74.43830871582031,4506408,0.0,0.0
2023-07-11 00:00:00-04:00,75.62546107315872,78.14529152251055,75.34973602831634,78.06104278564453,7477392,0.0,0.0
2023-07-12 00:00:00-04:00,79.25584254931574,79.86090985199661,77.75467069716105,77.79296875,4345307,0.0,0.0
2023-07-13 00:00:00-04:00,77.89253801724581,78.82694063537612,77.73935279199266,78.7809829711914,2980552,0.0,0.0
2023-07-14 00:00:00-04:00,78.69674349534881,78.77333262263276,77.77765999054792,78.35208892822266,2650097,0.0,0.0
2023-07-17 00:00:00-04:00,78.04570292964459,78.21420035883045,77.20320879502053,77.89252471923828,2753312,0.0,0.0
2023-07-18 00:00:00-04:00,77.83125743333915,79.30179778693565,77.62446892042162,78.89586639404297,2978877,0.0,0.0
2023-07-19 00:00:00-04:00,78.77331600143376,79.47029158891874,78.58183972927708,79.2558364868164,2498324,0.0,0.0
2023-07-20 00:00:00-04:00,79.01841485514252,80.21322323959463,78.51291550583416,79.87622833251953,3428095,0.0,0.0
2023-07-21 00:00:00-04:00,79.78431358216022,80.06769818167507,79.05670655301796,79.9068603515625,2992392,0.0,0.0
2023-07-24 00:00:00-04:00,80.06005205073994,80.87956754773413,79.63880139113868,79.86091613769531,3986746,0.0,0.0
2023-07-25 00:00:00-04:00,82.37307309083378,84.90055565877668,81.95948211171607,84.11933135986328,10499564,0.0,0.0
2023-07-26 00:00:00-04:00,84.12698564074941,86.60085777147165,84.12698564074941,86.27152252197266,6691620,0.0,0.0
2023-07-27 00:00:00-04:00,84.59419574281327,86.65448412538919,84.59419574281327,85.16096496582031,6713746,0.0,0.0
2023-07-28 00:00:00-04:00,85.68178588518857,86.09537689291868,85.05374675187215,85.68944549560547,3479762,0.0,0.0
2023-07-31 00:00:00-04:00,85.68945123165972,85.98815509182718,84.90822682640574,85.39840698242188,8661312,0.0,0.0
2023-08-01 00:00:00-04:00,85.39839129424985,85.72007392811129,84.50227987836823,84.6784439086914,3414819,0.0,0.0
2023-08-02 00:00:00-04:00,83.8666007515826,84.17296423778826,82.84028971205522,83.41471862792969,3810934,0.0,0.0
2023-08-03 00:00:00-04:00,83.10067540747121,83.36108116277502,81.89820757644638,82.09734344482422,3374514,0.0,0.0
2023-08-04 00:00:00-04:00,82.38073135093329,82.70240700613635,80.47362829421922,80.81062316894531,3487775,0.0,0.0
2023-08-07 00:00:00-04:00,81.18592422600994,81.60717485031516,80.33577035556638,80.59617614746094,3001242,0.0,0.0
2023-08-08 00:00:00-04:00,79.89155834524426,79.96048786033047,78.54356455746579,79.74603271484375,3483350,0.0,0.0
2023-08-09 00:00:00-04:00,79.57751781638798,80.18258506272173,79.2022248882986,79.43199920654297,2565540,0.0,0.0
2023-08-10 00:00:00-04:00,79.7077286639631,81.0710344640675,79.17159088756652,79.57752227783203,2633951,0.0,0.0
2023-08-11 00:00:00-04:00,79.52390556609365,80.259172184349,79.22520175525366,80.07535552978516,1947925,0.0,0.0
2023-08-14 00:00:00-04:00,79.77663847368636,79.89152561088787,78.81159770310376,79.20986938476562,3653062,0.0,0.0
2023-08-15 00:00:00-04:00,78.54354347791732,78.79628962453243,77.29511798640372,77.46361541748047,4000859,0.0,0.0
2023-08-16 00:00:00-04:00,77.18026030400752,77.91552718487978,76.94283328568311,77.1955795288086,3412666,0.0,0.0
2023-08-17 00:00:00-04:00,77.53256159048698,78.67376677219073,77.43300062327742,77.96913146972656,4071304,0.0,0.0
2023-08-18 00:00:00-04:00,77.72036747317517,78.11681419032064,77.40942233461071,77.74368286132812,3150742,1.254181,0.0
2023-08-21 00:00:00-04:00,77.73592733170653,77.81366186167512,76.59321058949102,77.10626983642578,2754029,0.0,0.0
2023-08-22 00:00:00-04:00,77.47939084639245,77.5182616527618,76.26671389943562,76.57765197753906,3097879,0.0,0.0
2023-08-23 00:00:00-04:00,76.7642118606339,77.87583881345074,75.94798882747487,77.46383666992188,3904820,0.0,0.0
2023-08-24 00:00:00-04:00,77.16845317085931,78.25675782957273,76.56211109187724,76.56988525390625,2272400,0.0,0.0
2023-08-25 00:00:00-04:00,76.9430160152372,77.27728370004999,76.1967532123983,76.9197006225586,2617566,0.0,0.0
2023-08-28 00:00:00-04:00,81.8636981269991,82.12799832911189,79.74928232367124,80.93863677978516,9135646,0.0,0.0
2023-08-29 00:00:00-04:00,81.61494577169168,83.06083347913972,81.52943708446347,82.0658187866211,6270867,0.0,0.0
2023-08-30 00:00:00-04:00,82.00361644667677,82.28346496306882,80.54218057670985,81.1951675415039,3915584,0.0,0.0
2023-08-31 00:00:00-04:00,82.35343485626744,84.21131752635429,82.00361888048563,82.92090606689453,7781296,0.0,0.0
2023-09-01 00:00:00-04:00,83.41063941604037,84.18799876234412,82.48557810546839,83.13856506347656,4354038,0.0,0.0
2023-09-05 00:00:00-04:00,83.0219578227143,84.15690017224026,82.69546435126153,83.06082153320312,5817583,0.0,0.0
2023-09-06 00:00:00-04:00,82.80428841336865,83.02972486909432,81.88700136352946,82.68768310546875,3210423,0.0,0.0
2023-09-07 00:00:00-04:00,82.53999757015605,83.01418592215904,81.59161377293749,82.3612060546875,3476652,0.0,0.0
2023-09-08 00:00:00-04:00,82.46224468050406,82.70322945062311,81.94919268713527,82.58662414550781,3317824,0.0,0.0
2023-09-11 00:00:00-04:00,83.17742729699827,84.12580398026743,83.01418410700293,83.86927795410156,3398314,0.0,0.0
2023-09-12 00:00:00-04:00,83.60498222528527,84.57668144271481,83.23185086070637,83.30181121826172,3823134,0.0,0.0
2023-09-13 00:00:00-04:00,83.28625546082465,83.54278147776913,78.13236298794274,78.55213928222656,9059820,0.0,0.0
2023-09-14 00:00:00-04:00,78.97969354011016,80.51108974143996,78.67652254555243,79.53939056396484,5004184,0.0,0.0
2023-09-15 00:00:00-04:00,79.20512699810767,79.60935501163407,78.24120193195066,78.55992126464844,7178631,0.0,0.0
2023-09-18 00:00:00-04:00,78.55992851197564,79.21290846695021,77.8214327750706,78.54438018798828,5141006,0.0,0.0
2023-09-19 00:00:00-04:00,78.52105357910538,78.70761927073069,77.6348629972786,77.91471862792969,3192483,0.0,0.0
2023-09-20 00:00:00-04:00,77.77479483019485,78.4355489466013,76.94301624328637,76.95079040527344,2936300,0.0,0.0
2023-09-21 00:00:00-04:00,76.60874089955884,77.12957418633772,75.71477628210162,75.78473663330078,4252856,0.0,0.0
2023-09-22 00:00:00-04:00,75.86248702707972,76.02573022986063,75.0929017950941,75.4349365234375,4172724,0.0,0.0
2023-09-25 00:00:00-04:00,75.0695763061615,75.32610234215126,72.88519309346438,73.68587493896484,5315263,0.0,0.0
2023-09-26 00:00:00-04:00,73.35160826970662,73.9346277427936,72.77636295705109,72.97846984863281,4159927,0.0,0.0
2023-09-27 00:00:00-04:00,73.17281905426043,73.35938474211031,72.36437010464857,72.65199279785156,3669089,0.0,0.0
2023-09-28 00:00:00-04:00,72.3332701705551,72.94738633618323,71.83575932783533,72.49651336669922,4883866,0.0,0.0
2023-09-29 00:00:00-04:00,73.07176402143047,73.33606421182748,72.56647903007408,72.7763671875,3640744,0.0,0.0
2023-10-02 00:00:00-04:00,72.02232585680783,72.16225366459105,69.42594754396013,70.13334655761719,9823466,0.0,0.0
2023-10-03 00:00:00-04:00,69.76798300843255,69.9156778707328,68.53197661396807,69.02171325683594,6428620,0.0,0.0
2023-10-04 00:00:00-04:00,68.87402260642526,69.07613660429973,67.87122677798747,68.42315673828125,7799475,0.0,0.0
2023-10-05 00:00:00-04:00,68.4076282292911,68.59419395933135,67.28045259264877,68.27547454833984,5812799,0.0,0.0
2023-10-06 00:00:00-04:00,67.94118468658134,69.34820846010027,67.10941333544478,68.71854400634766,5331888,0.0,0.0
2023-10-09 00:00:00-04:00,68.46202015415662,69.2471536594609,68.36873731655673,69.22383117675781,2822082,0.0,0.0
2023-10-10 00:00:00-04:00,69.96231991900842,70.73190502671123,69.34820382758852,70.45982360839844,4435844,0.0,0.0
2023-10-11 00:00:00-04:00,70.58420697440833,70.72413477135801,69.76798395404052,70.26548767089844,2536955,0.0,0.0
2023-10-12 00:00:00-04:00,70.37432904421297,70.37432904421297,68.7651981583068,69.20051574707031,2796128,0.0,0.0
2023-10-13 00:00:00-04:00,69.34044631294526,69.8457313769784,68.60973183050773,68.93621826171875,2809284,0.0,0.0
2023-10-16 00:00:00-04:00,69.1227647442582,70.07114131262306,68.83514210981275,69.9156723022461,3186862,0.0,0.0
2023-10-17 00:00:00-04:00,69.31712854485062,70.7707905398778,69.2471681752885,70.38988494873047,2535759,0.0,0.0
2023-10-18 00:00:00-04:00,69.74466228063807,69.80684847266295,68.50866294830907,68.71854400634766,3214130,0.0,0.0
2023-10-19 00:00:00-04:00,68.40760128196771,69.03725859951346,67.64578324231728,67.6768798828125,3667295,0.0,0.0
2023-10-20 00:00:00-04:00,67.40481313754029,67.87900149235423,67.15606126524263,67.28043365478516,3056258,0.0,0.0
2023-10-23 00:00:00-04:00,66.85289157751461,67.49809730051699,66.34760656879578,66.54194641113281,4158014,0.0,0.0
2023-10-24 00:00:00-04:00,70.04782886717736,70.60752583988638,68.73408801081142,70.05560302734375,7675928,0.0,0.0
2023-10-25 00:00:00-04:00,69.49591098919726,70.28104455619228,68.95176224264426,69.48814392089844,4618593,0.0,0.0
2023-10-26 00:00:00-04:00,69.77575561378825,70.38987177953335,68.6408132152126,68.91288757324219,4623975,0.0,0.0
2023-10-27 00:00:00-04:00,69.27825854362932,69.3715413923251,67.60693433571784,68.03448486328125,3962109,0.0,0.0
2023-10-30 00:00:00-04:00,68.45424526120661,69.75243790603369,68.23658294473037,69.58918762207031,3161626,0.0,0.0
2023-10-31 00:00:00-04:00,69.55809679279076,71.18277578924084,69.5036776680663,70.70081329345703,5555659,0.0,0.0
2023-11-01 00:00:00-04:00,70.86405822890575,71.01176019215974,69.6280588628696,70.39764404296875,4181934,0.0,0.0
2023-11-02 00:00:00-04:00,71.20611080663318,71.82799411761948,70.77078610505056,71.7580337524414,3144404,0.0,0.0
2023-11-03 00:00:00-04:00,72.69862910493738,73.7091991366682,72.34882022106824,72.96293640136719,3266396,0.0,0.0
2023-11-06 00:00:00-05:00,72.93960845181667,73.00956880470542,72.2710802860039,72.69862365722656,2578217,0.0,0.0
2023-11-07 00:00:00-05:00,72.23221920894561,72.64422140750239,71.96014482822042,72.4110107421875,2636223,0.0,0.0
2023-11-08 00:00:00-05:00,72.60533061354168,72.60533061354168,70.94955520657173,71.76578521728516,4142466,0.0,0.0
2023-11-09 00:00:00-05:00,71.96792058861845,72.45765732208797,71.24497318465359,71.28384399414062,2540543,0.0,0.0
2023-11-10 00:00:00-05:00,71.51704066015054,72.34103782099953,71.2527333938223,72.14669799804688,2864420,0.0,0.0
2023-11-13 00:00:00-05:00,72.06119518151448,72.39545573195022,71.45485318227101,72.05342102050781,2551307,0.0,0.0
2023-11-14 00:00:00-05:00,73.07177630669713,74.2300413545034,73.0173571713643,73.82581329345703,3972394,0.0,0.0
2023-11-15 00:00:00-05:00,74.19116733449493,75.55932051583683,74.19116733449493,75.26392364501953,4533079,0.0,0.0
2023-11-16 00:00:00-05:00,75.71396855692099,76.15614360781422,74.94016942269151,75.57184600830078,3661913,1.254181,0.0
2023-11-17 00:00:00-05:00,76.00612141987739,76.07718990282038,75.01913120512057,75.27970123291016,9073693,0.0,0.0
2023-11-20 00:00:00-05:00,75.02703167011411,75.20863672645788,74.5848637770381,74.99545288085938,3986627,0.0,0.0
2023-11-21 00:00:00-05:00,74.71118889485854,74.82173266275353,74.01635470494826,74.21375274658203,3239605,0.0,0.0
2023-11-22 00:00:00-05:00,74.98756738897193,75.62713342931143,74.7191008094776,75.30340576171875,2863463,0.0,0.0
2023-11-24 00:00:00-05:00,75.24812375772414,75.78504966545275,75.10600118541956,75.76136016845703,1267640,0.0,0.0
2023-11-27 00:00:00-05:00,75.80083084462201,76.95364037505861,75.75345905834895,76.64569854736328,3939504,0.0,0.0
2023-11-28 00:00:00-05:00,76.52726512978546,78.24857947870157,76.22721977372981,77.78271484375,5184182,0.0,0.0
2023-11-29 00:00:00-05:00,78.36700560145142,78.52492836710462,77.47476611170612,77.75112915039062,3087594,0.0,0.0
2023-11-30 00:00:00-05:00,77.88534861055716,79.0223650484646,77.58530330657932,78.2248764038086,7190950,0.0,0.0
2023-12-01 00:00:00-05:00,78.04328574451678,79.12502689678281,77.50635981562112,78.84077453613281,3329425,0.0,0.0
2023-12-04 00:00:00-05:00,79.22768018834489,81.94387442144168,79.14082589418797,81.6754150390625,6016119,0.0,0.0
2023-12-05 00:00:00-05:00,81.13058898775,81.32798706707423,80.09622679860547,80.29362487792969,3675786,0.0,0.0
2023-12-06 00:00:00-05:00,80.27781980657078,81.78594292316906,80.2462338130815,81.16216278076172,4285029,0.0,0.0
2023-12-07 00:00:00-05:00,81.36747480312359,81.82543578289753,80.85423832287255,81.54907989501953,2831650,0.0,0.0
2023-12-08 00:00:00-05:00,81.62013244628906,82.8361068684798,81.32798358957461,81.62013244628906,4119024,0.0,0.0
2023-12-11 00:00:00-05:00,81.88070496638372,82.28339761944916,81.1069056580886,81.4543228149414,4169136,0.0,0.0
2023-12-12 00:00:00-05:00,81.79383481743344,81.90437859332646,80.8068517426887,80.98056030273438,5590463,0.0,0.0
2023-12-13 00:00:00-05:00,80.53837525163749,82.28337874969068,78.73021418206693,82.26758575439453,7142512,0.0,0.0
2023-12-14 00:00:00-05:00,82.89135821777069,84.98377878247877,82.87556522255397,84.5179214477539,6894342,0.0,0.0
2023-12-15 00:00:00-05:00,83.97311474886311,84.90483679636814,83.66518010422183,84.4705581665039,13255507,0.0,0.0
2023-12-18 00:00:00-05:00,84.4863558121413,84.723236387795,83.4283041308811,83.5941162109375,3616704,0.0,0.0
2023-12-19 00:00:00-05:00,83.98891583226604,84.28896121154989,83.60991265945185,83.8941650390625,3151101,0.0,0.0
2023-12-20 00:00:00-05:00,83.5388416755995,83.90994830553026,81.82542389201276,81.85700988769531,3883890,0.0,0.0
2023-12-21 00:00:00-05:00,82.29128351080209,83.4046106352831,82.20442922518087,83.3493423461914,2624263,0.0,0.0
2023-12-22 00:00:00-05:00,83.602015127469,84.81009312952608,83.49936783569613,83.95732879638672,2728913,0.0,0.0
2023-12-26 00:00:00-05:00,83.93363478796232,85.74179608399017,83.90994529205118,85.36279296875,3332176,0.0,0.0
2023-12-27 00:00:00-05:00,85.27594702373102,86.14449711519046,85.02328065715264,85.86024475097656,2922785,0.0,0.0
2023-12-28 00:00:00-05:00,85.79707741558597,86.9972588321122,85.78918091641133,86.61035919189453,3360282,0.0,0.0
2023-12-29 00:00:00-05:00,86.4603442153932,86.82355440556948,85.86814992888704,86.3182144165039,2887622,0.0,0.0
2024-01-02 00:00:00-05:00,85.76549537348191,87.3762660020214,85.63126929099386,86.85513305664062,3321053,0.0,0.0
2024-01-03 00:00:00-05:00,86.24714743630153,86.42875251942297,84.32844210916097,85.11013793945312,3547575,0.0,0.0
2024-01-04 00:00:00-05:00,85.33910302143155,86.33398979609173,85.04695418790972,85.41017150878906,3319976,0.0,0.0
2024-01-05 00:00:00-05:00,85.26014799517664,86.45243286357403,84.92062736394729,85.7417984008789,1991579,0.0,0.0
2024-01-08 00:00:00-05:00,85.48123268133091,86.03394435328234,84.95220330030037,85.95498657226562,2535042,0.0,0.0
2024-01-09 00:00:00-05:00,85.43385862317265,86.30241587901443,84.76270663852347,86.14449310302734,2939768,0.0,0.0
2024-01-10 00:00:00-05:00,86.081322043339,86.16027982316196,85.14960006789192,85.5128173828125,2391761,0.0,0.0
2024-01-11 00:00:00-05:00,85.51281822676962,86.06552989581957,84.6521575241856,86.00236511230469,3212217,0.0,0.0
2024-01-12 00:00:00-05:00,86.39716988678357,86.98146760862,85.18909194643186,85.37069702148438,3490526,0.0,0.0
2024-01-16 00:00:00-05:00,85.0153734552053,85.331211777294,84.23367775081553,84.99168395996094,3631534,0.0,0.0
2024-01-17 00:00:00-05:00,84.36791305783129,85.00748627049727,83.325654406063,83.75992584228516,3156842,0.0,0.0
2024-01-18 00:00:00-05:00,83.95732795686338,84.28106282842303,83.17563212919248,84.044189453125,2981748,0.0,0.0
2024-01-19 00:00:00-05:00,84.28105578073504,85.5601949558547,82.98612360761574,85.08644104003906,3910322,0.0,0.0
2024-01-22 00:00:00-05:00,85.670735908224,86.38926685963929,84.80218589043517,85.29173278808594,5879656,0.0,0.0
2024-01-23 00:00:00-05:00,79.63825134667925,79.63825134667925,74.30851089809433,75.87979888916016,32544236,0.0,0.0
2024-01-24 00:00:00-05:00,76.30618257963124,76.62202095490943,73.218881734222,73.62157440185547,11202454,0.0,0.0
2024-01-25 00:00:00-05:00,74.0479496007033,76.02193044646064,73.91372351428656,75.7850570678711,7322988,0.0,0.0
2024-01-26 00:00:00-05:00,75.97455050281168,76.51146920055398,75.63502266363527,75.79293823242188,4449359,0.0,0.0
2024-01-29 00:00:00-05:00,75.80082292725984,76.50356078811245,75.35865508061308,76.10086822509766,4544800,0.0,0.0
2024-01-30 00:00:00-05:00,75.93506302012936,76.20352235136579,74.83752899513706,75.60343170166016,3827798,0.0,0.0
2024-01-31 00:00:00-05:00,75.75346607521182,75.75346607521182,74.3479900765194,74.49801635742188,8260533,0.0,0.0
2024-02-01 00:00:00-05:00,74.52958557205451,75.81662112144951,74.17427197083435,75.72976684570312,3943571,0.0,0.0
2024-02-02 00:00:00-05:00,75.23233471497245,75.32708550310186,74.45063891169602,74.90859985351562,4440030,0.0,0.0
2024-02-05 00:00:00-05:00,74.41905341506046,74.41905341506046,73.10043179461127,73.2188720703125,5354372,0.0,0.0
2024-02-06 00:00:00-05:00,73.22677220443849,74.10321876040445,72.95830564489816,74.03215026855469,4453186,0.0,0.0
2024-02-07 00:00:00-05:00,74.6954046613471,74.78225893689722,73.82685470101181,74.0953140258789,4521956,0.0,0.0
2024-02-08 00:00:00-05:00,74.34009084150422,74.52169590788583,73.2030814494621,73.58998107910156,4741303,0.0,0.0
2024-02-09 00:00:00-05:00,73.58996889879161,73.66892667047551,72.95039581800133,73.35308837890625,4388244,0.0,0.0
2024-02-12 00:00:00-05:00,73.526823160852,75.05862882458757,73.47154766297714,74.71910095214844,4893673,0.0,0.0
2024-02-13 00:00:00-05:00,73.66894468544784,74.21376713248137,72.16082133767145,73.16360473632812,5496338,0.0,0.0
2024-02-14 00:00:00-05:00,73.43206680339627,73.62157559550417,72.77670774781603,72.97410583496094,6024132,0.0,0.0
2024-02-15 00:00:00-05:00,73.44770056132158,74.29856645884021,73.13464384705811,74.15408325195312,4559391,1.262542,0.0
2024-02-16 00:00:00-05:00,73.73668277762071,73.88919366070411,73.21492152719108,73.24703216552734,5345522,0.0,0.0
2024-02-20 00:00:00-05:00,73.1266043140642,74.2423681172077,72.66102948534676,73.70455169677734,5174614,0.0,0.0
2024-02-21 00:00:00-05:00,73.5520506988065,73.82497646365475,73.03029679581682,73.61627197265625,4061855,0.0,0.0
2024-02-22 00:00:00-05:00,73.49585963642402,74.186187013938,73.15871994412392,74.03367614746094,5083837,0.0,0.0
2024-02-23 00:00:00-05:00,74.16211039701301,74.60360236589327,73.77681204392094,74.31462860107422,3774217,0.0,0.0
2024-02-26 00:00:00-05:00,73.99352538813392,74.25039577456523,73.39952269070571,73.70455169677734,3914388,0.0,0.0
2024-02-27 00:00:00-05:00,73.84905123214095,74.12999730048331,73.43164229654394,74.08985900878906,2736807,0.0,0.0
2024-02-28 00:00:00-05:00,73.84904496500083,74.35475077490307,73.38347011888136,73.41558074951172,3543030,0.0,0.0
2024-02-29 00:00:00-05:00,73.84905658201231,74.08183671718494,73.33532303363833,73.94538116455078,6169446,0.0,0.0
2024-03-01 00:00:00-05:00,73.88116993774082,73.88116993774082,72.95805495694916,73.73668670654297,4064128,0.0,0.0
2024-03-04 00:00:00-05:00,73.12662530721624,73.7286558348326,72.62894703070035,73.39954376220703,6678703,0.0,0.0
2024-03-05 00:00:00-05:00,73.58414585195001,74.96480040610618,73.5038766010349,74.40290832519531,5251636,0.0,0.0
2024-03-06 00:00:00-05:00,75.04508823076081,75.2056267566557,73.79286136055839,74.2664566040039,3591349,0.0,0.0
2024-03-07 00:00:00-05:00,74.69189312083172,74.89256994018838,73.93735179581364,74.34673309326172,3751613,0.0,0.0
2024-03-08 00:00:00-05:00,75.04509417696242,76.04847835457414,74.79625138515148,75.37419891357422,4925846,0.0,0.0
2024-03-11 00:00:00-04:00,75.43841972724675,75.8237180771721,75.02101073999205,75.4946060180664,4206571,0.0,0.0
2024-03-12 00:00:00-04:00,80.43125361397198,80.9530074976335,77.98299342730317,79.24324798583984,16737302,0.0,0.0
2024-03-13 00:00:00-04:00,80.0459522114538,83.5537826732086,79.62854326093736,83.53772735595703,12935338,0.0,0.0
2024-03-14 00:00:00-04:00,82.96778798458597,83.91498564223375,82.06875627159202,82.77513885498047,8282539,0.0,0.0
2024-03-15 00:00:00-04:00,82.67882619511008,84.71770498893564,82.50223235496144,84.28424072265625,32098966,0.0,0.0
2024-03-18 00:00:00-04:00,83.9069708677206,85.31973625141102,83.8186739468032,84.12370300292969,6622491,0.0,0.0
2024-03-19 00:00:00-04:00,84.91837015266394,85.88964346471256,83.92301386812525,84.54109954833984,6987869,0.0,0.0
2024-03-20 00:00:00-04:00,84.27620866787662,87.5753344709478,83.83472409053462,86.78065490722656,8390299,0.0,0.0
2024-03-21 00:00:00-04:00,86.85290346293448,87.64759041481287,86.52379874923918,86.5880126953125,7886663,0.0,0.0
2024-03-22 00:00:00-04:00,86.37128287060928,86.78869184253676,85.68898312396153,85.71306610107422,5321243,0.0,0.0
2024-03-25 00:00:00-04:00,85.00668073055459,85.737146408684,84.1076488668977,84.15580749511719,6680019,0.0,0.0
2024-03-26 00:00:00-04:00,83.52969523125786,84.01934575872019,82.1971991892012,82.38182067871094,7279693,0.0,0.0
2024-03-27 00:00:00-04:00,82.67882177593678,84.09158707062576,82.67079411776764,83.95513153076172,4641676,0.0,0.0
2024-03-28 00:00:00-04:00,83.97118509923224,85.29565356652607,83.95513710633384,85.14314270019531,5245776,0.0,0.0
2024-04-01 00:00:00-04:00,87.41143528010812,90.56995285906208,84.70412926635734,90.26274108886719,13004800,0.0,1.196
2024-04-02 00:00:00-04:00,89.37950227764406,90.64675166178691,88.22746004642542,89.12989044189453,8912000,0.0,0.0
2024-04-03 00:00:00-04:00,89.60991165460696,90.91556345796303,88.80348353609614,89.46591186523438,6060200,0.0,0.0
2024-04-04 00:00:00-04:00,90.7139599381704,91.84680471360444,86.62420462261743,86.92181396484375,5864200,0.0,0.0
2024-04-05 00:00:00-04:00,86.81621361983886,87.76664893703614,85.96178061229166,87.3922348022461,3514000,0.0,0.0
2024-04-08 00:00:00-04:00,87.55542543874807,89.17789131266497,87.55542543874807,88.25625610351562,3706700,0.0,0.0
2024-04-09 00:00:00-04:00,88.4194668780958,89.47550683748662,88.32346457715228,88.90908813476562,4236600,0.0,0.0
2024-04-10 00:00:00-04:00,88.11226072412398,89.00509609624264,86.95061596246535,88.92829132080078,3494900,0.0,0.0
2024-04-11 00:00:00-04:00,89.12988985530211,89.82111811928645,88.78428304781576,89.45630645751953,2993700,0.0,0.0
2024-04-12 00:00:00-04:00,89.05308483769026,89.10108232029786,87.507423802325,87.66102600097656,3590800,0.0,0.0
2024-04-15 00:00:00-04:00,88.30426939956375,89.07229515208141,87.12341982542809,87.65144348144531,3674800,0.0,0.0
2024-04-16 00:00:00-04:00,87.30581801197805,87.68023207425352,86.56658498937905,87.41142272949219,3037000,0.0,0.0
2024-04-17 00:00:00-04:00,88.06426058937176,88.42907227501,86.72020635751066,87.32502746582031,3421600,0.0,0.0
2024-04-18 00:00:00-04:00,87.7474444961026,88.736282124205,87.238625702963,87.82424926757812,3069400,0.0,0.0
2024-04-19 00:00:00-04:00,87.59383449619673,88.70748170326378,87.4594298090688,88.58267211914062,3588500,0.0,0.0
2024-04-22 00:00:00-04:00,88.84189639215352,89.00510105568146,88.0354608540918,88.918701171875,2992900,0.0,0.0
2024-04-23 00:00:00-04:00,89.26431076909086,90.28194841233292,89.08190125775253,89.28350830078125,3729800,0.0,0.0
2024-04-24 00:00:00-04:00,88.88988014964654,89.50431096796143,87.76663788669924,88.34265899658203,3813400,0.0,0.0
2024-04-25 00:00:00-04:00,87.9298493147998,88.32346828705953,87.02741885861808,87.75704956054688,2954800,0.0,0.0
2024-04-26 00:00:00-04:00,87.84343366115719,88.50586189818131,87.4402196579708,88.16024780273438,4520900,0.0,0.0
2024-04-29 00:00:00-04:00,87.90104521768248,88.91869011113836,87.90104521768248,88.4770736694336,4905000,0.0,0.0
2024-04-30 00:00:00-04:00,91.90440818812627,93.93008090718934,90.0323303610355,92.65323638916016,16731900,0.0,0.0
2024-05-01 00:00:00-04:00,94.17969452652011,95.71575334282453,93.39246392538247,94.50611114501953,11062600,0.0,0.0
2024-05-02 00:00:00-04:00,94.04528311643172,94.46770200741484,92.78763619492096,92.94123840332031,6317100,0.0,0.0
2024-05-03 00:00:00-04:00,93.6804708804303,94.26609440310683,92.97003778191757,93.26765441894531,4818500,0.0,0.0
2024-05-06 00:00:00-04:00,93.21005270353271,93.84368107360332,92.68203638631326,92.73003387451172,4329500,0.0,0.0
2024-05-07 00:00:00-04:00,92.73005071011364,93.29647683993905,91.7028105224884,91.72201538085938,4409000,0.0,0.0
2024-05-08 00:00:00-04:00,91.5779984475175,92.58604099347647,91.21318674706426,92.4996337890625,3489900,0.0,0.0
2024-05-09 00:00:00-04:00,92.25000832222297,93.48845768977849,92.06760616115275,93.44046020507812,2584200,0.0,0.0
2024-05-10 00:00:00-04:00,94.6117126853633,95.67735505548079,94.24689369319331,94.97652435302734,4157900,0.0,0.0
2024-05-13 00:00:00-04:00,95.04373083605623,97.67423204267725,95.04373083605623,95.64855194091797,5578700,0.0,0.0
2024-05-14 00:00:00-04:00,95.93656691684974,97.15581156369885,95.81176465363096,96.08057403564453,2973100,0.0,0.0
2024-05-15 00:00:00-04:00,96.18617868549903,97.60703036764268,96.14777629888619,97.1942138671875,4203300,0.0,0.0
2024-05-16 00:00:00-04:00,97.65502301457316,101.01515451722045,97.53021344250566,100.66954040527344,8384500,0.0,0.0
2024-05-17 00:00:00-04:00,101.00556116627912,101.49518242294884,100.49674237922314,101.0535659790039,5396500,0.0,0.0
2024-05-20 00:00:00-04:00,101.01517188624227,101.80240253781383,100.44874581251639,101.00556945800781,3962700,0.0,0.0
2024-05-21 00:00:00-04:00,100.69833811374043,100.84234521125617,98.54785605088915,99.01827239990234,4603000,0.0,0.0
2024-05-22 00:00:00-04:00,98.53825641045158,98.98947524398892,96.9157905599464,97.43421173095703,3807800,0.0,0.0
2024-05-23 00:00:00-04:00,97.0765362927368,97.17320533953267,95.61681672275553,96.19683837890625,3845500,0.7,0.0
2024-05-24 00:00:00-04:00,96.48684723723728,97.1732070696967,96.03249459629392,96.35150909423828,2602000,0.0,0.0
2024-05-28 00:00:00-04:00,96.24517584012963,96.77686669717174,94.56311070888664,95.39447784423828,4360900,0.0,0.0
2024-05-29 00:00:00-04:00,94.54377451437323,94.64044356236991,93.5384001893814,94.31175994873047,4826600,0.0,0.0
2024-05-30 00:00:00-04:00,94.43745126298718,94.95947305506022,93.66408400612859,94.93046569824219,4520300,0.0,0.0
2024-05-31 00:00:00-04:00,94.79511375158557,96.91220059349894,94.17642298620576,96.80586242675781,21754400,0.0,0.0
2024-06-03 00:00:00-04:00,97.02821315911974,97.4342276131171,95.67482427041917,96.43852233886719,4508100,0.0,0.0
2024-06-04 00:00:00-04:00,95.70381191194436,96.09049545535048,94.42776138146677,95.32679748535156,4988100,0.0,0.0
2024-06-05 00:00:00-04:00,95.52981074152905,96.33217785426575,94.61144372118024,95.7618179321289,3115400,0.0,0.0
2024-06-06 00:00:00-04:00,95.51048177038585,96.23551070879857,94.89179099963707,94.94979095458984,2510000,0.0,0.0
2024-06-07 00:00:00-04:00,96.19683395034613,98.56525867700081,95.12379061694743,97.50188446044922,5636700,0.0,0.0
2024-06-10 00:00:00-04:00,97.08621014671101,98.44926073639748,96.94120288175479,97.30855560302734,3506200,0.0,0.0
2024-06-11 00:00:00-04:00,96.76718227910371,98.0915709656395,95.92615353414745,97.94656372070312,2831500,0.0,0.0
2024-06-12 00:00:00-04:00,99.2032907274613,100.22799588397208,97.4052184573053,97.8402328491211,3704600,0.0,0.0
2024-06-13 00:00:00-04:00,98.62327039019742,99.37730671132768,97.3858887996904,98.15925598144531,5034700,0.0,0.0
2024-06-14 00:00:00-04:00,97.15386670033985,98.04323366024302,96.00348522207655,97.5405502319336,2685000,0.0,0.0
2024-06-17 00:00:00-04:00,96.65120830550428,98.06259729231438,96.59320096674713,97.18289184570312,3490000,0.0,0.0
2024-06-18 00:00:00-04:00,96.73818816171143,98.09157690409356,96.72851904469702,97.41487884521484,3446200,0.0,0.0
2024-06-20 00:00:00-04:00,96.921864552891,98.93260574567674,96.85419548450939,98.27525329589844,3476600,0.0,0.0
2024-06-21 00:00:00-04:00,98.53626587439672,99.02928761423442,97.58889148954933,98.98094940185547,7865800,0.0,0.0
2024-06-24 00:00:00-04:00,98.77795277853157,100.05400354319787,98.29460010440984,99.56098175048828,2948000,0.0,0.0
2024-06-25 00:00:00-04:00,99.45463484882892,99.74464937801491,97.91757702012029,98.65227508544922,5115700,0.0,0.0
2024-06-26 00:00:00-04:00,98.23658823137525,98.41059546797385,97.22154478865413,98.0722427368164,2356100,0.0,0.0
2024-06-27 00:00:00-04:00,98.56526526820333,100.57601393510359,98.25591988678605,99.73497772216797,4338300,0.0,0.0
2024-06-28 00:00:00-04:00,99.58031093350904,100.50834709839762,98.27526030711498,98.78761291503906,6196500,0.0,0.0
2024-07-01 00:00:00-04:00,99.4353025710337,100.00565512815834,96.87353218433441,97.26021575927734,2705600,0.0,0.0
2024-07-02 00:00:00-04:00,97.21186742184015,98.53625613108498,97.11519838201662,98.23657989501953,2291300,0.0,0.0
2024-07-03 00:00:00-04:00,97.9175654257644,98.74893244392173,97.32787469485338,98.23657989501953,1230800,0.0,0.0
2024-07-05 00:00:00-04:00,98.02390190138584,98.27524730091723,97.28920393564975,97.94656372070312,3059600,0.0,0.0
2024-07-08 00:00:00-04:00,98.1302546810783,99.31929804094408,97.26988757503689,97.73390197753906,2338700,0.0,0.0
2024-07-09 00:00:00-04:00,97.49223159255196,98.08192243713094,96.1581808849376,96.37085723876953,2809300,0.0,0.0
2024-07-10 00:00:00-04:00,96.48684740676565,98.4395961169691,94.98845871367952,98.28491973876953,4519500,0.0,0.0
2024-07-11 00:00:00-04:00,98.97127109747973,100.79834325009908,98.410587712957,99.79297637939453,4581100,0.0,0.0
2024-07-12 00:00:00-04:00,100.33433535347449,101.79406229619141,100.23766630685343,100.57601165771484,3381000,0.0,0.0
2024-07-15 00:00:00-04:00,101.40738265423848,101.50405170459626,99.15495764156059,99.29996490478516,3316600,0.0,0.0
2024-07-16 00:00:00-04:00,97.51155234242658,100.23766060414958,97.51155234242658,99.87030792236328,3609000,0.0,0.0
2024-07-17 00:00:00-04:00,99.43530221869874,101.31071275653252,99.27096409692741,101.15603637695312,3567900,0.0,0.0
2024-07-18 00:00:00-04:00,100.75002425087467,102.00673667454626,99.99599532159654,100.55667877197266,3023800,0.0,0.0
2024-07-19 00:00:00-04:00,101.26236614237338,101.26236614237338,99.69630111825843,100.45999908447266,2884900,0.0,0.0
2024-07-22 00:00:00-04:00,100.59533899368351,101.54271331829055,98.99061222492598,101.47504425048828,2686600,0.0,0.0
2024-07-23 00:00:00-04:00,101.50405680820906,101.7650639948361,100.70168963668247,101.24304962158203,2172600,0.0,0.0
2024-07-24 00:00:00-04:00,101.07870613597333,101.60072789504193,99.64798638923094,99.81232452392578,3252000,0.0,0.0
2024-07-25 00:00:00-04:00,99.29995639988975,101.30103580994725,98.38158206170868,99.94764709472656,4598100,0.0,0.0
2024-07-26 00:00:00-04:00,108.9380133345443,123.76726783276733,108.9380133345443,122.92623901367188,32748900,0.0,0.0
2024-07-29 00:00:00-04:00,123.73826764227333,124.36662013234385,119.99711580139129,120.99282836914062,10816700,0.0,0.0
2024-07-30 00:00:00-04:00,121.6598481816112,123.43858958826688,119.97778319544388,122.5298843383789,6746500,0.0,0.0
2024-07-31 00:00:00-04:00,122.41387877037903,124.31829660014344,121.15716641559035,123.30325317382812,6889900,0.0,0.0
2024-08-01 00:00:00-04:00,123.2549138621036,123.68026651319884,120.28712917236052,122.25920867919922,5563700,0.0,0.0
2024-08-02 00:00:00-04:00,121.6211892576336,123.49659986621147,120.6254839965024,121.0701675415039,4021400,0.0,0.0
2024-08-05 00:00:00-04:00,115.58894807980332,121.14750334579985,115.33760264614867,120.46114349365234,6669700,0.0,0.0
2024-08-06 00:00:00-04:00,119.25276128727938,121.93053160835414,118.63407051182438,120.73181915283203,4334300,0.0,0.0
2024-08-07 00:00:00-04:00,121.21517297729538,122.35588548867092,118.60507170356999,118.74040985107422,3410100,0.0,0.0
2024-08-08 00:00:00-04:00,118.37305859491391,121.55351985140257,118.11205141445936,120.96382904052734,2932900,0.0,0.0
2024-08-09 00:00:00-04:00,120.49013448042375,120.49013448042375,119.23341478130388,120.03578186035156,3247700,0.0,0.0
2024-08-12 00:00:00-04:00,119.87145261914714,119.95845255264192,118.46006382012808,119.25276184082031,2585800,0.0,0.0
2024-08-13 00:00:00-04:00,119.3204261521807,121.22483662446,118.65339718717156,121.17649841308594,3056600,0.0,0.0
2024-08-14 00:00:00-04:00,120.8091567795593,122.81023636044219,120.48047315798452,121.96920013427734,3252800,0.0,0.0
2024-08-15 00:00:00-04:00,123.08090801329699,123.68026790336111,121.96919553795045,122.92623901367188,3359900,0.0,0.0
2024-08-16 00:00:00-04:00,122.5202092700192,123.10023088789886,121.82418037841359,122.81989288330078,3812600,0.0,0.0
2024-08-19 00:00:00-04:00,122.84890747070312,123.59326728337115,122.31721662210032,122.84890747070312,2243600,0.0,0.0
2024-08-20 00:00:00-04:00,122.76189001701707,123.80594076771663,122.65555185608356,123.44824981689453,2792900,0.0,0.0
2024-08-21 00:00:00-04:00,123.58357996228555,125.66200483690852,123.40958011969134,124.92729949951172,3664600,0.0,0.0
2024-08-22 00:00:00-04:00,124.80164329524762,125.42999575518543,124.02827620942011,124.31829071044922,2300400,0.0,0.0
2024-08-23 00:00:00-04:00,124.92732627720648,126.30004608243559,124.5599882805202,126.20338439941406,2618800,0.0,0.0
2024-08-26 00:00:00-04:00,125.96040432478,128.21524325093247,125.96040432478,128.147216796875,3915800,0.7,0.0
2024-08-27 00:00:00-04:00,127.63208333815817,128.89556293819453,127.272464144519,127.70982360839844,2878500,0.0,0.0
2024-08-28 00:00:00-04:00,127.70983904179545,128.89557851488502,127.46685988469137,127.91394805908203,3274000,0.0,0.0
2024-08-29 00:00:00-04:00,127.9528351117477,129.43986656335932,127.65154328995712,129.17745971679688,2992600,0.0,0.0
2024-08-30 00:00:00-04:00,129.33295522324107,131.1990334042386,128.8858670406875,130.90745544433594,6092800,0.0,0.0
2024-09-03 00:00:00-04:00,129.27460604186214,130.0229858861138,126.55325175416269,127.17527770996094,4024100,0.0,0.0
2024-09-04 00:00:00-04:00,127.50573489405245,129.12883375707898,127.17528682547045,128.4387664794922,3300700,0.0,0.0
2024-09-05 00:00:00-04:00,128.2152243465744,129.21629716644452,127.02948501677831,127.70982360839844,2726000,0.0,0.0
2024-09-06 00:00:00-04:00,126.83510746411041,128.3901798478854,124.42475861650158,124.98847198486328,3562200,0.0,0.0
2024-09-09 00:00:00-04:00,125.75628465621148,127.30162844640631,124.58998773588084,124.85240936279297,3616300,0.0,0.0
2024-09-10 00:00:00-04:00,125.23146312480539,126.5046715313368,124.85241623408024,126.43663024902344,2732500,0.0,0.0
2024-09-11 00:00:00-04:00,125.86319791562802,126.71848925718902,123.55003910987051,126.57269287109375,3283800,0.0,0.0
2024-09-12 00:00:00-04:00,126.64073204101055,128.99276836085164,126.44635169305846,128.3221435546875,3978800,0.0,0.0
2024-09-13 00:00:00-04:00,128.1763700968909,129.62451638632808,127.66125546866184,129.43984985351562,2670100,0.0,0.0
2024-09-16 00:00:00-04:00,130.21736925234305,131.48086367552673,130.07158770862796,130.82968139648438,3069300,0.0,0.0
2024-09-17 00:00:00-04:00,130.3242793325232,130.65472738175453,128.59426915681937,129.8188934326172,3969000,0.0,0.0
2024-09-18 00:00:00-04:00,129.51759428288267,130.50895331765005,128.05971945598287,129.6147918701172,2960900,0.0,0.0
2024-09-19 00:00:00-04:00,130.6255850096615,131.51976133162702,129.57592813308878,130.08131408691406,2691500,0.0,0.0
2024-09-20 00:00:00-04:00,129.27460127771366,131.1601215577532,129.04135082180318,130.9851837158203,11579600,0.0,0.0
2024-09-23 00:00:00-04:00,130.91716080932858,132.26812426695506,130.90744698239249,131.8307647705078,2638400,0.0,0.0
2024-09-24 00:00:00-04:00,132.63745660934092,134.06617516567306,132.5208313656469,133.36639404296875,3145300,0.0,0.0
2024-09-25 00:00:00-04:00,133.3761065577417,134.01757505228846,132.21952346825378,132.76380920410156,3579900,0.0,0.0
2024-09-26 00:00:00-04:00,133.6968550213879,136.76811526403318,133.68714119356608,135.52406311035156,4111100,0.0,0.0
2024-09-27 00:00:00-04:00,135.0964080944707,135.37825738460057,133.2011736807822,133.44415283203125,2956100,0.0,0.0
2024-09-30 00:00:00-04:00,133.9592475188078,134.07587274837192,131.43225878961817,132.86097717285156,3814000,0.0,0.0
2024-10-01 00:00:00-04:00,132.18066246257666,133.48302719522232,131.1115482311386,133.2108917236328,3050500,0.0,0.0
2024-10-02 00:00:00-04:00,133.36640229553728,133.36640229553728,131.56835058255245,131.6266632080078,2624900,0.0,0.0
2024-10-03 00:00:00-04:00,131.20874166274385,131.79189755779757,130.08131484178426,130.9949188232422,2504900,0.0,0.0
2024-10-04 00:00:00-04:00,132.02513030848934,132.11259923191116,130.28540634482573,131.4711456298828,2387300,0.0,0.0
2024-10-07 00:00:00-04:00,130.9366038616035,131.47116095081185,130.07159869189184,131.06295776367188,2254200,0.0,0.0
2024-10-08 00:00:00-04:00,130.70334642332276,131.2476173723298,129.5564918993823,130.90745544433594,2882100,0.0,0.0
2024-10-09 00:00:00-04:00,130.81025687428985,131.7335747152189,130.46036629106428,131.2184600830078,2671400,0.0,0.0
2024-10-10 00:00:00-04:00,130.6547511435502,130.71307860131836,129.19687613504672,129.71200561523438,3060100,0.0,0.0
2024-10-11 00:00:00-04:00,129.65366596101,131.07267069445442,129.3621028509537,130.96575927734375,3103600,0.0,0.0
2024-10-14 00:00:00-04:00,130.62558057200062,132.0834554213768,130.26597618817416,131.9473876953125,2207900,0.0,0.0
2024-10-15 00:00:00-04:00,132.18064976834137,133.10396751758103,131.2087332259271,131.91822814941406,2465800,0.0,0.0
2024-10-16 00:00:00-04:00,131.79189083059637,133.20116686972537,131.52946920819022,132.5208282470703,2021100,0.0,0.0
2024-10-17 00:00:00-04:00,132.77350363597176,132.8221024233571,131.32534282138755,131.86961364746094,2328500,0.0,0.0
2024-10-18 00:00:00-04:00,131.87934460770109,132.29726155992924,130.51865268847166,131.34478759765625,2791400,0.0,0.0
2024-10-21 00:00:00-04:00,131.48086830656882,132.02513919596754,129.99383718722254,131.05322265625,5940600,0.0,0.0
2024-10-22 00:00:00-04:00,136.25298391692422,137.3706820205942,127.14613056240337,128.0305633544922,13082300,0.0,0.0
2024-10-23 00:00:00-04:00,127.53488958050892,128.43876484428793,122.37401512533341,124.3178482055664,8116200,0.0,0.0
2024-10-24 00:00:00-04:00,124.44419048016053,125.31892428698326,122.33514072849009,122.91828918457031,5084900,0.0,0.0
2024-10-25 00:00:00-04:00,123.04463379583153,123.47227945084448,121.00361052304804,121.24658966064453,3774600,0.0,0.0
2024-10-28 00:00:00-04:00,123.0932285841555,127.12668362004213,122.5197939822163,126.63099670410156,5239200,0.0,0.0
2024-10-29 00:00:00-04:00,125.38694827353586,126.55325999307217,124.18177383260891,125.63965606689453,2820400,0.0,0.0
2024-10-30 00:00:00-04:00,125.37723092208735,125.81459038948266,123.84160104278918,123.97766876220703,2737200,0.0,0.0
2024-10-31 00:00:00-04:00,123.43341059527924,125.52302539372097,123.40425428313507,124.86212921142578,3408800,0.0,0.0
2024-11-01 00:00:00-04:00,124.86212781565898,124.91072661211287,123.28762024125687,123.64723205566406,3068700,0.0,0.0
2024-11-04 00:00:00-05:00,123.66665241815478,125.19256101463488,121.95608473040794,122.31568908691406,3642900,0.0,0.0
2024-11-05 00:00:00-05:00,121.97552916262569,124.30813040653157,121.32434684234605,122.96688079833984,3943800,0.0,0.0
2024-11-06 00:00:00-05:00,127.02950015138987,130.6255887043452,125.96040076011708,130.15907287597656,4803200,0.0,0.0
2024-11-07 00:00:00-05:00,129.61481135304737,131.01437377008827,128.75951991368422,129.3329620361328,3906400,0.0,0.0
2024-11-08 00:00:00-05:00,129.70227079689238,131.22818701851583,129.45929164034882,130.56727600097656,3465700,0.0,0.0
2024-11-11 00:00:00-05:00,131.0629594795357,131.53918912229864,129.05108499843138,129.26490783691406,3791300,0.0,0.0
2024-11-12 00:00:00-05:00,129.0705159165334,129.4592765896983,124.86211563482598,126.68932342529297,3144600,0.0,0.0
2024-11-13 00:00:00-05:00,128.30270138867928,129.3329454128906,127.14613312490451,127.75843048095703,2675500,0.0,0.0
2024-11-14 00:00:00-05:00,128.16661439140864,129.56617641813344,128.0694316469386,128.60398864746094,2283900,0.0,0.0
2024-11-15 00:00:00-05:00,127.12859247893398,128.24246933046723,126.73776425034524,126.81591796875,1928800,0.7,0.0
2024-11-18 00:00:00-05:00,126.80616257040465,127.3924198690738,125.6238973939165,127.18722534179688,2433000,0.0,0.0
2024-11-19 00:00:00-05:00,126.05380403830748,126.29807543084604,125.06695297974304,125.25260162353516,2600500,0.0,0.0
2024-11-20 00:00:00-05:00,125.06694364202383,125.2525922719551,124.1875652036267,124.91060638427734,1700600,0.0,0.0
2024-11-21 00:00:00-05:00,124.80313549282862,125.63365668555099,123.42544134530813,124.40252685546875,2544800,0.0,0.0
2024-11-22 00:00:00-05:00,124.7640495713852,125.53594055445072,123.47429701276313,125.4773178100586,3052400,0.0,0.0
2024-11-25 00:00:00-05:00,126.24923566805819,127.60738404205212,124.62727001015381,127.33380126953125,5074700,0.0,0.0
2024-11-26 00:00:00-05:00,127.01136876623617,130.1771167242886,126.67914831492654,129.90353393554688,3080300,0.0,0.0
2024-11-27 00:00:00-05:00,130.84153025763717,132.4439499715865,129.32704466544996,129.4442901611328,2579600,0.0,0.0
2024-11-29 00:00:00-05:00,129.8155997663827,130.67543990739463,129.01438237877724,130.47024536132812,1618300,0.0,0.0
2024-12-02 00:00:00-05:00,130.47022854683124,130.70473443937877,129.3465861603008,129.8448944091797,3001900,0.0,0.0
2024-12-03 00:00:00-05:00,129.84490976711572,130.1771153056613,127.74418161021117,128.144775390625,2378400,0.0,0.0
2024-12-04 00:00:00-05:00,127.92980469262017,128.3792706084096,126.01472535195104,127.46080780029297,2503400,0.0,0.0
2024-12-05 00:00:00-05:00,127.82231659519482,132.4732376376945,127.46078486630287,130.27479553222656,4171800,0.0,0.0
2024-12-06 00:00:00-05:00,130.1966363374688,131.14441041760978,129.1706936321559,130.05984497070312,1912300,0.0,0.0
2024-12-09 00:00:00-05:00,130.05009814419248,130.78291233754635,128.26202972331185,128.47698974609375,3442400,0.0,0.0
2024-12-10 00:00:00-05:00,127.13838064065146,127.60739248957228,124.67612807039279,126.7964096069336,3225700,0.0,0.0
2024-12-11 00:00:00-05:00,127.28495243436818,127.6757807326583,126.29808638109822,126.7964096069336,4089500,0.0,0.0
2024-12-12 00:00:00-05:00,126.6791409459647,127.67577242363166,125.81931576385433,126.77685546875,2915300,0.0,0.0
2024-12-13 00:00:00-05:00,126.7279873832422,127.17745327686463,125.95609639208176,126.94294738769531,2382000,0.0,0.0
2024-12-16 00:00:00-05:00,126.92340500442712,127.21653364668991,125.90724260827713,126.50326538085938,3097800,0.0,0.0
2024-12-17 00:00:00-05:00,125.46756562176382,126.39579396102695,124.72497847761039,125.11581420898438,2693200,0.0,0.0
2024-12-18 00:00:00-05:00,125.27214624874969,126.40555416777353,122.49721938106165,122.65354919433594,3748900,0.0,0.0
2024-12-19 00:00:00-05:00,123.74789151888794,124.81291123426246,122.82942867842077,124.21688842773438,3038100,0.0,0.0
2024-12-20 00:00:00-05:00,123.47429677815884,127.36310033114744,122.86850108716513,126.31761169433594,8351300,0.0,0.0
2024-12-23 00:00:00-05:00,125.55549346591847,126.22968488244338,124.82267930172051,126.02449035644531,2067400,0.0,0.0
2024-12-24 00:00:00-05:00,125.78999759743527,127.37287139892578,125.15488305190655,127.37287139892578,803200,0.0,0.0
2024-12-26 00:00:00-05:00,127.34355851322397,128.38903227427983,126.26875846994976,128.174072265625,1484900,0.0,0.0
2024-12-27 00:00:00-05:00,126.93318860034042,128.17407652620065,126.24923169058624,127.19699096679688,1842600,0.0,0.0
2024-12-30 00:00:00-05:00,126.16127825768118,126.94294965976115,124.98877860913217,126.17105865478516,2154000,0.0,0.0
2024-12-31 00:00:00-05:00,126.23944564029432,127.06997429225447,125.71182602186511,126.13196563720703,2220300,0.0,0.0
2025-01-02 00:00:00-05:00,127.3044660764505,128.60399160955328,126.02448642834364,126.72798919677734,3248900,0.0,0.0
2025-01-03 00:00:00-05:00,126.72798599969714,127.86140875459556,126.33715776449013,126.89408874511719,2273700,0.0,0.0
2025-01-06 00:00:00-05:00,127.82232763079328,128.39880447669285,126.90386490863953,127.30445861816406,3067000,0.0,0.0
2025-01-07 00:00:00-05:00,127.10906393479087,129.7569725084982,127.03089529658122,129.7276611328125,3414500,0.0,0.0
2025-01-08 00:00:00-05:00,129.00459764618066,131.59386826302176,128.64308078133834,131.4473114013672,4676000,0.0,0.0
2025-01-10 00:00:00-05:00,130.76335898999264,130.83174722471588,127.63668825858139,128.20339965820312,4661700,0.0,0.0
2025-01-13 00:00:00-05:00,127.7344002837721,131.642742805254,126.57166599816827,131.51573181152344,4207200,0.0,0.0
2025-01-14 00:00:00-05:00,131.53524003415308,134.54466504416547,131.38868317860903,134.06590270996094,4629000,0.0,0.0
2025-01-15 00:00:00-05:00,135.04301836459845,135.668352603302,133.9779836426714,134.62286376953125,4114300,0.0,0.0
2025-01-16 00:00:00-05:00,134.86714107426982,136.30345827897338,133.31357835380103,135.99078369140625,4122700,0.0,0.0
2025-01-17 00:00:00-05:00,136.44998756626174,138.41393901283965,136.30343070120753,137.79837036132812,5724500,0.0,0.0
2025-01-21 00:00:00-05:00,142.16593021636027,146.5628146560415,141.67738750084013,143.52407836914062,11368500,0.0,0.0
2025-01-22 00:00:00-05:00,144.49142630235497,148.5951829258279,144.03219486807785,145.7030029296875,7077700,0.0,0.0
2025-01-23 00:00:00-05:00,146.02542606006293,147.01229196412376,145.0092636926609,146.20130920410156,4439100,0.0,0.0
2025-01-24 00:00:00-05:00,145.48803573206084,146.66055034597576,144.99949294597715,146.00588989257812,4858400,0.0,0.0
2025-01-27 00:00:00-05:00,145.5857594374228,148.51701633884744,145.49782530857453,148.0480194091797,4929600,0.0,0.0
2025-01-28 00:00:00-05:00,147.85260188636158,149.45502169283193,146.35764718437713,147.93075561523438,4286800,0.0,0.0
2025-01-29 00:00:00-05:00,148.0284585390167,149.2791268309714,147.18816438262755,148.06753540039062,3996100,0.0,0.0
2025-01-30 00:00:00-05:00,148.5169851873125,151.10625561014567,148.35088245350252,150.8619842529297,3962300,0.0,0.0
2025-01-31 00:00:00-05:00,151.43847909535478,151.44824458255331,148.64401411507882,148.71240234375,4164200,0.0,0.0
2025-02-03 00:00:00-05:00,145.76161925933866,148.15549085094116,144.75522230749172,146.60191345214844,3556300,0.0,0.0
2025-02-04 00:00:00-05:00,146.03521421959715,149.25958463723566,145.89842283769212,148.20433044433594,3110400,0.0,0.0
2025-02-05 00:00:00-05:00,148.96646069462366,150.09986853458093,147.2858724553784,148.95668029785156,2841400,0.0,0.0
2025-02-06 00:00:00-05:00,149.2009637754105,149.95332383997092,148.0968672179125,148.82968139648438,2760200,0.0,0.0
2025-02-07 00:00:00-05:00,149.00556156255217,149.39638985873086,146.113381479741,146.43582153320312,3356600,0.0,0.0
2025-02-10 00:00:00-05:00,146.71918016424607,147.14910022217745,144.73569754990717,146.25994873046875,3531400,0.0,0.0
2025-02-11 00:00:00-05:00,145.88863107702866,146.93411970019608,145.16559736148008,146.6312255859375,2187700,0.0,0.0
2025-02-12 00:00:00-05:00,145.29262221670896,146.6312395944821,144.76500256551984,145.45872497558594,2102900,0.0,0.0
2025-02-13 00:00:00-05:00,145.69322707508414,146.28924985743345,144.1494301157344,145.31216430664062,2047000,0.0,0.0
2025-02-14 00:00:00-05:00,145.21396896730272,146.84393530221388,145.06668917070215,145.93075561523438,2388300,0.73,0.0
2025-02-18 00:00:00-05:00,145.49872672725874,146.7850353137535,145.3219909569736,146.29408264160156,2601400,0.0,0.0
2025-02-19 00:00:00-05:00,145.39072956736308,147.6392861831954,145.39072956736308,147.482177734375,3216900,0.0,0.0
2025-02-20 00:00:00-05:00,147.27598372235644,147.37416526433262,145.36125637024483,146.3824462890625,2231500,0.0,0.0
2025-02-21 00:00:00-05:00,146.3824462037994,146.83411425853615,141.9442299834624,142.35662841796875,4278500,0.0,0.0
2025-02-24 00:00:00-05:00,142.35661209590316,143.7509156858504,141.26669672157118,142.84756469726562,3447500,0.0,0.0
2025-02-25 00:00:00-05:00,142.79849686900775,144.88996019093312,142.71012897777678,143.88841247558594,4358800,0.0,0.0
2025-02-26 00:00:00-05:00,141.777283023539,146.55915627633607,139.19486770253354,144.76226806640625,5783400,0.0,0.0
2025-02-27 00:00:00-05:00,146.07805248133107,149.79946689455957,145.5281879225867,147.79638671875,6576000,0.0,0.0
2025-02-28 00:00:00-05:00,148.75866348467,152.6862849628131,148.26771079990212,152.3131561279297,8323100,0.0,0.0
2025-03-03 00:00:00-05:00,152.6862704115646,153.52089588920364,149.1514054250394,150.64390563964844,5672700,0.0,0.0
2025-03-04 00:00:00-05:00,147.77674297351388,148.3069652263529,142.98504046669078,143.220703125,6787400,0.0,0.0
2025-03-05 00:00:00-05:00,144.1044156441967,146.34315851730818,143.3581730140548,144.9390411376953,3909700,0.0,0.0
2025-03-06 00:00:00-05:00,143.74112277008732,145.4496434631423,143.11270394896707,144.2811737060547,4492400,0.0,0.0
2025-03-07 00:00:00-05:00,142.0718724332343,144.55609150686422,138.2326193257389,143.65274047851562,5891100,0.0,0.0
2025-03-10 00:00:00-04:00,140.8739516229502,146.48062237757523,140.53027878211324,144.9488525390625,4966500,0.0,0.0
2025-03-11 00:00:00-04:00,143.09306918200326,146.78504306034952,142.99488763200327,144.8703155517578,5818300,0.0,0.0
2025-03-12 00:00:00-04:00,145.62636888634785,148.50335913207346,144.53645343217718,147.52145385742188,4196600,0.0,0.0
2025-03-13 00:00:00-04:00,147.56071652633224,148.50335213798388,143.26979547265444,143.45635986328125,3295000,0.0,0.0
2025-03-14 00:00:00-04:00,145.24343533223637,148.06149884877968,144.3989961449629,147.68838500976562,4094400,0.0,0.0
2025-03-17 00:00:00-04:00,147.64910623396617,151.19378523197432,147.28580604019353,150.43772888183594,4562100,0.0,0.0
2025-03-18 00:00:00-04:00,149.80931612990094,150.43773499523562,147.7767647322589,148.1891632080078,3038500,0.0,0.0
2025-03-19 00:00:00-04:00,148.45427583200896,151.1839715720056,148.18915718598427,150.43772888183594,2344100,0.0,0.0
2025-03-20 00:00:00-04:00,148.90595078502167,150.86976162284688,148.35608614766065,148.5328369140625,2579000,0.0,0.0
2025-03-21 00:00:00-04:00,147.18758398187344,148.03202305602042,145.39071064459333,147.63926696777344,5538500,0.0,0.0
2025-03-24 00:00:00-04:00,148.95502455297606,151.24286560066997,147.97311929556332,150.3787841796875,3207800,0.0,0.0
2025-03-25 00:00:00-04:00,150.35918817687354,152.19534659618662,149.91731873286298,150.7224884033203,4118900,0.0,0.0
2025-03-26 00:00:00-04:00,150.67333798484702,151.63560080932268,149.30849046447938,149.91726684570312,3836700,0.0,0.0
2025-03-27 00:00:00-04:00,149.90748363509462,149.90748363509462,145.43981142574395,145.7540283203125,2825300,0.0,0.0
2025-03-28 00:00:00-04:00,145.18453580566674,146.15662756392973,141.71841087633337,142.21917724609375,2581500,0.0,0.0
2025-03-31 00:00:00-04:00,141.38454291666238,145.06668761914767,139.60728182147395,144.20260620117188,4508600,0.0,0.0
2025-04-01 00:00:00-04:00,143.06360066305098,145.99950293356582,141.57110039677622,144.99795532226562,3641300,0.0,0.0
2025-04-02 00:00:00-04:00,143.07342512922938,145.48890373090023,142.95558630724832,145.08631896972656,4411100,0.0,0.0
2025-04-03 00:00:00-04:00,140.25535383423198,141.87550661941665,136.33756115385688,137.21145629882812,6712300,0.0,0.0
2025-04-04 00:00:00-04:00,131.7618708672172,132.86159997756735,124.14228385774688,124.61360168457031,9609100,0.0,0.0
2025-04-07 00:00:00-04:00,122.47305238141733,131.93861146130794,119.77281278401195,126.22393035888672,7174700,0.0,0.0
2025-04-08 00:00:00-04:00,129.84717388050498,131.44766947444182,122.56143020937974,124.85909271240234,5496800,0.0,0.0
2025-04-09 00:00:00-04:00,122.73815381017414,136.71066104477262,121.20638404785274,135.817138671875,6428100,0.0,0.0
2025-04-10 00:00:00-04:00,133.29364513383828,133.3329147536506,126.35156743683606,130.56394958496094,4757100,0.0,0.0
2025-04-11 00:00:00-04:00,130.7210705762852,134.02027331655967,129.27766844099716,133.4900360107422,3337600,0.0,0.0
2025-04-14 00:00:00-04:00,135.61094206696717,135.7876778299096,131.99752275905655,133.54893493652344,3815800,0.0,0.0
2025-04-15 00:00:00-04:00,133.54894428798778,134.98253272387686,132.6946914085771,132.81251525878906,2541700,0.0,0.0
2025-04-16 00:00:00-04:00,131.09417986986438,132.04662927240204,127.52004494104948,128.09938049316406,5635500,0.0,0.0
2025-04-17 00:00:00-04:00,127.9815422338982,130.54431584698216,127.72625223165709,127.8539047241211,4952000,0.0,0.0
2025-04-21 00:00:00-04:00,126.66578150197606,127.4905783438188,122.39449501936403,123.80843353271484,5971800,0.0,0.0
2025-04-22 00:00:00-04:00,130.8781585027214,134.78615261292455,128.0011829970695,133.8631591796875,7943800,0.0,0.0
2025-04-23 00:00:00-04:00,136.85797062939557,139.57783762463342,132.753598530822,133.59803771972656,4655800,0.0,0.0
2025-04-24 00:00:00-04:00,133.18564092903247,137.23108617214842,132.67504595243864,136.3670196533203,2921100,0.0,0.0
2025-04-25 00:00:00-04:00,136.4848292175793,136.4848292175793,134.619215242931,134.83523559570312,2141300,0.0,0.0
2025-04-28 00:00:00-04:00,134.83524100197255,135.90551416736605,133.57838845241122,135.43418884277344,2499900,0.0,0.0
2025-04-29 00:00:00-04:00,135.01198660649308,136.7008650193856,134.3639254749371,135.87606811523438,1917200,0.0,0.0
2025-04-30 00:00:00-04:00,135.13964664627127,136.7892405467199,132.4099507995616,136.396484375,3062800,0.0,0.0
2025-05-01 00:00:00-04:00,135.77786820075087,137.71222290469376,135.1789053485246,135.4047393798828,2236300,0.0,0.0
2025-05-02 00:00:00-04:00,137.46672960057907,140.45171485095332,136.7695703080807,139.50909423828125,2734200,0.0,0.0
2025-05-05 00:00:00-04:00,138.07552280904682,139.302904472426,137.3390938110193,138.2522735595703,2623500,0.0,0.0
2025-05-06 00:00:00-04:00,136.61248318346196,137.18199003037162,135.13962529814964,135.52256774902344,2850000,0.0,0.0
2025-05-07 00:00:00-04:00,135.7680474964786,137.26053273713632,135.20835429421777,136.13134765625,2555400,0.0,0.0
2025-05-08 00:00:00-04:00,137.46675331190988,139.78405060990386,136.69105465346072,138.5664825439453,2899500,0.0,0.0
2025-05-09 00:00:00-04:00,138.7039497483908,140.0393416756987,138.4093901180699,140.01971435546875,2634100,0.0,0.0
2025-05-12 00:00:00-04:00,143.44653386593885,148.09095646943643,142.6413793548017,147.6098175048828,4974800,0.0,0.0
2025-05-13 00:00:00-04:00,148.08113097322658,149.004124321774,147.45271220142405,148.0124053955078,3455700,0.0,0.0
2025-05-14 00:00:00-04:00,148.02224160869812,148.04188391219014,144.30082667075257,145.2041778564453,3778700,0.0,0.0
2025-05-15 00:00:00-04:00,143.68220388197693,146.48062498830993,142.72975454544414,146.04859924316406,4472100,0.0,0.0
2025-05-16 00:00:00-04:00,146.7261039667598,150.50644542098684,146.2547936109111,150.3395233154297,4204500,0.0,0.0
2025-05-19 00:00:00-04:00,149.200500942446,151.46869969098177,148.3757041216485,151.3508758544922,2613600,0.0,0.0
2025-05-20 00:00:00-04:00,150.48679218866303,151.93019409487388,150.476978529997,151.36068725585938,2529700,0.0,0.0
2025-05-21 00:00:00-04:00,149.56383211883252,150.39844268796566,146.62792968900857,146.6966552734375,2661800,0.0,0.0
2025-05-22 00:00:00-04:00,147.0108817727644,147.84550737903768,145.00778631078367,147.06979370117188,2862800,0.0,0.0
2025-05-23 00:00:00-04:00,145.49104330844332,146.71457465223824,145.05688653948164,145.65878295898438,2369800,0.73,0.0
2025-05-27 00:00:00-04:00,148.00714036584958,148.00714036584958,144.71151832049225,147.50392150878906,3155300,0.0,0.0
2025-05-28 00:00:00-04:00,147.66178930554747,148.0071453337524,146.22119485569556,146.68495178222656,2297500,0.0,0.0
2025-05-29 00:00:00-04:00,147.8788763956072,148.36237185245375,146.21132671733054,147.64207458496094,2621400,0.0,0.0
2025-05-30 00:00:00-04:00,146.75403059470446,147.46446617734819,145.63905354488716,146.37908935546875,5339800,0.0,0.0
2025-06-02 00:00:00-04:00,145.90544257727723,146.32973756663935,141.99806227745702,144.45497131347656,2825700,0.0,0.0
2025-06-03 00:00:00-04:00,144.36619027760602,146.38895793243577,143.28081340491607,146.16201782226562,2343300,0.0,0.0
2025-06-04 00:00:00-04:00,146.93164916906485,146.9711111215373,144.76088043746495,144.8595428466797,2346900,0.0,0.0
2025-06-05 00:00:00-04:00,145.08646947439732,145.30354783300254,142.96503967246983,144.31683349609375,3568300,0.0,0.0
2025-06-06 00:00:00-04:00,146.03372622355565,146.48762145675752,143.5077398546053,143.5669403076172,2297100,0.0,0.0
2025-06-09 00:00:00-04:00,143.6162824775884,144.08990116909592,140.77454021640995,142.31381225585938,3401900,0.0,0.0
2025-06-10 00:00:00-04:00,142.32368404016486,143.37946057126683,141.24815395019058,143.13278198242188,3129200,0.0,0.0
2025-06-11 00:00:00-04:00,143.1130412890507,146.0830610891655,142.5012832160203,145.224609375,2904400,0.0,0.0
2025-06-12 00:00:00-04:00,144.4747219219267,145.313435191788,142.57037033995823,142.84664916992188,2069700,0.0,0.0
2025-06-13 00:00:00-04:00,141.22845081135205,142.53090611858508,139.84704148154128,140.42921447753906,2450400,0.0,0.0
2025-06-16 00:00:00-04:00,141.77112216534044,143.45841046637946,141.60338251886222,143.14266967773438,1681300,0.0,0.0
2025-06-17 00:00:00-04:00,142.1460760845713,142.9551891310358,140.0838465725831,140.32066345214844,1739900,0.0,0.0
2025-06-18 00:00:00-04:00,140.2417122359228,141.76124567615,139.6891546212947,140.6166534423828,2629100,0.0,0.0
2025-06-20 00:00:00-04:00,141.4060347818781,142.13620884012798,139.93583999787117,142.11647033691406,5566700,0.0,0.0
2025-06-23 00:00:00-04:00,142.47167852818012,145.75743898512135,141.44550227110062,145.6390380859375,2904700,0.0,0.0
2025-06-24 00:00:00-04:00,146.66523642366272,148.2933092568111,146.04360149722856,147.87889099121094,2700500,0.0,0.0
2025-06-25 00:00:00-04:00,147.71113835240504,147.8690162652476,145.1654134680676,145.78704833984375,2378000,0.0,0.0
2025-06-26 00:00:00-04:00,145.72784434386122,149.10240560448602,145.35288807399198,148.75704956054688,2740100,0.0,0.0
2025-06-27 00:00:00-04:00,149.13200698439255,150.83901860252277,148.5597108518723,150.0003204345703,3938200,0.0,0.0
2025-06-30 00:00:00-04:00,150.25686917830035,150.4344856012883,148.9938759377505,150.2174072265625,2302800,0.0,0.0
2025-07-01 00:00:00-04:00,149.9805747804683,154.0162326857765,149.408278675236,151.7665252685547,3781900,0.0,0.0
2025-07-02 00:00:00-04:00,152.16124010306905,153.384756370261,151.17452566510525,151.92442321777344,2864700,0.0,0.0
2025-07-03 00:00:00-04:00,152.20068971341732,152.94072548187802,147.51379651316623,150.90809631347656,3182900,0.0,0.0
2025-07-07 00:00:00-04:00,150.769945205886,152.4177562490607,148.94451776290927,149.82269287109375,3877000,0.0,0.0
2025-07-08 00:00:00-04:00,149.71417364238377,152.5657776932081,149.516833771032,151.69747924804688,3252200,0.0,0.0
2025-07-09 00:00:00-04:00,152.32896566385602,154.5687963905323,151.79613148523273,153.90769958496094,2855900,0.0,0.0
2025-07-10 00:00:00-04:00,154.03598836339862,157.3513494094148,153.887987223157,155.22991943359375,4043400,0.0,0.0
2025-07-11 00:00:00-04:00,153.97677840719862,154.4701355856542,152.76312396389645,153.76956176757812,2401300,0.0,0.0
2025-07-14 00:00:00-04:00,153.5228731102966,156.00939734234458,152.86177634124888,155.8120574951172,2961300,0.0,0.0
2025-07-15 00:00:00-04:00,155.81206795840373,156.177147453094,153.95704014655144,154.5095977783203,3058900,0.0,0.0
2025-07-16 00:00:00-04:00,155.52590577229407,155.5851062223225,152.79271795554325,155.46670532226562,3194600,0.0,0.0
2025-07-17 00:00:00-04:00,155.1706973447521,157.35134274031358,154.7069403835612,156.9270477294922,5024200,0.0,0.0
2025-07-18 00:00:00-04:00,160.3805531059282,161.96916390360747,148.25383966729606,151.19424438476562,11701900,0.0,0.0
2025-07-21 00:00:00-04:00,150.22726892850596,151.60866308013436,147.35592638183508,150.78970336914062,5194000,0.0,0.0
2025-07-22 00:00:00-04:00,150.94755823811258,152.01321155124734,148.32290948901723,149.1912078857422,4927800,0.0,0.0
2025-07-23 00:00:00-04:00,149.90164569725314,150.62194297364186,147.809816045023,148.81626892089844,4976700,0.0,0.0
2025-07-24 00:00:00-04:00,148.00716437435645,149.28001936330628,145.84625736552007,147.31646728515625,4860900,0.0,0.0
2025-07-25 00:00:00-04:00,148.00715297956924,149.38854705161876,147.2177784857983,149.26028442382812,2818000,0.0,0.0
2025-07-28 00:00:00-04:00,148.59917455140746,151.83559614091337,148.15514108664826,150.0299072265625,3970300,0.0,0.0
2025-07-29 00:00:00-04:00,150.37525754831142,151.06596962268844,149.14186463844646,149.7733612060547,3918100,0.0,0.0
2025-07-30 00:00:00-04:00,150.45420499560655,150.47394349897718,144.55365719737807,144.67205810546875,3529500,0.0,0.0
2025-07-31 00:00:00-04:00,144.24777499800118,147.57299758019013,143.6261401319644,147.23751831054688,4390400,0.0,0.0
2025-08-01 00:00:00-04:00,144.55365396266757,144.77073232668727,142.33354664924778,142.49142456054688,4074400,0.0,0.0
2025-08-04 00:00:00-04:00,143.45839399292424,146.2113203135784,143.07357601141206,145.9054412841797,3641300,0.0,0.0
2025-08-05 00:00:00-04:00,146.4876282705367,149.21095462822262,146.03373301622216,148.09596252441406,3743900,0.0,0.0
2025-08-06 00:00:00-04:00,148.27357300468785,149.37868828419562,146.6652237592091,148.81626892089844,2636900,0.0,0.0
2025-08-07 00:00:00-04:00,149.96084661410734,150.4542038019933,147.98741786256363,149.7240447998047,2293900,0.0,0.0
2025-08-08 00:00:00-04:00,150.37526892691216,151.64813893760524,149.4082930281073,151.26332092285156,2376400,0.0,0.0
2025-08-11 00:00:00-04:00,151.707325373271,153.54261459466343,151.1251675430179,153.24659729003906,3354500,0.0,0.0
2025-08-12 00:00:00-04:00,153.72022441185155,156.35476501767954,153.54262305293264,155.75286865234375,2748200,0.0,0.0
2025-08-13 00:00:00-04:00,156.28567431677484,158.3380418273448,154.53918582424942,158.07162475585938,3132000,0.0,0.0
2025-08-14 00:00:00-04:00,157.47962135092067,157.94337831483202,154.54907843261563,154.5688018798828,6344900,0.0,0.0
2025-08-15 00:00:00-04:00,155.27923556791515,155.27923556791515,149.5957662176693,150.3654022216797,3921100,0.0,0.0
2025-08-18 00:00:00-04:00,150.335790192666,153.36499524118733,150.16805056968545,150.8291473388672,2585500,0.0,0.0
2025-08-19 00:00:00-04:00,150.8094182154515,153.6511603722258,150.02992050064904,152.28948974609375,2146200,0.0,0.0
2025-08-20 00:00:00-04:00,152.07241116060916,153.27620387491686,151.1350355371246,152.6940460205078,3258200,0.0,0.0
2025-08-21 00:00:00-04:00,152.31908745414174,153.14793894020946,151.11529475796806,152.32896423339844,2236900,0.0,0.0
2025-08-22 00:00:00-04:00,153.6807548812839,156.99611558883063,152.9407191434928,156.61129760742188,1958200,0.0,0.0
2025-08-25 00:00:00-04:00,156.21479654678512,156.5419186363608,154.4404235312937,154.489990234375,1606300,0.73,0.0
2025-08-26 00:00:00-04:00,154.40076056407386,155.35238981417126,153.23106505158034,155.20370483398438,2960600,0.0,0.0
2025-08-27 00:00:00-04:00,154.6783025464939,155.84801308330506,154.3908399011537,155.16403198242188,2155000,0.0,0.0
2025-08-28 00:00:00-04:00,156.38329500106957,157.08710581023274,155.21359958308574,156.18504333496094,2982200,0.0,0.0
2025-08-29 00:00:00-04:00,156.2247187939572,156.85913326606362,153.96461629172592,154.1727752685547,3279100,0.0,0.0
2025-09-02 00:00:00-04:00,152.60655230951974,153.14184846990818,150.37618693437875,152.92376708984375,2745100,0.0,0.0
2025-09-03 00:00:00-04:00,152.16047894327264,152.74532666541086,149.1172621041034,150.67356872558594,3964400,0.0,0.0
2025-09-04 00:00:00-04:00,150.8718218159105,154.24216074976292,150.69339984841287,154.16285705566406,2741200,0.0,0.0
2025-09-05 00:00:00-04:00,154.440415195175,156.18505111977555,152.9336752315094,153.9447784423828,2053300,0.0,0.0
2025-09-08 00:00:00-04:00,153.2608054050837,153.62757178133523,150.67358081371754,152.6561279296875,2715500,0.0,0.0
2025-09-09 00:00:00-04:00,152.80481071021225,152.80481071021225,150.22750857198758,151.74415588378906,1669200,0.0,0.0
2025-09-10 00:00:00-04:00,151.82344790541853,153.85556153882592,151.12955950332721,152.22987365722656,2811600,0.0,0.0
2025-09-11 00:00:00-04:00,152.4479431201789,158.10812139401432,152.06134706474236,158.07838439941406,3663900,0.0,0.0
2025-09-12 00:00:00-04:00,157.72154003199003,160.68545348354502,156.43288135193853,156.4923553466797,2865100,0.0,0.0
2025-09-15 00:00:00-04:00,156.6212105539468,156.99789931826646,153.89520847152053,155.29290771484375,3219500,0.0,0.0
2025-09-16 00:00:00-04:00,155.53081122413874,156.1057516881577,152.28935766279602,155.13430786132812,2208600,0.0,0.0
2025-09-17 00:00:00-04:00,155.1343026145476,157.15649389750337,152.20012640183091,153.80599975585938,2757300,0.0,0.0
2025-09-18 00:00:00-04:00,153.79608115520233,155.55063952736754,152.963415025428,154.0438995361328,1795000,0.0,0.0
2025-09-19 00:00:00-04:00,154.54946304323641,156.03637337047408,153.3401081003657,155.2334442138672,6507100,0.0,0.0
2025-09-22 00:00:00-04:00,154.2421706680515,154.35121136374497,152.29926785177713,152.51734924316406,2484800,0.0,0.0
2025-09-23 00:00:00-04:00,152.4975150967441,156.75999426933348,152.4975150967441,154.92613220214844,2254000,0.0,0.0
2025-09-24 00:00:00-04:00,154.63866182201778,155.13429855862682,153.11210732854042,153.25088500976562,1739300,0.0,0.0
2025-09-25 00:00:00-04:00,152.65613192336525,152.65613192336525,150.49516277072868,151.69459533691406,2949300,0.0,0.0
2025-09-26 00:00:00-04:00,152.67594905789338,153.1517561038153,151.0403387037348,151.47650146484375,2104000,0.0,0.0
2025-09-29 00:00:00-04:00,152.16047219058987,153.05261223135673,151.20884303822396,152.73541259765625,2043400,0.0,0.0
2025-09-30 00:00:00-04:00,152.50744042310137,153.86548033486994,151.09981868349288,153.82582092285156,2177100,0.0,0.0
2025-10-01 00:00:00-04:00,153.10219486649984,155.17395293005765,152.91385047424296,154.638671875,2297900,0.0,0.0
2025-10-02 00:00:00-04:00,155.88767584056868,158.18743777836931,155.1739576616398,157.41424560546875,2167500,0.0,0.0
2025-10-03 00:00:00-04:00,157.53317731594828,158.9903505202262,156.33374489309506,157.27545166015625,3411600,0.0,0.0
2025-10-06 00:00:00-04:00,157.31509129695584,157.8206504298133,153.2806162770239,154.5692596435547,2421400,0.0,0.0
2025-10-07 00:00:00-04:00,155.46142810367155,156.56174231693728,153.8258177187449,153.97451782226562,1696700,0.0,0.0
2025-10-08 00:00:00-04:00,154.3512092043574,154.7278828632373,151.44676987368325,154.638671875,2084200,0.0,0.0
2025-10-09 00:00:00-04:00,154.73780033687103,155.2334370898711,150.0490657630345,151.5458984375,2512200,0.0,0.0
2025-10-10 00:00:00-04:00,151.90275832567707,152.9039391269203,147.1644721514381,147.45193481445312,3504400,0.0,0.0
2025-10-13 00:00:00-04:00,149.25605935629198,151.09981356051983,149.10735925471553,149.78143310546875,2724800,0.0,0.0
2025-10-14 00:00:00-04:00,147.96739796235735,152.368654674337,147.96739796235735,151.19894409179688,2604800,0.0,0.0
2025-10-15 00:00:00-04:00,152.3488186733412,154.3016285763379,151.37737492928625,152.1307373046875,2381500,0.0,0.0
2025-10-16 00:00:00-04:00,153.12202446133668,153.12202446133668,149.29570800371883,150.08872985839844,4279200,0.0,0.0
2025-10-17 00:00:00-04:00,150.12836553700944,151.73423886021243,149.94994357089408,151.3079833984375,4494000,0.0,0.0
2025-10-20 00:00:00-04:00,151.892829131116,154.7080572732083,151.6945774628192,153.42930603027344,4230400,0.0,0.0
2025-10-21 00:00:00-04:00,156.62120431439882,165.36424335984793,151.46658542538054,165.18580627441406,7302200,0.0,0.0
2025-10-22 00:00:00-04:00,165.70127912187903,167.70364066797083,164.08549850367027,165.77066040039062,5275800,0.0,0.0
2025-10-23 00:00:00-04:00,165.76075628177497,170.1322760575214,165.25521224077775,170.1025390625,4779100,0.0,0.0
2025-10-24 00:00:00-04:00,170.49904408440744,171.34163261996167,166.2861316579032,167.0295867919922,3612300,0.0,0.0
2025-10-27 00:00:00-04:00,168.49666437598836,169.14100122285464,165.93917694485867,166.93045043945312,2922300,0.0,0.0
2025-10-28 00:00:00-04:00,166.85116373528322,167.02958570600046,164.89835371905556,165.37416076660156,2448100,0.0,0.0
2025-10-29 00:00:00-04:00,165.6913576774476,166.53394619356112,162.1822561807904,163.193359375,3163400,0.0,0.0
2025-10-30 00:00:00-04:00,163.57004594237728,167.78295860462393,163.16363527514847,164.9974822998047,2143700,0.0,0.0
2025-10-31 00:00:00-04:00,164.04586202599103,165.87970898224057,163.76830664747072,165.0470428466797,2096600,0.0,0.0
2025-11-03 00:00:00-05:00,164.56129965020492,164.82894771633053,160.08075455589216,160.77464294433594,3141200,0.0,0.0
2025-11-04 00:00:00-05:00,160.40789123421408,160.8143018894511,157.95944438446767,159.18861389160156,3520900,0.0,0.0
2025-11-05 00:00:00-05:00,159.28773511290964,163.39160664272924,158.74253168339553,162.8860626220703,2656200,0.0,0.0
2025-11-06 00:00:00-05:00,162.76711795019887,164.0458693319924,158.17753158449895,162.42018127441406,5193100,0.0,0.0
2025-11-07 00:00:00-05:00,162.47964268258153,163.8376825345992,161.24055081011775,163.40151977539062,2506400,0.0,0.0
2025-11-10 00:00:00-05:00,163.56013434505286,167.69374319796992,162.53912380737384,166.2068328857422,2754900,0.0,0.0
2025-11-11 00:00:00-05:00,166.2068161578907,168.69490705137687,164.55139132529644,167.19808959960938,2365800,0.0,0.0
2025-11-12 00:00:00-05:00,167.1881866738985,170.28095505257716,167.1881866738985,169.58706665039062,2694300,0.0,0.0
2025-11-13 00:00:00-05:00,168.93282133106433,171.05414593160612,167.7730331973022,169.13107299804688,3878900,0.0,0.0
2025-11-14 00:00:00-05:00,168.1554662229742,168.58353807958906,166.2440448728681,166.83140563964844,2748800,0.73,0.0
2025-11-17 00:00:00-05:00,166.16439832832202,167.07033690404145,164.23306209107454,164.65118408203125,2908400,0.0,0.0
2025-11-18 00:00:00-05:00,163.25744563385746,165.84582205780464,162.58047536317025,165.0493927001953,2325700,0.0,0.0
2025-11-19 00:00:00-05:00,164.850293400495,166.56261124669837,163.82489570302317,165.83587646484375,2219100,0.0,0.0
2025-11-20 00:00:00-05:00,167.97627045988827,168.9917183226252,163.2275892239504,163.8746795654297,3303500,0.0,0.0
2025-11-21 00:00:00-05:00,164.6213259409192,168.62337257358746,164.43217225368613,167.33912658691406,3183500,0.0,0.0
2025-11-24 00:00:00-05:00,167.48847091821304,169.99720304404352,165.89561210349711,168.8025665283203,7138100,0.0,0.0
2025-11-25 00:00:00-05:00,169.5292959954854,171.39095290453747,169.45961658949923,170.77371215820312,2605800,0.0,0.0
2025-11-26 00:00:00-05:00,170.3456458690163,171.60001193349396,169.91755879589434,170.0370330810547,2031600,0.0,0.0
2025-11-28 00:00:00-05:00,169.8976581610528,171.47060205667023,169.25055262434572,171.2814483642578,1596300,0.0,0.0
2025-12-01 00:00:00-05:00,169.9175483664285,171.2117441767316,168.8523360607618,169.71844482421875,2244600,0.0,0.0
2025-12-02 00:00:00-05:00,170.11666978560137,171.16196719636557,168.8921533599532,170.7936248779297,1928500,0.0,0.0
2025-12-03 00:00:00-05:00,171.28144017736105,173.90964645173298,170.39541649522198,172.31678771972656,2883300,0.0,0.0
2025-12-04 00:00:00-05:00,171.1321116231235,171.2416208575487,167.9862389799259,168.5138702392578,2860400,0.0,0.0
2025-12-05 00:00:00-05:00,168.4441752207599,168.5835492287154,164.91999519638273,166.7318572998047,3021400,0.0,0.0
2025-12-08 00:00:00-05:00,165.02949700009984,165.07927668440567,161.56503148868788,163.2275848388672,3254000,0.0,0.0
2025-12-09 00:00:00-05:00,162.67007076209197,164.99962930697873,162.67007076209197,164.35252380371094,2335000,0.0,0.0
2025-12-10 00:00:00-05:00,163.84480556147184,165.98519520789705,162.68003389805367,164.91998291015625,3382000,0.0,0.0
2025-12-11 00:00:00-05:00,165.8159670519226,169.24060285790048,165.47748949195736,167.84686279296875,2525200,0.0,0.0
2025-12-12 00:00:00-05:00,167.71743593897935,169.08131120839658,167.0504306907743,168.1455078125,2423500,0.0,0.0
2025-12-15 00:00:00-05:00,168.8025661808715,169.59899558659015,164.4520920088946,164.95980834960938,2576400,0.0,0.0
2025-12-16 00:00:00-05:00,165.25847313934165,166.25400611006057,162.1125853061192,162.47097778320312,2786500,0.0,0.0
2025-12-17 00:00:00-05:00,161.46548681120015,163.4963672852048,160.29075006584924,161.44557189941406,2638500,0.0,0.0
2025-12-18 00:00:00-05:00,162.64020789704924,163.49636681386156,160.7088716062893,161.0373992919922,2606000,0.0,0.0
2025-12-19 00:00:00-05:00,160.95776328230778,163.2076775162887,160.95776328230778,161.2365264892578,3715700,0.0,0.0
2025-12-22 00:00:00-05:00,161.45551747923602,161.91346929441352,158.35942476147903,159.28526306152344,2334600,0.0,0.0
2025-12-23 00:00:00-05:00,159.26534680359237,159.77307829730876,157.74218270369582,159.43458557128906,1828900,0.0,0.0
2025-12-24 00:00:00-05:00,159.3947804552884,159.96222633489668,158.35943287621038,159.62374877929688,854400,0.0,0.0
2025-12-26 00:00:00-05:00,159.60383987600036,161.455516464451,159.28526206037898,161.35597229003906,1245700,0.0,0.0
2025-12-29 00:00:00-05:00,161.1469129768557,161.97320714423842,160.1016155369083,160.99758911132812,2185100,0.0,0.0
2025-12-30 00:00:00-05:00,160.75865550667785,160.95775905730653,159.9224114796612,160.45004272460938,1293600,0.0,0.0
2025-12-31 00:00:00-05:00,160.45003898604452,160.6192777596669,159.32508192479526,159.38482666015625,1201700,0.0,0.0
2026-01-02 00:00:00-05:00,159.3848347840461,161.16683211882676,158.34947198712533,161.09715270996094,1961200,0.0,0.0
2026-01-05 00:00:00-05:00,160.26088533354374,163.66560609973092,160.0816966993045,162.8194122314453,2894500,0.0,0.0
2026-01-06 00:00:00-05:00,162.15240293094413,165.78609192440925,161.0971404918831,165.467529296875,2854800,0.0,0.0
2026-01-07 00:00:00-05:00,165.10913535306207,165.12903507354724,161.04735935201754,162.18226623535156,2734400,0.0,0.0
2026-01-08 00:00:00-05:00,161.047361200155,165.0493925137913,160.33057629817876,164.50186157226562,2526900,0.0,0.0
2026-01-09 00:00:00-05:00,164.75074479682328,165.50734433085307,163.2176156267972,164.50186157226562,2306800,0.0,0.0
2026-01-12 00:00:00-05:00,163.56606478960978,167.51833176964018,162.3813781626136,167.18980407714844,3247700,0.0,0.0
2026-01-13 00:00:00-05:00,167.2495377646027,169.6388107992746,167.04046915852084,168.66319274902344,2827900,0.0,0.0
2026-01-14 00:00:00-05:00,168.64327586934112,170.08681080118834,167.37895995847649,169.23065185546875,3121900,0.0,0.0
2026-01-15 00:00:00-05:00,169.73836751474377,172.28692942933282,169.17090644328138,170.335693359375,2909200,0.0,0.0
2026-01-16 00:00:00-05:00,168.05591309819079,170.6642045388616,166.2540009080707,167.05043029785156,7328100,0.0,0.0
2026-01-20 00:00:00-05:00,158.7377185573819,162.99859817266653,152.38622895737902,155.42259216308594,11902100,0.0,0.0
2026-01-21 00:00:00-05:00,156.41813647210904,157.93135085039776,153.65055601153156,155.18368530273438,6969100,0.0,0.0
2026-01-22 00:00:00-05:00,155.86063398723044,161.77410205596098,155.50224152274293,159.91246032714844,5559600,0.0,0.0
2026-01-23 00:00:00-05:00,159.16581274206996,163.53620178041618,159.16581274206996,161.9532928466797,4461300,0.0,0.0
2026-01-26 00:00:00-05:00,161.27633626077224,162.13249519669526,158.77755405029592,158.8074188232422,3891000,0.0,0.0
2026-01-27 00:00:00-05:00,158.93682241757028,160.20115346197082,157.21455474301393,157.34397888183594,4661100,0.0,0.0
2026-01-28 00:00:00-05:00,157.1548296140797,158.9866065674162,154.42706390550916,155.243408203125,4323000,0.0,0.0
2026-01-29 00:00:00-05:00,156.7765193539356,158.04085041059588,153.93925965779073,155.6814422607422,4137000,0.0,0.0
2026-01-30 00:00:00-05:00,154.9746123108916,156.02987480607885,151.32100821181064,152.475830078125,4738200,0.0,0.0
2026-02-02 00:00:00-05:00,152.86408793141638,152.95368225141246,149.87748907319514,152.74461364746094,5393500,0.0,0.0
2026-02-03 00:00:00-05:00,152.316537164288,156.37831331154425,150.55443963783543,154.98455810546875,5178800,0.0,0.0
2026-02-04 00:00:00-05:00,155.30313939420026,163.088214314308,155.11398570418132,163.05833435058594,6514900,0.0,0.0
2026-02-05 00:00:00-05:00,162.44110356398195,165.07927489736375,160.4898675615815,164.3425750732422,3514000,0.0,0.0
2026-02-06 00:00:00-05:00,166.23408379244768,172.20728135068782,165.26841563861535,171.87875366210938,7257700,0.0,0.0
2026-02-09 00:00:00-05:00,170.87327355324456,171.82899186141807,167.99618395855717,169.51934814453125,4694500,0.0,0.0
2026-02-10 00:00:00-05:00,169.3102972850503,172.9738512752347,168.68310666115227,172.6552734375,3215900,0.0,0.0
2026-02-11 00:00:00-05:00,173.2227223444279,174.1485606378716,171.66969347115048,172.07786560058594,2996900,0.0,0.0
2026-02-12 00:00:00-05:00,172.61545046694377,176.61749701410645,171.6298674185049,173.8300018310547,4525600,0.0,0.0
2026-02-13 00:00:00-05:00,174.5,174.6999969482422,170.5800018310547,171.82000732421875,3178200,0.78,0.0
2026-02-17 00:00:00-05:00,170.0,171.5,167.25,167.6199951171875,4748900,0.0,0.0
2026-02-18 00:00:00-05:00,166.83999633789062,167.1999969482422,162.50999450683594,164.1699981689453,4211100,0.0,0.0
2026-02-19 00:00:00-05:00,164.08999633789062,165.6300048828125,163.52999877929688,165.0500030517578,3373800,0.0,0.0
2026-02-20 00:00:00-05:00,165.0,169.3699951171875,164.08999633789062,167.05999755859375,2292400,0.0,0.0
2026-02-23 00:00:00-05:00,166.6999969482422,167.44000244140625,164.30999755859375,166.33999633789062,2922000,0.0,0.0
2026-02-24 00:00:00-05:00,165.50999450683594,168.2899932861328,165.5,166.4600067138672,2468500,0.0,0.0
2026-02-25 00:00:00-05:00,167.25999450683594,167.6300048828125,165.0,165.5399932861328,2987900,0.0,0.0
2026-02-26 00:00:00-05:00,165.8800048828125,168.16000366210938,164.41000366210938,166.1699981689453,3474100,0.0,0.0
2026-02-27 00:00:00-05:00,165.25,166.0500030517578,162.8699951171875,165.32000732421875,5367000,0.0,0.0
2026-03-02 00:00:00-05:00,162.27000427246094,164.22999572753906,159.22000122070312,161.4600067138672,3984400,0.0,0.0
2026-03-03 00:00:00-05:00,157.52000427246094,159.63999938964844,156.83999633789062,158.47999572753906,4050400,0.0,0.0
2026-03-04 00:00:00-05:00,159.2899932861328,161.7899932861328,158.77000427246094,160.88999938964844,3865900,0.0,0.0
2026-03-05 00:00:00-05:00,159.57000732421875,160.97000122070312,154.8000030517578,156.2100067138672,4538000,0.0,0.0
2026-03-06 00:00:00-05:00,154.11000061035156,154.1199951171875,151.75999450683594,153.41000366210938,4938100,0.0,0.0
2026-03-09 00:00:00-04:00,151.49000549316406,152.9199981689453,147.72000122070312,151.6300048828125,6235100,0.0,0.0
2026-03-10 00:00:00-04:00,152.39999389648438,156.50999450683594,151.61000061035156,155.25,5891100,0.0,0.0
2026-03-11 00:00:00-04:00,153.8800048828125,155.38999938964844,152.91000366210938,155.1699981689453,3551100,0.0,0.0
2026-03-12 00:00:00-04:00,152.75999450683594,153.47999572753906,148.27000427246094,149.10000610351562,5683000,0.0,0.0
2026-03-13 00:00:00-04:00,151.14999389648438,152.38999938964844,150.39999389648438,150.9600067138672,4010700,0.0,0.0
2026-03-16 00:00:00-04:00,152.58999633789062,152.75,148.1300048828125,149.9499969482422,5104700,0.0,0.0
2026-03-17 00:00:00-04:00,151.64999389648438,151.64999389648438,148.0,149.05999755859375,4412200,0.0,0.0
2026-03-18 00:00:00-04:00,147.83999633789062,148.3300018310547,144.10000610351562,145.0800018310547,4239600,0.0,0.0
2026-03-19 00:00:00-04:00,143.42999267578125,143.97000122070312,141.1199951171875,142.7100067138672,4275900,0.0,0.0
2026-03-20 00:00:00-04:00,141.61000061035156,143.3000030517578,139.33999633789062,141.1999969482422,6900600,0.0,0.0
2026-03-23 00:00:00-04:00,144.0399932861328,148.22000122070312,143.17999267578125,146.55999755859375,4924500,0.0,0.0
2026-03-24 00:00:00-04:00,145.02999877929688,147.8000030517578,144.89999389648438,146.6699981689453,3036500,0.0,0.0
2026-03-25 00:00:00-04:00,148.47999572753906,149.1699981689453,146.47000122070312,148.0500030517578,2238500,0.0,0.0
2026-03-26 00:00:00-04:00,147.08999633789062,147.39999389648438,143.7100067138672,143.99000549316406,2812100,0.0,0.0
2026-03-27 00:00:00-04:00,143.69000244140625,146.19000244140625,142.66000366210938,143.0399932861328,3428000,0.0,0.0
2026-03-30 00:00:00-04:00,143.6999969482422,143.91000366210938,141.75999450683594,142.52000427246094,2483600,0.0,0.0
2026-03-31 00:00:00-04:00,144.41000366210938,145.2899932861328,141.77999877929688,145.22999572753906,3384900,0.0,0.0
2026-04-01 00:00:00-04:00,146.02000427246094,147.27999877929688,145.1699981689453,145.25,2419700,0.0,0.0
2026-04-02 00:00:00-04:00,142.33999633789062,146.1699981689453,142.14999389648438,144.47000122070312,1782800,0.0,0.0
2026-04-06 00:00:00-04:00,144.02000427246094,145.14999389648438,143.50999450683594,144.5,2151000,0.0,0.0
2026-04-07 00:00:00-04:00,143.8300018310547,144.6999969482422,142.63999938964844,144.35000610351562,2887000,0.0,0.0
2026-04-08 00:00:00-04:00,148.97999572753906,150.24000549316406,147.02000427246094,149.1699981689453,4223600,0.0,0.0
2026-04-09 00:00:00-04:00,148.17999267578125,151.44000244140625,147.67999267578125,150.5,2825800,0.0,0.0
2026-04-10 00:00:00-04:00,151.22000122070312,151.5,149.6999969482422,150.32000732421875,1826300,0.0,0.0
2026-04-13 00:00:00-04:00,149.92999267578125,152.7899932861328,148.7100067138672,152.7899932861328,2489100,0.0,0.0
2026-04-14 00:00:00-04:00,153.16000366210938,154.16000366210938,152.3800048828125,152.5500030517578,2232900,0.0,0.0
2026-04-15 00:00:00-04:00,152.0,152.67999267578125,150.08999633789062,151.24000549316406,2837300,0.0,0.0
2026-04-16 00:00:00-04:00,151.49000549316406,152.8699951171875,150.42999267578125,150.5500030517578,2143800,0.0,0.0
2026-04-17 00:00:00-04:00,152.83999633789062,156.3800048828125,151.91000366210938,154.5500030517578,4950500,0.0,0.0
2026-04-20 00:00:00-04:00,154.02000427246094,154.92999267578125,151.02000427246094,151.39999389648438,4672700,0.0,0.0
2026-04-21 00:00:00-04:00,151.77000427246094,158.13999938964844,146.86000061035156,148.47000122070312,7233600,0.0,0.0
2026-04-22 00:00:00-04:00,150.6199951171875,150.91000366210938,144.75,145.77999877929688,4583000,0.0,0.0
2026-04-23 00:00:00-04:00,146.1999969482422,147.3699951171875,143.58999633789062,144.83999633789062,5138200,0.0,0.0
2026-04-24 00:00:00-04:00,144.41000366210938,146.27999877929688,144.01609802246094,145.99000549316406,3719809,0.0,0.0
