Date,Open,High,Low,Close,Volume,Dividends,Stock Splits
2022-01-03 00:00:00-05:00,4.584546877954842,4.5972995148955995,4.527160318806698,4.546288967132568,703667,0.0,0.0
2022-01-04 00:00:00-05:00,4.546288863441655,4.590923091716299,4.546288863441655,4.559041500091553,507323,0.0,0.0
2022-01-05 00:00:00-05:00,4.565417601152813,4.584546555217332,4.482525773958474,4.4889020919799805,608323,0.0,0.0
2022-01-06 00:00:00-05:00,4.501654791980486,4.539912700653076,4.482525837644191,4.539912700653076,558631,0.0,0.0
2022-01-07 00:00:00-05:00,4.527161335057343,4.533537654959069,4.482527095745261,4.5016560554504395,588931,0.0,0.0
2022-01-10 00:00:00-05:00,4.495278204707028,4.520783475628256,4.463396923140724,4.514407157897949,537219,0.0,0.0
2022-01-11 00:00:00-05:00,4.527160164141068,4.571794084823583,4.482525936373296,4.565417766571045,441471,0.0,0.0
2022-01-12 00:00:00-05:00,4.565417660655343,4.635556852720816,4.559041342550732,4.616427898406982,547723,0.0,0.0
2022-01-13 00:00:00-05:00,4.622804216511594,4.648309488930038,4.603675569283009,4.616427898406982,429553,0.0,0.0
2022-01-14 00:00:00-05:00,4.5845469906989855,4.610051958122458,4.546289078935865,4.590923309326172,549137,0.0,0.0
2022-01-18 00:00:00-05:00,4.559041399827205,4.559041399827205,4.495278525065274,4.533536434173584,545703,0.0,0.0
2022-01-19 00:00:00-05:00,4.552665029792024,4.5909229384646135,4.527160064428879,4.539912700653076,545703,0.0,0.0
2022-01-20 00:00:00-05:00,4.546288967132568,4.629180800162229,4.533536637277076,4.546288967132568,715080,0.0,0.0
2022-01-21 00:00:00-05:00,4.527160000109019,4.5590412831313065,4.469773445000706,4.4889020919799805,1238967,0.0,0.0
2022-01-24 00:00:00-05:00,4.406010370653192,4.520783475628256,4.303989594053512,4.514407157897949,2318758,0.0,0.0
2022-01-25 00:00:00-05:00,4.457020914662232,4.5016548347860885,4.4060106763656455,4.437891960144043,941219,0.0,0.0
2022-01-26 00:00:00-05:00,4.476149184339581,4.488901819608808,4.348623445817767,4.4251389503479,947784,0.0,0.0
2022-01-27 00:00:00-05:00,4.450645241647813,4.501655487338761,4.36775340047171,4.3805060386657715,836583,0.0,0.0
2022-01-28 00:00:00-05:00,4.367753558555106,4.367753558555106,4.310366991690117,4.361377239227295,781942,0.0,0.0
2022-01-31 00:00:00-05:00,4.355000650388483,4.437892489434919,4.355000650388483,4.431516170501709,678114,0.0,0.0
2022-02-01 00:00:00-05:00,4.463396600014056,4.469772917282751,4.4187623791331925,4.457020282745361,625796,0.0,0.0
2022-02-02 00:00:00-05:00,4.476150775843535,4.527161335057343,4.450645803321966,4.5016560554504395,551864,0.0,0.0
2022-02-03 00:00:00-05:00,4.4378921158951,4.4825260375854175,4.418763160705566,4.418763160705566,591355,0.0,0.0
2022-02-04 00:00:00-05:00,4.437891908524971,4.4761495100311075,4.399634307018835,4.444268226623535,730432,0.0,0.0
2022-02-07 00:00:00-05:00,4.437891854893174,4.495278410001487,4.431515536871667,4.4889020919799805,531765,0.0,0.0
2022-02-08 00:00:00-05:00,4.469774763027144,4.508032375352165,4.469774763027144,4.5016560554504395,367943,0.0,0.0
2022-02-09 00:00:00-05:00,4.527159844826851,4.546288491150011,4.508030891418457,4.508030891418457,525604,0.0,0.0
2022-02-10 00:00:00-05:00,4.47614998356453,4.533536852522583,4.469773971876694,4.4825263023376465,558934,0.0,0.0
2022-02-11 00:00:00-05:00,4.482526574744658,4.508031851387104,4.406011358987921,4.412387371063232,752854,0.0,0.0
2022-02-14 00:00:00-05:00,4.418763593162727,4.43151623120383,4.355000710042507,4.386882305145264,970509,0.0,0.0
2022-02-15 00:00:00-05:00,4.431515166845417,4.476149082183838,4.4123862143781425,4.476149082183838,391577,0.0,0.0
2022-02-16 00:00:00-05:00,4.457021334330459,4.495278939883881,4.444268696784226,4.4825263023376465,397839,0.0,0.0
2022-02-17 00:00:00-05:00,4.463397235953689,4.476149565222808,4.39963436126709,4.39963436126709,452985,0.0,0.0
2022-02-18 00:00:00-05:00,4.39963436126709,4.431515645067764,4.3677527703811645,4.39963436126709,438946,0.0,0.0
2022-02-22 00:00:00-05:00,4.354999969270581,4.399634194822298,4.291237096996228,4.323118686676025,958288,0.0,0.0
2022-02-23 00:00:00-05:00,4.3358714260698346,4.355000073249182,4.291237199452446,4.310366153717041,731240,0.0,0.0
2022-02-24 00:00:00-05:00,4.221097906785914,4.348623651334623,4.17646460248992,4.323118686676025,1263611,0.0,0.0
2022-02-25 00:00:00-05:00,4.342248431168883,4.412387327065628,4.329495792974822,4.3805060386657715,744269,0.0,0.0
2022-02-28 00:00:00-05:00,4.335871743182185,4.3932583030878005,4.3231191060731,4.367753028869629,617817,0.0,0.0
2022-03-01 00:00:00-05:00,4.380504181230972,4.386880497624298,4.323117640776209,4.3741278648376465,613171,0.0,0.0
2022-03-02 00:00:00-05:00,4.374129034624579,4.4697734990177915,4.355000080328887,4.444268226623535,654985,0.0,0.0
2022-03-03 00:00:00-05:00,4.4697734990177915,4.495278464326799,4.4251392723278435,4.444268226623535,598930,0.0,0.0
2022-03-04 00:00:00-05:00,4.431515590426407,4.450644544722099,4.374129034624579,4.444268226623535,658217,0.0,0.0
2022-03-07 00:00:00-05:00,4.44426854994613,4.450644868508574,4.316742792867788,4.329495429992676,893143,0.0,0.0
2022-03-08 00:00:00-05:00,4.323119111430232,4.431515912821242,4.2912375186180105,4.329495429992676,935664,0.0,0.0
2022-03-09 00:00:00-05:00,4.367752246435643,4.431515113473395,4.354999611611049,4.406010150909424,462176,0.0,0.0
2022-03-10 00:00:00-05:00,4.39325751608483,4.425138796061098,4.367752246435643,4.406010150909424,572872,0.0,0.0
2022-03-11 00:00:00-05:00,4.431516170501709,4.482526414882098,4.41876353263529,4.431516170501709,595900,0.0,0.0
2022-03-14 00:00:00-04:00,4.431516013816898,4.476149937685958,4.431516013816898,4.4506449699401855,679528,0.0,0.0
2022-03-15 00:00:00-04:00,4.450645015557343,4.495278939883881,4.450645015557343,4.4825263023376465,540754,0.0,0.0
2022-03-16 00:00:00-04:00,4.4890411396714605,4.52813284507536,4.404342078552527,4.462979793548584,1159682,0.148515,0.0
2022-03-17 00:00:00-04:00,4.456465427377279,4.502072793022949,4.443434751478516,4.482526779174805,509242,0.0,0.0
2022-03-18 00:00:00-04:00,4.462979959704987,4.489041306798126,4.449949286158418,4.4694952964782715,482477,0.0,0.0
2022-03-21 00:00:00-04:00,4.476010131863038,4.508586498299933,4.430403093339229,4.449948787689209,407838,0.0,0.0
2022-03-22 00:00:00-04:00,4.449949944041412,4.50858766988958,4.449949944041412,4.4955573081970215,592668,0.0,0.0
2022-03-23 00:00:00-04:00,4.462980476866082,4.521618200840036,4.456465139337813,4.515102863311768,617110,0.0,0.0
2022-03-24 00:00:00-04:00,4.554194188038114,4.625862576045879,4.541163514985717,4.606316566467285,1726494,0.0,0.0
2022-03-25 00:00:00-04:00,4.593286037445068,4.677985101161111,4.560709667573005,4.593286037445068,767802,0.0,0.0
2022-03-28 00:00:00-04:00,4.5932866604885145,4.606317335717018,4.560710286197721,4.58025598526001,349965,0.0,0.0
2022-03-29 00:00:00-04:00,4.619347239519681,4.619347239519681,4.573739883836294,4.606316566467285,614484,0.0,0.0
2022-03-30 00:00:00-04:00,4.586770317295882,4.593285653481747,4.528132605403489,4.5346479415893555,538330,0.0,0.0
2022-03-31 00:00:00-04:00,4.528133538368305,4.567225563537917,4.515102863311768,4.515102863311768,370771,0.0,0.0
2022-04-01 00:00:00-04:00,4.515101933031759,4.554193950146952,4.515101933031759,4.5346479415893555,341481,0.0,0.0
2022-04-04 00:00:00-04:00,4.554194140013454,4.580255172063015,4.528132794183482,4.560709476470947,361681,0.0,0.0
2022-04-05 00:00:00-04:00,4.57373964492415,4.5802549811100155,4.528132605403489,4.5346479415893555,320473,0.0,0.0
2022-04-06 00:00:00-04:00,4.5085873577946085,4.541164044222152,4.482526322433024,4.502072334289551,466418,0.0,0.0
2022-04-07 00:00:00-04:00,4.49555640332377,4.547678780944141,4.482525730473574,4.541163444519043,376427,0.0,0.0
2022-04-08 00:00:00-04:00,4.528132983920518,4.593286037445068,4.508586973729026,4.593286037445068,465307,0.0,0.0
2022-04-11 00:00:00-04:00,4.560709645874588,4.580255342192664,4.560709645874588,4.573740005493164,275831,0.0,0.0
2022-04-12 00:00:00-04:00,4.580254860812576,4.5932855328420645,4.534647822489755,4.567224502563477,489345,0.0,0.0
2022-04-13 00:00:00-04:00,4.560709166548732,4.58677019682732,4.554193830533988,4.567224502563477,359358,0.0,0.0
2022-04-14 00:00:00-04:00,4.560709598657054,4.567224935289099,4.528132915496826,4.528132915496826,248662,0.0,0.0
2022-04-18 00:00:00-04:00,4.528133538368305,4.541164213424842,4.502072502035693,4.515102863311768,466822,0.0,0.0
2022-04-19 00:00:00-04:00,4.502071739748867,4.573739812864122,4.502071739748867,4.541163444519043,443895,0.0,0.0
2022-04-20 00:00:00-04:00,4.541163301102592,4.580255004638196,4.541163301102592,4.55419397354126,319463,0.0,0.0
2022-04-21 00:00:00-04:00,4.593286037445068,4.6193473843670585,4.554194330842508,4.593286037445068,705687,0.0,0.0
2022-04-22 00:00:00-04:00,4.573740272259947,4.573740272259947,4.489041517787181,4.521617889404297,479952,0.0,0.0
2022-04-25 00:00:00-04:00,4.502071739748867,4.554194117369239,4.462979721198281,4.541163444519043,702657,0.0,0.0
2022-04-26 00:00:00-04:00,4.528133831039992,4.528133831039992,4.469496103276041,4.482526779174805,522776,0.0,0.0
2022-04-27 00:00:00-04:00,4.4890411396714605,4.52813284507536,4.462979793548584,4.462979793548584,756692,0.0,0.0
2022-04-28 00:00:00-04:00,4.502072793022949,4.560710520786898,4.462980765326661,4.482526779174805,937987,0.0,0.0
2022-04-29 00:00:00-04:00,4.462980560721743,4.4955572489751745,4.430404186248779,4.430404186248779,698617,0.0,0.0
2022-05-02 00:00:00-04:00,4.430403093339229,4.482525467906496,4.391311077078486,4.449948787689209,976569,0.0,0.0
2022-05-03 00:00:00-04:00,4.443433949385134,4.49555664357141,4.436918926392275,4.4694952964782715,393496,0.0,0.0
2022-05-04 00:00:00-04:00,4.469495079846457,4.580255172063015,4.443433734016485,4.560709476470947,831129,0.0,0.0
2022-05-05 00:00:00-04:00,4.547679171459721,4.547679171459721,4.430403733298177,4.456464767456055,616605,0.0,0.0
2022-05-06 00:00:00-04:00,4.4564639522649285,4.4564639522649285,4.384795572324816,4.436918258666992,703869,0.0,0.0
2022-05-09 00:00:00-04:00,4.397826575614236,4.397826575614236,4.274036441336276,4.313127517700195,1091103,0.0,0.0
2022-05-10 00:00:00-04:00,4.3326735265527585,4.3782805667616715,4.267521105052088,4.313127517700195,765378,0.0,0.0
2022-05-11 00:00:00-04:00,4.313128781796378,4.3652514873460575,4.280552404608323,4.300098419189453,688214,0.0,0.0
2022-05-12 00:00:00-04:00,4.267522613885213,4.313129042658013,4.163277824042033,4.215400218963623,870115,0.0,0.0
2022-05-13 00:00:00-04:00,4.254489726284499,4.345703477781427,4.241459369659424,4.241459369659424,551157,0.0,0.0
2022-05-16 00:00:00-04:00,4.2740370979096225,4.345704866704013,4.247975748769352,4.339189529418945,518534,0.0,0.0
2022-05-17 00:00:00-04:00,4.384796494573729,4.423888517552538,4.371766134027904,4.417373180389404,445410,0.0,0.0
2022-05-18 00:00:00-04:00,4.39782691442663,4.39782691442663,4.300097490195457,4.32615852355957,603071,0.0,0.0
2022-05-19 00:00:00-04:00,4.287066651732597,4.358735039843123,4.274036606222347,4.319643020629883,561156,0.0,0.0
2022-05-20 00:00:00-04:00,4.332673975601635,4.352219986479995,4.2088838284937635,4.274036884307861,828705,0.0,0.0
2022-05-23 00:00:00-04:00,4.293581906769651,4.31312760222485,4.228429483992183,4.234944820404053,584285,0.0,0.0
2022-05-24 00:00:00-04:00,4.234944846421312,4.274036551352279,4.189337491258039,4.261005878448486,456924,0.0,0.0
2022-05-25 00:00:00-04:00,4.274036606222347,4.319643020629883,4.261005933151266,4.319643020629883,357641,0.0,0.0
2022-05-26 00:00:00-04:00,4.332674234406649,4.397827294112555,4.332674234406649,4.384796619415283,380568,0.0,0.0
2022-05-27 00:00:00-04:00,4.4238877572957716,4.449948787689209,4.410857085208857,4.449948787689209,294314,0.0,0.0
2022-05-31 00:00:00-04:00,4.4499489993434125,4.4499489993434125,4.352219581604004,4.352219581604004,399455,0.0,0.0
2022-06-01 00:00:00-04:00,4.384795805262502,4.391311141401394,4.313127421515081,4.365250110626221,332391,0.0,0.0
2022-06-02 00:00:00-04:00,4.378280236532045,4.436918258666992,4.339188535555792,4.436918258666992,288153,0.0,0.0
2022-06-03 00:00:00-04:00,4.417372847875426,4.443433880785799,4.3847961645119335,4.404342174530029,359156,0.0,0.0
2022-06-06 00:00:00-04:00,4.417372393642041,4.476010103886257,4.404341721636573,4.423887729644775,458237,0.0,0.0
2022-06-07 00:00:00-04:00,4.417373406583475,4.489041805267334,4.3978273940932056,4.489041805267334,420665,0.0,0.0
2022-06-08 00:00:00-04:00,4.476011441225423,4.495557455073567,4.443434751478516,4.482526779174805,385315,0.0,0.0
2022-06-09 00:00:00-04:00,4.462978813221091,4.502070823818546,4.443432807922363,4.443432807922363,536310,0.0,0.0
2022-06-10 00:00:00-04:00,4.39782638563384,4.436918401650243,4.39782638563384,4.423887729644775,768307,0.0,0.0
2022-06-13 00:00:00-04:00,4.3782810264883745,4.3782810264883745,4.2740368901171735,4.28706693649292,1147259,0.0,0.0
2022-06-14 00:00:00-04:00,4.293734865485045,4.300402193542674,4.153721618475574,4.160388946533203,1580347,0.148515,0.0
2022-06-15 00:00:00-04:00,4.167056274590832,4.227061906009125,4.140387283460685,4.160388946533203,787396,0.0,0.0
2022-06-16 00:00:00-04:00,4.107050426553556,4.1270524096714745,3.8003549575805664,3.8003549575805664,1382690,0.0,0.0
2022-06-17 00:00:00-04:00,3.853693692909693,3.853693692909693,3.6470081162076013,3.693679094314575,1370267,0.0,0.0
2022-06-21 00:00:00-04:00,3.7403489704435944,3.7736856086367077,3.673676657358414,3.70701265335083,1046764,0.0,0.0
2022-06-22 00:00:00-04:00,3.6736769874355746,3.7470166347488907,3.6670099802982747,3.7203476428985596,785578,0.0,0.0
2022-06-23 00:00:00-04:00,3.8270242668922223,4.040377807999078,3.807022282103973,4.033710479736328,1967783,0.0,0.0
2022-06-24 00:00:00-04:00,4.04704522719966,4.300402422475616,4.04704522719966,4.2137274742126465,1050703,0.0,0.0
2022-06-27 00:00:00-04:00,4.247063792754799,4.253731120659481,4.133719860575943,4.18039083480835,502475,0.0,0.0
2022-06-28 00:00:00-04:00,4.207059954757117,4.2603982544641585,4.173723316752499,4.187057971954346,453288,0.0,0.0
2022-06-29 00:00:00-04:00,4.187058611919494,4.187058611919494,4.087049003720158,4.120385646820068,421372,0.0,0.0
2022-06-30 00:00:00-04:00,4.027043149582908,4.093716111078725,4.00704116480405,4.067047119140625,403899,0.0,0.0
2022-07-01 00:00:00-04:00,4.053711838576543,4.133719444274902,4.047044511343318,4.133719444274902,198970,0.0,0.0
2022-07-05 00:00:00-04:00,4.09371633234014,4.1270529754400505,4.060380010340625,4.120385646820068,381881,0.0,0.0
2022-07-06 00:00:00-04:00,4.140386771508127,4.1470537776410215,4.073713820276215,4.133719444274902,259166,0.0,0.0
2022-07-07 00:00:00-04:00,4.147055026877577,4.167057014602541,4.100384043286422,4.107051372528076,293506,0.0,0.0
2022-07-08 00:00:00-04:00,4.100383635860808,4.120385621598318,4.027043342590332,4.027043342590332,465711,0.0,0.0
2022-07-11 00:00:00-04:00,4.033709618303523,4.047044271981294,3.9737039978538613,4.013707637786865,351682,0.0,0.0
2022-07-12 00:00:00-04:00,3.9937066078363905,4.0203755982950415,3.973704624167132,3.9803719520568848,351985,0.0,0.0
2022-07-13 00:00:00-04:00,3.907032106785963,3.97370507209877,3.9003647781446427,3.9203667640686035,388749,0.0,0.0
2022-07-14 00:00:00-04:00,3.8670276144290607,3.893696602089779,3.8136889969069694,3.8470256328582764,733361,0.0,0.0
2022-07-15 00:00:00-04:00,3.8736947091909992,3.920366000591173,3.847025720919806,3.913698673248291,300475,0.0,0.0
2022-07-18 00:00:00-04:00,3.933700367337001,4.033709627959059,3.933700367337001,3.993705987930298,565600,0.0,0.0
2022-07-19 00:00:00-04:00,4.033710416047547,4.13372001730935,4.007041103417633,4.113718032836914,241996,0.0,0.0
2022-07-20 00:00:00-04:00,4.11371860264124,4.153722256026771,4.1070512735602485,4.127053260803223,235229,0.0,0.0
2022-07-21 00:00:00-04:00,4.113717403975974,4.167055699981642,4.100382749699476,4.1470537185668945,214827,0.0,0.0
2022-07-22 00:00:00-04:00,4.160388660148726,4.180390642944756,4.133719670854365,4.153721332550049,219574,0.0,0.0
2022-07-25 00:00:00-04:00,4.173722456231165,4.180389782457445,4.14705315132604,4.167055130004883,180891,0.0,0.0
2022-07-26 00:00:00-04:00,4.1470543525239325,4.1470543525239325,4.107050704679436,4.113718032836914,243612,0.0,0.0
2022-07-27 00:00:00-04:00,4.140387596245538,4.233729553903109,4.133720267684227,4.227062225341797,315827,0.0,0.0
2022-07-28 00:00:00-04:00,4.227062131037778,4.260398773100607,4.18705848166277,4.2137274742126465,397738,0.0,0.0
2022-07-29 00:00:00-04:00,4.213727249005802,4.273733201511817,4.187058257881276,4.1937255859375,400263,0.0,0.0
2022-08-01 00:00:00-04:00,4.180390644353422,4.233728944060464,4.167055989151575,4.187057971954346,340168,0.0,0.0
2022-08-02 00:00:00-04:00,4.167056274590832,4.227061906009125,4.160388946533203,4.160388946533203,301687,0.0,0.0
2022-08-03 00:00:00-04:00,4.187057726219963,4.240396022796631,4.173723071800714,4.240396022796631,219574,0.0,0.0
2022-08-04 00:00:00-04:00,4.2603982544641585,4.2603982544641585,4.180390644353422,4.187057971954346,286638,0.0,0.0
2022-08-05 00:00:00-04:00,4.167056274590832,4.200392914878977,4.153721618475574,4.160388946533203,276235,0.0,0.0
2022-08-08 00:00:00-04:00,4.160387803778602,4.220393418714851,4.153720477552321,4.167055130004883,298051,0.0,0.0
2022-08-09 00:00:00-04:00,4.160389585107763,4.200393559593712,4.013708987526785,4.127053260803223,663671,0.0,0.0
2022-08-10 00:00:00-04:00,4.187058257881276,4.220394577062026,4.167056273712604,4.1937255859375,288254,0.0,0.0
2022-08-11 00:00:00-04:00,4.193725807450191,4.273733427250512,4.193725807450191,4.247064113616943,397233,0.0,0.0
2022-08-12 00:00:00-04:00,4.247064239630332,4.30040254737967,4.240396911024115,4.287067890167236,251894,0.0,0.0
2022-08-15 00:00:00-04:00,4.2670660351779475,4.327071668857815,4.2403967219422825,4.293735027313232,253207,0.0,0.0
2022-08-16 00:00:00-04:00,4.280399705802316,4.333738323988328,4.280399705802316,4.30040168762207,177861,0.0,0.0
2022-08-17 00:00:00-04:00,4.293734835794375,4.333738803863525,4.247063860814064,4.333738803863525,241289,0.0,0.0
2022-08-18 00:00:00-04:00,4.327071861804536,4.400411513171733,4.267066225448982,4.287067890167236,452177,0.0,0.0
2022-08-19 00:00:00-04:00,4.280400499840817,4.280400499840817,4.147054571840025,4.200393199920654,458540,0.0,0.0
2022-08-22 00:00:00-04:00,4.167055130004883,4.180389782457445,4.113716841294916,4.167055130004883,286537,0.0,0.0
2022-08-23 00:00:00-04:00,4.167056369452944,4.187058354081172,4.140387377715683,4.1737236976623535,227351,0.0,0.0
2022-08-24 00:00:00-04:00,4.1403875038751945,4.227062131037778,4.1403875038751945,4.2137274742126465,204222,0.0,0.0
2022-08-25 00:00:00-04:00,4.207060560758257,4.253731539587042,4.187058575074323,4.227062225341797,230583,0.0,0.0
2022-08-26 00:00:00-04:00,4.240396271661388,4.247063599262312,4.180390644353422,4.187057971954346,359762,0.0,0.0
2022-08-29 00:00:00-04:00,4.153720477552321,4.193724434910007,4.14038614620004,4.167055130004883,290072,0.0,0.0
2022-08-30 00:00:00-04:00,4.193725008534638,4.200392335672887,4.120384731114223,4.1470537185668945,277447,0.0,0.0
2022-08-31 00:00:00-04:00,4.153721523189625,4.187058162713031,4.133719860575943,4.18039083480835,240380,0.0,0.0
2022-09-01 00:00:00-04:00,4.133719860575943,4.207060146427074,4.113717876861899,4.18039083480835,402081,0.0,0.0
2022-09-02 00:00:00-04:00,4.18039035425814,4.227061323125558,4.1470537185668945,4.1470537185668945,344410,0.0,0.0
2022-09-06 00:00:00-04:00,4.14705315132604,4.180389782457445,4.113716841294916,4.167055130004883,318756,0.0,0.0
2022-09-07 00:00:00-04:00,4.133719579367549,4.23372884893362,4.133719579367549,4.207059860229492,261994,0.0,0.0
2022-09-08 00:00:00-04:00,4.207061218313885,4.260399534040658,4.180391899900277,4.253732204437256,278255,0.0,0.0
2022-09-09 00:00:00-04:00,4.267065939572033,4.333738900066973,4.267065939572033,4.313736915588379,253914,0.0,0.0
2022-09-12 00:00:00-04:00,4.333738553522712,4.380408883606352,4.333738553522712,4.353740215301514,329361,0.0,0.0
2022-09-13 00:00:00-04:00,4.300401802344447,4.300401802344447,4.200392532778375,4.207059860229492,492678,0.0,0.0
2022-09-14 00:00:00-04:00,4.2270619719908415,4.287067604345784,4.200392980444409,4.280400276184082,703566,0.0,0.0
2022-09-15 00:00:00-04:00,4.253092026981362,4.259918859014842,4.177997203395196,4.191650867462158,425210,0.148515,0.0
2022-09-16 00:00:00-04:00,4.1438634965572065,4.1438634965572065,4.096075999668672,4.116556167602539,517524,0.0,0.0
2022-09-19 00:00:00-04:00,4.09607716458738,4.150691509246826,4.089250330407171,4.150691509246826,296536,0.0,0.0
2022-09-20 00:00:00-04:00,4.123383493290456,4.123383493290456,3.9663669905750685,4.0005011558532715,826483,0.0,0.0
2022-09-21 00:00:00-04:00,4.014155452432505,4.0824234649289926,3.9458874399360186,3.9868481159210205,637411,0.0,0.0
2022-09-22 00:00:00-04:00,3.939059987134679,4.014154821964553,3.8980989888008355,4.0005011558532715,660136,0.0,0.0
2022-09-23 00:00:00-04:00,3.97319392825446,4.061942431532577,3.911752757917974,3.980020761489868,1870823,0.0,0.0
2022-09-26 00:00:00-04:00,3.9322333335876465,4.055115676634477,3.9117528334857785,3.9322333335876465,857894,0.0,0.0
2022-09-27 00:00:00-04:00,4.000501033870076,4.027808365259984,3.8298308702474784,3.8639650344848633,522069,0.0,0.0
2022-09-28 00:00:00-04:00,3.870792194666641,3.9117528664331864,3.850311694392272,3.8776190280914307,406323,0.0,0.0
2022-09-29 00:00:00-04:00,3.850311562248863,3.850311562248863,3.7410835463297225,3.7888710498809814,692456,0.0,0.0
2022-09-30 00:00:00-04:00,3.788870734660049,3.836657576671248,3.7410832350845444,3.75473690032959,322897,0.0,0.0
2022-10-03 00:00:00-04:00,3.7888710498809814,3.857138395439354,3.754737212710705,3.7888710498809814,817696,0.0,0.0
2022-10-04 00:00:00-04:00,3.8639653720805023,3.9595407115134584,3.8639653720805023,3.9390602111816406,469751,0.0,0.0
2022-10-05 00:00:00-04:00,3.8776197241027943,3.891273393403132,3.8230053756836955,3.8366587162017822,344309,0.0,0.0
2022-10-06 00:00:00-04:00,3.823004680727024,3.857138518990671,3.734256832754419,3.747910499572754,486618,0.0,0.0
2022-10-07 00:00:00-04:00,3.7137759453823302,3.734256443474832,3.6455079471894805,3.6659884452819824,519948,0.0,0.0
2022-10-10 00:00:00-04:00,3.6523354867971385,3.700122996146767,3.5977211434286747,3.6045479774475098,445006,0.0,0.0
2022-10-11 00:00:00-04:00,3.5840669277739696,3.625027596846297,3.5294525927501432,3.5567595958709717,557217,0.0,0.0
2022-10-12 00:00:00-04:00,3.5226260186503304,3.5362796856052303,3.4338775122256755,3.440704345703125,865974,0.0,0.0
2022-10-13 00:00:00-04:00,3.3997434229041046,3.508972092923769,3.304168090050271,3.4748382568359375,1451067,0.0,0.0
2022-10-14 00:00:00-04:00,3.5226260992768728,3.5226260992768728,3.365609583266088,3.3929169178009033,669731,0.0,0.0
2022-10-17 00:00:00-04:00,3.4202239951570896,3.4748386653700973,3.413397161380464,3.427050828933716,605293,0.0,0.0
2022-10-18 00:00:00-04:00,3.4884915940017684,3.556759594959601,3.4475309249399366,3.4748382568359375,729220,0.0,0.0
2022-10-19 00:00:00-04:00,3.4611849978168454,3.481665499146723,3.4065706563860463,3.427050828933716,441673,0.0,0.0
2022-10-20 00:00:00-04:00,3.420224038800233,3.4680118758464027,3.420224038800233,3.43387770652771,720837,0.0,0.0
2022-10-21 00:00:00-04:00,3.420223535379914,3.495318368045669,3.406570198444275,3.4884915351867676,545703,0.0,0.0
2022-10-24 00:00:00-04:00,3.502146048712928,3.5294533867591644,3.474839039448936,3.5089728832244873,357742,0.0,0.0
2022-10-25 00:00:00-04:00,3.52945300328907,3.5977210122051937,3.5157993357494037,3.5840673446655273,435007,0.0,0.0
2022-10-26 00:00:00-04:00,3.584067300757732,3.638681641465119,3.5704136333853347,3.577240467071533,399859,0.0,0.0
2022-10-27 00:00:00-04:00,3.6113737086085758,3.652334371430615,3.6045468766745494,3.6182005405426025,256641,0.0,0.0
2022-10-28 00:00:00-04:00,3.645508272356395,3.6864692721949806,3.645508272356395,3.67964243888855,460459,0.0,0.0
2022-10-31 00:00:00-04:00,3.6659889660458638,3.700122805600017,3.6386816313767785,3.6728157997131348,362085,0.0,0.0
2022-11-01 00:00:00-04:00,3.700123007469028,3.7410840117073807,3.686469668171798,3.7274303436279297,384103,0.0,0.0
2022-11-02 00:00:00-04:00,3.706949901296418,3.788871582312179,3.6386818885803223,3.6386818885803223,729220,0.0,0.0
2022-11-03 00:00:00-04:00,3.618201434109926,3.659162107047797,3.5772404323898535,3.631854772567749,394809,0.0,0.0
2022-11-04 00:00:00-04:00,3.652334451675415,3.706948779565429,3.618200620037454,3.652334451675415,371781,0.0,0.0
2022-11-07 00:00:00-05:00,3.6659891865471987,3.706949862232319,3.6591623524693078,3.693296194076538,329664,0.0,0.0
2022-11-08 00:00:00-05:00,3.734257177667655,3.747910845747106,3.6932961734293026,3.7274303436279297,341077,0.0,0.0
2022-11-09 00:00:00-05:00,3.7410831379516596,3.7410831379516596,3.631854147609457,3.6455078125,319968,0.0,0.0
2022-11-10 00:00:00-05:00,3.7615635281191993,3.8639650344848637,3.734256525511455,3.8639650344848633,515908,0.0,0.0
2022-11-11 00:00:00-05:00,3.8844453708563167,3.9322328700114206,3.8571380406064573,3.8980987071990967,349662,0.0,0.0
2022-11-14 00:00:00-05:00,3.904926581677395,3.973194596735224,3.877619572923606,3.9117534160614014,455106,0.0,0.0
2022-11-15 00:00:00-05:00,3.9868475502142533,4.014154882851012,3.9390600468821044,3.973193883895874,491567,0.0,0.0
2022-11-16 00:00:00-05:00,3.959540729428873,3.966367234121507,3.9049260616302486,3.904926061630249,416726,0.0,0.0
2022-11-17 00:00:00-05:00,3.843485401003573,3.939060753597428,3.8366585666195663,3.9117534160614014,647713,0.0,0.0
2022-11-18 00:00:00-05:00,3.9527134723489814,3.9595403050921902,3.8844454736990515,3.8912723064422607,430361,0.0,0.0
2022-11-21 00:00:00-05:00,3.8912732416916196,3.925407084829415,3.8707927385395995,3.9117534160614014,390668,0.0,0.0
2022-11-22 00:00:00-05:00,3.918580040407452,4.048289229186621,3.918580040407452,4.014155387878418,421675,0.0,0.0
2022-11-23 00:00:00-05:00,4.014155413949763,4.061942923604509,4.014155413949763,4.041462421417236,295930,0.0,0.0
2022-11-25 00:00:00-05:00,3.9936740582817922,4.068768888137857,3.9936740582817922,4.055115222930908,189678,0.0,0.0
2022-11-28 00:00:00-05:00,4.027808562586333,4.055115566531875,4.014154896222473,4.034635066986084,377336,0.0,0.0
2022-11-29 00:00:00-05:00,4.041462191800076,4.102903366088867,4.041462191800076,4.102903366088867,406929,0.0,0.0
2022-11-30 00:00:00-05:00,4.109730103660613,4.19847861057231,4.08242309838315,4.1848249435424805,466216,0.0,0.0
2022-12-01 00:00:00-05:00,4.198478698730469,4.2257860333635175,4.1643448592213606,4.198478698730469,419352,0.0,0.0
2022-12-02 00:00:00-05:00,4.164345374921799,4.225786556672654,4.1506917059144435,4.205306053161621,479548,0.0,0.0
2022-12-05 00:00:00-05:00,4.1779975985051045,4.1779975985051045,4.061942100524902,4.061942100524902,793860,0.0,0.0
2022-12-06 00:00:00-05:00,4.061941838475337,4.116556167602539,4.048288173998003,4.116556167602539,469044,0.0,0.0
2022-12-07 00:00:00-05:00,4.096076443879902,4.143863945950895,4.082422777921855,4.089249610900879,509343,0.0,0.0
2022-12-08 00:00:00-05:00,4.12426064312329,4.138264666673963,4.061241356850939,4.075245380401611,445410,0.148515,0.0
2022-12-09 00:00:00-05:00,4.0612417584025255,4.096252326581269,4.033233034077943,4.047237396240234,324008,0.0,0.0
2022-12-12 00:00:00-05:00,4.040234346199735,4.047236525774877,3.977215067250374,4.01222562789917,648117,0.0,0.0
2022-12-13 00:00:00-05:00,4.096251333115061,4.131262230029576,3.977214958059516,3.9982211589813232,651450,0.0,0.0
2022-12-14 00:00:00-05:00,3.9982211589813232,4.089249153732159,3.9562084199108076,3.9982211589813232,488840,0.0,0.0
2022-12-15 00:00:00-05:00,3.9492061772916043,4.005223274230957,3.900191259623033,4.005223274230957,588628,0.0,0.0
2022-12-16 00:00:00-05:00,4.047236818490307,4.117258282079096,3.942204454493657,3.9702131748199463,1511263,0.0,0.0
2022-12-19 00:00:00-05:00,3.9842171853519317,4.068242664503354,3.9281997496151093,3.9562084674835205,658823,0.0,0.0
2022-12-20 00:00:00-05:00,3.914195969937037,3.9562087121105516,3.8861879247905953,3.8931894302368164,533381,0.0,0.0
2022-12-21 00:00:00-05:00,3.907193548440706,3.977215005884829,3.907193548440706,3.9562084674835205,281386,0.0,0.0
2022-12-22 00:00:00-05:00,3.9492071908279134,3.9492071908279134,3.8371736426503764,3.8791863918304443,355015,0.0,0.0
2022-12-23 00:00:00-05:00,3.851177703290134,3.9141963162862434,3.851177703290134,3.886188268661499,353904,0.0,0.0
2022-12-27 00:00:00-05:00,3.8861874668784755,3.9352017087228295,3.8861874668784755,3.928199529647827,355621,0.0,0.0
2022-12-28 00:00:00-05:00,3.9141964193202807,3.935202624205267,3.7881581783294678,3.7881581783294678,591355,0.0,0.0
2022-12-29 00:00:00-05:00,3.7951603590334515,3.851177804665322,3.781156334852449,3.7881581783294678,388143,0.0,0.0
2022-12-30 00:00:00-05:00,3.7881579613747896,3.837173223495483,3.7601495773899103,3.8371732234954834,416322,0.0,0.0
2023-01-03 00:00:00-05:00,3.8371726362029754,3.8581788366698273,3.774153360348633,3.8231682777404785,351379,0.0,0.0
2023-01-04 00:00:00-05:00,3.8441750061478683,3.8721833872354945,3.823168467411966,3.8651812076568604,276841,0.0,0.0
2023-01-05 00:00:00-05:00,3.8581789662796404,3.8581789662796404,3.7881575088417816,3.809164047241211,285931,0.0,0.0
2023-01-06 00:00:00-05:00,3.844175469089618,3.872183853550204,3.8161667474020806,3.8301711082458496,514595,0.0,0.0
2023-01-09 00:00:00-05:00,3.865181607480362,3.9211983754501203,3.830171043192527,3.8371732234954834,434199,0.0,0.0
2023-01-10 00:00:00-05:00,3.8581792051903014,3.914195969937037,3.8511773625171544,3.8931894302368164,394203,0.0,0.0
2023-01-11 00:00:00-05:00,3.907194190277022,3.984217839840953,3.893189829042315,3.9632112979888916,349258,0.0,0.0
2023-01-12 00:00:00-05:00,3.977215067250374,4.040234346199735,3.9492063489498084,4.01222562789917,346733,0.0,0.0
2023-01-13 00:00:00-05:00,3.977214958059516,4.019227697130032,3.9702127786766135,3.9982211589813232,328553,0.0,0.0
2023-01-17 00:00:00-05:00,4.012225371645153,4.033231909028926,3.9422039175928014,3.977214813232422,540956,0.0,0.0
2023-01-18 00:00:00-05:00,4.005223935255494,4.005223935255494,3.9141962641658714,3.949206829071045,526210,0.0,0.0
2023-01-19 00:00:00-05:00,3.9492060668728333,3.984216962247843,3.921197687799712,3.928199529647827,648925,0.0,0.0
2023-01-20 00:00:00-05:00,3.963210994738374,3.9702131748199467,3.9141960713943025,3.9702131748199463,292698,0.0,0.0
2023-01-23 00:00:00-05:00,3.9772148943747285,4.075244729711872,3.9772148943747285,4.005223274230957,369963,0.0,0.0
2023-01-24 00:00:00-05:00,4.005223782077748,4.02623032255364,3.935202317718385,3.9912197589874268,374609,0.0,0.0
2023-01-25 00:00:00-05:00,3.9772143445622343,4.0472357903633425,3.9632099879566427,4.040233612060547,405414,0.0,0.0
2023-01-26 00:00:00-05:00,4.054238053387698,4.089248608406444,4.047235874938577,4.068242073059082,262600,0.0,0.0
2023-01-27 00:00:00-05:00,4.047236996073317,4.138264666673963,4.047236996073317,4.075245380401611,383396,0.0,0.0
2023-01-30 00:00:00-05:00,4.054239536112645,4.075245741915584,4.026230812072754,4.026230812072754,287345,0.0,0.0
2023-01-31 00:00:00-05:00,4.047236567428401,4.096251487731934,4.047236567428401,4.096251487731934,254924,0.0,0.0
2023-02-01 00:00:00-05:00,4.110255763881992,4.166272862699589,4.075244866354177,4.131262302398682,340269,0.0,0.0
2023-02-02 00:00:00-05:00,4.166272860059461,4.208285599839309,4.152268501057209,4.194281578063965,525907,0.0,0.0
2023-02-03 00:00:00-05:00,4.117258331563801,4.194281976159897,4.089249610900879,4.089249610900879,410363,0.0,0.0
2023-02-06 00:00:00-05:00,4.0472362223713,4.117257675646601,4.040234043321081,4.082246780395508,296536,0.0,0.0
2023-02-07 00:00:00-05:00,4.061240926722814,4.131262385967967,4.061240926722814,4.096251487731934,372286,0.0,0.0
2023-02-08 00:00:00-05:00,4.0962519215680455,4.12426064312329,4.075245380401611,4.075245380401611,273407,0.0,0.0
2023-02-09 00:00:00-05:00,4.131262823512101,4.145266847062773,4.061241356850939,4.075245380401611,316433,0.0,0.0
2023-02-10 00:00:00-05:00,4.068243602256688,4.096252326581269,4.047237396240234,4.047237396240234,425715,0.0,0.0
2023-02-13 00:00:00-05:00,4.06824242229507,4.096251138495945,4.0472362223713,4.082246780395508,598930,0.0,0.0
2023-02-14 00:00:00-05:00,4.068243070403687,4.110256151398071,4.040234686967704,4.089249610900879,426220,0.0,0.0
2023-02-15 00:00:00-05:00,4.089249654347979,4.110256195068359,4.061241270614415,4.110256195068359,279265,0.0,0.0
2023-02-16 00:00:00-05:00,4.089249741179234,4.110256282345667,4.061241356850939,4.075245380401611,244521,0.0,0.0
2023-02-17 00:00:00-05:00,4.089249006302083,4.110255543693441,4.05423844787671,4.103253364562988,226341,0.0,0.0
2023-02-21 00:00:00-05:00,4.089249795531905,4.089249795531905,4.019228327940046,4.033232688903809,456924,0.0,0.0
2023-02-22 00:00:00-05:00,4.0402349119599545,4.103254199734002,4.0402349119599545,4.054239273071289,506515,0.0,0.0
2023-02-23 00:00:00-05:00,4.089249826596276,4.117258548736572,4.0402349000777145,4.117258548736572,259065,0.0,0.0
2023-02-24 00:00:00-05:00,4.061241410831334,4.068243254086261,4.012226147458164,4.033232688903809,505101,0.0,0.0
2023-02-27 00:00:00-05:00,4.082247352771415,4.082247352771415,4.04023460980634,4.061241149902344,380871,0.0,0.0
2023-02-28 00:00:00-05:00,4.075245172739414,4.082247352771415,4.03323242977434,4.061241149902344,553581,0.0,0.0
2023-03-01 00:00:00-05:00,4.061240580471737,4.110255496596382,4.0472362223713,4.082246780395508,550551,0.0,0.0
2023-03-02 00:00:00-05:00,4.061241227464896,4.1032539712323395,4.054239047299165,4.089249610900879,290072,0.0,0.0
2023-03-03 00:00:00-05:00,4.124259729597807,4.18727900191136,4.103253193084332,4.159270286560059,477528,0.0,0.0
2023-03-06 00:00:00-05:00,4.180277650958217,4.201284191631942,4.166273290509068,4.173275470733643,397233,0.0,0.0
2023-03-07 00:00:00-05:00,4.166273475255133,4.166273475255133,4.082247646061202,4.117258548736572,548026,0.0,0.0
2023-03-08 00:00:00-05:00,4.117258245548182,4.124260425567627,4.089249525470404,4.124260425567627,502677,0.0,0.0
2023-03-09 00:00:00-05:00,4.131262921956671,4.131262921956671,4.054239273071289,4.054239273071289,462277,0.0,0.0
2023-03-10 00:00:00-05:00,4.068242420837306,4.068242420837306,3.9982209675870957,4.019227504730225,480558,0.0,0.0
2023-03-13 00:00:00-04:00,3.956208245947835,4.110255511144106,3.928199529647827,3.928199529647827,779821,0.0,0.0
2023-03-14 00:00:00-04:00,4.005223146634806,4.019227504730225,3.9562082305277233,4.019227504730225,513282,0.0,0.0
2023-03-15 00:00:00-04:00,3.963210599293711,4.0472364146616435,3.9562084199108076,3.9982211589813232,1021514,0.0,0.0
2023-03-16 00:00:00-04:00,3.9694579771041734,4.012603811500421,3.9263117963831413,3.9982216358184814,959096,0.148515,0.0
2023-03-17 00:00:00-04:00,4.012603553293721,4.012603553293721,3.8975471942163162,3.9119293689727783,445814,0.0,0.0
2023-03-20 00:00:00-04:00,3.9335033108236916,3.998222069436995,3.8400195050772887,3.8903567790985107,683669,0.0,0.0
2023-03-21 00:00:00-04:00,3.955076365974351,3.9910314608382906,3.9406941894988536,3.976649284362793,348450,0.0,0.0
2023-03-22 00:00:00-04:00,3.976649041336835,4.03417670474871,3.940693948670228,3.947885036468506,602667,0.0,0.0
2023-03-23 00:00:00-04:00,3.962266889263204,4.012603811500421,3.9406939720650804,3.9982216358184814,571155,0.0,0.0
2023-03-24 00:00:00-04:00,4.034177395467557,4.062941751585609,3.97664972220598,4.04136848449707,1277044,0.0,0.0
2023-03-27 00:00:00-04:00,4.062941643553054,4.170807629802779,4.019795456848064,4.070132732391357,991113,0.0,0.0
2023-03-28 00:00:00-04:00,4.062941844066325,4.113279122093852,4.048559665679932,4.048559665679932,258257,0.0,0.0
2023-03-29 00:00:00-04:00,4.070132533641323,4.0988968875899365,4.0557503566670166,4.091705799102783,322392,0.0,0.0
2023-03-30 00:00:00-04:00,4.0845142438499895,4.127660423517482,4.055749893188477,4.055749893188477,506212,0.0,0.0
2023-03-31 00:00:00-04:00,4.0988967447215545,4.127660751342773,4.0988967447215545,4.127660751342773,356732,0.0,0.0
2023-04-03 00:00:00-04:00,4.127660658234206,4.149233922457091,4.113278482085617,4.120469570159912,323806,0.0,0.0
2023-04-04 00:00:00-04:00,4.127660707533538,4.142042883853903,4.070132348576878,4.0773234367370605,250480,0.0,0.0
2023-04-05 00:00:00-04:00,4.077323156184612,4.091705331515367,4.048558805523099,4.055749893188477,150086,0.0,0.0
2023-04-06 00:00:00-04:00,4.062941751585609,4.077323929644636,4.034177395467557,4.04136848449707,176447,0.0,0.0
2023-04-10 00:00:00-04:00,4.026986652762886,4.062941751585609,4.019795563733373,4.04136848449707,234017,0.0,0.0
2023-04-11 00:00:00-04:00,4.062941074371338,4.077323250033132,4.048558898709544,4.062941074371338,325624,0.0,0.0
2023-04-12 00:00:00-04:00,4.084514337864028,4.106087255031934,4.062941074371338,4.062941074371338,227351,0.0,0.0
2023-04-13 00:00:00-04:00,4.055749976569183,4.113278332750137,4.055749976569183,4.098896503448486,288153,0.0,0.0
2023-04-14 00:00:00-04:00,4.084514910067965,4.120470007934651,4.070132732391357,4.070132732391357,302596,0.0,0.0
2023-04-17 00:00:00-04:00,4.07732282307524,4.113277912139893,4.07732282307524,4.113277912139893,342087,0.0,0.0
2023-04-18 00:00:00-04:00,4.127660751342773,4.134851839579279,4.113278574869762,4.127660751342773,382790,0.0,0.0
2023-04-19 00:00:00-04:00,4.113278482085617,4.142042834382796,4.113278482085617,4.120469570159912,340673,0.0,0.0
2023-04-20 00:00:00-04:00,4.113278718239427,4.127660895213734,4.0773236221284765,4.091705799102783,246541,0.0,0.0
2023-04-21 00:00:00-04:00,4.077323240008835,4.120469420563354,4.070132152195617,4.098896503448486,356631,0.0,0.0
2023-04-24 00:00:00-04:00,4.077323240008835,4.120469420563354,4.077323240008835,4.098896503448486,230482,0.0,0.0
2023-04-25 00:00:00-04:00,4.070132732391357,4.098897087744573,4.062941643553054,4.070132732391357,192708,0.0,0.0
2023-04-26 00:00:00-04:00,4.062941080062423,4.0773232557443615,3.9910312406270823,3.9982216358184814,358752,0.0,0.0
2023-04-27 00:00:00-04:00,4.041368576486735,4.055750754873128,4.012604566038799,4.048559665679932,305626,0.0,0.0
2023-04-28 00:00:00-04:00,4.0413683770381414,4.098897087744573,4.026986545686367,4.070132732391357,346026,0.0,0.0
2023-05-01 00:00:00-04:00,4.0845142438499895,4.120469335852103,4.04136771785772,4.055749893188477,531664,0.0,0.0
2023-05-02 00:00:00-04:00,4.041367670160527,4.062940932902049,3.9622667457492655,4.005412578582764,465509,0.0,0.0
2023-05-03 00:00:00-04:00,4.0126042197969385,4.04136822776287,3.983840558155828,3.9910316467285156,348652,0.0,0.0
2023-05-04 00:00:00-04:00,3.998221612082103,3.998221612082103,3.93350286087195,3.947885036468506,418342,0.0,0.0
2023-05-05 00:00:00-04:00,3.9622676745840852,3.991032031649055,3.9622676745840852,3.9838409423828125,382487,0.0,0.0
2023-05-08 00:00:00-04:00,3.9982216358184814,4.012603811500421,3.976649064945143,3.9982216358184814,207050,0.0,0.0
2023-05-09 00:00:00-04:00,3.983840372600542,3.9982218564264307,3.9622671078872953,3.976649284362793,252500,0.0,0.0
2023-05-10 00:00:00-04:00,3.9982220011324556,4.0197952666264944,3.93350324362479,3.9406943321228027,372185,0.0,0.0
2023-05-11 00:00:00-04:00,3.940694332122803,3.955076509118829,3.9191210666287644,3.9406943321228027,331179,0.0,0.0
2023-05-12 00:00:00-04:00,3.9335024417674878,3.9478846158316605,3.8903559195749695,3.8975470066070557,461772,0.0,0.0
2023-05-15 00:00:00-04:00,3.8831658789647614,3.9478853275970813,3.8831658789647614,3.9335031509399414,257550,0.0,0.0
2023-05-16 00:00:00-04:00,3.911929602823288,3.919120690631394,3.8831655979156494,3.8831655979156494,319261,0.0,0.0
2023-05-17 00:00:00-04:00,3.9191210666287644,3.947885420620816,3.8975478011347255,3.9406943321228027,211797,0.0,0.0
2023-05-18 00:00:00-04:00,3.9191209767419655,3.9694582487487313,3.9191209767419655,3.9622671604156494,254621,0.0,0.0
2023-05-19 00:00:00-04:00,3.991031216933391,4.005412699880381,3.93350286087195,3.947885036468506,359156,0.0,0.0
2023-05-22 00:00:00-04:00,3.955076082225859,3.9910311745102773,3.926311731338501,3.926311731338501,355116,0.0,0.0
2023-05-23 00:00:00-04:00,3.9191206436166617,3.9622668236229193,3.9191206436166617,3.926311731338501,239875,0.0,0.0
2023-05-24 00:00:00-04:00,3.9119291806712284,3.9335024417674878,3.8831651788676296,3.8975470066070557,299667,0.0,0.0
2023-05-25 00:00:00-04:00,3.9119298021004036,3.91912089027483,3.8328281785065204,3.8615925312042236,566408,0.0,0.0
2023-05-26 00:00:00-04:00,3.86159210518209,3.8903561083816633,3.8112548398392643,3.847209930419922,1002324,0.0,0.0
2023-05-30 00:00:00-04:00,3.8615928770020087,3.8615928770020087,3.8256374329101424,3.8328285217285156,483285,0.0,0.0
2023-05-31 00:00:00-04:00,3.8328281785065204,3.86878361937865,3.789681995784766,3.8615925312042236,395819,0.0,0.0
2023-06-01 00:00:00-04:00,3.861592103649925,3.919120456351009,3.8184455793805396,3.9119293689727783,497627,0.0,0.0
2023-06-02 00:00:00-04:00,3.9335027417520094,4.019794753743779,3.9047383914299805,4.005412578582764,649935,0.0,0.0
2023-06-05 00:00:00-04:00,4.005412997764524,4.012604086097606,3.955076418407376,3.9622671604156494,407030,0.0,0.0
2023-06-06 00:00:00-04:00,3.962267544146954,4.048559573526584,3.962267544146954,4.04136848449707,321079,0.0,0.0
2023-06-07 00:00:00-04:00,4.048558703660519,4.113278144695791,4.048558703660519,4.084514141082764,393900,0.0,0.0
2023-06-08 00:00:00-04:00,4.08451471061563,4.106087629752274,4.070132533641323,4.091705799102783,291284,0.0,0.0
2023-06-09 00:00:00-04:00,4.098896316051661,4.12046923218024,4.077323053598314,4.084514141082764,301889,0.0,0.0
2023-06-12 00:00:00-04:00,4.098896466370802,4.1060872077941895,4.055749939881792,4.1060872077941895,628220,0.0,0.0
2023-06-13 00:00:00-04:00,4.113279414683062,4.170808132320816,4.098897581598497,4.156425952911377,868802,0.0,0.0
2023-06-14 00:00:00-04:00,4.178572011207746,4.185954689986429,4.0973636112978165,4.112128257751465,670135,0.148515,0.0
2023-06-15 00:00:00-04:00,4.119511100853475,4.178572177886963,4.112128421780304,4.178572177886963,667509,0.0,0.0
2023-06-16 00:00:00-04:00,4.18595585306408,4.208103895554011,4.104746719486285,4.11951208114624,657510,0.0,0.0
2023-06-20 00:00:00-04:00,4.126894761976217,4.126894761976217,4.089982068930245,4.11951208114624,365418,0.0,0.0
2023-06-21 00:00:00-04:00,4.0973638966790435,4.141658905780709,4.082598538093273,4.104745864868164,420362,0.0,0.0
2023-06-22 00:00:00-04:00,4.112128328088023,4.193337440490723,4.075215644666949,4.193337440490723,618928,0.0,0.0
2023-06-23 00:00:00-04:00,4.208103656768799,4.26716474450529,4.171190254713531,4.208103656768799,1302597,0.0,0.0
2023-06-26 00:00:00-04:00,4.1859549242594545,4.318842438609258,4.171189565875725,4.259781360626221,1055046,0.0,0.0
2023-06-27 00:00:00-04:00,4.259782224041096,4.296695271930443,4.230251501288059,4.237634181976318,375114,0.0,0.0
2023-06-28 00:00:00-04:00,4.267165195045716,4.267165195045716,4.222869107902477,4.230251789093018,230078,0.0,0.0
2023-06-29 00:00:00-04:00,4.215485285475034,4.289311721841801,4.208102961835047,4.259781360626221,400970,0.0,0.0
2023-06-30 00:00:00-04:00,4.289312294413035,4.30407765476776,4.274547289610235,4.281929969787598,248258,0.0,0.0
2023-07-03 00:00:00-04:00,4.289313015644105,4.340991785575226,4.274548008358627,4.333609104156494,266236,0.0,0.0
2023-07-05 00:00:00-04:00,4.31146014376522,4.31146014376522,4.245016380667146,4.274547100067139,448036,0.0,0.0
2023-07-06 00:00:00-04:00,4.245015837273582,4.252398516178541,4.178572082680802,4.193337440490723,290072,0.0,0.0
2023-07-07 00:00:00-04:00,4.215486470731797,4.2302518332670624,4.1711907386779785,4.1711907386779785,642865,0.0,0.0
2023-07-10 00:00:00-04:00,4.185955209586485,4.215485572814941,4.1490418111110365,4.215485572814941,445814,0.0,0.0
2023-07-11 00:00:00-04:00,4.230251600233498,4.259782323677259,4.215486238511619,4.222868919372559,277952,0.0,0.0
2023-07-12 00:00:00-04:00,4.281929561911507,4.326225283204361,4.259781523489135,4.28931188583374,604485,0.0,0.0
2023-07-13 00:00:00-04:00,4.289312294413035,4.318843015122487,4.274547289610235,4.281929969787598,417231,0.0,0.0
2023-07-14 00:00:00-04:00,4.3188430211849544,4.3188430211849544,4.215485854108715,4.245016574859619,394708,0.0,0.0
2023-07-17 00:00:00-04:00,4.267164615422797,4.267164615422797,4.230251214484167,4.245016574859619,249066,0.0,0.0
2023-07-18 00:00:00-04:00,4.2450168236010475,4.296695232391357,4.237634142980725,4.296695232391357,293001,0.0,0.0
2023-07-19 00:00:00-04:00,4.2966945928807885,4.31145995192379,4.259781550825179,4.26716423034668,393193,0.0,0.0
2023-07-20 00:00:00-04:00,4.252399543352837,4.274547585417615,4.230251501288059,4.237634181976318,323402,0.0,0.0
2023-07-21 00:00:00-04:00,4.259782323677259,4.259782323677259,4.2081039132026365,4.222868919372559,333704,0.0,0.0
2023-07-24 00:00:00-04:00,4.222868662038969,4.245016703272129,4.208103656768799,4.208103656768799,278861,0.0,0.0
2023-07-25 00:00:00-04:00,4.230251342450022,4.245016703272129,4.193338295946692,4.208103656768799,282497,0.0,0.0
2023-07-26 00:00:00-04:00,4.2154854096931755,4.222868089102587,4.178572368198011,4.185955047607422,531260,0.0,0.0
2023-07-27 00:00:00-04:00,4.208104055234724,4.208104055234724,4.14904260635376,4.14904260635376,456318,0.0,0.0
2023-07-28 00:00:00-04:00,4.178572368198011,4.185955047607422,4.16380700937919,4.185955047607422,341279,0.0,0.0
2023-07-31 00:00:00-04:00,4.185955047607422,4.222868089102587,4.1711896887886,4.185955047607422,529038,0.0,0.0
2023-08-01 00:00:00-04:00,4.171189718411537,4.18595507733522,4.126893997192383,4.126893997192383,677912,0.0,0.0
2023-08-02 00:00:00-04:00,4.097365103155737,4.119512436451951,4.067834377288818,4.067834377288818,664479,0.0,0.0
2023-08-03 00:00:00-04:00,4.067834121136776,4.067834121136776,4.023538390677694,4.053069114685059,657510,0.0,0.0
2023-08-04 00:00:00-04:00,4.060450936727245,4.097363978375793,4.038302898406982,4.038302898406982,624887,0.0,0.0
2023-08-07 00:00:00-04:00,4.045686688440617,4.075217058755548,4.030921325507158,4.067834377288818,468337,0.0,0.0
2023-08-08 00:00:00-04:00,4.0309204085528085,4.075216131724801,4.0235377287654925,4.045685768127441,551359,0.0,0.0
2023-08-09 00:00:00-04:00,4.067834377288818,4.082599740222277,4.045686688440617,4.067834377288818,253914,0.0,0.0
2023-08-10 00:00:00-04:00,4.0825994511160495,4.119512144731778,4.0604517638362205,4.075216770172119,267347,0.0,0.0
2023-08-11 00:00:00-04:00,4.082598714012318,4.082598714012318,4.053068351120197,4.060451030731201,442481,0.0,0.0
2023-08-14 00:00:00-04:00,4.0604517638362205,4.08998213205998,4.045686401948359,4.075216770172119,347238,0.0,0.0
2023-08-15 00:00:00-04:00,4.060452287975739,4.060452287975739,4.016156196594238,4.016156196594238,473286,0.0,0.0
2023-08-16 00:00:00-04:00,4.016155321733885,4.045686042888719,3.9866249561309814,3.9866249561309814,445006,0.0,0.0
2023-08-17 00:00:00-04:00,4.016155085929697,4.045685805350667,3.949711322784424,3.949711322784424,466014,0.0,0.0
2023-08-18 00:00:00-04:00,3.9275636181144935,3.949711659568742,3.9054159322121853,3.934946298599243,442582,0.0,0.0
2023-08-21 00:00:00-04:00,3.957094002639666,3.957094002639666,3.9054155992048782,3.949711322784424,450864,0.0,0.0
2023-08-22 00:00:00-04:00,3.9644768789028744,3.9644768789028744,3.912798472907837,3.9201807975769043,321887,0.0,0.0
2023-08-23 00:00:00-04:00,3.9201815864319887,3.9866257217914454,3.9201815864319887,3.979243040084839,319564,0.0,0.0
2023-08-24 00:00:00-04:00,3.986624722060636,4.016155085929697,3.949711322784424,3.949711322784424,298657,0.0,0.0
2023-08-25 00:00:00-04:00,3.9570949949650203,4.0087734113592655,3.9497123132584138,3.979243040084839,557520,0.0,0.0
2023-08-28 00:00:00-04:00,4.030920510465558,4.038303190439529,3.9792421061996768,3.994007110595703,462580,0.0,0.0
2023-08-29 00:00:00-04:00,4.001389689403543,4.045685768127441,3.994007009616226,4.045685768127441,319867,0.0,0.0
2023-08-30 00:00:00-04:00,4.045686433683217,4.075216802138617,4.038303752681377,4.053069114685059,302293,0.0,0.0
2023-08-31 00:00:00-04:00,4.038302707778111,4.0752157476841715,4.023537349594937,4.030920028686523,440966,0.0,0.0
2023-09-01 00:00:00-04:00,4.045685386869697,4.067833068592584,4.023537349594937,4.030920028686523,472276,0.0,0.0
2023-09-05 00:00:00-04:00,4.030920682311302,4.030920682311302,3.9866249561309814,3.9866249561309814,341279,0.0,0.0
2023-09-06 00:00:00-04:00,3.9940071887284185,4.001389868846813,3.9349461033331847,3.9644768238067627,458338,0.0,0.0
2023-09-07 00:00:00-04:00,3.949710798374115,3.9866241927492685,3.934945440624053,3.9570934772491455,557217,0.0,0.0
2023-09-08 00:00:00-04:00,3.979243040084839,4.001390729652659,3.9497123132584138,3.979243040084839,412888,0.0,0.0
2023-09-11 00:00:00-04:00,3.9940080479460525,4.016156093065871,3.979243040084839,3.979243040084839,368549,0.0,0.0
2023-09-12 00:00:00-04:00,3.9792418184381715,4.038302898406982,3.9792418184381715,4.038302898406982,514595,0.0,0.0
2023-09-13 00:00:00-04:00,4.045685832066665,4.12689424435487,4.038303152162671,4.089981555938721,939199,0.0,0.0
2023-09-14 00:00:00-04:00,4.120334387978465,4.127922523846916,4.052041530609131,4.052041530609131,782649,0.148515,0.0
2023-09-15 00:00:00-04:00,4.029276428164006,4.074805235523372,3.9913361208111993,3.9989242553710938,470963,0.0,0.0
2023-09-18 00:00:00-04:00,4.0141007506347774,4.029276655162871,3.983748210685217,3.9913363456726074,472882,0.0,0.0
2023-09-19 00:00:00-04:00,4.021688885622167,4.029276655162871,3.960983805723047,3.9913363456726074,493183,0.0,0.0
2023-09-20 00:00:00-04:00,3.9989242553710933,4.059628966403583,3.9913361208111993,3.9989242553710938,520049,0.0,0.0
2023-09-21 00:00:00-04:00,3.9533956707356572,4.029276655162871,3.945807901194953,3.9913363456726074,753258,0.0,0.0
2023-09-22 00:00:00-04:00,4.044453205045868,4.097570153633711,4.014101028442383,4.014101028442383,1334008,0.0,0.0
2023-09-25 00:00:00-04:00,4.0141009425855625,4.120334106595627,3.983748401184571,4.0292768478393555,1236543,0.0,0.0
2023-09-26 00:00:00-04:00,4.029277162958351,4.029277162958351,3.938220262527466,3.938220262527466,654884,0.0,0.0
2023-09-27 00:00:00-04:00,3.9685726692845518,3.9685726692845518,3.9002798073071188,3.9306323528289795,515302,0.0,0.0
2023-09-28 00:00:00-04:00,3.9078674443468246,3.9533958913653136,3.900279308935959,3.9154555797576904,726998,0.0,0.0
2023-09-29 00:00:00-04:00,3.983748393998513,3.983748393998513,3.8775148647333735,3.892691135406494,532573,0.0,0.0
2023-10-02 00:00:00-04:00,3.900279257912625,3.900279257912625,3.8547508114897377,3.8851029872894287,490961,0.0,0.0
2023-10-03 00:00:00-04:00,3.8471623915546744,3.877514565108829,3.778869544249482,3.7940454483032227,654480,0.0,0.0
2023-10-04 00:00:00-04:00,3.8016333855239703,3.824397788591775,3.771281213546887,3.81680965423584,445713,0.0,0.0
2023-10-05 00:00:00-04:00,3.801633596420288,3.8168098659740637,3.7788695575363,3.801633596420288,380164,0.0,0.0
2023-10-06 00:00:00-04:00,3.778869544249482,3.8319861220542597,3.7636932747490675,3.7940454483032227,427836,0.0,0.0
2023-10-09 00:00:00-04:00,3.778869610157358,3.839574323771103,3.778869610157358,3.83198618888855,429856,0.0,0.0
2023-10-10 00:00:00-04:00,3.8547508716583248,3.8699271425184065,3.839574600798243,3.854750871658325,207757,0.0,0.0
2023-10-11 00:00:00-04:00,3.862338728418763,3.885102767619742,3.8168099191234433,3.83198618888855,385113,0.0,0.0
2023-10-12 00:00:00-04:00,3.8168101819211917,3.8471627235412598,3.809222046516175,3.8471627235412598,351177,0.0,0.0
2023-10-13 00:00:00-04:00,3.8547505263048816,3.862338661055089,3.771281409499275,3.7940454483032227,401172,0.0,0.0
2023-10-16 00:00:00-04:00,3.824398253512737,3.8471626593479438,3.794045712399128,3.8092219829559326,495809,0.0,0.0
2023-10-17 00:00:00-04:00,3.7940455013463077,3.8471624453403668,3.786457731936693,3.8243980407714844,348854,0.0,0.0
2023-10-18 00:00:00-04:00,3.81681016600126,3.81681016600126,3.75610544846103,3.7712817192077637,439350,0.0,0.0
2023-10-19 00:00:00-04:00,3.778870018846482,3.786458154549701,3.702989027261014,3.72575306892395,591658,0.0,0.0
2023-10-20 00:00:00-04:00,3.710577224952818,3.733341266996048,3.6802246816328754,3.6954009532928467,455813,0.0,0.0
2023-10-23 00:00:00-04:00,3.6726367115262066,3.6878129838709888,3.6346963961109937,3.649872303009033,760429,0.0,0.0
2023-10-24 00:00:00-04:00,3.6802244275427536,3.6802244275427536,3.6043434399286007,3.6195197105407715,628321,0.0,0.0
2023-10-25 00:00:00-04:00,3.6119312837349935,3.6498715917567592,3.581578744960243,3.5891668796539307,727604,0.0,0.0
2023-10-26 00:00:00-04:00,3.5815795109812405,3.5967557836144866,3.498110376945139,3.551227331161499,660742,0.0,0.0
2023-10-27 00:00:00-04:00,3.5588149855517637,3.5815790259722298,3.475345862818855,3.48293399810791,745582,0.0,0.0
2023-10-30 00:00:00-04:00,3.4905214445004042,3.505697713672203,3.4601692716034735,3.4981095790863037,630543,0.0,0.0
2023-10-31 00:00:00-04:00,3.498109856294413,3.528462397043301,3.4677576809922206,3.520874261856079,614181,0.0,0.0
2023-11-01 00:00:00-04:00,3.558814706325852,3.5891668796539307,3.5132858981637267,3.5891668796539307,449753,0.0,0.0
2023-11-02 00:00:00-04:00,3.627108290912302,3.75610587605104,3.627108290912302,3.74092960357666,660742,0.0,0.0
2023-11-03 00:00:00-04:00,3.81680990591519,3.854750580196661,3.7940455013463077,3.8243980407714844,518433,0.0,0.0
2023-11-06 00:00:00-05:00,3.8547505856293,3.8699268553632766,3.740928928071154,3.763693332672119,775175,0.0,0.0
2023-11-07 00:00:00-05:00,3.763692853496181,3.771280987397083,3.6726356121319865,3.7029881477355957,602869,0.0,0.0
2023-11-08 00:00:00-05:00,3.702988571178969,3.710576705947588,3.649871627798635,3.672636032104492,403596,0.0,0.0
2023-11-09 00:00:00-05:00,3.695400399918885,3.695400399918885,3.5739906102665553,3.5891668796539307,882134,0.0,0.0
2023-11-10 00:00:00-05:00,3.6119315412104647,3.665048122406006,3.596755270741254,3.665048122406006,451672,0.0,0.0
2023-11-13 00:00:00-05:00,3.6574599871714004,3.6726362576406113,3.6346959469142814,3.665048122406006,368448,0.0,0.0
2023-11-14 00:00:00-05:00,3.6954009282716216,3.763693784832361,3.6954009282716216,3.7485175132751465,422685,0.0,0.0
2023-11-15 00:00:00-05:00,3.80163358305343,3.8092217178036374,3.771281409499275,3.7940454483032227,542471,0.0,0.0
2023-11-16 00:00:00-05:00,3.8092215765646347,3.8168097110334878,3.7561050007293235,3.7864575386047363,617918,0.0,0.0
2023-11-17 00:00:00-05:00,3.8168099191234433,3.839574323771103,3.8016336493583367,3.83198618888855,401273,0.0,0.0
2023-11-20 00:00:00-05:00,3.8471626888338357,3.900279270743054,3.8168101474875953,3.892691135406494,570448,0.0,0.0
2023-11-21 00:00:00-05:00,3.8926909690641023,3.8926909690641023,3.8547506594492686,3.869926929473877,374205,0.0,0.0
2023-11-22 00:00:00-05:00,3.900279484850283,3.907867620603396,3.862339171531438,3.8775150775909424,333401,0.0,0.0
2023-11-24 00:00:00-05:00,3.877514699039494,3.885102834051798,3.862338794461573,3.869926929473877,191597,0.0,0.0
2023-11-27 00:00:00-05:00,3.869926929473877,3.885102834051798,3.862338794461573,3.869926929473877,371175,0.0,0.0
2023-11-28 00:00:00-05:00,3.8623390197753906,3.869927155230357,3.847162748865458,3.8623390197753906,284416,0.0,0.0
2023-11-29 00:00:00-05:00,3.869926929473877,3.885102834051798,3.8547506594492686,3.869926929473877,300677,0.0,0.0
2023-11-30 00:00:00-05:00,3.869926929473877,3.877514699039494,3.8471625244369645,3.869926929473877,387133,0.0,0.0
2023-12-01 00:00:00-05:00,3.862338959506956,3.9078674060796144,3.854750824170396,3.892691135406494,675690,0.0,0.0
2023-12-04 00:00:00-05:00,3.8926913983609146,3.907867670059204,3.8775151266626247,3.907867670059204,524796,0.0,0.0
2023-12-05 00:00:00-05:00,3.90786723908871,3.90786723908871,3.862338794461573,3.869926929473877,654884,0.0,0.0
2023-12-06 00:00:00-05:00,3.907867670059204,3.915455805908349,3.8775151266626247,3.907867670059204,581255,0.0,0.0
2023-12-07 00:00:00-05:00,3.9230437151685567,3.9306318505794224,3.900279308935959,3.9154555797576904,410969,0.0,0.0
2023-12-08 00:00:00-05:00,3.9306318029955474,3.9533958435058594,3.923043667676543,3.9533958435058594,506616,0.0,0.0
2023-12-11 00:00:00-05:00,3.95339594434199,4.014101028442383,3.95339594434199,4.014101028442383,635088,0.0,0.0
2023-12-12 00:00:00-05:00,4.014100299203598,4.021688433337617,3.9837477626675257,4.00651216506958,797900,0.0,0.0
2023-12-13 00:00:00-05:00,3.991336561733116,4.0520412794716405,3.960984020140501,4.044453144073486,962126,0.0,0.0
2023-12-14 00:00:00-05:00,4.067876854294734,4.091300463707999,4.02103001149738,4.0444536209106445,1095547,0.148515,0.0
2023-12-15 00:00:00-05:00,4.021029924362762,4.028837793997989,3.9429516040396577,3.9741830825805664,1219474,0.0,0.0
2023-12-18 00:00:00-05:00,3.9819906485991634,4.005413879689716,3.91171982724009,3.950759172439575,1490962,0.0,0.0
2023-12-19 00:00:00-05:00,3.911719863427775,3.9663749472126733,3.911719863427775,3.93514347076416,915060,0.0,0.0
2023-12-20 00:00:00-05:00,3.927336295844223,4.0132224952296545,3.872681578427751,3.8882973194122314,1067469,0.0,0.0
2023-12-21 00:00:00-05:00,3.919528327607423,3.9897987842559814,3.9039125870123654,3.9897987842559814,777296,0.0,0.0
2023-12-22 00:00:00-05:00,4.1381469183927955,4.1381469183927955,3.981990303198277,4.00541353225708,1573580,0.0,0.0
2023-12-26 00:00:00-05:00,4.005413935847599,4.114723727909596,3.9741828352792745,4.036645412445068,1621959,0.0,0.0
2023-12-27 00:00:00-05:00,4.036645384524046,4.060068991810129,3.9976060390472408,3.997606039047241,977175,0.0,0.0
2023-12-28 00:00:00-05:00,3.989797795531807,4.036645005707626,3.981990303198277,4.00541353225708,704071,0.0,0.0
2023-12-29 00:00:00-05:00,3.9976064545505503,4.021030064271237,3.9351438713245654,3.9663753509521484,1352188,0.0,0.0
2024-01-02 00:00:00-05:00,3.9351435714991565,3.966375048747159,3.927335702187156,3.9429514408111572,594284,0.0,0.0
2024-01-03 00:00:00-05:00,3.9429516545077314,3.9429516545077314,3.888296942390752,3.903912305831909,687305,0.0,0.0
2024-01-04 00:00:00-05:00,3.903911589640002,3.919527326245547,3.8726804924580156,3.896104097366333,879306,0.0,0.0
2024-01-05 00:00:00-05:00,3.8882967418605676,3.9273357124938704,3.872681003195585,3.880488872528076,544693,0.0,0.0
2024-01-08 00:00:00-05:00,3.919527530670166,3.919527530670166,3.8804885631493136,3.919527530670166,584992,0.0,0.0
2024-01-09 00:00:00-05:00,3.9117202758789062,3.9195281458142954,3.8882970421019216,3.9117202758789062,518433,0.0,0.0
2024-01-10 00:00:00-05:00,3.911719661960171,3.9351432680901564,3.9039117932501757,3.919527530670166,436320,0.0,0.0
2024-01-11 00:00:00-05:00,3.927335399380161,3.9429511368001515,3.8882964318593087,3.919527530670166,460863,0.0,0.0
2024-01-12 00:00:00-05:00,3.9273359150374025,3.9585673939780603,3.888296942390752,3.903912305831909,612161,0.0,0.0
2024-01-16 00:00:00-05:00,3.9039123058319087,3.935143784772567,3.888296942390752,3.903912305831909,1065146,0.0,0.0
2024-01-17 00:00:00-05:00,3.8961045012326605,3.93514347076416,3.888296632120532,3.93514347076416,977478,0.0,0.0
2024-01-18 00:00:00-05:00,3.9429516414863923,3.966375250614531,3.9273359020676333,3.9585673809051514,552773,0.0,0.0
2024-01-19 00:00:00-05:00,3.966375250614531,3.98199099003329,3.935143771777013,3.9585673809051514,459146,0.0,0.0
2024-01-22 00:00:00-05:00,3.966375550446934,3.997606655616151,3.966375550446934,3.9819912910461426,688214,0.0,0.0
2024-01-23 00:00:00-05:00,4.005414524851039,4.013222395148567,3.9741834196901236,3.9897987842559814,380669,0.0,0.0
2024-01-24 00:00:00-05:00,3.9976064545505503,4.013222194364341,3.9663753509521484,3.9663753509521484,544491,0.0,0.0
2024-01-25 00:00:00-05:00,3.9976060390472408,4.005413908142602,3.98199067688566,3.997606039047241,424604,0.0,0.0
2024-01-26 00:00:00-05:00,3.9976066545535103,4.005414524851039,3.9819912899876524,3.9897987842559814,491567,0.0,0.0
2024-01-29 00:00:00-05:00,3.997606066698232,4.036645412445068,3.981990704428642,4.036645412445068,631553,0.0,0.0
2024-01-30 00:00:00-05:00,4.028837478771295,4.036645347795615,4.005413871698337,4.013221740722656,605192,0.0,0.0
2024-01-31 00:00:00-05:00,4.005414524851039,4.021030265446096,3.9741834196901236,3.9897987842559814,672458,0.0,0.0
2024-02-01 00:00:00-05:00,3.9897981975488648,4.052261150743803,3.981990704428642,4.036645412445068,835068,0.0,0.0
2024-02-02 00:00:00-05:00,4.0444536209106445,4.0522614907150665,4.02103001149738,4.0444536209106445,531058,0.0,0.0
2024-02-05 00:00:00-05:00,4.052261829376221,4.060069699833172,4.0054146066345115,4.052261829376221,703869,0.0,0.0
2024-02-06 00:00:00-05:00,4.060069184521551,4.075684547424316,4.052261315055589,4.075684547424316,559540,0.0,0.0
2024-02-07 00:00:00-05:00,4.114723820099448,4.12253168942375,4.091300212126543,4.1069159507751465,828402,0.0,0.0
2024-02-08 00:00:00-05:00,4.122531753052747,4.130339622497559,4.099108144718312,4.130339622497559,432785,0.0,0.0
2024-02-09 00:00:00-05:00,4.130339558748051,4.138147428072353,4.1069159507751465,4.1069159507751465,463691,0.0,0.0
2024-02-12 00:00:00-05:00,4.130339622497559,4.153762854802835,4.114723883607935,4.130339622497559,805980,0.0,0.0
2024-02-13 00:00:00-05:00,4.099108017457552,4.11472375586237,4.0522611782722455,4.083492279052734,797395,0.0,0.0
2024-02-14 00:00:00-05:00,4.099108243980263,4.153762955388277,4.099108243980263,4.1459550857543945,660338,0.0,0.0
2024-02-15 00:00:00-05:00,4.161570613025228,4.19280208996978,4.15376274378909,4.184994220733643,609737,0.0,0.0
2024-02-16 00:00:00-05:00,4.177186905032336,4.177186905032336,4.145955423949182,4.153763294219971,605091,0.0,0.0
2024-02-20 00:00:00-05:00,4.122532189166015,4.153763294219971,4.122532189166015,4.153763294219971,424604,0.0,0.0
2024-02-21 00:00:00-05:00,4.153763294219971,4.177186905032336,4.130340059436803,4.153763294219971,361176,0.0,0.0
2024-02-22 00:00:00-05:00,4.177186351497505,4.208417828442056,4.161570613025228,4.184994220733643,493385,0.0,0.0
2024-02-23 00:00:00-05:00,4.200610637664795,4.239649614121691,4.184994896670353,4.200610637664795,610141,0.0,0.0
2024-02-26 00:00:00-05:00,4.200610836026937,4.224034072595488,4.200610836026937,4.216226577758789,553783,0.0,0.0
2024-02-27 00:00:00-05:00,4.22403355598488,4.239649295806885,4.208418192192055,4.239649295806885,511262,0.0,0.0
2024-02-28 00:00:00-05:00,4.231840813037622,4.2474565505981445,4.192801845165441,4.2474565505981445,389254,0.0,0.0
2024-02-29 00:00:00-05:00,4.255264348001095,4.286495822598268,4.2474564793518015,4.278687953948975,582871,0.0,0.0
2024-03-01 00:00:00-05:00,4.278688729905033,4.325535574267521,4.263072989774475,4.309919834136963,572468,0.0,0.0
2024-03-04 00:00:00-05:00,4.317727290233448,4.3489580154418945,4.317727290233448,4.3489580154418945,651955,0.0,0.0
2024-03-05 00:00:00-05:00,4.3411498059079605,4.348957674612743,4.309919083147076,4.325534820556641,543683,0.0,0.0
2024-03-06 00:00:00-05:00,4.356765405500227,4.372381142415821,4.309918946811668,4.333342552185059,599435,0.0,0.0
2024-03-07 00:00:00-05:00,4.348958078872603,4.395804919426851,4.348958078872603,4.372381687164307,613575,0.0,0.0
2024-03-08 00:00:00-05:00,4.395804919426851,4.4114206582879865,4.356765948303171,4.372381687164307,567620,0.0,0.0
2024-03-11 00:00:00-04:00,4.3723811756898705,4.4036122737296175,4.35676543865544,4.395804405212402,772347,0.0,0.0
2024-03-12 00:00:00-04:00,4.419228579278816,4.481691159422967,4.403612840235489,4.466075420379639,1450663,0.0,0.0
2024-03-13 00:00:00-04:00,4.41796740369934,4.450039944561876,4.353822708129883,4.353822708129883,1247148,0.148515,0.0
2024-03-14 00:00:00-04:00,4.353822945806204,4.36184108145955,4.31373265369511,4.337786674499512,507222,0.0,0.0
2024-03-15 00:00:00-04:00,4.329768925001803,4.345804810152858,4.31373265369511,4.337786674499512,291284,0.0,0.0
2024-03-18 00:00:00-04:00,4.369859097616956,4.369859097616956,4.329768806602151,4.345804691314697,700435,0.0,0.0
2024-03-19 00:00:00-04:00,4.353822113986469,4.385894650472234,4.3377858457435865,4.36184024810791,576710,0.0,0.0
2024-03-20 00:00:00-04:00,4.353822744811785,4.44202184677124,4.345804609528596,4.44202184677124,849814,0.0,0.0
2024-03-21 00:00:00-04:00,4.490129489963508,4.514183507534999,4.385894898946263,4.40994930267334,2049391,0.0,0.0
2024-03-22 00:00:00-04:00,4.409949101852032,4.450039386749268,4.37787656500979,4.450039386749268,1142411,0.0,0.0
2024-03-25 00:00:00-04:00,4.434003589614127,4.442021724676927,4.4019314355185335,4.417967319488525,402990,0.0,0.0
2024-03-26 00:00:00-04:00,4.417968126431422,4.450040672540681,4.3858959664778405,4.401932239532471,657611,0.0,0.0
2024-03-27 00:00:00-04:00,4.425984984117585,4.450039386749268,4.393912833430911,4.450039386749268,600748,0.0,0.0
2024-03-28 00:00:00-04:00,4.450040220278138,4.45805758367928,4.409949927871663,4.425985813140869,721746,0.0,0.0
2024-04-01 00:00:00-04:00,4.434003674130608,4.434003674130608,4.345804572914249,4.353822708129883,937684,0.0,0.0
2024-04-02 00:00:00-04:00,4.321750281928728,4.3377861651969996,4.297695877792934,4.313732147216797,546410,0.0,0.0
2024-04-03 00:00:00-04:00,4.321750164031982,4.337786046862797,4.305713895045587,4.321750164031982,429654,0.0,0.0
2024-04-04 00:00:00-04:00,4.3538225538348865,4.377876958629326,4.281659725607172,4.305714130401611,504798,0.0,0.0
2024-04-05 00:00:00-04:00,4.305713895045587,4.32976829852518,4.265623222579598,4.321750164031982,544592,0.0,0.0
2024-04-08 00:00:00-04:00,4.329768806602151,4.369859097616956,4.329768806602151,4.345804691314697,338148,0.0,0.0
2024-04-09 00:00:00-04:00,4.369859097616956,4.369859097616956,4.313732535733979,4.345804691314697,377942,0.0,0.0
2024-04-10 00:00:00-04:00,4.329768047667055,4.329768047667055,4.26562297543791,4.273641109466553,509040,0.0,0.0
2024-04-11 00:00:00-04:00,4.281659839779097,4.297696110069669,4.2576054343432395,4.265623569488525,304515,0.0,0.0
2024-04-12 00:00:00-04:00,4.2656231768641115,4.273641311271377,4.217514756576093,4.233551025390625,358348,0.0,0.0
2024-04-15 00:00:00-04:00,4.233550978088146,4.257604994885605,4.13733375243159,4.145351886749268,502879,0.0,0.0
2024-04-16 00:00:00-04:00,4.16940692087589,4.193460941314697,4.129316243218492,4.193460941314697,634280,0.0,0.0
2024-04-17 00:00:00-04:00,4.209496971135037,4.209496971135037,4.1533704117868755,4.177424430847168,306535,0.0,0.0
2024-04-18 00:00:00-04:00,4.177424430847168,4.241569511422906,4.161388546858843,4.177424430847168,686295,0.0,0.0
2024-04-19 00:00:00-04:00,4.20147883606307,4.2255332412789715,4.161388546858843,4.177424430847168,573478,0.0,0.0
2024-04-22 00:00:00-04:00,4.177423968726023,4.2415690422058105,4.169406220696616,4.2415690422058105,386830,0.0,0.0
2024-04-23 00:00:00-04:00,4.257605762302585,4.281660169591332,4.217515469643651,4.2495880126953125,338047,0.0,0.0
2024-04-24 00:00:00-04:00,4.25760555267334,4.273641823409601,4.23355153272457,4.25760555267334,313605,0.0,0.0
2024-04-25 00:00:00-04:00,4.233551741169482,4.265623898065501,4.177424790829074,4.2495880126953125,465004,0.0,0.0
2024-04-26 00:00:00-04:00,4.249587803460832,4.265623688041471,4.23355153272457,4.25760555267334,196344,0.0,0.0
2024-04-29 00:00:00-04:00,4.2576054343432395,4.289677974924383,4.249587685353567,4.265623569488525,462782,0.0,0.0
2024-04-30 00:00:00-04:00,4.2415690422058105,4.265623058605164,4.2335509080208364,4.2415690422058105,356732,0.0,0.0
2024-05-01 00:00:00-04:00,4.2495880126953125,4.273642033828416,4.233551741169482,4.2495880126953125,382891,0.0,0.0
2024-05-02 00:00:00-04:00,4.289677377523839,4.289677377523839,4.233550825478896,4.273641109466553,292294,0.0,0.0
2024-05-03 00:00:00-04:00,4.297695276687383,4.321749677458762,4.281659009506464,4.289677143096924,316736,0.0,0.0
2024-05-06 00:00:00-04:00,4.297695995470132,4.313732265333091,4.297695995470132,4.305714130401611,326432,0.0,0.0
2024-05-07 00:00:00-04:00,4.305714012504866,4.345804299908931,4.305714012504866,4.313732147216797,372791,0.0,0.0
2024-05-08 00:00:00-04:00,4.313732535733979,4.345804691314697,4.305714400299892,4.345804691314697,227654,0.0,0.0
2024-05-09 00:00:00-04:00,4.35382212152915,4.3939127922058105,4.337785853258487,4.3939127922058105,309161,0.0,0.0
2024-05-10 00:00:00-04:00,4.40193104409025,4.409949178440062,4.377876641040813,4.385894775390625,311585,0.0,0.0
2024-05-13 00:00:00-04:00,4.385895489909553,4.401931761221693,4.353822947285272,4.369859218597412,389153,0.0,0.0
2024-05-14 00:00:00-04:00,4.3858959664778405,4.401932239532471,4.353823420368581,4.401932239532471,514090,0.0,0.0
2024-05-15 00:00:00-04:00,4.409949809619432,4.442021965453472,4.409949809619432,4.434003829956055,528028,0.0,0.0
2024-05-16 00:00:00-04:00,4.450039982054429,4.458057345026378,4.417967440921674,4.44202184677124,568327,0.0,0.0
2024-05-17 00:00:00-04:00,4.458057403564453,4.458057403564453,4.434003769710282,4.458057403564453,336431,0.0,0.0
2024-05-20 00:00:00-04:00,4.474093201742162,4.490129470825195,4.45003957042878,4.490129470825195,412080,0.0,0.0
2024-05-21 00:00:00-04:00,4.490130096132077,4.506165981292725,4.458057553499508,4.506165981292725,522473,0.0,0.0
2024-05-22 00:00:00-04:00,4.506165353752645,4.514183488294162,4.474093201742162,4.490129470825195,398647,0.0,0.0
2024-05-23 00:00:00-04:00,4.522202041136268,4.522202041136268,4.417967440921674,4.44202184677124,553682,0.0,0.0
2024-05-24 00:00:00-04:00,4.434003651988492,4.466075420379639,4.425985516812898,4.466075420379639,371074,0.0,0.0
2024-05-28 00:00:00-04:00,4.474093220812123,4.490129489963508,4.40994930267334,4.40994930267334,369862,0.0,0.0
2024-05-29 00:00:00-04:00,4.4099498953796274,4.458057550832793,4.321750789348457,4.337786674499512,568731,0.0,0.0
2024-05-30 00:00:00-04:00,4.3377861651969996,4.377876838756657,4.289677743081003,4.313732147216797,686901,0.0,0.0
2024-05-31 00:00:00-04:00,4.329769396942315,4.401932239532471,4.329769396942315,4.401932239532471,498940,0.0,0.0
2024-06-03 00:00:00-04:00,4.401932239532471,4.434004399486051,4.3858959664778405,4.401932239532471,656803,0.0,0.0
2024-06-04 00:00:00-04:00,4.401932239532471,4.442022536013367,4.36985969342321,4.401932239532471,560247,0.0,0.0
2024-06-05 00:00:00-04:00,4.417967381637304,4.466075420379639,4.401931497441731,4.466075420379639,664378,0.0,0.0
2024-06-06 00:00:00-04:00,4.466075538952927,4.466075538952927,4.434003769710282,4.458057403564453,370872,0.0,0.0
2024-06-07 00:00:00-04:00,4.458057642395924,4.474093914031982,4.434004007253128,4.474093914031982,677407,0.0,0.0
2024-06-10 00:00:00-04:00,4.474093017069814,4.482111151280375,4.434003118328146,4.450039386749268,686194,0.0,0.0
2024-06-11 00:00:00-04:00,4.44202184677124,4.44202184677124,4.409949691794105,4.44202184677124,500960,0.0,0.0
2024-06-12 00:00:00-04:00,4.4500395835055615,4.466075080324549,4.3778767585754395,4.3778767585754395,1100900,0.0,0.0
2024-06-13 00:00:00-04:00,4.419099916205848,4.419099916205848,4.303675408349482,4.320164680480957,1387942,0.148515,0.0
2024-06-14 00:00:00-04:00,4.320164680480957,4.328409316546694,4.27894189721623,4.320164680480957,497930,0.0,0.0
2024-06-17 00:00:00-04:00,4.311919923278056,4.328409194946289,4.287186412839656,4.328409194946289,468236,0.0,0.0
2024-06-18 00:00:00-04:00,4.3284094386121135,4.344898711208603,4.30367552971738,4.311920166015625,663671,0.0,0.0
2024-06-20 00:00:00-04:00,4.328409194946289,4.353143102448638,4.27894177700554,4.328409194946289,1158369,0.0,0.0
2024-06-21 00:00:00-04:00,4.41085531550943,4.493301279763954,4.320164715123056,4.468567371368408,2310476,0.0,0.0
2024-06-24 00:00:00-04:00,4.476812232745962,4.501546142385966,4.377876991249925,4.394366264343262,992729,0.0,0.0
2024-06-25 00:00:00-04:00,4.402610993013872,4.410855629733058,4.32840965960519,4.361388206481934,630947,0.0,0.0
2024-06-26 00:00:00-04:00,4.344898822758695,4.369632732288442,4.303675640209117,4.336654186248779,493890,0.0,0.0
2024-06-27 00:00:00-04:00,4.328409549738864,4.353143459268611,4.303675640209117,4.336654186248779,470054,0.0,0.0
2024-06-28 00:00:00-04:00,4.336654042980911,4.361387951693536,4.237718805194379,4.287186622619629,1415616,0.0,0.0
2024-07-01 00:00:00-04:00,4.28718725056122,4.311920765832579,4.28718725056122,4.303676128387451,465610,0.0,0.0
2024-07-02 00:00:00-04:00,4.30367528744394,4.328409194946289,4.287186412839656,4.328409194946289,532674,0.0,0.0
2024-07-03 00:00:00-04:00,4.328410160071895,4.386122226715088,4.328410160071895,4.386122226715088,320978,0.0,0.0
2024-07-05 00:00:00-04:00,4.361387973270773,4.369632609549104,4.32016479187912,4.344898700714111,306232,0.0,0.0
2024-07-08 00:00:00-04:00,4.353143102448638,4.361387738282755,4.311919923278056,4.328409194946289,505505,0.0,0.0
2024-07-09 00:00:00-04:00,4.353143459268611,4.353143459268611,4.311920276719032,4.336654186248779,318857,0.0,0.0
2024-07-10 00:00:00-04:00,4.361388206481934,4.361388206481934,4.32840965960519,4.361388206481934,382386,0.0,0.0
2024-07-11 00:00:00-04:00,4.369633348434203,4.394366864387549,4.361388710761741,4.386122226715088,524190,0.0,0.0
2024-07-12 00:00:00-04:00,4.394366362163523,4.485056969131699,4.369632849036924,4.452078819274902,615292,0.0,0.0
2024-07-15 00:00:00-04:00,4.427344909084311,4.476812332401502,4.427344909084311,4.452078819274902,457631,0.0,0.0
2024-07-16 00:00:00-04:00,4.4603223658701125,4.526279449462891,4.4520781274849455,4.526279449462891,538128,0.0,0.0
2024-07-17 00:00:00-04:00,4.501545896380952,4.551013315893633,4.501545896380952,4.534524440765381,539138,0.0,0.0
2024-07-18 00:00:00-04:00,4.542769029179086,4.551013665909283,4.452078819274902,4.452078819274902,417433,0.0,0.0
2024-07-19 00:00:00-04:00,4.460321869795323,4.460321869795323,4.369631684069631,4.402609825134277,725988,0.0,0.0
2024-07-22 00:00:00-04:00,4.4355895458145085,4.452078819274902,4.410855635623917,4.452078819274902,491971,0.0,0.0
2024-07-23 00:00:00-04:00,4.4520784961686735,4.468567371368408,4.4520784961686735,4.468567371368408,285123,0.0,0.0
2024-07-24 00:00:00-04:00,4.460322230566834,4.460322230566834,4.394365546038772,4.410854816436768,364913,0.0,0.0
2024-07-25 00:00:00-04:00,4.394366864387549,4.4355900527498555,4.344899435416818,4.386122226715088,561055,0.0,0.0
2024-07-26 00:00:00-04:00,4.427344909084311,4.452078819274902,4.410855635623917,4.452078819274902,409252,0.0,0.0
2024-07-29 00:00:00-04:00,4.452078819274902,4.468567695671304,4.410855635623917,4.452078819274902,537522,0.0,0.0
2024-07-30 00:00:00-04:00,4.4520784961686735,4.485056643632105,4.427344587773127,4.468567371368408,367337,0.0,0.0
2024-07-31 00:00:00-04:00,4.493301027987943,4.52627957066743,4.468567120978328,4.518034934997559,509646,0.0,0.0
2024-08-01 00:00:00-04:00,4.5427687912582915,4.551013427556688,4.419100040910288,4.43558931350708,469549,0.0,0.0
2024-08-02 00:00:00-04:00,4.386121248721155,4.394365884555271,4.27894177700554,4.328409194946289,883851,0.0,0.0
2024-08-05 00:00:00-04:00,4.245964050292969,4.262453325132575,4.196496622838176,4.245964050292969,1195941,0.0,0.0
2024-08-06 00:00:00-04:00,4.2624527241785515,4.320164780916449,4.254208087921143,4.254208087921143,581457,0.0,0.0
2024-08-07 00:00:00-04:00,4.344899051601174,4.344899051601174,4.245963805335324,4.262453079223633,375316,0.0,0.0
2024-08-08 00:00:00-04:00,4.336654296324376,4.361388206481934,4.295431112728446,4.361388206481934,470054,0.0,0.0
2024-08-09 00:00:00-04:00,4.361387851227066,4.361387851227066,4.303675398893706,4.353143215179443,264923,0.0,0.0
2024-08-12 00:00:00-04:00,4.353143224743907,4.353143224743907,4.303675408349482,4.320164680480957,226745,0.0,0.0
2024-08-13 00:00:00-04:00,4.336654186248779,4.369632732288442,4.311920276719032,4.336654186248779,368448,0.0,0.0
2024-08-14 00:00:00-04:00,4.353143215179443,4.361387851227066,4.328409307036575,4.353143215179443,396223,0.0,0.0
2024-08-15 00:00:00-04:00,4.386120556070011,4.427343728730677,4.386120556070011,4.402609825134277,433189,0.0,0.0
2024-08-16 00:00:00-04:00,4.419100040910288,4.443833949805477,4.410855404611891,4.43558931350708,262196,0.0,0.0
2024-08-19 00:00:00-04:00,4.460323058941107,4.460323058941107,4.4355895458145085,4.452078819274902,610949,0.0,0.0
2024-08-20 00:00:00-04:00,4.452078819274902,4.468567695671304,4.4355895458145085,4.452078819274902,491365,0.0,0.0
2024-08-21 00:00:00-04:00,4.460323089099014,4.476812362670898,4.452078849377067,4.476812362670898,249167,0.0,0.0
2024-08-22 00:00:00-04:00,4.485056286491931,4.4933009219672675,4.460322380065918,4.460322380065918,235431,0.0,0.0
2024-08-23 00:00:00-04:00,4.493301260284845,4.534524440765381,4.485056624188738,4.534524440765381,560752,0.0,0.0
2024-08-26 00:00:00-04:00,4.559257507324219,4.57574677790823,4.534523998512124,4.559257507324219,772751,0.0,0.0
2024-08-27 00:00:00-04:00,4.551013946533203,4.567503221010356,4.542769309294627,4.551013946533203,380871,0.0,0.0
2024-08-28 00:00:00-04:00,4.559257507324219,4.57574677790823,4.5097900926361065,4.559257507324219,596102,0.0,0.0
2024-08-29 00:00:00-04:00,4.575747013092041,4.608724761827206,4.559257741660516,4.575747013092041,630442,0.0,0.0
2024-08-30 00:00:00-04:00,4.600480313316187,4.616969585418701,4.575747199290334,4.616969585418701,302899,0.0,0.0
2024-09-03 00:00:00-04:00,4.616969610534568,4.616969610534568,4.493301260284845,4.534524440765381,815777,0.0,0.0
2024-09-04 00:00:00-04:00,4.54276847022899,4.575747013092041,4.53452423157717,4.575747013092041,616201,0.0,0.0
2024-09-05 00:00:00-04:00,4.592236091721925,4.600480728517274,4.542769065077819,4.567502975463867,547521,0.0,0.0
2024-09-06 00:00:00-04:00,4.575747843494626,4.575747843494626,4.476812594014737,4.493301868438721,429048,0.0,0.0
2024-09-09 00:00:00-04:00,4.501545457344101,4.559257507324219,4.501545457344101,4.559257507324219,502273,0.0,0.0
2024-09-10 00:00:00-04:00,4.575747858248933,4.583991701359476,4.5345250691200665,4.551013946533203,657914,0.0,0.0
2024-09-11 00:00:00-04:00,4.551013591826702,4.551013591826702,4.493301532718767,4.542768955230713,567519,0.0,0.0
2024-09-12 00:00:00-04:00,4.5345250691200665,4.55925858377178,4.52628043188149,4.551013946533203,740734,0.0,0.0
2024-09-13 00:00:00-04:00,4.551012958746252,4.567502229644447,4.518034814013793,4.526279449462891,1229877,0.0,0.0
2024-09-16 00:00:00-04:00,4.517803283056419,4.577136872184539,4.4923750102189555,4.543231964111328,1386326,0.148515,0.0
2024-09-17 00:00:00-04:00,4.5432320244978355,4.577136933021696,4.534755797366871,4.560184478759766,552975,0.0,0.0
2024-09-18 00:00:00-04:00,4.56866025269521,4.627993428508866,4.551707800114906,4.5856122970581055,506313,0.0,0.0
2024-09-19 00:00:00-04:00,4.619517833068676,4.636470287964039,4.594089150725631,4.627994060516357,729826,0.0,0.0
2024-09-20 00:00:00-04:00,4.644946634483299,4.661899089813232,4.6110417238234325,4.661899089813232,871125,0.0,0.0
2024-09-23 00:00:00-04:00,4.721231430861851,4.729707658476631,4.670374881608116,4.71275520324707,2101204,0.0,0.0
2024-09-24 00:00:00-04:00,4.721230944938614,4.721230944938614,4.644946128909474,4.6534223556518555,488335,0.0,0.0
2024-09-25 00:00:00-04:00,4.644946964832689,4.644946964832689,4.585613366958108,4.619518280029297,588628,0.0,0.0
2024-09-26 00:00:00-04:00,4.644946455219283,4.653422682557124,4.594089091192239,4.61104154586792,748612,0.0,0.0
2024-09-27 00:00:00-04:00,4.611041635333674,4.6449465453428775,4.602565407831373,4.636470317840576,445915,0.0,0.0
2024-09-30 00:00:00-04:00,4.636469902167092,4.6534223556518555,4.602564995197566,4.6534223556518555,764570,0.0,0.0
2024-10-01 00:00:00-04:00,4.6618989703070834,4.6618989703070834,4.594089150725631,4.627994060516357,589941,0.0,0.0
2024-10-02 00:00:00-04:00,4.627994090338276,4.636470317840576,4.602565407831373,4.636470317840576,313100,0.0,0.0
2024-10-03 00:00:00-04:00,4.636470114721,4.6449463418519645,4.551708251628801,4.560184478759766,610545,0.0,0.0
2024-10-04 00:00:00-04:00,4.61104154586792,4.61104154586792,4.577137044734017,4.61104154586792,321786,0.0,0.0
2024-10-07 00:00:00-04:00,4.611041433328105,4.611041433328105,4.534755797366871,4.560184478759766,446420,0.0,0.0
2024-10-08 00:00:00-04:00,4.594089009427479,4.594089009427479,4.551708281710019,4.568660736083984,578225,0.0,0.0
2024-10-09 00:00:00-04:00,4.568660787630691,4.602565288543701,4.560184560348074,4.602565288543701,478134,0.0,0.0
2024-10-10 00:00:00-04:00,4.602565266919125,4.611041494161918,4.560184538922618,4.577136993408203,332189,0.0,0.0
2024-10-11 00:00:00-04:00,4.577137044734017,4.636470227881442,4.577137044734017,4.61104154586792,415615,0.0,0.0
2024-10-14 00:00:00-04:00,4.619517862835975,4.636470317840576,4.602565407831373,4.636470317840576,364004,0.0,0.0
2024-10-15 00:00:00-04:00,4.64494651541172,4.64494651541172,4.6025653781733125,4.627994060516357,479952,0.0,0.0
2024-10-16 00:00:00-04:00,4.6449465453428775,4.653422772845178,4.619517862835975,4.636470317840576,353904,0.0,0.0
2024-10-17 00:00:00-04:00,4.661898909894965,4.661898909894965,4.602565318530079,4.61104154586792,342188,0.0,0.0
2024-10-18 00:00:00-04:00,4.636470406818332,4.661899089813232,4.602565496158466,4.661899089813232,569438,0.0,0.0
2024-10-21 00:00:00-04:00,4.661898582394237,4.670374400919187,4.6110412219399475,4.6534223556518555,742956,0.0,0.0
2024-10-22 00:00:00-04:00,4.627994060516357,4.64494651541172,4.611041605620994,4.627994060516357,393294,0.0,0.0
2024-10-23 00:00:00-04:00,4.627993948647502,4.644946403133087,4.577136993408203,4.577136993408203,408444,0.0,0.0
2024-10-24 00:00:00-04:00,4.611041515826318,4.619517743108935,4.5517083330654575,4.602565288543701,418443,0.0,0.0
2024-10-25 00:00:00-04:00,4.627993918175409,4.653422599736356,4.560184508897002,4.568660736083984,537522,0.0,0.0
2024-10-28 00:00:00-04:00,4.577136478985363,4.594088523348257,4.577136478985363,4.5856122970581055,238461,0.0,0.0
2024-10-29 00:00:00-04:00,4.577136509904914,4.594088554382324,4.543231604515271,4.594088554382324,281184,0.0,0.0
2024-10-30 00:00:00-04:00,4.602565318530079,4.627994000543602,4.594089091192239,4.61104154586792,323604,0.0,0.0
2024-10-31 00:00:00-04:00,4.602565175666532,4.611041402741272,4.551708221435547,4.551708221435547,701344,0.0,0.0
2024-11-01 00:00:00-04:00,4.58561275193521,4.6025652061971405,4.5432320244978355,4.560184478759766,838300,0.0,0.0
2024-11-04 00:00:00-05:00,4.577136872184539,4.577136872184539,4.517803283056419,4.543231964111328,937684,0.0,0.0
2024-11-05 00:00:00-05:00,4.560184590058336,4.61104154586792,4.551708362720495,4.61104154586792,374407,0.0,0.0
2024-11-06 00:00:00-05:00,4.70427942276001,4.746659741071917,4.687326968861294,4.70427942276001,1158773,0.0,0.0
2024-11-07 00:00:00-05:00,4.721231430861851,4.738183886091411,4.704279792067236,4.71275520324707,735078,0.0,0.0
2024-11-08 00:00:00-05:00,4.712755262452975,4.729707717895508,4.704279851166666,4.729707717895508,436623,0.0,0.0
2024-11-11 00:00:00-05:00,4.729707767333248,4.763612270355225,4.729707767333248,4.763612270355225,660035,0.0,0.0
2024-11-12 00:00:00-05:00,4.755135482764827,4.7720879363888935,4.704279346544935,4.721230983734131,479447,0.0,0.0
2024-11-13 00:00:00-05:00,4.721231490174242,4.74666017333804,4.704279851166666,4.729707717895508,341178,0.0,0.0
2024-11-14 00:00:00-05:00,4.729707647025152,4.73818387461941,4.661899050923507,4.670374870300293,431674,0.0,0.0
2024-11-15 00:00:00-05:00,4.670374870300293,4.687327325488808,4.644946595734992,4.670374870300293,614383,0.0,0.0
2024-11-18 00:00:00-05:00,4.661899062210809,4.721231430861851,4.644946606981248,4.71275520324707,464499,0.0,0.0
2024-11-19 00:00:00-05:00,4.678851109222896,4.71275520324707,4.670374881608116,4.71275520324707,371478,0.0,0.0
2024-11-20 00:00:00-05:00,4.738183886091411,4.738183886091411,4.687327336837676,4.71275520324707,591557,0.0,0.0
2024-11-21 00:00:00-05:00,4.738183995143113,4.77208849816509,4.721231539523383,4.763612270355225,517221,0.0,0.0
2024-11-22 00:00:00-05:00,4.755135776108162,4.831421822122527,4.738183729655763,4.822945594787598,540350,0.0,0.0
2024-11-25 00:00:00-05:00,4.848373979310181,4.899231344481323,4.848373979310181,4.873802661895752,809818,0.0,0.0
2024-11-26 00:00:00-05:00,4.882278948912387,4.8907551765441895,4.839897810753376,4.8907551765441895,500657,0.0,0.0
2024-11-27 00:00:00-05:00,4.8907551765441895,4.924659678853924,4.882278948912387,4.8907551765441895,747905,0.0,0.0
2024-11-29 00:00:00-05:00,4.907707214355469,4.924659259959649,4.87380230671223,4.907707214355469,223715,0.0,0.0
2024-12-02 00:00:00-05:00,4.916183441266279,4.916183441266279,4.882278533623039,4.907707214355469,547016,0.0,0.0
2024-12-03 00:00:00-05:00,4.933135509490967,4.95008796339032,4.907707236859378,4.933135509490967,424099,0.0,0.0
2024-12-04 00:00:00-05:00,4.941611713781268,4.941611713781268,4.8907547605338495,4.907707214355469,488537,0.0,0.0
2024-12-05 00:00:00-05:00,4.9161834638090545,4.95008796339032,4.9161834638090545,4.933135509490967,595799,0.0,0.0
2024-12-06 00:00:00-05:00,4.933135539813408,4.9416117668151855,4.9161834940272975,4.9416117668151855,435916,0.0,0.0
2024-12-09 00:00:00-05:00,4.950087940692078,4.958564167602887,4.907707214355469,4.907707214355469,657207,0.0,0.0
2024-12-10 00:00:00-05:00,4.924659618849425,4.933135846377948,4.856850206838704,4.873802661895752,696597,0.0,0.0
2024-12-11 00:00:00-05:00,4.890755206185235,4.899231433868408,4.865326523135714,4.899231433868408,996769,0.0,0.0
2024-12-12 00:00:00-05:00,4.899231852873328,4.899231852873328,4.865326939240929,4.882279396057129,825069,0.0,0.0
2024-12-13 00:00:00-05:00,4.8735757965026,4.890981105507287,4.847467204297047,4.864872932434082,968388,0.148515,0.0
2024-12-16 00:00:00-05:00,4.847467891052239,4.856170756353718,4.786549091339111,4.786549091339111,939199,0.0,0.0
2024-12-17 00:00:00-05:00,4.795251041197232,4.821359634399414,4.77784573152814,4.821359634399414,507929,0.0,0.0
2024-12-18 00:00:00-05:00,4.830062682835948,4.838764709303514,4.664709091186523,4.664709091186523,767802,0.0,0.0
2024-12-19 00:00:00-05:00,4.6908176853835,4.734331589912747,4.621194767524896,4.664709091186523,1753663,0.0,0.0
2024-12-20 00:00:00-05:00,4.690817992155255,4.856170756353718,4.647303665647863,4.786549091339111,2541463,0.0,0.0
2024-12-23 00:00:00-05:00,4.769143177681414,4.786548907616284,4.716925987876803,4.725628852844238,483487,0.0,0.0
2024-12-24 00:00:00-05:00,4.725628485323312,4.734331349613909,4.699520311583878,4.716925621032715,432179,0.0,0.0
2024-12-26 00:00:00-05:00,4.7169257691016035,4.751737227356758,4.708222904537815,4.743034362792969,379154,0.0,0.0
2024-12-27 00:00:00-05:00,4.716925749668185,4.725628614196118,4.647303252577089,4.673411846160889,668923,0.0,0.0
2024-12-30 00:00:00-05:00,4.664708397422133,4.690816987736078,4.629896943670206,4.682114124298096,664378,0.0,0.0
2024-12-31 00:00:00-05:00,4.699519851174059,4.734330885793668,4.682114124298096,4.682114124298096,397940,0.0,0.0
2025-01-02 00:00:00-05:00,4.690817575216755,4.716925749668185,4.664708981632955,4.673411846160889,450157,0.0,0.0
2025-01-03 00:00:00-05:00,4.725628485323312,4.734331349613909,4.6908174472932815,4.716925621032715,312999,0.0,0.0
2025-01-06 00:00:00-05:00,4.743034121705815,4.769142714070087,4.690817356109619,4.690817356109619,404808,0.0,0.0
2025-01-07 00:00:00-05:00,4.664708981632955,4.699520439744688,4.656006117105022,4.673411846160889,527927,0.0,0.0
2025-01-08 00:00:00-05:00,4.682114124298096,4.682114124298096,4.656005533984151,4.682114124298096,394607,0.0,0.0
2025-01-10 00:00:00-05:00,4.656005533984151,4.682114124298096,4.629896943670206,4.682114124298096,630139,0.0,0.0
2025-01-13 00:00:00-05:00,4.656006226454198,4.682114820651174,4.638600496989548,4.664709091186523,337441,0.0,0.0
2025-01-14 00:00:00-05:00,4.6995205501158255,4.708222995715771,4.629897632257221,4.664709091186523,606707,0.0,0.0
2025-01-15 00:00:00-05:00,4.725628267092748,4.760439722647536,4.716925403204051,4.734331130981445,402586,0.0,0.0
2025-01-16 00:00:00-05:00,4.743033994870142,4.751736858758839,4.699520094558996,4.734331130981445,230785,0.0,0.0
2025-01-17 00:00:00-05:00,4.769143360736154,4.786549091339111,4.7604404954346755,4.786549091339111,427432,0.0,0.0
2025-01-21 00:00:00-05:00,4.786548595928868,4.8300624988001415,4.786548595928868,4.821359634399414,323503,0.0,0.0
2025-01-22 00:00:00-05:00,4.838764375030012,4.856170103292233,4.79525089263916,4.79525089263916,410767,0.0,0.0
2025-01-23 00:00:00-05:00,4.769142975564391,4.821359744023655,4.769142975564391,4.812656879425049,476922,0.0,0.0
2025-01-24 00:00:00-05:00,4.821360154614574,4.943199011973838,4.821360154614574,4.91709041595459,1013434,0.0,0.0
2025-01-27 00:00:00-05:00,4.864873643048503,4.934496146634088,4.830063019954323,4.91709041595459,682558,0.0,0.0
2025-01-28 00:00:00-05:00,4.917090637469486,4.934496368933113,4.890982040274046,4.899684906005859,303000,0.0,0.0
2025-01-29 00:00:00-05:00,4.890981292208143,4.8996841566088705,4.812656769998687,4.821359634399414,678417,0.0,0.0
2025-01-30 00:00:00-05:00,4.821359085249286,4.864872564032035,4.81265622183981,4.856169700622559,419150,0.0,0.0
2025-01-31 00:00:00-05:00,4.856170364153335,4.88227853881678,4.812656879425049,4.812656879425049,411676,0.0,0.0
2025-02-03 00:00:00-05:00,4.743034126984847,4.830062349163603,4.725628398722626,4.79525089263916,646501,0.0,0.0
2025-02-04 00:00:00-05:00,4.79525089263916,4.8126566209013815,4.7865484476404,4.79525089263916,379760,0.0,0.0
2025-02-05 00:00:00-05:00,4.812656329496227,4.847466945648193,4.812656329496227,4.847466945648193,302091,0.0,0.0
2025-02-06 00:00:00-05:00,4.864873261482463,4.882278571664403,4.8213597764614216,4.838764667510986,355116,0.0,0.0
2025-02-07 00:00:00-05:00,4.830062608622262,4.86487322875194,4.795251150227837,4.812656879425049,357540,0.0,0.0
2025-02-10 00:00:00-05:00,4.821359634399414,4.856170253737597,4.803953905597959,4.821359634399414,287850,0.0,0.0
2025-02-11 00:00:00-05:00,4.82135904919223,4.838763937616386,4.803953322503448,4.830061912536621,255025,0.0,0.0
2025-02-12 00:00:00-05:00,4.7865480149469795,4.856169664305168,4.743033698225025,4.830061912536621,634179,0.0,0.0
2025-02-13 00:00:00-05:00,4.8213597764614216,4.847467532168145,4.812656911804263,4.838764667510986,301485,0.0,0.0
2025-02-14 00:00:00-05:00,4.838763937616386,4.890980698550418,4.82135904919223,4.830061912536621,536310,0.0,0.0
2025-02-18 00:00:00-05:00,4.8300623144247075,4.8735757965026,4.8300623144247075,4.864872932434082,467428,0.0,0.0
2025-02-19 00:00:00-05:00,4.864873279825579,4.908387184143066,4.847467550445633,4.908387184143066,457732,0.0,0.0
2025-02-20 00:00:00-05:00,4.899684649773352,4.899684649773352,4.856170742522305,4.882278919219971,394809,0.0,0.0
2025-02-21 00:00:00-05:00,4.899683561894809,4.899683561894809,4.830061912536621,4.830061912536621,458237,0.0,0.0
2025-02-24 00:00:00-05:00,4.838764524936142,4.847467389336869,4.812656769998687,4.821359634399414,374912,0.0,0.0
2025-02-25 00:00:00-05:00,4.838763937616386,4.864872527649559,4.7865480149469795,4.830061912536621,615797,0.0,0.0
2025-02-26 00:00:00-05:00,4.821359744023655,4.86487322875194,4.812656879425049,4.812656879425049,356328,0.0,0.0
2025-02-27 00:00:00-05:00,4.812656638587909,4.838764392812485,4.760439872741699,4.760439872741699,568529,0.0,0.0
2025-02-28 00:00:00-05:00,4.786548157816089,4.847466945648193,4.76914243060778,4.847466945648193,284921,0.0,0.0
2025-03-03 00:00:00-05:00,4.864872527649559,4.890980698550418,4.830061912536621,4.830061912536621,501768,0.0,0.0
2025-03-04 00:00:00-05:00,4.821359744023655,4.847467499554728,4.751737246367178,4.812656879425049,593880,0.0,0.0
2025-03-05 00:00:00-05:00,4.821359450356189,4.864872932434082,4.777845549145948,4.864872932434082,460661,0.0,0.0
2025-03-06 00:00:00-05:00,4.830062056704536,4.873575536460657,4.795250602287918,4.847466945648193,482780,0.0,0.0
2025-03-07 00:00:00-05:00,4.856169959661036,4.89098099602352,4.8126564785571855,4.873575687408447,483083,0.0,0.0
2025-03-10 00:00:00-04:00,4.803953884813417,4.8561702327271385,4.751737117767334,4.751737117767334,762954,0.0,0.0
2025-03-11 00:00:00-04:00,4.760440110965784,4.830062608622262,4.734331517169966,4.812656879425049,678619,0.0,0.0
2025-03-12 00:00:00-04:00,4.830062349163603,4.830062349163603,4.734331262853737,4.79525089263916,568529,0.0,0.0
2025-03-13 00:00:00-04:00,4.795251020450343,4.803953884813417,4.751737117767334,4.751737117767334,554894,0.0,0.0
2025-03-14 00:00:00-04:00,4.777845859527588,4.821359763564608,4.76044013025983,4.777845859527588,533280,0.0,0.0
2025-03-17 00:00:00-04:00,4.795739788916615,4.83152909440898,4.7778451361704315,4.822581768035889,1038785,0.148515,0.0
2025-03-18 00:00:00-04:00,4.795740172910498,4.8225821541790035,4.768898191641992,4.8046875,464297,0.0,0.0
2025-03-19 00:00:00-04:00,4.822582378663805,4.885213240299947,4.804687723651829,4.858371257781982,554793,0.0,0.0
2025-03-20 00:00:00-04:00,4.858371052793119,4.921002342692439,4.840476398536171,4.912055015563965,570953,0.0,0.0
2025-03-21 00:00:00-04:00,4.89415978199489,5.010473728179932,4.885212455925493,5.010473728179932,1695083,0.0,0.0
2025-03-24 00:00:00-04:00,5.090999990039221,5.1178415413388905,5.046263353030157,5.073105335235596,1955562,0.0,0.0
2025-03-25 00:00:00-04:00,5.064157596883519,5.064157596883519,4.9836320877075195,4.9836320877075195,591557,0.0,0.0
2025-03-26 00:00:00-04:00,4.974684669356882,5.0104739754003385,4.938896225124878,4.947843551635742,405212,0.0,0.0
2025-03-27 00:00:00-04:00,4.929949418545969,4.983632521461334,4.921002521997257,4.956791400909424,373195,0.0,0.0
2025-03-28 00:00:00-04:00,4.929948806601483,4.956790785633098,4.903107258475587,4.92100191116333,450561,0.0,0.0
2025-03-31 00:00:00-04:00,4.8852126059475935,4.929948806762695,4.858370626915101,4.929948806762695,502273,0.0,0.0
2025-04-01 00:00:00-04:00,4.903107643127441,4.947843847450663,4.867318334944262,4.903107643127441,496920,0.0,0.0
2025-04-02 00:00:00-04:00,4.867317953100101,4.92100191116333,4.867317953100101,4.92100191116333,423695,0.0,0.0
2025-04-03 00:00:00-04:00,4.822582108578173,4.858370985692018,4.76889814654878,4.795740127563477,1061611,0.0,0.0
2025-04-04 00:00:00-04:00,4.7241616110845825,4.777845138442944,4.500479313462347,4.518373966217041,2180489,0.0,0.0
2025-04-07 00:00:00-04:00,4.339428539626583,4.554163522705474,4.026274253690168,4.473637580871582,1794871,0.0,0.0
2025-04-08 00:00:00-04:00,4.607846958968134,4.670477814877012,4.437848613711369,4.44679594039917,889911,0.0,0.0
2025-04-09 00:00:00-04:00,4.437848644157027,4.822581970749014,4.411006663909474,4.768898010253906,1064944,0.0,0.0
2025-04-10 00:00:00-04:00,4.616794586181641,4.697320100707852,4.545216398925649,4.616794586181641,762752,0.0,0.0
2025-04-11 00:00:00-04:00,4.616794382342473,4.768898077409044,4.589952401716933,4.679425239562988,430563,0.0,0.0
2025-04-14 00:00:00-04:00,4.76889839814369,4.76889839814369,4.670478226803157,4.742056846618652,354106,0.0,0.0
2025-04-15 00:00:00-04:00,4.7420564153965055,4.7867926178073,4.715214435406589,4.759950637817383,461166,0.0,0.0
2025-04-16 00:00:00-04:00,4.742056920066772,4.76889847200755,4.6167947643552845,4.6615309715271,438441,0.0,0.0
2025-04-17 00:00:00-04:00,4.706267402088083,4.777845588950312,4.670478093204089,4.715214729309082,646501,0.0,0.0
2025-04-21 00:00:00-04:00,4.6973201465730545,4.7152148012882185,4.5631110980208565,4.625741958618164,591052,0.0,0.0
2025-04-22 00:00:00-04:00,4.652583869667853,4.759950934508314,4.652583869667853,4.715214729309082,266438,0.0,0.0
2025-04-23 00:00:00-04:00,4.76889839814369,4.849423914530349,4.742056846618652,4.742056846618652,592668,0.0,0.0
2025-04-24 00:00:00-04:00,4.742056596439834,4.8315294355830725,4.742056596439834,4.795740127563477,445814,0.0,0.0
2025-04-25 00:00:00-04:00,4.795739788916615,4.8494233162494425,4.759950483424249,4.822581768035889,595597,0.0,0.0
2025-04-28 00:00:00-04:00,4.804687723651829,4.885213240299947,4.804687723651829,4.858371257781982,538936,0.0,0.0
2025-04-29 00:00:00-04:00,4.840475974068487,4.929948806601483,4.786792446910976,4.92100191116333,617413,0.0,0.0
2025-04-30 00:00:00-04:00,4.867318334944262,4.921002297219031,4.82258213062104,4.903107643127441,341582,0.0,0.0
2025-05-01 00:00:00-04:00,4.929948806762695,5.037315430175508,4.903107258635922,4.929948806762695,795779,0.0,0.0
2025-05-02 00:00:00-04:00,4.947844248009875,5.037316232993888,4.947844248009875,5.019421577453613,454904,0.0,0.0
2025-05-05 00:00:00-04:00,5.001527221676531,5.001527221676531,4.947844118274879,4.965738773345947,546713,0.0,0.0
2025-05-06 00:00:00-04:00,4.947844118274879,4.983632566605463,4.912055239038519,4.965738773345947,295526,0.0,0.0
2025-05-07 00:00:00-04:00,4.974684761031772,5.0194209635047775,4.947843642815997,4.9836320877075195,479144,0.0,0.0
2025-05-08 00:00:00-04:00,4.992579414383268,5.037315616856274,4.965738296167493,4.9836320877075195,424503,0.0,0.0
2025-05-09 00:00:00-04:00,5.010473681729858,5.028367902797056,4.9836317037705085,5.001526355743408,360368,0.0,0.0
2025-05-12 00:00:00-04:00,5.117841289219378,5.12678861618042,5.055210431397833,5.12678861618042,613373,0.0,0.0
2025-05-13 00:00:00-04:00,5.108893533151176,5.144682837989322,5.099946637847352,5.135735511779785,504394,0.0,0.0
2025-05-14 00:00:00-04:00,5.144683178514403,5.144683178514403,5.099946975411356,5.108893871307373,300172,0.0,0.0
2025-05-15 00:00:00-04:00,5.108893670390039,5.189419608439014,5.099946774845876,5.1625776290893555,507828,0.0,0.0
2025-05-16 00:00:00-04:00,5.1625780152919045,5.1715253424111225,5.12678870681503,5.144683361053467,626301,0.0,0.0
2025-05-19 00:00:00-04:00,5.126788323289811,5.1625776290893555,5.082052121946104,5.1625776290893555,588931,0.0,0.0
2025-05-20 00:00:00-04:00,5.1625776290893555,5.171524955539241,5.135735649739697,5.1625776290893555,374003,0.0,0.0
2025-05-21 00:00:00-04:00,5.15363050531616,5.162577832117917,5.090999648609599,5.108893871307373,518433,0.0,0.0
2025-05-22 00:00:00-04:00,5.099947452545166,5.135736332194742,5.0820527972674885,5.099947452545166,432583,0.0,0.0
2025-05-23 00:00:00-04:00,5.073105040241947,5.135735897506974,5.073105040241947,5.1178412437438965,404101,0.0,0.0
2025-05-27 00:00:00-04:00,5.153630868502681,5.189420178231853,5.153630868502681,5.1804728507995605,488234,0.0,0.0
2025-05-28 00:00:00-04:00,5.180472531914669,5.180472531914669,5.1178412437438965,5.1178412437438965,703566,0.0,0.0
2025-05-29 00:00:00-04:00,5.15363030263947,5.171524955539241,5.126788323289811,5.1625776290893555,424907,0.0,0.0
2025-05-30 00:00:00-04:00,5.135736079094201,5.180472715083675,5.126788751896306,5.15363073348999,539643,0.0,0.0
2025-06-02 00:00:00-04:00,5.15363030263947,5.1625776290893555,5.1178409968399245,5.1625776290893555,387537,0.0,0.0
2025-06-03 00:00:00-04:00,5.153630868502681,5.189420178231853,5.144683541070387,5.1804728507995605,505707,0.0,0.0
2025-06-04 00:00:00-04:00,5.1894201330718985,5.1894201330718985,5.171525478363037,5.171525478363037,282194,0.0,0.0
2025-06-05 00:00:00-04:00,5.1894201330718985,5.207314356874993,5.153630823654176,5.171525478363037,416928,0.0,0.0
2025-06-06 00:00:00-04:00,5.171525523367267,5.216261729622962,5.171525523367267,5.1804728507995605,406323,0.0,0.0
2025-06-09 00:00:00-04:00,5.189419837243942,5.234156040560097,5.180472510399563,5.216261386871338,554894,0.0,0.0
2025-06-10 00:00:00-04:00,5.23415574709482,5.252050399780273,5.216261094409367,5.252050399780273,589739,0.0,0.0
2025-06-11 00:00:00-04:00,5.260997679871886,5.278892332400021,5.24310302734375,5.24310302734375,371983,0.0,0.0
2025-06-12 00:00:00-04:00,5.24310302734375,5.278892332400021,5.216261048551546,5.24310302734375,670842,0.0,0.0
2025-06-13 00:00:00-04:00,5.224738591082245,5.252285259554899,5.114550590515137,5.114550590515137,1239169,0.148515,0.0
2025-06-16 00:00:00-04:00,5.151280403137207,5.169645146361718,5.132916102138259,5.151280403137207,545703,0.0,0.0
2025-06-17 00:00:00-04:00,5.151279629220507,5.160461999453225,5.114550590515137,5.114550590515137,580447,0.0,0.0
2025-06-18 00:00:00-04:00,5.1145509671366876,5.17882712127333,5.096187109769984,5.160462379455566,560348,0.0,0.0
2025-06-20 00:00:00-04:00,5.188009671729219,5.233921527862549,5.178827300502553,5.233921527862549,1285932,0.0,0.0
2025-06-23 00:00:00-04:00,5.2706505507370185,5.316562406697816,5.24310343716054,5.289015293121338,1824262,0.0,0.0
2025-06-24 00:00:00-04:00,5.307379704213182,5.3257444454511536,5.252285480499268,5.252285480499268,513585,0.0,0.0
2025-06-25 00:00:00-04:00,5.279832675180844,5.289015045943874,5.252285562891756,5.261467933654785,301788,0.0,0.0
2025-06-26 00:00:00-04:00,5.27983283996582,5.307379953114662,5.270650468916207,5.27983283996582,396223,0.0,0.0
2025-06-27 00:00:00-04:00,5.298197351944426,5.334926392322063,5.279832610642848,5.307379722595215,405313,0.0,0.0
2025-06-30 00:00:00-04:00,5.298197644813847,5.344109058380127,5.289015273655483,5.344109058380127,589234,0.0,0.0
2025-07-01 00:00:00-04:00,5.316561768918925,5.399202657509151,5.316561768918925,5.380837917327881,496011,0.0,0.0
2025-07-02 00:00:00-04:00,5.380838247334791,5.417567729949951,5.36247350602721,5.417567729949951,542370,0.0,0.0
2025-07-03 00:00:00-04:00,5.408385097132928,5.454296505950876,5.39920272692424,5.4451141357421875,506010,0.0,0.0
2025-07-07 00:00:00-04:00,5.426749971802899,5.445114714171145,5.3716561869237065,5.399203300476074,511464,0.0,0.0
2025-07-08 00:00:00-04:00,5.408385671660197,5.41756804284432,5.380838558107829,5.399203300476074,328351,0.0,0.0
2025-07-09 00:00:00-04:00,5.417567777759009,5.4267497062683105,5.39002066555454,5.4267497062683105,299667,0.0,0.0
2025-07-10 00:00:00-04:00,5.426749312518095,5.463478792792395,5.408385014606434,5.43593168258667,267650,0.0,0.0
2025-07-11 00:00:00-04:00,5.417567729949951,5.4359320290320134,5.417567729949951,5.417567729949951,258661,0.0,0.0
2025-07-14 00:00:00-04:00,5.42674957559636,5.42674957559636,5.380838165253278,5.408385276794434,340471,0.0,0.0
2025-07-15 00:00:00-04:00,5.4083855733624695,5.4175679443797025,5.325744676432913,5.334926605224609,635997,0.0,0.0
2025-07-16 00:00:00-04:00,5.353291199482014,5.399203053300783,5.307379787888766,5.3716559410095215,323200,0.0,0.0
2025-07-17 00:00:00-04:00,5.353291053712122,5.417567647308152,5.353291053712122,5.408385276794434,249470,0.0,0.0
2025-07-18 00:00:00-04:00,5.417567777759009,5.45429681847278,5.362473553350071,5.4267497062683105,590749,0.0,0.0
2025-07-21 00:00:00-04:00,5.454296687137515,5.454296687137515,5.399202906280715,5.408385276794434,371983,0.0,0.0
2025-07-22 00:00:00-04:00,5.39920272692424,5.4451141357421875,5.390020356715551,5.4451141357421875,327341,0.0,0.0
2025-07-23 00:00:00-04:00,5.463478792792395,5.463478792792395,5.43593168258667,5.43593168258667,526614,0.0,0.0
2025-07-24 00:00:00-04:00,5.435931848201044,5.481843699942697,5.435931848201044,5.454296588897705,446925,0.0,0.0
2025-07-25 00:00:00-04:00,5.463479124582531,5.47266149520874,5.435932012703905,5.47266149520874,340471,0.0,0.0
2025-07-28 00:00:00-04:00,5.445114052655245,5.45429642272382,5.426749312518095,5.43593168258667,624483,0.0,0.0
2025-07-29 00:00:00-04:00,5.4634791409933845,5.4634791409933845,5.417567729949951,5.417567729949951,274417,0.0,0.0
2025-07-30 00:00:00-04:00,5.417567397690422,5.426749325555566,5.36247317714661,5.380837917327881,282093,0.0,0.0
2025-07-31 00:00:00-04:00,5.399203285330313,5.408385656488678,5.344109058380127,5.344109058380127,419756,0.0,0.0
2025-08-01 00:00:00-04:00,5.334926687221762,5.344109058380127,5.279832902497119,5.344109058380127,379154,0.0,0.0
2025-08-04 00:00:00-04:00,5.353291444555461,5.399203300476074,5.353291444555461,5.399203300476074,236845,0.0,0.0
2025-08-05 00:00:00-04:00,5.399202657509151,5.4083850275997865,5.353290807055975,5.380837917327881,408545,0.0,0.0
2025-08-06 00:00:00-04:00,5.399202906280715,5.408385276794434,5.380838165253278,5.408385276794434,224826,0.0,0.0
2025-08-07 00:00:00-04:00,5.417567467341617,5.472661246368253,5.417567467341617,5.4451141357421875,388951,0.0,0.0
2025-08-08 00:00:00-04:00,5.426749658378224,5.445114399685804,5.417567729949951,5.417567729949951,269872,0.0,0.0
2025-08-11 00:00:00-04:00,5.417567647308152,5.445114316623797,5.399202906280715,5.408385276794434,269266,0.0,0.0
2025-08-12 00:00:00-04:00,5.408385261353713,5.463479042053223,5.39920289086621,5.463479042053223,346531,0.0,0.0
2025-08-13 00:00:00-04:00,5.472661184472943,5.518572592771637,5.463478814368107,5.491025924682617,361580,0.0,0.0
2025-08-14 00:00:00-04:00,5.481843637351162,5.51857267609961,5.481843637351162,5.500208377838135,321079,0.0,0.0
2025-08-15 00:00:00-04:00,5.500208607087366,5.500208607087366,5.4542967539563225,5.47266149520874,265226,0.0,0.0
2025-08-18 00:00:00-04:00,5.481843554577781,5.491025924682617,5.472661184472943,5.491025924682617,254116,0.0,0.0
2025-08-19 00:00:00-04:00,5.491026090230304,5.509390830993652,5.463478979085282,5.509390830993652,292799,0.0,0.0
2025-08-20 00:00:00-04:00,5.509390748081621,5.509390748081621,5.472661267107675,5.500208377838135,190587,0.0,0.0
2025-08-21 00:00:00-04:00,5.463478959246036,5.481843699942697,5.445114218549374,5.454296588897705,389456,0.0,0.0
2025-08-22 00:00:00-04:00,5.472661349466955,5.546119870294844,5.463478979085282,5.509390830993652,679831,0.0,0.0
2025-08-25 00:00:00-04:00,5.491026090230304,5.527755129531496,5.491026090230304,5.509390830993652,258863,0.0,0.0
2025-08-26 00:00:00-04:00,5.509391043640306,5.546120084359134,5.500208672904219,5.536937713623047,370064,0.0,0.0
2025-08-27 00:00:00-04:00,5.536937319858332,5.546119689941406,5.518572579692184,5.546119689941406,261691,0.0,0.0
2025-08-28 00:00:00-04:00,5.55530206002448,5.573666800190628,5.546119689941406,5.546119689941406,423190,0.0,0.0
2025-08-29 00:00:00-04:00,5.555302635821172,5.610396862030029,5.546120264786363,5.610396862030029,596910,0.0,0.0
2025-09-02 00:00:00-04:00,5.555302554373588,5.619578708449351,5.527755441673034,5.601214408874512,584285,0.0,0.0
2025-09-03 00:00:00-04:00,5.60121449099522,5.628761161874112,5.573667377890791,5.610396862030029,505606,0.0,0.0
2025-09-04 00:00:00-04:00,5.610396762003335,5.665490545004399,5.601214391132236,5.656308174133301,346935,0.0,0.0
2025-09-05 00:00:00-04:00,5.647125638425336,5.665490379631475,5.610396598238571,5.637943267822266,412686,0.0,0.0
2025-09-08 00:00:00-04:00,5.665490462452388,5.665490462452388,5.647125720977783,5.647125720977783,310272,0.0,0.0
2025-09-09 00:00:00-04:00,5.647125803262202,5.683855286746597,5.637943432391102,5.656308174133301,398243,0.0,0.0
2025-09-10 00:00:00-04:00,5.656308174133301,5.683855286746597,5.656308174133301,5.656308174133301,475710,0.0,0.0
2025-09-11 00:00:00-04:00,5.683855204650276,5.7573137283325195,5.683855204650276,5.7573137283325195,506111,0.0,0.0
2025-09-12 00:00:00-04:00,5.757313892642496,5.803225305419609,5.748131521641966,5.775678634643555,584386,0.0,0.0
2025-09-15 00:00:00-04:00,5.720584147430064,5.803225040435791,5.711401776848815,5.803225040435791,799516,0.0,0.0
2025-09-16 00:00:00-04:00,5.8032254656972055,5.812631071099128,5.699764259252618,5.709169864654541,951218,0.148515,0.0
2025-09-17 00:00:00-04:00,5.737386688428758,5.746792293843089,5.690358661357107,5.718575477600098,572771,0.0,0.0
2025-09-18 00:00:00-04:00,5.746792301399048,5.746792301399048,5.699764274265563,5.727981090545654,473791,0.0,0.0
2025-09-19 00:00:00-04:00,5.756197453849179,5.756197453849179,5.7091698796922605,5.727981090545654,558530,0.0,0.0
2025-09-22 00:00:00-04:00,5.718575535534832,5.850253106716347,5.718575535534832,5.8220367431640625,1375721,0.0,0.0
2025-09-23 00:00:00-04:00,5.8408479674383695,5.897281147647576,5.831442361907406,5.8690643310546875,1539947,0.0,0.0
2025-09-24 00:00:00-04:00,5.869064310227452,5.878469915725037,5.8032255247209195,5.812631130218506,488335,0.0,0.0
2025-09-25 00:00:00-04:00,5.803225488587804,5.82203669946585,5.7279810980521875,5.737386703491211,528735,0.0,0.0
2025-09-26 00:00:00-04:00,5.765603065490723,5.803225487238064,5.746792307593619,5.765603065490723,527018,0.0,0.0
2025-09-29 00:00:00-04:00,5.784414285265435,5.793819890716744,5.718575500082841,5.746792316436768,656197,0.0,0.0
2025-09-30 00:00:00-04:00,5.746792301399048,5.765603059275875,5.7091698796922605,5.727981090545654,484800,0.0,0.0
2025-10-01 00:00:00-04:00,5.737386717052133,5.784414291381836,5.737386717052133,5.784414291381836,239067,0.0,0.0
2025-10-02 00:00:00-04:00,5.784414291381836,5.784414291381836,5.746792322513388,5.784414291381836,226442,0.0,0.0
2025-10-03 00:00:00-04:00,5.7750087008164055,5.8126311227584635,5.765603095330891,5.803225517272949,291183,0.0,0.0
2025-10-06 00:00:00-04:00,5.793819883148782,5.803225488587804,5.737386703491211,5.737386703491211,427230,0.0,0.0
2025-10-07 00:00:00-04:00,5.765603044089514,5.765603044089514,5.709169864654541,5.709169864654541,368751,0.0,0.0
2025-10-08 00:00:00-04:00,5.727981083014428,5.737386688428758,5.699764266771437,5.718575477600098,331078,0.0,0.0
2025-10-09 00:00:00-04:00,5.746792256786734,5.746792256786734,5.643331050872803,5.643331050872803,524998,0.0,0.0
2025-10-10 00:00:00-04:00,5.662141723927413,5.662141723927413,5.511652946472168,5.511652946472168,932634,0.0,0.0
2025-10-13 00:00:00-04:00,5.549275405068041,5.596302978476458,5.539869799791046,5.586897373199463,433391,0.0,0.0
2025-10-14 00:00:00-04:00,5.5492754428347455,5.671547406314711,5.539869837493739,5.633925437927246,306939,0.0,0.0
2025-10-15 00:00:00-04:00,5.680953019310965,5.690358624664646,5.605708629458078,5.643331050872803,333704,0.0,0.0
2025-10-16 00:00:00-04:00,5.652736141591581,5.66214174684267,5.549275389782732,5.56808614730835,523079,0.0,0.0
2025-10-17 00:00:00-04:00,5.586897357810525,5.605708568312701,5.521058574029468,5.56808614730835,608121,0.0,0.0
2025-10-20 00:00:00-04:00,5.615114226206981,5.662141799926758,5.596303015528445,5.662141799926758,391476,0.0,0.0
2025-10-21 00:00:00-04:00,5.662141808603603,5.671547413957284,5.624519840165441,5.643331050872803,484497,0.0,0.0
2025-10-22 00:00:00-04:00,5.64333103563827,5.662141793318289,5.596303008996819,5.6245198249816895,411272,0.0,0.0
2025-10-23 00:00:00-04:00,5.633925429304539,5.662141792307813,5.605708613324704,5.652736186981201,188365,0.0,0.0
2025-10-24 00:00:00-04:00,5.690358653850695,5.709169864654541,5.671547443046849,5.709169864654541,337239,0.0,0.0
2025-10-27 00:00:00-04:00,5.718575492613165,5.7467923089302335,5.699764281735119,5.737386703491211,349157,0.0,0.0
2025-10-28 00:00:00-04:00,5.6997642212838295,5.709169826623097,5.662141799926758,5.662141799926758,278356,0.0,0.0
2025-10-29 00:00:00-04:00,5.662141808603603,5.699764230018328,5.624519840165441,5.643331050872803,364307,0.0,0.0
2025-10-30 00:00:00-04:00,5.65273573525576,5.690358153555697,5.615113769932348,5.680952548980713,358348,0.0,0.0
2025-10-31 00:00:00-04:00,5.699764274265563,5.756197453849179,5.680953063412169,5.727981090545654,340673,0.0,0.0
2025-11-03 00:00:00-05:00,5.727981067877408,5.727981067877408,5.662141830151086,5.699764251708984,318756,0.0,0.0
2025-11-04 00:00:00-05:00,5.662141793318289,5.69976421463145,5.6245198249816895,5.6245198249816895,675993,0.0,0.0
2025-11-05 00:00:00-05:00,5.633925414998762,5.671547383233117,5.605708599090576,5.605708599090576,428947,0.0,0.0
2025-11-06 00:00:00-05:00,5.6151142348117595,5.671547413957284,5.605708629458078,5.643331050872803,438643,0.0,0.0
2025-11-07 00:00:00-05:00,5.624519809696033,5.643331020301491,5.586897388485118,5.605708599090576,597415,0.0,0.0
2025-11-10 00:00:00-05:00,5.652736224761611,5.709169857098459,5.643331072348701,5.699764251708984,327947,0.0,0.0
2025-11-11 00:00:00-05:00,5.680952548980713,5.7185749672806505,5.643330583657301,5.680952548980713,315423,0.0,0.0
2025-11-12 00:00:00-05:00,5.6809525573374495,5.7185749756927295,5.6809525573374495,5.6903581619262695,373397,0.0,0.0
2025-11-13 00:00:00-05:00,5.690358608287648,5.690358608287648,5.643331034631151,5.652736186981201,361681,0.0,0.0
2025-11-14 00:00:00-05:00,5.615113778192235,5.7091693711039095,5.605708173603414,5.6903581619262695,692456,0.0,0.0
2025-11-17 00:00:00-05:00,5.662141800973704,5.6903586169967255,5.605708621904225,5.633925437927246,502677,0.0,0.0
2025-11-18 00:00:00-05:00,5.633925437927246,5.643331043268253,5.596303016563218,5.633925437927246,700839,0.0,0.0
2025-11-19 00:00:00-05:00,5.643331027982726,5.643331027982726,5.596303001405071,5.615114212036133,327139,0.0,0.0
2025-11-20 00:00:00-05:00,5.6809529494811235,5.690358554719192,5.549275382101282,5.558680534362793,540956,0.0,0.0
2025-11-21 00:00:00-05:00,5.558680586691645,5.671547397634424,5.558680586691645,5.652736186981201,478841,0.0,0.0
2025-11-24 00:00:00-05:00,5.680953048448772,5.718575470056464,5.643331079817646,5.709169864654541,293001,0.0,0.0
2025-11-25 00:00:00-05:00,5.718575500082841,5.756197468911509,5.699764289180224,5.746792316436768,271185,0.0,0.0
2025-11-26 00:00:00-05:00,5.765603065490723,5.822036698111735,5.765603065490723,5.765603065490723,524897,0.0,0.0
2025-11-28 00:00:00-05:00,5.765603095330891,5.840847939215008,5.765603095330891,5.803225517272949,316635,0.0,0.0
2025-12-01 00:00:00-05:00,5.793819919223334,5.831442341213678,5.775008708228162,5.812631130218506,389456,0.0,0.0
2025-12-02 00:00:00-05:00,5.8220367505880075,5.831442356109619,5.793819934023172,5.831442356109619,353702,0.0,0.0
2025-12-03 00:00:00-05:00,5.831442347125901,5.869064316177818,5.8220367416187795,5.850253105163574,404505,0.0,0.0
2025-12-04 00:00:00-05:00,5.812631137654445,5.850253106716347,5.812631137654445,5.8220367431640625,300172,0.0,0.0
2025-12-05 00:00:00-05:00,5.831442341213678,5.869064310227452,5.812631130218506,5.812631130218506,306232,0.0,0.0
2025-12-08 00:00:00-05:00,5.812631107765599,5.831442318688107,5.784414291381836,5.784414291381836,309363,0.0,0.0
2025-12-09 00:00:00-05:00,5.812631152454476,5.850253121612171,5.80322554692091,5.840847969055176,370872,0.0,0.0
2025-12-10 00:00:00-05:00,5.822036771039809,5.916092373609756,5.822036771039809,5.887875556945801,611656,0.0,0.0
2025-12-11 00:00:00-05:00,5.869064310227452,5.897281126720209,5.812631130218506,5.812631130218506,618524,0.0,0.0
2025-12-12 00:00:00-05:00,5.889747424386322,5.889747424386322,5.802991241653085,5.822270393371582,717908,0.148515,0.0
2025-12-15 00:00:00-05:00,5.851188955729573,5.851188955729573,5.774072815277757,5.812630653381348,593375,0.0,0.0
2025-12-16 00:00:00-05:00,5.802990913391113,5.802990913391113,5.754793501065935,5.802990913391113,668418,0.0,0.0
2025-12-17 00:00:00-05:00,5.793351502207235,5.841549380142517,5.783712390864813,5.812630653381348,503687,0.0,0.0
2025-12-18 00:00:00-05:00,5.8511890237659765,5.957223892211914,5.8511890237659765,5.957223892211914,1466116,0.0,0.0
2025-12-19 00:00:00-05:00,5.97650289949614,6.015060737118311,5.93794459762934,6.005421161651611,1703769,0.0,0.0
2025-12-22 00:00:00-05:00,6.00542114057426,6.00542114057426,5.94758415222168,5.94758415222168,664883,0.0,0.0
2025-12-23 00:00:00-05:00,5.937944555538978,5.9572237063357205,5.889747142791748,5.889747142791748,503586,0.0,0.0
2025-12-24 00:00:00-05:00,5.909025997732233,5.937944724751437,5.909025997732233,5.928305149078369,159075,0.0,0.0
2025-12-26 00:00:00-05:00,5.937944873679567,5.947584449594403,5.889747458350037,5.909026145935059,414908,0.0,0.0
2025-12-29 00:00:00-05:00,5.899386570020223,5.918665721849894,5.870468306520364,5.909026145935059,440562,0.0,0.0
2025-12-30 00:00:00-05:00,5.928305165114484,5.957223892211914,5.91866558941534,5.957223892211914,433997,0.0,0.0
2025-12-31 00:00:00-05:00,5.966863303087416,5.966863303087416,5.909025850490209,5.94758415222168,486820,0.0,0.0
2026-01-02 00:00:00-05:00,5.928305294945281,5.937944870855532,5.841549575997666,5.880107879638672,757904,0.0,0.0
2026-01-05 00:00:00-05:00,5.880107715289262,5.9090259779671,5.8704681396484375,5.8704681396484375,516211,0.0,0.0
2026-01-06 00:00:00-05:00,5.870468175164263,5.957223892211914,5.86082859946512,5.957223892211914,587214,0.0,0.0
2026-01-07 00:00:00-05:00,5.957224025509239,5.957224025509239,5.899386570020223,5.909026145935059,332694,0.0,0.0
2026-01-08 00:00:00-05:00,5.899386258277236,5.937944559899033,5.899386258277236,5.918665409088135,217655,0.0,0.0
2026-01-09 00:00:00-05:00,5.937944904308472,5.976503208166707,5.928305328343914,5.966863632202148,555096,0.0,0.0
2026-01-12 00:00:00-05:00,5.966863303087416,5.976502878520283,5.94758415222168,5.94758415222168,348551,0.0,0.0
2026-01-13 00:00:00-05:00,5.947584465008422,5.966863616888059,5.928305313128785,5.9379448890686035,488638,0.0,0.0
2026-01-14 00:00:00-05:00,5.928305149078369,5.947584300424506,5.918665573405301,5.928305149078369,395314,0.0,0.0
2026-01-15 00:00:00-05:00,5.937944559899033,5.995781548087103,5.918665409088135,5.918665409088135,614282,0.0,0.0
2026-01-16 00:00:00-05:00,5.928305132885036,5.976503011118724,5.899386405944824,5.899386405944824,538128,0.0,0.0
2026-01-20 00:00:00-05:00,5.870468288274879,5.889747440044632,5.831909984735375,5.851189136505127,838603,0.0,0.0
2026-01-21 00:00:00-05:00,5.870467996305514,5.937944559899033,5.870467996305514,5.918665409088135,435613,0.0,0.0
2026-01-22 00:00:00-05:00,5.937944904308472,5.976503208166707,5.937944904308472,5.966863632202148,607515,0.0,0.0
2026-01-23 00:00:00-05:00,5.947584284178511,5.957223859825249,5.899386405944824,5.899386405944824,394304,0.0,0.0
2026-01-26 00:00:00-05:00,5.880107879638672,5.918665719035029,5.880107879638672,5.880107879638672,513282,0.0,0.0
2026-01-27 00:00:00-05:00,5.8801078824352,5.918665721849894,5.8801078824352,5.909026145935059,270983,0.0,0.0
2026-01-28 00:00:00-05:00,5.909025812266138,5.909025812266138,5.84154924891718,5.860828399658203,642966,0.0,0.0
2026-01-29 00:00:00-05:00,5.85118880720941,5.880107533236538,5.8126305058399055,5.831909656524658,1343199,0.0,0.0
2026-01-30 00:00:00-05:00,5.831909673546668,5.870467975028715,5.831909673546668,5.860828399658203,343299,0.0,0.0
2026-02-02 00:00:00-05:00,5.851188845494616,5.918665409088135,5.80299096846737,5.918665409088135,413090,0.0,0.0
2026-02-03 00:00:00-05:00,5.89938658530933,5.9379448890686035,5.889747473614163,5.9379448890686035,395617,0.0,0.0
2026-02-04 00:00:00-05:00,5.928305149078369,5.966863451770642,5.880107734957666,5.928305149078369,610848,0.0,0.0
2026-02-05 00:00:00-05:00,5.918665719035029,5.937944870855532,5.870468303728421,5.880107879638672,490052,0.0,0.0
2026-02-06 00:00:00-05:00,5.90902587122924,6.024700312585011,5.90902587122924,6.005421161651611,581861,0.0,0.0
2026-02-09 00:00:00-05:00,5.995781765996452,6.063258796286966,5.957223927217943,6.043979644775391,677306,0.0,0.0
2026-02-10 00:00:00-05:00,6.072898223438608,6.092176910233791,6.043979496878888,6.063258647918701,412989,0.0,0.0
2026-02-11 00:00:00-05:00,6.092177078419297,6.111456229991346,6.072898391091892,6.101816654205322,454298,0.0,0.0
2026-02-12 00:00:00-05:00,6.072898058444487,6.121095470489918,6.053618907928467,6.053618907928467,684174,0.0,0.0
2026-02-13 00:00:00-05:00,6.053619236346991,6.140374954131098,6.024700509004074,6.0728983879089355,489446,0.0,0.0
2026-02-17 00:00:00-05:00,6.082537982529367,6.130735397338867,6.05361925509688,6.130735397338867,583376,0.0,0.0
2026-02-18 00:00:00-05:00,6.101816618970454,6.101816618970454,5.966863487234682,6.015060901641846,2052522,0.0,0.0
2026-02-19 00:00:00-05:00,5.9861424708152455,6.024700308410702,5.976502895355225,5.976502895355225,3999499,0.0,0.0
2026-02-20 00:00:00-05:00,6.00542114057426,6.015060716007127,5.928305001355945,5.94758415222168,1220585,0.0,0.0
2026-02-23 00:00:00-05:00,5.966863303087416,5.995781565141392,5.909025850490209,5.94758415222168,1806183,0.0,0.0
2026-02-24 00:00:00-05:00,5.96686332402944,6.015060737118311,5.94758417309604,6.005421161651611,2210789,0.0,0.0
2026-02-25 00:00:00-05:00,6.024700477372207,6.043979628832929,5.976503062965043,6.015060901641846,1218868,0.0,0.0
2026-02-26 00:00:00-05:00,6.015060737118311,6.015060737118311,5.889747184540468,6.005421161651611,4423497,0.0,0.0
2026-02-27 00:00:00-05:00,5.976503043610201,5.995781730763848,5.937944740813627,5.957223892211914,2821637,0.0,0.0
2026-03-02 00:00:00-05:00,5.9194367905070475,5.938908603729321,5.802605911173404,5.8804931640625,2325800,0.0,1.01
2026-03-03 00:00:00-05:00,5.831813335418701,5.861021287056574,5.773397896387596,5.831813335418701,1140100,0.0,0.0
2026-03-04 00:00:00-05:00,5.8804931640625,5.8804931640625,5.831813398884491,5.8804931640625,637700,0.0,0.0
2026-03-05 00:00:00-05:00,5.880493047798532,5.880493047798532,5.724718545100178,5.7831339836120605,1274300,0.0,0.0
2026-03-06 00:00:00-05:00,5.744190552346619,5.744190552346619,5.676038972987215,5.705246925354004,766000,0.0,0.0
2026-03-09 00:00:00-04:00,5.685774906055185,5.685774906055185,5.559207890788082,5.617623329162598,1135700,0.0,0.0
2026-03-10 00:00:00-04:00,5.617623085570954,5.744190095349852,5.617623085570954,5.646831035614014,891200,0.0,0.0
2026-03-11 00:00:00-04:00,5.685774670034725,5.685774670034725,5.559207660021507,5.588415145874023,900700,0.0,0.0
2026-03-12 00:00:00-04:00,5.530000132047433,5.5884155724561255,5.491056505108304,5.539736270904541,923000,0.0,0.0
2026-03-13 00:00:00-04:00,5.5494715686573635,5.559207706853299,5.442376833969794,5.471584320068359,1194100,0.0,0.0
2026-03-16 00:00:00-04:00,5.520264059061318,5.57867949525442,5.491056108842456,5.529999732971191,1036900,0.0,0.0
2026-03-17 00:00:00-04:00,5.53000020980835,5.579999923706055,5.53000020980835,5.53000020980835,1402100,0.15,0.0
2026-03-18 00:00:00-04:00,5.519999980926514,5.579999923706055,5.510000228881836,5.510000228881836,893100,0.0,0.0
2026-03-19 00:00:00-04:00,5.5,5.539999961853027,5.480000019073486,5.539999961853027,1477000,0.0,0.0
2026-03-20 00:00:00-04:00,5.5,5.53000020980835,5.5,5.519999980926514,1107000,0.0,0.0
2026-03-23 00:00:00-04:00,5.53000020980835,5.699999809265137,5.53000020980835,5.599999904632568,2018900,0.0,0.0
2026-03-24 00:00:00-04:00,5.599999904632568,5.699999809265137,5.570000171661377,5.659999847412109,1936200,0.0,0.0
2026-03-25 00:00:00-04:00,5.699999809265137,5.730000019073486,5.570000171661377,5.570000171661377,726300,0.0,0.0
2026-03-26 00:00:00-04:00,5.53000020980835,5.599999904632568,5.489999771118164,5.510000228881836,924100,0.0,0.0
2026-03-27 00:00:00-04:00,5.53000020980835,5.539999961853027,5.480000019073486,5.510000228881836,1038200,0.0,0.0
2026-03-30 00:00:00-04:00,5.559999942779541,5.610000133514404,5.480000019073486,5.480000019073486,957000,0.0,0.0
2026-03-31 00:00:00-04:00,5.559999942779541,5.599999904632568,5.53000020980835,5.599999904632568,765700,0.0,0.0
2026-04-01 00:00:00-04:00,5.389999866485596,5.440000057220459,5.28000020980835,5.420000076293945,3137700,0.0,0.0
2026-04-02 00:00:00-04:00,5.360000133514404,5.440000057220459,5.320000171661377,5.340000152587891,1624000,0.0,0.0
2026-04-06 00:00:00-04:00,5.349999904632568,5.400000095367432,5.309999942779541,5.389999866485596,1252700,0.0,0.0
2026-04-07 00:00:00-04:00,5.349999904632568,5.400000095367432,5.320000171661377,5.369999885559082,964100,0.0,0.0
2026-04-08 00:00:00-04:00,5.489999771118164,5.630000114440918,5.46999979019165,5.590000152587891,1530400,0.0,0.0
2026-04-09 00:00:00-04:00,5.570000171661377,5.590000152587891,5.539999961853027,5.579999923706055,1316900,0.0,0.0
2026-04-10 00:00:00-04:00,5.610000133514404,5.619999885559082,5.570000171661377,5.590000152587891,693100,0.0,0.0
2026-04-13 00:00:00-04:00,5.590000152587891,5.650000095367432,5.550000190734863,5.639999866485596,916200,0.0,0.0
2026-04-14 00:00:00-04:00,5.630000114440918,5.690000057220459,5.630000114440918,5.659999847412109,872000,0.0,0.0
2026-04-15 00:00:00-04:00,5.659999847412109,5.679999828338623,5.639999866485596,5.659999847412109,845900,0.0,0.0
2026-04-16 00:00:00-04:00,5.659999847412109,5.820000171661377,5.639999866485596,5.789999961853027,1460100,0.0,0.0
2026-04-17 00:00:00-04:00,5.789999961853027,5.880000114440918,5.78000020980835,5.789999961853027,973300,0.0,0.0
2026-04-20 00:00:00-04:00,5.800000190734863,5.800000190734863,5.670000076293945,5.699999809265137,1102600,0.0,0.0
2026-04-21 00:00:00-04:00,5.699999809265137,5.699999809265137,5.599999904632568,5.630000114440918,1102300,0.0,0.0
2026-04-22 00:00:00-04:00,5.650000095367432,5.670000076293945,5.559999942779541,5.579999923706055,1295900,0.0,0.0
2026-04-23 00:00:00-04:00,5.599999904632568,5.610000133514404,5.550000190734863,5.559999942779541,979200,0.0,0.0
2026-04-24 00:00:00-04:00,5.599999904632568,5.650000095367432,5.559999942779541,5.610000133514404,844300,0.0,0.0
2026-04-27 00:00:00-04:00,5.610000133514404,5.710000038146973,5.610000133514404,5.710000038146973,834100,0.0,0.0
2026-04-28 00:00:00-04:00,5.710000038146973,5.75,5.619999885559082,5.630000114440918,1439100,0.0,0.0
2026-04-29 00:00:00-04:00,5.610000133514404,5.639999866485596,5.489999771118164,5.550000190734863,2627500,0.0,0.0
2026-04-30 00:00:00-04:00,5.570000171661377,5.690000057220459,5.570000171661377,5.670000076293945,1074700,0.0,0.0
2026-05-01 00:00:00-04:00,5.710000038146973,5.760000228881836,5.679999828338623,5.679999828338623,1104900,0.0,0.0
2026-05-04 00:00:00-04:00,5.710000038146973,5.710000038146973,5.619999885559082,5.619999885559082,1192900,0.0,0.0
2026-05-05 00:00:00-04:00,5.639999866485596,5.690000057220459,5.639999866485596,5.670000076293945,1451700,0.0,0.0
2026-05-06 00:00:00-04:00,5.710000038146973,5.760000228881836,5.690000057220459,5.75,1187700,0.0,0.0
2026-05-07 00:00:00-04:00,5.760000228881836,5.764999866485596,5.650000095367432,5.670000076293945,1238642,0.0,0.0
