Date,Open,High,Low,Close,Volume,Dividends,Stock Splits
2022-01-03 00:00:00-05:00,21.993192672729492,21.993192672729492,21.993192672729492,21.993192672729492,0,0.0,0.0
2022-01-04 00:00:00-05:00,24.185540186046147,24.185540186046147,21.95445956559575,23.58903694152832,5600,0.0,0.0
2022-01-05 00:00:00-05:00,23.511573791503906,23.511573791503906,23.511573791503906,23.511573791503906,100,0.0,0.0
2022-01-06 00:00:00-05:00,23.240436553955078,23.240436553955078,23.240436553955078,23.240436553955078,300,0.0,0.0
2022-01-07 00:00:00-05:00,22.1558780670166,22.1558780670166,22.1558780670166,22.1558780670166,800,0.0,0.0
2022-01-10 00:00:00-05:00,22.1558780670166,22.1558780670166,22.1558780670166,22.1558780670166,0,0.0,0.0
2022-01-11 00:00:00-05:00,21.8382625579834,21.8382625579834,21.8382625579834,21.8382625579834,100,0.0,0.0
2022-01-12 00:00:00-05:00,21.88473953896921,24.01511241444409,21.88473953896921,22.45025634765625,2000,0.0,0.0
2022-01-13 00:00:00-05:00,24.01511573791504,24.01511573791504,24.01511573791504,24.01511573791504,500,0.0,0.0
2022-01-14 00:00:00-05:00,23.43410301208496,23.43410301208496,23.43410301208496,23.43410301208496,200,0.0,0.0
2022-01-18 00:00:00-05:00,23.43410301208496,23.43410301208496,23.43410301208496,23.43410301208496,0,0.0,0.0
2022-01-19 00:00:00-05:00,23.224937781142565,23.224937781142565,22.117143630981445,22.117143630981445,700,0.0,0.0
2022-01-20 00:00:00-05:00,22.272080652621433,22.82210350036621,22.272080652621433,22.82210350036621,600,0.0,0.0
2022-01-21 00:00:00-05:00,22.82210350036621,22.82210350036621,22.82210350036621,22.82210350036621,0,0.0,0.0
2022-01-24 00:00:00-05:00,22.82210350036621,22.82210350036621,22.82210350036621,22.82210350036621,0,0.0,0.0
2022-01-25 00:00:00-05:00,22.82210350036621,22.82210350036621,22.82210350036621,22.82210350036621,0,0.0,0.0
2022-01-26 00:00:00-05:00,22.82210350036621,22.82210350036621,22.82210350036621,22.82210350036621,0,0.0,0.0
2022-01-27 00:00:00-05:00,22.829853057861328,22.829853057861328,22.829853057861328,22.829853057861328,100,0.0,0.0
2022-01-28 00:00:00-05:00,23.782709053933758,24.01511278012604,22.01643571107709,22.233346939086914,7700,0.0,0.0
2022-01-31 00:00:00-05:00,21.768540601746324,22.729145050048828,21.768540601746324,22.729145050048828,2600,0.0,0.0
2022-02-01 00:00:00-05:00,22.27208137512207,22.46575164794922,22.217853935144376,22.46575164794922,1300,0.0,0.0
2022-02-02 00:00:00-05:00,22.37278938293457,22.37278938293457,22.37278938293457,22.37278938293457,200,0.0,0.0
2022-02-03 00:00:00-05:00,22.37278938293457,22.37278938293457,22.37278938293457,22.37278938293457,0,0.0,0.0
2022-02-04 00:00:00-05:00,22.37278938293457,22.37278938293457,22.37278938293457,22.37278938293457,300,0.0,0.0
2022-02-07 00:00:00-05:00,21.768537521362305,21.768537521362305,21.768537521362305,21.768537521362305,500,0.0,0.0
2022-02-08 00:00:00-05:00,21.768537521362305,21.768537521362305,21.768537521362305,21.768537521362305,0,0.0,0.0
2022-02-09 00:00:00-05:00,21.768537521362305,21.768537521362305,21.768537521362305,21.768537521362305,0,0.0,0.0
2022-02-10 00:00:00-05:00,22.000944598302837,22.078413009643555,22.000944598302837,22.078413009643555,1100,0.0,0.0
2022-02-11 00:00:00-05:00,22.1558780670166,22.1558780670166,22.1558780670166,22.1558780670166,100,0.0,0.0
2022-02-14 00:00:00-05:00,22.1558780670166,22.1558780670166,22.1558780670166,22.1558780670166,0,0.0,0.0
2022-02-15 00:00:00-05:00,22.008688230058347,22.008688230058347,21.729802582806926,21.768537521362305,3400,0.0,0.0
2022-02-16 00:00:00-05:00,21.768541793402903,21.846010208129883,21.768541793402903,21.846010208129883,900,0.0,0.0
2022-02-17 00:00:00-05:00,21.846010208129883,21.846010208129883,21.846010208129883,21.846010208129883,0,0.0,0.0
2022-02-18 00:00:00-05:00,21.876995086669922,21.876995086669922,21.876995086669922,21.876995086669922,100,0.0,0.0
2022-02-22 00:00:00-05:00,21.861499786376953,21.861499786376953,21.861499786376953,21.861499786376953,1100,0.0,0.0
2022-02-23 00:00:00-05:00,22.078413009643555,22.078413009643555,22.070666020750778,22.078413009643555,700,0.0,0.0
2022-02-24 00:00:00-05:00,22.078413009643555,22.078413009643555,22.078413009643555,22.078413009643555,0,0.0,0.0
2022-02-25 00:00:00-05:00,21.706564533087658,21.706564533087658,21.11005973815918,21.11005973815918,200,0.0,0.0
2022-02-28 00:00:00-05:00,21.11005973815918,21.11005973815918,21.11005973815918,21.11005973815918,300,0.0,0.0
2022-03-01 00:00:00-05:00,21.303730010986328,21.303730010986328,21.303730010986328,21.303730010986328,500,0.0,0.0
2022-03-02 00:00:00-05:00,21.303730010986328,21.303730010986328,21.303730010986328,21.303730010986328,100,0.0,0.0
2022-03-03 00:00:00-05:00,20.962868209132978,21.98544692993164,20.52904724707014,21.98544692993164,11400,0.0,0.0
2022-03-04 00:00:00-05:00,20.265656014421292,22.062915802001953,20.265656014421292,22.062915802001953,900,0.0,0.0
2022-03-07 00:00:00-05:00,21.907985615726847,21.907985615726847,21.203025817871094,21.203025817871094,500,0.0,0.0
2022-03-08 00:00:00-05:00,21.50514793395996,21.50514793395996,21.50514793395996,21.50514793395996,500,0.0,0.0
2022-03-09 00:00:00-05:00,21.55937385559082,21.55937385559082,21.55937385559082,21.55937385559082,100,0.0,0.0
2022-03-10 00:00:00-05:00,20.939632415771484,20.939632415771484,20.939632415771484,20.939632415771484,100,0.0,0.0
2022-03-11 00:00:00-05:00,21.691072463989258,21.691072463989258,21.691072463989258,21.691072463989258,100,0.0,0.0
2022-03-14 00:00:00-04:00,22.02418327331543,22.02418327331543,21.993195320968688,22.02418327331543,1100,0.0,0.0
2022-03-15 00:00:00-04:00,21.311475661751064,21.311475661751064,21.09456443786621,21.09456443786621,400,0.0,0.0
2022-03-16 00:00:00-04:00,21.241757417855283,22.078413009643555,21.218516451176953,22.078413009643555,1000,0.0,0.0
2022-03-17 00:00:00-04:00,21.82276515980723,21.892486572265625,21.79952419645882,21.892486572265625,1200,0.0,0.0
2022-03-18 00:00:00-04:00,21.613603591918945,21.613603591918945,21.613603591918945,21.613603591918945,400,0.0,0.0
2022-03-21 00:00:00-04:00,21.613603591918945,21.613603591918945,21.613603591918945,21.613603591918945,0,0.0,0.0
2022-03-22 00:00:00-04:00,21.613603591918945,21.613603591918945,21.613603591918945,21.613603591918945,100,0.0,0.0
2022-03-23 00:00:00-04:00,21.65233612060547,21.65233612060547,21.65233612060547,21.65233612060547,200,0.0,0.0
2022-03-24 00:00:00-04:00,21.65233612060547,21.65233612060547,21.65233612060547,21.65233612060547,0,0.0,0.0
2022-03-25 00:00:00-04:00,21.65233612060547,21.65233612060547,21.65233612060547,21.65233612060547,100,0.0,0.0
2022-03-28 00:00:00-04:00,21.65233612060547,21.65233612060547,21.65233612060547,21.65233612060547,0,0.0,0.0
2022-03-29 00:00:00-04:00,21.381197001329475,21.768537521362305,20.95512154274127,21.768537521362305,800,0.0,0.0
2022-03-30 00:00:00-04:00,21.492985456025437,22.437732696533203,21.492985456025437,22.437732696533203,2400,0.45,0.0
2022-03-31 00:00:00-04:00,21.729174622707212,21.82364845275879,21.729174622707212,21.82364845275879,600,0.0,0.0
2022-04-01 00:00:00-04:00,22.028345108032227,22.028345108032227,22.028345108032227,22.028345108032227,400,0.0,0.0
2022-04-04 00:00:00-04:00,22.028345108032227,22.028345108032227,22.028345108032227,22.028345108032227,0,0.0,0.0
2022-04-05 00:00:00-04:00,22.028345108032227,22.028345108032227,22.028345108032227,22.028345108032227,0,0.0,0.0
2022-04-06 00:00:00-04:00,22.028345108032227,22.028345108032227,22.028345108032227,22.028345108032227,0,0.0,0.0
2022-04-07 00:00:00-04:00,22.028345108032227,22.028345108032227,22.028345108032227,22.028345108032227,0,0.0,0.0
2022-04-08 00:00:00-04:00,22.32751417021835,22.437734138092978,21.532352183724885,22.429861068725586,4500,0.0,0.0
2022-04-11 00:00:00-04:00,21.611082077026367,21.611082077026367,21.611082077026367,21.611082077026367,400,0.0,0.0
2022-04-12 00:00:00-04:00,22.43773406589203,22.563700172096105,21.80790353487164,22.532209396362305,2700,0.0,0.0
2022-04-13 00:00:00-04:00,22.532209396362305,22.532209396362305,22.532209396362305,22.532209396362305,0,0.0,0.0
2022-04-14 00:00:00-04:00,22.75264974355528,23.225023401194605,22.75264974355528,22.831378936767578,1700,0.0,0.0
2022-04-18 00:00:00-04:00,22.437732696533203,22.437732696533203,22.437732696533203,22.437732696533203,400,0.0,0.0
2022-04-19 00:00:00-04:00,21.965360641479492,21.965360641479492,21.965360641479492,21.965360641479492,200,0.0,0.0
2022-04-20 00:00:00-04:00,21.965360641479492,21.965360641479492,21.965360641479492,21.965360641479492,0,0.0,0.0
2022-04-21 00:00:00-04:00,21.965360641479492,21.965360641479492,21.965360641479492,21.965360641479492,0,0.0,0.0
2022-04-22 00:00:00-04:00,22.12282187635861,23.225026209712976,22.12282187635861,22.988840103149414,1500,0.0,0.0
2022-04-25 00:00:00-04:00,22.917980194091797,22.917980194091797,22.917980194091797,22.917980194091797,200,0.0,0.0
2022-04-26 00:00:00-04:00,22.917980194091797,22.917980194091797,22.917980194091797,22.917980194091797,0,0.0,0.0
2022-04-27 00:00:00-04:00,22.67392117089317,22.67392117089317,22.31964204419345,22.33538818359375,2100,0.0,0.0
2022-04-28 00:00:00-04:00,22.33538818359375,22.33538818359375,22.33538818359375,22.33538818359375,0,0.0,0.0
2022-04-29 00:00:00-04:00,23.067566835881372,23.18566138584024,23.028202986984805,23.043949127197266,900,0.0,0.0
2022-05-02 00:00:00-04:00,23.028204168862654,23.602924801402636,23.028204168862654,23.571434020996094,3400,0.0,0.0
2022-05-03 00:00:00-04:00,23.461210038508753,23.539939233597945,22.58732032775879,22.58732032775879,2900,0.0,0.0
2022-05-04 00:00:00-04:00,23.579301834106445,23.579301834106445,23.579301834106445,23.579301834106445,300,0.0,0.0
2022-05-05 00:00:00-04:00,23.579301834106445,23.579301834106445,23.579301834106445,23.579301834106445,100,0.0,0.0
2022-05-06 00:00:00-04:00,23.618668729449226,23.618668729449226,21.949615478515625,21.949615478515625,1000,0.0,0.0
2022-05-09 00:00:00-04:00,21.65044301441501,21.80790138244629,21.65044301441501,21.80790138244629,600,0.0,0.0
2022-05-10 00:00:00-04:00,21.80790138244629,21.80790138244629,21.80790138244629,21.80790138244629,0,0.0,0.0
2022-05-11 00:00:00-04:00,21.80790138244629,21.80790138244629,21.80790138244629,21.80790138244629,300,0.0,0.0
2022-05-12 00:00:00-04:00,22.925851821899414,22.925851821899414,22.925851821899414,22.925851821899414,500,0.0,0.0
2022-05-13 00:00:00-04:00,22.713284840835385,23.169912338256836,22.713284840835385,23.169912338256836,400,0.0,0.0
2022-05-16 00:00:00-04:00,23.169912338256836,23.169912338256836,23.169912338256836,23.169912338256836,0,0.0,0.0
2022-05-17 00:00:00-04:00,23.272260665893555,23.272260665893555,23.272260665893555,23.272260665893555,700,0.0,0.0
2022-05-18 00:00:00-04:00,24.012312330048662,24.012312330048662,22.831378936767578,22.831378936767578,1200,0.0,0.0
2022-05-19 00:00:00-04:00,22.831378936767578,22.831378936767578,22.831378936767578,22.831378936767578,0,0.0,0.0
2022-05-20 00:00:00-04:00,22.831378936767578,22.831378936767578,22.831378936767578,22.831378936767578,0,0.0,0.0
2022-05-23 00:00:00-04:00,22.86287121470628,22.86287121470628,22.831378936767578,22.831378936767578,500,0.0,0.0
2022-05-24 00:00:00-04:00,22.831378936767578,22.831378936767578,22.831378936767578,22.831378936767578,0,0.0,0.0
2022-05-25 00:00:00-04:00,22.831378936767578,22.831378936767578,22.831378936767578,22.831378936767578,0,0.0,0.0
2022-05-26 00:00:00-04:00,22.870742782556498,22.870742782556498,22.831378936767578,22.831378936767578,600,0.0,0.0
2022-05-27 00:00:00-04:00,22.831378936767578,22.831378936767578,22.831378936767578,22.831378936767578,0,0.0,0.0
2022-05-31 00:00:00-04:00,22.831378936767578,22.831378936767578,22.831378936767578,22.831378936767578,0,0.0,0.0
2022-06-01 00:00:00-04:00,21.453622817993164,21.453622817993164,21.453622817993164,21.453622817993164,100,0.0,0.0
2022-06-02 00:00:00-04:00,21.453622817993164,21.453622817993164,21.453622817993164,21.453622817993164,0,0.0,0.0
2022-06-03 00:00:00-04:00,21.453622817993164,21.453622817993164,21.453622817993164,21.453622817993164,0,0.0,0.0
2022-06-06 00:00:00-04:00,22.98883456900852,22.98883456900852,22.35112953186035,22.35112953186035,700,0.0,0.0
2022-06-07 00:00:00-04:00,22.35112953186035,22.35112953186035,22.35112953186035,22.35112953186035,0,0.0,0.0
2022-06-08 00:00:00-04:00,22.35112953186035,22.35112953186035,22.35112953186035,22.35112953186035,0,0.0,0.0
2022-06-09 00:00:00-04:00,22.35112953186035,22.35112953186035,22.35112953186035,22.35112953186035,0,0.0,0.0
2022-06-10 00:00:00-04:00,21.82364845275879,21.82364845275879,21.82364845275879,21.82364845275879,100,0.0,0.0
2022-06-13 00:00:00-04:00,21.941744580105752,22.87861738712657,21.886633090015206,22.571575164794922,1300,0.0,0.0
2022-06-14 00:00:00-04:00,22.571575164794922,22.571575164794922,22.571575164794922,22.571575164794922,0,0.0,0.0
2022-06-15 00:00:00-04:00,24.154023184179877,24.248497009277344,24.154023184179877,24.248497009277344,300,0.0,0.0
2022-06-16 00:00:00-04:00,24.248497009277344,24.248497009277344,24.248497009277344,24.248497009277344,400,0.0,0.0
2022-06-17 00:00:00-04:00,23.532065803748967,23.532065803748967,21.855141031698,22.296022415161133,1400,0.0,0.0
2022-06-21 00:00:00-04:00,22.933726496707557,22.933726496707557,22.2645320892334,22.2645320892334,500,0.0,0.0
2022-06-22 00:00:00-04:00,22.2645320892334,22.2645320892334,22.2645320892334,22.2645320892334,0,0.0,0.0
2022-06-23 00:00:00-04:00,22.2645320892334,22.2645320892334,22.2645320892334,22.2645320892334,0,0.0,0.0
2022-06-24 00:00:00-04:00,23.45333824864745,23.45333824864745,23.23289680480957,23.23289680480957,800,0.0,0.0
2022-06-27 00:00:00-04:00,23.23289680480957,23.23289680480957,23.23289680480957,23.23289680480957,0,0.0,0.0
2022-06-28 00:00:00-04:00,23.23289680480957,23.23289680480957,23.23289680480957,23.23289680480957,0,0.0,0.0
2022-06-29 00:00:00-04:00,23.592662811279297,23.592662811279297,23.592662811279297,23.592662811279297,0,0.45,0.0
2022-06-30 00:00:00-04:00,23.592662811279297,23.592662811279297,23.592662811279297,23.592662811279297,0,0.0,0.0
2022-07-01 00:00:00-04:00,23.592662811279297,23.592662811279297,23.592662811279297,23.592662811279297,0,0.0,0.0
2022-07-05 00:00:00-04:00,22.265523514667287,22.41742517717764,21.226198356553613,22.07364845275879,3200,0.0,0.0
2022-07-06 00:00:00-04:00,21.969714659623364,22.161589717035096,21.969714659623364,22.145601272583008,400,0.0,0.0
2022-07-07 00:00:00-04:00,22.465394973754883,22.465394973754883,22.465394973754883,22.465394973754883,200,0.0,0.0
2022-07-08 00:00:00-04:00,22.753205317388794,22.977060317993164,22.753205317388794,22.977060317993164,600,0.0,0.0
2022-07-11 00:00:00-04:00,22.90511079962562,22.90511079962562,22.11362546800282,22.23354721069336,800,0.0,0.0
2022-07-12 00:00:00-04:00,22.577322243257644,22.713233947753906,22.385447164831312,22.713233947753906,2500,0.0,0.0
2022-07-13 00:00:00-04:00,22.55333709716797,22.55333709716797,22.55333709716797,22.55333709716797,400,0.0,0.0
2022-07-14 00:00:00-04:00,22.55333709716797,22.55333709716797,22.55333709716797,22.55333709716797,0,0.0,0.0
2022-07-15 00:00:00-04:00,22.44940856348637,22.48938197173724,22.025683421543313,22.225553512573242,3800,0.0,0.0
2022-07-18 00:00:00-04:00,22.313494967661885,22.713235116168747,21.665916354049315,22.329484939575195,2500,0.0,0.0
2022-07-19 00:00:00-04:00,22.001699986547898,22.225553512573242,22.001699986547898,22.225553512573242,1000,0.0,0.0
2022-07-20 00:00:00-04:00,21.9857073337798,21.9857073337798,21.82581067048818,21.865785598754883,1600,0.0,0.0
2022-07-21 00:00:00-04:00,21.84979557257688,22.71323419743056,21.84979557257688,22.209562301635742,2500,0.0,0.0
2022-07-22 00:00:00-04:00,21.95372909775501,22.20156909761179,21.689900650236265,22.02568244934082,1300,0.0,0.0
2022-07-25 00:00:00-04:00,21.817817538674813,22.18557773494771,21.817817538674813,21.95372772216797,1600,0.0,0.0
2022-07-26 00:00:00-04:00,22.241540775136315,22.241540775136315,21.865785598754883,21.865785598754883,500,0.0,0.0
2022-07-27 00:00:00-04:00,21.865785598754883,21.865785598754883,21.865785598754883,21.865785598754883,0,0.0,0.0
2022-07-28 00:00:00-04:00,22.00969408873173,22.10563087463379,22.00969408873173,22.10563087463379,1300,0.0,0.0
2022-07-29 00:00:00-04:00,22.10563087463379,22.10563087463379,22.10563087463379,22.10563087463379,0,0.0,0.0
2022-08-01 00:00:00-04:00,21.985708236694336,21.985708236694336,21.985708236694336,21.985708236694336,100,0.0,0.0
2022-08-02 00:00:00-04:00,21.985708236694336,21.985708236694336,21.985708236694336,21.985708236694336,0,0.0,0.0
2022-08-03 00:00:00-04:00,22.009693145751953,22.009693145751953,22.009693145751953,22.009693145751953,200,0.0,0.0
2022-08-04 00:00:00-04:00,22.009693145751953,22.009693145751953,22.009693145751953,22.009693145751953,0,0.0,0.0
2022-08-05 00:00:00-04:00,22.009693145751953,22.009693145751953,22.009693145751953,22.009693145751953,0,0.0,0.0
2022-08-08 00:00:00-04:00,22.385448455810547,22.385448455810547,22.385448455810547,22.385448455810547,300,0.0,0.0
2022-08-09 00:00:00-04:00,22.385448455810547,22.385448455810547,22.385448455810547,22.385448455810547,0,0.0,0.0
2022-08-10 00:00:00-04:00,21.84180040538668,21.84180040538668,21.729873657226562,21.729873657226562,1000,0.0,0.0
2022-08-11 00:00:00-04:00,21.881778717041016,21.881778717041016,21.881778717041016,21.881778717041016,100,0.0,0.0
2022-08-12 00:00:00-04:00,21.737869838164574,22.385448455810547,21.689899922125864,22.385448455810547,1800,0.0,0.0
2022-08-15 00:00:00-04:00,22.577322006225586,22.577322006225586,22.577322006225586,22.577322006225586,1000,0.0,0.0
2022-08-16 00:00:00-04:00,22.577322006225586,22.577322006225586,22.577322006225586,22.577322006225586,0,0.0,0.0
2022-08-17 00:00:00-04:00,22.577322006225586,22.577322006225586,22.577322006225586,22.577322006225586,0,0.0,0.0
2022-08-18 00:00:00-04:00,22.577322006225586,22.577322006225586,22.577322006225586,22.577322006225586,0,0.0,0.0
2022-08-19 00:00:00-04:00,22.577322006225586,22.577322006225586,22.577322006225586,22.577322006225586,0,0.0,0.0
2022-08-22 00:00:00-04:00,22.297504425048828,22.297504425048828,22.297504425048828,22.297504425048828,100,0.0,0.0
2022-08-23 00:00:00-04:00,22.041671613678442,22.041671613678442,21.985708236694336,21.985708236694336,1300,0.0,0.0
2022-08-24 00:00:00-04:00,21.985708236694336,21.985708236694336,21.985708236694336,21.985708236694336,0,0.0,0.0
2022-08-25 00:00:00-04:00,21.985708236694336,21.985708236694336,21.985708236694336,21.985708236694336,0,0.0,0.0
2022-08-26 00:00:00-04:00,21.985708236694336,21.985708236694336,21.985708236694336,21.985708236694336,0,0.0,0.0
2022-08-29 00:00:00-04:00,21.985708236694336,21.985708236694336,21.985708236694336,21.985708236694336,0,0.0,0.0
2022-08-30 00:00:00-04:00,22.03367662769676,22.03367662769676,21.985708236694336,21.985708236694336,1700,0.0,0.0
2022-08-31 00:00:00-04:00,21.993703222676015,21.993703222676015,21.985708236694336,21.985708236694336,600,0.0,0.0
2022-09-01 00:00:00-04:00,21.985708236694336,21.985708236694336,21.985708236694336,21.985708236694336,0,0.0,0.0
2022-09-02 00:00:00-04:00,22.15359926758482,22.15359926758482,21.985709129812356,22.10563087463379,1000,0.0,0.0
2022-09-06 00:00:00-04:00,22.10563087463379,22.10563087463379,22.10563087463379,22.10563087463379,0,0.0,0.0
2022-09-07 00:00:00-04:00,22.10563087463379,22.10563087463379,22.10563087463379,22.10563087463379,0,0.0,0.0
2022-09-08 00:00:00-04:00,22.385448455810547,22.385448455810547,22.385448455810547,22.385448455810547,900,0.0,0.0
2022-09-09 00:00:00-04:00,22.385448455810547,22.385448455810547,22.385448455810547,22.385448455810547,600,0.0,0.0
2022-09-12 00:00:00-04:00,22.385448455810547,22.385448455810547,22.385448455810547,22.385448455810547,0,0.0,0.0
2022-09-13 00:00:00-04:00,22.385448455810547,22.385448455810547,22.385448455810547,22.385448455810547,0,0.0,0.0
2022-09-14 00:00:00-04:00,22.37745475769043,22.37745475769043,22.37745475769043,22.37745475769043,800,0.0,0.0
2022-09-15 00:00:00-04:00,22.705239511534433,22.705239511534433,22.001697540283203,22.001697540283203,2700,0.0,0.0
2022-09-16 00:00:00-04:00,22.001697540283203,22.001697540283203,22.001697540283203,22.001697540283203,0,0.0,0.0
2022-09-19 00:00:00-04:00,21.99370002746582,21.99370002746582,21.99370002746582,21.99370002746582,100,0.0,0.0
2022-09-20 00:00:00-04:00,21.98570807833768,22.25753150020632,21.673911251736207,22.249536514282227,1500,0.0,0.0
2022-09-21 00:00:00-04:00,22.249536514282227,22.249536514282227,22.249536514282227,22.249536514282227,0,0.0,0.0
2022-09-22 00:00:00-04:00,22.249536514282227,22.249536514282227,22.249536514282227,22.249536514282227,0,0.0,0.0
2022-09-23 00:00:00-04:00,22.249536514282227,22.249536514282227,22.249536514282227,22.249536514282227,0,0.0,0.0
2022-09-26 00:00:00-04:00,22.249536514282227,22.249536514282227,22.249536514282227,22.249536514282227,0,0.0,0.0
2022-09-27 00:00:00-04:00,22.681256838498616,22.681256838498616,22.385448455810547,22.385448455810547,900,0.0,0.0
2022-09-28 00:00:00-04:00,22.385448455810547,22.385448455810547,22.385448455810547,22.385448455810547,300,0.0,0.0
2022-09-29 00:00:00-04:00,22.18231352544183,22.34482194129658,21.76792000962294,22.10106086730957,2600,0.45,0.0
2022-09-30 00:00:00-04:00,21.938554763793945,21.938554763793945,21.938554763793945,21.938554763793945,700,0.0,0.0
2022-10-03 00:00:00-04:00,21.938554763793945,21.938554763793945,21.938554763793945,21.938554763793945,0,0.0,0.0
2022-10-04 00:00:00-04:00,21.938554763793945,21.938554763793945,21.938554763793945,21.938554763793945,0,0.0,0.0
2022-10-05 00:00:00-04:00,21.938554763793945,21.938554763793945,21.938554763793945,21.938554763793945,0,0.0,0.0
2022-10-06 00:00:00-04:00,21.938554763793945,21.938554763793945,21.938554763793945,21.938554763793945,0,0.0,0.0
2022-10-07 00:00:00-04:00,21.938554763793945,21.938554763793945,21.938554763793945,21.938554763793945,0,0.0,0.0
2022-10-10 00:00:00-04:00,22.14168366067242,22.14168366067242,21.743539810180664,21.743539810180664,900,0.0,0.0
2022-10-11 00:00:00-04:00,22.710460662841797,22.710460662841797,22.710460662841797,22.710460662841797,100,0.0,0.0
2022-10-12 00:00:00-04:00,22.710460662841797,22.710460662841797,22.710460662841797,22.710460662841797,100,0.0,0.0
2022-10-13 00:00:00-04:00,22.01167869567871,22.01167869567871,22.01167869567871,22.01167869567871,300,0.0,0.0
2022-10-14 00:00:00-04:00,22.01167869567871,22.01167869567871,22.01167869567871,22.01167869567871,0,0.0,0.0
2022-10-17 00:00:00-04:00,22.01167869567871,22.01167869567871,22.01167869567871,22.01167869567871,0,0.0,0.0
2022-10-18 00:00:00-04:00,21.654163360595703,21.654163360595703,21.654163360595703,21.654163360595703,200,0.0,0.0
2022-10-19 00:00:00-04:00,21.97918128967285,21.97918128967285,21.971057262768273,21.97918128967285,1900,0.0,0.0
2022-10-20 00:00:00-04:00,21.97918128967285,21.97918128967285,21.97918128967285,21.97918128967285,0,0.0,0.0
2022-10-21 00:00:00-04:00,23.12485818314391,23.12485818314391,22.75109100341797,22.75109100341797,200,0.0,0.0
2022-10-24 00:00:00-04:00,23.116731643676758,23.116731643676758,23.116731643676758,23.116731643676758,1500,0.0,0.0
2022-10-25 00:00:00-04:00,23.116731643676758,23.116731643676758,23.116731643676758,23.116731643676758,0,0.0,0.0
2022-10-26 00:00:00-04:00,23.116731643676758,23.116731643676758,23.116731643676758,23.116731643676758,0,0.0,0.0
2022-10-27 00:00:00-04:00,23.116731643676758,23.116731643676758,23.116731643676758,23.116731643676758,0,0.0,0.0
2022-10-28 00:00:00-04:00,23.116731643676758,23.116731643676758,23.116731643676758,23.116731643676758,0,0.0,0.0
2022-10-31 00:00:00-04:00,23.157358169555664,23.157358169555664,23.157358169555664,23.157358169555664,200,0.0,0.0
2022-11-01 00:00:00-04:00,23.157358169555664,23.157358169555664,23.157358169555664,23.157358169555664,0,0.0,0.0
2022-11-02 00:00:00-04:00,23.157358169555664,23.157358169555664,23.157358169555664,23.157358169555664,0,0.0,0.0
2022-11-03 00:00:00-04:00,23.157358169555664,23.157358169555664,23.157358169555664,23.157358169555664,0,0.0,0.0
2022-11-04 00:00:00-04:00,22.75109100341797,22.75109100341797,22.75109100341797,22.75109100341797,100,0.0,0.0
2022-11-07 00:00:00-05:00,22.75109100341797,22.75109100341797,22.75109100341797,22.75109100341797,0,0.0,0.0
2022-11-08 00:00:00-05:00,22.75109100341797,22.75109100341797,22.75109100341797,22.75109100341797,0,0.0,0.0
2022-11-09 00:00:00-05:00,22.344820022583008,22.344820022583008,22.344820022583008,22.344820022583008,2800,0.0,0.0
2022-11-10 00:00:00-05:00,23.19798469543457,23.19798469543457,23.19798469543457,23.19798469543457,100,0.0,0.0
2022-11-11 00:00:00-05:00,23.173612594604492,23.173612594604492,23.173612594604492,23.173612594604492,100,0.0,0.0
2022-11-14 00:00:00-05:00,21.979176893204567,22.361071172732046,21.938550567626955,22.344820022583008,2900,0.0,0.0
2022-11-15 00:00:00-05:00,22.344820022583008,22.344820022583008,22.344820022583008,22.344820022583008,0,0.0,0.0
2022-11-16 00:00:00-05:00,22.344820022583008,22.344820022583008,22.344820022583008,22.344820022583008,0,0.0,0.0
2022-11-17 00:00:00-05:00,22.669837951660156,22.669837951660156,22.669837951660156,22.669837951660156,100,0.0,0.0
2022-11-18 00:00:00-05:00,22.547954750061038,22.547954750061038,22.344820022583008,22.344820022583008,2700,0.0,0.0
2022-11-21 00:00:00-05:00,22.547954559326172,22.547954559326172,22.547954559326172,22.547954559326172,200,0.0,0.0
2022-11-22 00:00:00-05:00,22.547954559326172,22.547954559326172,22.547954559326172,22.547954559326172,0,0.0,0.0
2022-11-23 00:00:00-05:00,22.547954559326172,22.547954559326172,22.547954559326172,22.547954559326172,100,0.0,0.0
2022-11-25 00:00:00-05:00,22.547954559326172,22.547954559326172,22.547954559326172,22.547954559326172,0,0.0,0.0
2022-11-28 00:00:00-05:00,22.547954559326172,22.547954559326172,22.547954559326172,22.547954559326172,0,0.0,0.0
2022-11-29 00:00:00-05:00,23.986154556274414,23.986154556274414,23.986154556274414,23.986154556274414,200,0.0,0.0
2022-11-30 00:00:00-05:00,23.36049461364746,23.36049461364746,23.36049461364746,23.36049461364746,200,0.0,0.0
2022-12-01 00:00:00-05:00,23.36049461364746,23.36049461364746,23.36049461364746,23.36049461364746,0,0.0,0.0
2022-12-02 00:00:00-05:00,23.36049461364746,23.36049461364746,23.36049461364746,23.36049461364746,0,0.0,0.0
2022-12-05 00:00:00-05:00,23.116731643676758,23.116731643676758,23.116731643676758,23.116731643676758,200,0.0,0.0
2022-12-06 00:00:00-05:00,23.116731643676758,23.116731643676758,23.116731643676758,23.116731643676758,0,0.0,0.0
2022-12-07 00:00:00-05:00,22.39357059450161,22.499201514407712,22.00355231283652,22.036054611206055,12000,0.0,0.0
2022-12-08 00:00:00-05:00,22.060431094154776,22.344820022583008,22.060431094154776,22.344820022583008,2300,0.0,0.0
2022-12-09 00:00:00-05:00,22.312317722284934,22.344820022583008,22.312317722284934,22.344820022583008,2000,0.0,0.0
2022-12-12 00:00:00-05:00,22.50732823409222,22.547954559326172,22.50732823409222,22.547954559326172,300,0.0,0.0
2022-12-13 00:00:00-05:00,22.547954559326172,22.547954559326172,22.547954559326172,22.547954559326172,0,0.0,0.0
2022-12-14 00:00:00-05:00,22.547954559326172,22.547954559326172,22.547954559326172,22.547954559326172,0,0.0,0.0
2022-12-15 00:00:00-05:00,22.00355339050293,22.00355339050293,22.00355339050293,22.00355339050293,300,0.0,0.0
2022-12-16 00:00:00-05:00,22.00355339050293,22.00355339050293,22.00355339050293,22.00355339050293,0,0.0,0.0
2022-12-19 00:00:00-05:00,22.00355339050293,22.00355339050293,22.00355339050293,22.00355339050293,0,0.0,0.0
2022-12-20 00:00:00-05:00,21.938554763793945,21.938554763793945,21.938554763793945,21.938554763793945,700,0.0,0.0
2022-12-21 00:00:00-05:00,21.938554763793945,21.938554763793945,21.938554763793945,21.938554763793945,0,0.0,0.0
2022-12-22 00:00:00-05:00,22.75108967352351,22.75108967352351,22.141685485839844,22.141685485839844,1100,0.0,0.0
2022-12-23 00:00:00-05:00,22.921721581363325,25.676229500968244,22.791715481594977,25.08307647705078,5300,0.0,0.0
2022-12-27 00:00:00-05:00,25.08307647705078,25.08307647705078,25.08307647705078,25.08307647705078,0,0.0,0.0
2022-12-28 00:00:00-05:00,22.58045807492729,27.268808169800664,22.58045807492729,25.43246841430664,7600,0.0,0.0
2022-12-29 00:00:00-05:00,23.661137016543176,23.750515255155307,23.076107928488266,23.742389678955078,900,0.0,0.0
2022-12-30 00:00:00-05:00,22.913597124530945,23.157358169555664,22.913597124530945,23.157358169555664,1600,0.0,0.0
2023-01-03 00:00:00-05:00,22.85671978702594,24.197410282949566,22.85671978702594,23.36049461364746,3800,0.0,0.0
2023-01-04 00:00:00-05:00,23.864266151145994,30.41332869582259,23.644880294799805,23.644880294799805,13600,0.0,0.0
2023-01-05 00:00:00-05:00,23.56362610173142,23.677381042150262,23.56362610173142,23.644880294799805,700,0.0,0.0
2023-01-06 00:00:00-05:00,23.238615766901887,23.563631057739258,23.238615766901887,23.563631057739258,900,0.0,0.0
2023-01-09 00:00:00-05:00,23.563631057739258,23.563631057739258,23.563631057739258,23.563631057739258,0,0.0,0.0
2023-01-10 00:00:00-05:00,23.25486302226084,23.25486302226084,22.962348534623946,23.067977905273438,3400,0.0,0.0
2023-01-11 00:00:00-05:00,22.832343485348737,22.92984728582821,22.547954559326172,22.547954559326172,1600,0.0,0.0
2023-01-12 00:00:00-05:00,22.336695344958553,22.57233238220215,22.336695344958553,22.57233238220215,2500,0.0,0.0
2023-01-13 00:00:00-05:00,22.344820022583008,22.344820022583008,22.344820022583008,22.344820022583008,300,0.0,0.0
2023-01-17 00:00:00-05:00,22.377322322881085,22.377322322881085,22.344820022583008,22.344820022583008,600,0.0,0.0
2023-01-18 00:00:00-05:00,22.57233415817322,22.57233415817322,22.426076889038086,22.426076889038086,500,0.0,0.0
2023-01-19 00:00:00-05:00,22.507330543608873,22.677962986854325,22.385448455810547,22.385448455810547,4000,0.0,0.0
2023-01-20 00:00:00-05:00,22.385448455810547,22.385448455810547,22.385448455810547,22.385448455810547,0,0.0,0.0
2023-01-23 00:00:00-05:00,23.262989044189453,23.262989044189453,23.262989044189453,23.262989044189453,200,0.0,0.0
2023-01-24 00:00:00-05:00,23.262989044189453,23.262989044189453,23.262989044189453,23.262989044189453,0,0.0,0.0
2023-01-25 00:00:00-05:00,22.426076889038086,22.426076889038086,22.426076889038086,22.426076889038086,900,0.0,0.0
2023-01-26 00:00:00-05:00,22.385449128223797,22.52358082205532,22.385449128223797,22.51545524597168,3500,0.0,0.0
2023-01-27 00:00:00-05:00,22.53982917498652,22.53982917498652,22.328568872433973,22.344820022583008,3800,0.0,0.0
2023-01-30 00:00:00-05:00,22.507328424483422,22.507328424483422,22.344820022583008,22.344820022583008,4300,0.0,0.0
2023-01-31 00:00:00-05:00,22.377322322881085,22.426074223533217,22.344820022583008,22.344820022583008,1700,0.0,0.0
2023-02-01 00:00:00-05:00,22.426074371864587,22.491077423095703,22.426074371864587,22.491077423095703,1300,0.0,0.0
2023-02-02 00:00:00-05:00,22.344820022583008,22.344820022583008,22.344820022583008,22.344820022583008,600,0.0,0.0
2023-02-03 00:00:00-05:00,22.344815818665055,22.4504451751709,22.32856467157348,22.4504451751709,2300,0.0,0.0
2023-02-06 00:00:00-05:00,22.417945861816406,22.417945861816406,22.417945861816406,22.417945861816406,100,0.0,0.0
2023-02-07 00:00:00-05:00,22.344820022583008,22.344820022583008,22.344820022583008,22.344820022583008,200,0.0,0.0
2023-02-08 00:00:00-05:00,22.34482220062241,22.34482220062241,22.33669662475586,22.33669662475586,3000,0.0,0.0
2023-02-09 00:00:00-05:00,22.344818720842415,22.344818720842415,21.930423714953225,22.279815673828125,4700,0.0,0.0
2023-02-10 00:00:00-05:00,22.279815673828125,22.279815673828125,22.279815673828125,22.279815673828125,300,0.0,0.0
2023-02-13 00:00:00-05:00,22.344821732739675,22.344821732739675,22.296069828356327,22.304195404052734,400,0.0,0.0
2023-02-14 00:00:00-05:00,22.344819261659765,22.344819261659765,22.263565063476562,22.263565063476562,1400,0.0,0.0
2023-02-15 00:00:00-05:00,22.263565063476562,22.263565063476562,22.263565063476562,22.263565063476562,0,0.0,0.0
2023-02-16 00:00:00-05:00,22.14168685224812,22.30419526557715,22.14168685224812,22.15793800354004,1300,0.0,0.0
2023-02-17 00:00:00-05:00,22.166063022964874,22.166063022964874,22.10918399487044,22.1173095703125,1100,0.0,0.0
2023-02-21 00:00:00-05:00,22.117308569881427,22.344820022583008,22.117308569881427,22.344820022583008,1200,0.0,0.0
2023-02-22 00:00:00-05:00,22.312318801879883,22.312318801879883,22.312318801879883,22.312318801879883,400,0.0,0.0
2023-02-23 00:00:00-05:00,22.312318801879883,22.312318801879883,22.312318801879883,22.312318801879883,0,0.0,0.0
2023-02-24 00:00:00-05:00,22.23106602036776,22.23106602036776,22.22294044494629,22.22294044494629,1000,0.0,0.0
2023-02-27 00:00:00-05:00,22.133559720030462,22.344820022583008,22.133559720030462,22.344820022583008,1100,0.0,0.0
2023-02-28 00:00:00-05:00,22.344820760358974,22.344820760358974,22.12543487548828,22.12543487548828,1200,0.0,0.0
2023-03-01 00:00:00-05:00,22.12543487548828,22.12543487548828,22.12543487548828,22.12543487548828,0,0.0,0.0
2023-03-02 00:00:00-05:00,22.12543487548828,22.12543487548828,22.12543487548828,22.12543487548828,0,0.0,0.0
2023-03-03 00:00:00-05:00,22.19043731689453,22.19043731689453,22.19043731689453,22.19043731689453,500,0.0,0.0
2023-03-06 00:00:00-05:00,22.312318801879883,22.312318801879883,22.312318801879883,22.312318801879883,100,0.0,0.0
2023-03-07 00:00:00-05:00,22.06042978518832,22.06042978518832,22.036054611206055,22.036054611206055,1600,0.0,0.0
2023-03-08 00:00:00-05:00,22.068558564220577,22.10106086730957,22.068558564220577,22.10106086730957,1600,0.0,0.0
2023-03-09 00:00:00-05:00,22.141685485839844,22.141685485839844,22.141685485839844,22.141685485839844,1200,0.0,0.0
2023-03-10 00:00:00-05:00,22.019804540483626,22.036055690464327,21.954801490355795,22.00355339050293,1900,0.0,0.0
2023-03-13 00:00:00-04:00,21.962927065346147,22.00355339050293,21.962927065346147,22.00355339050293,600,0.0,0.0
2023-03-14 00:00:00-04:00,21.637910842895508,21.637910842895508,21.637910842895508,21.637910842895508,500,0.0,0.0
2023-03-15 00:00:00-04:00,21.637909339026454,21.637909339026454,21.53227996826172,21.53227996826172,800,0.0,0.0
2023-03-16 00:00:00-04:00,23.68551254272461,23.68551254272461,23.68551254272461,23.68551254272461,300,0.0,0.0
2023-03-17 00:00:00-04:00,23.68551254272461,23.68551254272461,23.68551254272461,23.68551254272461,0,0.0,0.0
2023-03-20 00:00:00-04:00,22.214815139770508,22.214815139770508,22.214815139770508,22.214815139770508,100,0.0,0.0
2023-03-21 00:00:00-04:00,21.897924423217773,21.897924423217773,21.897924423217773,21.897924423217773,100,0.0,0.0
2023-03-22 00:00:00-04:00,21.897924423217773,21.897924423217773,21.897924423217773,21.897924423217773,0,0.0,0.0
2023-03-23 00:00:00-04:00,22.01167869567871,22.01980427056946,22.01167869567871,22.01167869567871,2000,0.0,0.0
2023-03-24 00:00:00-04:00,21.938550756611956,22.141685485839844,21.938550756611956,22.141685485839844,2900,0.0,0.0
2023-03-27 00:00:00-04:00,22.141685485839844,22.141685485839844,22.141685485839844,22.141685485839844,100,0.0,0.0
2023-03-28 00:00:00-04:00,21.857295989990234,21.857295989990234,21.857295989990234,21.857295989990234,1100,0.0,0.0
2023-03-29 00:00:00-04:00,22.04418121965292,22.092934672921285,21.532282358695646,21.621662139892578,3600,0.0,0.0
2023-03-30 00:00:00-04:00,22.109304644026846,22.109304644026846,21.90267562866211,21.90267562866211,1200,0.45,0.0
2023-03-31 00:00:00-04:00,21.90267562866211,22.266343137111246,21.90267562866211,21.90267562866211,500,0.0,0.0
2023-04-03 00:00:00-04:00,22.1423688525313,22.191959381103516,21.902678407599048,22.191959381103516,2500,0.0,0.0
2023-04-04 00:00:00-04:00,21.99359234161643,21.99359234161643,21.90267507269836,21.944000244140625,1900,0.0,0.0
2023-04-05 00:00:00-04:00,21.902676169610118,21.99359344308143,21.902676169610118,21.952266693115234,800,0.0,0.0
2023-04-06 00:00:00-04:00,21.910940422277662,21.944000244140625,21.90267507269836,21.944000244140625,400,0.0,0.0
2023-04-10 00:00:00-04:00,22.117570563361973,22.117570563361973,22.026653289794922,22.026653289794922,400,0.0,0.0
2023-04-11 00:00:00-04:00,22.06797981262207,22.06797981262207,22.06797981262207,22.06797981262207,400,0.0,0.0
2023-04-12 00:00:00-04:00,22.06797981262207,22.06797981262207,22.06797981262207,22.06797981262207,100,0.0,0.0
2023-04-13 00:00:00-04:00,22.2332820892334,22.2332820892334,22.2332820892334,22.2332820892334,100,0.0,0.0
2023-04-14 00:00:00-04:00,22.31593281139027,22.729190826416016,22.31593281139027,22.729190826416016,2300,0.0,0.0
2023-04-17 00:00:00-04:00,22.729190826416016,22.729190826416016,22.729190826416016,22.729190826416016,0,0.0,0.0
2023-04-18 00:00:00-04:00,22.729190826416016,22.729190826416016,22.729190826416016,22.729190826416016,0,0.0,0.0
2023-04-19 00:00:00-04:00,22.729190826416016,22.729190826416016,22.729190826416016,22.729190826416016,0,0.0,0.0
2023-04-20 00:00:00-04:00,22.729190826416016,22.729190826416016,22.729190826416016,22.729190826416016,0,0.0,0.0
2023-04-21 00:00:00-04:00,22.729190826416016,22.729190826416016,22.729190826416016,22.729190826416016,0,0.0,0.0
2023-04-24 00:00:00-04:00,22.729190826416016,22.729190826416016,22.729190826416016,22.729190826416016,0,0.0,0.0
2023-04-25 00:00:00-04:00,22.729190826416016,22.729190826416016,22.729190826416016,22.729190826416016,0,0.0,0.0
2023-04-26 00:00:00-04:00,22.315937042236328,22.315937042236328,22.315937042236328,22.315937042236328,100,0.0,0.0
2023-04-27 00:00:00-04:00,22.02665387168349,22.315934823576278,22.02665387168349,22.225017547607422,900,0.0,0.0
2023-04-28 00:00:00-04:00,22.225017547607422,22.225017547607422,22.225017547607422,22.225017547607422,0,0.0,0.0
2023-05-01 00:00:00-04:00,22.225017547607422,22.225017547607422,22.225017547607422,22.225017547607422,0,0.0,0.0
2023-05-02 00:00:00-04:00,22.225017547607422,22.225017547607422,22.225017547607422,22.225017547607422,0,0.0,0.0
2023-05-03 00:00:00-04:00,22.225017547607422,22.225017547607422,22.225017547607422,22.225017547607422,100,0.0,0.0
2023-05-04 00:00:00-04:00,22.225017547607422,22.225017547607422,22.225017547607422,22.225017547607422,0,0.0,0.0
2023-05-05 00:00:00-04:00,22.225017547607422,22.225017547607422,22.225017547607422,22.225017547607422,0,0.0,0.0
2023-05-08 00:00:00-04:00,22.415116124793837,22.42337989807129,22.415116124793837,22.42337989807129,400,0.0,0.0
2023-05-09 00:00:00-04:00,22.42337989807129,22.42337989807129,22.42337989807129,22.42337989807129,0,0.0,0.0
2023-05-10 00:00:00-04:00,22.42337989807129,22.42337989807129,22.42337989807129,22.42337989807129,0,0.0,0.0
2023-05-11 00:00:00-04:00,22.31593838382343,22.69613509588665,22.134105379330748,22.357263565063477,2100,0.0,0.0
2023-05-12 00:00:00-04:00,22.357263565063477,22.357263565063477,22.357263565063477,22.357263565063477,0,0.0,0.0
2023-05-15 00:00:00-04:00,22.06797981262207,22.06797981262207,22.06797981262207,22.06797981262207,300,0.0,0.0
2023-05-16 00:00:00-04:00,22.06797981262207,22.06797981262207,22.06797981262207,22.06797981262207,0,0.0,0.0
2023-05-17 00:00:00-04:00,22.588686767437135,22.588686767437135,22.43164825439453,22.43164825439453,300,0.0,0.0
2023-05-18 00:00:00-04:00,22.43164825439453,22.43164825439453,22.43164825439453,22.43164825439453,0,0.0,0.0
2023-05-19 00:00:00-04:00,22.315937042236328,22.315937042236328,22.315937042236328,22.315937042236328,100,0.0,0.0
2023-05-22 00:00:00-04:00,22.315937042236328,22.315937042236328,22.315937042236328,22.315937042236328,0,0.0,0.0
2023-05-23 00:00:00-04:00,22.315937042236328,22.315937042236328,22.315937042236328,22.315937042236328,0,0.0,0.0
2023-05-24 00:00:00-04:00,22.315937042236328,22.315937042236328,22.315937042236328,22.315937042236328,0,0.0,0.0
2023-05-25 00:00:00-04:00,22.315937042236328,22.315937042236328,22.315937042236328,22.315937042236328,0,0.0,0.0
2023-05-26 00:00:00-04:00,22.57215377828858,22.57215377828858,22.026653289794922,22.026653289794922,800,0.0,0.0
2023-05-30 00:00:00-04:00,22.026653289794922,22.026653289794922,22.026653289794922,22.026653289794922,100,0.0,0.0
2023-05-31 00:00:00-04:00,22.026653289794922,22.026653289794922,22.026653289794922,22.026653289794922,0,0.0,0.0
2023-06-01 00:00:00-04:00,22.026653289794922,22.026653289794922,22.026653289794922,22.026653289794922,0,0.0,0.0
2023-06-02 00:00:00-04:00,22.415119678286256,22.415119678286256,22.315937042236328,22.315937042236328,400,0.0,0.0
2023-06-05 00:00:00-04:00,22.315937042236328,22.315937042236328,22.315937042236328,22.315937042236328,0,0.0,0.0
2023-06-06 00:00:00-04:00,22.315937042236328,22.315937042236328,22.315937042236328,22.315937042236328,0,0.0,0.0
2023-06-07 00:00:00-04:00,22.315937042236328,22.315937042236328,22.315937042236328,22.315937042236328,0,0.0,0.0
2023-06-08 00:00:00-04:00,22.315937042236328,22.315937042236328,22.315937042236328,22.315937042236328,100,0.0,0.0
2023-06-09 00:00:00-04:00,22.315937042236328,22.315937042236328,22.315937042236328,22.315937042236328,100,0.0,0.0
2023-06-12 00:00:00-04:00,22.109302520751953,22.109302520751953,22.109302520751953,22.109302520751953,1100,0.0,0.0
2023-06-13 00:00:00-04:00,22.315937042236328,22.315937042236328,22.315937042236328,22.315937042236328,300,0.0,0.0
2023-06-14 00:00:00-04:00,22.315937042236328,22.315937042236328,22.315937042236328,22.315937042236328,0,0.0,0.0
2023-06-15 00:00:00-04:00,22.563886642456055,22.563886642456055,22.563886642456055,22.563886642456055,200,0.0,0.0
2023-06-16 00:00:00-04:00,22.563886642456055,22.563886642456055,22.563886642456055,22.563886642456055,0,0.0,0.0
2023-06-20 00:00:00-04:00,23.092859228295225,23.10938835144043,22.844903463665805,23.10938835144043,2000,0.0,0.0
2023-06-21 00:00:00-04:00,23.10938835144043,23.10938835144043,23.10938835144043,23.10938835144043,100,0.0,0.0
2023-06-22 00:00:00-04:00,22.33246612548828,22.33246612548828,22.33246612548828,22.33246612548828,300,0.0,0.0
2023-06-23 00:00:00-04:00,22.448174961827846,22.71265983581543,22.448174961827846,22.71265983581543,1400,0.0,0.0
2023-06-26 00:00:00-04:00,22.630008697509766,22.630008697509766,22.630008697509766,22.630008697509766,200,0.0,0.0
2023-06-27 00:00:00-04:00,22.315937042236328,22.315937042236328,22.315937042236328,22.315937042236328,200,0.0,0.0
2023-06-28 00:00:00-04:00,22.315937042236328,22.315937042236328,22.315937042236328,22.315937042236328,0,0.0,0.0
2023-06-29 00:00:00-04:00,22.48403666055583,22.912704467773438,22.416794745884854,22.912704467773438,2300,0.45,0.0
2023-06-30 00:00:00-04:00,22.69417381286621,22.69417381286621,22.69417381286621,22.69417381286621,100,0.0,0.0
2023-07-03 00:00:00-04:00,22.69417381286621,22.69417381286621,22.69417381286621,22.69417381286621,0,0.0,0.0
2023-07-05 00:00:00-04:00,22.69417381286621,22.69417381286621,22.69417381286621,22.69417381286621,0,0.0,0.0
2023-07-06 00:00:00-04:00,22.895896911621094,22.895896911621094,22.895896911621094,22.895896911621094,200,0.0,0.0
2023-07-07 00:00:00-04:00,22.895896911621094,22.895896911621094,22.895896911621094,22.895896911621094,0,0.0,0.0
2023-07-10 00:00:00-04:00,22.895896911621094,22.895896911621094,22.895896911621094,22.895896911621094,0,0.0,0.0
2023-07-11 00:00:00-04:00,22.69417381286621,22.69417381286621,22.69417381286621,22.69417381286621,100,0.0,0.0
2023-07-12 00:00:00-04:00,22.45882158253462,22.45882158253462,22.273906707763672,22.273906707763672,3100,0.0,0.0
2023-07-13 00:00:00-04:00,22.273906707763672,22.273906707763672,22.273906707763672,22.273906707763672,0,0.0,0.0
2023-07-14 00:00:00-04:00,22.28231430053711,22.28231430053711,22.28231430053711,22.28231430053711,200,0.0,0.0
2023-07-17 00:00:00-04:00,22.28231430053711,22.28231430053711,22.28231430053711,22.28231430053711,0,0.0,0.0
2023-07-18 00:00:00-04:00,22.28231430053711,22.28231430053711,22.28231430053711,22.28231430053711,100,0.0,0.0
2023-07-19 00:00:00-04:00,22.48403549194336,22.48403549194336,22.48403549194336,22.48403549194336,100,0.0,0.0
2023-07-20 00:00:00-04:00,22.48403549194336,22.48403549194336,22.48403549194336,22.48403549194336,0,0.0,0.0
2023-07-21 00:00:00-04:00,22.48403549194336,22.48403549194336,22.48403549194336,22.48403549194336,0,0.0,0.0
2023-07-24 00:00:00-04:00,22.408390045166016,22.408390045166016,22.408390045166016,22.408390045166016,400,0.0,0.0
2023-07-25 00:00:00-04:00,22.324337005615234,22.324337005615234,22.324337005615234,22.324337005615234,300,0.0,0.0
2023-07-26 00:00:00-04:00,22.408390045166016,22.408390045166016,22.408390045166016,22.408390045166016,300,0.0,0.0
2023-07-27 00:00:00-04:00,22.408390045166016,22.408390045166016,22.273906211388887,22.408390045166016,800,0.0,0.0
2023-07-28 00:00:00-04:00,22.408390045166016,22.408390045166016,22.408390045166016,22.408390045166016,0,0.0,0.0
2023-07-31 00:00:00-04:00,22.299121856689453,22.299121856689453,22.299121856689453,22.299121856689453,1100,0.0,0.0
2023-08-01 00:00:00-04:00,22.299121856689453,22.299121856689453,22.299121856689453,22.299121856689453,100,0.0,0.0
2023-08-02 00:00:00-04:00,22.299121856689453,22.299121856689453,22.299121856689453,22.299121856689453,0,0.0,0.0
2023-08-03 00:00:00-04:00,22.299121856689453,22.299121856689453,22.299121856689453,22.299121856689453,100,0.0,0.0
2023-08-04 00:00:00-04:00,22.408390045166016,22.408390045166016,22.408390045166016,22.408390045166016,500,0.0,0.0
2023-08-07 00:00:00-04:00,22.408390045166016,22.408390045166016,22.408390045166016,22.408390045166016,100,0.0,0.0
2023-08-08 00:00:00-04:00,22.273906707763672,22.273906707763672,22.273906707763672,22.273906707763672,500,0.0,0.0
2023-08-09 00:00:00-04:00,22.273906707763672,22.273906707763672,22.273906707763672,22.273906707763672,0,0.0,0.0
2023-08-10 00:00:00-04:00,22.273906707763672,22.273906707763672,22.273906707763672,22.273906707763672,100,0.0,0.0
2023-08-11 00:00:00-04:00,22.273906707763672,22.273906707763672,22.273906707763672,22.273906707763672,0,0.0,0.0
2023-08-14 00:00:00-04:00,22.273906707763672,22.391579664147567,22.273906707763672,22.273906707763672,500,0.0,0.0
2023-08-15 00:00:00-04:00,22.273906707763672,22.273906707763672,22.273906707763672,22.273906707763672,0,0.0,0.0
2023-08-16 00:00:00-04:00,22.408390045166016,22.408390045166016,22.408390045166016,22.408390045166016,400,0.0,0.0
2023-08-17 00:00:00-04:00,22.837060928344727,22.837060928344727,22.837060928344727,22.837060928344727,100,0.0,0.0
2023-08-18 00:00:00-04:00,22.837060928344727,22.837060928344727,22.837060928344727,22.837060928344727,0,0.0,0.0
2023-08-21 00:00:00-04:00,22.837060928344727,22.837060928344727,22.837060928344727,22.837060928344727,0,0.0,0.0
2023-08-22 00:00:00-04:00,22.837060928344727,22.837060928344727,22.837060928344727,22.837060928344727,0,0.0,0.0
2023-08-23 00:00:00-04:00,22.837060928344727,22.837060928344727,22.837060928344727,22.837060928344727,0,0.0,0.0
2023-08-24 00:00:00-04:00,22.273906707763672,22.273906707763672,22.273906707763672,22.273906707763672,200,0.0,0.0
2023-08-25 00:00:00-04:00,22.273906707763672,22.273906707763672,22.273906707763672,22.273906707763672,0,0.0,0.0
2023-08-28 00:00:00-04:00,22.273907329166367,22.273907329166367,21.27368236247739,21.450193405151367,1700,0.0,0.0
2023-08-29 00:00:00-04:00,21.450193405151367,21.450193405151367,21.450193405151367,21.450193405151367,100,0.0,0.0
2023-08-30 00:00:00-04:00,22.610118181269236,22.652145385742188,22.610118181269236,22.652145385742188,800,0.0,0.0
2023-08-31 00:00:00-04:00,22.652145385742188,22.652145385742188,22.652145385742188,22.652145385742188,0,0.0,0.0
2023-09-01 00:00:00-04:00,22.652145385742188,22.652145385742188,22.652145385742188,22.652145385742188,0,0.0,0.0
2023-09-05 00:00:00-04:00,22.652145385742188,22.652145385742188,22.652145385742188,22.652145385742188,0,0.0,0.0
2023-09-06 00:00:00-04:00,22.652145385742188,22.652145385742188,22.652145385742188,22.652145385742188,0,0.0,0.0
2023-09-07 00:00:00-04:00,22.652145385742188,22.652145385742188,22.652145385742188,22.652145385742188,0,0.0,0.0
2023-09-08 00:00:00-04:00,21.88726806640625,21.88726806640625,21.88726806640625,21.88726806640625,100,0.0,0.0
2023-09-11 00:00:00-04:00,21.929290771484375,21.929290771484375,21.929290771484375,21.929290771484375,100,0.0,0.0
2023-09-12 00:00:00-04:00,22.139423370361328,22.139423370361328,22.139423370361328,22.139423370361328,100,0.0,0.0
2023-09-13 00:00:00-04:00,22.114206314086914,22.114206314086914,22.114206314086914,22.114206314086914,100,0.0,0.0
2023-09-14 00:00:00-04:00,22.18985366821289,22.18985366821289,22.18985366821289,22.18985366821289,100,0.0,0.0
2023-09-15 00:00:00-04:00,22.147829055786133,22.147829055786133,22.147829055786133,22.147829055786133,100,0.0,0.0
2023-09-18 00:00:00-04:00,22.282312918425994,22.282312918425994,21.920886993408203,21.920886993408203,200,0.0,0.0
2023-09-19 00:00:00-04:00,22.139423370361328,22.139423370361328,22.139423370361328,22.139423370361328,300,0.0,0.0
2023-09-20 00:00:00-04:00,22.139423370361328,22.139423370361328,22.139423370361328,22.139423370361328,100,0.0,0.0
2023-09-21 00:00:00-04:00,22.139423370361328,22.139423370361328,22.139423370361328,22.139423370361328,100,0.0,0.0
2023-09-22 00:00:00-04:00,22.173043528726286,22.173043528726286,22.139423370361328,22.139423370361328,1500,0.0,0.0
2023-09-25 00:00:00-04:00,22.13942303606517,22.593305587768555,21.912480958626578,22.593305587768555,1800,0.0,0.0
2023-09-26 00:00:00-04:00,22.593305587768555,22.593305587768555,22.593305587768555,22.593305587768555,0,0.0,0.0
2023-09-27 00:00:00-04:00,22.593305587768555,22.593305587768555,22.593305587768555,22.593305587768555,0,0.0,0.0
2023-09-28 00:00:00-04:00,22.901047615849496,22.901047615849496,22.738628387451172,22.738628387451172,1700,0.45,0.0
2023-09-29 00:00:00-04:00,22.268470857708458,22.268470857708458,22.259923934936523,22.259923934936523,400,0.0,0.0
2023-10-02 00:00:00-04:00,22.31976208339519,22.31976208339519,22.268470764160156,22.268470764160156,300,0.0,0.0
2023-10-03 00:00:00-04:00,22.268470764160156,22.268470764160156,22.268470764160156,22.268470764160156,0,0.0,0.0
2023-10-04 00:00:00-04:00,22.268470764160156,22.268470764160156,22.259923841424126,22.268470764160156,900,0.0,0.0
2023-10-05 00:00:00-04:00,22.311212887774673,22.336856916184004,22.22572898864746,22.22572898864746,1200,0.0,0.0
2023-10-06 00:00:00-04:00,22.311212887774673,22.311212887774673,22.22572898864746,22.22572898864746,1000,0.0,0.0
2023-10-09 00:00:00-04:00,22.22572898864746,22.22572898864746,22.22572898864746,22.22572898864746,0,0.0,0.0
2023-10-10 00:00:00-04:00,22.251374647526553,22.268470122976186,22.22572898864746,22.22572898864746,1100,0.0,0.0
2023-10-11 00:00:00-04:00,22.22572898864746,22.22572898864746,22.22572898864746,22.22572898864746,300,0.0,0.0
2023-10-12 00:00:00-04:00,22.22572898864746,22.22572898864746,22.22572898864746,22.22572898864746,700,0.0,0.0
2023-10-13 00:00:00-04:00,23.08056640625,23.08056640625,23.08056640625,23.08056640625,600,0.0,0.0
2023-10-16 00:00:00-04:00,23.08056640625,23.08056640625,23.08056640625,23.08056640625,0,0.0,0.0
2023-10-17 00:00:00-04:00,23.08056640625,23.08056640625,23.08056640625,23.08056640625,0,0.0,0.0
2023-10-18 00:00:00-04:00,23.08056640625,23.08056640625,23.08056640625,23.08056640625,0,0.0,0.0
2023-10-19 00:00:00-04:00,23.08056640625,23.08056640625,23.08056640625,23.08056640625,300,0.0,0.0
2023-10-20 00:00:00-04:00,23.08056640625,23.08056640625,23.08056640625,23.08056640625,0,0.0,0.0
2023-10-23 00:00:00-04:00,22.22572898864746,22.22572898864746,22.22572898864746,22.22572898864746,100,0.0,0.0
2023-10-24 00:00:00-04:00,22.866855786396908,22.866855786396908,22.22572898864746,22.22572898864746,400,0.0,0.0
2023-10-25 00:00:00-04:00,22.22572898864746,22.22572898864746,22.22572898864746,22.22572898864746,0,0.0,0.0
2023-10-26 00:00:00-04:00,22.22572898864746,22.22572898864746,22.22572898864746,22.22572898864746,0,0.0,0.0
2023-10-27 00:00:00-04:00,22.22572898864746,22.22572898864746,22.22572898864746,22.22572898864746,100,0.0,0.0
2023-10-30 00:00:00-04:00,22.439434051513672,22.439434051513672,22.439434051513672,22.439434051513672,1000,0.0,0.0
2023-10-31 00:00:00-04:00,22.225729690248052,22.225729690248052,22.05476188659668,22.05476188659668,1100,0.0,0.0
2023-11-01 00:00:00-04:00,22.14024543762207,22.217180784999208,22.14024543762207,22.14024543762207,1200,0.0,0.0
2023-11-02 00:00:00-04:00,22.22572933809331,22.22572933809331,22.14024543762207,22.14024543762207,1400,0.0,0.0
2023-11-03 00:00:00-04:00,22.2171811370185,22.2171811370185,21.550408659341926,22.05476188659668,3000,0.0,0.0
2023-11-06 00:00:00-05:00,21.131540023502563,21.98637580871582,21.114444546955397,21.98637580871582,900,0.0,0.0
2023-11-07 00:00:00-05:00,21.952177898562827,21.952177898562827,21.755566106983437,21.789758682250977,1700,0.0,0.0
2023-11-08 00:00:00-05:00,22.08040428161621,22.08040428161621,22.08040428161621,22.08040428161621,100,0.0,0.0
2023-11-09 00:00:00-05:00,22.012020167182474,22.012020167182474,21.798311233520508,21.798311233520508,900,0.0,0.0
2023-11-10 00:00:00-05:00,22.020565032958984,22.020565032958984,22.020565032958984,22.020565032958984,200,0.0,0.0
2023-11-13 00:00:00-05:00,22.06330680847168,22.06330680847168,22.06330680847168,22.06330680847168,600,0.0,0.0
2023-11-14 00:00:00-05:00,22.06330680847168,22.06330680847168,22.06330680847168,22.06330680847168,0,0.0,0.0
2023-11-15 00:00:00-05:00,22.00347328186035,22.00347328186035,22.00347328186035,22.00347328186035,200,0.0,0.0
2023-11-16 00:00:00-05:00,22.123147983600855,22.22572898864746,22.063309743352733,22.22572898864746,1900,0.0,0.0
2023-11-17 00:00:00-05:00,22.15734100341797,22.15734100341797,22.15734100341797,22.15734100341797,400,0.0,0.0
2023-11-20 00:00:00-05:00,22.08040754628533,22.08040754628533,22.05476188659668,22.05476188659668,1400,0.0,0.0
2023-11-21 00:00:00-05:00,21.969277296019925,21.969277296019925,21.80685806274414,21.80685806274414,3200,0.0,0.0
2023-11-22 00:00:00-05:00,22.225726342777893,22.225726342777893,22.012017435635798,22.191532135009766,600,0.0,0.0
2023-11-24 00:00:00-05:00,22.06330943017656,22.06330943017656,21.875246159141952,21.994922637939453,2600,0.0,0.0
2023-11-27 00:00:00-05:00,21.88379386422053,21.892342416727722,21.84105110168457,21.84105110168457,1600,0.0,0.0
2023-11-28 00:00:00-05:00,21.798311233520508,22.012020167182474,21.798311233520508,21.798311233520508,2800,0.0,0.0
2023-11-29 00:00:00-05:00,21.875246580076396,21.875246580076396,21.798311233520508,21.798311233520508,2400,0.0,0.0
2023-11-30 00:00:00-05:00,21.841053024555343,21.943634033203125,21.841053024555343,21.943634033203125,600,0.0,0.0
2023-12-01 00:00:00-05:00,22.217180435687762,22.22572898864746,22.217180435687762,22.22572898864746,500,0.0,0.0
2023-12-04 00:00:00-05:00,22.217180435687762,22.22572898864746,22.217180435687762,22.22572898864746,1100,0.0,0.0
2023-12-05 00:00:00-05:00,22.22572898864746,22.22572898864746,22.22572898864746,22.22572898864746,0,0.0,0.0
2023-12-06 00:00:00-05:00,22.012020750918744,22.05476188659668,22.012020750918744,22.05476188659668,2100,0.0,0.0
2023-12-07 00:00:00-05:00,22.05476188659668,22.05476188659668,22.05476188659668,22.05476188659668,0,0.0,0.0
2023-12-08 00:00:00-05:00,22.029117217046114,22.029117217046114,22.012020111083984,22.012020111083984,700,0.0,0.0
2023-12-11 00:00:00-05:00,22.012020111083984,22.012020111083984,22.012020111083984,22.012020111083984,0,0.0,0.0
2023-12-12 00:00:00-05:00,22.140245144860422,22.140245144860422,21.98637445214079,22.012020111083984,2500,0.0,0.0
2023-12-13 00:00:00-05:00,22.012016165766095,22.012016165766095,21.8923397064209,21.8923397064209,1400,0.0,0.0
2023-12-14 00:00:00-05:00,21.8923397064209,21.8923397064209,21.8923397064209,21.8923397064209,0,0.0,0.0
2023-12-15 00:00:00-05:00,21.8923397064209,21.8923397064209,21.8923397064209,21.8923397064209,0,0.0,0.0
2023-12-18 00:00:00-05:00,22.012017618701975,22.20862942359516,22.012017618701975,22.20008087158203,700,0.0,0.0
2023-12-19 00:00:00-05:00,22.114601885518326,22.114601885518326,21.567505888990905,21.627344131469727,8100,0.0,0.0
2023-12-20 00:00:00-05:00,21.79831250238887,21.80686105588933,21.71282859785416,21.755571365356445,4700,0.0,0.0
2023-12-21 00:00:00-05:00,21.84105011658913,22.054759028221,21.84105011658913,21.883792877197266,1500,0.0,0.0
2023-12-22 00:00:00-05:00,22.06330680847168,22.06330680847168,22.06330680847168,22.06330680847168,600,0.0,0.0
2023-12-26 00:00:00-05:00,21.883790126371782,22.04620933532715,21.883790126371782,22.04620933532715,900,0.0,0.0
2023-12-27 00:00:00-05:00,22.05476188659668,22.05476188659668,22.05476188659668,22.05476188659668,800,0.0,0.0
2023-12-28 00:00:00-05:00,22.202661820114454,22.272262573242188,22.202661820114454,22.272262573242188,800,0.45,0.0
2023-12-29 00:00:00-05:00,22.054757510082094,22.58546257019043,22.054757510082094,22.58546257019043,1600,0.0,0.0
2024-01-02 00:00:00-05:00,22.58546257019043,22.58546257019043,22.58546257019043,22.58546257019043,0,0.0,0.0
2024-01-03 00:00:00-05:00,22.21136474609375,22.21136474609375,22.21136474609375,22.21136474609375,100,0.0,0.0
2024-01-04 00:00:00-05:00,22.55066785654525,22.594167709350586,22.55066785654525,22.594167709350586,1000,0.0,0.0
2024-01-05 00:00:00-05:00,22.385364532470703,22.385364532470703,22.385364532470703,22.385364532470703,500,0.0,0.0
2024-01-08 00:00:00-05:00,22.385364532470703,22.385364532470703,22.385364532470703,22.385364532470703,0,0.0,0.0
2024-01-09 00:00:00-05:00,22.38536289606937,22.463663949789733,22.23746109008789,22.23746109008789,1800,0.0,0.0
2024-01-10 00:00:00-05:00,22.23746109008789,22.23746109008789,22.23746109008789,22.23746109008789,0,0.0,0.0
2024-01-11 00:00:00-05:00,22.359264373779297,22.359264373779297,22.359264373779297,22.359264373779297,700,0.0,0.0
2024-01-12 00:00:00-05:00,22.228763580322266,22.272265093081806,22.228763580322266,22.228763580322266,2400,0.0,0.0
2024-01-16 00:00:00-05:00,22.228763580322266,22.228763580322266,22.228763580322266,22.228763580322266,300,0.0,0.0
2024-01-17 00:00:00-05:00,22.289662291578658,22.289662291578658,22.280961990356445,22.280961990356445,300,0.0,0.0
2024-01-18 00:00:00-05:00,22.30706214904785,22.30706214904785,22.30706214904785,22.30706214904785,500,0.0,0.0
2024-01-19 00:00:00-05:00,22.298364639282227,22.298364639282227,22.298364639282227,22.298364639282227,600,0.0,0.0
2024-01-22 00:00:00-05:00,22.298364639282227,22.298364639282227,22.298364639282227,22.298364639282227,0,0.0,0.0
2024-01-23 00:00:00-05:00,22.36796406545344,22.40276527404785,22.36796406545344,22.40276527404785,600,0.0,0.0
2024-01-24 00:00:00-05:00,22.446261583868075,22.446261583868075,22.437562942504883,22.437562942504883,300,0.0,0.0
2024-01-25 00:00:00-05:00,22.446266174316406,22.446266174316406,22.446266174316406,22.446266174316406,300,0.0,0.0
2024-01-26 00:00:00-05:00,22.48976707458496,22.48976707458496,22.48976707458496,22.48976707458496,1000,0.0,0.0
2024-01-29 00:00:00-05:00,22.48976707458496,22.48976707458496,22.48976707458496,22.48976707458496,0,0.0,0.0
2024-01-30 00:00:00-05:00,22.48976707458496,22.48976707458496,22.48976707458496,22.48976707458496,0,0.0,0.0
2024-01-31 00:00:00-05:00,22.44626232865904,22.454962629723617,22.350562335774182,22.411462783813477,3900,0.0,0.0
2024-02-01 00:00:00-05:00,22.42886634420731,22.62026801463478,22.42886634420731,22.454965591430664,1200,0.0,0.0
2024-02-02 00:00:00-05:00,22.507167404703313,22.62026801463478,22.454965591430664,22.454965591430664,1600,0.0,0.0
2024-02-05 00:00:00-05:00,22.576769053231033,22.611568604038705,22.446266174316406,22.446266174316406,1200,0.0,0.0
2024-02-06 00:00:00-05:00,22.446266174316406,22.446266174316406,22.446266174316406,22.446266174316406,1000,0.0,0.0
2024-02-07 00:00:00-05:00,22.420165878345056,22.420165878345056,22.40276527404785,22.40276527404785,800,0.0,0.0
2024-02-08 00:00:00-05:00,22.40276527404785,22.40276527404785,22.40276527404785,22.40276527404785,0,0.0,0.0
2024-02-09 00:00:00-05:00,22.40276527404785,22.40276527404785,22.40276527404785,22.40276527404785,0,0.0,0.0
2024-02-12 00:00:00-05:00,22.59416505642702,22.62026596069336,22.515864003040825,22.62026596069336,1100,0.0,0.0
2024-02-13 00:00:00-05:00,22.62026596069336,22.62026596069336,22.62026596069336,22.62026596069336,0,0.0,0.0
2024-02-14 00:00:00-05:00,22.48106353291735,22.48106353291735,22.402762482748898,22.411462783813477,3300,0.0,0.0
2024-02-15 00:00:00-05:00,22.411462783813477,22.411462783813477,22.411462783813477,22.411462783813477,0,0.0,0.0
2024-02-16 00:00:00-05:00,22.411462783813477,22.411462783813477,22.411462783813477,22.411462783813477,0,0.0,0.0
2024-02-20 00:00:00-05:00,22.420166178829547,22.472366333007812,22.420166178829547,22.472366333007812,1100,0.0,0.0
2024-02-21 00:00:00-05:00,22.472366333007812,22.472366333007812,22.472366333007812,22.472366333007812,0,0.0,0.0
2024-02-22 00:00:00-05:00,22.48976707458496,22.48976707458496,22.48976707458496,22.48976707458496,200,0.0,0.0
2024-02-23 00:00:00-05:00,22.4027651366612,22.4027651366612,22.385364532470703,22.385364532470703,1600,0.0,0.0
2024-02-26 00:00:00-05:00,22.40276615942604,22.40276615942604,22.324465096407046,22.394065856933594,1800,0.0,0.0
2024-02-27 00:00:00-05:00,22.394066582443646,22.394066582443646,22.333166122436523,22.333166122436523,1200,0.0,0.0
2024-02-28 00:00:00-05:00,22.28096436279333,22.40276527404785,22.28096436279333,22.40276527404785,1700,0.0,0.0
2024-02-29 00:00:00-05:00,22.40276527404785,22.40276527404785,22.40276527404785,22.40276527404785,0,0.0,0.0
2024-03-01 00:00:00-05:00,22.40276527404785,22.40276527404785,22.40276527404785,22.40276527404785,0,0.0,0.0
2024-03-04 00:00:00-05:00,22.550667831111063,22.559368133544922,22.550667831111063,22.559368133544922,500,0.0,0.0
2024-03-05 00:00:00-05:00,22.515866621375633,22.559368133544922,22.515866621375633,22.559368133544922,500,0.0,0.0
2024-03-06 00:00:00-05:00,22.594169322845936,22.594169322845936,22.524568557739258,22.524568557739258,900,0.0,0.0
2024-03-07 00:00:00-05:00,22.49846839904785,22.49846839904785,22.49846839904785,22.49846839904785,400,0.0,0.0
2024-03-08 00:00:00-05:00,22.49846839904785,22.49846839904785,22.49846839904785,22.49846839904785,0,0.0,0.0
2024-03-11 00:00:00-04:00,22.49846839904785,22.49846839904785,22.49846839904785,22.49846839904785,0,0.0,0.0
2024-03-12 00:00:00-04:00,22.602867410210564,22.62026801463478,22.402765437570984,22.454965591430664,3000,0.0,0.0
2024-03-13 00:00:00-04:00,22.315763473510742,22.315763473510742,22.315763473510742,22.315763473510742,600,0.0,0.0
2024-03-14 00:00:00-04:00,22.77686586413579,22.77686586413579,22.50716318379138,22.58546257019043,1300,0.0,0.0
2024-03-15 00:00:00-04:00,22.58546257019043,22.58546257019043,22.58546257019043,22.58546257019043,0,0.0,0.0
2024-03-18 00:00:00-04:00,22.58546257019043,22.58546257019043,22.58546257019043,22.58546257019043,100,0.0,0.0
2024-03-19 00:00:00-04:00,22.802967348943152,22.8377685546875,22.802967348943152,22.8377685546875,600,0.0,0.0
2024-03-20 00:00:00-04:00,22.8377685546875,22.8377685546875,22.8377685546875,22.8377685546875,0,0.0,0.0
2024-03-21 00:00:00-04:00,22.489768096334355,22.49846839904785,22.489768096334355,22.49846839904785,500,0.0,0.0
2024-03-22 00:00:00-04:00,22.655069650560293,22.72467041015625,22.655069650560293,22.72467041015625,1500,0.0,0.0
2024-03-25 00:00:00-04:00,22.64636993408203,22.64636993408203,22.64636993408203,22.64636993408203,200,0.0,0.0
2024-03-26 00:00:00-04:00,22.62026596069336,22.62026596069336,22.62026596069336,22.62026596069336,1400,0.0,0.0
2024-03-27 00:00:00-04:00,22.868162307190396,22.868162307190396,22.72650909423828,22.72650909423828,300,0.45,0.0
2024-03-28 00:00:00-04:00,22.72650931619342,22.877016067504883,22.72650931619342,22.877016067504883,1100,0.0,0.0
2024-04-01 00:00:00-04:00,22.877016067504883,22.877016067504883,22.877016067504883,22.877016067504883,0,0.0,0.0
2024-04-02 00:00:00-04:00,22.68224331995338,22.877016067504883,22.68224331995338,22.877016067504883,1400,0.0,0.0
2024-04-03 00:00:00-04:00,22.487465040072532,22.540584564208984,22.487465040072532,22.540584564208984,1300,0.0,0.0
2024-04-04 00:00:00-04:00,22.646827827116404,22.699947357177734,22.57600122415483,22.699947357177734,2500,0.0,0.0
2024-04-05 00:00:00-04:00,22.514027289047586,22.514027289047586,22.407786544384305,22.43434715270996,800,0.0,0.0
2024-04-08 00:00:00-04:00,22.43434715270996,22.43434715270996,22.43434715270996,22.43434715270996,0,0.0,0.0
2024-04-09 00:00:00-04:00,22.797333549050727,22.797333549050727,22.576000213623047,22.576000213623047,1400,0.0,0.0
2024-04-10 00:00:00-04:00,22.576000213623047,22.576000213623047,22.576000213623047,22.576000213623047,0,0.0,0.0
2024-04-11 00:00:00-04:00,22.761919021606445,22.761919021606445,22.761919021606445,22.761919021606445,200,0.0,0.0
2024-04-12 00:00:00-04:00,22.761919021606445,22.761919021606445,22.761919021606445,22.761919021606445,0,0.0,0.0
2024-04-15 00:00:00-04:00,22.735360346535703,22.735360346535703,22.717653274536133,22.717653274536133,300,0.0,0.0
2024-04-16 00:00:00-04:00,22.71765453125394,22.797334671020508,22.655681464466486,22.797334671020508,4100,0.0,0.0
2024-04-17 00:00:00-04:00,22.797334671020508,22.797334671020508,22.797334671020508,22.797334671020508,0,0.0,0.0
2024-04-18 00:00:00-04:00,22.797334671020508,22.797334671020508,22.797334671020508,22.797334671020508,900,0.0,0.0
2024-04-19 00:00:00-04:00,22.841601977795218,22.841601977795218,22.62026861875209,22.637975692749023,1600,0.0,0.0
2024-04-22 00:00:00-04:00,22.753068923950195,22.841600912526946,22.753068923950195,22.753068923950195,1400,0.0,0.0
2024-04-23 00:00:00-04:00,22.75307020631696,22.788482666015625,22.708802520894206,22.788482666015625,3900,0.0,0.0
2024-04-24 00:00:00-04:00,22.788482666015625,22.788482666015625,22.788482666015625,22.788482666015625,0,0.0,0.0
2024-04-25 00:00:00-04:00,22.73536491394043,22.73536491394043,22.73536491394043,22.73536491394043,100,0.0,0.0
2024-04-26 00:00:00-04:00,22.797334671020508,22.797334671020508,22.797334671020508,22.797334671020508,600,0.0,0.0
2024-04-29 00:00:00-04:00,22.797334671020508,22.797334671020508,22.797334671020508,22.797334671020508,0,0.0,0.0
2024-04-30 00:00:00-04:00,22.797334671020508,22.797334671020508,22.797334671020508,22.797334671020508,0,0.0,0.0
2024-05-01 00:00:00-04:00,22.73536491394043,22.73536491394043,22.73536491394043,22.73536491394043,1200,0.0,0.0
2024-05-02 00:00:00-04:00,22.66453500095604,22.797334671020508,22.66453500095604,22.797334671020508,1100,0.0,0.0
2024-05-03 00:00:00-04:00,22.797334671020508,22.797334671020508,22.797334671020508,22.797334671020508,900,0.0,0.0
2024-05-06 00:00:00-04:00,22.797337989749636,22.797337989749636,22.73536491394043,22.73536491394043,1400,0.0,0.0
2024-05-07 00:00:00-04:00,22.73536491394043,22.73536491394043,22.73536491394043,22.73536491394043,0,0.0,0.0
2024-05-08 00:00:00-04:00,22.673387151060503,22.673387151060503,22.664533615112305,22.664533615112305,1300,0.0,0.0
2024-05-09 00:00:00-04:00,22.575997929078806,22.575997929078806,22.5671443939209,22.5671443939209,2500,0.0,0.0
2024-05-10 00:00:00-04:00,22.53173665386658,22.637975720700325,22.37237636497644,22.44320297241211,20500,0.0,0.0
2024-05-13 00:00:00-04:00,22.487468968819584,22.487468968819584,22.44320297241211,22.44320297241211,6200,0.0,0.0
2024-05-14 00:00:00-04:00,22.44320297241211,22.478615431810187,22.42549589839331,22.44320297241211,17500,0.0,0.0
2024-05-15 00:00:00-04:00,22.487467839229474,22.50517491235881,22.390082314296997,22.416641235351562,29600,0.0,0.0
2024-05-16 00:00:00-04:00,22.47861354841351,22.487467084681104,22.390081563016317,22.39893341064453,15200,0.0,0.0
2024-05-17 00:00:00-04:00,22.407786300322634,22.496319971804517,22.328106164852873,22.478612899780273,14800,0.0,0.0
2024-05-20 00:00:00-04:00,22.487469094776948,22.522883243012906,22.487469094776948,22.496322631835938,800,0.0,0.0
2024-05-21 00:00:00-04:00,22.61141679831165,22.61141679831165,22.416642361383914,22.44320297241211,3600,0.0,0.0
2024-05-22 00:00:00-04:00,22.35466701637234,22.443200688818514,22.35466701637234,22.43434715270996,2800,0.0,0.0
2024-05-23 00:00:00-04:00,22.44320055009431,22.576000213623047,22.434347014040483,22.576000213623047,2200,0.0,0.0
2024-05-24 00:00:00-04:00,22.576000693554228,22.682241439819336,22.576000693554228,22.682241439819336,1000,0.0,0.0
2024-05-28 00:00:00-04:00,22.60256130228035,22.682241439819336,22.60256130228035,22.682241439819336,6000,0.0,0.0
2024-05-29 00:00:00-04:00,22.708799364716757,22.708799364716757,22.50517310599166,22.514026641845703,2700,0.0,0.0
2024-05-30 00:00:00-04:00,22.52288311685718,22.52288311685718,22.44320297241211,22.44320297241211,1200,0.0,0.0
2024-05-31 00:00:00-04:00,22.59370894656753,22.620267868041992,22.59370894656753,22.620267868041992,900,0.0,0.0
2024-06-03 00:00:00-04:00,22.487469065995302,22.708802426268168,22.487469065995302,22.69109535217285,1100,0.0,0.0
2024-06-04 00:00:00-04:00,22.54943933642507,22.664533615112305,22.505173345323406,22.664533615112305,5100,0.0,0.0
2024-06-05 00:00:00-04:00,22.682240575742174,22.77077255751121,22.64682643212311,22.761919021606445,3800,0.0,0.0
2024-06-06 00:00:00-04:00,22.797334918238572,22.797334918238572,22.753068923950195,22.753068923950195,700,0.0,0.0
2024-06-07 00:00:00-04:00,22.797333516296693,22.832747660461123,22.664533852958755,22.815040588378906,1600,0.0,0.0
2024-06-10 00:00:00-04:00,22.859307866983922,22.859307866983922,22.850454330444336,22.850454330444336,1700,0.0,0.0
2024-06-11 00:00:00-04:00,22.850454330444336,22.850454330444336,22.850454330444336,22.850454330444336,0,0.0,0.0
2024-06-12 00:00:00-04:00,22.59371004026757,22.841602325439453,22.59371004026757,22.841602325439453,800,0.0,0.0
2024-06-13 00:00:00-04:00,22.868162281936687,22.93898888833453,22.78848213865918,22.921281814575195,1700,0.0,0.0
2024-06-14 00:00:00-04:00,22.815042749298183,22.947842425214198,22.753069679780005,22.921281814575195,6600,0.0,0.0
2024-06-17 00:00:00-04:00,22.921280788131284,23.018668000807004,22.921280788131284,22.992107391357422,2000,0.0,0.0
2024-06-18 00:00:00-04:00,22.992107391357422,22.992107391357422,22.992107391357422,22.992107391357422,0,0.0,0.0
2024-06-20 00:00:00-04:00,22.93013317963463,22.93013317963463,22.708799844524954,22.815040588378906,2500,0.0,0.0
2024-06-21 00:00:00-04:00,22.868164603337252,22.912430603589634,22.73536491394043,22.73536491394043,500,0.0,0.0
2024-06-24 00:00:00-04:00,22.79733354211336,22.79733354211336,22.77077293395996,22.77077293395996,1400,0.0,0.0
2024-06-25 00:00:00-04:00,22.823896408081055,22.823896408081055,22.823896408081055,22.823896408081055,500,0.0,0.0
2024-06-26 00:00:00-04:00,22.85930633544922,22.85930633544922,22.85930633544922,22.85930633544922,700,0.0,0.0
2024-06-27 00:00:00-04:00,22.797334671020508,22.797334671020508,22.797334671020508,22.797334671020508,100,0.0,0.0
2024-06-28 00:00:00-04:00,22.977551086256078,22.977551086256078,22.85140037536621,22.85140037536621,1100,0.45,0.0
2024-07-01 00:00:00-04:00,23.05864596708738,23.05864596708738,22.88744022178577,22.977548599243164,2300,0.0,0.0
2024-07-02 00:00:00-04:00,22.887441635131836,22.887441635131836,22.887441635131836,22.887441635131836,200,0.0,0.0
2024-07-03 00:00:00-04:00,22.887442300073538,22.950517654418945,22.887442300073538,22.950517654418945,500,0.0,0.0
2024-07-05 00:00:00-04:00,22.94150733947754,22.94150733947754,22.94150733947754,22.94150733947754,200,0.0,0.0
2024-07-08 00:00:00-04:00,22.950517654418945,22.950517654418945,22.950517654418945,22.950517654418945,1500,0.0,0.0
2024-07-09 00:00:00-04:00,22.959528026448172,22.959528026448172,22.81535530090332,22.81535530090332,2100,0.0,0.0
2024-07-10 00:00:00-04:00,22.824367490923155,22.896453857421875,22.824367490923155,22.896453857421875,700,0.0,0.0
2024-07-11 00:00:00-04:00,22.95952796936035,22.95952796936035,22.95952796936035,22.95952796936035,300,0.0,0.0
2024-07-12 00:00:00-04:00,23.04062574166142,23.26589584350586,23.04062574166142,23.26589584350586,3000,0.0,0.0
2024-07-15 00:00:00-04:00,23.229853004719903,23.25688431638889,23.094689571677186,23.247873306274414,2900,0.0,0.0
2024-07-16 00:00:00-04:00,23.130735397338867,23.130735397338867,23.130735397338867,23.130735397338867,200,0.0,0.0
2024-07-17 00:00:00-04:00,23.21183207791738,23.21183207791738,23.103701670124455,23.139745712280273,1500,0.0,0.0
2024-07-18 00:00:00-04:00,23.175785064697266,23.175785064697266,23.175785064697266,23.175785064697266,1200,0.0,0.0
2024-07-19 00:00:00-04:00,23.23886489868164,23.23886489868164,23.23886489868164,23.23886489868164,400,0.0,0.0
2024-07-22 00:00:00-04:00,23.004581780627333,23.12172146902666,23.004581780627333,23.022602081298828,600,0.0,0.0
2024-07-23 00:00:00-04:00,23.247874401398672,23.247874401398672,23.139745712280273,23.139745712280273,1400,0.0,0.0
2024-07-24 00:00:00-04:00,23.103701849498506,23.24787458189206,23.076670536346302,23.112712860107422,1100,0.0,0.0
2024-07-25 00:00:00-04:00,23.112711957042656,23.220842361450195,23.112711957042656,23.220842361450195,900,0.0,0.0
2024-07-26 00:00:00-04:00,23.031613920870818,23.202819673476768,22.860409886939294,23.157766342163086,8500,0.0,0.0
2024-07-29 00:00:00-04:00,23.157766342163086,23.157766342163086,23.157766342163086,23.157766342163086,0,0.0,0.0
2024-07-30 00:00:00-04:00,23.157766342163086,23.157766342163086,23.157766342163086,23.157766342163086,0,0.0,0.0
2024-07-31 00:00:00-04:00,23.085681399154204,23.103701701582125,23.067659378051758,23.067659378051758,400,0.0,0.0
2024-08-01 00:00:00-04:00,23.130734796818977,23.130734796818977,22.923486709594727,22.923486709594727,700,0.0,0.0
2024-08-02 00:00:00-04:00,22.923486709594727,22.923486709594727,22.923486709594727,22.923486709594727,0,0.0,0.0
2024-08-05 00:00:00-04:00,23.02260401919577,23.02260401919577,22.950517654418945,22.950517654418945,400,0.0,0.0
2024-08-06 00:00:00-04:00,23.049638748168945,23.049638748168945,23.049638748168945,23.049638748168945,600,0.0,0.0
2024-08-07 00:00:00-04:00,22.82436724919231,23.103701701582125,22.82436724919231,23.067659378051758,1500,0.0,0.0
2024-08-08 00:00:00-04:00,22.977548599243164,22.977548599243164,22.977548599243164,22.977548599243164,800,0.0,0.0
2024-08-09 00:00:00-04:00,22.94150733947754,22.94150733947754,22.94150733947754,22.94150733947754,1100,0.0,0.0
2024-08-12 00:00:00-04:00,22.94150733947754,22.94150733947754,22.94150733947754,22.94150733947754,0,0.0,0.0
2024-08-13 00:00:00-04:00,23.031616725978736,23.049638748168945,22.98656338917784,23.049638748168945,2800,0.0,0.0
2024-08-14 00:00:00-04:00,23.049638748168945,23.049638748168945,23.049638748168945,23.049638748168945,0,0.0,0.0
2024-08-15 00:00:00-04:00,23.004583020152626,23.004583020152626,22.95952796936035,22.95952796936035,400,0.0,0.0
2024-08-16 00:00:00-04:00,22.94150694900916,23.067659378051758,22.94150694900916,23.067659378051758,700,0.0,0.0
2024-08-19 00:00:00-04:00,22.941506316164308,23.08568076233228,22.887441973022867,22.932497024536133,3200,0.0,0.0
2024-08-20 00:00:00-04:00,22.93249665755944,22.95952796936035,22.93249665755944,22.95952796936035,700,0.0,0.0
2024-08-21 00:00:00-04:00,22.914475636030016,23.067659378051758,22.914475636030016,23.067659378051758,600,0.0,0.0
2024-08-22 00:00:00-04:00,23.067659378051758,23.067659378051758,23.067659378051758,23.067659378051758,100,0.0,0.0
2024-08-23 00:00:00-04:00,23.085683822631836,23.085683822631836,23.085683822631836,23.085683822631836,600,0.0,0.0
2024-08-26 00:00:00-04:00,23.04963977664313,23.085683822631836,23.01359744932913,23.085683822631836,5300,0.0,0.0
2024-08-27 00:00:00-04:00,23.12172508239746,23.12172508239746,23.103703060235198,23.12172508239746,2000,0.0,0.0
2024-08-28 00:00:00-04:00,23.12172508239746,23.193811452371882,23.031616690260776,23.12172508239746,3400,0.0,0.0
2024-08-29 00:00:00-04:00,23.085680280237153,23.247873306274414,23.049636239779243,23.247873306274414,1300,0.0,0.0
2024-08-30 00:00:00-04:00,23.112712860107422,23.112712860107422,23.112712860107422,23.112712860107422,200,0.0,0.0
2024-09-03 00:00:00-04:00,23.29292869567871,23.29292869567871,23.29292869567871,23.29292869567871,700,0.0,0.0
2024-09-04 00:00:00-04:00,23.12172508239746,23.12172508239746,23.12172508239746,23.12172508239746,300,0.0,0.0
2024-09-05 00:00:00-04:00,23.12172508239746,23.12172508239746,23.12172508239746,23.12172508239746,0,0.0,0.0
2024-09-06 00:00:00-04:00,23.157766342163086,23.157766342163086,23.157766342163086,23.157766342163086,300,0.0,0.0
2024-09-09 00:00:00-04:00,23.238865046838608,23.283918380737305,23.08568130543871,23.283918380737305,1200,0.0,0.0
2024-09-10 00:00:00-04:00,23.10370178598311,23.256885528564453,23.10370178598311,23.256885528564453,3100,0.0,0.0
2024-09-11 00:00:00-04:00,23.130735151746887,23.30194091796875,23.130735151746887,23.30194091796875,1400,0.0,0.0
2024-09-12 00:00:00-04:00,23.337980838819785,23.337980838819785,23.211830139160156,23.211830139160156,1500,0.0,0.0
2024-09-13 00:00:00-04:00,23.328971138010118,23.41006851196289,23.301939825808844,23.41006851196289,2900,0.0,0.0
2024-09-16 00:00:00-04:00,23.33798284177829,23.42809122870051,23.33798284177829,23.401058197021484,3800,0.0,0.0
2024-09-17 00:00:00-04:00,23.365015058968694,23.428090412013123,23.29292869567871,23.29292869567871,1200,0.0,0.0
2024-09-18 00:00:00-04:00,23.202820489977334,23.35600422797853,23.121723115819375,23.26589584350586,3800,0.0,0.0
2024-09-19 00:00:00-04:00,23.310951560323762,23.374026915652323,23.229854183851458,23.32897186279297,3700,0.0,0.0
2024-09-20 00:00:00-04:00,23.374025441311275,23.563251495361328,23.374025441311275,23.563251495361328,2000,0.0,0.0
2024-09-23 00:00:00-04:00,23.563251495361328,23.563251495361328,23.563251495361328,23.563251495361328,0,0.0,0.0
2024-09-24 00:00:00-04:00,23.319962432766747,23.319962432766747,23.31095314025879,23.31095314025879,400,0.0,0.0
2024-09-25 00:00:00-04:00,23.43710205968497,23.473144382972983,23.346993673453166,23.428091049194336,700,0.0,0.0
2024-09-26 00:00:00-04:00,23.419078826904297,23.419078826904297,23.419078826904297,23.419078826904297,400,0.0,0.0
2024-09-27 00:00:00-04:00,23.26589509383894,23.419078826904297,23.26589509383894,23.419078826904297,3100,0.0,0.0
2024-09-30 00:00:00-04:00,23.51077576697379,23.529115325823717,23.455758839380607,23.501605987548828,3300,0.45,0.0
2024-10-01 00:00:00-04:00,23.519945094844296,23.584131800630132,23.519945094844296,23.565793991088867,3200,0.0,0.0
2024-10-02 00:00:00-04:00,23.510774612426758,23.510774612426758,23.510774612426758,23.510774612426758,800,0.0,0.0
2024-10-03 00:00:00-04:00,23.47409634489653,23.556622603545836,23.318213606220777,23.428247451782227,5800,0.0,0.0
2024-10-04 00:00:00-04:00,23.3457218959173,23.510774418184546,23.3457218959173,23.483266830444336,1400,0.0,0.0
2024-10-07 00:00:00-04:00,23.50160393180867,23.50160393180867,23.428247451782227,23.428247451782227,1000,0.0,0.0
2024-10-08 00:00:00-04:00,23.428247451782227,23.428247451782227,23.428247451782227,23.428247451782227,0,0.0,0.0
2024-10-09 00:00:00-04:00,23.51077431048779,23.648319244384766,23.3548915678335,23.648319244384766,1600,0.0,0.0
2024-10-10 00:00:00-04:00,23.648319244384766,23.648319244384766,23.648319244384766,23.648319244384766,0,0.0,0.0
2024-10-11 00:00:00-04:00,23.648318639177038,23.721675119198395,23.538283044666784,23.712505340576172,1600,0.0,0.0
2024-10-14 00:00:00-04:00,23.40991014280444,23.703336069168724,23.40991014280444,23.52911376953125,600,0.0,0.0
2024-10-15 00:00:00-04:00,23.483266830444336,23.483266830444336,23.483266830444336,23.483266830444336,200,0.0,0.0
2024-10-16 00:00:00-04:00,23.483266830444336,23.483266830444336,23.483266830444336,23.483266830444336,200,0.0,0.0
2024-10-17 00:00:00-04:00,23.483266830444336,23.483266830444336,23.483266830444336,23.483266830444336,800,0.0,0.0
2024-10-18 00:00:00-04:00,23.565793991088867,23.565793991088867,23.565793991088867,23.565793991088867,200,0.0,0.0
2024-10-21 00:00:00-04:00,23.56579378329204,23.61164093017578,23.46492796139995,23.61164093017578,600,0.0,0.0
2024-10-22 00:00:00-04:00,23.61164093017578,23.61164093017578,23.61164093017578,23.61164093017578,0,0.0,0.0
2024-10-23 00:00:00-04:00,23.62081078898876,23.804201126098633,23.62081078898876,23.804201126098633,300,0.0,0.0
2024-10-24 00:00:00-04:00,23.804201126098633,23.804201126098633,23.804201126098633,23.804201126098633,0,0.0,0.0
2024-10-25 00:00:00-04:00,23.804201126098633,23.804201126098633,23.804201126098633,23.804201126098633,0,0.0,0.0
2024-10-28 00:00:00-04:00,23.8041998825834,23.8041998825834,23.62080955505371,23.62080955505371,700,0.0,0.0
2024-10-29 00:00:00-04:00,23.611640866729317,23.730844497680664,23.611640866729317,23.730844497680664,600,0.0,0.0
2024-10-30 00:00:00-04:00,23.730844497680664,23.730844497680664,23.730844497680664,23.730844497680664,0,0.0,0.0
2024-10-31 00:00:00-04:00,23.730844497680664,23.730844497680664,23.730844497680664,23.730844497680664,0,0.0,0.0
2024-11-01 00:00:00-04:00,23.474098205566406,23.474098205566406,23.474098205566406,23.474098205566406,200,0.0,0.0
2024-11-04 00:00:00-05:00,23.59330183919937,23.59330183919937,23.474098205566406,23.474098205566406,600,0.0,0.0
2024-11-05 00:00:00-05:00,23.474098205566406,23.474098205566406,23.474098205566406,23.474098205566406,0,0.0,0.0
2024-11-06 00:00:00-05:00,23.483267841836355,23.483267841836355,23.400741577148438,23.400741577148438,1300,0.0,0.0
2024-11-07 00:00:00-05:00,23.336554550960237,23.61164093017578,23.336554550960237,23.61164093017578,1300,0.0,0.0
2024-11-08 00:00:00-05:00,23.740015782408825,23.813372271251875,23.740015782408825,23.74918556213379,11500,0.0,0.0
2024-11-11 00:00:00-05:00,23.657487468502833,23.675827026367188,23.657487468502833,23.675827026367188,600,0.0,0.0
2024-11-12 00:00:00-05:00,23.675827026367188,23.675827026367188,23.675827026367188,23.675827026367188,0,0.0,0.0
2024-11-13 00:00:00-05:00,23.675827026367188,23.675827026367188,23.675827026367188,23.675827026367188,0,0.0,0.0
2024-11-14 00:00:00-05:00,23.877559661865234,23.877559661865234,23.877559661865234,23.877559661865234,100,0.0,0.0
2024-11-15 00:00:00-05:00,23.877559661865234,23.877559661865234,23.877559661865234,23.877559661865234,0,0.0,0.0
2024-11-18 00:00:00-05:00,23.877559661865234,23.877559661865234,23.877559661865234,23.877559661865234,0,0.0,0.0
2024-11-19 00:00:00-05:00,23.501605392907297,23.501605392907297,23.4924373626709,23.4924373626709,200,0.0,0.0
2024-11-20 00:00:00-05:00,23.59330177307129,23.59330177307129,23.59330177307129,23.59330177307129,300,0.0,0.0
2024-11-21 00:00:00-05:00,23.565793991088867,23.565793991088867,23.565793991088867,23.565793991088867,300,0.0,0.0
2024-11-22 00:00:00-05:00,23.565793991088867,23.565793991088867,23.565793991088867,23.565793991088867,0,0.0,0.0
2024-11-25 00:00:00-05:00,23.565793991088867,23.565793991088867,23.565793991088867,23.565793991088867,0,0.0,0.0
2024-11-26 00:00:00-05:00,23.565793991088867,23.565793991088867,23.565793991088867,23.565793991088867,0,0.0,0.0
2024-11-27 00:00:00-05:00,23.565793991088867,23.565793991088867,23.565793991088867,23.565793991088867,0,0.0,0.0
2024-11-29 00:00:00-05:00,23.565793991088867,23.565793991088867,23.565793991088867,23.565793991088867,0,0.0,0.0
2024-12-02 00:00:00-05:00,23.84088134765625,23.84088134765625,23.84088134765625,23.84088134765625,1000,0.0,0.0
2024-12-03 00:00:00-05:00,23.767523469356338,23.767523469356338,23.62081050186917,23.657487869262695,1000,0.0,0.0
2024-12-04 00:00:00-05:00,23.611640722781654,23.657487869262695,23.611640722781654,23.657487869262695,400,0.0,0.0
2024-12-05 00:00:00-05:00,23.474096944016683,23.703336168569667,23.474096944016683,23.648319244384766,3500,0.0,0.0
2024-12-06 00:00:00-05:00,23.62081221487639,23.666659364682317,23.62081221487639,23.629981994628906,600,0.0,0.0
2024-12-09 00:00:00-05:00,23.648319790243423,23.703336715698242,23.648319790243423,23.703336715698242,1200,0.0,0.0
2024-12-10 00:00:00-05:00,23.88672762684759,23.996763229370117,23.88672762684759,23.996763229370117,700,0.0,0.0
2024-12-11 00:00:00-05:00,23.996763229370117,23.996763229370117,23.996763229370117,23.996763229370117,0,0.0,0.0
2024-12-12 00:00:00-05:00,23.978422808751947,24.152645111083984,23.978422808751947,24.152645111083984,1300,0.0,0.0
2024-12-13 00:00:00-05:00,24.152645111083984,24.152645111083984,24.152645111083984,24.152645111083984,0,0.0,0.0
2024-12-16 00:00:00-05:00,23.77669334411621,23.77669334411621,23.77669334411621,23.77669334411621,100,0.0,0.0
2024-12-17 00:00:00-05:00,23.758352785471207,23.84087904515943,23.574960708618164,23.574960708618164,2600,0.0,0.0
2024-12-18 00:00:00-05:00,23.61164093017578,23.61164093017578,23.61164093017578,23.61164093017578,400,0.0,0.0
2024-12-19 00:00:00-05:00,23.657487175076504,23.657487175076504,23.52911376953125,23.52911376953125,2200,0.0,0.0
2024-12-20 00:00:00-05:00,23.91423771477799,24.01510354117421,23.840881227114366,24.00593376159668,1000,0.0,0.0
2024-12-23 00:00:00-05:00,23.859220337935618,23.859220337935618,23.547454833984375,23.547454833984375,700,0.0,0.0
2024-12-24 00:00:00-05:00,23.82254178840846,23.84088134765625,23.82254178840846,23.84088134765625,300,0.0,0.0
2024-12-26 00:00:00-05:00,23.69416608325958,23.69416608325958,23.529113563883136,23.574960708618164,1100,0.0,0.0
2024-12-27 00:00:00-05:00,23.74001652541878,23.850052136605548,23.519947052001953,23.519947052001953,3800,0.0,0.0
2024-12-30 00:00:00-05:00,23.55662310598658,23.822539695895536,23.52911376953125,23.52911376953125,1100,0.0,0.0
2024-12-31 00:00:00-05:00,23.865110397338867,23.911777696735037,23.865110397338867,23.865110397338867,500,0.45,0.0
2025-01-02 00:00:00-05:00,23.930442810058594,23.930442810058594,23.930442810058594,23.930442810058594,200,0.0,0.0
2025-01-03 00:00:00-05:00,23.753113537856432,23.977111244792884,23.753113537856432,23.87444496154785,1900,0.0,0.0
2025-01-06 00:00:00-05:00,23.874443831020088,23.930442810058594,23.874443831020088,23.930442810058594,500,0.0,0.0
2025-01-07 00:00:00-05:00,23.85577725702996,24.145109176635742,23.753112757333998,24.145109176635742,3000,0.0,0.0
2025-01-08 00:00:00-05:00,24.145109176635742,24.145109176635742,24.145109176635742,24.145109176635742,0,0.0,0.0
2025-01-10 00:00:00-05:00,23.893111078405184,23.893111078405184,23.75311273880139,23.883777618408203,1400,0.0,0.0
2025-01-13 00:00:00-05:00,24.089106452075058,24.098439911318152,23.949108123779297,23.949108123779297,2300,0.0,0.0
2025-01-14 00:00:00-05:00,24.042442321777344,24.154440278799086,24.042442321777344,24.042442321777344,600,0.0,0.0
2025-01-15 00:00:00-05:00,24.042442321777344,24.042442321777344,24.042442321777344,24.042442321777344,0,0.0,0.0
2025-01-16 00:00:00-05:00,24.154441833496094,24.154441833496094,24.154441833496094,24.154441833496094,300,0.0,0.0
2025-01-17 00:00:00-05:00,24.154441833496094,24.154441833496094,24.154441833496094,24.154441833496094,0,0.0,0.0
2025-01-21 00:00:00-05:00,24.229106453981277,25.190431460318994,24.126441955566406,24.126441955566406,3700,0.0,0.0
2025-01-22 00:00:00-05:00,24.415773451642064,24.415773451642064,24.28510856628418,24.28510856628418,1100,0.0,0.0
2025-01-23 00:00:00-05:00,24.28510856628418,24.28510856628418,24.28510856628418,24.28510856628418,0,0.0,0.0
2025-01-24 00:00:00-05:00,24.079774856567383,24.079774856567383,24.079774856567383,24.079774856567383,500,0.0,0.0
2025-01-27 00:00:00-05:00,24.079774856567383,24.079774856567383,24.079774856567383,24.079774856567383,0,0.0,0.0
2025-01-28 00:00:00-05:00,24.21977635705417,24.21977635705417,24.17310905456543,24.17310905456543,1100,0.0,0.0
2025-01-29 00:00:00-05:00,24.17310905456543,24.17310905456543,24.17310905456543,24.17310905456543,0,0.0,0.0
2025-01-30 00:00:00-05:00,24.17310905456543,24.17310905456543,24.17310905456543,24.17310905456543,0,0.0,0.0
2025-01-31 00:00:00-05:00,24.17310905456543,24.17310905456543,24.17310905456543,24.17310905456543,0,0.0,0.0
2025-02-03 00:00:00-05:00,24.59310531616211,24.59310531616211,24.5277728743409,24.59310531616211,1600,0.0,0.0
2025-02-04 00:00:00-05:00,24.59310531616211,24.59310531616211,24.59310531616211,24.59310531616211,0,0.0,0.0
2025-02-05 00:00:00-05:00,24.490439051703454,24.490439051703454,24.014443257849333,24.266441345214844,2800,0.0,0.0
2025-02-06 00:00:00-05:00,24.08910886149369,24.247774124145508,24.08910886149369,24.247774124145508,500,0.0,0.0
2025-02-07 00:00:00-05:00,23.9864444732666,23.9864444732666,23.9864444732666,23.9864444732666,100,0.0,0.0
2025-02-10 00:00:00-05:00,24.40644073486328,24.40644073486328,24.40644073486328,24.40644073486328,100,0.0,0.0
2025-02-11 00:00:00-05:00,24.40644073486328,24.40644073486328,24.40644073486328,24.40644073486328,0,0.0,0.0
2025-02-12 00:00:00-05:00,24.40644073486328,24.40644073486328,24.40644073486328,24.40644073486328,0,0.0,0.0
2025-02-13 00:00:00-05:00,24.09844207763672,24.09844207763672,24.09844207763672,24.09844207763672,100,0.0,0.0
2025-02-14 00:00:00-05:00,24.09844207763672,24.09844207763672,24.09844207763672,24.09844207763672,0,0.0,0.0
2025-02-18 00:00:00-05:00,24.30377438202539,24.30377438202539,24.275774002075195,24.275774002075195,1300,0.0,0.0
2025-02-19 00:00:00-05:00,24.275774002075195,24.275774002075195,24.275774002075195,24.275774002075195,0,0.0,0.0
2025-02-20 00:00:00-05:00,24.275774002075195,24.275774002075195,24.275774002075195,24.275774002075195,0,0.0,0.0
2025-02-21 00:00:00-05:00,24.275774002075195,24.275774002075195,24.275774002075195,24.275774002075195,0,0.0,0.0
2025-02-24 00:00:00-05:00,24.275774002075195,24.275774002075195,24.275774002075195,24.275774002075195,0,0.0,0.0
2025-02-25 00:00:00-05:00,24.546438217163086,24.546438217163086,24.546438217163086,24.546438217163086,600,0.0,0.0
2025-02-26 00:00:00-05:00,24.546438217163086,24.546438217163086,24.546438217163086,24.546438217163086,0,0.0,0.0
2025-02-27 00:00:00-05:00,24.546438217163086,24.546438217163086,24.546438217163086,24.546438217163086,0,0.0,0.0
2025-02-28 00:00:00-05:00,24.546438217163086,24.546438217163086,24.546438217163086,24.546438217163086,0,0.0,0.0
2025-03-03 00:00:00-05:00,24.537105560302734,24.537105560302734,24.537105560302734,24.537105560302734,1000,0.0,0.0
2025-03-04 00:00:00-05:00,24.266440815155484,24.453106456573032,24.266440815155484,24.359773635864258,1300,0.0,0.0
2025-03-05 00:00:00-05:00,24.462438583374023,24.462438583374023,24.462438583374023,24.462438583374023,300,0.0,0.0
2025-03-06 00:00:00-05:00,24.54643801473587,24.59310531616211,24.54643801473587,24.59310531616211,700,0.0,0.0
2025-03-07 00:00:00-05:00,24.59310531616211,24.59310531616211,24.59310531616211,24.59310531616211,0,0.0,0.0
2025-03-10 00:00:00-04:00,24.59310531616211,24.59310531616211,24.59310531616211,24.59310531616211,0,0.0,0.0
2025-03-11 00:00:00-04:00,24.537105560302734,24.537105560302734,24.537105560302734,24.537105560302734,200,0.0,0.0
2025-03-12 00:00:00-04:00,24.83577109758255,25.66642951965332,24.59310645941203,25.66642951965332,4200,0.0,0.0
2025-03-13 00:00:00-04:00,25.414430518839563,27.486412440388467,24.397106478840904,24.677104949951172,5500,0.0,0.0
2025-03-14 00:00:00-04:00,24.705102920532227,24.705102920532227,24.705102920532227,24.705102920532227,500,0.0,0.0
2025-03-17 00:00:00-04:00,24.285107415457208,24.453106134485083,24.079774856567383,24.079774856567383,4100,0.0,0.0
2025-03-18 00:00:00-04:00,24.135774612426758,24.135774612426758,24.135774612426758,24.135774612426758,200,0.0,0.0
2025-03-19 00:00:00-04:00,24.135774612426758,24.135774612426758,24.135774612426758,24.135774612426758,0,0.0,0.0
2025-03-20 00:00:00-04:00,24.135774612426758,24.135774612426758,24.135774612426758,24.135774612426758,0,0.0,0.0
2025-03-21 00:00:00-04:00,24.135774612426758,24.135774612426758,24.135774612426758,24.135774612426758,0,0.0,0.0
2025-03-24 00:00:00-04:00,24.453107503248614,24.499773025512695,24.453107503248614,24.499773025512695,900,0.0,0.0
2025-03-25 00:00:00-04:00,24.294443130493164,24.294443130493164,24.294443130493164,24.294443130493164,400,0.0,0.0
2025-03-26 00:00:00-04:00,24.294443130493164,24.294443130493164,24.294443130493164,24.294443130493164,200,0.0,0.0
2025-03-27 00:00:00-04:00,24.43444061279297,24.43444061279297,24.43444061279297,24.43444061279297,300,0.0,0.0
2025-03-28 00:00:00-04:00,24.43444061279297,24.43444061279297,24.43444061279297,24.43444061279297,0,0.0,0.0
2025-03-31 00:00:00-04:00,24.557891845703125,24.557891845703125,24.557891845703125,24.557891845703125,400,0.45,0.0
2025-04-01 00:00:00-04:00,24.453432263930623,24.510410628058548,24.339473724365234,24.339473724365234,1100,0.0,0.0
2025-04-02 00:00:00-04:00,24.519906997680664,24.519906997680664,24.49141872165056,24.519906997680664,1200,0.0,0.0
2025-04-03 00:00:00-04:00,24.557893492716527,24.662353522450694,24.557893492716527,24.652856826782227,1200,0.0,0.0
2025-04-04 00:00:00-04:00,24.49141873551938,24.500913619995117,24.49141873551938,24.500913619995117,300,0.0,0.0
2025-04-07 00:00:00-04:00,24.500913619995117,24.500913619995117,24.500913619995117,24.500913619995117,0,0.0,0.0
2025-04-08 00:00:00-04:00,25.403078535602653,25.403078535602653,25.156169891357422,25.156169891357422,1000,0.0,0.0
2025-04-09 00:00:00-04:00,24.41544659603812,24.738327026367188,24.41544659603812,24.738327026367188,1500,0.0,0.0
2025-04-10 00:00:00-04:00,24.453432083129883,24.453432083129883,24.453432083129883,24.453432083129883,700,0.0,0.0
2025-04-11 00:00:00-04:00,24.814295818146686,24.814295818146686,24.21601851073984,24.320480346679688,1300,0.0,0.0
2025-04-14 00:00:00-04:00,24.320480346679688,24.320480346679688,24.320480346679688,24.320480346679688,0,0.0,0.0
2025-04-15 00:00:00-04:00,24.557891858090272,24.880772244088615,24.538898468017578,24.538898468017578,2400,0.0,0.0
2025-04-16 00:00:00-04:00,24.538898468017578,24.538898468017578,24.538898468017578,24.538898468017578,0,0.0,0.0
2025-04-17 00:00:00-04:00,24.8142967157069,25.165667205744402,24.785808440372417,24.823793411254883,700,0.0,0.0
2025-04-21 00:00:00-04:00,24.21601997796281,24.519906997680664,24.21601997796281,24.519906997680664,500,0.0,0.0
2025-04-22 00:00:00-04:00,24.643361629771608,24.823793411254883,24.643361629771608,24.823793411254883,500,0.0,0.0
2025-04-23 00:00:00-04:00,24.833290100097656,24.833290100097656,24.833290100097656,24.833290100097656,200,0.0,0.0
2025-04-24 00:00:00-04:00,25.023221976910005,25.023221976910005,25.01372528076172,25.01372528076172,300,0.0,0.0
2025-04-25 00:00:00-04:00,25.01372528076172,25.01372528076172,25.01372528076172,25.01372528076172,0,0.0,0.0
2025-04-28 00:00:00-04:00,24.975738525390625,24.975738525390625,24.975738525390625,24.975738525390625,200,0.0,0.0
2025-04-29 00:00:00-04:00,24.975738525390625,24.975738525390625,24.975738525390625,24.975738525390625,0,0.0,0.0
2025-04-30 00:00:00-04:00,24.975738525390625,24.975738525390625,24.975738525390625,24.975738525390625,0,0.0,0.0
2025-05-01 00:00:00-04:00,24.624370574951172,24.624370574951172,24.624370574951172,24.624370574951172,600,0.0,0.0
2025-05-02 00:00:00-04:00,24.985233306884766,24.985233306884766,24.985233306884766,24.985233306884766,600,0.0,0.0
2025-05-05 00:00:00-04:00,24.985233306884766,24.985233306884766,24.985233306884766,24.985233306884766,0,0.0,0.0
2025-05-06 00:00:00-04:00,24.985233306884766,24.985233306884766,24.985233306884766,24.985233306884766,0,0.0,0.0
2025-05-07 00:00:00-04:00,24.928255081176758,24.928255081176758,24.928255081176758,24.928255081176758,300,0.0,0.0
2025-05-08 00:00:00-04:00,25.023222482644986,25.023222482644986,24.738327026367188,24.738327026367188,1500,0.0,0.0
2025-05-09 00:00:00-04:00,24.928255081176758,24.928255081176758,24.928255081176758,24.928255081176758,200,0.0,0.0
2025-05-12 00:00:00-04:00,24.814297003087912,24.814297003087912,24.69084358215332,24.69084358215332,1000,0.0,0.0
2025-05-13 00:00:00-04:00,24.719333669127224,24.719333669127224,24.69084358215332,24.69084358215332,1700,0.0,0.0
2025-05-14 00:00:00-04:00,24.69084358215332,24.69084358215332,24.69084358215332,24.69084358215332,0,0.0,0.0
2025-05-15 00:00:00-04:00,24.443935078489776,24.614871978759766,24.282494873935843,24.614871978759766,1200,0.0,0.0
2025-05-16 00:00:00-04:00,24.738327026367188,24.738327026367188,24.738327026367188,24.738327026367188,300,0.0,0.0
2025-05-19 00:00:00-04:00,24.918758392333984,24.918758392333984,24.918758392333984,24.918758392333984,200,0.0,0.0
2025-05-20 00:00:00-04:00,24.918758392333984,24.918758392333984,24.918758392333984,24.918758392333984,0,0.0,0.0
2025-05-21 00:00:00-04:00,24.30148696899414,24.30148696899414,24.30148696899414,24.30148696899414,300,0.0,0.0
2025-05-22 00:00:00-04:00,24.30148696899414,24.30148696899414,24.30148696899414,24.30148696899414,0,0.0,0.0
2025-05-23 00:00:00-04:00,24.30148696899414,24.30148696899414,24.30148696899414,24.30148696899414,0,0.0,0.0
2025-05-27 00:00:00-04:00,24.30148696899414,24.30148696899414,24.30148696899414,24.30148696899414,0,0.0,0.0
2025-05-28 00:00:00-04:00,24.30148696899414,24.30148696899414,24.30148696899414,24.30148696899414,0,0.0,0.0
2025-05-29 00:00:00-04:00,24.59587860107422,24.59587860107422,24.59587860107422,24.59587860107422,300,0.0,0.0
2025-05-30 00:00:00-04:00,24.59587860107422,24.59587860107422,24.59587860107422,24.59587860107422,0,0.0,0.0
2025-06-02 00:00:00-04:00,24.81429672241211,24.81429672241211,24.81429672241211,24.81429672241211,300,0.0,0.0
2025-06-03 00:00:00-04:00,24.81429672241211,24.81429672241211,24.81429672241211,24.81429672241211,0,0.0,0.0
2025-06-04 00:00:00-04:00,25.023221969604492,25.023221969604492,25.023221969604492,25.023221969604492,500,0.0,0.0
2025-06-05 00:00:00-04:00,24.77631378173828,24.77631378173828,24.77631378173828,24.77631378173828,200,0.0,0.0
2025-06-06 00:00:00-04:00,24.348970413208008,24.348970413208008,24.348970413208008,24.348970413208008,200,0.0,0.0
2025-06-09 00:00:00-04:00,24.70034027781129,24.70034027781129,24.69084358215332,24.69084358215332,400,0.0,0.0
2025-06-10 00:00:00-04:00,24.310985565185547,24.310985565185547,24.310985565185547,24.310985565185547,300,0.0,0.0
2025-06-11 00:00:00-04:00,24.310985565185547,24.310985565185547,24.310985565185547,24.310985565185547,0,0.0,0.0
2025-06-12 00:00:00-04:00,24.48192217063797,24.48192217063797,24.453432083129883,24.453432083129883,400,0.0,0.0
2025-06-13 00:00:00-04:00,24.453432083129883,24.453432083129883,24.453432083129883,24.453432083129883,200,0.0,0.0
2025-06-16 00:00:00-04:00,24.453432083129883,24.453432083129883,24.453432083129883,24.453432083129883,0,0.0,0.0
2025-06-17 00:00:00-04:00,24.453432083129883,24.453432083129883,24.453432083129883,24.453432083129883,0,0.0,0.0
2025-06-18 00:00:00-04:00,24.69084358215332,24.69084358215332,24.69084358215332,24.69084358215332,400,0.0,0.0
2025-06-20 00:00:00-04:00,24.69084358215332,24.69084358215332,24.69084358215332,24.69084358215332,0,0.0,0.0
2025-06-23 00:00:00-04:00,24.69084358215332,24.69084358215332,24.69084358215332,24.69084358215332,0,0.0,0.0
2025-06-24 00:00:00-04:00,24.719335556030273,24.719335556030273,24.719335556030273,24.719335556030273,400,0.0,0.0
2025-06-25 00:00:00-04:00,24.719335556030273,24.719335556030273,24.719335556030273,24.719335556030273,0,0.0,0.0
2025-06-26 00:00:00-04:00,24.64336177882065,24.747821807861328,24.50091315604881,24.747821807861328,700,0.0,0.0
2025-06-27 00:00:00-04:00,24.86178207397461,24.86178207397461,24.86178207397461,24.86178207397461,500,0.0,0.0
2025-06-30 00:00:00-04:00,25.151657420509316,25.151657420509316,25.074356974038185,25.13233184814453,600,0.45,0.0
2025-07-01 00:00:00-04:00,24.948742753569743,25.122669219970703,24.948742753569743,25.122669219970703,800,0.0,0.0
2025-07-02 00:00:00-04:00,25.035705724374317,25.035705724374317,25.026042938232422,25.026042938232422,600,0.0,0.0
2025-07-03 00:00:00-04:00,25.026042938232422,25.026042938232422,25.026042938232422,25.026042938232422,0,0.0,0.0
2025-07-07 00:00:00-04:00,25.026042938232422,25.026042938232422,25.026042938232422,25.026042938232422,0,0.0,0.0
2025-07-08 00:00:00-04:00,25.026042938232422,25.026042938232422,25.026042938232422,25.026042938232422,300,0.0,0.0
2025-07-09 00:00:00-04:00,25.026042938232422,25.026042938232422,25.026042938232422,25.026042938232422,0,0.0,0.0
2025-07-10 00:00:00-04:00,25.103343963623047,25.103343963623047,25.103343963623047,25.103343963623047,100,0.0,0.0
2025-07-11 00:00:00-04:00,25.103343963623047,25.103343963623047,25.103343963623047,25.103343963623047,0,0.0,0.0
2025-07-14 00:00:00-04:00,25.103343963623047,25.103343963623047,25.103343963623047,25.103343963623047,0,0.0,0.0
2025-07-15 00:00:00-04:00,24.881105422973633,24.881105422973633,24.881105422973633,24.881105422973633,200,0.0,0.0
2025-07-16 00:00:00-04:00,24.881105422973633,24.881105422973633,24.881105422973633,24.881105422973633,600,0.0,0.0
2025-07-17 00:00:00-04:00,24.92941665649414,24.92941665649414,24.92941665649414,24.92941665649414,3600,0.0,0.0
2025-07-18 00:00:00-04:00,24.92941665649414,24.92941665649414,24.92941665649414,24.92941665649414,0,0.0,0.0
2025-07-21 00:00:00-04:00,24.91975609368239,25.11300628846382,24.910093307495117,24.910093307495117,2900,0.0,0.0
2025-07-22 00:00:00-04:00,24.910093307495117,24.910093307495117,24.910093307495117,24.910093307495117,0,0.0,0.0
2025-07-23 00:00:00-04:00,24.968068181630745,24.968068181630745,24.910093307495117,24.910093307495117,1400,0.0,0.0
2025-07-24 00:00:00-04:00,24.813466752921247,24.93907928466797,24.803803966942578,24.93907928466797,1800,0.0,0.0
2025-07-25 00:00:00-04:00,24.93907928466797,24.93907928466797,24.93907928466797,24.93907928466797,0,0.0,0.0
2025-07-28 00:00:00-04:00,25.113007029348612,25.113007029348612,24.977731704711914,24.977731704711914,1000,0.0,0.0
2025-07-29 00:00:00-04:00,24.977731704711914,24.977731704711914,24.977731704711914,24.977731704711914,700,0.0,0.0
2025-07-30 00:00:00-04:00,24.977731704711914,24.977731704711914,24.977731704711914,24.977731704711914,0,0.0,0.0
2025-07-31 00:00:00-04:00,25.12266974055546,25.315921783447266,25.12266974055546,25.315921783447266,200,0.0,0.0
2025-08-01 00:00:00-04:00,25.315921663389815,25.43187141418457,25.315921663389815,25.43187141418457,500,0.0,0.0
2025-08-04 00:00:00-04:00,25.335245513345992,25.335245513345992,25.315921783447266,25.315921783447266,500,0.0,0.0
2025-08-05 00:00:00-04:00,25.4125459619051,25.4125459619051,25.315921783447266,25.315921783447266,800,0.0,0.0
2025-08-06 00:00:00-04:00,25.315921783447266,25.315921783447266,25.315921783447266,25.315921783447266,0,0.0,0.0
2025-08-07 00:00:00-04:00,25.315921783447266,25.315921783447266,25.315921783447266,25.315921783447266,500,0.0,0.0
2025-08-08 00:00:00-04:00,25.315921783447266,25.315921783447266,25.315921783447266,25.315921783447266,200,0.0,0.0
2025-08-11 00:00:00-04:00,25.315922236215233,25.509172439575195,25.315922236215233,25.509172439575195,2700,0.0,0.0
2025-08-12 00:00:00-04:00,25.48018364380655,25.48018364380655,25.084016799926758,25.084016799926758,700,0.0,0.0
2025-08-13 00:00:00-04:00,25.13233226760404,25.412545699618157,24.948743013050482,25.219295501708984,3800,0.0,0.0
2025-08-14 00:00:00-04:00,25.122669219970703,25.122669219970703,25.122669219970703,25.122669219970703,200,0.0,0.0
2025-08-15 00:00:00-04:00,25.122669219970703,25.122669219970703,25.122669219970703,25.122669219970703,0,0.0,0.0
2025-08-18 00:00:00-04:00,25.113006433727534,25.122669219970703,25.0936808612412,25.122669219970703,1900,0.0,0.0
2025-08-19 00:00:00-04:00,25.199970245361328,25.199970245361328,25.199970245361328,25.199970245361328,500,0.0,0.0
2025-08-20 00:00:00-04:00,25.228958129882812,25.228958129882812,25.228958129882812,25.228958129882812,2000,0.0,0.0
2025-08-21 00:00:00-04:00,25.228958129882812,25.228958129882812,25.228958129882812,25.228958129882812,0,0.0,0.0
2025-08-22 00:00:00-04:00,25.3932209518907,25.3932209518907,25.27726936340332,25.27726936340332,800,0.0,0.0
2025-08-25 00:00:00-04:00,25.412544673459365,25.499507904052734,25.267606570133076,25.499507904052734,1600,0.0,0.0
2025-08-26 00:00:00-04:00,25.219295501708984,25.219295501708984,25.219295501708984,25.219295501708984,400,0.0,0.0
2025-08-27 00:00:00-04:00,25.219295501708984,25.219295501708984,25.219295501708984,25.219295501708984,0,0.0,0.0
2025-08-28 00:00:00-04:00,25.267606735229492,25.267606735229492,25.267606735229492,25.267606735229492,600,0.0,0.0
2025-08-29 00:00:00-04:00,25.267606735229492,25.267606735229492,25.267606735229492,25.267606735229492,0,0.0,0.0
2025-09-02 00:00:00-04:00,25.199969666928016,25.199969666928016,25.122669219970703,25.122669219970703,2000,0.0,0.0
2025-09-03 00:00:00-04:00,25.20963271536532,25.296595949470266,25.20963271536532,25.219295501708984,1000,0.0,0.0
2025-09-04 00:00:00-04:00,25.219295501708984,25.219295501708984,25.219295501708984,25.219295501708984,0,0.0,0.0
2025-09-05 00:00:00-04:00,25.219295501708984,25.219295501708984,25.219295501708984,25.219295501708984,0,0.0,0.0
2025-09-08 00:00:00-04:00,25.219295501708984,25.219295501708984,25.219295501708984,25.219295501708984,0,0.0,0.0
2025-09-09 00:00:00-04:00,25.219295501708984,25.219295501708984,25.219295501708984,25.219295501708984,0,0.0,0.0
2025-09-10 00:00:00-04:00,25.132331159299294,25.132331159299294,24.832792167807142,24.948741912841797,5400,0.0,0.0
2025-09-11 00:00:00-04:00,25.354570230850367,25.364233016967773,25.24828142654691,25.364233016967773,800,0.0,0.0
2025-09-12 00:00:00-04:00,25.364233016967773,25.364233016967773,25.364233016967773,25.364233016967773,0,0.0,0.0
2025-09-15 00:00:00-04:00,25.354570388793945,25.354570388793945,25.354570388793945,25.354570388793945,100,0.0,0.0
2025-09-16 00:00:00-04:00,25.354571539691985,25.509172439575195,25.354571539691985,25.509172439575195,900,0.0,0.0
2025-09-17 00:00:00-04:00,25.509172439575195,25.509172439575195,25.509172439575195,25.509172439575195,0,0.0,0.0
2025-09-18 00:00:00-04:00,25.509172439575195,25.509172439575195,25.509172439575195,25.509172439575195,0,0.0,0.0
2025-09-19 00:00:00-04:00,25.33524513244629,25.33524513244629,25.33524513244629,25.33524513244629,800,0.0,0.0
2025-09-22 00:00:00-04:00,25.33524513244629,25.33524513244629,25.33524513244629,25.33524513244629,0,0.0,0.0
2025-09-23 00:00:00-04:00,25.33524513244629,25.33524513244629,25.33524513244629,25.33524513244629,0,0.0,0.0
2025-09-24 00:00:00-04:00,25.33524513244629,25.33524513244629,25.33524513244629,25.33524513244629,0,0.0,0.0
2025-09-25 00:00:00-04:00,25.528497753063604,25.605798202218704,25.412546157836914,25.412546157836914,800,0.0,0.0
2025-09-26 00:00:00-04:00,25.509172439575195,25.509172439575195,25.509172439575195,25.509172439575195,300,0.0,0.0
2025-09-29 00:00:00-04:00,25.509172697163724,25.605798721313477,25.509172697163724,25.605798721313477,700,0.0,0.0
2025-09-30 00:00:00-04:00,25.605796813964844,25.605796813964844,25.340402256403518,25.605796813964844,500,0.45,0.0
2025-10-01 00:00:00-04:00,25.419036832400383,25.419036832400383,25.369888305664062,25.369888305664062,600,0.0,0.0
2025-10-02 00:00:00-04:00,25.369888305664062,25.369888305664062,25.369888305664062,25.369888305664062,0,0.0,0.0
2025-10-03 00:00:00-04:00,25.556650509446296,25.556650509446296,25.06517646118771,25.340402603149414,5800,0.0,0.0
2025-10-06 00:00:00-04:00,25.536991092188764,25.536991092188764,25.438695907592773,25.438695907592773,1000,0.0,0.0
2025-10-07 00:00:00-04:00,25.34040220140726,25.41903797288897,25.34040220140726,25.36005973815918,1700,0.0,0.0
2025-10-08 00:00:00-04:00,25.42886734008789,25.42886734008789,25.42886734008789,25.42886734008789,200,0.0,0.0
2025-10-09 00:00:00-04:00,25.428867707377673,25.5763095447192,25.428867707377673,25.458354949951172,2100,0.0,0.0
2025-10-10 00:00:00-04:00,25.458354949951172,25.458354949951172,25.458354949951172,25.458354949951172,0,0.0,0.0
2025-10-13 00:00:00-04:00,25.458354949951172,25.458354949951172,25.458354949951172,25.458354949951172,0,0.0,0.0
2025-10-14 00:00:00-04:00,25.458354949951172,25.458354949951172,25.458354949951172,25.458354949951172,0,0.0,0.0
2025-10-15 00:00:00-04:00,25.5763088659679,25.743410110473633,25.55664945489084,25.743410110473633,4400,0.0,0.0
2025-10-16 00:00:00-04:00,25.743410110473633,25.743410110473633,25.743410110473633,25.743410110473633,0,0.0,0.0
2025-10-17 00:00:00-04:00,25.743410110473633,25.743410110473633,25.743410110473633,25.743410110473633,0,0.0,0.0
2025-10-20 00:00:00-04:00,25.556650161743164,25.694262293439422,25.556650161743164,25.556650161743164,1500,0.0,0.0
2025-10-21 00:00:00-04:00,25.704091256429653,25.704091256429653,25.69426155090332,25.69426155090332,500,0.0,0.0
2025-10-22 00:00:00-04:00,25.733580004151683,25.822045477796024,25.733580004151683,25.7630672454834,600,0.0,0.0
2025-10-23 00:00:00-04:00,25.7630672454834,25.7630672454834,25.7630672454834,25.7630672454834,0,0.0,0.0
2025-10-24 00:00:00-04:00,26.048123077066656,26.048123077066656,25.71392059326172,25.71392059326172,800,0.0,0.0
2025-10-27 00:00:00-04:00,25.71392059326172,25.71392059326172,25.71392059326172,25.71392059326172,0,0.0,0.0
2025-10-28 00:00:00-04:00,25.772898122166797,25.772898122166797,25.75324058532715,25.75324058532715,1100,0.0,0.0
2025-10-29 00:00:00-04:00,25.851533889770508,25.851533889770508,25.851533889770508,25.851533889770508,200,0.0,0.0
2025-10-30 00:00:00-04:00,25.851533889770508,25.851533889770508,25.851533889770508,25.851533889770508,7400,0.0,0.0
2025-10-31 00:00:00-04:00,25.861363571308953,25.910512100415584,25.654945373535156,25.654945373535156,2400,0.0,0.0
2025-11-03 00:00:00-05:00,25.605796813964844,25.605796813964844,25.605796813964844,25.605796813964844,200,0.0,0.0
2025-11-04 00:00:00-05:00,25.605796813964844,25.605796813964844,25.605796813964844,25.605796813964844,0,0.0,0.0
2025-11-05 00:00:00-05:00,25.605796813964844,25.605796813964844,25.605796813964844,25.605796813964844,0,0.0,0.0
2025-11-06 00:00:00-05:00,25.605796813964844,25.605796813964844,25.605796813964844,25.605796813964844,0,0.0,0.0
2025-11-07 00:00:00-05:00,25.605796813964844,25.605796813964844,25.605796813964844,25.605796813964844,0,0.0,0.0
2025-11-10 00:00:00-05:00,25.704092054059895,25.802387237548828,25.704092054059895,25.802387237548828,800,0.0,0.0
2025-11-11 00:00:00-05:00,25.802387237548828,25.802387237548828,25.802387237548828,25.802387237548828,0,0.0,0.0
2025-11-12 00:00:00-05:00,25.75323978406132,25.75323978406132,25.69426155090332,25.69426155090332,500,0.0,0.0
2025-11-13 00:00:00-05:00,25.69426155090332,25.69426155090332,25.69426155090332,25.69426155090332,0,0.0,0.0
2025-11-14 00:00:00-05:00,25.822046279907227,25.822046279907227,25.822046279907227,25.822046279907227,200,0.0,0.0
2025-11-17 00:00:00-05:00,25.8515331529914,25.8515331529914,25.841705322265625,25.841705322265625,500,0.0,0.0
2025-11-18 00:00:00-05:00,25.841705322265625,25.8515331529914,25.841705322265625,25.841705322265625,700,0.0,0.0
2025-11-19 00:00:00-05:00,25.75324058532715,25.75324058532715,25.75324058532715,25.75324058532715,200,0.0,0.0
2025-11-20 00:00:00-05:00,25.75324058532715,25.75324058532715,25.75324058532715,25.75324058532715,0,0.0,0.0
2025-11-21 00:00:00-05:00,25.75324058532715,25.75324058532715,25.75324058532715,25.75324058532715,0,0.0,0.0
2025-11-24 00:00:00-05:00,25.75324058532715,25.75324058532715,25.75324058532715,25.75324058532715,0,0.0,0.0
2025-11-25 00:00:00-05:00,25.81221734279381,25.831876754760742,25.654945796707803,25.831876754760742,1400,0.0,0.0
2025-11-26 00:00:00-05:00,25.831876754760742,25.831876754760742,25.831876754760742,25.831876754760742,0,0.0,0.0
2025-11-28 00:00:00-05:00,25.831876754760742,25.831876754760742,25.831876754760742,25.831876754760742,0,0.0,0.0
2025-12-01 00:00:00-05:00,25.831876754760742,25.831876754760742,25.831876754760742,25.831876754760742,0,0.0,0.0
2025-12-02 00:00:00-05:00,25.70409205616631,25.75324058532715,25.70409205616631,25.75324058532715,700,0.0,0.0
2025-12-03 00:00:00-05:00,25.75324058532715,25.75324058532715,25.75324058532715,25.75324058532715,0,0.0,0.0
2025-12-04 00:00:00-05:00,25.75324058532715,25.75324058532715,25.75324058532715,25.75324058532715,0,0.0,0.0
2025-12-05 00:00:00-05:00,25.684431509762568,25.86136245727539,25.6549442683935,25.86136245727539,1400,0.0,0.0
2025-12-08 00:00:00-05:00,25.86136245727539,25.86136245727539,25.86136245727539,25.86136245727539,0,0.0,0.0
2025-12-09 00:00:00-05:00,25.704092025756836,25.704092025756836,25.704092025756836,25.704092025756836,200,0.0,0.0
2025-12-10 00:00:00-05:00,25.77289812005474,25.802387237548828,25.77289812005474,25.802387237548828,1200,0.0,0.0
2025-12-11 00:00:00-05:00,25.802387237548828,25.802387237548828,25.802387237548828,25.802387237548828,0,0.0,0.0
2025-12-12 00:00:00-05:00,25.802387237548828,25.802387237548828,25.802387237548828,25.802387237548828,0,0.0,0.0
2025-12-15 00:00:00-05:00,25.812215772291044,25.831875183061825,25.71392059326172,25.71392059326172,400,0.0,0.0
2025-12-16 00:00:00-05:00,25.468183517456055,25.468183517456055,25.468183517456055,25.468183517456055,800,0.0,0.0
2025-12-17 00:00:00-05:00,25.468183517456055,25.468183517456055,25.468183517456055,25.468183517456055,0,0.0,0.0
2025-12-18 00:00:00-05:00,25.468183517456055,25.468183517456055,25.468183517456055,25.468183517456055,0,0.0,0.0
2025-12-19 00:00:00-05:00,25.60579564284765,25.60579564284765,25.468183517456055,25.468183517456055,800,0.0,0.0
2025-12-22 00:00:00-05:00,25.74341082249143,25.74341082249143,25.556650161743164,25.556650161743164,500,0.0,0.0
2025-12-23 00:00:00-05:00,25.556650161743164,25.556650161743164,25.556650161743164,25.556650161743164,0,0.0,0.0
2025-12-24 00:00:00-05:00,25.74341087949498,25.75324058532715,25.74341087949498,25.75324058532715,300,0.0,0.0
2025-12-26 00:00:00-05:00,25.595969065399732,25.9498291015625,25.595969065399732,25.9498291015625,1700,0.0,0.0
2025-12-29 00:00:00-05:00,25.939998626708984,25.939998626708984,25.939998626708984,25.939998626708984,800,0.0,0.0
2025-12-30 00:00:00-05:00,25.939998626708984,25.939998626708984,25.939998626708984,25.939998626708984,0,0.0,0.0
2025-12-31 00:00:00-05:00,26.0,26.469999313354492,26.0,26.469999313354492,600,0.45,0.0
2026-01-02 00:00:00-05:00,26.469999313354492,26.469999313354492,26.469999313354492,26.469999313354492,0,0.0,0.0
2026-01-05 00:00:00-05:00,26.469999313354492,26.469999313354492,26.469999313354492,26.469999313354492,0,0.0,0.0
2026-01-06 00:00:00-05:00,26.139999389648438,26.139999389648438,26.010000228881836,26.139999389648438,1500,0.0,0.0
2026-01-07 00:00:00-05:00,26.139999389648438,26.139999389648438,26.139999389648438,26.139999389648438,0,0.0,0.0
2026-01-08 00:00:00-05:00,26.1200008392334,26.149999618530273,26.040000915527344,26.149999618530273,1400,0.0,0.0
2026-01-09 00:00:00-05:00,25.93000030517578,26.239999771118164,25.90999984741211,26.239999771118164,900,0.0,0.0
2026-01-12 00:00:00-05:00,26.1299991607666,26.1299991607666,26.1299991607666,26.1299991607666,500,0.0,0.0
2026-01-13 00:00:00-05:00,26.219999313354492,26.219999313354492,26.219999313354492,26.219999313354492,200,0.0,0.0
2026-01-14 00:00:00-05:00,26.299999237060547,26.299999237060547,26.299999237060547,26.299999237060547,200,0.0,0.0
2026-01-15 00:00:00-05:00,26.440000534057617,26.5,26.399999618530273,26.399999618530273,1900,0.0,0.0
2026-01-16 00:00:00-05:00,25.969999313354492,25.969999313354492,25.93000030517578,25.93000030517578,1600,0.0,0.0
2026-01-20 00:00:00-05:00,26.0,26.0,26.0,26.0,200,0.0,0.0
2026-01-21 00:00:00-05:00,25.8700008392334,25.90999984741211,25.84000015258789,25.90999984741211,1600,0.0,0.0
2026-01-22 00:00:00-05:00,26.1200008392334,26.1200008392334,25.979999542236328,25.979999542236328,500,0.0,0.0
2026-01-23 00:00:00-05:00,25.979999542236328,25.979999542236328,25.979999542236328,25.979999542236328,0,0.0,0.0
2026-01-26 00:00:00-05:00,26.0,26.200000762939453,26.0,26.1299991607666,1100,0.0,0.0
2026-01-27 00:00:00-05:00,26.049999237060547,26.149999618530273,26.049999237060547,26.149999618530273,200,0.0,0.0
2026-01-28 00:00:00-05:00,26.149999618530273,26.149999618530273,26.149999618530273,26.149999618530273,0,0.0,0.0
2026-01-29 00:00:00-05:00,26.149999618530273,26.149999618530273,26.149999618530273,26.149999618530273,0,0.0,0.0
2026-01-30 00:00:00-05:00,26.25,26.25,26.25,26.25,400,0.0,0.0
2026-02-02 00:00:00-05:00,26.239999771118164,26.239999771118164,26.229999542236328,26.239999771118164,1300,0.0,0.0
2026-02-03 00:00:00-05:00,25.989999771118164,26.110000610351562,25.989999771118164,26.020000457763672,1100,0.0,0.0
2026-02-04 00:00:00-05:00,26.190000534057617,26.190000534057617,26.190000534057617,26.190000534057617,500,0.0,0.0
2026-02-05 00:00:00-05:00,26.200000762939453,26.209999084472656,26.139999389648438,26.209999084472656,1300,0.0,0.0
2026-02-06 00:00:00-05:00,26.209999084472656,26.209999084472656,26.209999084472656,26.209999084472656,0,0.0,0.0
2026-02-09 00:00:00-05:00,26.059999465942383,26.100000381469727,26.059999465942383,26.100000381469727,1100,0.0,0.0
2026-02-10 00:00:00-05:00,26.329999923706055,26.329999923706055,26.309999465942383,26.31999969482422,800,0.0,0.0
2026-02-11 00:00:00-05:00,26.25,26.25,26.25,26.25,500,0.0,0.0
2026-02-12 00:00:00-05:00,26.030000686645508,26.299999237060547,26.030000686645508,26.299999237060547,900,0.0,0.0
2026-02-13 00:00:00-05:00,26.219999313354492,26.219999313354492,26.079999923706055,26.110000610351562,700,0.0,0.0
2026-02-17 00:00:00-05:00,26.270000457763672,26.270000457763672,26.270000457763672,26.270000457763672,300,0.0,0.0
2026-02-18 00:00:00-05:00,26.270000457763672,26.270000457763672,26.270000457763672,26.270000457763672,0,0.0,0.0
2026-02-19 00:00:00-05:00,26.270000457763672,26.270000457763672,26.270000457763672,26.270000457763672,0,0.0,0.0
2026-02-20 00:00:00-05:00,26.270000457763672,26.270000457763672,26.270000457763672,26.270000457763672,0,0.0,0.0
2026-02-23 00:00:00-05:00,26.270000457763672,26.270000457763672,26.270000457763672,26.270000457763672,0,0.0,0.0
2026-02-24 00:00:00-05:00,26.25,26.25,26.139999389648438,26.139999389648438,1100,0.0,0.0
2026-02-25 00:00:00-05:00,26.09000015258789,26.229999542236328,26.020000457763672,26.020000457763672,900,0.0,0.0
2026-02-26 00:00:00-05:00,26.5,26.5,26.15999984741211,26.15999984741211,300,0.0,0.0
2026-02-27 00:00:00-05:00,26.350000381469727,26.350000381469727,26.25,26.25,400,0.0,0.0
2026-03-02 00:00:00-05:00,26.350000381469727,26.3700008392334,26.350000381469727,26.3700008392334,700,0.0,0.0
2026-03-03 00:00:00-05:00,26.3700008392334,26.3700008392334,26.3700008392334,26.3700008392334,0,0.0,0.0
2026-03-04 00:00:00-05:00,26.299999237060547,26.489999771118164,26.299999237060547,26.489999771118164,400,0.0,0.0
2026-03-05 00:00:00-05:00,26.489999771118164,26.489999771118164,26.489999771118164,26.489999771118164,0,0.0,0.0
2026-03-06 00:00:00-05:00,26.290000915527344,26.309999465942383,26.290000915527344,26.290000915527344,700,0.0,0.0
2026-03-09 00:00:00-04:00,26.15999984741211,26.15999984741211,26.15999984741211,26.15999984741211,300,0.0,0.0
2026-03-10 00:00:00-04:00,26.15999984741211,26.15999984741211,26.15999984741211,26.15999984741211,0,0.0,0.0
2026-03-11 00:00:00-04:00,26.229999542236328,26.229999542236328,26.139999389648438,26.190000534057617,2300,0.0,0.0
2026-03-12 00:00:00-04:00,26.1299991607666,26.1299991607666,26.1200008392334,26.1200008392334,300,0.0,0.0
2026-03-13 00:00:00-04:00,26.1200008392334,26.1200008392334,26.1200008392334,26.1200008392334,0,0.0,0.0
2026-03-16 00:00:00-04:00,26.3700008392334,26.5,26.3700008392334,26.5,300,0.0,0.0
2026-03-17 00:00:00-04:00,26.260000228881836,26.5,26.020000457763672,26.079999923706055,600,0.0,0.0
2026-03-18 00:00:00-04:00,26.079999923706055,26.079999923706055,26.079999923706055,26.079999923706055,0,0.0,0.0
2026-03-19 00:00:00-04:00,26.239999771118164,26.239999771118164,26.239999771118164,26.239999771118164,200,0.0,0.0
2026-03-20 00:00:00-04:00,26.079999923706055,26.149999618530273,25.549999237060547,25.549999237060547,1900,0.0,0.0
2026-03-23 00:00:00-04:00,25.579999923706055,26.18000030517578,25.579999923706055,26.18000030517578,800,0.0,0.0
2026-03-24 00:00:00-04:00,26.209999084472656,26.459999084472656,26.209999084472656,26.459999084472656,900,0.0,0.0
2026-03-25 00:00:00-04:00,26.1968994140625,26.315000534057617,26.1968994140625,26.315000534057617,794,0.0,0.0
