Date,Open,High,Low,Close,Volume,Dividends,Stock Splits
2022-01-03 00:00:00-05:00,4.167252495933463,4.606874736302871,4.1306173456297985,4.579398155212402,634300,0.0,0.0
2022-01-04 00:00:00-05:00,4.625191581736532,5.073972320514834,4.625191581736532,5.019019603729248,1050800,0.0,0.0
2022-01-05 00:00:00-05:00,5.110607212892647,5.266306787799291,4.918272495269775,4.918272495269775,886100,0.0,0.0
2022-01-06 00:00:00-05:00,5.073971783064378,5.257147486280473,5.009860068576082,5.211353778839111,588900,0.0,0.0
2022-01-07 00:00:00-05:00,5.229672474474538,5.3945306428429785,5.202195894717088,5.238831043243408,650400,0.0,0.0
2022-01-10 00:00:00-05:00,5.220512729601425,5.2937834530021854,5.101448732116573,5.2663068771362305,444600,0.0,0.0
2022-01-11 00:00:00-05:00,5.43116460763876,5.522752895718174,5.229671334659762,5.476958751678467,580000,0.0,0.0
2022-01-12 00:00:00-05:00,5.486117475983455,5.495276479744524,5.092289485489552,5.165559768676758,1247500,0.0,0.0
2022-01-13 00:00:00-05:00,5.147242197879956,5.348735913370111,5.101448489250621,5.165559768676758,1062800,0.0,0.0
2022-01-14 00:00:00-05:00,5.11060791657413,5.513594978665424,5.11060791657413,5.495277404785156,1264800,0.0,0.0
2022-01-18 00:00:00-05:00,5.6326591218987945,5.64181768997973,5.174719362991988,5.247989654541016,751700,0.0,0.0
2022-01-19 00:00:00-05:00,5.376212414893626,5.376212414893626,5.04649611824649,5.147242546081543,598300,0.0,0.0
2022-01-20 00:00:00-05:00,5.037337113865831,5.376212414893626,5.037337113865831,5.147242546081543,548100,0.0,0.0
2022-01-21 00:00:00-05:00,5.083131910894707,5.1655607772112235,4.927432310360122,4.964067459106445,778800,0.0,0.0
2022-01-24 00:00:00-05:00,4.780890549885475,5.174718993964261,4.72593783514258,5.12892484664917,1047800,0.0,0.0
2022-01-25 00:00:00-05:00,5.073971129087228,5.550228332790263,4.927430585401762,5.5135931968688965,1139300,0.0,0.0
2022-01-26 00:00:00-05:00,5.770040519093618,6.090598228659854,5.513594089405425,5.705928802490234,1990600,0.0,0.0
2022-01-27 00:00:00-05:00,5.861628584540398,6.0905984477120905,5.312101000273407,5.467800140380859,1550500,0.0,0.0
2022-01-28 00:00:00-05:00,5.531911598851669,5.696769735352757,5.238830030568842,5.431164741516113,1496400,0.0,0.0
2022-01-31 00:00:00-05:00,5.431164612370517,5.476958756450121,5.293783053582354,5.41284704208374,822700,0.0,0.0
2022-02-01 00:00:00-05:00,5.3670532339582016,5.824992919254713,5.348735664015354,5.797516345977783,1120800,0.0,0.0
2022-02-02 00:00:00-05:00,5.788359188475816,5.925740778128421,5.687612310901873,5.861629486083984,1331700,0.0,0.0
2022-02-03 00:00:00-05:00,5.907421083455504,6.173026035317828,5.70592783735229,6.099755764007568,3337500,0.0,0.0
2022-02-04 00:00:00-05:00,6.173026639254246,6.5851726107845465,6.02648608229697,6.511902332305908,2561600,0.0,0.0
2022-02-07 00:00:00-05:00,6.401998025128732,6.530221480181326,6.2920925808482915,6.466109752655029,2074200,0.0,0.0
2022-02-08 00:00:00-05:00,6.466109095689405,6.484426667875055,6.136392359622347,6.2371392250061035,1260300,0.0,0.0
2022-02-09 00:00:00-05:00,6.237139163326854,6.429473887736854,6.227980595687283,6.365362167358398,876900,0.0,0.0
2022-02-10 00:00:00-05:00,6.273773892368379,6.804983882088499,6.273773892368379,6.704237461090088,1714700,0.0,0.0
2022-02-11 00:00:00-05:00,6.777507134308315,7.317875642430831,6.73171299308466,7.217129230499268,1399800,0.0,0.0
2022-02-14 00:00:00-05:00,7.189653366597106,7.354511505135167,6.9606835113760175,7.052271366119385,1143300,0.0,0.0
2022-02-15 00:00:00-05:00,6.814142879954581,7.391146577795334,6.649284742960842,7.308717727661133,1317100,0.0,0.0
2022-02-16 00:00:00-05:00,7.372829795862192,7.68422895067002,7.235447790110188,7.290400505065918,967900,0.0,0.0
2022-02-17 00:00:00-05:00,7.244605624624393,7.391146183013916,7.162176778892943,7.391146183013916,728300,0.0,0.0
2022-02-18 00:00:00-05:00,7.235447444552805,7.455258730603126,7.171335728470349,7.308717727661133,816600,0.0,0.0
2022-02-22 00:00:00-05:00,7.565164561999235,7.638434849046868,7.253765405321435,7.299559116363525,1128000,0.0,0.0
2022-02-23 00:00:00-05:00,7.327034950256348,7.51021064932263,7.244605667313863,7.327034950256348,879100,0.0,0.0
2022-02-24 00:00:00-05:00,7.446099589042057,7.501051863630929,7.061430173117326,7.427781581878662,1242600,0.0,0.0
2022-02-25 00:00:00-05:00,7.436941030090192,7.70254603568446,7.253765314758061,7.693387031555176,1083600,0.0,0.0
2022-02-28 00:00:00-05:00,7.711703745338843,8.041419977591012,7.620115466321293,8.032261848449707,1340600,0.0,0.0
2022-03-01 00:00:00-05:00,8.24291407056897,8.307025344946979,7.556004564688223,7.757498264312744,1944200,0.0,0.0
2022-03-02 00:00:00-05:00,7.9498345730865365,8.407774336541737,7.9498345730865365,8.325345039367676,1198000,0.0,0.0
2022-03-03 00:00:00-05:00,8.187961948480234,8.691695823734046,8.032263244607938,8.636743545532227,1196800,0.0,0.0
2022-03-04 00:00:00-05:00,8.65505912691726,8.865711818081888,8.407772172494196,8.819917678833008,1233900,0.0,0.0
2022-03-07 00:00:00-05:00,8.984778804985876,10.312803982993769,8.984778804985876,9.873181343078613,2894500,0.0,0.0
2022-03-08 00:00:00-05:00,10.184580465184776,10.642520239015662,9.433559515606383,10.12962818145752,2540900,0.0,0.0
2022-03-09 00:00:00-05:00,9.497669203691515,9.827385470836745,9.149634929424002,9.763274192810059,2793100,0.0,0.0
2022-03-10 00:00:00-05:00,10.019719715567602,10.798217513293642,9.955608440502145,10.624200820922852,1985500,0.0,0.0
2022-03-11 00:00:00-05:00,10.30364457540314,10.651678896986407,9.964769258626196,10.495979309082031,1475700,0.0,0.0
2022-03-14 00:00:00-04:00,10.239532086940539,10.276167228415522,9.451875235052393,9.653368949890137,1709800,0.0,0.0
2022-03-15 00:00:00-04:00,9.167952968878563,9.726639086318718,9.030570535328891,9.232064247131348,2202000,0.0,0.0
2022-03-16 00:00:00-04:00,9.222905979885791,9.415240703450623,8.49020310292522,8.929824829101562,2365400,0.0,0.0
2022-03-17 00:00:00-04:00,9.177113140067913,9.387765008814204,8.8016018060167,8.993936538696289,2663000,0.0,0.0
2022-03-18 00:00:00-04:00,8.938984257045417,9.113000980207538,8.810760810775434,8.993936538696289,3797400,0.0,0.0
2022-03-21 00:00:00-04:00,9.003094472964692,9.946450014677852,9.003094472964692,9.378604888916016,2424100,0.0,0.0
2022-03-22 00:00:00-04:00,9.378605605849229,9.470193902646292,8.829078445419038,9.204588890075684,2120100,0.0,0.0
2022-03-23 00:00:00-04:00,9.34197035986071,9.671687525970967,9.241223933244088,9.33281135559082,1843200,0.0,0.0
2022-03-24 00:00:00-04:00,9.33281135559082,9.735798808958751,9.21374779388514,9.33281135559082,1479800,0.0,0.0
2022-03-25 00:00:00-04:00,9.296175989659924,10.569248728857437,9.296175989659924,10.51429557800293,2441300,0.0,0.0
2022-03-28 00:00:00-04:00,10.157103690548817,10.175420826166505,9.671687805094987,9.77243423461914,1362800,0.0,0.0
2022-03-29 00:00:00-04:00,9.415240343668781,9.781592641600481,8.938983491843475,9.690004348754883,2279200,0.0,0.0
2022-03-30 00:00:00-04:00,9.864021216446474,10.257848750892967,9.717479783811042,9.854862213134766,1016400,0.0,0.0
2022-03-31 00:00:00-04:00,9.680845936178457,10.294485264759096,9.635052660408862,9.77243423461914,1726600,0.0,0.0
2022-04-01 00:00:00-04:00,9.809067136928958,10.20289550736274,9.644208586803085,10.120466232299805,1127800,0.0,0.0
2022-04-04 00:00:00-04:00,10.404392749834889,10.963079908245687,9.836547458535279,10.193740844726562,2554500,0.0,0.0
2022-04-05 00:00:00-04:00,10.102149919658688,10.41354906719289,9.598416055909285,9.690004348754883,1455500,0.0,0.0
2022-04-06 00:00:00-04:00,9.873178323434844,10.477658504172615,9.744955784157463,10.111307144165039,1920700,0.0,0.0
2022-04-07 00:00:00-04:00,10.202894616412834,10.31280001574927,9.461032079078807,10.0014009475708,1465000,0.0,0.0
2022-04-08 00:00:00-04:00,10.056357371672645,11.118778418438529,10.038040234262471,10.734108924865723,2628900,0.0,0.0
2022-04-11 00:00:00-04:00,10.532616556399853,10.541775563033646,9.992247393319362,10.239535331726074,1454100,0.0,0.0
2022-04-12 00:00:00-04:00,10.486819841833137,10.853172156873825,10.468502706479008,10.70663070678711,1254300,0.0,0.0
2022-04-13 00:00:00-04:00,10.917283044568842,11.320269615692213,10.505137469375446,11.054664611816406,2282900,0.0,0.0
2022-04-14 00:00:00-04:00,10.990551867212908,11.61335008585916,10.78905817174784,11.375221252441406,1340500,0.0,0.0
2022-04-18 00:00:00-04:00,11.494287940423716,11.824004247149896,11.10961847918446,11.43017578125,1772800,0.0,0.0
2022-04-19 00:00:00-04:00,11.35690489583611,11.640827911284834,10.834853885842488,11.338587760925293,1558300,0.0,0.0
2022-04-20 00:00:00-04:00,11.393541135735141,11.668305173449099,10.999713526014238,11.494288444519043,929500,0.0,0.0
2022-04-21 00:00:00-04:00,11.723257035745767,11.78736831720044,10.294484721486304,10.51429557800293,2105200,0.0,0.0
2022-04-22 00:00:00-04:00,10.441023995782187,10.70662896611584,9.99224333443405,10.065513610839844,1468500,0.0,0.0
2022-04-25 00:00:00-04:00,9.53430340579298,9.77243223423396,8.911505200162894,9.62589168548584,2590300,0.0,0.0
2022-04-26 00:00:00-04:00,9.73579770655826,10.35859595117874,9.708321570310481,9.845703125,1666300,0.0,0.0
2022-04-27 00:00:00-04:00,8.92066635881536,9.754116586340816,8.563473903276325,9.277859687805176,2087300,0.0,0.0
2022-04-28 00:00:00-04:00,9.763274365820376,9.973927084206249,8.966459384344768,9.790750503540039,1811900,0.0,0.0
2022-04-29 00:00:00-04:00,9.726639870039902,9.873180445539822,9.259541130545857,9.470193862915039,2099100,0.0,0.0
2022-05-02 00:00:00-04:00,9.396920291166786,9.635049079859222,9.048886109258712,9.406079292297363,1379800,0.0,0.0
2022-05-03 00:00:00-04:00,9.396921692501724,9.909813603994094,9.287016282896216,9.607573509216309,1025800,0.0,0.0
2022-05-04 00:00:00-04:00,9.82738584043852,9.983085413031082,9.177112285252825,9.543463706970215,1778000,0.0,0.0
2022-05-05 00:00:00-04:00,9.680844400313182,9.799908820016212,8.572630357562574,9.030570030212402,1675100,0.0,0.0
2022-05-06 00:00:00-04:00,9.195429278407952,9.323652710765376,8.893189141769646,9.259540557861328,1030400,0.0,0.0
2022-05-09 00:00:00-04:00,9.012256051518063,9.094685361194898,7.858247462944208,7.958993911743164,2151300,0.0,0.0
2022-05-10 00:00:00-04:00,8.087214117099787,8.416930349351956,7.784974019172658,8.032261848449707,2728200,0.0,0.0
2022-05-11 00:00:00-04:00,8.261231077614399,8.902346364215953,8.187959935606608,8.224595069885254,1898200,0.0,0.0
2022-05-12 00:00:00-04:00,8.215438576602399,8.389455280699586,7.876563298712645,8.316184997558594,1408500,0.0,0.0
2022-05-13 00:00:00-04:00,8.444410949763173,8.70085701728532,8.288711333261993,8.398616790771484,1785700,0.0,0.0
2022-05-16 00:00:00-04:00,8.50852015818592,9.021413040690396,8.50852015818592,8.920665740966797,1531100,0.0,0.0
2022-05-17 00:00:00-04:00,8.993936393356202,9.222906267919859,8.783284528014,8.838236808776855,1044400,0.0,0.0
2022-05-18 00:00:00-04:00,9.012254624875178,9.167954213295033,8.06889896297018,8.187962532043457,1957100,0.0,0.0
2022-05-19 00:00:00-04:00,7.8948796027200325,8.343660258137335,7.8948796027200325,8.059738159179688,1148000,0.0,0.0
2022-05-20 00:00:00-04:00,8.17880279811163,8.252073075546734,7.803292407894068,7.8948798179626465,1314300,0.0,0.0
2022-05-23 00:00:00-04:00,7.986467467141036,8.380294958711554,7.8948791908964315,8.261231422424316,1635400,0.0,0.0
2022-05-24 00:00:00-04:00,8.041420841505118,8.233755549344624,7.922356415371078,8.16048526763916,1442700,0.0,0.0
2022-05-25 00:00:00-04:00,8.133009028213463,8.526837442521918,8.133009028213463,8.4077730178833,1113200,0.0,0.0
2022-05-26 00:00:00-04:00,8.51767915018332,8.801601293567355,8.361979572153086,8.38029670715332,1124200,0.0,0.0
2022-05-27 00:00:00-04:00,8.233757037244416,8.609267517205051,8.1421696052874,8.50852108001709,1099200,0.0,0.0
2022-05-31 00:00:00-04:00,8.65505920529318,9.204587134354885,8.307024966680842,8.572629928588867,3631400,0.0,0.0
2022-06-01 00:00:00-04:00,8.673378332136728,8.984777473976902,8.545154899187633,8.719172477722168,2103400,0.0,0.0
2022-06-02 00:00:00-04:00,8.655061669908967,8.96646086015461,8.380297627136292,8.50852108001709,1975700,0.0,0.0
2022-06-03 00:00:00-04:00,8.43524992272748,8.590949501932986,8.242915199794252,8.517679214477539,1217900,0.0,0.0
2022-06-06 00:00:00-04:00,8.590950181331005,8.838237202686653,8.32534514993749,8.618426322937012,1651600,0.0,0.0
2022-06-07 00:00:00-04:00,8.499361003158976,8.829078162294696,8.4077735827496,8.755807876586914,1298800,0.0,0.0
2022-06-08 00:00:00-04:00,8.865714391167202,8.92982568065224,8.490203912553442,8.645902633666992,1129500,0.0,0.0
2022-06-09 00:00:00-04:00,8.471882970049535,8.490200974105885,8.114689752005262,8.23375415802002,1263400,0.0,0.0
2022-06-10 00:00:00-04:00,8.15132469570849,8.297866104374785,7.812449489659311,8.078054428100586,1317500,0.0,0.0
2022-06-13 00:00:00-04:00,7.675069258005569,7.839927824809829,7.244605707711467,7.400305271148682,1565400,0.0,0.0
2022-06-14 00:00:00-04:00,7.68422895067002,7.75749923727766,7.107224788546817,7.290400505065918,1465600,0.0,0.0
2022-06-15 00:00:00-04:00,7.3087180863763965,7.464417227260712,7.10722479793911,7.226288795471191,1421500,0.0,0.0
2022-06-16 00:00:00-04:00,7.03395414352417,7.217130298807962,6.9423662842449545,7.03395414352417,1373100,0.0,0.0
2022-06-17 00:00:00-04:00,7.043113592934904,7.098066311975408,6.539379679975525,6.548538684844971,4991300,0.0,0.0
2022-06-21 00:00:00-04:00,6.795825133705896,7.116382832390541,6.630966564243552,6.81414270401001,2293700,0.0,0.0
2022-06-22 00:00:00-04:00,6.365361431429951,6.58517270679601,6.3012501551890585,6.328726291656494,1632000,0.0,0.0
2022-06-23 00:00:00-04:00,6.365362424604555,6.40199757009412,5.779199660046135,5.9257402420043945,2202600,0.0,0.0
2022-06-24 00:00:00-04:00,6.008168888777453,6.356203170062587,5.916581034945928,6.301250457763672,4192800,0.0,0.0
2022-06-27 00:00:00-04:00,6.438633151619545,6.6218088790477525,6.301251137685698,6.603491306304932,1710200,0.0,0.0
2022-06-28 00:00:00-04:00,6.795826007329205,6.832461152646986,6.438633122118143,6.530220985412598,1161700,0.0,0.0
2022-06-29 00:00:00-04:00,6.695078746111727,6.8690958945131015,6.411156168212228,6.4752678871154785,1133300,0.0,0.0
2022-06-30 00:00:00-04:00,6.246297445528873,6.475267287475638,6.118074019596457,6.328726291656494,1717200,0.0,0.0
2022-07-01 00:00:00-04:00,6.401997311367412,6.475268036110802,6.026486866912348,6.365362167358398,1197700,0.0,0.0
2022-07-05 00:00:00-04:00,6.118074603911575,6.154709747183922,5.458641588283974,5.6692938804626465,2371700,0.0,0.0
2022-07-06 00:00:00-04:00,5.568547151045204,5.69677015555963,5.220512844923537,5.34873628616333,2073800,0.0,0.0
2022-07-07 00:00:00-04:00,5.522753904197674,5.870787802895758,5.449483173009515,5.824994087219238,1420900,0.0,0.0
2022-07-08 00:00:00-04:00,5.9532174846825345,5.9532174846825345,5.742565156217059,5.879947185516357,1086600,0.0,0.0
2022-07-11 00:00:00-04:00,5.742564267486209,5.907422415096328,5.660134975318467,5.889104843139648,1103400,0.0,0.0
2022-07-12 00:00:00-04:00,5.614341680354871,5.779199840196916,5.440324515492237,5.678452968597412,1486800,0.0,0.0
2022-07-13 00:00:00-04:00,5.62349972369698,5.90742230195017,5.62349972369698,5.733405590057373,898000,0.0,0.0
2022-07-14 00:00:00-04:00,5.458641472697449,5.5960234754223706,5.321259469972529,5.586864471435547,919200,0.0,0.0
2022-07-15 00:00:00-04:00,5.7334062521977955,5.852470263023555,5.513594930816765,5.696770668029785,1057900,0.0,0.0
2022-07-18 00:00:00-04:00,5.889105754549414,6.035646789607201,5.779200305800147,5.879947185516357,1091200,0.0,0.0
2022-07-19 00:00:00-04:00,5.852469540553165,6.182186263559434,5.824993401725766,6.136392116546631,1332900,0.0,0.0
2022-07-20 00:00:00-04:00,6.053963514347118,6.218821664322887,5.962375653249469,6.173027515411377,966000,0.0,0.0
2022-07-21 00:00:00-04:00,5.898263995844169,5.907422563690199,5.559388687758921,5.770040988922119,1125400,0.0,0.0
2022-07-22 00:00:00-04:00,5.770041099219429,5.9806934044093545,5.58686493481819,5.650976657867432,1092300,0.0,0.0
2022-07-25 00:00:00-04:00,5.760881675004252,6.21882139757518,5.68761138926896,6.200503826141357,1073200,0.0,0.0
2022-07-26 00:00:00-04:00,6.246298174651052,6.447791466925114,5.980693161927105,6.026486873626709,1712300,0.0,0.0
2022-07-27 00:00:00-04:00,7.262922889944323,7.409463878915817,6.548537261018806,7.143858909606934,2393400,0.0,0.0
2022-07-28 00:00:00-04:00,7.327035820199324,7.5560056895805525,7.143860099384487,7.317876815795898,2228300,0.0,0.0
2022-07-29 00:00:00-04:00,7.455259409994362,7.766657704856874,7.354512106451392,7.473576545715332,1338800,0.0,0.0
2022-08-01 00:00:00-04:00,7.217129622634154,7.345353050337148,7.006477347665317,7.20797061920166,1320900,0.0,0.0
2022-08-02 00:00:00-04:00,7.23544728791658,7.354511277027394,7.024795010177764,7.088906288146973,1129300,0.0,0.0
2022-08-03 00:00:00-04:00,7.207971002036405,7.207971002036405,6.667602435853123,6.859936714172363,1373300,0.0,0.0
2022-08-04 00:00:00-04:00,6.850778500389199,6.850778500389199,6.200504037259548,6.227980613708496,1609200,0.0,0.0
2022-08-05 00:00:00-04:00,6.127233527789374,6.878254828480383,6.127233527789374,6.6676025390625,1244600,0.0,0.0
2022-08-08 00:00:00-04:00,6.630967012307238,6.750031445691986,6.521061583056095,6.612649440765381,823900,0.0,0.0
2022-08-09 00:00:00-04:00,6.76878119439599,7.182072038539736,6.750412741629942,6.897360801696777,959900,0.02,0.0
2022-08-10 00:00:00-04:00,6.878992357556312,6.888176803504791,6.566728640262266,6.814702987670898,948400,0.0,0.0
2022-08-11 00:00:00-04:00,7.02594024022474,7.18207231368683,6.998387341050881,7.126966953277588,737000,0.0,0.0
2022-08-12 00:00:00-04:00,7.062677261415561,7.237177791170254,6.906545185427757,7.200440883636475,944000,0.0,0.0
2022-08-15 00:00:00-04:00,6.833070278167725,6.842254284613964,6.4657008236114875,6.833070278167725,1144000,0.0,0.0
2022-08-16 00:00:00-04:00,6.851439963874883,6.943282234582624,6.557544259671619,6.640202522277832,948700,0.0,0.0
2022-08-17 00:00:00-04:00,6.585097187530978,6.851439992672138,6.5483602790934725,6.722860813140869,594900,0.0,0.0
2022-08-18 00:00:00-04:00,6.860623320171231,7.237177251205562,6.860623320171231,7.163703441619873,778100,0.0,0.0
2022-08-19 00:00:00-04:00,7.0810453594297496,7.209624529338142,6.915729283833245,7.062676906585693,729700,0.0,0.0
2022-08-22 00:00:00-04:00,6.961649870544474,7.13615038334996,6.741228446751296,7.090229034423828,657300,0.0,0.0
2022-08-23 00:00:00-04:00,7.283098582436321,7.668836980840861,7.283098582436321,7.549441814422607,882100,0.0,0.0
2022-08-24 00:00:00-04:00,7.531072278021529,7.797415049258052,7.40249355279644,7.733125686645508,866400,0.0,0.0
2022-08-25 00:00:00-04:00,7.751495211260067,7.889259284120049,7.678021389418895,7.852522373199463,639800,0.0,0.0
2022-08-26 00:00:00-04:00,7.769863829790671,7.907627021900071,7.567810388936806,7.668837547302246,846900,0.0,0.0
2022-08-29 00:00:00-04:00,7.613731633546623,7.870889997131325,7.586179170703227,7.595363616943359,874400,0.0,0.0
2022-08-30 00:00:00-04:00,7.402494193262274,7.512704914080758,6.9616504341113865,7.126966953277588,1031300,0.0,0.0
2022-08-31 00:00:00-04:00,6.860623626685232,7.457599013147867,6.750412907382784,7.301466941833496,1172000,0.0,0.0
2022-09-01 00:00:00-04:00,7.044309098562791,7.163704271947568,6.649386669357531,6.796334743499756,995100,0.0,0.0
2022-09-02 00:00:00-04:00,7.090229930012138,7.283098919162253,6.888176932679802,7.182072639465332,869600,0.0,0.0
2022-09-06 00:00:00-04:00,7.283097212243774,7.430045250166,7.053491368299841,7.117781162261963,1429500,0.0,0.0
2022-09-07 00:00:00-04:00,6.851439121996893,7.016755188957437,6.566727898817848,6.924912929534912,852400,0.0,0.0
2022-09-08 00:00:00-04:00,6.934097818754899,7.025940084062299,6.796334201824567,6.842255115509033,854500,0.0,0.0
2022-09-09 00:00:00-04:00,7.099414541364713,7.338204452860528,7.007572267712477,7.292283535003662,872300,0.0,0.0
2022-09-12 00:00:00-04:00,7.292283683839797,7.567810510420032,7.182072953207702,7.365757942199707,967400,0.0,0.0
2022-09-13 00:00:00-04:00,7.200440762711931,7.393309742994464,6.906545069438912,6.998387336730957,953300,0.0,0.0
2022-09-14 00:00:00-04:00,7.007572267712477,7.420862718116793,7.007572267712477,7.292283535003662,1091300,0.0,0.0
2022-09-15 00:00:00-04:00,7.071861488776417,7.163704198399315,6.8698084910707315,6.970835208892822,1263900,0.0,0.0
2022-09-16 00:00:00-04:00,6.888176708495812,6.9249136159060445,6.722860625149766,6.906545162200928,4863900,0.0,0.0
2022-09-19 00:00:00-04:00,6.612649320824087,7.108597997988969,6.566728406531618,6.961650371551514,855000,0.0,0.0
2022-09-20 00:00:00-04:00,6.823886974582321,6.823886974582321,6.438149442647033,6.520807266235352,1082300,0.0,0.0
2022-09-21 00:00:00-04:00,6.686123730124953,6.7779659988206635,6.456517839416436,6.484070301055908,766300,0.0,0.0
2022-09-22 00:00:00-04:00,6.6585708993570245,6.768781622930801,6.410596552346785,6.438149452209473,643600,0.0,0.0
2022-09-23 00:00:00-04:00,6.070779398066819,6.070779398066819,5.758515270989908,5.850357532501221,876500,0.0,0.0
2022-09-26 00:00:00-04:00,5.850357508647173,6.098331832685859,5.73096235020006,5.8962788581848145,1280200,0.0,0.0
2022-09-27 00:00:00-04:00,6.079964018507159,6.226912089685693,5.978937739623875,6.0524115562438965,910900,0.0,0.0
2022-09-28 00:00:00-04:00,6.153436730540004,6.493253728315688,6.116699828824537,6.447332382202148,864500,0.0,0.0
2022-09-29 00:00:00-04:00,6.364674007628086,6.392226902335208,6.21772640369251,6.373858451843262,754700,0.0,0.0
2022-09-30 00:00:00-04:00,6.254463386937889,6.484069240076307,6.208542479073252,6.364674091339111,3024700,0.0,0.0
2022-10-03 00:00:00-04:00,6.750413528545798,6.915730060650122,6.658571254009235,6.823887348175049,1055700,0.0,0.0
2022-10-04 00:00:00-04:00,6.998387671428895,7.035124580102655,6.75041331891176,6.970835208892822,979500,0.0,0.0
2022-10-05 00:00:00-04:00,7.053492522352672,7.356572653815184,6.9616502573360615,7.3106513023376465,829100,0.0,0.0
2022-10-06 00:00:00-04:00,7.209624876474209,7.5218885898583405,7.209624876474209,7.494336128234863,676700,0.0,0.0
2022-10-07 00:00:00-04:00,7.420862255882811,7.567809884573249,7.329019987951286,7.45759916305542,1247900,0.0,0.0
2022-10-10 00:00:00-04:00,7.41167775525717,7.521888475959189,7.12696694574619,7.209624767303467,589300,0.0,0.0
2022-10-11 00:00:00-04:00,6.989203325899428,7.384125294050902,6.9340979655484185,7.209624767303467,871400,0.0,0.0
2022-10-12 00:00:00-04:00,7.136150953502121,7.227993220753803,6.851439706052666,7.209624767303467,505000,0.0,0.0
2022-10-13 00:00:00-04:00,7.071860948319372,7.678020333050044,7.071860948319372,7.650467872619629,1047200,0.0,0.0
2022-10-14 00:00:00-04:00,7.503520027035145,7.595362726920359,7.2371772484203,7.246361255645752,609700,0.0,0.0
2022-10-17 00:00:00-04:00,7.448415223880172,7.668837557784314,7.310652031582472,7.411678314208984,693200,0.0,0.0
2022-10-18 00:00:00-04:00,7.4392317637055765,7.659653225001898,7.246362328163523,7.485152244567871,782400,0.0,0.0
2022-10-19 00:00:00-04:00,7.540256288639995,8.072941800432316,7.503519386994897,8.027020454406738,1030200,0.0,0.0
2022-10-20 00:00:00-04:00,8.173969430707386,8.302549045949855,7.962732429820088,8.036206245422363,1104700,0.0,0.0
2022-10-21 00:00:00-04:00,8.12805012808371,8.274997780535156,7.962733581137285,8.183155059814453,1151900,0.0,0.0
2022-10-24 00:00:00-04:00,8.137231684847693,8.605627867979512,7.97191605470702,8.578075408935547,1247100,0.0,0.0
2022-10-25 00:00:00-04:00,8.541340078357313,8.688287721497534,8.330102184435463,8.477049827575684,1214100,0.0,0.0
2022-10-26 00:00:00-04:00,8.881155417309637,9.560788604923088,8.780129146462313,9.312814712524414,1673900,0.0,0.0
2022-10-27 00:00:00-04:00,9.321999301652154,9.70773728835692,8.770945660557496,8.844419479370117,1530500,0.0,0.0
2022-10-28 00:00:00-04:00,8.97299862905445,9.349552149665389,8.679102493359576,9.092392921447754,1315600,0.0,0.0
2022-10-31 00:00:00-04:00,8.98218063052569,10.267973919454606,8.98218063052569,10.222052574157715,2946900,0.0,0.0
2022-11-01 00:00:00-04:00,10.369002826680072,10.470029111434194,10.00163372223141,10.121028900146484,1645100,0.0,0.0
2022-11-02 00:00:00-04:00,10.010816004917652,10.029184895715215,9.496499324862828,9.597525596618652,1494000,0.0,0.0
2022-11-03 00:00:00-04:00,9.478128938941893,9.808761914127073,9.285259995376132,9.606708526611328,1484600,0.0,0.0
2022-11-04 00:00:00-04:00,9.689367357223547,10.010815032049756,9.468945944335262,9.551603317260742,1711600,0.0,0.0
2022-11-07 00:00:00-05:00,9.634262502336854,9.845500367124206,9.441393528347065,9.597525596618652,1975500,0.0,0.0
2022-11-08 00:00:00-05:00,9.597526075632844,9.909790227761178,9.395472646159751,9.726105690002441,1890800,0.0,0.0
2022-11-09 00:00:00-05:00,9.49606489579536,9.661694220384337,8.962371380491156,9.045186042785645,1270700,0.02,0.0
2022-11-10 00:00:00-05:00,9.321233702037937,9.70770150280614,9.081991562984447,9.69849967956543,1028000,0.0,0.0
2022-11-11 00:00:00-05:00,9.790517363542294,9.974549463366829,9.339637622054342,9.385645866394043,1785200,0.0,0.0
2022-11-14 00:00:00-05:00,9.385646442892096,9.615686801186188,9.026784045575281,9.035984992980957,1635600,0.0,0.0
2022-11-15 00:00:00-05:00,9.137200338775964,9.2384177475743,8.934764643645252,9.19240951538086,813300,0.0,0.0
2022-11-16 00:00:00-05:00,9.06359110624746,9.109598479119612,8.879558104621294,8.962372779846191,750600,0.0,0.0
2022-11-17 00:00:00-05:00,8.778339763916636,9.054388360776263,8.695525097105318,9.017581939697266,898700,0.0,0.0
2022-11-18 00:00:00-05:00,8.805942872489112,8.962370355028417,8.55749979156643,8.879555702209473,715000,0.0,0.0
2022-11-21 00:00:00-05:00,8.603508741420375,8.667919753371827,8.033007947580403,8.649516105651855,1456000,0.0,0.0
2022-11-22 00:00:00-05:00,8.851951081380006,8.989975794803053,8.741531837162057,8.769136428833008,757700,0.0,0.0
2022-11-23 00:00:00-05:00,8.539095878601074,8.65871694254314,8.382668400948688,8.539095878601074,677000,0.0,0.0
2022-11-25 00:00:00-05:00,8.557502112331695,8.557502112331695,8.391872761775694,8.410276412963867,270000,0.0,0.0
2022-11-28 00:00:00-05:00,8.088219464517477,8.401074511620408,8.060614865518506,8.189436912536621,639700,0.0,0.0
2022-11-29 00:00:00-05:00,8.327462154939136,8.43788143499764,8.235445649456498,8.382671356201172,597200,0.0,0.0
2022-11-30 00:00:00-05:00,8.557501153383468,8.621912170255438,8.207839717800525,8.520694732666016,1109200,0.0,0.0
2022-12-01 00:00:00-05:00,8.677120332146684,8.769135924940496,8.299854383363627,8.30905532836914,687600,0.0,0.0
2022-12-02 00:00:00-05:00,8.235443967353564,8.62191180738886,8.235443967353564,8.502290725708008,676400,0.0,0.0
2022-12-05 00:00:00-05:00,8.677120550191308,8.71392696374055,7.802966692712118,7.940991401672363,1484300,0.0,0.0
2022-12-06 00:00:00-05:00,7.922588165695492,8.115822066201927,7.710951496230149,7.747757911682129,799900,0.0,0.0
2022-12-07 00:00:00-05:00,7.812170330055401,7.922589596350768,7.46250888135291,7.554525375366211,1050400,0.0,0.0
2022-12-08 00:00:00-05:00,7.821371131174029,7.894983965735283,7.407298717383422,7.471709728240967,1007800,0.0,0.0
2022-12-09 00:00:00-05:00,7.517718096164353,7.646540997588867,7.241669523131378,7.287677764892578,1046500,0.0,0.0
2022-12-12 00:00:00-05:00,7.296880141445146,7.7845659030629415,7.287678755102938,7.701751232147217,1211600,0.0,0.0
2022-12-13 00:00:00-05:00,7.839773983795479,8.11582164664773,7.784563924704558,7.940991401672363,2479800,0.0,0.0
2022-12-14 00:00:00-05:00,7.940992637361031,8.014605475914323,7.710952297498432,7.821371555328369,1242800,0.0,0.0
2022-12-15 00:00:00-05:00,7.756960687523588,7.968597382979012,7.637339603231025,7.885782718658447,1187200,0.0,0.0
2022-12-16 00:00:00-05:00,7.637340034360778,7.7293556507179435,7.444106099216114,7.692549228668213,5022500,0.0,0.0
2022-12-19 00:00:00-05:00,7.839774545301907,7.9962011559393025,7.683347057130331,7.812169075012207,1310800,0.0,0.0
2022-12-20 00:00:00-05:00,7.784563747350603,8.115821461746805,7.710950921929224,7.931789398193359,1405500,0.0,0.0
2022-12-21 00:00:00-05:00,8.1802342156602,8.244645225398454,7.977798485367438,8.088217735290527,1296200,0.0,0.0
2022-12-22 00:00:00-05:00,8.161830980938824,8.217041047456885,7.664943892413228,7.784564971923828,873800,0.0,0.0
2022-12-23 00:00:00-05:00,7.848975588356736,8.106621382378139,7.793766402162287,8.088217735290527,1054400,0.0,0.0
2022-12-27 00:00:00-05:00,8.161831677088491,8.235444520368432,7.977799568888644,8.152629852294922,991000,0.0,0.0
2022-12-28 00:00:00-05:00,8.125024749536493,8.143428397977713,7.701750488265241,7.793766975402832,862000,0.0,0.0
2022-12-29 00:00:00-05:00,7.775361719077221,8.180233125717248,7.729353485022572,8.134224891662598,768900,0.0,0.0
2022-12-30 00:00:00-05:00,8.01460558136632,8.198637680170947,8.005403757042522,8.180234909057617,1799100,0.0,0.0
2023-01-03 00:00:00-05:00,8.161831475583364,8.235444317045898,7.729355373840267,7.922589302062988,1254500,0.0,0.0
2023-01-04 00:00:00-05:00,7.77536209134403,8.069814276871048,7.738555677844917,7.9685959815979,699100,0.0,0.0
2023-01-05 00:00:00-05:00,7.904186898653567,8.244646525660482,7.8949850736585425,8.161831855773926,1156200,0.0,0.0
2023-01-06 00:00:00-05:00,8.391871778085564,8.9255653145019,8.309057112515049,8.465484619140625,1541200,0.0,0.0
2023-01-09 00:00:00-05:00,8.741532196094209,9.017580756740863,8.695523956397404,8.787540435791016,1121400,0.0,0.0
2023-01-10 00:00:00-05:00,8.879554340236314,8.980772623727255,8.594304888205883,8.907159805297852,1003100,0.0,0.0
2023-01-11 00:00:00-05:00,8.989975352072504,9.054386355310713,8.750733229281863,8.851950645446777,746000,0.0,0.0
2023-01-12 00:00:00-05:00,8.9623692319477,9.505264441255402,8.943966465590748,9.19240951538086,1045900,0.0,0.0
2023-01-13 00:00:00-05:00,9.201613679395553,9.256823747587003,8.759936644001014,8.999177932739258,1212600,0.0,0.0
2023-01-17 00:00:00-05:00,9.072789252305428,9.192410315405496,8.769136121949147,8.80594253540039,920400,0.0,0.0
2023-01-18 00:00:00-05:00,8.90716041567167,9.017579650882384,8.134224891662598,8.134224891662598,1290600,0.0,0.0
2023-01-19 00:00:00-05:00,8.06061228144782,8.088216871597313,7.766160102228208,7.931789398193359,1703800,0.0,0.0
2023-01-20 00:00:00-05:00,7.9593939883428515,8.042208636325427,7.738555512078716,7.931789398193359,1123700,0.0,0.0
2023-01-23 00:00:00-05:00,7.968595821211318,8.014604056542716,7.766160112273631,7.904184818267822,1044900,0.0,0.0
2023-01-24 00:00:00-05:00,7.95019305359922,8.115821472244509,7.7201527544763335,7.904184818267822,1932600,0.0,0.0
2023-01-25 00:00:00-05:00,8.18943583873966,9.10959720837487,8.06061380861266,8.833549499511719,3524900,0.0,0.0
2023-01-26 00:00:00-05:00,9.109595499880685,9.256822028538934,8.401071834462192,8.741531372070312,3295900,0.0,0.0
2023-01-27 00:00:00-05:00,8.750735240217047,8.934767347141495,8.548299483832999,8.695525169372559,1456700,0.0,0.0
2023-01-30 00:00:00-05:00,8.7047257544879,8.999177083635068,8.539096443075527,8.84274959564209,1536600,0.0,0.0
2023-01-31 00:00:00-05:00,8.888759037027347,9.358041564456567,8.805944370124038,9.12800121307373,1665500,0.0,0.0
2023-02-01 00:00:00-05:00,9.045186026424012,9.109597040299104,8.557500755224938,8.93476676940918,1174600,0.0,0.0
2023-02-02 00:00:00-05:00,8.824346243006637,9.00837831155823,8.299854628251063,8.539095878601074,1583600,0.0,0.0
2023-02-03 00:00:00-05:00,8.557500376117934,8.861153538840107,8.4470811239948,8.529895782470703,1480400,0.0,0.0
2023-02-06 00:00:00-05:00,8.603509867487674,8.732331908251403,8.53909796957147,8.658719062805176,1070600,0.0,0.0
2023-02-07 00:00:00-05:00,8.71392770932329,8.796742366278416,8.419475498201264,8.631113052368164,988300,0.0,0.0
2023-02-08 00:00:00-05:00,8.631112691757583,8.713927345252687,8.474685207941087,8.612709045410156,775800,0.0,0.0
2023-02-09 00:00:00-05:00,8.649675128288436,8.677399081560603,8.28927254875594,8.316995620727539,1057900,0.04,0.0
2023-02-10 00:00:00-05:00,8.446370697194771,8.889943335698408,8.437129380234156,8.880702018737793,1125500,0.0,0.0
2023-02-13 00:00:00-05:00,8.797533673433911,9.167177575132571,8.686639621623733,9.074766159057617,988200,0.0,0.0
2023-02-14 00:00:00-05:00,8.954631510861928,9.222623555135591,8.825256588226715,8.85297966003418,937400,0.0,0.0
2023-02-15 00:00:00-05:00,8.714364481223681,8.742087556408192,8.464854160661076,8.695881843566895,1075900,0.0,0.0
2023-02-16 00:00:00-05:00,8.6311940909804,8.788292980702362,8.538782668331962,8.594229698181152,1001100,0.0,0.0
2023-02-17 00:00:00-05:00,8.50181684267641,8.52953991227837,8.159896046583935,8.344717979431152,978700,0.0,0.0
2023-02-21 00:00:00-05:00,8.31699548381035,8.353959872930819,8.09520914908754,8.132173538208008,1133900,0.0,0.0
2023-02-22 00:00:00-05:00,8.085967640985409,8.141414664010115,7.7070824411016075,7.928868770599365,1947800,0.0,0.0
2023-02-23 00:00:00-05:00,8.141414512071938,8.224583723106061,7.9565916929725065,8.067484855651855,877400,0.0,0.0
2023-02-24 00:00:00-05:00,7.984314316762327,8.132171842411568,7.836455909812717,8.122930526733398,830500,0.0,0.0
2023-02-27 00:00:00-05:00,8.178379405781145,8.363201355018454,8.076726672725197,8.353960037231445,997900,0.0,0.0
2023-02-28 00:00:00-05:00,8.437128725205438,8.474093108877625,8.067484007183152,8.104449272155762,1259500,0.0,0.0
2023-03-01 00:00:00-05:00,8.104448639919582,8.474092447805159,8.104448639919582,8.437128067016602,872300,0.0,0.0
2023-03-02 00:00:00-05:00,8.390923417124938,8.871461308603683,8.298512012978883,8.816014289855957,1045500,0.0,0.0
2023-03-03 00:00:00-05:00,8.72360444610051,9.037802218837077,8.62195258839776,8.982356071472168,977100,0.0,0.0
2023-03-06 00:00:00-05:00,8.926906983139085,9.000835750102109,8.677397614963985,8.797532081604004,1043500,0.0,0.0
2023-03-07 00:00:00-05:00,8.76980657225069,8.788289201352292,8.612707750088116,8.705119132995605,736200,0.0,0.0
2023-03-08 00:00:00-05:00,8.621951787688092,8.769809341997341,8.363201067646905,8.55726432800293,901600,0.0,0.0
2023-03-09 00:00:00-05:00,8.548022934756005,8.60346995778071,7.919627453211825,7.928868770599365,1376100,0.0,0.0
2023-03-10 00:00:00-05:00,7.938109733877169,8.196860440081988,7.771769553523823,7.808733940124512,1133600,0.0,0.0
2023-03-13 00:00:00-04:00,7.522260322222091,7.882662878820233,7.392884525753225,7.457571983337402,1750500,0.0,0.0
2023-03-14 00:00:00-04:00,7.485296317774247,7.623912557203172,7.198821639973762,7.328197002410889,1668400,0.0,0.0
2023-03-15 00:00:00-04:00,7.041722115651059,7.337437643163134,6.856900186362411,7.08792781829834,3328100,0.0,0.0
2023-03-16 00:00:00-04:00,6.8661416181808335,7.226545070436624,6.727525380321208,7.21730375289917,1568900,0.0,0.0
2023-03-17 00:00:00-04:00,7.171098107243435,7.171098107243435,6.893864764911248,7.06020450592041,3217200,0.0,0.0
2023-03-20 00:00:00-04:00,7.069445612397785,7.448331227719655,7.069445612397785,7.337437629699707,1565300,0.0,0.0
2023-03-21 00:00:00-04:00,7.586948131409843,7.744047005366606,7.439090575050665,7.577706813812256,1463000,0.0,0.0
2023-03-22 00:00:00-04:00,7.577706615129179,7.6331536379603575,7.318955898284912,7.318955898284912,1883400,0.0,0.0
2023-03-23 00:00:00-04:00,7.392884428588984,7.5130189063096156,7.013999242631879,7.06020450592041,1688500,0.0,0.0
2023-03-24 00:00:00-04:00,6.86614083716294,7.198820739614575,6.8199355766823,7.115650653839111,1638600,0.0,0.0
2023-03-27 00:00:00-04:00,7.2542679987487135,7.383643357170847,7.069446058145666,7.318955898284912,1544100,0.0,0.0
2023-03-28 00:00:00-04:00,7.226544831614579,7.559224760913912,7.217303514382531,7.476054668426514,854600,0.0,0.0
2023-03-29 00:00:00-04:00,7.605429206351391,7.605429206351391,7.245026665224947,7.337437629699707,1618000,0.0,0.0
2023-03-30 00:00:00-04:00,7.429849063021358,7.429849063021358,6.977035088195929,7.032481670379639,1464900,0.0,0.0
2023-03-31 00:00:00-04:00,7.013998591070289,7.152614808709454,6.9770342076131495,7.106409549713135,1167300,0.0,0.0
2023-04-03 00:00:00-04:00,7.531501183403393,7.790252790953124,7.476055039857423,7.633153915405273,1918900,0.0,0.0
2023-04-04 00:00:00-04:00,7.63315342412946,7.744046585384789,7.2265447255429995,7.38364315032959,1203600,0.0,0.0
2023-04-05 00:00:00-04:00,7.31895615248438,7.374402736591046,7.13413376481188,7.365161418914795,911000,0.0,0.0
2023-04-06 00:00:00-04:00,7.365160790818835,7.392884300833066,7.17109798332019,7.1803388595581055,819700,0.0,0.0
2023-04-10 00:00:00-04:00,7.180339194520411,7.402125963029866,7.180339194520411,7.281991481781006,1304800,0.0,0.0
2023-04-11 00:00:00-04:00,7.3189555283287735,7.3189555283287735,7.143374473305959,7.1803388595581055,1318800,0.0,0.0
2023-04-12 00:00:00-04:00,7.208061874435331,7.2173027500384705,6.930828555937737,7.161856174468994,1765800,0.0,0.0
2023-04-13 00:00:00-04:00,7.198820771679691,7.374401819848735,7.124892002061193,7.152615070343018,1095700,0.0,0.0
2023-04-14 00:00:00-04:00,7.152615257720888,7.198820960268018,6.986275521721648,7.069445610046387,901700,0.0,0.0
2023-04-17 00:00:00-04:00,7.078686423982466,7.143374318850146,6.958552391585681,6.995516777038574,1001100,0.0,0.0
2023-04-18 00:00:00-04:00,7.032481239511745,7.097168694437654,6.93082895807787,7.08792781829834,1758300,0.0,0.0
2023-04-19 00:00:00-04:00,7.032481402084086,7.328196495782072,7.032481402084086,7.291232109069824,1888600,0.0,0.0
2023-04-20 00:00:00-04:00,7.2173028500878065,7.2173028500878065,6.866140759296285,7.023239612579346,1432300,0.0,0.0
2023-04-21 00:00:00-04:00,7.069445717249922,7.069445717249922,6.856900275480439,6.930829048156738,927800,0.0,0.0
2023-04-24 00:00:00-04:00,6.921587317902219,7.300472916217246,6.8938642501293,7.25426721572876,1197800,0.0,0.0
2023-04-25 00:00:00-04:00,7.115651412070311,7.115651412070311,6.801454109110892,6.856900691986084,1640500,0.0,0.0
2023-04-26 00:00:00-04:00,6.662837160903389,7.309714375483226,6.4687739083993865,6.829176902770996,2790600,0.0,0.0
2023-04-27 00:00:00-04:00,6.653596476264322,6.940071164353605,6.653596476264322,6.709043502807617,1919600,0.0,0.0
2023-04-28 00:00:00-04:00,6.718283741525925,6.893864800489081,6.709042865080629,6.829176902770996,1747700,0.0,0.0
2023-05-01 00:00:00-04:00,6.718283517238862,6.85690018449267,6.607390359695912,6.8199357986450195,1190900,0.0,0.0
2023-05-02 00:00:00-04:00,6.681319384866585,6.709042895629214,6.265469807978933,6.311675071716309,1808600,0.0,0.0
2023-05-03 00:00:00-04:00,6.19153988430104,6.394844431561191,6.19153988430104,6.283951282501221,1584400,0.0,0.0
2023-05-04 00:00:00-04:00,6.302434195228935,6.385603846216313,6.1638175227162995,6.311675071716309,1303000,0.0,0.0
2023-05-05 00:00:00-04:00,6.561184324962435,6.6535952849041164,6.43180898104408,6.468773365020752,1143100,0.0,0.0
2023-05-08 00:00:00-04:00,6.635112785910247,6.699800675201434,6.385602985287374,6.422567367553711,1164100,0.0,0.0
2023-05-09 00:00:00-04:00,6.394685070484726,6.599166080724163,6.320328339488567,6.496925354003906,827900,0.04,0.0
2023-05-10 00:00:00-04:00,6.571282375355065,6.617755109546184,6.36680092667073,6.543398380279541,1326100,0.0,0.0
2023-05-11 00:00:00-04:00,6.394684954200556,6.459746871038538,6.320328224556537,6.376095771789551,1017500,0.0,0.0
2023-05-12 00:00:00-04:00,6.459746052222512,6.515514035587629,6.320327423412755,6.3296217918396,1199600,0.0,0.0
2023-05-15 00:00:00-04:00,6.4132737904922985,6.636343967385435,6.366800615372373,6.441157341003418,1066800,0.0,0.0
2023-05-16 00:00:00-04:00,6.394684320269,6.441157050088943,6.292443605543486,6.338916778564453,1036000,0.0,0.0
2023-05-17 00:00:00-04:00,6.4132741046804,6.719995834535369,6.3853901096021906,6.627049922943115,1754300,0.0,0.0
2023-05-18 00:00:00-04:00,6.534103221117292,6.747879013525991,6.403978517424335,6.719995021820068,975300,0.0,0.0
2023-05-19 00:00:00-04:00,6.775762880319611,6.82223605427887,6.654932982586364,6.738584518432617,1074100,0.0,0.0
2023-05-22 00:00:00-04:00,6.757173218517507,6.850119116620712,6.719994859276225,6.794351577758789,830000,0.0,0.0
2023-05-23 00:00:00-04:00,6.822236986200426,6.989539637545539,6.775763805892904,6.933772087097168,1121300,0.0,0.0
2023-05-24 00:00:00-04:00,6.989539472962699,7.008128656007769,6.8222368255570665,6.952361106872559,864700,0.0,0.0
2023-05-25 00:00:00-04:00,6.8129415794925725,6.822236392024993,6.5991657664585155,6.645638942718506,1012900,0.0,0.0
2023-05-26 00:00:00-04:00,6.701406497897459,6.710700867242121,6.515514678993654,6.589871406555176,1083100,0.0,0.0
2023-05-30 00:00:00-04:00,6.45045218263844,6.478335733276348,6.2180871923843215,6.357506275177002,1221600,0.0,0.0
2023-05-31 00:00:00-04:00,6.236676223090713,6.329622128304971,6.078667962625956,6.180908679962158,1806700,0.0,0.0
2023-06-01 00:00:00-04:00,6.18090956807409,6.515515318124712,6.162320384360227,6.487631320953369,1104200,0.0,0.0
2023-06-02 00:00:00-04:00,6.589871830993651,6.878004390453031,6.450452736235607,6.812942028045654,1846500,0.0,0.0
2023-06-05 00:00:00-04:00,6.887299604309117,6.961656345770845,6.580577824178917,6.747880935668945,1280600,0.0,0.0
2023-06-06 00:00:00-04:00,6.627049113615973,6.915181625964362,6.599165121943091,6.8315300941467285,980000,0.0,0.0
2023-06-07 00:00:00-04:00,6.887298582639426,7.082485221622825,6.785058299896558,7.054601669311523,1603800,0.0,0.0
2023-06-08 00:00:00-04:00,7.045307145475346,7.166137058984819,6.961655598707082,7.101074695587158,1651400,0.0,0.0
2023-06-09 00:00:00-04:00,7.054601171792611,7.166136259574057,6.93377127176219,7.082484722137451,1226300,0.0,0.0
2023-06-12 00:00:00-04:00,6.952361270579958,7.184726285715383,6.933772087097168,6.933772087097168,1804800,0.0,0.0
2023-06-13 00:00:00-04:00,7.091779699833884,7.398501419989037,6.980244609450383,7.147547245025635,1678000,0.0,0.0
2023-06-14 00:00:00-04:00,7.24049366567169,7.277672031761831,6.933771923827488,6.952361106872559,1223700,0.0,0.0
2023-06-15 00:00:00-04:00,6.952361054649221,7.361323521769891,6.943066241595964,7.259082794189453,1849500,0.0,0.0
2023-06-16 00:00:00-04:00,6.933770983491912,7.008127705588175,6.794351907960906,6.840825080871582,6155000,0.0,0.0
2023-06-20 00:00:00-04:00,6.729289874424242,6.850119775175213,6.422568159595657,6.441157341003418,2094000,0.0,0.0
2023-06-21 00:00:00-04:00,6.422568305404991,6.7292900271969724,6.403979123575206,6.617754936218262,1176000,0.0,0.0
2023-06-22 00:00:00-04:00,6.496925537479902,6.561987900539469,6.394685251073413,6.534104347229004,1544400,0.0,0.0
2023-06-23 00:00:00-04:00,6.441157206499924,6.599165466766908,6.376095294531897,6.515514373779297,5277800,0.0,0.0
2023-06-26 00:00:00-04:00,6.515514031505324,6.682816651892816,6.38538932800293,6.38538932800293,1614200,0.0,0.0
2023-06-27 00:00:00-04:00,6.403979141934152,6.552693040199821,6.311033232518769,6.506219863891602,1094600,0.0,0.0
2023-06-28 00:00:00-04:00,6.469041173004195,6.62704943262084,6.422567999045993,6.599165439605713,1244200,0.0,0.0
2023-06-29 00:00:00-04:00,6.617754936218262,6.775763203371962,6.589871385074112,6.617754936218262,1095100,0.0,0.0
2023-06-30 00:00:00-04:00,6.710700857641227,6.710700857641227,6.5526930333995805,6.645638942718506,1108700,0.0,0.0
2023-07-03 00:00:00-04:00,6.692112296620052,6.747880290586187,6.617755562266666,6.654933929443359,779100,0.0,0.0
2023-07-05 00:00:00-04:00,6.701406322006677,6.896592948333166,6.524808877082661,6.803647041320801,1986400,0.0,0.0
2023-07-06 00:00:00-04:00,6.645639559249735,6.766469474174534,6.469042093559895,6.654933929443359,1793800,0.0,0.0
2023-07-07 00:00:00-04:00,6.664228220048049,7.342734032597457,6.664228220048049,7.268377304077148,1530400,0.0,0.0
2023-07-10 00:00:00-04:00,7.20331541168697,7.296261328358842,7.073191128346349,7.156842231750488,1402100,0.0,0.0
2023-07-11 00:00:00-04:00,7.221904222967547,7.528626396984827,7.156841863048536,7.500741958618164,1584500,0.0,0.0
2023-07-12 00:00:00-04:00,7.621571583369831,7.6587499467461875,7.4635633174197915,7.565804481506348,1301900,0.0,0.0
2023-07-13 00:00:00-04:00,7.575099136248434,7.733107417398349,7.537920769295641,7.695929050445557,1624700,0.0,0.0
2023-07-14 00:00:00-04:00,7.649455134301572,7.649455134301572,7.528626118129992,7.565804481506348,1302500,0.0,0.0
2023-07-17 00:00:00-04:00,7.565803673048143,8.077005893247039,7.537919238693943,7.826052188873291,1793800,0.0,0.0
2023-07-18 00:00:00-04:00,7.844641405218067,8.151363997061939,7.844641405218067,8.104890823364258,1232500,0.0,0.0
2023-07-19 00:00:00-04:00,8.104890823364258,8.207131096377507,8.011944475968894,8.104890823364258,1164000,0.0,0.0
2023-07-20 00:00:00-04:00,8.151364605131977,8.169953344156484,7.798169699645091,8.002650260925293,1657500,0.0,0.0
2023-07-21 00:00:00-04:00,8.002650261962431,8.114185355330303,7.891115168594558,8.086301803588867,1046300,0.0,0.0
2023-07-24 00:00:00-04:00,8.151364926122001,8.485970219358572,8.142070113042667,8.383729934692383,2021700,0.0,0.0
2023-07-25 00:00:00-04:00,8.411612503137727,8.458085676693592,8.290782606453297,8.327960968017578,1588100,0.0,0.0
2023-07-26 00:00:00-04:00,7.212608537917005,8.337254974593243,6.933770409920868,7.835346698760986,3594000,0.0,0.0
2023-07-27 00:00:00-04:00,7.8446415671216085,7.928293104223485,7.602982654429842,7.668044567108154,1884400,0.0,0.0
2023-07-28 00:00:00-04:00,7.695928310122543,7.770285036875256,7.547214856617119,7.565804481506348,1397700,0.0,0.0
2023-07-31 00:00:00-04:00,7.6494555462936225,7.788875081265532,7.6215719938601,7.733107089996338,1064100,0.0,0.0
2023-08-01 00:00:00-04:00,7.686634185895046,7.714517736107864,7.519331111813978,7.58439302444458,1342600,0.0,0.0
2023-08-02 00:00:00-04:00,7.482153112911079,7.537920216046119,7.36132320758233,7.491447925567627,1244700,0.0,0.0
2023-08-03 00:00:00-04:00,7.482152299994731,7.779579181472615,7.417089948070937,7.75169563293457,1335900,0.0,0.0
2023-08-04 00:00:00-04:00,7.75169676033522,7.8818205967058885,7.705223581744772,7.76099157333374,1069200,0.0,0.0
2023-08-07 00:00:00-04:00,7.510037072071346,7.686634976521768,7.4821535189905,7.575098991394043,1672400,0.0,0.0
2023-08-08 00:00:00-04:00,7.435678484898498,7.658748626708984,7.333437781634871,7.658748626708984,921200,0.0,0.0
2023-08-09 00:00:00-04:00,7.752149295753468,7.985647763151308,7.658749552503946,7.882907867431641,1577500,0.04,0.0
2023-08-10 00:00:00-04:00,7.854888449890305,7.985647914777212,7.686769265139422,7.7801690101623535,1015100,0.0,0.0
2023-08-11 00:00:00-04:00,7.780170559624771,7.9202693143345995,7.780170559624771,7.826870441436768,921000,0.0,0.0
2023-08-14 00:00:00-04:00,7.770829193772089,7.929608232746126,7.733469472291493,7.8081889152526855,1392300,0.0,0.0
2023-08-15 00:00:00-04:00,7.705450430838821,7.752150308564879,7.56535168838673,7.584031105041504,1033600,0.0,0.0
2023-08-16 00:00:00-04:00,7.61205081853256,7.8268699038217,7.55601167678833,7.55601167678833,1033100,0.0,0.0
2023-08-17 00:00:00-04:00,7.677430363391793,7.789509528241729,7.593370767072836,7.658750057220459,1235300,0.0,0.0
2023-08-18 00:00:00-04:00,7.565351909935024,7.78017010674924,7.556011755971073,7.752150535583496,808100,0.0,0.0
2023-08-21 00:00:00-04:00,7.7521504335595095,7.808189575153481,7.584031227325403,7.630731105804443,739200,0.0,0.0
2023-08-22 00:00:00-04:00,7.630730992401259,7.649410409079616,7.5373312368312275,7.546671390533447,883100,0.0,0.0
2023-08-23 00:00:00-04:00,7.425251873681395,7.518651626850142,7.266473273093193,7.490632057189941,1950200,0.0,0.0
2023-08-24 00:00:00-04:00,7.406571515554141,7.61204997895062,7.406571515554141,7.453271389007568,1040700,0.0,0.0
2023-08-25 00:00:00-04:00,7.537331511852063,7.556011819938106,7.406572472791164,7.527992248535156,985300,0.0,0.0
2023-08-28 00:00:00-04:00,7.5840304181878935,7.696109580144246,7.527991282572717,7.602710723876953,806500,0.0,0.0
2023-08-29 00:00:00-04:00,7.630731105804443,7.686770247398415,7.462611899570337,7.630731105804443,950900,0.0,0.0
2023-08-30 00:00:00-04:00,7.630730849222352,7.696110142458982,7.574690818786621,7.574690818786621,889200,0.0,0.0
2023-08-31 00:00:00-04:00,7.593371152928234,7.593371152928234,7.453271967065201,7.462611675262451,1319900,0.0,0.0
2023-09-01 00:00:00-04:00,7.546671008309301,7.780169494682054,7.518651439347861,7.742809772491455,1195800,0.0,0.0
2023-09-05 00:00:00-04:00,7.752150067110275,7.920268374671223,7.696110037439257,7.714790344238281,1693300,0.0,0.0
2023-09-06 00:00:00-04:00,7.705449437951104,7.826868748102903,7.593370280286203,7.770828723907471,1197100,0.0,0.0
2023-09-07 00:00:00-04:00,7.742809772491455,7.826869370101813,7.56535131476762,7.742809772491455,1186000,0.0,0.0
2023-09-08 00:00:00-04:00,7.770829318651914,7.9202682069758295,7.733469596570934,7.854888916015625,882900,0.0,0.0
2023-09-11 00:00:00-04:00,7.892248511265531,7.9109288173688395,7.649409876278648,7.8081889152526855,1185000,0.0,0.0
2023-09-12 00:00:00-04:00,7.938947891526547,8.069707353930685,7.780168862437939,7.882907867431641,1357700,0.0,0.0
2023-09-13 00:00:00-04:00,7.864228737426793,7.873568890234487,7.705449702599986,7.789509296417236,1068100,0.0,0.0
2023-09-14 00:00:00-04:00,7.929608527148716,8.340566369418923,7.845548928014989,8.32188606262207,1565800,0.0,0.0
2023-09-15 00:00:00-04:00,8.293865694987351,8.331225414259665,8.088386793626642,8.18178653717041,3581000,0.0,0.0
2023-09-18 00:00:00-04:00,8.293866978896618,8.368586429007985,8.163107495838675,8.284526824951172,1072100,0.0,0.0
2023-09-19 00:00:00-04:00,8.38726440208729,8.48066414400836,8.219146113645701,8.24716567993164,1292600,0.0,0.0
2023-09-20 00:00:00-04:00,8.14442703248106,8.349905048529575,8.107067312224423,8.125746726989746,1252400,0.0,0.0
2023-09-21 00:00:00-04:00,8.17244659999204,8.293865913507613,7.994988151454508,8.125746726989746,1559500,0.0,0.0
2023-09-22 00:00:00-04:00,8.191126823425293,8.312545244998514,8.097727078356373,8.191126823425293,1111000,0.0,0.0
2023-09-25 00:00:00-04:00,8.13508883229982,8.36858736262906,8.097729103076189,8.359247207641602,1048600,0.0,0.0
2023-09-26 00:00:00-04:00,8.25650754052797,8.405946445939604,8.191128242091915,8.228487968444824,989000,0.0,0.0
2023-09-27 00:00:00-04:00,8.405946180087218,8.742183706629307,8.275186696624463,8.667464256286621,1145500,0.0,0.0
2023-09-28 00:00:00-04:00,8.630102977304919,8.788882003377221,8.564723692707835,8.620762825012207,1747700,0.0,0.0
2023-09-29 00:00:00-04:00,8.592744621475958,8.667464070214576,8.125747621496547,8.349905967712402,2360700,0.0,0.0
2023-10-02 00:00:00-04:00,8.31254689639351,8.32188705090114,7.761491141335669,7.826870441436768,2079000,0.0,0.0
2023-10-03 00:00:00-04:00,7.808188204676225,8.097726687846194,7.742808920716465,8.088386535644531,1709200,0.0,0.0
2023-10-04 00:00:00-04:00,7.920268374671223,8.004327973814723,7.658750314567262,7.714790344238281,1569500,0.0,0.0
2023-10-05 00:00:00-04:00,7.621391052266512,7.864229710972579,7.537331448043172,7.752150535583496,1793300,0.0,0.0
2023-10-06 00:00:00-04:00,7.761490056176195,7.94828866658109,7.574690555045265,7.854888916015625,1521000,0.0,0.0
2023-10-09 00:00:00-04:00,8.163107779282631,8.387266137400081,8.144428361469245,8.228487968444824,1486000,0.0,0.0
2023-10-10 00:00:00-04:00,8.237826010188142,8.247166163072611,8.125746847752536,8.209806442260742,1094500,0.0,0.0
2023-10-11 00:00:00-04:00,8.06970751112609,8.209806238003488,8.004327333287453,8.191126823425293,1134800,0.0,0.0
2023-10-12 00:00:00-04:00,8.29386625688732,8.29386625688732,8.013667897998864,8.153766632080078,1157800,0.0,0.0
2023-10-13 00:00:00-04:00,8.321887147934731,8.40594675803123,8.153767927741733,8.33122730255127,1092000,0.0,0.0
2023-10-16 00:00:00-04:00,8.349904818896535,8.415284995592108,8.181786527728127,8.256505966186523,965100,0.0,0.0
2023-10-17 00:00:00-04:00,8.20980494424103,8.57406282373616,8.20980494424103,8.536703109741211,1325100,0.0,0.0
2023-10-18 00:00:00-04:00,8.546045725879356,8.648785647751625,8.46198700442867,8.499346733093262,892500,0.0,0.0
2023-10-19 00:00:00-04:00,8.433965330095646,8.611424683841864,8.303206743889024,8.48066520690918,1380500,0.0,0.0
2023-10-20 00:00:00-04:00,8.405946491796364,8.508685517145798,8.237827276928073,8.312546730041504,1529500,0.0,0.0
2023-10-23 00:00:00-04:00,8.228487968444824,8.387266137400081,8.172447933552393,8.228487968444824,1185700,0.0,0.0
2023-10-24 00:00:00-04:00,8.293865777079306,8.340565649313422,8.116406440734863,8.116406440734863,1301900,0.0,0.0
2023-10-25 00:00:00-04:00,7.901588990009622,8.611424618125394,7.761490251364219,8.172447204589844,3454200,0.0,0.0
2023-10-26 00:00:00-04:00,8.004327827825648,8.032348287513125,7.556011161538461,7.742809772491455,2137100,0.0,0.0
2023-10-27 00:00:00-04:00,7.742809143283323,7.9949879156214525,7.621389833349331,7.882907867431641,1664900,0.0,0.0
2023-10-30 00:00:00-04:00,7.845549991630139,7.985649639421569,7.77083053576518,7.83621072769165,1132500,0.0,0.0
2023-10-31 00:00:00-04:00,7.873568619811437,7.901588186546171,7.67742987121637,7.770828723907471,1010400,0.0,0.0
2023-11-01 00:00:00-04:00,7.873569624519372,7.901589194829546,7.5840310955606345,7.6213908195495605,1905300,0.0,0.0
2023-11-02 00:00:00-04:00,7.621390931924521,7.770829830083654,7.499971604488703,7.705450534820557,1729000,0.0,0.0
2023-11-03 00:00:00-04:00,7.742809653539417,7.88290838692033,7.593370767072836,7.658750057220459,1567200,0.0,0.0
2023-11-06 00:00:00-05:00,7.742809959674414,7.789509836223145,7.359872575281727,7.378552436828613,1349700,0.0,0.0
2023-11-07 00:00:00-05:00,7.219773835895644,7.219773835895644,6.84617613657304,6.883535861968994,1819400,0.0,0.0
2023-11-08 00:00:00-05:00,6.8461746115529,7.032973642285299,6.8461746115529,6.874194622039795,1148100,0.0,0.0
2023-11-09 00:00:00-05:00,6.968105819716205,7.005669696280977,6.8272410586999435,6.836632251739502,1011500,0.04,0.0
2023-11-10 00:00:00-05:00,6.911760215695399,6.9681060322612485,6.799068134766954,6.902369022369385,1094600,0.0,0.0
2023-11-13 00:00:00-05:00,6.902368524292185,7.080797154440279,6.864804649292241,7.033842086791992,920300,0.0,0.0
2023-11-14 00:00:00-05:00,7.0620151840091685,7.137142933658727,6.968105496947221,7.118360996246338,1113200,0.0,0.0
2023-11-15 00:00:00-05:00,7.071405771573975,7.212270066215989,7.0150595163611635,7.062014579772949,948300,0.0,0.0
2023-11-16 00:00:00-05:00,6.996277643171268,7.043232707003294,6.6394208596752415,6.761503219604492,1599000,0.0,0.0
2023-11-17 00:00:00-05:00,6.874195301677571,6.939931853862691,6.799067109785512,6.892977237701416,1243600,0.0,0.0
2023-11-20 00:00:00-05:00,7.0056688696368195,7.024450805703004,6.902367997374468,6.939931869506836,1097300,0.0,0.0
2023-11-21 00:00:00-05:00,6.902369022369385,6.949324093405965,6.808459328092969,6.902369022369385,795800,0.0,0.0
2023-11-22 00:00:00-05:00,6.67698455254629,6.90236777818324,6.573683683564355,6.874195098876953,877000,0.0,0.0
2023-11-24 00:00:00-05:00,6.8554135808557275,6.986887137149803,6.8554135808557275,6.958714008331299,586600,0.0,0.0
2023-11-27 00:00:00-05:00,6.939932937635129,6.996278754505892,6.8272413038936035,6.949324131011963,1078800,0.0,0.0
2023-11-28 00:00:00-05:00,6.939932726130289,6.968105857605425,6.733331403900642,6.752113342285156,1454600,0.0,0.0
2023-11-29 00:00:00-05:00,6.8084584439713725,6.8835861896366906,6.705157569783218,6.817849636077881,1262000,0.0,0.0
2023-11-30 00:00:00-05:00,6.921150914288868,7.015060607928435,6.723940333747405,6.808459281921387,1439300,0.0,0.0
2023-12-01 00:00:00-05:00,6.799067538974024,6.9774961663621315,6.714549045429861,6.846022605895996,1013400,0.0,0.0
2023-12-04 00:00:00-05:00,6.808459130306261,6.939932698473918,6.667594369085406,6.883586883544922,1750500,0.0,0.0
2023-12-05 00:00:00-05:00,6.883586233271937,6.921150106342715,6.742721485358178,6.780285358428955,2329600,0.0,0.0
2023-12-06 00:00:00-05:00,6.770894333406095,6.88358594794736,6.611247655574299,6.620638847351074,2731600,0.0,0.0
2023-12-07 00:00:00-05:00,6.676984561829453,6.714548432821171,6.470382823578341,6.526728630065918,1446500,0.0,0.0
2023-12-08 00:00:00-05:00,6.61124849319458,6.733331314980053,6.526729547682064,6.61124849319458,1610700,0.0,0.0
2023-12-11 00:00:00-05:00,6.573683692703897,6.667593370183191,6.4891647590742,6.526728630065918,1542600,0.0,0.0
2023-12-12 00:00:00-05:00,6.414037544825736,6.5173384224506945,6.33890979666093,6.442210674285889,1735300,0.0,0.0
2023-12-13 00:00:00-05:00,6.460993220427098,6.686376486169169,6.414038149499128,6.676985740661621,2558300,0.0,0.0
2023-12-14 00:00:00-05:00,6.846022388650662,6.977495944944738,6.8084585154237836,6.958714008331299,2285200,0.0,0.0
2023-12-15 00:00:00-05:00,6.958713584592478,7.005668647165175,6.742721102792069,6.874195098876953,12683100,0.0,0.0
2023-12-18 00:00:00-05:00,7.005668439353372,7.090187370358444,6.83663102513988,6.85541296005249,1762400,0.0,0.0
2023-12-19 00:00:00-05:00,6.883586061308284,6.996277677705389,6.8648041252421,6.939931869506836,1674500,0.0,0.0
2023-12-20 00:00:00-05:00,6.99627745553197,7.137142195453396,6.874195098876953,6.874195098876953,1580300,0.0,0.0
2023-12-21 00:00:00-05:00,6.902368785364598,7.015060414626835,6.902368785364598,6.968105792999268,1569300,0.0,0.0
2023-12-22 00:00:00-05:00,7.01506037487642,7.108970513192877,6.874196062995187,6.9211506843566895,1557900,0.0,0.0
2023-12-26 00:00:00-05:00,7.033842516188223,7.1089707185711895,6.921150884308882,7.071406841278076,1187000,0.0,0.0
2023-12-27 00:00:00-05:00,7.043233469826371,7.099579283849375,6.9868876558033675,7.005669593811035,1218500,0.0,0.0
2023-12-28 00:00:00-05:00,6.996278552742595,7.015060491157871,6.883586922250945,6.9305419921875,1011900,0.0,0.0
2023-12-29 00:00:00-05:00,6.949323881433819,6.9962785032414185,6.817850313457116,6.836632251739502,2219000,0.0,0.0
2024-01-02 00:00:00-05:00,6.836631674943488,6.977495976278516,6.68637573356453,6.695766925811768,2375400,0.0,0.0
2024-01-03 00:00:00-05:00,6.667593781607394,6.949323279226074,6.601857227213943,6.827240467071533,1483100,0.0,0.0
2024-01-04 00:00:00-05:00,6.902368304732926,6.939932178537992,6.658203125,6.658203125,1552200,0.0,0.0
2024-01-05 00:00:00-05:00,6.723940486821728,6.789677497764337,6.658203923675871,6.733331680297852,1296600,0.0,0.0
2024-01-08 00:00:00-05:00,6.554902017481328,6.592465889964582,6.367082655065059,6.460992336273193,1825900,0.0,0.0
2024-01-09 00:00:00-05:00,6.479774861355677,6.489165606431521,6.263782351050597,6.338910102844238,1516500,0.0,0.0
2024-01-10 00:00:00-05:00,6.2825640351402505,6.2825640351402505,6.179263156699697,6.226218223571777,1111400,0.0,0.0
2024-01-11 00:00:00-05:00,6.254390442740089,6.3013455061383,6.141698827940388,6.273172378540039,1595400,0.0,0.0
2024-01-12 00:00:00-05:00,6.395256282326779,6.479775231825206,6.254391515761649,6.329519271850586,1228900,0.0,0.0
2024-01-16 00:00:00-05:00,6.3201277342107245,6.329518478646636,6.113526430857057,6.122917175292969,999200,0.0,0.0
2024-01-17 00:00:00-05:00,6.075962532723991,6.1041356635864865,5.953880159777771,6.029007911682129,1404900,0.0,0.0
2024-01-18 00:00:00-05:00,6.066571235656738,6.085353171923921,5.953879618053645,6.066571235656738,1232700,0.0,0.0
2024-01-19 00:00:00-05:00,6.113526590430313,6.122917335111338,6.000834519681078,6.0947442054748535,1351000,0.0,0.0
2024-01-22 00:00:00-05:00,6.094743946867869,6.263781821920898,6.019616201420605,6.244999885559082,1581000,0.0,0.0
2024-01-23 00:00:00-05:00,6.29195534805962,6.395256235829219,6.179263714745556,6.235609531402588,1797300,0.0,0.0
2024-01-24 00:00:00-05:00,6.320127788154314,6.507947156442542,6.282563914496667,6.479774475097656,3288900,0.0,0.0
2024-01-25 00:00:00-05:00,6.6957664880160355,6.90236777818324,6.4422101352761345,6.874195098876953,3924000,0.0,0.0
2024-01-26 00:00:00-05:00,6.8554135808557275,7.146533822262383,6.789676578810345,6.958714008331299,3076300,0.0,0.0
2024-01-29 00:00:00-05:00,6.902368785364598,7.005669669420014,6.799067901309183,6.968105792999268,1875100,0.0,0.0
2024-01-30 00:00:00-05:00,6.789677249838332,7.202880343967806,6.78028605670513,7.155925273895264,2927100,0.0,0.0
2024-01-31 00:00:00-05:00,7.184098134455225,7.202880072216288,6.855413999738287,6.864804744720459,2311200,0.0,0.0
2024-02-01 00:00:00-05:00,6.930541254575857,6.996277808134667,6.742721442615877,6.817849636077881,1831800,0.0,0.0
2024-02-02 00:00:00-05:00,6.780285077386198,6.836631332453502,6.620638847351074,6.620638847351074,1507100,0.0,0.0
2024-02-05 00:00:00-05:00,6.573684845922339,6.620639916797625,6.3764742647209305,6.498557090759277,1602800,0.0,0.0
2024-02-06 00:00:00-05:00,6.5549027274355565,6.742722110194334,6.517338850883801,6.705158233642578,1637500,0.0,0.0
2024-02-07 00:00:00-05:00,6.705157334358688,6.770894333406095,6.507946785013138,6.620638847351074,1888900,0.0,0.0
2024-02-08 00:00:00-05:00,6.639528660175339,6.705640319651605,6.5073044405189995,6.592305660247803,1573400,0.04,0.0
2024-02-09 00:00:00-05:00,6.57341639216092,6.630083720499147,6.507304283923708,6.554527282714844,1188700,0.0,0.0
2024-02-12 00:00:00-05:00,6.582861916075912,6.715086156540569,6.582861916075912,6.639529705047607,1395300,0.0,0.0
2024-02-13 00:00:00-05:00,6.620639553996426,6.6300838837761,6.403414564841077,6.478971004486084,1539500,0.0,0.0
2024-02-14 00:00:00-05:00,6.50730412551282,6.582860561457812,6.4034142512643974,6.516748905181885,1350800,0.0,0.0
2024-02-15 00:00:00-05:00,6.535637594527736,6.9134202003479,6.535637594527736,6.9134202003479,1576600,0.0,0.0
2024-02-16 00:00:00-05:00,6.922864529058682,7.017310067925759,6.781195995582139,6.9134202003479,1531900,0.0,0.0
2024-02-20 00:00:00-05:00,6.875642365645354,6.97953223897771,6.8095302596005,6.86619758605957,1375000,0.0,0.0
2024-02-21 00:00:00-05:00,6.894531092574485,7.045643954761809,6.837863318902385,6.9134202003479,1796800,0.0,0.0
2024-02-22 00:00:00-05:00,6.8095303514421275,6.894531567453102,6.677306587920967,6.856753349304199,1811900,0.0,0.0
2024-02-23 00:00:00-05:00,6.762307889797676,6.856753893010921,6.686751447508617,6.847309112548828,1533500,0.0,0.0
2024-02-26 00:00:00-05:00,6.8567535738809,6.9700882320396165,6.762307575063402,6.885087013244629,1309800,0.0,0.0
2024-02-27 00:00:00-05:00,6.951199598632298,7.045645153569164,6.9039765959879,6.9417548179626465,1129100,0.0,0.0
2024-02-28 00:00:00-05:00,6.951198415894732,7.036199175699175,6.856752877027654,6.9134202003479,1317700,0.0,0.0
2024-02-29 00:00:00-05:00,6.98897702141092,7.092867345137481,6.894531477273992,6.979532241821289,1385900,0.0,0.0
2024-03-01 00:00:00-05:00,7.064534435750845,7.149535662429818,7.026756212860622,7.092868328094482,1473500,0.0,0.0
2024-03-04 00:00:00-05:00,7.1117560571446905,7.187312488238353,6.903975421285266,6.9134202003479,1275300,0.0,0.0
2024-03-05 00:00:00-05:00,6.913421464182091,7.055089573204956,6.856754130502557,6.988977909088135,1486400,0.0,0.0
2024-03-06 00:00:00-05:00,7.102311278082056,7.149534272691522,6.903975421285266,6.9134202003479,1651900,0.0,0.0
2024-03-07 00:00:00-05:00,6.932310498602723,7.168424611494076,6.913421387585492,7.111757278442383,1347000,0.0,0.0
2024-03-08 00:00:00-05:00,7.187312599311957,7.2062017073772875,7.045644063646051,7.130645275115967,1225500,0.0,0.0
2024-03-11 00:00:00-04:00,7.111756327177029,7.2439800866114545,7.03619944286263,7.168423652648926,1436300,0.0,0.0
2024-03-12 00:00:00-04:00,7.168423491246627,7.168423491246627,7.073977500568116,7.130645275115967,1046400,0.0,0.0
2024-03-13 00:00:00-04:00,7.2062024878923685,7.338426258671044,6.970088386325924,7.036200046539307,2151200,0.0,0.0
2024-03-14 00:00:00-04:00,7.073978199854757,7.102312089929583,6.94175443032668,7.045644760131836,1536400,0.0,0.0
2024-03-15 00:00:00-04:00,7.007866690063055,7.21564690376286,6.988977579726709,7.196757793426514,6260900,0.0,0.0
2024-03-18 00:00:00-04:00,7.2156460362340225,7.2723133604300125,7.0928670589853064,7.130645275115967,1426100,0.0,0.0
2024-03-19 00:00:00-04:00,7.130645660584315,7.281758533275814,7.102311771778716,7.253424644470215,1106600,0.0,0.0
2024-03-20 00:00:00-04:00,7.177868142771748,7.328981464439282,7.149534704576004,7.262869358062744,1376800,0.0,0.0
2024-03-21 00:00:00-04:00,7.2912031136111795,7.3667600029095315,7.243980564445597,7.338426113128662,959500,0.0,0.0
2024-03-22 00:00:00-04:00,7.357315222865275,7.480094661329211,7.2912031136111795,7.338426113128662,1398700,0.0,0.0
2024-03-25 00:00:00-04:00,7.366759461070326,7.489538440151733,7.366759461070326,7.404537677764893,929400,0.0,0.0
2024-03-26 00:00:00-04:00,7.432871901063246,7.432871901063246,7.140090465545654,7.140090465545654,1454500,0.0,0.0
2024-03-27 00:00:00-04:00,7.140089924942836,7.281758466977201,7.121200816028379,7.262869358062744,851000,0.0,0.0
2024-03-28 00:00:00-04:00,7.291202863263031,7.385648859055133,7.272313754174987,7.310091972351074,1049100,0.0,0.0
2024-04-01 00:00:00-04:00,7.366760160766889,7.442316601332389,7.22509160953062,7.376204490661621,1033800,0.0,0.0
2024-04-02 00:00:00-04:00,7.461205002806742,7.461205002806742,7.281758248331618,7.404537677764893,1168100,0.0,0.0
2024-04-03 00:00:00-04:00,7.385648952345308,7.574540495963569,7.385648952345308,7.527317047119141,1294800,0.0,0.0
2024-04-04 00:00:00-04:00,7.536762084021387,7.5934294139341,7.35731531412184,7.38564920425415,1374200,0.0,0.0
2024-04-05 00:00:00-04:00,7.432871435152398,7.602873867949731,7.366759778266223,7.53676176071167,1611700,0.0,0.0
2024-04-08 00:00:00-04:00,7.6028740293712485,7.678430467617857,7.451760702526136,7.46120548248291,889700,0.0,0.0
2024-04-09 00:00:00-04:00,7.5178728103637695,7.555651029483033,7.4423163721252426,7.5178728103637695,940100,0.0,0.0
2024-04-10 00:00:00-04:00,7.4517605447046025,7.612318648106013,7.376204108058211,7.593429088592529,1110800,0.0,0.0
2024-04-11 00:00:00-04:00,7.612318808513824,7.621762687765797,7.461205481684874,7.5178728103637695,1112900,0.0,0.0
2024-04-12 00:00:00-04:00,7.612319040352008,7.735097580701073,7.376204488137744,7.4328718185424805,1026100,0.0,0.0
2024-04-15 00:00:00-04:00,7.451760931227122,7.546206481933998,7.366760160766889,7.376204490661621,1401200,0.0,0.0
2024-04-16 00:00:00-04:00,7.347870961657844,7.3667600715705115,7.17786852209194,7.272314071655273,1219800,0.0,0.0
2024-04-17 00:00:00-04:00,7.281759267174683,7.395093933115847,7.187313712223713,7.225091934204102,1115900,0.0,0.0
2024-04-18 00:00:00-04:00,7.291202890087063,7.4517605431020595,7.291202890087063,7.366759777069092,1895900,0.0,0.0
2024-04-19 00:00:00-04:00,7.300647825252057,7.612318808513824,7.281758715692424,7.5178728103637695,1393300,0.0,0.0
2024-04-22 00:00:00-04:00,7.461205547630732,7.612318875795297,7.310092219466167,7.50842809677124,1916400,0.0,0.0
2024-04-23 00:00:00-04:00,7.480094028575636,7.687874668453771,7.413981924914073,7.583983898162842,1457200,0.0,0.0
2024-04-24 00:00:00-04:00,7.527316980553861,7.583984308032654,7.4045379961924205,7.4800944328308105,1744100,0.0,0.0
2024-04-25 00:00:00-04:00,6.960643384296744,7.045644602264751,6.460081757123108,6.951199054718018,4700400,0.0,0.0
2024-04-26 00:00:00-04:00,6.903976031234475,6.988977248900419,6.648972828588535,6.724529266357422,2146600,0.0,0.0
2024-04-29 00:00:00-04:00,6.733974046254479,6.828419593465588,6.658417608485593,6.724529266357422,1757100,0.0,0.0
2024-04-30 00:00:00-04:00,6.715085517369085,6.715085517369085,6.318413734436035,6.318413734436035,2695400,0.0,0.0
2024-05-01 00:00:00-04:00,6.346746862526363,6.450637193487238,6.148411431203832,6.186189651489258,1777700,0.0,0.0
2024-05-02 00:00:00-04:00,6.242856886374626,6.327857655539999,6.223967776520998,6.252301216125488,1429800,0.0,0.0
2024-05-03 00:00:00-04:00,6.290078741094249,6.412858166757806,6.157854986722954,6.3939690589904785,2201400,0.0,0.0
2024-05-06 00:00:00-04:00,6.497860114397336,6.667862103598604,6.44119278466358,6.478971004486084,1882800,0.0,0.0
2024-05-07 00:00:00-04:00,6.497860116272031,6.563971775804535,6.422303676605225,6.422303676605225,1346600,0.0,0.0
2024-05-08 00:00:00-04:00,6.403414475125592,6.441192694418802,6.3278575861872755,6.375080585479736,1156200,0.0,0.0
2024-05-09 00:00:00-04:00,6.413084456453471,6.5460964516630025,6.365579945931773,6.536595821380615,1007300,0.04,0.0
2024-05-10 00:00:00-04:00,6.546096355617015,6.574599152119151,6.3560792223913785,6.384581565856934,974900,0.0,0.0
2024-05-13 00:00:00-04:00,6.441587200812035,6.517594054597284,6.403583320882826,6.422585487365723,1040700,0.0,0.0
2024-05-14 00:00:00-04:00,6.451087514114758,6.546096076679135,6.413084089089008,6.52709436416626,1033800,0.0,0.0
2024-05-15 00:00:00-04:00,6.527094344405324,6.54609605686067,6.356078932307199,6.489090919494629,1452400,0.0,0.0
2024-05-16 00:00:00-04:00,6.460589210546277,6.584100127093327,6.451088126869101,6.55559778213501,1005300,0.0,0.0
2024-05-17 00:00:00-04:00,6.5745995282493395,6.66960810029756,6.508093301297282,6.6316046714782715,1178700,0.0,0.0
2024-05-20 00:00:00-04:00,6.650605675777453,6.86912559467446,6.622102880688035,6.850123882293701,1544900,0.0,0.0
2024-05-21 00:00:00-04:00,6.82162110692216,6.926130751836699,6.802619394486477,6.888127326965332,1642500,0.0,0.0
2024-05-22 00:00:00-04:00,6.859624580187103,6.859624580187103,6.536595466501566,6.565097808837891,1660300,0.0,0.0
2024-05-23 00:00:00-04:00,6.565098111694772,6.65060604872147,6.37508097723165,6.422585487365723,1303200,0.0,0.0
2024-05-24 00:00:00-04:00,6.432085412246215,6.489090546334129,6.365579195958714,6.441586494445801,1187900,0.0,0.0
2024-05-28 00:00:00-04:00,6.460588721983822,6.574598999268619,6.432085926144337,6.517593860626221,1197800,0.0,0.0
2024-05-29 00:00:00-04:00,6.470089230889631,6.4890909434150235,6.308574447905516,6.327576160430908,945400,0.0,0.0
2024-05-30 00:00:00-04:00,6.3465776018597895,6.4320855310898315,6.261070125666291,6.270570755004883,1160800,0.0,0.0
2024-05-31 00:00:00-04:00,6.289572712195204,6.489090919494629,6.251569287284509,6.489090919494629,1651500,0.0,0.0
2024-06-03 00:00:00-04:00,6.508092249450302,6.508092249450302,6.1660609923196725,6.242068290710449,1378900,0.0,0.0
2024-06-04 00:00:00-04:00,6.166061527803231,6.185063693828544,6.071052962859532,6.156560897827148,1393400,0.0,0.0
2024-06-05 00:00:00-04:00,6.19456409402829,6.251569230880006,6.15656066946048,6.175562381744385,1201400,0.0,0.0
2024-06-06 00:00:00-04:00,6.194564323804628,6.194564323804628,6.099555758860929,6.156560897827148,883900,0.0,0.0
2024-06-07 00:00:00-04:00,6.118557326944475,6.137559039483199,6.033049394001936,6.128057956695557,1090200,0.0,0.0
2024-06-10 00:00:00-04:00,6.128057874516344,6.242068601256331,6.099555532608765,6.175562381744385,945400,0.0,0.0
2024-06-11 00:00:00-04:00,6.118557615419321,6.194564469157752,6.033049678445293,6.18506383895874,813500,0.0,0.0
2024-06-12 00:00:00-04:00,6.327576463200007,6.365579890069223,6.18506383895874,6.18506383895874,1264300,0.0,0.0
2024-06-13 00:00:00-04:00,6.147059504736077,6.147059504736077,5.976044096464013,6.023548603057861,999400,0.0,0.0
2024-06-14 00:00:00-04:00,6.0140474981659136,6.0140474981659136,5.7480235307317065,5.786026954650879,1592400,0.0,0.0
2024-06-17 00:00:00-04:00,5.786026602422151,5.85253236371384,5.672015884568573,5.814528942108154,1967600,0.0,0.0
2024-06-18 00:00:00-04:00,5.824031106577243,5.900037963916488,5.776526594221912,5.805029392242432,1671600,0.0,0.0
2024-06-20 00:00:00-04:00,5.805028666610465,5.83353100803157,5.710020106812533,5.786026954650879,2341500,0.0,0.0
2024-06-21 00:00:00-04:00,5.786027448993584,5.84303258974271,5.6910184280417875,5.824030876159668,5692000,0.0,0.0
2024-06-24 00:00:00-04:00,5.871534553514904,6.042550417728439,5.824030499150689,6.014047622680664,1671600,0.0,0.0
2024-06-25 00:00:00-04:00,5.985545199350128,6.090054389353478,5.9665434872552865,6.061552047729492,1426100,0.0,0.0
2024-06-26 00:00:00-04:00,6.042550205748266,6.042550205748266,5.814529212474998,5.87153434753418,1699900,0.0,0.0
2024-06-27 00:00:00-04:00,5.909538515716087,5.947542396915239,5.84303274294992,5.928540229797363,1467300,0.0,0.0
2024-06-28 00:00:00-04:00,5.976043677898924,6.023548181165533,5.928539174632315,5.938040256500244,2592000,0.0,0.0
2024-07-01 00:00:00-04:00,5.985545668133817,6.033049725573128,5.786027448993584,5.824030876159668,1355300,0.0,0.0
2024-07-02 00:00:00-04:00,5.862033906121754,5.90953796034225,5.748023632348695,5.776525974273682,1058000,0.0,0.0
2024-07-03 00:00:00-04:00,5.786026548082291,5.9095374406225485,5.757523755627453,5.900036811828613,832400,0.0,0.0
2024-07-05 00:00:00-04:00,5.871534473285708,5.871534473285708,5.662515640258789,5.662515640258789,1091500,0.0,0.0
2024-07-08 00:00:00-04:00,5.691018766448885,5.748024363624343,5.520003334032356,5.558006763458252,1446200,0.0,0.0
2024-07-09 00:00:00-04:00,5.529503506330307,5.539004135602229,5.405992154539539,5.434494495391846,1473100,0.0,0.0
2024-07-10 00:00:00-04:00,5.386990956949208,5.558006377489796,5.377489873734217,5.472498893737793,1367400,0.0,0.0
2024-07-11 00:00:00-04:00,5.49150031132424,5.624512297913164,5.434494721178143,5.615011215209961,1540200,0.0,0.0
2024-07-12 00:00:00-04:00,5.681517352352145,5.691017981880547,5.57700770932041,5.662515640258789,1116300,0.0,0.0
2024-07-15 00:00:00-04:00,5.729021736404498,5.957042276641222,5.643513807297454,5.87153434753418,1445100,0.0,0.0
2024-07-16 00:00:00-04:00,5.814529893760951,6.06155262766416,5.786027549410024,6.052051544189453,1835200,0.0,0.0
2024-07-17 00:00:00-04:00,6.080553654809429,6.213565637176118,6.042550231276089,6.109055995941162,1698200,0.0,0.0
2024-07-18 00:00:00-04:00,6.052051277994549,6.099555787205437,5.928539916475499,5.995046138763428,2317800,0.0,0.0
2024-07-19 00:00:00-04:00,5.871534949680425,5.871534949680425,5.577008161818309,5.624512672424316,2983200,0.0,0.0
2024-07-22 00:00:00-04:00,5.624512174823534,5.624512174823534,5.462997396696232,5.586508750915527,2327000,0.0,0.0
2024-07-23 00:00:00-04:00,5.57700798100656,5.605510777053395,5.453496619864563,5.520002841949463,2423300,0.0,0.0
2024-07-24 00:00:00-04:00,5.5390050179367645,5.577008447151281,5.4154936464712815,5.48199987411499,2675400,0.0,0.0
2024-07-25 00:00:00-04:00,5.814529701954479,6.622103196164282,5.814529701954479,6.584099769592285,7361800,0.0,0.0
2024-07-26 00:00:00-04:00,6.5745988092236445,6.821621069533626,6.479590247565959,6.612602233886719,3917500,0.0,0.0
2024-07-29 00:00:00-04:00,6.603101352705427,6.783617851882019,6.555597296945211,6.755115509033203,2359900,0.0,0.0
2024-07-30 00:00:00-04:00,6.745614314404071,7.049642168990705,6.707610889210312,7.002137660980225,2916700,0.0,0.0
2024-07-31 00:00:00-04:00,7.059142610062887,7.16365225307021,6.945132337529381,7.097146034240723,2793500,0.0,0.0
2024-08-01 00:00:00-04:00,7.068645091850485,7.09714743910757,6.631605174257607,6.707612037658691,1989800,0.0,0.0
2024-08-02 00:00:00-04:00,6.584099461602986,6.603101174000128,6.365579542517583,6.451087474822998,2789400,0.0,0.0
2024-08-05 00:00:00-04:00,6.166061444376118,6.289572803650098,6.033049455254599,6.204065322875977,2179300,0.0,0.0
2024-08-06 00:00:00-04:00,6.2230672658279556,6.289573036330792,6.1090565321837245,6.18506383895874,2200800,0.0,0.0
2024-08-07 00:00:00-04:00,6.327576333821366,6.356079129908779,6.156560916406612,6.194564342498779,1996200,0.0,0.0
2024-08-08 00:00:00-04:00,6.232567222701023,6.270570645464597,6.0805535316467285,6.0805535316467285,1894600,0.0,0.0
2024-08-09 00:00:00-04:00,6.128357190898596,6.128357190898596,5.984948257554677,6.032751083374023,1144600,0.04,0.0
2024-08-12 00:00:00-04:00,6.070993070456543,6.128356730663316,6.013629410249771,6.118796348571777,1071000,0.0,0.0
2024-08-13 00:00:00-04:00,6.09011469610261,6.0996755347167095,5.946705308092266,6.051872253417969,1153000,0.0,0.0
2024-08-14 00:00:00-04:00,6.099675586584165,6.099675586584165,5.956266197354365,6.032751083374023,1485600,0.0,0.0
2024-08-15 00:00:00-04:00,6.128357037026466,6.1952815385562525,5.975387268827949,6.0040693283081055,1760300,0.0,0.0
2024-08-16 00:00:00-04:00,5.965826580163882,6.099675586584165,5.918023754344537,6.032751083374023,942500,0.0,0.0
2024-08-19 00:00:00-04:00,6.042311819633724,6.176160367898983,6.042311819633724,6.070993423461914,1176500,0.0,0.0
2024-08-20 00:00:00-04:00,6.051871904147858,6.070993124386641,5.879780921998814,5.9084625244140625,939600,0.0,0.0
2024-08-21 00:00:00-04:00,5.975387933958359,6.013630380264819,5.8797818181922095,5.927584648132324,1102600,0.0,0.0
2024-08-22 00:00:00-04:00,5.9275845425946425,6.013630273195136,5.908463319781856,5.965826988220215,880200,0.0,0.0
2024-08-23 00:00:00-04:00,6.02319051727726,6.2717663892769195,6.004069296354209,6.195281505584717,1064300,0.0,0.0
2024-08-26 00:00:00-04:00,6.252644993370267,6.3673723156978665,6.157038891430601,6.166599273681641,1141200,0.0,0.0
2024-08-27 00:00:00-04:00,6.137918354579292,6.137918354579292,6.032751402791032,6.090115070343018,942600,0.0,0.0
2024-08-28 00:00:00-04:00,5.994508589391007,6.080554313374389,5.956266146706366,6.051872253417969,1020900,0.0,0.0
2024-08-29 00:00:00-04:00,6.118796348571777,6.223963286893785,6.013629410249771,6.118796348571777,1469800,0.0,0.0
2024-08-30 00:00:00-04:00,6.05187227121644,6.166599599607776,6.0040694456629895,6.137917995452881,1443800,0.0,0.0
2024-09-03 00:00:00-04:00,6.023190686496457,6.0423119079567105,5.812856794547782,5.860660076141357,1670100,0.0,0.0
2024-09-04 00:00:00-04:00,5.870220546230939,5.937145050280074,5.7076899334586715,5.736371994018555,1760900,0.0,0.0
2024-09-05 00:00:00-04:00,5.803295991640365,5.803295991640365,5.612083334994476,5.650325775146484,1752700,0.0,0.0
2024-09-06 00:00:00-04:00,5.659886464288313,5.793735001300503,5.612083187412471,5.70768928527832,1847400,0.0,0.0
2024-09-09 00:00:00-04:00,5.669448014088029,5.812857418373317,5.669448014088029,5.717251300811768,1425500,0.0,0.0
2024-09-10 00:00:00-04:00,5.736371770602312,5.7554929916022175,5.612083606159986,5.726810932159424,1862900,0.0,0.0
2024-09-11 00:00:00-04:00,5.755493132558553,5.784175192703792,5.459113971858524,5.497356414794922,2192600,0.0,0.0
2024-09-12 00:00:00-04:00,5.564280970108525,5.621644635051597,5.420871579807905,5.478235244750977,1624300,0.0,0.0
2024-09-13 00:00:00-04:00,5.554720251848826,5.62164475701058,5.47823536359876,5.526038646697998,1342100,0.0,0.0
2024-09-16 00:00:00-04:00,5.640765536956848,5.7937353014673985,5.564280654701573,5.784174919128418,1848900,0.0,0.0
2024-09-17 00:00:00-04:00,5.831977688949882,6.214402552594401,5.822417306698843,6.166599273681641,1937200,0.0,0.0
2024-09-18 00:00:00-04:00,6.128357515377675,6.386494247304566,6.061433464509977,6.090115070343018,1955900,0.0,0.0
2024-09-19 00:00:00-04:00,6.27176646020239,6.319569740993543,6.157039133366671,6.262206077575684,1222400,0.0,0.0
2024-09-20 00:00:00-04:00,6.204841907798778,6.529903120408321,6.147478244847542,6.281327247619629,7894300,0.0,0.0
2024-09-23 00:00:00-04:00,6.2622051659331985,6.501220623321705,6.176159455389878,6.434296131134033,2026100,0.0,0.0
2024-09-24 00:00:00-04:00,6.520342528891297,6.568145351875712,6.3482510896670155,6.35781192779541,1464700,0.0,0.0
2024-09-25 00:00:00-04:00,6.319569808096336,6.329130190824558,6.023190649347426,6.051872253417969,2148800,0.0,0.0
2024-09-26 00:00:00-04:00,5.927583968811196,5.965826410734943,5.803296260501952,5.918023586273193,2774100,0.0,0.0
2024-09-27 00:00:00-04:00,6.023190752107292,6.061433195444376,5.908462966210154,6.013629913330078,1570100,0.0,0.0
2024-09-30 00:00:00-04:00,6.013629509198546,6.252644991935805,5.965826230296753,6.080554008483887,2002600,0.0,0.0
2024-10-01 00:00:00-04:00,6.07099326304033,6.415175691084953,6.0423116599700295,6.3195695877075195,1792800,0.0,0.0
2024-10-02 00:00:00-04:00,6.434297015489593,6.453418236473338,6.19528152524984,6.281327247619629,1348400,0.0,0.0
2024-10-03 00:00:00-04:00,6.290887403163327,6.59682738374935,6.271766182869566,6.5490241050720215,1792100,0.0,0.0
2024-10-04 00:00:00-04:00,6.615948477526348,6.797600294786273,6.568145199763162,6.6924333572387695,1667400,0.0,0.0
2024-10-07 00:00:00-04:00,6.701994788624936,6.902767387706063,6.654191506628645,6.826282501220703,2526100,0.0,0.0
2024-10-08 00:00:00-04:00,6.692433661311108,6.721115720449364,6.529903056594671,6.663751602172852,1438600,0.0,0.0
2024-10-09 00:00:00-04:00,6.625509961284431,6.749798139427562,6.549025068853556,6.63507080078125,1278400,0.0,0.0
2024-10-10 00:00:00-04:00,6.65419218009909,6.816722808273138,6.549025222594837,6.74979829788208,1715900,0.0,0.0
2024-10-11 00:00:00-04:00,6.520342546754059,6.730675971410578,6.472539267752832,6.721115589141846,1849600,0.0,0.0
2024-10-14 00:00:00-04:00,6.596827257598242,6.711554577166876,6.549023979835056,6.6924333572387695,1092200,0.0,0.0
2024-10-15 00:00:00-04:00,6.453418731689453,6.606388511297862,6.3960550643362994,6.453418731689453,1101200,0.0,0.0
2024-10-16 00:00:00-04:00,6.558585908350375,6.64463118439215,6.4916613995304004,6.63507080078125,1492500,0.0,0.0
2024-10-17 00:00:00-04:00,6.405614676703321,6.443857117002946,6.013629435689234,6.290887355804443,3730300,0.0,0.0
2024-10-18 00:00:00-04:00,6.204841610939013,6.281326947100557,6.109235510594392,6.118796348571777,1775400,0.0,0.0
2024-10-21 00:00:00-04:00,6.195282022131279,6.223964083850224,6.013630180273703,6.090115070343018,1175100,0.0,0.0
2024-10-22 00:00:00-04:00,6.109236021672789,6.157039303787087,6.013629913330078,6.013629913330078,1297000,0.0,0.0
2024-10-23 00:00:00-04:00,5.975387469992994,6.051872356667163,5.908462966210154,6.013629913330078,1702000,0.0,0.0
2024-10-24 00:00:00-04:00,5.793735659252434,5.975387493769327,5.5260385548276645,5.736371994018555,3543000,0.0,0.0
2024-10-25 00:00:00-04:00,5.831977440446842,6.013629254334874,5.688568065705151,5.70768928527832,2001200,0.0,0.0
2024-10-28 00:00:00-04:00,5.516477859832672,5.640766032356007,5.439992970860127,5.506917476654053,2117000,0.0,0.0
2024-10-29 00:00:00-04:00,5.497355839113989,5.592961936443152,5.4782346196481555,5.535598278045654,1318800,0.0,0.0
2024-10-30 00:00:00-04:00,5.564280208100895,5.6885679038472,5.487794876098633,5.487794876098633,1307900,0.0,0.0
2024-10-31 00:00:00-04:00,5.526038890049845,5.554720496463734,5.382629490322661,5.430432319641113,1159500,0.0,0.0
2024-11-01 00:00:00-04:00,5.49735596325885,5.554719622951772,5.382628643873007,5.392189025878906,1515800,0.0,0.0
2024-11-04 00:00:00-05:00,5.420871936131789,5.526038890049845,5.401750713227225,5.430432319641113,1292200,0.0,0.0
2024-11-05 00:00:00-05:00,5.4686742716090695,5.65032610074156,5.449553050431222,5.621644496917725,1636200,0.0,0.0
2024-11-06 00:00:00-05:00,5.937145302474406,6.214403257491621,5.841539189690177,6.17616081237793,2189200,0.0,0.0
2024-11-07 00:00:00-05:00,6.1379178552776725,6.1379178552776725,5.908462747849323,5.918023586273193,1617900,0.0,0.0
2024-11-08 00:00:00-05:00,5.9084007787341335,5.956514976176912,5.7640586452567915,5.783304691314697,1698100,0.04,0.0
2024-11-11 00:00:00-05:00,5.773681467816278,5.956514769359244,5.706321685505403,5.927646160125732,1443000,0.0,0.0
2024-11-12 00:00:00-05:00,5.918023773410823,6.033497296099085,5.764058617642149,5.773681640625,1088400,0.0,0.0
2024-11-13 00:00:00-05:00,5.812172623276242,5.831418209756587,5.638962344953126,5.677453517913818,1455100,0.0,0.0
2024-11-14 00:00:00-05:00,5.715944700963319,5.812172633534894,5.610093745709097,5.687076091766357,1299300,0.0,0.0
2024-11-15 00:00:00-05:00,5.744812991532269,5.773681601433873,5.484997337821785,5.513865947723389,1034200,0.0,0.0
2024-11-18 00:00:00-05:00,5.600471096388269,5.715944613711499,5.5619799239471925,5.638962268829346,1186100,0.0,0.0
2024-11-19 00:00:00-05:00,5.523488723661752,5.696699472013476,5.523488723661752,5.619717121124268,1000400,0.0,0.0
2024-11-20 00:00:00-05:00,5.610093391462474,5.7640580738549705,5.610093391462474,5.744812488555908,1109700,0.0,0.0
2024-11-21 00:00:00-05:00,5.802550534769421,6.014252003394461,5.764058899804764,5.918024063110352,1122600,0.0,0.0
2024-11-22 00:00:00-05:00,5.927646203431507,6.197084875792476,5.927646203431507,6.187461853027344,1589500,0.0,0.0
2024-11-25 00:00:00-05:00,6.235575923293105,6.312558268456444,6.081611232966426,6.120102405548096,1501100,0.0,0.0
2024-11-26 00:00:00-05:00,6.158593539516364,6.187461689346131,6.004628391304051,6.100856781005859,1112800,0.0,0.0
2024-11-27 00:00:00-05:00,6.148970669776828,6.274067212416425,6.11047949648018,6.177839279174805,927100,0.0,0.0
2024-11-29 00:00:00-05:00,6.2451991217458565,6.264445168843741,6.120103027566734,6.197085380554199,600200,0.0,0.0
2024-12-02 00:00:00-05:00,6.177839289113192,6.235576049151046,6.062365769037482,6.187461853027344,1866500,0.0,0.0
2024-12-03 00:00:00-05:00,6.274067222509616,6.3125583958681855,6.062365769037482,6.187461853027344,943600,0.0,0.0
2024-12-04 00:00:00-05:00,6.168216113465213,6.2451984582743005,5.966137228915875,6.110479354858398,1281900,0.0,0.0
2024-12-05 00:00:00-05:00,6.139348030090332,6.2644445711856624,6.110479421048727,6.139348030090332,742100,0.0,0.0
2024-12-06 00:00:00-05:00,6.120102860755127,6.120102860755127,5.590848510115312,5.619717121124268,1715000,0.0,0.0
2024-12-09 00:00:00-05:00,5.706322036449125,5.725567624171426,5.533111746948406,5.619717121124268,1609500,0.0,0.0
2024-12-10 00:00:00-05:00,5.648585336525926,6.110479905883729,5.590848572712577,5.898778438568115,1778300,0.0,0.0
2024-12-11 00:00:00-05:00,5.946892025265726,6.139348358519759,5.812172913183603,6.062366008758545,1668600,0.0,0.0
2024-12-12 00:00:00-05:00,6.052742702052654,6.13934807090221,5.8699094005096875,5.927646160125732,1276800,0.0,0.0
2024-12-13 00:00:00-05:00,5.9372690675015765,5.9372690675015765,5.812172528004393,5.869909286499023,1805200,0.0,0.0
2024-12-16 00:00:00-05:00,5.802550693806201,5.831418847257147,5.677454138582696,5.754436492919922,1459200,0.0,0.0
2024-12-17 00:00:00-05:00,5.648585428393384,5.74481336964733,5.610094251891805,5.706322193145752,1403900,0.0,0.0
2024-12-18 00:00:00-05:00,5.735190427465727,5.792927188417947,5.446506163853638,5.513865947723389,1529700,0.0,0.0
2024-12-19 00:00:00-05:00,5.64858490052949,5.64858490052949,5.39839227664989,5.436883449554443,1664100,0.0,0.0
2024-12-20 00:00:00-05:00,5.340655949805845,5.513866241903765,5.331032926374899,5.417638301849365,7968800,0.0,0.0
2024-12-23 00:00:00-05:00,5.4368835626235885,5.571602670591238,5.388769366066793,5.494620323181152,1373100,0.0,0.0
2024-12-24 00:00:00-05:00,5.513865947723389,5.552357121691536,5.398392425818948,5.513865947723389,394700,0.0,0.0
2024-12-26 00:00:00-05:00,5.513866049721838,5.581225834837647,5.388769502585765,5.561980247497559,1187000,0.0,0.0
2024-12-27 00:00:00-05:00,5.581225834837647,5.638962596857913,5.5042430266262965,5.561980247497559,840800,0.0,0.0
2024-12-30 00:00:00-05:00,5.55235734395882,5.696699481543048,5.475374992940834,5.629339694976807,1194200,0.0,0.0
2024-12-31 00:00:00-05:00,5.629339397257853,5.792927113944911,5.629339397257853,5.715944766998291,880700,0.0,0.0
2025-01-02 00:00:00-05:00,5.841041674754766,6.004628942800417,5.821796086816984,5.898778438568115,901500,0.0,0.0
2025-01-03 00:00:00-05:00,5.927645712010918,5.946891297094683,5.821795223475682,5.9372687339782715,1666000,0.0,0.0
2025-01-06 00:00:00-05:00,5.985382881243064,6.052742663120672,5.8795323853866455,5.908400535583496,1471000,0.0,0.0
2025-01-07 00:00:00-05:00,5.9276463005356925,6.033497258431255,5.869909539552019,5.995006084442139,1252600,0.0,0.0
2025-01-08 00:00:00-05:00,5.898777563810742,6.014251074313331,5.898777563810742,5.9372687339782715,1168800,0.0,0.0
2025-01-10 00:00:00-05:00,6.0527425962515835,6.187461699667486,5.966137228915875,6.110479354858398,1713400,0.0,0.0
2025-01-13 00:00:00-05:00,6.14897064192396,6.264444620141824,6.100856904946578,6.168216228485107,1109300,0.0,0.0
2025-01-14 00:00:00-05:00,6.100857251112481,6.37029547825662,6.100857251112481,6.341427326202393,1398800,0.0,0.0
2025-01-15 00:00:00-05:00,6.379918106609778,6.658979339732893,6.341426933685968,6.620488166809082,1361900,0.0,0.0
2025-01-16 00:00:00-05:00,6.543505969781149,6.72633881590195,6.466523163331724,6.697470664978027,1563100,0.0,0.0
2025-01-17 00:00:00-05:00,6.745584964752197,6.899549662302276,6.735961941729821,6.745584964752197,2031800,0.0,0.0
2025-01-21 00:00:00-05:00,6.79369860943121,6.822567219248421,6.601242740153097,6.707093238830566,1382000,0.0,0.0
2025-01-22 00:00:00-05:00,6.658979459674051,6.658979459674051,6.3895407855032875,6.447277545928955,1854200,0.0,0.0
2025-01-23 00:00:00-05:00,6.505014610512426,6.707093037771221,6.331803874503496,6.601242542266846,2189300,0.0,0.0
2025-01-24 00:00:00-05:00,6.610865406371756,6.67822519108573,6.428032098306109,6.514637470245361,1298600,0.0,0.0
2025-01-27 00:00:00-05:00,6.485768477156562,6.514637085715995,6.254821444084966,6.322181224822998,1390900,0.0,0.0
2025-01-28 00:00:00-05:00,6.35105008652913,6.495392227806137,6.158594204060467,6.197085380554199,1785800,0.0,0.0
2025-01-29 00:00:00-05:00,6.15859369252648,6.29331279906475,6.052742736535207,6.177839279174805,2129800,0.0,0.0
2025-01-30 00:00:00-05:00,6.466522553207279,6.774452373398462,5.744812424289679,5.9372687339782715,3342800,0.0,0.0
2025-01-31 00:00:00-05:00,6.062366165464776,6.091234317945945,5.86028726269255,5.898778438568115,2216900,0.0,0.0
2025-02-03 00:00:00-05:00,5.821795403773634,6.129724774650284,5.792926795828469,6.023874282836914,2387200,0.0,0.0
2025-02-04 00:00:00-05:00,5.9950063773022855,6.206707844584183,5.975760789367567,6.148971080780029,1136100,0.0,0.0
2025-02-05 00:00:00-05:00,6.1874619256833245,6.2067075125886,5.975760469725296,5.985383033752441,1455800,0.0,0.0
2025-02-06 00:00:00-05:00,5.995005545184688,6.052742300974876,5.725566892646198,5.735189914703369,1342100,0.0,0.0
2025-02-07 00:00:00-05:00,5.744812655933499,5.802549872363832,5.571602383195385,5.590847969055176,1251200,0.0,0.0
2025-02-10 00:00:00-05:00,5.658675101206836,5.842775882872887,5.639296095875249,5.784638404846191,839700,0.04,0.0
2025-02-11 00:00:00-05:00,5.813707608611757,6.017187411875726,5.765259860393871,5.920292377471924,905600,0.0,0.0
2025-02-12 00:00:00-05:00,5.813707082976859,5.910602108620088,5.774949072719568,5.842775821685791,1492300,0.0,0.0
2025-02-13 00:00:00-05:00,5.842775613862998,5.910601898384769,5.745880129634336,5.881533622741699,750000,0.0,0.0
2025-02-14 00:00:00-05:00,5.929980754852295,5.997807499713484,5.881533475978787,5.929980754852295,532600,0.0,0.0
2025-02-18 00:00:00-05:00,5.949359896720435,6.181908411612443,5.939670625533886,6.085013389587402,1102500,0.0,0.0
2025-02-19 00:00:00-05:00,6.055944724220285,6.1043924668268135,5.88153368249423,5.891222953796387,873100,0.0,0.0
2025-02-20 00:00:00-05:00,5.871844082589741,5.939670831373768,5.82339680091423,5.91060209274292,939900,0.0,0.0
2025-02-21 00:00:00-05:00,5.93967098835197,5.988118271307883,5.707122459254998,5.72650146484375,1726800,0.0,0.0
2025-02-24 00:00:00-05:00,5.755570204242849,5.862154965996958,5.72650146484375,5.72650146484375,1493300,0.0,0.0
2025-02-25 00:00:00-05:00,5.697433505904278,5.7458807915678936,5.426126950466566,5.493953704833984,1716100,0.0,0.0
2025-02-26 00:00:00-05:00,5.493953244379037,5.513332249426698,5.338921203997749,5.35830020904541,1810500,0.0,0.0
2025-02-27 00:00:00-05:00,5.377679539677734,5.484263842876916,5.309852786888475,5.406747817993164,1383200,0.0,0.0
2025-02-28 00:00:00-05:00,5.358300533456796,5.426126824214102,5.242026034099215,5.406747817993164,1877600,0.0,0.0
2025-03-03 00:00:00-05:00,5.416437463679779,5.445505741520582,5.067614895366534,5.116062641143799,1840600,0.0,0.0
2025-03-04 00:00:00-05:00,5.038546213606392,5.232336736918608,4.902893170710207,5.125751972198486,2310700,0.0,0.0
2025-03-05 00:00:00-05:00,5.019166946411133,5.038545951531178,4.883513910570812,5.019166946411133,1914900,0.0,0.0
2025-03-06 00:00:00-05:00,4.970719590851218,5.086993619845745,4.893203571521532,5.077303886413574,1652300,0.0,0.0
2025-03-07 00:00:00-05:00,5.086993345080627,5.348610127203498,5.07730361217183,5.242025375366211,1933200,0.0,0.0
2025-03-10 00:00:00-04:00,5.212957040748706,5.358299798485782,5.125751293700082,5.232336044311523,1896600,0.0,0.0
2025-03-11 00:00:00-04:00,5.261405015094672,5.416437526150835,5.096683694022422,5.125751972198486,1682200,0.0,0.0
2025-03-12 00:00:00-04:00,5.135441303253174,5.242025597576695,4.999787808971015,5.135441303253174,1394500,0.0,0.0
2025-03-13 00:00:00-04:00,5.135441785709201,5.3001631093292225,5.0094780129127505,5.067615032196045,1392100,0.0,0.0
2025-03-14 00:00:00-04:00,5.106373301069615,5.232337080181506,5.086994293670245,5.174200057983398,1207300,0.0,0.0
2025-03-17 00:00:00-04:00,5.174199713981799,5.300163022687161,5.077304221394972,5.193578720092773,1649600,0.0,0.0
2025-03-18 00:00:00-04:00,5.232336791659595,5.280784076470543,5.106373019493607,5.203268051147461,1305000,0.0,0.0
2025-03-19 00:00:00-04:00,5.183888701584536,5.397058219140733,5.183888701584536,5.35830020904541,2365500,0.0,0.0
2025-03-20 00:00:00-04:00,5.309852123260498,5.435815878969558,5.251715111863677,5.309852123260498,1353700,0.0,0.0
2025-03-21 00:00:00-04:00,5.28078338654614,5.397057871371677,5.174199096667916,5.309852123260498,8759800,0.0,0.0
2025-03-24 00:00:00-04:00,5.358300342461765,5.43581636458248,5.30016286383929,5.377679347991943,1591600,0.0,0.0
2025-03-25 00:00:00-04:00,5.387368410863659,5.552090182499606,5.387368410863659,5.416437149047852,1572900,0.0,0.0
2025-03-26 00:00:00-04:00,5.50364271350768,5.571469464625929,5.387368679046631,5.387368679046631,968400,0.0,0.0
2025-03-27 00:00:00-04:00,5.397058336393352,5.474574358268053,5.348610591705696,5.445505619049072,1071000,0.0,0.0
2025-03-28 00:00:00-04:00,5.435816230046205,5.464884506606066,5.2129574409489265,5.290473461151123,1083400,0.0,0.0
2025-03-31 00:00:00-04:00,5.261404516174728,5.338920995368178,5.222646507593956,5.329231262207031,1322000,0.0,0.0
2025-04-01 00:00:00-04:00,5.300163052762029,5.435816558340548,5.242026034099215,5.406747817993164,1248700,0.0,0.0
2025-04-02 00:00:00-04:00,5.3776790531481,5.571469097824897,5.338921044212741,5.542400360107422,1213800,0.0,0.0
2025-04-03 00:00:00-04:00,5.154820625514046,5.203267909001482,4.738171307736817,4.767240047454834,2084000,0.0,0.0
2025-04-04 00:00:00-04:00,4.505623028802601,4.534691305138249,4.1180424687492305,4.185869216918945,2581200,0.0,0.0
2025-04-07 00:00:00-04:00,4.059905313056711,4.5540701518890385,3.972699563014339,4.302143096923828,3053300,0.0,0.0
2025-04-08 00:00:00-04:00,4.554070684718587,4.592828697709488,4.079284794564061,4.16649055480957,2189400,0.0,0.0
2025-04-09 00:00:00-04:00,4.079284943753059,4.815687679544123,4.050216201930791,4.747861385345459,3132000,0.0,0.0
2025-04-10 00:00:00-04:00,4.573449208170189,4.602517945859129,4.311832417097367,4.515312194824219,2496900,0.0,0.0
2025-04-11 00:00:00-04:00,4.554070004432478,4.689723491668701,4.4281067120444,4.689723491668701,2026600,0.0,0.0
2025-04-14 00:00:00-04:00,4.776929203870832,4.8059979428861945,4.563760145208591,4.612207889556885,1680500,0.0,0.0
2025-04-15 00:00:00-04:00,4.631587087504656,4.7478611243377555,4.631587087504656,4.6412763595581055,1764200,0.0,0.0
2025-04-16 00:00:00-04:00,4.699412897520483,4.815686922466068,4.660654889205288,4.709102630615234,1875200,0.0,0.0
2025-04-17 00:00:00-04:00,4.776929576977485,4.951341100628374,4.747861297723649,4.8738250732421875,1677100,0.0,0.0
2025-04-21 00:00:00-04:00,4.805998192741779,4.815687464896007,4.689724154699306,4.786619186401367,1516800,0.0,0.0
2025-04-22 00:00:00-04:00,4.835065916492204,4.902892661917622,4.728481624864708,4.84475564956665,1916900,0.0,0.0
2025-04-23 00:00:00-04:00,4.9416506675976,5.05792469223945,4.767239630634828,4.776928901672363,2813700,0.0,0.0
2025-04-24 00:00:00-04:00,5.25171548943786,5.25171548943786,4.7575501639888245,4.81568717956543,2387200,0.0,0.0
2025-04-25 00:00:00-04:00,4.699413275374818,4.9125828002800995,4.641276258227543,4.90289306640625,1371100,0.0,0.0
2025-04-28 00:00:00-04:00,4.873824792000486,4.931961809185358,4.776929301327091,4.835066318511963,1102300,0.0,0.0
2025-04-29 00:00:00-04:00,4.805997981966762,4.883514003928816,4.738171231733996,4.825376987457275,1040400,0.0,0.0
2025-04-30 00:00:00-04:00,4.747861205570132,4.747861205570132,4.525002400144433,4.583139419555664,1531400,0.0,0.0
2025-05-01 00:00:00-04:00,4.5734491394801475,4.805997651403222,4.5734491394801475,4.709102630615234,1438100,0.0,0.0
2025-05-02 00:00:00-04:00,4.767239765242387,4.873824521856221,4.71879202259103,4.864134788513184,933600,0.0,0.0
2025-05-05 00:00:00-04:00,4.767239506071177,4.805997513272415,4.689723491668701,4.689723491668701,915000,0.0,0.0
2025-05-06 00:00:00-04:00,4.73817119320497,4.776929203870832,4.602518155874454,4.612207889556885,900800,0.0,0.0
2025-05-07 00:00:00-04:00,4.6509656879967265,4.6509656879967265,4.486243919167189,4.515312194824219,1148100,0.0,0.0
2025-05-08 00:00:00-04:00,4.55407041152616,4.699413182539108,4.544381139875661,4.612207889556885,930000,0.0,0.0
2025-05-09 00:00:00-04:00,4.70992389478829,4.749010361471394,4.651294194763636,4.661065578460693,834100,0.04,0.0
2025-05-12 00:00:00-04:00,4.885812883332369,5.022615513600396,4.817411335224643,4.846726417541504,1597600,0.0,0.0
2025-05-13 00:00:00-04:00,4.885813326399846,4.9346716460428315,4.797868537421459,4.8564982414245605,1133000,0.0,0.0
2025-05-14 00:00:00-04:00,4.7880967441356175,4.885812909128705,4.758781661663976,4.836954593658447,1061300,0.0,0.0
2025-05-15 00:00:00-04:00,4.778325245073517,4.788097095263143,4.631750753861361,4.729467391967773,821300,0.0,0.0
2025-05-16 00:00:00-04:00,4.739238866766197,4.758782101571414,4.631750842363765,4.700152397155762,792300,0.0,0.0
2025-05-19 00:00:00-04:00,4.65129425730763,4.670837490911971,4.553577623338481,4.641522407531738,802700,0.0,0.0
2025-05-20 00:00:00-04:00,4.612207121330496,4.631750354075427,4.553577423095703,4.553577423095703,1304900,0.0,0.0
2025-05-21 00:00:00-04:00,4.543806419579278,4.543806419579278,4.416775163143141,4.436318397521973,996800,0.0,0.0
2025-05-22 00:00:00-04:00,4.377688731145,4.465633519561948,4.289743942728053,4.426547050476074,1049700,0.0,0.0
2025-05-23 00:00:00-04:00,4.338602287954685,4.426547076896544,4.338602287954685,4.416775226593018,918800,0.0,0.0
2025-05-27 00:00:00-04:00,4.475404802551471,4.48517665257547,4.367916782024756,4.455861568450928,1068800,0.0,0.0
2025-05-28 00:00:00-04:00,4.50471961851419,4.514491002009052,4.387459754943848,4.387459754943848,1157900,0.0,0.0
2025-05-29 00:00:00-04:00,4.426546987141714,4.475404839826273,4.387460052667626,4.446090221405029,1124200,0.0,0.0
2025-05-30 00:00:00-04:00,4.4265468504836205,4.4265468504836205,4.328830216236333,4.338602066040039,1171400,0.0,0.0
2025-06-02 00:00:00-04:00,4.446090375994876,4.494948230378213,4.32883050039042,4.3972320556640625,1060000,0.0,0.0
2025-06-03 00:00:00-04:00,4.407003664039899,4.670837554249891,4.299515644784732,4.621979236602783,1062500,0.0,0.0
2025-06-04 00:00:00-04:00,4.621979199242615,4.661065666665379,4.446090095840176,4.4851765632629395,1421200,0.0,0.0
2025-06-05 00:00:00-04:00,4.534034478311751,4.534034478311751,4.446090158347843,4.465633392333984,1072800,0.0,0.0
2025-06-06 00:00:00-04:00,4.592664434204035,4.631750904337454,4.534034729003906,4.534034729003906,1318800,0.0,0.0
2025-06-09 00:00:00-04:00,4.56334944771111,4.729467165396986,4.514491130998519,4.651294231414795,1284200,0.0,0.0
2025-06-10 00:00:00-04:00,4.709923812141146,4.944442608124558,4.690380579142529,4.836954593658447,1536800,0.0,0.0
2025-06-11 00:00:00-04:00,4.885812909128705,4.8955847586017285,4.739238428665359,4.836954593658447,3077600,0.0,0.0
2025-06-12 00:00:00-04:00,4.768553759925474,4.7978683779791105,4.690380823852508,4.758781909942627,1149900,0.0,0.0
2025-06-13 00:00:00-04:00,4.9346713394530095,4.983529190113002,4.807640089031639,4.954214572906494,1900800,0.0,0.0
2025-06-16 00:00:00-04:00,4.924899515467908,4.993301065885983,4.817411497938774,4.9444427490234375,1566500,0.0,0.0
2025-06-17 00:00:00-04:00,4.99330110367162,5.178962056827819,4.944442786439351,5.081245422363281,1861100,0.0,0.0
2025-06-18 00:00:00-04:00,5.081245422363281,5.178962056827819,5.051930804781876,5.081245422363281,1857700,0.0,0.0
2025-06-20 00:00:00-04:00,5.110560697513019,5.149647166385407,5.01284452533205,5.022615909576416,2901400,0.0,0.0
2025-06-23 00:00:00-04:00,5.051931158540838,5.051931158540838,4.641522756082959,4.680609226226807,1997200,0.0,0.0
2025-06-24 00:00:00-04:00,4.621979173927397,4.778325042762126,4.582892706718715,4.641522407531738,1717000,0.0,0.0
2025-06-25 00:00:00-04:00,4.621978970676673,4.65129405276778,4.465633108717225,4.553577423095703,1871500,0.0,0.0
2025-06-26 00:00:00-04:00,4.582892794724008,4.621979262683268,4.534034476801207,4.612207412719727,1278100,0.0,0.0
2025-06-27 00:00:00-04:00,4.661065641136079,4.729467191724995,4.602435940323056,4.641522407531738,2370800,0.0,0.0
2025-06-30 00:00:00-04:00,4.631750620563735,4.670837554249891,4.592664152825029,4.621979236602783,1381100,0.0,0.0
2025-07-01 00:00:00-04:00,4.612207181200629,4.934671224598964,4.553577482204776,4.836954593658447,2345700,0.0,0.0
2025-07-02 00:00:00-04:00,4.895585093121306,5.042159117652754,4.788097071310444,5.032387733459473,1637800,0.0,0.0
2025-07-03 00:00:00-04:00,4.9933006952043435,5.100788238806613,4.954214230994899,5.061701774597168,1789400,0.0,0.0
2025-07-07 00:00:00-04:00,5.003072712266176,5.130103970017819,4.915128389624433,5.012844562530518,2212900,0.0,0.0
2025-07-08 00:00:00-04:00,5.012844682638113,5.345079678479139,4.993301447588641,5.26690673828125,2504500,0.0,0.0
2025-07-09 00:00:00-04:00,5.2473630772377335,5.28644954416354,5.091017209534504,5.100788593292236,1709500,0.0,0.0
2025-07-10 00:00:00-04:00,5.042158954956444,5.139875589420982,4.9346714025613645,5.081245422363281,1719400,0.0,0.0
2025-07-11 00:00:00-04:00,5.0519309677934965,5.139875755270333,4.993301264791425,5.032387733459473,1089000,0.0,0.0
2025-07-14 00:00:00-04:00,4.963985751703316,4.973757601000312,4.827183123177316,4.866269588470459,1789900,0.0,0.0
2025-07-15 00:00:00-04:00,4.758781900540677,4.817411602479567,4.612207412719727,4.612207412719727,4185000,0.0,0.0
2025-07-16 00:00:00-04:00,4.573121172341522,4.631750877198114,4.504720082982567,4.543806552886963,2416100,0.0,0.0
2025-07-17 00:00:00-04:00,4.5047197974840465,4.6708375170233145,4.485176563770453,4.631750583648682,1704100,0.0,0.0
2025-07-18 00:00:00-04:00,4.700152045143796,4.739238511826899,4.573120795449993,4.661065578460693,2028400,0.0,0.0
2025-07-21 00:00:00-04:00,4.700152366561977,4.739238835917994,4.55357787350318,4.563349723815918,980300,0.0,0.0
2025-07-22 00:00:00-04:00,4.543806178411384,4.70992389478829,4.53403432876689,4.661065578460693,1299600,0.0,0.0
2025-07-23 00:00:00-04:00,4.7294673617801894,4.9444429391577165,4.700152277345888,4.885813236236572,2085500,0.0,0.0
2025-07-24 00:00:00-04:00,4.504720049103588,4.709924247532106,4.289744000298725,4.700152397155762,4109400,0.0,0.0
2025-07-25 00:00:00-04:00,4.690380573272705,4.758781655708551,4.680608723811911,4.690380573272705,1721700,0.0,0.0
2025-07-28 00:00:00-04:00,4.758781661663976,4.885812909128705,4.739238428665359,4.836954593658447,2272800,0.0,0.0
2025-07-29 00:00:00-04:00,4.827183309082818,4.866269775881267,4.729467142086696,4.807640075683594,1673400,0.0,0.0
2025-07-30 00:00:00-04:00,4.749010361471394,4.768553594812945,4.612207262133096,4.661065578460693,2285200,0.0,0.0
2025-07-31 00:00:00-04:00,4.6122076422459175,4.700152432504544,4.504720082982567,4.543806552886963,1816600,0.0,0.0
2025-08-01 00:00:00-04:00,4.4949478328834696,4.4949478328834696,4.309286884371112,4.367916584014893,2241900,0.0,0.0
2025-08-04 00:00:00-04:00,4.338602066040039,4.407003616823651,4.309286982576364,4.338602066040039,2017200,0.0,0.0
2025-08-05 00:00:00-04:00,4.397231804081144,4.5047198230906345,4.348373486545706,4.475404739379883,1501300,0.0,0.0
2025-08-06 00:00:00-04:00,4.514491399890933,4.602436188832792,4.40700384223696,4.416775226593018,3360200,0.0,0.0
2025-08-07 00:00:00-04:00,4.485176422920954,4.553577505796786,4.377688407897949,4.377688407897949,1969800,0.0,0.0
2025-08-08 00:00:00-04:00,4.436318271730513,4.5047198230906345,4.377688570256458,4.475404739379883,1644800,0.0,0.0
2025-08-11 00:00:00-04:00,4.534550855773507,4.5444088008548515,4.386684969922183,4.416258335113525,1487100,0.04,0.0
2025-08-12 00:00:00-04:00,4.455689568948214,4.60355546786198,4.426116201144367,4.514835834503174,2710600,0.0,0.0
2025-08-13 00:00:00-04:00,4.495120484610405,4.554266751112191,4.445832164218622,4.544409275054932,2747500,0.0,0.0
2025-08-14 00:00:00-04:00,4.46554715682514,4.475404631934166,4.288107904335707,4.366969585418701,1581600,0.0,0.0
2025-08-15 00:00:00-04:00,4.357112634685165,4.396543479972137,4.307823843050073,4.317681789398193,2049500,0.0,0.0
2025-08-18 00:00:00-04:00,4.288107904335707,4.435973791392669,4.258535008955933,4.366969585418701,1383400,0.0,0.0
2025-08-19 00:00:00-04:00,4.376828057328651,4.426116378910989,4.288108420406587,4.317681789398193,1268800,0.0,0.0
2025-08-20 00:00:00-04:00,4.3373972120416795,4.376828057328651,4.288108420406587,4.317681789398193,1440900,0.0,0.0
2025-08-21 00:00:00-04:00,4.288107977602274,4.426115921855516,4.278250502324823,4.396543025970459,1046000,0.0,0.0
2025-08-22 00:00:00-04:00,4.396543252872944,4.721847944713539,4.396543252872944,4.692275047302246,1563300,0.0,0.0
2025-08-25 00:00:00-04:00,4.672558784484863,4.721847569659,4.623270469363417,4.672558784484863,940400,0.0,0.0
2025-08-26 00:00:00-04:00,4.633127910908927,4.711990060628589,4.573981651158696,4.5936970710754395,1754200,0.0,0.0
2025-08-27 00:00:00-04:00,4.583839959860353,4.721847910228165,4.564124538379238,4.613412857055664,1074000,0.0,0.0
2025-08-28 00:00:00-04:00,4.642986185434422,4.692274973750949,4.573981975801829,4.662701606750488,916800,0.0,0.0
2025-08-29 00:00:00-04:00,4.672558859447152,4.741563065787447,4.652843439071739,4.702132225036621,797800,0.0,0.0
2025-09-02 00:00:00-04:00,4.682417463531685,4.751421679581674,4.6232711940828795,4.711990833282471,733800,0.0,0.0
2025-09-03 00:00:00-04:00,4.672558978044239,4.741563186135972,4.514835611037662,4.554266452789307,1076600,0.0,0.0
2025-09-04 00:00:00-04:00,4.593697250721384,4.731705665588379,4.504978092652838,4.731705665588379,1202200,0.0,0.0
2025-09-05 00:00:00-04:00,4.633128239750028,4.761278713330818,4.623270764118356,4.662701606750488,2204500,0.0,0.0
2025-09-08 00:00:00-04:00,4.672559195269631,4.692275087114749,4.544409188645502,4.642986297607422,1455300,0.0,0.0
2025-09-09 00:00:00-04:00,4.66270143314886,4.741563115476947,4.524693489074707,4.524693489074707,1415300,0.0,0.0
2025-09-10 00:00:00-04:00,4.52469391767204,4.633128506118171,4.475405126521799,4.573982238769531,1712200,0.0,0.0
2025-09-11 00:00:00-04:00,4.534551105327176,4.6331282113022345,4.504978208561018,4.5838398933410645,2277200,0.0,0.0
2025-09-12 00:00:00-04:00,4.603555364692874,4.642986207512506,4.3965432048634465,4.406400680541992,1138300,0.0,0.0
2025-09-15 00:00:00-04:00,4.455689175333519,4.514835435663509,4.40640039003218,4.416258335113525,1092000,0.0,0.0
2025-09-16 00:00:00-04:00,4.396543194114926,4.54440908935341,4.396543194114926,4.53455114364624,1071100,0.0,0.0
2025-09-17 00:00:00-04:00,4.495120525360107,4.642986427981395,4.445832204521509,4.495120525360107,1051600,0.0,0.0
2025-09-18 00:00:00-04:00,4.5345513289449295,4.564124697222193,4.426116271998618,4.544409275054932,1426200,0.0,0.0
2025-09-19 00:00:00-04:00,4.534550932637783,4.534550932637783,4.435973830416838,4.445831775665283,3271100,0.0,0.0
2025-09-22 00:00:00-04:00,4.396543349416023,4.5148358817642205,4.34725455924457,4.465547561645508,1477400,0.0,0.0
2025-09-23 00:00:00-04:00,4.514835465284447,4.800709293781309,4.495120045045102,4.623270511627197,1412800,0.0,0.0
2025-09-24 00:00:00-04:00,4.6429860742060365,4.761278599268591,4.6429860742060365,4.682416915893555,1250200,0.0,0.0
2025-09-25 00:00:00-04:00,4.65284379933367,4.721848011016846,4.62327090150712,4.721848011016846,1110300,0.0,0.0
2025-09-26 00:00:00-04:00,4.731705982424966,4.8894293584882185,4.731705982424966,4.8007097244262695,743100,0.0,0.0
2025-09-29 00:00:00-04:00,4.741563393080855,4.780994236553453,4.642986284399361,4.77113676071167,1444600,0.0,0.0
2025-09-30 00:00:00-04:00,4.731705890552456,4.741563366338643,4.5739820474988875,4.692275047302246,1201300,0.0,0.0
2025-10-01 00:00:00-04:00,4.633128670631298,4.7711371027312754,4.633128670631298,4.711990833282471,1281500,0.0,0.0
2025-10-02 00:00:00-04:00,4.68241669572713,4.74156295547736,4.573981651158696,4.5936970710754395,1192000,0.0,0.0
2025-10-03 00:00:00-04:00,4.65284379933367,4.780994276722681,4.65284379933367,4.721848011016846,1362000,0.0,0.0
2025-10-06 00:00:00-04:00,4.741563432918791,4.810567644601967,4.692275113190296,4.721848011016846,775000,0.0,0.0
2025-10-07 00:00:00-04:00,4.692274861341789,4.741563178424832,4.623270653362277,4.682416915893555,1060000,0.0,0.0
2025-10-08 00:00:00-04:00,4.702132523088434,4.731705890552456,4.633128312374202,4.692275047302246,620800,0.0,0.0
2025-10-09 00:00:00-04:00,4.652843526076577,4.731705679105594,4.475404739379883,4.475404739379883,965200,0.0,0.0
2025-10-10 00:00:00-04:00,4.45568938007082,4.45568938007082,4.1599575947794065,4.169815540313721,1488900,0.0,0.0
2025-10-13 00:00:00-04:00,4.238819963119534,4.288108283123919,4.120526960992985,4.258535385131836,1186200,0.0,0.0
2025-10-14 00:00:00-04:00,4.140242383005287,4.307823705136221,4.120526960992985,4.258535385131836,1156900,0.0,0.0
2025-10-15 00:00:00-04:00,4.307823404135664,4.386685086674568,4.258535087575201,4.268392562866211,1978800,0.0,0.0
2025-10-16 00:00:00-04:00,4.297965928844653,4.337396770114106,4.159957514348864,4.268392562866211,1269800,0.0,0.0
2025-10-17 00:00:00-04:00,4.248677327010288,4.337396958751405,4.179673116761339,4.278250694274902,1470300,0.0,0.0
2025-10-20 00:00:00-04:00,4.297965814453544,4.426115810142178,4.297965814453544,4.416258335113525,1032400,0.0,0.0
2025-10-21 00:00:00-04:00,4.396543166523157,4.5148356939504755,4.386685220877854,4.455689430236816,1268900,0.0,0.0
2025-10-22 00:00:00-04:00,4.504978292350279,4.583839978597094,4.40640071448903,4.485262870788574,1098800,0.0,0.0
2025-10-23 00:00:00-04:00,4.534550916819262,4.721847645412034,4.534550916819262,4.702132225036621,2189900,0.0,0.0
2025-10-24 00:00:00-04:00,4.692274749875264,4.800709326913686,4.692274749875264,4.702132225036621,1251000,0.0,0.0
2025-10-27 00:00:00-04:00,4.6922754101328685,4.830283372180081,4.6922754101328685,4.711990833282471,1383400,0.0,0.0
2025-10-28 00:00:00-04:00,4.69227500160354,4.751421265902821,4.672559110117722,4.741563320159912,1213100,0.0,0.0
2025-10-29 00:00:00-04:00,4.751421389998405,4.978148977426918,4.74156344399803,4.928860187530518,1959900,0.0,0.0
2025-10-30 00:00:00-04:00,5.254164676716827,5.5203230975056785,5.076725886208498,5.510465621948242,3122500,0.0,0.0
2025-10-31 00:00:00-04:00,5.510465652622702,5.510465652622702,5.096441335745849,5.126014232635498,2072300,0.0,0.0
2025-11-03 00:00:00-05:00,5.165445137155683,5.421746086888446,5.096441396883575,5.283738136291504,1434800,0.0,0.0
2025-11-04 00:00:00-05:00,5.2640228524401085,5.500607916793366,5.1851611643223565,5.342884540557861,2722800,0.0,0.0
2025-11-05 00:00:00-05:00,5.313310987805009,5.411888094525814,5.283738090815128,5.33302640914917,1654200,0.0,0.0
2025-11-06 00:00:00-05:00,5.323168821922246,5.43160387206854,5.28373798006045,5.352741718292236,1361800,0.0,0.0
2025-11-07 00:00:00-05:00,5.39217270111231,5.4217460683080985,5.264022696737826,5.411888122558594,1435200,0.0,0.0
2025-11-10 00:00:00-05:00,5.441678524017334,5.521119010374826,5.312587496935085,5.441678524017334,1942700,0.04,0.0
2025-11-11 00:00:00-05:00,5.521119039727708,5.689930310886183,5.511189215631554,5.640279769897461,1429900,0.0,0.0
2025-11-12 00:00:00-05:00,5.580699037138402,5.630349574855989,5.421818074046314,5.461538314819336,2061700,0.0,0.0
2025-11-13 00:00:00-05:00,5.451608089467653,5.53104904555957,5.253006882994426,5.342377662658691,2079200,0.0,0.0
2025-11-14 00:00:00-05:00,5.352307632950664,5.382098051489588,5.2430772031474335,5.362237930297852,1445100,0.0,0.0
2025-11-17 00:00:00-05:00,5.382097822650149,5.471468600964359,5.183496145674417,5.2033562660217285,1525900,0.0,0.0
2025-11-18 00:00:00-05:00,5.163636298322361,5.322517743003341,5.133846352977745,5.272867202758789,1393500,0.0,0.0
2025-11-19 00:00:00-05:00,5.143776086532281,5.243077165276343,5.10405584443571,5.163636207580566,1652100,0.0,0.0
2025-11-20 00:00:00-05:00,5.20335637463764,5.302657451949646,4.994825343389262,5.024615287780762,2801700,0.0,0.0
2025-11-21 00:00:00-05:00,5.054405745926437,5.243077131418081,4.965034965034965,5.223217010498047,2051900,0.0,0.0
2025-11-24 00:00:00-05:00,5.173566651166083,5.223217191942247,5.113986286336275,5.183496475219727,1571900,0.0,0.0
2025-11-25 00:00:00-05:00,5.163636174235311,5.262937252338116,5.11398610868654,5.223217010498047,2324300,0.0,0.0
2025-11-26 00:00:00-05:00,5.193426572586449,5.292727176808415,5.183496275412937,5.253006935119629,2032100,0.0,0.0
2025-11-28 00:00:00-05:00,5.243077095014088,5.322517578142651,5.213286677089561,5.282797336578369,624400,0.0,0.0
2025-12-01 00:00:00-05:00,5.302657421364046,5.451608089467653,5.282797300716723,5.342377662658691,1359500,0.0,0.0
2025-12-02 00:00:00-05:00,5.302657566722642,5.401958172681324,5.213286784608509,5.362237930297852,1193300,0.0,0.0
2025-12-03 00:00:00-05:00,5.421818238696489,5.709790229797363,5.401958117706865,5.709790229797363,1332300,0.0,0.0
2025-12-04 00:00:00-05:00,5.670069806815957,5.7793007055232986,5.630349566104672,5.749510288238525,1152600,0.0,0.0
2025-12-05 00:00:00-05:00,5.7892306601821915,5.868671143405546,5.7594407157247485,5.799160957336426,1394000,0.0,0.0
2025-12-08 00:00:00-05:00,5.749510435015043,5.848811039328252,5.689930072427119,5.7693705558776855,2070300,0.0,0.0
2025-12-09 00:00:00-05:00,5.74951056364985,5.8289510488777525,5.699860023631089,5.819021224975586,1216200,0.0,0.0
2025-12-10 00:00:00-05:00,5.828950881958008,5.898461541293214,5.739580575387175,5.828950881958008,1845800,0.0,0.0
2025-12-11 00:00:00-05:00,5.759441044594553,5.918322020113522,5.759441044594553,5.779301166534424,1889800,0.0,0.0
2025-12-12 00:00:00-05:00,5.848811284445854,5.878601703739617,5.610489824106348,5.640279769897461,1645000,0.0,0.0
2025-12-15 00:00:00-05:00,5.650210028831471,5.719720691039486,5.560839245064401,5.699860095977783,1638800,0.0,0.0
2025-12-16 00:00:00-05:00,5.610489622348571,5.610489622348571,5.33244745511512,5.451608180999756,2541500,0.0,0.0
2025-12-17 00:00:00-05:00,5.49132895134446,5.640279623437556,5.49132895134446,5.620419502258301,2341700,0.0,0.0
2025-12-18 00:00:00-05:00,5.590629763016057,5.640279831040355,5.491329153464805,5.550909519195557,2325100,0.0,0.0
2025-12-19 00:00:00-05:00,5.580699170175756,5.679999774475522,5.491328863057284,5.511188983917236,4067700,0.0,0.0
2025-12-22 00:00:00-05:00,5.580699483663516,5.719720810995143,5.501258995761249,5.521119117736816,1396600,0.0,0.0
2025-12-23 00:00:00-05:00,5.51118920433245,5.570769569295175,5.322517811865833,5.411888122558594,2371600,0.0,0.0
2025-12-24 00:00:00-05:00,5.4416783774325665,5.451608201208445,5.352307595936482,5.421818256378174,832600,0.0,0.0
2025-12-26 00:00:00-05:00,5.392027854919434,5.421818273345568,5.352307612686346,5.392027854919434,873600,0.0,0.0
2025-12-29 00:00:00-05:00,5.411888143783884,5.4516083872481484,5.372167900319619,5.382098197937012,983300,0.0,0.0
2025-12-30 00:00:00-05:00,5.41188779291605,5.5012585716678135,5.41188779291605,5.431747913360596,1335000,0.0,0.0
2025-12-31 00:00:00-05:00,5.451608053276399,5.4714686472945,5.372167571214485,5.401957988739014,1260100,0.0,0.0
2026-01-02 00:00:00-05:00,5.411887761459032,5.570769197594503,5.282797216071148,5.491328716278076,2109500,0.0,0.0
2026-01-05 00:00:00-05:00,5.8190211149823945,5.878601477777113,5.45160816749435,5.7395806312561035,3313600,0.0,0.0
2026-01-06 00:00:00-05:00,5.739580702836472,5.779300945194983,5.600559381079045,5.620419502258301,2069400,0.0,0.0
2026-01-07 00:00:00-05:00,5.679999717258719,5.689930014339979,5.531049049060823,5.600559234619141,1535200,0.0,0.0
2026-01-08 00:00:00-05:00,5.640279463582205,5.977901987563375,5.62041934296582,5.88853120803833,2051000,0.0,0.0
2026-01-09 00:00:00-05:00,5.888531538968835,5.948111904166357,5.8090910520388075,5.868671417236328,1363000,0.0,0.0
2026-01-12 00:00:00-05:00,5.878601513974646,6.027552658629926,5.809090853534813,5.9381818771362305,3449400,0.0,0.0
2026-01-13 00:00:00-05:00,6.047412593881563,6.1069929552125854,5.94811151816057,5.977901935577393,2226000,0.0,0.0
2026-01-14 00:00:00-05:00,6.047412958382873,6.2857344180715335,6.047412958382873,6.156643390655518,2179000,0.0,0.0
2026-01-15 00:00:00-05:00,6.077202597844929,6.1467132568359375,5.987832291716632,6.1467132568359375,1835200,0.0,0.0
2026-01-16 00:00:00-05:00,6.136782995896411,6.156643116653256,6.057342512869035,6.087132930755615,1477600,0.0,0.0
2026-01-20 00:00:00-05:00,6.10699340188311,6.156643469872432,6.007692792401811,6.037482738494873,1540400,0.0,0.0
2026-01-21 00:00:00-05:00,6.156643439867248,6.345314833713531,6.156643439867248,6.3254547119140625,1861900,0.0,0.0
2026-01-22 00:00:00-05:00,6.3055944960060755,6.504196184539367,6.2857343745030105,6.474405765533447,1957800,0.0,0.0
2026-01-23 00:00:00-05:00,6.563776606591596,6.722657580008984,6.375105213907124,6.385035037994385,1880700,0.0,0.0
2026-01-26 00:00:00-05:00,6.474405544699772,6.563776325166564,6.305594280930336,6.315524578094482,1696000,0.0,0.0
2026-01-27 00:00:00-05:00,6.315524793508931,6.494265887036512,6.295664672005866,6.474405765533447,1562100,0.0,0.0
2026-01-28 00:00:00-05:00,6.524056252518996,6.593566440458136,6.2062938375742425,6.305594444274902,2169400,0.0,0.0
2026-01-29 00:00:00-05:00,6.514125895661934,6.802097889217676,6.514125895661934,6.653146743774414,4464100,0.0,0.0
2026-01-30 00:00:00-05:00,6.504195947615504,6.6432167930729396,6.474405529694739,6.603496551513672,3797500,0.0,0.0
2026-02-02 00:00:00-05:00,6.414825183419989,6.77230783185124,6.3850347654246224,6.573706150054932,3734000,0.0,0.0
2026-02-03 00:00:00-05:00,5.441678210334179,5.749510313975938,5.034545504469694,5.431747913360596,8253700,0.0,0.0
2026-02-04 00:00:00-05:00,5.431748114304055,5.8388813087327485,5.431748114304055,5.620419502258301,3816100,0.0,0.0
2026-02-05 00:00:00-05:00,5.600559536990466,5.689930321536387,5.28279758927635,5.382098197937012,4490200,0.0,0.0
2026-02-06 00:00:00-05:00,5.392027958468874,5.819021280928583,5.392027958468874,5.729650497436523,2975600,0.0,0.0
2026-02-09 00:00:00-05:00,5.679999828338623,5.729650367710654,5.56083910204891,5.679999828338623,2416400,0.0,0.0
2026-02-10 00:00:00-05:00,5.679999828338623,5.679999828338623,5.5,5.539999961853027,1633600,0.04,0.0
2026-02-11 00:00:00-05:00,5.679999828338623,5.809999942779541,5.650000095367432,5.739999771118164,2080900,0.0,0.0
2026-02-12 00:00:00-05:00,5.710000038146973,5.71999979019165,5.489999771118164,5.630000114440918,2135200,0.0,0.0
2026-02-13 00:00:00-05:00,5.630000114440918,5.889999866485596,5.630000114440918,5.820000171661377,2844900,0.0,0.0
2026-02-17 00:00:00-05:00,5.860000133514404,5.860000133514404,5.650000095367432,5.760000228881836,2354800,0.0,0.0
2026-02-18 00:00:00-05:00,5.75,5.989999771118164,5.75,5.960000038146973,2707000,0.0,0.0
2026-02-19 00:00:00-05:00,5.909999847412109,6.150000095367432,5.909999847412109,6.110000133514404,2574700,0.0,0.0
2026-02-20 00:00:00-05:00,6.039999961853027,6.179999828338623,6.0,6.099999904632568,2640900,0.0,0.0
2026-02-23 00:00:00-05:00,6.099999904632568,6.210000038146973,5.840000152587891,5.940000057220459,2491200,0.0,0.0
2026-02-24 00:00:00-05:00,5.989999771118164,6.059999942779541,5.880000114440918,6.010000228881836,1738700,0.0,0.0
2026-02-25 00:00:00-05:00,6.070000171661377,6.070000171661377,5.789999961853027,5.860000133514404,2099700,0.0,0.0
2026-02-26 00:00:00-05:00,5.789999961853027,5.900000095367432,5.71999979019165,5.789999961853027,2271300,0.0,0.0
2026-02-27 00:00:00-05:00,5.829999923706055,5.900000095367432,5.730000019073486,5.809999942779541,2355500,0.0,0.0
2026-03-02 00:00:00-05:00,5.929999828338623,6.090000152587891,5.739999771118164,6.0,2180100,0.0,0.0
2026-03-03 00:00:00-05:00,5.929999828338623,6.130000114440918,5.849999904632568,5.96999979019165,2720300,0.0,0.0
2026-03-04 00:00:00-05:00,5.889999866485596,6.150000095367432,5.820000171661377,6.150000095367432,2873300,0.0,0.0
2026-03-05 00:00:00-05:00,6.179999828338623,6.179999828338623,5.96999979019165,6.130000114440918,2354500,0.0,0.0
2026-03-06 00:00:00-05:00,6.119999885559082,6.21999979019165,6.050000190734863,6.119999885559082,2242300,0.0,0.0
2026-03-09 00:00:00-04:00,6.179999828338623,6.380000114440918,6.070000171661377,6.260000228881836,2844500,0.0,0.0
2026-03-10 00:00:00-04:00,6.170000076293945,6.340000152587891,6.050000190734863,6.179999828338623,2081000,0.0,0.0
2026-03-11 00:00:00-04:00,6.139999866485596,6.460000038146973,6.119999885559082,6.400000095367432,2196300,0.0,0.0
2026-03-12 00:00:00-04:00,6.360000133514404,6.659999847412109,6.300000190734863,6.570000171661377,3470300,0.0,0.0
2026-03-13 00:00:00-04:00,6.510000228881836,6.559999942779541,6.420000076293945,6.519999980926514,2083100,0.0,0.0
2026-03-16 00:00:00-04:00,6.46999979019165,6.639999866485596,6.369999885559082,6.53000020980835,1785800,0.0,0.0
2026-03-17 00:00:00-04:00,6.630000114440918,6.869999885559082,6.590000152587891,6.860000133514404,1921700,0.0,0.0
2026-03-18 00:00:00-04:00,6.940000057220459,7.190000057220459,6.860000133514404,7.0,3543800,0.0,0.0
2026-03-19 00:00:00-04:00,7.039999961853027,7.170000076293945,6.820000171661377,6.849999904632568,3827700,0.0,0.0
2026-03-20 00:00:00-04:00,6.900000095367432,6.920000076293945,6.699999809265137,6.829999923706055,3802500,0.0,0.0
2026-03-23 00:00:00-04:00,6.460000038146973,6.989999771118164,6.460000038146973,6.889999866485596,2175800,0.0,0.0
2026-03-24 00:00:00-04:00,6.949999809265137,7.199999809265137,6.900000095367432,7.130000114440918,2379800,0.0,0.0
2026-03-25 00:00:00-04:00,7.010000228881836,7.079999923706055,6.940000057220459,7.059999942779541,1559933,0.0,0.0
