Date,Open,High,Low,Close,Volume,Dividends,Stock Splits
2022-01-03 00:00:00-05:00,41.16231706439755,42.7736183586727,41.16231706439755,41.71793746948242,2029500,0.0,0.0
2022-01-04 00:00:00-05:00,42.31060527018635,42.84770812129904,41.55125564330544,42.11613845825195,2868700,0.0,0.0
2022-01-05 00:00:00-05:00,42.273573883857246,42.64398641905563,41.43088068565294,41.782772064208984,1599400,0.0,0.0
2022-01-06 00:00:00-05:00,42.17170816264991,42.54212068795859,40.921556616791115,42.40321731567383,1092500,0.0,0.0
2022-01-07 00:00:00-05:00,42.68102218371191,43.37554955476436,42.227262746969465,42.773624420166016,2273400,0.0,0.0
2022-01-10 00:00:00-05:00,43.42184778365786,43.42184778365786,42.0883565916866,42.92178726196289,795700,0.0,0.0
2022-01-11 00:00:00-05:00,42.81065755010744,43.31997680651599,42.27355833522785,42.384681701660156,784400,0.0,0.0
2022-01-12 00:00:00-05:00,42.35691134636608,42.634721591706175,41.87537193925376,42.17170333862305,712900,0.0,0.0
2022-01-13 00:00:00-05:00,42.55137997615208,42.75510561404746,41.44939422607422,41.44939422607422,3609700,0.0,0.0
2022-01-14 00:00:00-05:00,41.04193513534291,41.44938990116817,40.18998329792227,41.208621978759766,2761400,0.0,0.0
2022-01-18 00:00:00-05:00,40.643745350866865,40.893775653955736,40.20850702335484,40.560401916503906,2030700,0.0,0.0
2022-01-19 00:00:00-05:00,40.57892282120851,40.65300744353923,39.476940558158155,39.63436508178711,3990000,0.0,0.0
2022-01-20 00:00:00-05:00,39.819562640192395,40.264059659712004,38.68979717440404,38.847225189208984,1436400,0.0,0.0
2022-01-21 00:00:00-05:00,38.28234942090745,39.06022022971953,37.66190312299178,37.671165466308594,1821200,0.0,0.0
2022-01-24 00:00:00-05:00,36.56917813123962,37.93971154713728,36.124677561039114,37.79154586791992,1972500,0.0,0.0
2022-01-25 00:00:00-05:00,37.152582695026716,37.3933541587445,36.29136848355315,36.84699249267578,2594000,0.0,0.0
2022-01-26 00:00:00-05:00,37.384087946213604,37.6804193073874,36.078376782120166,36.337669372558594,2234500,0.0,0.0
2022-01-27 00:00:00-05:00,36.72659125131428,37.171088151373695,35.532003845346715,35.65238952636719,1455100,0.0,0.0
2022-01-28 00:00:00-05:00,35.587580019503186,36.1432004602995,34.541157872369894,36.133941650390625,1180900,0.0,0.0
2022-01-31 00:00:00-05:00,35.652411188513405,36.948863917479144,35.652411188513405,36.86552047729492,1578500,0.0,0.0
2022-02-01 00:00:00-05:00,36.995160330047,37.513738529520516,36.60622314789282,37.39335632324219,2057300,0.0,0.0
2022-02-02 00:00:00-05:00,37.39335858230017,37.50448198425083,36.74513226124772,37.17110824584961,1809200,0.0,0.0
2022-02-03 00:00:00-05:00,36.82846931753627,37.13405950311281,36.18024310874991,36.20802307128906,1318300,0.0,0.0
2022-02-04 00:00:00-05:00,35.985768039313726,36.55990950604042,35.90242463829309,36.309879302978516,430100,0.0,0.0
2022-02-07 00:00:00-05:00,36.448799431171004,37.08776338347554,36.43953708737796,36.78217315673828,924100,0.0,0.0
2022-02-08 00:00:00-05:00,36.99515512439351,38.57867653076412,36.74512487087996,38.35642623901367,3546300,0.0,0.0
2022-02-09 00:00:00-05:00,39.01391581904095,39.79178656222134,38.875008941400345,39.35654830932617,991500,0.0,0.0
2022-02-10 00:00:00-05:00,38.80092760851785,40.14367759831363,38.77314411364338,39.10651779174805,833500,0.0,0.0
2022-02-11 00:00:00-05:00,38.37494008806738,39.92142242863225,37.77301865827516,38.18047332763672,895000,0.0,0.0
2022-02-14 00:00:00-05:00,38.384210813577404,39.1065181001344,38.06009594284258,38.33790969848633,1013600,0.0,0.0
2022-02-15 00:00:00-05:00,39.01391665178542,40.35667021162709,38.96761553576648,40.18998336791992,916300,0.0,0.0
2022-02-16 00:00:00-05:00,40.03255389880939,40.90302685941557,40.00477393670397,40.64373779296875,1564200,0.0,0.0
2022-02-17 00:00:00-05:00,40.09737449804832,40.44926931112798,39.14355815823992,39.57879638671875,745300,0.0,0.0
2022-02-18 00:00:00-05:00,41.921664906022485,43.52370732625326,40.347402445159,41.671634674072266,2717500,0.0,0.0
2022-02-22 00:00:00-05:00,41.338265973024775,42.51433267165184,41.03267578580992,41.4771728515625,1494500,0.0,0.0
2022-02-23 00:00:00-05:00,41.85685246992696,41.995755831913286,40.81043018672779,41.03268051147461,1173900,0.0,0.0
2022-02-24 00:00:00-05:00,40.07885658650411,40.68078169444037,38.95835332531689,40.60669708251953,1573000,0.0,0.0
2022-02-25 00:00:00-05:00,40.92155093976022,42.088358887357614,40.81968989390228,41.68090057373047,1216600,0.0,0.0
2022-02-28 00:00:00-05:00,40.26406370320397,40.49557281157052,37.92119265695009,38.67127990722656,2839500,0.0,0.0
2022-03-01 00:00:00-05:00,38.347174038886365,38.59720433549574,35.958001536645405,36.26359176635742,1665500,0.0,0.0
2022-03-02 00:00:00-05:00,36.911813021838256,38.38421110107404,36.61548164397748,37.81932830810547,1436500,0.0,0.0
2022-03-03 00:00:00-05:00,37.874895194526694,37.874895194526694,35.68018609211411,36.217288970947266,889300,0.0,0.0
2022-03-04 00:00:00-05:00,35.46718582008379,35.476448160327934,33.58733346096946,33.846622467041016,1369700,0.0,0.0
2022-03-07 00:00:00-05:00,33.661418423044104,33.74476183216572,31.05925865528242,31.114818572998047,2058400,0.0,0.0
2022-03-08 00:00:00-05:00,31.661176476146846,33.60585461996666,30.938869368968277,32.99467086791992,1771800,0.0,0.0
2022-03-09 00:00:00-05:00,34.39299108578736,34.800449359715806,33.19840329048558,33.26322555541992,1670300,0.0,0.0
2022-03-10 00:00:00-05:00,32.41127429479356,33.26322609491911,31.605623608579428,33.25396728515625,1957600,0.0,0.0
2022-03-11 00:00:00-05:00,33.94849256919179,34.74488439820271,33.65216121875262,34.66154098510742,1312800,0.0,0.0
2022-03-14 00:00:00-04:00,34.94861425152487,35.82834597933732,34.68932166509897,35.57831573486328,1522500,0.0,0.0
2022-03-15 00:00:00-04:00,36.124688646161644,37.124809937184594,35.84687835394955,36.93960189819336,1529000,0.0,0.0
2022-03-16 00:00:00-04:00,37.208148599283525,38.92131479168593,37.04146173885476,38.319393157958984,1045100,0.0,0.0
2022-03-17 00:00:00-04:00,37.8682333586754,38.798428254531316,37.64498857078066,38.6309928894043,755900,0.185,0.0
2022-03-18 00:00:00-04:00,38.286830847964275,39.24493068233608,38.15660409941814,39.18912124633789,1333600,0.0,0.0
2022-03-21 00:00:00-04:00,39.05890215487642,39.34726042649738,38.57520017372842,39.17052459716797,1320400,0.0,0.0
2022-03-22 00:00:00-04:00,39.300742812443055,40.5192996658314,39.02168499327984,40.249542236328125,1088500,0.0,0.0
2022-03-23 00:00:00-04:00,40.091408340277894,40.398374433787076,39.635614717592645,39.97978591918945,882800,0.0,0.0
2022-03-24 00:00:00-04:00,40.14722171553031,40.77975468853858,39.858859947466506,40.76115036010742,987400,0.0,0.0
2022-03-25 00:00:00-04:00,40.85417248607665,41.793671648306606,40.7983630436877,41.57972717285156,1077300,0.0,0.0
2022-03-28 00:00:00-04:00,41.39368220626641,42.054119879736106,41.11462438422132,41.91459274291992,987500,0.0,0.0
2022-03-29 00:00:00-04:00,42.612246023043916,43.021530658910706,41.71925587905944,42.05412673950195,844200,0.0,0.0
2022-03-30 00:00:00-04:00,40.64952881764323,41.849481414325695,40.31465799546088,41.402984619140625,1669900,0.0,0.0
2022-03-31 00:00:00-04:00,41.40298426835866,41.97970781208111,41.17043548252592,41.5332145690918,1417900,0.0,0.0
2022-04-01 00:00:00-04:00,42.25876273053753,42.277367057930434,40.98439646563103,41.27275466918945,1528100,0.0,0.0
2022-04-04 00:00:00-04:00,40.984401856707834,41.170438058282755,40.64953101641202,40.9285888671875,1102600,0.0,0.0
2022-04-05 00:00:00-04:00,40.74255319373318,41.06812367589074,39.84956656253782,40.0542106628418,747100,0.0,0.0
2022-04-06 00:00:00-04:00,39.60770425657416,39.74723137560102,38.696110046553095,39.57049560546875,815000,0.0,0.0
2022-04-07 00:00:00-04:00,39.719327912347204,39.719327912347204,38.491470774498474,39.291439056396484,739400,0.0,0.0
2022-04-08 00:00:00-04:00,39.22632394149102,39.626308100802326,38.82634333059225,38.854248046875,702300,0.0,0.0
2022-04-11 00:00:00-04:00,38.68681941768553,39.663523690920336,38.56589304529244,39.05889892578125,546200,0.0,0.0
2022-04-12 00:00:00-04:00,39.24493666704623,39.52399808324411,38.640311878248546,38.70542526245117,613400,0.0,0.0
2022-04-13 00:00:00-04:00,38.6309992265568,39.89606506019219,38.556585467855456,39.83095169067383,701900,0.0,0.0
2022-04-14 00:00:00-04:00,39.65421769055252,40.50999547033666,39.65421769055252,40.296051025390625,421000,0.0,0.0
2022-04-18 00:00:00-04:00,39.95187913677147,40.93788364419751,39.8309527835996,40.46348571777344,465500,0.0,0.0
2022-04-19 00:00:00-04:00,40.64023279364265,42.31458723063237,40.64023279364265,42.15645217895508,481400,0.0,0.0
2022-04-20 00:00:00-04:00,42.463413549281825,42.89130250225765,41.89599389283365,42.35178756713867,495700,0.0,0.0
2022-04-21 00:00:00-04:00,43.105236338090116,43.71916489467459,41.9145878764505,42.11922836303711,693100,0.0,0.0
2022-04-22 00:00:00-04:00,41.71925194871395,42.07272710681518,41.226249644181976,41.24485397338867,570400,0.0,0.0
2022-04-25 00:00:00-04:00,40.556510245580164,40.72394566935437,39.28214378544376,40.70534133911133,596900,0.0,0.0
2022-04-26 00:00:00-04:00,40.24024150148068,40.36116786716211,38.64960861206055,38.64960861206055,710400,0.0,0.0
2022-04-27 00:00:00-04:00,38.48217215748989,38.62170284861372,37.69150770355582,38.01707458496094,676600,0.0,0.0
2022-04-28 00:00:00-04:00,38.417055533316436,39.39375964337118,37.784522604280255,38.78913497924805,651700,0.0,0.0
2022-04-29 00:00:00-04:00,38.835645851563946,39.068194629118224,37.310126438553944,37.468257904052734,634200,0.0,0.0
2022-05-02 00:00:00-04:00,37.46825908710052,37.85894289090204,36.482254510121784,37.226409912109375,551000,0.0,0.0
2022-05-03 00:00:00-04:00,37.37523865828005,38.08218535891352,37.012463144243625,37.75661849975586,707700,0.0,0.0
2022-05-04 00:00:00-04:00,37.7659205145964,38.398453481107204,36.96595569075066,38.277530670166016,951700,0.0,0.0
2022-05-05 00:00:00-04:00,38.19381230171448,38.77983266320656,37.114786121484116,37.54267501831055,566600,0.0,0.0
2022-05-06 00:00:00-04:00,37.170607659592584,37.65430969766026,35.73810587936298,35.74740982055664,1808200,0.0,0.0
2022-05-09 00:00:00-04:00,35.049756818628865,35.38462767173889,31.924300254152932,32.101036071777344,1345100,0.0,0.0
2022-05-10 00:00:00-04:00,32.268471621100495,34.24978847726408,32.268471621100495,33.784690856933594,1395700,0.0,0.0
2022-05-11 00:00:00-04:00,33.91491055661212,34.57534818825818,32.70565770538676,32.752166748046875,788700,0.0,0.0
2022-05-12 00:00:00-04:00,32.49171481191537,32.85449032965278,30.798760030199006,31.524311065673828,751100,0.0,0.0
2022-05-13 00:00:00-04:00,32.11033753606362,33.74747946589886,32.11033753606362,33.53353500366211,815300,0.0,0.0
2022-05-16 00:00:00-04:00,33.3474899494523,33.868400436547084,32.97541407159522,33.003318786621094,623500,0.0,0.0
2022-05-17 00:00:00-04:00,33.87770431258248,35.51484969859105,33.87770431258248,34.82650375366211,676900,0.0,0.0
2022-05-18 00:00:00-04:00,34.23118080586647,34.631165004187494,33.514930114650056,33.69166946411133,725800,0.0,0.0
2022-05-19 00:00:00-04:00,33.34748773708382,34.20326894136365,33.17075197295779,33.56143569946289,662500,0.0,0.0
2022-05-20 00:00:00-04:00,34.00793684021475,34.10095493825323,32.50101810341775,33.468421936035156,714100,0.0,0.0
2022-05-23 00:00:00-04:00,34.09164908425592,34.43582024993672,33.217263489806825,33.81258773803711,596000,0.0,0.0
2022-05-24 00:00:00-04:00,33.28237047280508,33.28237047280508,32.07311788201828,32.62193298339844,457900,0.0,0.0
2022-05-25 00:00:00-04:00,32.56612891116552,33.487023622074155,32.55682852146098,33.22657012939453,420900,0.0,0.0
2022-05-26 00:00:00-04:00,33.44051670974311,34.65907009828816,33.356799003411446,34.4730339050293,478700,0.0,0.0
2022-05-27 00:00:00-04:00,34.714882630872346,35.43113332046415,34.510238562871,35.41252899169922,393800,0.0,0.0
2022-05-31 00:00:00-04:00,34.98463821411133,35.27299642359445,34.352105263406926,34.98463821411133,672000,0.0,0.0
2022-06-01 00:00:00-04:00,35.20788469534138,35.22648902398564,33.78468726397746,34.57535171508789,525900,0.0,0.0
2022-06-02 00:00:00-04:00,34.61255875785737,35.8590203315783,34.482332011834885,35.82181167602539,561900,0.0,0.0
2022-06-03 00:00:00-04:00,35.4962450086307,35.4962450086307,34.621862888744474,34.910221099853516,361000,0.0,0.0
2022-06-06 00:00:00-04:00,35.270123127695605,35.57860988504726,34.91489692510642,35.148597717285156,349400,0.185,0.0
2022-06-07 00:00:00-04:00,34.80271889134077,35.67208605727841,34.522278675294295,35.531864166259766,445700,0.0,0.0
2022-06-08 00:00:00-04:00,35.36360206021456,35.36360206021456,34.61575674697177,34.933589935302734,516900,0.0,0.0
2022-06-09 00:00:00-04:00,34.87750666136936,34.88685312379341,34.03618240356445,34.03618240356445,458000,0.0,0.0
2022-06-10 00:00:00-04:00,33.138770273298974,33.48464641832613,31.8580910377189,31.91417694091797,934200,0.0,0.0
2022-06-13 00:00:00-04:00,30.951332279902783,30.979375232753675,29.979136166507782,30.11935806274414,1011100,0.0,0.0
2022-06-14 00:00:00-04:00,30.31566498784032,30.409143871966833,29.43694956968679,29.623910903930664,623100,0.0,0.0
2022-06-15 00:00:00-04:00,30.053921871216296,31.03546443848657,29.904351730979563,30.437191009521484,856100,0.0,0.0
2022-06-16 00:00:00-04:00,29.46499817251396,29.48369466499167,27.810396031145345,28.174968719482422,968200,0.0,0.0
2022-06-17 00:00:00-04:00,28.324529600665223,29.044328323688845,27.81973691826872,28.848020553588867,924000,0.0,0.0
2022-06-21 00:00:00-04:00,29.455645924822,29.764130876814928,28.866718972747503,29.41825294494629,574800,0.0,0.0
2022-06-22 00:00:00-04:00,28.978893311333863,29.558471962078446,28.866716165610793,29.18454933166504,804500,0.0,0.0
2022-06-23 00:00:00-04:00,29.156505980362773,29.156505980362773,27.978653989993717,28.315183639526367,1265900,0.0,0.0
2022-06-24 00:00:00-04:00,28.698457799876287,31.072858688292722,28.698457799876287,30.86720085144043,1604100,0.0,0.0
2022-06-27 00:00:00-04:00,31.072850537708362,31.072850537708362,30.23152648580673,30.568056106567383,518900,0.0,0.0
2022-06-28 00:00:00-04:00,31.044808182506127,31.876782319690058,30.624146100224753,30.66153907775879,615600,0.0,0.0
2022-06-29 00:00:00-04:00,30.549364372365492,30.857847528721646,30.072612813464136,30.801761627197266,701600,0.0,0.0
2022-06-30 00:00:00-04:00,30.063266958968704,31.428078602146723,29.932395098114753,31.25046730041504,855300,0.0,0.0
2022-07-01 00:00:00-04:00,31.035463088842324,31.633736491790195,30.708279869986555,31.353296279907227,512400,0.0,0.0
2022-07-05 00:00:00-04:00,30.437194861585233,30.876549960715376,29.7173959368933,30.792417526245117,539000,0.0,0.0
2022-07-06 00:00:00-04:00,30.913934854827303,31.49351171503961,29.64260220714319,30.184789657592773,529900,0.0,0.0
2022-07-07 00:00:00-04:00,30.418493367952536,31.353296456831295,30.418493367952536,30.932634353637695,510500,0.0,0.0
2022-07-08 00:00:00-04:00,31.035459901392375,31.74590860292972,30.46522950840022,31.39068603515625,837800,0.0,0.0
2022-07-11 00:00:00-04:00,31.03546764493898,31.36264734583491,30.633501974700383,30.708284378051758,374500,0.0,0.0
2022-07-12 00:00:00-04:00,30.53066856785852,32.007659151628,30.53066856785852,31.353296279907227,488700,0.0,0.0
2022-07-13 00:00:00-04:00,30.51197748780718,30.96068261957006,30.250233719110014,30.53067398071289,961500,0.0,0.0
2022-07-14 00:00:00-04:00,29.773481874190175,30.33436414320859,29.539781077348803,30.325014114379883,943200,0.0,0.0
2022-07-15 00:00:00-04:00,30.698934251899903,31.50286549645247,30.20348974509043,31.484169006347656,373400,0.0,0.0
2022-07-18 00:00:00-04:00,32.2600516822126,32.662017278938876,31.7646072068949,31.848739624023438,425100,0.0,0.0
2022-07-19 00:00:00-04:00,32.39092686233521,33.026593216775744,32.39092686233521,32.79289245605469,591700,0.0,0.0
2022-07-20 00:00:00-04:00,32.549841145306004,33.400511758032046,32.38157631500937,33.32572937011719,347300,0.0,0.0
2022-07-21 00:00:00-04:00,33.02659020579443,33.30703037989429,32.736800005163396,33.288333892822266,532300,0.0,0.0
2022-07-22 00:00:00-04:00,33.419208783111635,33.718345471555345,32.59658110689613,32.79289245605469,238500,0.0,0.0
2022-07-25 00:00:00-04:00,32.79289304148551,33.063983218608676,32.13853018658649,32.67136764526367,674600,0.0,0.0
2022-07-26 00:00:00-04:00,32.27875314889607,32.531150439204346,32.07309887108248,32.23201370239258,346700,0.0,0.0
2022-07-27 00:00:00-04:00,32.73680231409984,33.24159680267708,32.41896914343904,33.12007141113281,376700,0.0,0.0
2022-07-28 00:00:00-04:00,33.082672791133724,33.634206623612215,32.49374598825231,33.587467193603516,418800,0.0,0.0
2022-07-29 00:00:00-04:00,33.68095505370036,34.69054412841797,33.596822630807225,34.69054412841797,495800,0.0,0.0
2022-08-01 00:00:00-04:00,34.391410093773516,35.139251929918814,34.02683742152713,34.718589782714844,657200,0.0,0.0
2022-08-02 00:00:00-04:00,34.41010548325765,34.93359296879628,33.802482004981975,34.33531951904297,451900,0.0,0.0
2022-08-03 00:00:00-04:00,34.84945738252295,35.316858918515976,34.47553829332296,35.04576873779297,634100,0.0,0.0
2022-08-04 00:00:00-04:00,35.23272339622798,35.513167145915915,34.980326161103086,35.43838119506836,582100,0.0,0.0
2022-08-05 00:00:00-04:00,34.60640995455453,36.5321055555686,34.512927508297125,35.7749137878418,925700,0.0,0.0
2022-08-08 00:00:00-04:00,36.15818180498547,36.44797203060116,35.38229357155827,35.49447250366211,624800,0.0,0.0
2022-08-09 00:00:00-04:00,35.38228783201169,35.61598855366564,34.65314272156818,35.335548400878906,676100,0.0,0.0
2022-08-10 00:00:00-04:00,36.10208657990902,36.44796621640172,35.83099645221235,35.96186828613281,736100,0.0,0.0
2022-08-11 00:00:00-04:00,36.44797686724446,37.27060108255786,36.44797686724446,36.709720611572266,717100,0.0,0.0
2022-08-12 00:00:00-04:00,36.92471335240269,37.62581550466351,36.803187980866966,37.4388542175293,477900,0.0,0.0
2022-08-15 00:00:00-04:00,36.99016334819814,37.81279118512554,36.99016334819814,37.672569274902344,364500,0.0,0.0
2022-08-16 00:00:00-04:00,37.85017879197152,38.56062757337842,37.831482302198864,38.43910217285156,737900,0.0,0.0
2022-08-17 00:00:00-04:00,37.7286497173056,37.94365397976712,37.24255172852677,37.60712432861328,499000,0.0,0.0
2022-08-18 00:00:00-04:00,37.3734317609354,37.79409391697968,36.97146609693656,37.4856071472168,418800,0.0,0.0
2022-08-19 00:00:00-04:00,37.03689633060407,37.476254911011054,36.083396779119745,36.19557571411133,464300,0.0,0.0
2022-08-22 00:00:00-04:00,35.44772750200279,35.45707752881334,34.896197163853834,34.92424011230469,260100,0.0,0.0
2022-08-23 00:00:00-04:00,35.09251028822103,35.64404427649482,35.07381379773825,35.19533920288086,235900,0.0,0.0
2022-08-24 00:00:00-04:00,35.288821170204564,35.64404738840868,35.0644668308148,35.52252197265625,262500,0.0,0.0
2022-08-25 00:00:00-04:00,36.03665833649222,36.4853633909041,35.84969700565624,36.37318801879883,287800,0.0,0.0
2022-08-26 00:00:00-04:00,36.2610166485008,36.41058501647796,34.91489777071515,35.027076721191406,353700,0.0,0.0
2022-08-29 00:00:00-04:00,34.587722412581385,35.0457776027573,34.38206454360547,34.80272674560547,250300,0.0,0.0
2022-08-30 00:00:00-04:00,35.204687748568325,35.42904208164824,34.297927519440755,34.51293182373047,465100,0.0,0.0
2022-08-31 00:00:00-04:00,34.62510730435469,34.999026400705326,33.9707444282526,33.98944091796875,398000,0.0,0.0
2022-09-01 00:00:00-04:00,33.606173085626175,33.606173085626175,32.85833129818619,33.54073715209961,400900,0.0,0.0
2022-09-02 00:00:00-04:00,34.064225894607375,34.40075560304221,33.47530247083748,33.81182861328125,421400,0.0,0.0
2022-09-06 00:00:00-04:00,34.20443827228049,34.26052773006748,33.38181072135495,34.07356643676758,424300,0.0,0.0
2022-09-07 00:00:00-04:00,33.65291460657161,34.63445723606505,33.4379103022819,34.51293182373047,848400,0.0,0.0
2022-09-08 00:00:00-04:00,34.05487721361604,34.61575764714291,33.71834752710359,34.59706115722656,523700,0.0,0.0
2022-09-09 00:00:00-04:00,35.024532899475425,35.616418464374114,34.97755865106562,35.5130729675293,247100,0.185,0.0
2022-09-12 00:00:00-04:00,35.8043165432443,36.42438589713503,35.8043165432443,36.06737518310547,316500,0.0,0.0
2022-09-13 00:00:00-04:00,34.4420411372141,34.93997457516267,34.0662400170119,34.244747161865234,412100,0.0,0.0
2022-09-14 00:00:00-04:00,34.22595372069188,34.31990220048154,33.41798389244355,34.07563400268555,379400,0.0,0.0
2022-09-15 00:00:00-04:00,33.82197564075011,34.498416300414874,33.69983972522053,33.86894989013672,456700,0.0,0.0
2022-09-16 00:00:00-04:00,33.03279496773662,33.03279496773662,31.6423364454612,31.98995018005371,1104500,0.0,0.0
2022-09-19 00:00:00-04:00,31.53898879035737,33.08916394978076,31.51080496037317,33.07037353515625,452000,0.0,0.0
2022-09-20 00:00:00-04:00,32.66639787021301,32.85429848598845,32.440916414501245,32.54426193237305,348800,0.0,0.0
2022-09-21 00:00:00-04:00,32.9012663729962,32.97642445440916,31.41685573810634,31.529598236083984,467900,0.0,0.0
2022-09-22 00:00:00-04:00,31.661129061711616,31.661129061711616,30.2612734422428,30.477357864379883,430600,0.0,0.0
2022-09-23 00:00:00-04:00,29.87607747943077,29.988818185611525,28.786258418145298,29.63180923461914,641700,0.0,0.0
2022-09-26 00:00:00-04:00,29.23722083073384,29.847895055488472,28.260140637564174,28.288326263427734,894300,0.0,0.0
2022-09-27 00:00:00-04:00,28.75807325809956,29.631807866822683,28.466827193890087,29.030527114868164,794800,0.0,0.0
2022-09-28 00:00:00-04:00,29.04931532334618,30.345823430336683,28.93657463093493,29.97002410888672,647500,0.0,0.0
2022-09-29 00:00:00-04:00,29.47209306084748,29.62241280157103,28.805047643428153,29.5566463470459,820700,0.0,0.0
2022-09-30 00:00:00-04:00,29.415723979807755,29.819708984727434,29.11508447622645,29.133874893188477,627000,0.0,0.0
2022-10-03 00:00:00-04:00,29.678786998665387,30.420992405041936,29.453307351551143,30.05458641052246,643900,0.0,0.0
2022-10-04 00:00:00-04:00,30.862552663621877,31.989952616829825,30.862552663621877,31.670522689819336,500900,0.0,0.0
2022-10-05 00:00:00-04:00,31.041057894341236,31.33230038516365,30.543120825683605,31.191377639770508,796600,0.0,0.0
2022-10-06 00:00:00-04:00,30.862551517559414,31.28532693230109,30.637073685634203,30.8813419342041,261400,0.0,0.0
2022-10-07 00:00:00-04:00,30.392801791247944,30.6746544564386,29.763338962507973,30.402198791503906,362300,0.0,0.0
2022-10-10 00:00:00-04:00,30.364618807586673,30.815578067037293,29.92305475670204,30.37401580810547,493800,0.0,0.0
2022-10-11 00:00:00-04:00,30.19550711163627,30.20490411168027,28.983553939104176,29.293588638305664,603900,0.0,0.0
2022-10-12 00:00:00-04:00,29.08689333826043,29.885467988273597,28.673514995155635,29.659988403320312,404100,0.0,0.0
2022-10-13 00:00:00-04:00,28.992947559406474,30.467961101857735,28.43864285604608,30.3458251953125,519600,0.0,0.0
2022-10-14 00:00:00-04:00,30.824976111091846,31.069244374265683,29.566044999922127,29.688180923461914,460000,0.0,0.0
2022-10-17 00:00:00-04:00,30.355220535593133,30.777992309769758,29.951233799685358,30.73101806640625,580100,0.0,0.0
2022-10-18 00:00:00-04:00,31.71749140774387,32.09329252121894,30.947102350634502,31.341693878173828,380900,0.0,0.0
2022-10-19 00:00:00-04:00,31.163192013671733,31.557783608030956,30.505545329582418,30.75921058654785,286400,0.0,0.0
2022-10-20 00:00:00-04:00,30.881340941585552,31.548388167361757,30.67465353294858,30.806182861328125,340600,0.0,0.0
2022-10-21 00:00:00-04:00,30.7967808996776,31.867809354106424,30.571303111326703,31.82083511352539,291700,0.0,0.0
2022-10-24 00:00:00-04:00,31.886610318307095,32.04632708981822,31.125618050931642,31.55778694152832,404800,0.0,0.0
2022-10-25 00:00:00-04:00,31.435644238645388,32.59122789320027,31.435644238645388,32.431514739990234,441400,0.0,0.0
2022-10-26 00:00:00-04:00,32.61002534483554,32.995219979469475,32.27180496634604,32.318782806396484,357200,0.0,0.0
2022-10-27 00:00:00-04:00,32.647598204066796,33.530726189021316,32.534859300092954,32.69457244873047,411500,0.0,0.0
2022-10-28 00:00:00-04:00,33.032801172245904,33.295859876600986,32.243621475274594,32.90127182006836,569700,0.0,0.0
2022-10-31 00:00:00-04:00,32.88247824952421,33.652867453229184,32.77913274445794,33.15493392944336,554200,0.0,0.0
2022-11-01 00:00:00-04:00,33.87834390201275,33.96289897701241,33.40859428177139,33.51193618774414,381200,0.0,0.0
2022-11-02 00:00:00-04:00,33.211293173752,33.793785221109275,32.506668818575605,32.57243347167969,502200,0.0,0.0
2022-11-03 00:00:00-04:00,32.046316246847056,32.78852142777001,31.971154595353934,32.57243347167969,714400,0.0,0.0
2022-11-04 00:00:00-04:00,31.520197686562454,34.01926543449966,31.520197686562454,33.004608154296875,1162700,0.0,0.0
2022-11-07 00:00:00-05:00,32.97642724905218,33.493154782143684,32.1496703639173,33.36162185668945,539400,0.0,0.0
2022-11-08 00:00:00-05:00,33.3898122447807,33.793797306265176,32.75095231424274,33.53073501586914,603900,0.0,0.0
2022-11-09 00:00:00-05:00,33.25827579570507,33.436779367894836,32.54425433913536,32.6851806640625,370100,0.0,0.0
2022-11-10 00:00:00-05:00,34.14140534426553,34.92118791422727,33.87834668219248,34.33869934082031,516300,0.0,0.0
2022-11-11 00:00:00-05:00,34.752089204314686,35.81372109319,34.70511136067249,35.437923431396484,412600,0.0,0.0
2022-11-14 00:00:00-05:00,35.22182452929895,36.09555543711356,34.8366300231359,35.315773010253906,662000,0.0,0.0
2022-11-15 00:00:00-05:00,36.011011708281416,36.45257396453015,34.94937644216203,35.17485427856445,433900,0.0,0.0
2022-11-16 00:00:00-05:00,34.88361145958198,35.09029887710038,34.15079953812682,34.35749053955078,270500,0.0,0.0
2022-11-17 00:00:00-05:00,33.80318284224582,34.526597700321176,33.60588885838124,34.51720428466797,302600,0.0,0.0
2022-11-18 00:00:00-05:00,35.06211725286965,35.39094060866569,34.6675292259144,34.836639404296875,379700,0.0,0.0
2022-11-21 00:00:00-05:00,34.5172118398331,35.362759206000725,34.432656744825735,34.564186096191406,376700,0.0,0.0
2022-11-22 00:00:00-05:00,34.85542350576273,35.67279049849848,34.72389417375619,35.531864166259766,370300,0.0,0.0
2022-11-23 00:00:00-05:00,35.36275469530127,36.01101153563795,35.36275469530127,35.926456451416016,226400,0.0,0.0
2022-11-25 00:00:00-05:00,36.00161589022438,36.208306900302965,35.8512961330506,36.10496139526367,106000,0.0,0.0
2022-11-28 00:00:00-05:00,35.75734330747608,35.851291800391294,35.16545776717545,35.24061584472656,287800,0.0,0.0
2022-11-29 00:00:00-05:00,35.55065142400965,35.91705555458733,35.28759278337033,35.64459991455078,261500,0.0,0.0
2022-11-30 00:00:00-05:00,35.53186378955543,36.28346252441406,35.165459630305946,36.28346252441406,650200,0.0,0.0
2022-12-01 00:00:00-05:00,36.4713699976011,36.82838080810253,36.03920109136083,36.546531677246094,366600,0.0,0.0
2022-12-02 00:00:00-05:00,36.09555667992679,36.969291201729945,35.87947229916648,36.71562957763672,276900,0.0,0.0
2022-12-05 00:00:00-05:00,36.32104887555347,36.49015906457852,35.841905729253185,36.08617401123047,352400,0.0,0.0
2022-12-06 00:00:00-05:00,36.24588148164635,36.358620384098096,35.578834314369566,36.095558166503906,500400,0.0,0.0
2022-12-07 00:00:00-05:00,35.94523803537972,36.2458810784149,35.36274953130322,35.60702133178711,475600,0.0,0.0
2022-12-08 00:00:00-05:00,35.9734236824653,36.236482300312844,35.456699861448406,35.71036148071289,390500,0.0,0.0
2022-12-09 00:00:00-05:00,35.513069124832164,35.96402831179992,35.34395898173113,35.88887023925781,369000,0.0,0.0
2022-12-12 00:00:00-05:00,36.020394173078174,36.518327528987015,35.79491282132625,36.22708511352539,467500,0.0,0.0
2022-12-13 00:00:00-05:00,37.40146809487595,37.41086151087511,36.321042475798336,36.49954605102539,743100,0.0,0.0
2022-12-14 00:00:00-05:00,36.76260685474665,37.08203674482982,36.33983147317991,36.696842193603516,416600,0.0,0.0
2022-12-15 00:00:00-05:00,36.0735800540921,36.19634455262902,35.30866778184717,35.62974166870117,375700,0.2,0.0
2022-12-16 00:00:00-05:00,35.100906705039506,35.799715721907766,34.78927823703793,35.469200134277344,696900,0.0,0.0
2022-12-19 00:00:00-05:00,35.28978617956211,35.40310893548615,34.28879371868957,34.590980529785156,451900,0.0,0.0
2022-12-20 00:00:00-05:00,34.63818950885229,35.23312124839962,34.534312138194004,35.1859016418457,411500,0.0,0.0
2022-12-21 00:00:00-05:00,35.62030697526373,35.86583241869831,35.289787660144725,35.64863586425781,313700,0.0,0.0
2022-12-22 00:00:00-05:00,35.24256857076613,35.24256857076613,34.26045967797815,34.88372039794922,310800,0.0,0.0
2022-12-23 00:00:00-05:00,34.742071654970246,35.37477412343832,34.54376224864599,35.28034210205078,300900,0.0,0.0
2022-12-27 00:00:00-05:00,35.318120512115215,36.13969072249225,35.16702709868552,36.007484436035156,591900,0.0,0.0
2022-12-28 00:00:00-05:00,36.14911859436711,36.19633819482987,35.18589710299263,35.214229583740234,373100,0.0,0.0
2022-12-29 00:00:00-05:00,35.40310844302228,36.36632663852159,35.32755994012381,36.20579147338867,344900,0.0,0.0
2022-12-30 00:00:00-05:00,35.89415687801399,36.281333923339844,35.601415454932635,36.281333923339844,257100,0.0,0.0
2023-01-03 00:00:00-05:00,36.73461409245644,37.25399735549111,36.54574646889375,36.89514923095703,417700,0.0,0.0
2023-01-04 00:00:00-05:00,37.338994628062736,38.519412994384766,37.16901409512428,38.519412994384766,653400,0.0,0.0
2023-01-05 00:00:00-05:00,38.13223001599857,39.07656456298571,37.90558813968748,38.462745666503906,660900,0.0,0.0
2023-01-06 00:00:00-05:00,38.708277789685994,39.31265137215294,38.49107765628315,38.859371185302734,592800,0.0,0.0
2023-01-09 00:00:00-05:00,39.42596325133317,40.521391068234294,39.42596325133317,40.20976257324219,741500,0.0,0.0
2023-01-10 00:00:00-05:00,39.97368251551327,40.719704058880886,39.60538902162755,40.710262298583984,632800,0.0,0.0
2023-01-11 00:00:00-05:00,40.54972908683845,40.85191589047104,40.039791107177734,40.039791107177734,652300,0.0,0.0
2023-01-12 00:00:00-05:00,40.370304467178485,41.22964881583609,40.087004805422794,40.97467803955078,646400,0.0,0.0
2023-01-13 00:00:00-05:00,40.615830510934,41.33352684103663,40.36086333303909,41.078556060791016,343400,0.0,0.0
2023-01-17 00:00:00-05:00,40.946344520894534,41.24853127288746,40.58749640202159,40.88024139404297,362300,0.0,0.0
2023-01-18 00:00:00-05:00,41.18243125721139,41.3807406527476,40.36086118831102,40.653602600097656,430800,0.0,0.0
2023-01-19 00:00:00-05:00,40.200321249241554,40.62527251450476,39.888692722948804,40.56861114501953,333900,0.0,0.0
2023-01-20 00:00:00-05:00,40.93690452417335,41.616826606449955,40.72915335641716,41.569610595703125,399100,0.0,0.0
2023-01-23 00:00:00-05:00,41.75848126066924,42.09844232639072,41.5790553635657,41.84347152709961,406200,0.0,0.0
2023-01-24 00:00:00-05:00,41.494060042343555,41.96622733113725,41.38074090169122,41.635711669921875,344400,0.0,0.0
2023-01-25 00:00:00-05:00,41.36185892077379,41.75848136589864,40.92746582563546,41.71126174926758,328600,0.0,0.0
2023-01-26 00:00:00-05:00,42.155094146728516,42.24952976405972,41.730142874614224,42.155094146728516,337600,0.0,0.0
2023-01-27 00:00:00-05:00,41.966226514416554,42.43839379402122,41.82457849194543,42.155094146728516,422600,0.0,0.0
2023-01-30 00:00:00-05:00,41.80570046589809,42.31564210340462,41.664048810251415,41.73959732055664,443100,0.0,0.0
2023-01-31 00:00:00-05:00,41.900121523961516,42.46672439575195,41.55071876121845,42.46672439575195,473400,0.0,0.0
2023-02-01 00:00:00-05:00,42.29675210922769,43.184425431045845,42.0417813077547,42.938899993896484,344600,0.0,0.0
2023-02-02 00:00:00-05:00,43.25051543606321,43.62825064256242,42.40061662496486,42.863338470458984,471700,0.0,0.0
2023-02-03 00:00:00-05:00,42.38173723065461,42.60837551399068,42.07010508812931,42.24008560180664,294600,0.0,0.0
2023-02-06 00:00:00-05:00,41.88124034980706,42.1267693764943,41.32408276137163,41.65460205078125,374400,0.0,0.0
2023-02-07 00:00:00-05:00,41.56960608219848,42.35340186207561,41.23908683815606,42.211753845214844,354500,0.0,0.0
2023-02-08 00:00:00-05:00,42.183426898790366,42.31563677517713,41.503508403412376,41.541282653808594,532600,0.0,0.0
2023-02-09 00:00:00-05:00,41.928453930821064,42.0984344318059,40.9841194152832,40.9841194152832,308600,0.0,0.0
2023-02-10 00:00:00-05:00,40.842467797012404,41.10688030861091,40.474177912328685,40.9841194152832,436500,0.0,0.0
2023-02-13 00:00:00-05:00,41.05966989299173,41.46573407814087,40.7102670833346,41.41851806640625,270500,0.0,0.0
2023-02-14 00:00:00-05:00,41.40906957107592,42.37229126749154,41.33352467848379,41.890682220458984,820600,0.0,0.0
2023-02-15 00:00:00-05:00,41.43741238807613,42.35341470233395,41.43741238807613,42.28731155395508,424400,0.0,0.0
2023-02-16 00:00:00-05:00,41.63570830783759,42.24952717464372,41.40906644248372,41.99455642700195,422900,0.0,0.0
2023-02-17 00:00:00-05:00,40.14366608082551,41.512952101589676,39.29376702136396,40.493072509765625,1178600,0.0,0.0
2023-02-21 00:00:00-05:00,40.11533175458437,40.559170151400245,39.11433582219021,39.680938720703125,684300,0.0,0.0
2023-02-22 00:00:00-05:00,39.94536186292485,40.68194546654387,39.92647473438576,40.323097229003906,518300,0.0,0.0
2023-02-23 00:00:00-05:00,40.700822673319955,40.91802281662027,40.29475847865551,40.76692581176758,323300,0.0,0.0
2023-02-24 00:00:00-05:00,40.12478405110835,40.60639317583375,39.85092611628846,40.445858001708984,264400,0.0,0.0
2023-02-27 00:00:00-05:00,40.748038262619026,40.88968628714735,40.408077239990234,40.408077239990234,441000,0.0,0.0
2023-02-28 00:00:00-05:00,40.823587819437144,41.19187776857963,40.54972989743599,40.87080383300781,942700,0.0,0.0
2023-03-01 00:00:00-05:00,40.993565163981245,41.645154746254384,40.77636863655687,40.97467803955078,617700,0.0,0.0
2023-03-02 00:00:00-05:00,41.01246087522215,41.31464772467739,39.89814551697417,40.94635772705078,860200,0.0,0.0
2023-03-03 00:00:00-05:00,41.32407923402449,41.55072111605538,40.81414130356838,41.15410232543945,598700,0.0,0.0
2023-03-06 00:00:00-05:00,41.15410352282846,41.5507223249841,39.80370475907842,40.00201416015625,1035000,0.0,0.0
2023-03-07 00:00:00-05:00,39.992566303956835,40.37974332102947,39.680937779166854,39.709266662597656,367800,0.0,0.0
2023-03-08 00:00:00-05:00,39.61483931373482,39.61483931373482,38.70827891370941,39.18988800048828,770800,0.0,0.0
2023-03-09 00:00:00-05:00,39.14266664346927,39.14266664346927,37.386203856796996,37.508968353271484,999100,0.0,0.0
2023-03-10 00:00:00-05:00,37.43342204970622,37.76394131301182,36.72517111707349,37.06513214111328,715500,0.0,0.0
2023-03-13 00:00:00-04:00,36.36632702628846,36.91404287108991,35.68640850470682,36.19635009765625,889000,0.0,0.0
2023-03-14 00:00:00-04:00,37.150121752434345,37.77338241824131,36.649625588144794,36.96125411987305,853900,0.0,0.0
2023-03-15 00:00:00-04:00,35.7557936138044,36.41073351524252,35.49951687594512,35.9266471862793,876500,0.2,0.0
2023-03-16 00:00:00-04:00,35.49951109308868,36.49615435627073,35.119835744803865,36.173431396484375,533700,0.0,0.0
2023-03-17 00:00:00-04:00,35.77477786040859,36.201911792957084,34.61677473543089,34.65473937988281,797100,0.0,0.0
2023-03-20 00:00:00-04:00,35.062886136250484,35.90766367211938,34.95847884700412,35.3001823425293,966700,0.0,0.0
2023-03-21 00:00:00-04:00,36.35377564045917,36.91379479456563,36.059530681746416,36.08800506591797,590600,0.0,0.0
2023-03-22 00:00:00-04:00,36.069020244079006,36.34428468863051,35.16729401380654,35.26221466064453,603400,0.0,0.0
2023-03-23 00:00:00-04:00,35.44256504886964,35.812746588241595,34.35100094279832,34.74966049194336,554600,0.0,0.0
2023-03-24 00:00:00-04:00,34.27506120979481,34.94898149968322,33.8669114858675,34.7591438293457,709100,0.0,0.0
2023-03-27 00:00:00-04:00,35.281194290618366,35.57544285721035,34.920506704172865,35.433067321777344,521100,0.0,0.0
2023-03-28 00:00:00-04:00,35.37611958446657,35.79375961248583,35.31916719029688,35.490020751953125,635300,0.0,0.0
2023-03-29 00:00:00-04:00,35.87918296902471,36.02156213043394,35.43306859692393,35.812740325927734,651800,0.0,0.0
2023-03-30 00:00:00-04:00,36.23037504879699,36.856840371272604,36.125967782569674,36.657508850097656,502800,0.0,0.0
2023-03-31 00:00:00-04:00,37.01820270489852,37.36940002441406,36.90430155656822,37.36940002441406,431200,0.0,0.0
2023-04-03 00:00:00-04:00,37.46432753054369,37.51178604930683,36.72396087859785,36.9043083190918,546500,0.0,0.0
2023-04-04 00:00:00-04:00,37.11312671835299,37.22703150899888,36.19241986284259,36.543617248535156,447200,0.0,0.0
2023-04-05 00:00:00-04:00,36.32530826414378,36.401241176867686,35.860206048116936,36.353782653808594,584700,0.0,0.0
2023-04-06 00:00:00-04:00,36.5151358285724,37.12261344494012,35.96460697570652,36.91379165649414,1014600,0.0,0.0
2023-04-10 00:00:00-04:00,36.79040851010104,37.4263643343585,36.648032934535365,37.28398513793945,601000,0.0,0.0
2023-04-11 00:00:00-04:00,37.4738158238548,37.4738158238548,36.92329051749235,37.01820755004883,502100,0.0,0.0
2023-04-12 00:00:00-04:00,37.54025239239122,38.0338288476422,36.98023330093839,37.67313766479492,815900,0.0,0.0
2023-04-13 00:00:00-04:00,37.60669929898756,37.85348936506312,37.08464840346966,37.768062591552734,560600,0.0,0.0
2023-04-14 00:00:00-04:00,37.83451114005551,38.29960971886931,37.42636133856817,37.521278381347656,565400,0.0,0.0
2023-04-17 00:00:00-04:00,37.644658481909396,37.94839724318826,37.51177322645635,37.79652786254883,388500,0.0,0.0
2023-04-18 00:00:00-04:00,37.862981060525634,38.10027726032422,37.625684860727056,37.96739196777344,323900,0.0,0.0
2023-04-19 00:00:00-04:00,37.65416380872333,37.93892217966898,37.38839319141737,37.74908447265625,534900,0.0,0.0
2023-04-20 00:00:00-04:00,37.56874434440821,37.72061380081267,37.04668969346776,37.065673828125,673900,0.0,0.0
2023-04-21 00:00:00-04:00,37.0466877277649,37.492805816405294,36.94227680311687,37.359920501708984,405100,0.0,0.0
2023-04-24 00:00:00-04:00,37.33143864288634,37.51178244520009,36.98973154725815,36.99922180175781,400900,0.0,0.0
2023-04-25 00:00:00-04:00,36.581588045731806,36.809390401095406,36.38226007957536,36.39175033569336,484700,0.0,0.0
2023-04-26 00:00:00-04:00,36.28733632387608,37.10363587292757,36.28733632387608,36.58158493041992,616400,0.0,0.0
2023-04-27 00:00:00-04:00,36.94226504572244,37.730090047618845,36.799889519940805,37.67313766479492,545700,0.0,0.0
2023-04-28 00:00:00-04:00,37.70162369676109,38.21418076793827,37.60670303850392,38.17621612548828,491600,0.0,0.0
2023-05-01 00:00:00-04:00,38.356553573632134,38.878604434345526,38.11925739868492,38.14773178100586,664400,0.0,0.0
2023-05-02 00:00:00-04:00,38.35655663026563,38.53690043409028,35.56595469401029,36.866336822509766,1514800,0.0,0.0
2023-05-03 00:00:00-04:00,36.67649754456812,36.9232876030999,36.021561381576696,36.03105163574219,964500,0.0,0.0
2023-05-04 00:00:00-04:00,35.56595559155835,35.65138236833693,34.578802531195265,34.607276916503906,962600,0.0,0.0
2023-05-05 00:00:00-04:00,35.26221995186087,36.144962185224216,35.14831515856348,35.91715621948242,665000,0.0,0.0
2023-05-08 00:00:00-04:00,36.05952834221516,36.28733064251286,35.60391649991519,35.6513786315918,577500,0.0,0.0
2023-05-09 00:00:00-04:00,35.30018112265445,36.21140127512399,35.30018112265445,36.19241714477539,585400,0.0,0.0
2023-05-10 00:00:00-04:00,36.69547720630439,36.69547720630439,35.442553799554986,36.06901550292969,651700,0.0,0.0
2023-05-11 00:00:00-04:00,35.727314241437774,36.24936514190663,35.546970438251094,36.23038101196289,521700,0.0,0.0
2023-05-12 00:00:00-04:00,36.37276608684779,36.51514527413679,35.73681392422406,36.163944244384766,526800,0.0,0.0
2023-05-15 00:00:00-04:00,36.08800837469454,36.7524384928192,36.08800837469454,36.58158493041992,538300,0.0,0.0
2023-05-16 00:00:00-04:00,36.25886277019972,36.4012383282352,35.87918737373259,35.95512390136719,477700,0.0,0.0
2023-05-17 00:00:00-04:00,36.363268721246826,37.03718901816747,36.239873691111974,36.94226837158203,631000,0.0,0.0
2023-05-18 00:00:00-04:00,36.80938836875363,37.160589380232636,36.45819097812758,37.094146728515625,456700,0.0,0.0
2023-05-19 00:00:00-04:00,37.34093916765452,37.34093916765452,36.50565532869906,36.84736251831055,410700,0.0,0.0
2023-05-22 00:00:00-04:00,37.084653890647346,37.18906480937044,36.52463465273961,36.97075271606445,508300,0.0,0.0
2023-05-23 00:00:00-04:00,36.799888648304346,37.521267376060315,36.70496801251275,37.208038330078125,597700,0.0,0.0
2023-05-24 00:00:00-04:00,36.62904468197222,36.76192998590082,35.99308892921724,36.27784729003906,570300,0.0,0.0
2023-05-25 00:00:00-04:00,36.23987819384928,37.0466838753812,36.19241967508615,36.9043083190918,776300,0.0,0.0
2023-05-26 00:00:00-04:00,36.999218422599114,37.43584250675689,36.61954672279539,36.91379165649414,626700,0.0,0.0
2023-05-30 00:00:00-04:00,37.246016824299936,37.49280330350209,36.53412815398028,36.64802932739258,485300,0.0,0.0
2023-05-31 00:00:00-04:00,36.54361331692539,36.73345099339161,35.88867713501207,36.08800506591797,798700,0.0,0.0
2023-06-01 00:00:00-04:00,36.16393719775071,37.20804258576613,35.88867637460206,37.122615814208984,673100,0.0,0.0
2023-06-02 00:00:00-04:00,37.82501057799958,38.47045649321135,37.521271749764914,38.214176177978516,637400,0.0,0.0
2023-06-05 00:00:00-04:00,38.47174435853209,38.47174435853209,37.51782066371817,38.20464324951172,496400,0.2,0.0
2023-06-06 00:00:00-04:00,37.928000661795124,38.977318803131254,37.928000661795124,38.78653335571289,515600,0.0,0.0
2023-06-07 00:00:00-04:00,39.11086742964848,40.12202775125897,38.98685634328829,40.08386993408203,633000,0.0,0.0
2023-06-08 00:00:00-04:00,40.112489688587736,40.27465860510682,39.645069127006316,39.77861785888672,543300,0.0,0.0
2023-06-09 00:00:00-04:00,39.721371872025244,39.81676640037375,39.187177068990295,39.66413879394531,586300,0.0,0.0
2023-06-12 00:00:00-04:00,39.58783071972962,40.49405889772627,39.4161241748911,40.37958908081055,780500,0.0,0.0
2023-06-13 00:00:00-04:00,40.63714495230462,40.88516713250082,40.265115320940154,40.29373550415039,580500,0.0,0.0
2023-06-14 00:00:00-04:00,40.293737515222595,40.64668825503939,39.65460676259919,39.77861785888672,1050400,0.0,0.0
2023-06-15 00:00:00-04:00,39.81677399249093,40.417743260495875,39.7881538090646,40.37958908081055,689400,0.0,0.0
2023-06-16 00:00:00-04:00,40.25557459556435,40.44636003362409,39.501974116639616,39.568748474121094,1347000,0.0,0.0
2023-06-20 00:00:00-04:00,39.24441466173401,39.24441466173401,38.63390416578734,39.07270812988281,723700,0.0,0.0
2023-06-21 00:00:00-04:00,39.082246478458195,39.37796043090395,38.796066520836824,39.063167572021484,792000,0.0,0.0
2023-06-22 00:00:00-04:00,38.86284263361913,39.30164654365722,38.42403508465189,39.129940032958984,799500,0.0,0.0
2023-06-23 00:00:00-04:00,38.56712849532237,38.68159829968467,37.994775834581404,38.32864761352539,758800,0.0,0.0
2023-06-26 00:00:00-04:00,38.32865194751323,39.23488012859883,38.32865194751323,38.94870376586914,659800,0.0,0.0
2023-06-27 00:00:00-04:00,38.95823956612067,39.62598680699169,38.67206321687015,39.5496711730957,800500,0.0,0.0
2023-06-28 00:00:00-04:00,39.6641427223963,39.6641427223963,39.25395530719451,39.6164436340332,606000,0.0,0.0
2023-06-29 00:00:00-04:00,39.57828040736719,39.76906216147483,39.301641769410914,39.32072067260742,886600,0.0,0.0
2023-06-30 00:00:00-04:00,39.78814700584018,40.03616914550073,39.41611743527861,39.921695709228516,1063000,0.0,0.0
2023-07-03 00:00:00-04:00,39.87400747140323,40.350969291967694,39.83584965241489,40.01709747314453,291600,0.0,0.0
2023-07-05 00:00:00-04:00,39.6927604675293,40.24603424780389,39.463817208806596,39.6927604675293,455500,0.0,0.0
2023-07-06 00:00:00-04:00,39.14902344931386,39.37796306400436,38.3763440621419,38.986854553222656,874300,0.0,0.0
2023-07-07 00:00:00-04:00,39.120403219083315,39.96939823603747,39.01547468519104,39.43519973754883,1250800,0.0,0.0
2023-07-10 00:00:00-04:00,39.30165012073445,40.08386712336324,39.20625558448126,40.02663040161133,536500,0.0,0.0
2023-07-11 00:00:00-04:00,40.07432513081342,40.65621905525791,40.007550776099734,40.618064880371094,445600,0.0,0.0
2023-07-12 00:00:00-04:00,41.32397019539703,41.36212801286438,40.64668531053558,41.28581237792969,472700,0.0,0.0
2023-07-13 00:00:00-04:00,41.4956842574855,41.93448832111791,41.32397768668492,41.600616455078125,536800,0.0,0.0
2023-07-14 00:00:00-04:00,41.743698195051834,41.743698195051834,40.484519241857306,40.49406051635742,637000,0.0,0.0
2023-07-17 00:00:00-04:00,40.35096824429673,41.304891860658024,40.19834061123612,41.0568733215332,788500,0.0,0.0
2023-07-18 00:00:00-04:00,41.43843870274923,42.55453117544692,41.43843870274923,42.2397346496582,970300,0.0,0.0
2023-07-19 00:00:00-04:00,42.3255901394483,42.84070976928252,42.0871092336654,42.392364501953125,805200,0.0,0.0
2023-07-20 00:00:00-04:00,42.63084272500391,43.098266872052804,42.43051965009564,42.917022705078125,623000,0.0,0.0
2023-07-21 00:00:00-04:00,42.94563895632295,42.94563895632295,41.22857728216812,41.40028381347656,921700,0.0,0.0
2023-07-24 00:00:00-04:00,41.19042215124452,41.457519600053224,40.66576488868608,40.87562561035156,648500,0.0,0.0
2023-07-25 00:00:00-04:00,40.73253671224398,40.73253671224398,39.673680979131206,39.788150787353516,954300,0.0,0.0
2023-07-26 00:00:00-04:00,39.66414051050908,40.00754991063807,39.454276177989136,39.59736251831055,853800,0.0,0.0
2023-07-27 00:00:00-04:00,39.597368300486536,39.749995935807654,38.624369399645616,38.81515121459961,799600,0.0,0.0
2023-07-28 00:00:00-04:00,39.158557033709066,40.112480487095056,39.12039922223062,39.7499885559082,802400,0.0,0.0
2023-07-31 00:00:00-04:00,40.188795147509865,40.61806141903825,39.845382130287156,40.38911819458008,757100,0.0,0.0
2023-08-01 00:00:00-04:00,40.160176248078095,40.417736019191054,39.37795930125911,40.28418731689453,572600,0.0,0.0
2023-08-02 00:00:00-04:00,39.92169981456722,39.92169981456722,39.3111893140507,39.87400436401367,438900,0.0,0.0
2023-08-03 00:00:00-04:00,39.587827316297385,39.80722929607761,39.12040317577114,39.1681022644043,610200,0.0,0.0
2023-08-04 00:00:00-04:00,39.71183563878062,40.99963088599147,39.177637177982184,39.51150894165039,1127400,0.0,0.0
2023-08-07 00:00:00-04:00,39.311189239736905,40.30327062066563,39.311189239736905,40.18880081176758,863800,0.0,0.0
2023-08-08 00:00:00-04:00,39.65461024519386,40.27466214215643,39.387512757975685,40.22696304321289,672700,0.0,0.0
2023-08-09 00:00:00-04:00,40.16972488457845,40.236499247968084,39.034553429094906,39.34934997558594,492500,0.0,0.0
2023-08-10 00:00:00-04:00,39.53058132991157,39.873994309591254,39.082239841044164,39.32072067260742,477900,0.0,0.0
2023-08-11 00:00:00-04:00,39.22533441824072,39.63552182603724,38.87238373208888,39.62598419189453,424600,0.0,0.0
2023-08-14 00:00:00-04:00,39.23487668671371,39.60690628951895,39.11086560613545,39.568748474121094,353300,0.0,0.0
2023-08-15 00:00:00-04:00,39.1013327203946,39.53059545949869,38.87238943913308,38.97732162475586,470900,0.0,0.0
2023-08-16 00:00:00-04:00,38.986859971348736,39.3684309007671,38.6339092269413,38.70068359375,353700,0.0,0.0
2023-08-17 00:00:00-04:00,38.824683764590006,39.02500680863595,38.15693664550781,38.15693664550781,415300,0.0,0.0
2023-08-18 00:00:00-04:00,37.70860266681111,38.51943999452988,37.508279563312286,38.471744537353516,384200,0.0,0.0
2023-08-21 00:00:00-04:00,38.595745757054985,38.82468900898219,38.004314178059886,38.31910705566406,395100,0.0,0.0
2023-08-22 00:00:00-04:00,38.58621022803124,38.92008203142315,38.07109061228681,38.385887145996094,528800,0.0,0.0
2023-08-23 00:00:00-04:00,38.28095540391486,38.72929702515547,38.10924886337853,38.55759048461914,405700,0.0,0.0
2023-08-24 00:00:00-04:00,38.30003839941046,38.8437746228163,38.07109510795687,38.1092529296875,289500,0.0,0.0
2023-08-25 00:00:00-04:00,38.166474278540406,38.33818078455952,37.62273822245624,38.15693664550781,455600,0.0,0.0
2023-08-28 00:00:00-04:00,38.29049424519872,39.15856461017862,38.29049424519872,38.901004791259766,358700,0.0,0.0
2023-08-29 00:00:00-04:00,38.9868548842929,39.47335793776826,38.68159963616034,39.20625686645508,297700,0.0,0.0
2023-08-30 00:00:00-04:00,38.88192880338403,39.253962106841016,38.63391024000954,38.64344787597656,345100,0.0,0.0
2023-08-31 00:00:00-04:00,38.652980260983924,39.02500983994679,38.30956722227072,38.881919860839844,714900,0.0,0.0
2023-09-01 00:00:00-04:00,39.416127564285134,39.83585268835487,39.0250189871726,39.311195373535156,810100,0.0,0.0
2023-09-05 00:00:00-04:00,38.95824149075025,39.082252582492806,38.49081730736975,38.50035858154297,569000,0.0,0.0
2023-09-06 00:00:00-04:00,39.044089982672155,39.53058937696696,38.710218206090374,39.0917854309082,483700,0.0,0.0
2023-09-07 00:00:00-04:00,38.83422533499169,39.11086402706276,38.347725944564495,38.42403793334961,640200,0.0,0.0
2023-09-08 00:00:00-04:00,38.38589386571745,38.86285574773271,38.36681495376519,38.66252899169922,358200,0.0,0.0
2023-09-11 00:00:00-04:00,39.017227561259915,39.20895913702784,37.86684176362799,37.876426696777344,666600,0.2,0.0
2023-09-12 00:00:00-04:00,37.70387045249284,37.70387045249284,37.05198532103172,37.291648864746094,722200,0.0,0.0
2023-09-13 00:00:00-04:00,37.33958257054927,37.66552515136777,37.11909253896258,37.5025520324707,404700,0.0,0.0
2023-09-14 00:00:00-04:00,37.9722952446951,38.30782276778849,37.5600736266228,37.73263168334961,408700,0.0,0.0
2023-09-15 00:00:00-04:00,37.59842368502231,38.15444129024277,37.44503913975708,38.12568283081055,755600,0.0,0.0
2023-09-18 00:00:00-04:00,38.16402793940199,39.02681459125019,37.94353789536381,38.58583450317383,521200,0.0,0.0
2023-09-19 00:00:00-04:00,38.63376444887215,38.96929562104993,38.413274416457085,38.4228630065918,539200,0.0,0.0
2023-09-20 00:00:00-04:00,38.68169519205733,39.22812778904732,38.509137144905175,38.61458969116211,506500,0.0,0.0
2023-09-21 00:00:00-04:00,38.374926359078685,38.66252554393449,38.02981026283215,38.44203186035156,487500,0.0,0.0
2023-09-22 00:00:00-04:00,38.40368563588746,38.55707014989553,37.416269398546234,37.751800537109375,519800,0.0,0.0
2023-09-25 00:00:00-04:00,37.560071731956114,38.23113040126798,37.4162721396123,38.19278335571289,325700,0.0,0.0
2023-09-26 00:00:00-04:00,37.943534979010266,38.08733091477818,37.62717733776487,37.6463508605957,327600,0.0,0.0
2023-09-27 00:00:00-04:00,37.847666839983894,38.04898334145244,37.34916622422214,37.86684036254883,488600,0.0,0.0
2023-09-28 00:00:00-04:00,37.79973346275486,38.20236645078692,37.72303937533426,37.85725402832031,396900,0.0,0.0
2023-09-29 00:00:00-04:00,37.962706343110256,38.34616950090963,37.627178822767576,37.78056335449219,430500,0.0,0.0
2023-10-02 00:00:00-04:00,37.713450725509375,37.72303565700449,36.31381668082252,36.59182357788086,564500,0.0,0.0
2023-10-03 00:00:00-04:00,36.27547900137377,36.285063935342166,35.01964054690857,35.38393020629883,829300,0.0,0.0
2023-10-04 00:00:00-04:00,35.20177488099535,35.86324480251352,35.08673377179463,35.82489776611328,626200,0.0,0.0
2023-10-05 00:00:00-04:00,35.74821508404783,36.28505908189325,35.53730999519401,36.19878005981445,562500,0.0,0.0
2023-10-06 00:00:00-04:00,36.03581060531866,36.591828125512194,35.25929940660951,36.19878005981445,515500,0.0,0.0
2023-10-09 00:00:00-04:00,35.757799958925204,35.99746350242601,34.76079874028774,35.02922439575195,775000,0.0,0.0
2023-10-10 00:00:00-04:00,35.34557665028723,35.844077235329976,34.971702125748976,35.067569732666016,1196200,0.0,0.0
2023-10-11 00:00:00-04:00,35.21137458712101,35.95912382582539,35.21137458712101,35.74822235107422,735500,0.0,0.0
2023-10-12 00:00:00-04:00,35.91118319370594,35.91118319370594,34.703280586813015,34.971702575683594,475000,0.0,0.0
2023-10-13 00:00:00-04:00,35.07715699831926,35.201783067114306,33.92677123761428,34.26230239868164,651400,0.0,0.0
2023-10-16 00:00:00-04:00,34.59783444525249,35.067576669630796,34.3677558001134,34.78956604003906,423700,0.0,0.0
2023-10-17 00:00:00-04:00,34.58824842706399,35.54690271397406,34.58824842706399,35.23054504394531,507000,0.0,0.0
2023-10-18 00:00:00-04:00,34.66492929708038,34.88541928335326,33.55289077758789,33.55289077758789,605700,0.0,0.0
2023-10-19 00:00:00-04:00,33.41867718924191,34.21435806390384,32.93935021557401,33.1885986328125,633600,0.0,0.0
2023-10-20 00:00:00-04:00,33.159846206857075,33.59124129289971,32.901009155231485,32.92976760864258,654300,0.0,0.0
2023-10-23 00:00:00-04:00,33.03522351344426,33.39951314066572,32.881838984662956,33.025638580322266,752600,0.0,0.0
2023-10-24 00:00:00-04:00,33.14067066885541,33.313228692771645,32.795554621022916,33.01604461669922,402600,0.0,0.0
2023-10-25 00:00:00-04:00,32.79555921438272,33.21736940169025,32.49837875366211,32.49837875366211,521200,0.0,0.0
2023-10-26 00:00:00-04:00,32.52713720935106,32.929770216898554,32.07656856635458,32.49837875366211,1261000,0.0,0.0
2023-10-27 00:00:00-04:00,32.68052164374141,33.169433673971255,32.28747357019175,32.37375259399414,1419800,0.0,0.0
2023-10-30 00:00:00-04:00,32.450441897902344,33.121500542221646,31.951944952154143,32.69010543823242,1961500,0.0,0.0
2023-10-31 00:00:00-04:00,32.57506971006169,33.33240741580029,32.19161021915113,33.19819641113281,771300,0.0,0.0
2023-11-01 00:00:00-04:00,32.89142728685293,33.620002877942795,32.699695713310675,33.322818756103516,727900,0.0,0.0
2023-11-02 00:00:00-04:00,33.89800729030455,34.34857585735323,33.75420772214754,33.87883377075195,874300,0.0,0.0
2023-11-03 00:00:00-04:00,34.617003527912,35.52772574354017,34.55948295976503,35.30723571777344,1173300,0.0,0.0
2023-11-06 00:00:00-05:00,35.844087665246164,37.26289574768572,35.364760462112145,35.633182525634766,1313300,0.0,0.0
2023-11-07 00:00:00-05:00,35.16343388884695,35.441444465074014,34.41568483538479,34.89501190185547,1069900,0.0,0.0
2023-11-08 00:00:00-05:00,34.9429405307195,35.59482557124843,34.9429405307195,35.220951080322266,1166200,0.0,0.0
2023-11-09 00:00:00-05:00,35.48938000581191,35.6811115830578,34.91418527407424,34.94294738769531,937900,0.0,0.0
2023-11-10 00:00:00-05:00,35.11549824155205,36.01663171577389,34.866246145145524,35.81531524658203,581600,0.0,0.0
2023-11-13 00:00:00-05:00,35.47020689366275,35.633176359177185,35.067573868056,35.268890380859375,992200,0.0,0.0
2023-11-14 00:00:00-05:00,36.016630082825046,36.36174610406392,35.74820813607248,36.102909088134766,1069500,0.0,0.0
2023-11-15 00:00:00-05:00,36.19878012417469,36.81232186947889,36.18919519147132,36.745216369628906,1058500,0.0,0.0
2023-11-16 00:00:00-05:00,36.5534838759897,36.754800370435404,36.03580975572186,36.217952728271484,829700,0.0,0.0
2023-11-17 00:00:00-05:00,36.572655768184646,37.176605224609375,36.505550273026344,37.176605224609375,850000,0.0,0.0
2023-11-20 00:00:00-05:00,37.0232220735693,37.119089682300135,36.4959630249634,36.93694305419922,875800,0.0,0.0
2023-11-21 00:00:00-05:00,36.812323820128086,37.013640330345616,36.54389814952905,36.78356170654297,775200,0.0,0.0
2023-11-22 00:00:00-05:00,37.18619956264941,37.33958409772114,36.69728384293742,36.71645736694336,741900,0.0,0.0
2023-11-24 00:00:00-05:00,36.831488055383964,36.860250164571646,36.428855096507455,36.6972770690918,362100,0.0,0.0
2023-11-27 00:00:00-05:00,36.486374703534594,36.63975920628144,36.09332668668486,36.59182357788086,765500,0.0,0.0
2023-11-28 00:00:00-05:00,36.534309691447575,36.572656734544196,36.1891936175286,36.48637771606445,773200,0.0,0.0
2023-11-29 00:00:00-05:00,36.773975281190076,37.1766082852879,36.63976427982414,36.649349212646484,791700,0.0,0.0
2023-11-30 00:00:00-05:00,36.74521911146327,37.22454623585819,36.54389893991584,37.18619918823242,926000,0.0,0.0
2023-12-01 00:00:00-05:00,37.05198555719472,38.039398193359375,36.984880057085014,38.039398193359375,851400,0.0,0.0
2023-12-04 00:00:00-05:00,37.627177427178495,38.01064057075526,37.627177427178495,37.77097702026367,946100,0.0,0.0
2023-12-05 00:00:00-05:00,37.24371071976768,37.492962836334414,36.81231929574293,37.176605224609375,800600,0.0,0.0
2023-12-06 00:00:00-05:00,37.38751477166626,38.22154292338871,37.18619826210837,37.329994201660156,756300,0.0,0.0
2023-12-07 00:00:00-05:00,37.58882913412198,37.91477169825386,37.4066861583036,37.71345520019531,1011800,0.0,0.0
2023-12-08 00:00:00-05:00,37.84767219971231,38.55707800717402,37.76139316443962,38.12568283081055,636400,0.0,0.0
2023-12-11 00:00:00-05:00,37.703873625915406,38.11609159138185,37.52172697689745,38.05857467651367,740400,0.0,0.0
2023-12-12 00:00:00-05:00,37.94353488824592,37.962704754055345,37.377928765503796,37.521724700927734,949100,0.0,0.0
2023-12-13 00:00:00-05:00,37.51213977543789,38.585831452779466,37.31081961464371,38.44203186035156,1001300,0.0,0.0
2023-12-14 00:00:00-05:00,39.106984949134514,40.13814463550611,38.77932649053428,40.00322341918945,1180900,0.21,0.0
2023-12-15 00:00:00-05:00,39.839404213024594,40.051419634567885,39.29009487196062,39.328643798828125,1137400,0.0,0.0
2023-12-18 00:00:00-05:00,39.57920180416428,39.57920180416428,38.866065086306556,39.039527893066406,781700,0.0,0.0
2023-12-19 00:00:00-05:00,39.15517770991553,39.66593812940498,39.15517770991553,39.646663665771484,575800,0.0,0.0
2023-12-20 00:00:00-05:00,39.53101938308548,40.12851303302009,39.049168835280284,39.068443298339844,886500,0.0,0.0
2023-12-21 00:00:00-05:00,39.579199458559664,40.070689023306386,39.396097593469676,39.868309020996094,455500,0.0,0.0
2023-12-22 00:00:00-05:00,39.87794568850452,40.803097703087545,39.87794568850452,40.571807861328125,644200,0.0,0.0
2023-12-26 00:00:00-05:00,40.65855050485143,40.74528375606141,40.301982105978475,40.47544860839844,593500,0.0,0.0
2023-12-27 00:00:00-05:00,40.61035993888639,40.70673224554152,40.28270144871417,40.436893463134766,489200,0.0,0.0
2023-12-28 00:00:00-05:00,40.234514339323304,40.59108265861556,40.234514339323304,40.51398849487305,518100,0.0,0.0
2023-12-29 00:00:00-05:00,40.4850765723869,40.65854304297134,40.21524147424555,40.41761779785156,435800,0.0,0.0
2024-01-02 00:00:00-05:00,40.03214558598529,40.41762382997105,39.540655953901286,39.646663665771484,609200,0.0,0.0
2024-01-03 00:00:00-05:00,38.97207321005579,39.39610406914099,37.94091327292648,37.989097595214844,928800,0.0,0.0
2024-01-04 00:00:00-05:00,38.027642197561335,38.66368473760561,37.979457880754346,38.413124084472656,842600,0.0,0.0
2024-01-05 00:00:00-05:00,38.29748121625491,39.26118226302679,38.29748121625491,38.78896713256836,1030700,0.0,0.0
2024-01-08 00:00:00-05:00,38.64441504887994,39.1069948408011,38.34567004203992,39.049171447753906,652000,0.0,0.0
2024-01-09 00:00:00-05:00,38.528761948280824,38.79859702674154,38.442028719314564,38.57694625854492,389200,0.0,0.0
2024-01-10 00:00:00-05:00,38.952796519982485,39.25154518306376,38.83715341785306,39.068443298339844,558300,0.0,0.0
2024-01-11 00:00:00-05:00,38.8564261379996,39.18408464285906,38.48058331576653,39.16481018066406,404300,0.0,0.0
2024-01-12 00:00:00-05:00,39.36718392743289,39.59847378231699,38.42275739942559,38.44203186035156,459500,0.0,0.0
2024-01-16 00:00:00-05:00,38.114373248057525,38.32638864129803,37.72889505952548,38.316749572753906,547500,0.0,0.0
2024-01-17 00:00:00-05:00,37.75780708246004,38.53840624915299,37.75780708246004,38.413124084472656,707800,0.0,0.0
2024-01-18 00:00:00-05:00,38.72151043076645,38.86606706602866,38.15292663561792,38.326393127441406,611500,0.0,0.0
2024-01-19 00:00:00-05:00,38.40348074045211,38.96242904663086,38.056551492323976,38.96242904663086,384200,0.0,0.0
2024-01-22 00:00:00-05:00,39.11662297723094,39.57919900709835,39.06843866341241,39.550289154052734,485000,0.0,0.0
2024-01-23 00:00:00-05:00,39.897220274575034,40.157416292565095,39.68520489197701,39.955039978027344,908000,0.0,0.0
2024-01-24 00:00:00-05:00,40.446526919528786,40.446526919528786,39.6466534283064,39.66592788696289,481800,0.0,0.0
2024-01-25 00:00:00-05:00,40.28270577189801,41.34277920150701,40.224886057927264,40.88019943237305,1087300,0.0,0.0
2024-01-26 00:00:00-05:00,40.986202368199564,41.381319631291134,40.78382604042213,41.11148452758789,901400,0.0,0.0
2024-01-29 00:00:00-05:00,41.19821780814984,41.59333507165844,40.7260026999432,41.54515075683594,960400,0.0,0.0
2024-01-30 00:00:00-05:00,41.36203935137534,41.85352885109561,41.36203935137534,41.57405471801758,482100,0.0,0.0
2024-01-31 00:00:00-05:00,41.554777388393845,41.94989456860063,40.24414371466595,40.29233169555664,945500,0.0,0.0
2024-02-01 00:00:00-05:00,40.86093122397371,41.419875992925114,40.388716031452,41.294593811035156,622600,0.0,0.0
2024-02-02 00:00:00-05:00,40.92837999925169,41.55478340300101,40.716364616571475,41.43914031982422,456400,0.0,0.0
2024-02-05 00:00:00-05:00,40.95728964366994,40.95728964366994,40.4561647174707,40.754913330078125,427700,0.0,0.0
2024-02-06 00:00:00-05:00,40.735640400834086,41.323498580121296,40.591083784992904,40.96692657470703,616900,0.0,0.0
2024-02-07 00:00:00-05:00,41.111482455251966,41.12111784722957,40.648906439551986,41.015113830566406,464400,0.0,0.0
2024-02-08 00:00:00-05:00,40.88983520566195,41.1500349262371,40.311616055202336,40.33088684082031,1136700,0.0,0.0
2024-02-09 00:00:00-05:00,40.39834053249595,40.58144605886073,40.12850545308753,40.494712829589844,660100,0.0,0.0
2024-02-12 00:00:00-05:00,40.49471753808286,41.15966992232499,40.49471753808286,41.00547790527344,423800,0.0,0.0
2024-02-13 00:00:00-05:00,39.83939916762071,40.04177549370346,39.328638818108764,39.868309020996094,572000,0.0,0.0
2024-02-14 00:00:00-05:00,40.398341338061336,40.783823181669156,39.94540439948356,40.754913330078125,806700,0.0,0.0
2024-02-15 00:00:00-05:00,41.024756287448405,41.72825766224018,40.995846430309626,41.564430236816406,924400,0.0,0.0
2024-02-16 00:00:00-05:00,41.29458739022131,41.506602791803346,39.46355765114219,39.579200744628906,1573100,0.0,0.0
2024-02-20 00:00:00-05:00,39.41537628095605,39.87795236570169,39.029894372220724,39.068443298339844,1197300,0.0,0.0
2024-02-21 00:00:00-05:00,38.721508660073034,38.9817083859096,37.921635020327926,38.422760009765625,1330800,0.0,0.0
2024-02-22 00:00:00-05:00,38.548036067898735,38.83714560316253,38.11436992688944,38.38420867919922,1080800,0.0,0.0
2024-02-23 00:00:00-05:00,38.42276220480164,39.145538036896184,37.960186113408504,38.519134521484375,880900,0.0,0.0
2024-02-26 00:00:00-05:00,38.3071141804373,38.69259604519686,38.14328677746237,38.316749572753906,816700,0.0,0.0
2024-02-27 00:00:00-05:00,38.70223839312061,38.817881502840976,38.18183888503671,38.36494445800781,765200,0.0,0.0
2024-02-28 00:00:00-05:00,38.07582878315063,38.61550272173789,38.01800907002809,38.326393127441406,776300,0.0,0.0
2024-02-29 00:00:00-05:00,38.34566043301261,38.663679824509316,37.97945305460457,38.644405364990234,1211700,0.0,0.0
2024-03-01 00:00:00-05:00,38.779326242146055,39.05879671215809,38.36493455668156,38.45166778564453,756600,0.0,0.0
2024-03-04 00:00:00-05:00,40.75491886447921,41.17894600904763,40.18633508987065,40.350162506103516,4022600,0.0,0.0
2024-03-05 00:00:00-05:00,40.080324554360175,41.84389546468336,40.080324554360175,41.169307708740234,2135800,0.0,0.0
2024-03-06 00:00:00-05:00,41.468054888228444,42.37393622546096,41.29458840561914,41.82462692260742,2880000,0.0,0.0
2024-03-07 00:00:00-05:00,42.200470297050884,42.6823208270207,41.85353732727617,42.26792907714844,1807600,0.0,0.0
2024-03-08 00:00:00-05:00,42.4028468441697,42.90397183892995,42.11373726002319,42.210105895996094,1527500,0.0,0.0
2024-03-11 00:00:00-04:00,41.959544389606606,42.92324543479062,41.89208561054195,42.69195556640625,1876800,0.0,0.0
2024-03-12 00:00:00-04:00,43.058162083806515,44.10859634792774,42.82687222030551,43.915855407714844,2092500,0.0,0.0
2024-03-13 00:00:00-04:00,43.81949427105403,45.35177930969127,43.81949427105403,44.90847396850586,2075900,0.0,0.0
2024-03-14 00:00:00-04:00,44.976234310893076,45.37314024218915,44.72453939784637,44.908470153808594,2029200,0.21,0.0
2024-03-15 00:00:00-04:00,45.26664601229573,46.2250304677994,45.034312848631785,45.62483215332031,22684300,0.0,0.0
2024-03-18 00:00:00-04:00,45.489312046486205,45.973343866252364,45.092406101992744,45.10208511352539,2296200,0.0,0.0
2024-03-19 00:00:00-04:00,44.8987915815208,45.25697408573596,44.376036342156205,44.869747161865234,1362500,0.0,0.0
2024-03-20 00:00:00-04:00,44.53092112547385,45.44089948860498,44.35666939955333,45.16016387939453,1072800,0.0,0.0
2024-03-21 00:00:00-04:00,45.324731015249675,45.87652689340168,45.25696686830954,45.55706787109375,874400,0.0,0.0
2024-03-22 00:00:00-04:00,45.83780541875682,46.88331577523218,45.741000545543564,46.74778747558594,1738900,0.0,0.0
2024-03-25 00:00:00-04:00,46.70906130475081,48.07403061692618,46.53480958890979,47.53191375732422,1929700,0.0,0.0
2024-03-26 00:00:00-04:00,48.05466557385388,49.01304994454742,47.657759735921324,48.703269958496094,2324400,0.0,0.0
2024-03-27 00:00:00-04:00,48.76136416021952,49.235716965252315,48.46126679742604,49.13890838623047,1159700,0.0,0.0
2024-03-28 00:00:00-04:00,49.45836325024729,50.11664671087004,49.41963982482969,49.797183990478516,1337600,0.0,0.0
2024-04-01 00:00:00-04:00,49.86494929985505,50.00048129197312,49.11954365398622,49.54549026489258,1086300,0.0,0.0
2024-04-02 00:00:00-04:00,49.12922325185067,49.20667010541604,48.33541146715178,48.53870391845703,1375300,0.0,0.0
2024-04-03 00:00:00-04:00,48.54838503317011,49.07113650615593,48.35477159846061,48.82912063598633,1189000,0.0,0.0
2024-04-04 00:00:00-04:00,49.380914837750574,50.00047854623126,48.490298238526,48.56774139404297,1020100,0.0,0.0
2024-04-05 00:00:00-04:00,48.3354106991821,49.02273489574277,48.3354106991821,48.92593002319336,1134800,0.0,0.0
2024-04-08 00:00:00-04:00,49.07113322810548,49.29378737064348,48.60646323156503,48.79039764404297,909800,0.0,0.0
2024-04-09 00:00:00-04:00,48.75167844314605,48.94529188168925,47.89010251914143,47.95786666870117,1046300,0.0,0.0
2024-04-10 00:00:00-04:00,47.17373401327425,47.7545743302445,46.87363299819616,47.23181915283203,1094800,0.0,0.0
2024-04-11 00:00:00-04:00,47.280220136868174,47.67712601281338,46.40896153461329,47.59000015258789,1000800,0.0,0.0
2024-04-12 00:00:00-04:00,47.23181806116382,47.59967952458649,46.583213609468594,46.999481201171875,1151500,0.0,0.0
2024-04-15 00:00:00-04:00,47.44478279807271,47.87073303227154,46.45736143830118,46.680015563964844,577400,0.0,0.0
2024-04-16 00:00:00-04:00,46.747784503053005,47.15436937613838,46.21535034849737,46.912353515625,622600,0.0,0.0
2024-04-17 00:00:00-04:00,47.367348193001156,47.648087499283555,46.941401574857316,47.08660888671875,788100,0.0,0.0
2024-04-18 00:00:00-04:00,47.347980649946045,48.11275162067847,47.05756236911072,47.173728942871094,646300,0.0,0.0
2024-04-19 00:00:00-04:00,47.202775695777504,47.84169747241922,47.202775695777504,47.46415328979492,875000,0.0,0.0
2024-04-22 00:00:00-04:00,47.58031759661107,48.383808298479096,47.33830174656293,47.9675407409668,642600,0.0,0.0
2024-04-23 00:00:00-04:00,48.12243852482257,49.42932654229437,47.93850777845368,49.38092041015625,1081100,0.0,0.0
2024-04-24 00:00:00-04:00,49.57453038688068,50.00048068548965,49.34219721752047,49.75846481323242,873800,0.0,0.0
2024-04-25 00:00:00-04:00,49.12922399471151,49.97143822918888,48.79040323741294,49.91335678100586,664800,0.0,0.0
2024-04-26 00:00:00-04:00,50.06825131450533,50.6394089946707,49.92304029520903,50.01016616821289,742200,0.0,0.0
2024-04-29 00:00:00-04:00,50.05856064946366,50.46514922311111,49.97143479031556,50.35866165161133,838200,0.0,0.0
2024-04-30 00:00:00-04:00,49.92303196283094,50.12632440161965,48.55806264216976,48.6355094909668,938400,0.0,0.0
2024-05-01 00:00:00-04:00,48.567743905983015,49.39060009473175,48.277325595253124,48.68391418457031,898400,0.0,0.0
2024-05-02 00:00:00-04:00,49.48740974354574,49.53581218452734,48.77104475413119,49.158267974853516,642900,0.0,0.0
2024-05-03 00:00:00-04:00,49.71006518322159,50.01016623348649,49.30348023725266,49.768150329589844,728200,0.0,0.0
2024-05-06 00:00:00-04:00,50.14569096595055,50.32962540320663,49.70038262088628,49.9036750793457,1329700,0.0,0.0
2024-05-07 00:00:00-04:00,45.5086675055924,46.728429690688735,44.74390008002987,46.26375961303711,3284400,0.0,0.0
2024-05-08 00:00:00-04:00,45.81844444264708,47.43510861680601,45.50866074403665,47.396385192871094,1436800,0.0,0.0
2024-05-09 00:00:00-04:00,47.44479145271091,48.24828594625093,47.31894585407658,48.19020080566406,880700,0.0,0.0
2024-05-10 00:00:00-04:00,48.44189576068712,48.59678576444925,47.299580598115504,47.53191375732422,790600,0.0,0.0
2024-05-13 00:00:00-04:00,47.706170038405055,47.74489346626847,47.231820972120886,47.318946838378906,570400,0.0,0.0
2024-05-14 00:00:00-04:00,47.61904196382758,47.996589828683206,47.25118049479261,47.82233810424805,605600,0.0,0.0
2024-05-15 00:00:00-04:00,48.199879942816644,48.81943995842834,48.112754084816935,48.56774139404297,710500,0.0,0.0
2024-05-16 00:00:00-04:00,48.383814596983335,48.470940462057285,47.599681811317836,47.841697692871094,552500,0.0,0.0
2024-05-17 00:00:00-04:00,47.861056443448255,48.25796231690828,47.560959132337665,47.69648742675781,602200,0.0,0.0
2024-05-20 00:00:00-04:00,47.628725307453806,47.83201775773968,47.347986003990904,47.367347717285156,703800,0.0,0.0
2024-05-21 00:00:00-04:00,47.406069181570736,47.560959188644134,47.11564718704768,47.21245574951172,568500,0.0,0.0
2024-05-22 00:00:00-04:00,47.13500496679622,47.24149253018726,46.263750134528024,46.6606559753418,702200,0.0,0.0
2024-05-23 00:00:00-04:00,46.98980329264946,46.98980329264946,45.97333735370623,46.19599151611328,517200,0.0,0.0
2024-05-24 00:00:00-04:00,46.505770451384016,47.08660706206022,46.321836026803574,46.999481201171875,441900,0.0,0.0
2024-05-28 00:00:00-04:00,47.25117337084249,47.53190893533403,46.2540656107131,46.331512451171875,645000,0.0,0.0
2024-05-29 00:00:00-04:00,45.837804541682615,46.15726726433823,44.937505205122946,45.0633544921875,1136600,0.0,0.0
2024-05-30 00:00:00-04:00,45.22792503170475,45.58610746997231,44.772934033858824,45.56674575805664,1175600,0.0,0.0
2024-05-31 00:00:00-04:00,45.88621235528078,46.176630672897645,45.21824616260581,46.11854553222656,869500,0.0,0.0
2024-06-03 00:00:00-04:00,46.12823242818868,46.45737420283639,45.29569713391097,45.77004623413086,561600,0.0,0.0
2024-06-04 00:00:00-04:00,45.507498726639135,45.63390948600152,44.719871302126364,44.96296691894531,491600,0.21,0.0
2024-06-05 00:00:00-04:00,45.10882438468159,45.682530218270394,44.6226331260248,45.663082122802734,477000,0.0,0.0
2024-06-06 00:00:00-04:00,45.62418126949384,45.85755468191224,44.89489445603509,44.924068450927734,398600,0.0,0.0
2024-06-07 00:00:00-04:00,44.43787587903483,45.12826648435863,44.16560628800651,44.67124557495117,360200,0.0,0.0
2024-06-10 00:00:00-04:00,44.09754137390788,45.167164264198426,44.09754137390788,44.680973052978516,536300,0.0,0.0
2024-06-11 00:00:00-04:00,44.19478630398277,44.19478630398277,43.757213427835424,43.951690673828125,584700,0.0,0.0
2024-06-12 00:00:00-04:00,45.01158609550317,45.546395720082536,43.718315610697154,44.84627914428711,507900,0.0,0.0
2024-06-13 00:00:00-04:00,44.671250611038595,44.778213279285715,44.13644097914785,44.165611267089844,559500,0.0,0.0
2024-06-14 00:00:00-04:00,43.416873107918384,43.815549720259376,42.93068193631502,43.48493957519531,531100,0.0,0.0
2024-06-17 00:00:00-04:00,43.582179610841145,44.36008480217328,43.2807397263617,44.0683708190918,499000,0.0,0.0
2024-06-18 00:00:00-04:00,44.12672550332788,45.08938224539952,44.12672550332788,45.04076385498047,565400,0.0,0.0
2024-06-20 00:00:00-04:00,44.7490451804444,45.17689216501808,44.70042679504773,45.10882568359375,478400,0.0,0.0
2024-06-21 00:00:00-04:00,45.16716413928802,45.896450954101034,44.84627616028491,45.682525634765625,1498200,0.0,0.0
2024-06-24 00:00:00-04:00,45.70197352230152,46.35346796011278,45.66307733544411,45.925621032714844,619800,0.0,0.0
2024-06-25 00:00:00-04:00,45.98396387334058,47.111927291479674,45.789486654486716,46.820213317871094,1406600,0.0,0.0
2024-06-26 00:00:00-04:00,46.05203205605929,46.742422684786625,45.983965583330935,46.53822326660156,1116700,0.0,0.0
2024-06-27 00:00:00-04:00,46.460433102960884,46.781321097671636,46.27568176952862,46.62574005126953,638400,0.0,0.0
2024-06-28 00:00:00-04:00,46.985521619342876,47.12165457444565,45.69225483652171,46.21733856201172,1139600,0.0,0.0
2024-07-01 00:00:00-04:00,46.29513104714239,46.37291971765909,45.128271314633295,45.36164474487305,697400,0.0,0.0
2024-07-02 00:00:00-04:00,45.186615337311075,45.731147155802525,44.89489762386802,45.55611801147461,545300,0.0,0.0
2024-07-03 00:00:00-04:00,45.65335849070363,46.62574097736678,45.55611801643043,46.41181564331055,439000,0.0,0.0
2024-07-05 00:00:00-04:00,46.10065604055903,46.654913791221084,45.58529448171239,46.207618713378906,1135500,0.0,0.0
2024-07-08 00:00:00-04:00,46.37292105748559,46.586846398940786,46.188169713993794,46.324302673339844,650200,0.0,0.0
2024-07-09 00:00:00-04:00,46.28540043483472,46.771591631458385,45.90617189496338,46.334022521972656,576300,0.0,0.0
2024-07-10 00:00:00-04:00,46.34375013107978,46.36319822633942,43.76693500402349,44.63235855102539,1312700,0.0,0.0
2024-07-11 00:00:00-04:00,45.01158302279175,46.89800357848723,44.55456209930769,46.73270034790039,1277500,0.0,0.0
2024-07-12 00:00:00-04:00,47.034139774653305,47.37447587011019,46.39236748273852,46.46043395996094,651000,0.0,0.0
2024-07-15 00:00:00-04:00,46.67435321249209,48.13292675038247,46.334020870722064,47.42308807373047,715700,0.0,0.0
2024-07-16 00:00:00-04:00,47.607843809672225,48.628844639186276,47.35502600506047,48.502437591552734,552300,0.0,0.0
2024-07-17 00:00:00-04:00,47.96763314444771,49.16366324012649,47.96763314444771,48.56078338623047,626500,0.0,0.0
2024-07-18 00:00:00-04:00,48.45382322294479,48.92056639195906,46.693809509277344,46.693809509277344,845800,0.0,0.0
2024-07-19 00:00:00-04:00,46.49932576536887,46.616010613984834,45.575561749576714,46.23678207397461,833900,0.0,0.0
2024-07-22 00:00:00-04:00,46.38264402655771,47.37447457965356,45.9742414650031,47.01469039916992,587000,0.0,0.0
2024-07-23 00:00:00-04:00,47.47171103669844,47.705084457421876,47.18971923521648,47.40364456176758,513000,0.0,0.0
2024-07-24 00:00:00-04:00,47.48143873919076,47.705086266637515,46.28540501297248,46.314579010009766,454600,0.0,0.0
2024-07-25 00:00:00-04:00,46.363197551492206,47.637019952370515,46.19789059886388,46.975799560546875,695200,0.0,0.0
2024-07-26 00:00:00-04:00,47.79259768628275,48.39547375134028,47.3258508579248,48.103759765625,601200,0.0,0.0
2024-07-29 00:00:00-04:00,48.628843035036624,48.81359806822046,47.56894605228589,47.68563461303711,797000,0.0,0.0
2024-07-30 00:00:00-04:00,47.95790219818173,48.50243770623763,47.37447421117837,47.45226287841797,574500,0.0,0.0
2024-07-31 00:00:00-04:00,47.82176778548587,49.08586419155026,47.26751010198575,48.24961471557617,662900,0.0,0.0
2024-08-01 00:00:00-04:00,48.26906684373342,48.49271437424787,46.0228656363282,46.39236831665039,1058400,0.0,0.0
2024-08-02 00:00:00-04:00,40.06215445440161,41.57906858021614,38.65219927362078,39.974639892578125,3273600,0.0,0.0
2024-08-05 00:00:00-04:00,38.35076261654244,40.31497561700993,38.34104042412269,39.60513687133789,1953300,0.0,0.0
2024-08-06 00:00:00-04:00,39.82878379909721,41.64714163020292,39.62458437721195,41.190120697021484,1363400,0.0,0.0
2024-08-07 00:00:00-04:00,40.888679301609635,42.89178838702278,40.84006092333171,41.13177490234375,1621100,0.0,0.0
2024-08-08 00:00:00-04:00,41.64714669575864,41.929134818179364,41.1220592247489,41.540184020996094,920700,0.0,0.0
2024-08-09 00:00:00-04:00,41.404053833576334,41.890245144674154,41.25819495650885,41.802730560302734,515300,0.0,0.0
2024-08-12 00:00:00-04:00,41.89995690976119,42.2986335372558,41.27763277994954,41.394317626953125,672300,0.0,0.0
2024-08-13 00:00:00-04:00,41.724934521980146,42.63897277156427,41.50128698355036,42.36670684814453,582100,0.0,0.0
2024-08-14 00:00:00-04:00,42.59035315284693,42.98902983316797,42.50283857866208,42.872344970703125,470500,0.0,0.0
2024-08-15 00:00:00-04:00,43.77665373614746,44.34063356892315,43.21267019402748,44.19477844238281,758200,0.0,0.0
2024-08-16 00:00:00-04:00,44.08781708145096,44.44759752199727,43.46549295423213,43.49466323852539,567900,0.0,0.0
2024-08-19 00:00:00-04:00,43.70859408125773,44.18505942863641,43.45577255423059,44.11699295043945,419200,0.0,0.0
2024-08-20 00:00:00-04:00,43.883617733603046,44.09753933429111,43.3585303595294,43.446044921875,360000,0.0,0.0
2024-08-21 00:00:00-04:00,43.46549312900511,44.282294476600235,43.35853047370721,44.20450210571289,320400,0.0,0.0
2024-08-22 00:00:00-04:00,44.26285146275691,44.44760280079679,43.669697549385695,43.74748992919922,380900,0.0,0.0
2024-08-23 00:00:00-04:00,44.20450691775617,44.846279210061645,43.8933448190229,44.79766082763672,372000,0.0,0.0
2024-08-26 00:00:00-04:00,45.128265771340104,45.49777211160469,44.49621574530944,44.64207458496094,574100,0.0,0.0
2024-08-27 00:00:00-04:00,44.36008709636321,44.53511623713307,44.02947690928067,44.107269287109375,506500,0.0,0.0
2024-08-28 00:00:00-04:00,43.854453412381744,44.04893067263713,43.60163557059139,43.77666473388672,393900,0.0,0.0
2024-08-29 00:00:00-04:00,44.0683689706286,44.72958928286194,43.873891753616846,44.44759750366211,410500,0.0,0.0
2024-08-30 00:00:00-04:00,44.52539098734803,45.02130437924877,44.155884636722405,44.99213409423828,450400,0.0,0.0
2024-09-03 00:00:00-04:00,44.34064189492737,44.5740153342953,42.64869836955359,42.65842056274414,744700,0.0,0.0
2024-09-04 00:00:00-04:00,42.42505003956743,43.484947126080954,42.42505003956743,42.775108337402344,515400,0.0,0.0
2024-09-05 00:00:00-04:00,42.86262508626791,43.46550123570902,42.541737060525726,42.814002990722656,532800,0.0,0.0
2024-09-06 00:00:00-04:00,42.80423285850905,43.292754103849674,41.45591317777497,41.504764556884766,687800,0.21,0.0
2024-09-09 00:00:00-04:00,41.52430657064415,42.01282782441643,41.17257067158869,41.19211196899414,816600,0.0,0.0
2024-09-10 00:00:00-04:00,41.18234044462361,41.377745951438094,40.42024480498683,40.938079833984375,686700,0.0,0.0
2024-09-11 00:00:00-04:00,40.67427515133118,41.35820555986888,40.00988603756551,41.32889175415039,640700,0.0,0.0
2024-09-12 00:00:00-04:00,41.52430374396416,42.12030022933455,41.11394770774783,41.690399169921875,566100,0.0,0.0
2024-09-13 00:00:00-04:00,42.0909970867597,42.74561384113696,42.0909970867597,42.647911071777344,479300,0.0,0.0
2024-09-16 00:00:00-04:00,42.82377032858091,43.10710979294531,42.276625240932,43.00940704345703,513500,0.0,0.0
2024-09-17 00:00:00-04:00,43.234133648409944,43.83989899717779,42.79446374723908,43.165740966796875,749400,0.0,0.0
2024-09-18 00:00:00-04:00,43.27321106459964,44.58244809848741,43.06803304432618,43.46862030029297,1252100,0.0,0.0
2024-09-19 00:00:00-04:00,44.50428459193996,44.84625169908162,44.11346983293402,44.83647918701172,963400,0.0,0.0
2024-09-20 00:00:00-04:00,44.4554308005159,44.75831529718411,43.86920683025864,44.74854278564453,1943000,0.0,0.0
2024-09-23 00:00:00-04:00,44.70946019859399,45.197981416235244,44.113467443853395,44.2111701965332,772000,0.0,0.0
2024-09-24 00:00:00-04:00,44.3968066063457,44.65083972492673,43.78127255995851,44.045074462890625,657000,0.0,0.0
2024-09-25 00:00:00-04:00,44.191626803416874,44.24047817743849,43.722646903991695,43.9669075012207,598900,0.0,0.0
2024-09-26 00:00:00-04:00,44.66060986613583,44.963494369916525,44.113468474946444,44.279563903808594,647600,0.0,0.0
2024-09-27 00:00:00-04:00,44.699694565968436,45.02212038136417,43.97668147294615,44.73877716064453,645400,0.0,0.0
2024-09-30 00:00:00-04:00,44.455433614582674,44.455433614582674,43.74219303900986,44.2502555847168,723700,0.0,0.0
2024-10-01 00:00:00-04:00,44.074388384475284,44.18186365730983,42.882395325214176,43.185279846191406,1136300,0.0,0.0
2024-10-02 00:00:00-04:00,42.921479008104086,43.654260911870324,42.81400373254559,42.82377624511719,701000,0.0,0.0
2024-10-03 00:00:00-04:00,42.41341366271518,42.54043022797543,41.65132172539619,41.92489242553711,1069100,0.0,0.0
2024-10-04 00:00:00-04:00,42.87262310184098,42.901933182219366,42.24731653962798,42.4915771484375,524400,0.0,0.0
2024-10-07 00:00:00-04:00,42.237547064731174,42.345022336673615,41.876042381296834,42.2668571472168,643400,0.0,0.0
2024-10-08 00:00:00-04:00,42.188693315408656,42.33525117384828,41.719713386371524,41.96397399902344,487000,0.0,0.0
2024-10-09 00:00:00-04:00,41.8858098684689,42.58928164329571,41.680631843184834,42.247318267822266,500600,0.0,0.0
2024-10-10 00:00:00-04:00,41.8369577861623,42.13006977836766,41.39728793429366,41.807647705078125,518100,0.0,0.0
2024-10-11 00:00:00-04:00,41.79787894540876,42.60882604799916,41.79787894540876,42.45249938964844,466100,0.0,0.0
2024-10-14 00:00:00-04:00,42.403648959908786,43.58586957317755,42.37433514841374,43.38069152832031,428700,0.0,0.0
2024-10-15 00:00:00-04:00,43.31229468772288,43.56632409118369,42.70652566994796,42.784690856933594,547100,0.0,0.0
2024-10-16 00:00:00-04:00,43.19504413787821,44.40657836863164,42.88239086422333,44.035301208496094,879200,0.0,0.0
2024-10-17 00:00:00-04:00,44.17208550838404,44.17208550838404,43.48815509071864,43.9669075012207,402800,0.0,0.0
2024-10-18 00:00:00-04:00,43.96690920986202,44.045074393031,43.26343746982548,43.61517333984375,371600,0.0,0.0
2024-10-21 00:00:00-04:00,43.478390425074956,43.65425836990788,42.88239391504351,42.95078659057617,672600,0.0,0.0
2024-10-22 00:00:00-04:00,42.98987337602678,43.31229921536537,42.59905485448697,43.224365234375,477800,0.0,0.0
2024-10-23 00:00:00-04:00,43.009410481227576,43.35137385889089,42.540430537380196,42.95078659057617,420700,0.0,0.0
2024-10-24 00:00:00-04:00,43.13642809969389,43.4295401058586,42.38410492336094,43.234130859375,690500,0.0,0.0
2024-10-25 00:00:00-04:00,43.55654972840133,43.77149651084265,42.999632160252176,43.56631851196289,517800,0.0,0.0
2024-10-28 00:00:00-04:00,43.9669054450497,44.54336057663629,43.664020976886995,43.93759536743164,673600,0.0,0.0
2024-10-29 00:00:00-04:00,43.468618218152415,43.9180568297342,42.989865799991996,43.7617301940918,420800,0.0,0.0
2024-10-30 00:00:00-04:00,43.50770285944727,44.504286691682054,43.44908269274736,44.43589401245117,872700,0.0,0.0
2024-10-31 00:00:00-04:00,44.37726414381607,44.99280190114147,43.31229150285642,43.33182907104492,1002600,0.0,0.0
2024-11-01 00:00:00-04:00,43.84966583686007,44.5140549955338,43.52724004200909,43.732418060302734,676300,0.0,0.0
2024-11-04 00:00:00-05:00,43.84966935234874,44.01576479177271,43.23413152099816,43.351375579833984,502600,0.0,0.0
2024-11-05 00:00:00-05:00,43.2829763746806,44.07438203850472,43.204814922950305,44.06460952758789,425200,0.0,0.0
2024-11-06 00:00:00-05:00,45.852603584259974,46.59515422426331,45.23706578229746,46.223880767822266,1168400,0.0,0.0
2024-11-07 00:00:00-05:00,46.14571623456503,47.00551466710672,45.81352163975037,46.23365020751953,1356400,0.0,0.0
2024-11-08 00:00:00-05:00,44.875561086613914,46.59515419929676,43.48815883674098,46.00893020629883,1194500,0.0,0.0
2024-11-11 00:00:00-05:00,46.497448021988845,47.865308874511236,46.233646126411486,47.24977111816406,797700,0.0,0.0
2024-11-12 00:00:00-05:00,47.249773535047524,47.63081949466546,46.71240093232681,47.23023223876953,744900,0.0,0.0
2024-11-13 00:00:00-05:00,47.142299594660386,48.32452009931271,47.06413440735051,48.217044830322266,796100,0.0,0.0
2024-11-14 00:00:00-05:00,48.41245271137658,48.64694453959712,47.60150941498625,47.87508010864258,819100,0.0,0.0
2024-11-15 00:00:00-05:00,47.728519828012125,47.93370156496308,47.181378468465525,47.35724639892578,687600,0.0,0.0
2024-11-18 00:00:00-05:00,47.259539224511975,47.562423706302646,46.80033183697757,47.13252639770508,468300,0.0,0.0
2024-11-19 00:00:00-05:00,46.409516416130245,47.19114963139873,46.096863130022854,47.12275695800781,521500,0.0,0.0
2024-11-20 00:00:00-05:00,47.10321702326474,47.10321702326474,46.468141648117616,46.81987380981445,379800,0.0,0.0
2024-11-21 00:00:00-05:00,47.45495357424981,48.8716659341482,47.200924166070585,48.656715393066406,736000,0.0,0.0
2024-11-22 00:00:00-05:00,48.65671263973395,49.633755077186926,48.39291073436711,49.4774284362793,735300,0.0,0.0
2024-11-25 00:00:00-05:00,49.848711753144094,51.10909754739058,49.848711753144094,50.96253967285156,772700,0.0,0.0
2024-11-26 00:00:00-05:00,50.43492788476965,50.6205683270118,49.78031126266794,50.04411315917969,671400,0.0,0.0
2024-11-27 00:00:00-05:00,50.171128720245484,50.55217840959256,49.448119388617194,49.54582214355469,271500,0.0,0.0
2024-11-29 00:00:00-05:00,50.034349011397445,50.28838216625858,49.72169568781576,49.731468200683594,256900,0.0,0.0
2024-12-02 00:00:00-05:00,50.112508543882,50.112508543882,49.0866147088453,49.43834686279297,585500,0.0,0.0
2024-12-03 00:00:00-05:00,49.39926386691306,49.565359281796844,48.539465532533384,49.272247314453125,754300,0.0,0.0
2024-12-04 00:00:00-05:00,49.125697319099054,50.34700048416911,48.99868447345923,50.190673828125,605300,0.0,0.0
2024-12-05 00:00:00-05:00,50.23952137984038,50.48378199423585,49.41880929350798,49.43834686279297,495100,0.0,0.0
2024-12-06 00:00:00-05:00,50.04411836206513,50.112511039331906,48.725108742374275,48.88143539428711,489200,0.0,0.0
2024-12-09 00:00:00-05:00,49.575136351459584,49.90733093889522,48.98890863574429,49.067073822021484,656700,0.0,0.0
2024-12-10 00:00:00-05:00,48.72510670961258,49.565363826259926,48.08025883148435,48.959598541259766,578100,0.0,0.0
2024-12-11 00:00:00-05:00,49.33087608953222,49.36018617103618,48.77395845110807,48.91074752807617,813000,0.0,0.0
2024-12-12 00:00:00-05:00,49.11683055056415,49.23459213484942,48.34155898824183,48.44950866699219,493200,0.22,0.0
2024-12-13 00:00:00-05:00,48.616342449265645,48.94018775153293,48.155104260428345,48.49857711791992,569400,0.0,0.0
2024-12-16 00:00:00-05:00,48.096217520105895,49.057948926752424,48.086405615111694,48.82242202758789,514100,0.0,0.0
2024-12-17 00:00:00-05:00,48.41025580226937,49.04813446233833,47.870507425230734,48.1649169921875,972600,0.0,0.0
2024-12-18 00:00:00-05:00,48.21398852739913,48.5770889521744,45.966683917820696,46.172767639160156,1183800,0.0,0.0
2024-12-19 00:00:00-05:00,46.82046166453993,47.24244475384113,45.84892198904069,46.57512283325195,838900,0.0,0.0
2024-12-20 00:00:00-05:00,46.535861120284615,48.37099801336197,46.153133196740306,47.66442108154297,1605300,0.0,0.0
2024-12-23 00:00:00-05:00,47.55647334978578,47.7723726974323,47.2326280718891,47.703678131103516,432500,0.0,0.0
2024-12-24 00:00:00-05:00,47.9392034168559,48.37100213131567,47.7036802485808,48.2924919128418,189000,0.0,0.0
2024-12-26 00:00:00-05:00,48.086406044425296,48.78316735599922,48.047150936951894,48.65559387207031,303500,0.0,0.0
2024-12-27 00:00:00-05:00,48.253236245959556,48.822424092597444,47.79200182026229,47.98827362060547,371300,0.0,0.0
2024-12-30 00:00:00-05:00,47.527034123875424,47.6938627161849,46.60456155467291,47.14430618286133,393600,0.0,0.0
2024-12-31 00:00:00-05:00,47.33075807576129,48.00789177643178,47.10504684220446,47.31113052368164,388200,0.0,0.0
2025-01-02 00:00:00-05:00,47.69386651181563,48.056970671456405,46.8106489800107,47.065799713134766,685900,0.0,0.0
2025-01-03 00:00:00-05:00,47.29150802858109,47.29150802858109,46.42791810616762,46.88915252685547,656000,0.0,0.0
2025-01-06 00:00:00-05:00,47.252255583425594,47.77237265475693,46.53586297479721,46.59474563598633,696600,0.0,0.0
2025-01-07 00:00:00-05:00,46.67325369663403,47.320947965526635,46.4475424545201,47.036354064941406,523600,0.0,0.0
2025-01-08 00:00:00-05:00,46.46717115475801,46.75176508529869,45.82929246692266,46.378849029541016,488500,0.0,0.0
2025-01-10 00:00:00-05:00,45.47599867706472,45.62320344983048,44.16098260098147,44.19042205810547,1059600,0.0,0.0
2025-01-13 00:00:00-05:00,43.640865632348294,44.494643582527296,43.54272786914945,44.2689323425293,787100,0.0,0.0
2025-01-14 00:00:00-05:00,44.91662806259196,45.63301691110747,44.76942328480435,45.26991653442383,821200,0.0,0.0
2025-01-15 00:00:00-05:00,46.62418590461014,46.84008525581375,45.68208577065955,46.182579040527344,905800,0.0,0.0
2025-01-16 00:00:00-05:00,45.956870244547225,46.32978256113469,44.87737717430765,45.18159866333008,589000,0.0,0.0
2025-01-17 00:00:00-05:00,45.613391005505946,46.47698466300433,45.34842464206076,45.790035247802734,600100,0.0,0.0
2025-01-21 00:00:00-05:00,45.97648837864432,46.624182643377566,45.73114958528213,46.486793518066406,779600,0.0,0.0
2025-01-22 00:00:00-05:00,46.486801046031765,46.791022546752046,46.074633603352844,46.172767639160156,517500,0.0,0.0
2025-01-23 00:00:00-05:00,46.221830036158835,47.12467879833493,46.08444090233431,46.42791748046875,544700,0.0,0.0
2025-01-24 00:00:00-05:00,46.378844129066024,46.584931561845636,45.91760974039954,46.08443832397461,438600,0.0,0.0
2025-01-27 00:00:00-05:00,45.505444962434,46.123699859819375,45.279733688944546,45.31898880004883,532300,0.0,0.0
2025-01-28 00:00:00-05:00,45.18159564860737,45.58395114281669,44.76942450570559,44.92644119262695,537100,0.0,0.0
2025-01-29 00:00:00-05:00,44.749797583318916,45.66245825879371,44.68110301579485,45.23066329956055,569500,0.0,0.0
2025-01-30 00:00:00-05:00,45.78022277120353,46.251272830257975,45.299357063492266,45.64282989501953,497900,0.0,0.0
2025-01-31 00:00:00-05:00,45.780222197479,46.08443991771262,45.03439013897653,45.3386116027832,613800,0.0,0.0
2025-02-03 00:00:00-05:00,44.102096725663785,44.95587835570038,43.51328516470364,44.337623596191406,600900,0.0,0.0
2025-02-04 00:00:00-05:00,44.298373168457246,44.66147354458,44.003967356909804,44.16098403930664,523200,0.0,0.0
2025-02-05 00:00:00-05:00,44.47501955294604,44.73998591921269,44.15117426766891,44.67129135131836,437100,0.0,0.0
2025-02-06 00:00:00-05:00,44.897002930073484,45.4171200174402,44.73017433358726,45.37786865234375,599000,0.0,0.0
2025-02-07 00:00:00-05:00,45.40730993186671,45.505443963900596,44.92644419032459,45.18159866333008,497100,0.0,0.0
2025-02-10 00:00:00-05:00,45.44655975597464,45.44655975597464,44.926438964687684,45.13252639770508,521000,0.0,0.0
2025-02-11 00:00:00-05:00,44.946067810058594,45.191406612235305,44.73017220977275,44.946067810058594,604800,0.0,0.0
2025-02-12 00:00:00-05:00,44.15116965319808,45.08345404677561,43.95489787533915,44.847930908203125,653700,0.0,0.0
2025-02-13 00:00:00-05:00,45.04421006253197,45.70171632092433,44.88719336324622,45.485816955566406,727500,0.0,0.0
2025-02-14 00:00:00-05:00,47.10505305823388,48.95000201788189,45.63302015016407,48.528018951416016,1095400,0.0,0.0
2025-02-18 00:00:00-05:00,49.15608707397927,49.676204184477506,48.28268145688852,49.60750961303711,1122900,0.0,0.0
2025-02-19 00:00:00-05:00,49.35235818808429,50.726253341134516,49.342542538831836,50.17669677734375,1053600,0.0,0.0
2025-02-20 00:00:00-05:00,50.14725528980715,50.284648179031414,48.478954242820464,49.6663932800293,586400,0.0,0.0
2025-02-21 00:00:00-05:00,49.92153986040225,50.206133777603554,46.48679653073624,46.74195098876953,909600,0.0,0.0
2025-02-24 00:00:00-05:00,47.09524326287456,47.09524326287456,46.26108899811523,46.584938049316406,665700,0.0,0.0
2025-02-25 00:00:00-05:00,46.58493423215526,47.16393397090566,46.18257873529977,46.6634407043457,745400,0.0,0.0
2025-02-26 00:00:00-05:00,46.859707124745114,47.74292823290237,46.859707124745114,47.25225067138672,855700,0.0,0.0
2025-02-27 00:00:00-05:00,47.10505320141915,47.693864869007584,46.42791940933514,46.62418746948242,457400,0.0,0.0
2025-02-28 00:00:00-05:00,46.369036430678705,47.11486478747082,45.88817070200314,47.02654266357422,680700,0.0,0.0
2025-03-03 00:00:00-05:00,47.29150977941264,47.527036694700776,44.76942699949107,45.1129035949707,874300,0.0,0.0
2025-03-04 00:00:00-05:00,44.28855702096761,45.269912127831496,43.179624702011075,44.32780838012695,764700,0.0,0.0
2025-03-05 00:00:00-05:00,44.896998467928924,45.9863032920241,44.58296511692869,45.94704818725586,647500,0.0,0.0
2025-03-06 00:00:00-05:00,45.56432191323958,46.09425461594923,44.86756062462483,45.436744689941406,550600,0.0,0.0
2025-03-07 00:00:00-05:00,44.35725908681982,45.14234255647871,43.16982010498742,45.04420852661133,1026900,0.0,0.0
2025-03-10 00:00:00-04:00,44.524088633412944,44.524088633412944,42.198277635207845,42.57119369506836,1232300,0.0,0.0
2025-03-11 00:00:00-04:00,42.59081850257621,43.41515704596714,42.20808681806679,42.9441032409668,1028300,0.0,0.0
2025-03-12 00:00:00-04:00,43.70956697147638,44.033412281308884,42.70858409309446,43.49366760253906,727800,0.0,0.0
2025-03-13 00:00:00-04:00,43.434779329484634,44.13154436378732,43.11093406144993,43.68993377685547,677300,0.0,0.0
2025-03-14 00:00:00-04:00,44.27874702486764,45.21103524409234,43.89601908331415,45.16196823120117,550200,0.0,0.0
2025-03-17 00:00:00-04:00,45.21103366045381,46.437727657630376,45.13252719129246,45.90779495239258,724800,0.0,0.0
2025-03-18 00:00:00-04:00,45.83878064778171,46.095136973857564,45.0795661756844,45.8979377746582,583500,0.22,0.0
2025-03-19 00:00:00-04:00,45.927523875896284,47.081133079989655,45.82892238755784,46.81491470336914,604300,0.0,0.0
2025-03-20 00:00:00-04:00,46.21345486303502,47.327627138404964,46.21345486303502,46.74589157104492,646100,0.0,0.0
2025-03-21 00:00:00-04:00,46.16415790716545,46.73603523074035,45.58242231581879,46.4106559753418,1005100,0.0,0.0
2025-03-24 00:00:00-04:00,47.32762562144886,48.97423079078946,46.96280956043682,48.80661392211914,934600,0.0,0.0
2025-03-25 00:00:00-04:00,48.85591464913356,49.28975364113653,47.988240426389524,48.22488021850586,656400,0.0,0.0
2025-03-26 00:00:00-04:00,48.343194143057104,48.74745077604802,47.662860910344065,48.333335876464844,647000,0.0,0.0
2025-03-27 00:00:00-04:00,47.96852107791147,48.84605351660975,47.376923512952125,48.39249801635742,785600,0.0,0.0
2025-03-28 00:00:00-04:00,47.88963613678266,48.24459389562723,46.99238347359729,47.54454040527344,682100,0.0,0.0
2025-03-31 00:00:00-04:00,46.61770724440679,48.15585633913134,45.9965349033982,47.63328170776367,1032800,0.0,0.0
2025-04-01 00:00:00-04:00,47.574124960032286,48.146002257185515,46.98253112824647,47.771324157714844,782900,0.0,0.0
2025-04-02 00:00:00-04:00,47.09098636539862,49.49680976862089,47.09098636539862,49.260169982910156,814500,0.0,0.0
2025-04-03 00:00:00-04:00,47.0712737393936,47.229032355878815,44.37951146864263,44.497833251953125,2011800,0.0,0.0
2025-04-04 00:00:00-04:00,42.57514408686785,42.57514408686785,39.88338579491936,41.46097183227539,1698800,0.0,0.0
2025-04-07 00:00:00-04:00,39.91296430495194,43.96539289955044,39.4298302272025,41.214473724365234,1750700,0.0,0.0
2025-04-08 00:00:00-04:00,42.604724395717525,43.304777993405274,39.28193155265063,39.893245697021484,1718300,0.0,0.0
2025-04-09 00:00:00-04:00,39.10445515194003,43.8963784156083,37.71420613505894,43.57099914550781,2246600,0.0,0.0
2025-04-10 00:00:00-04:00,42.26948985059255,42.3385090123289,39.429834667337026,40.14960861206055,1414100,0.0,0.0
2025-04-11 00:00:00-04:00,40.18904048808912,40.751059503443436,39.34109035405002,40.583438873291016,1237500,0.0,0.0
2025-04-14 00:00:00-04:00,41.362377550473745,42.348369846021335,40.67218219133801,41.993412017822266,1477200,0.0,0.0
2025-04-15 00:00:00-04:00,42.08215071632049,43.127303884815895,41.717334626697266,41.894813537597656,1029800,0.0,0.0
2025-04-16 00:00:00-04:00,41.5497095231975,41.8948090401289,40.51441849492659,41.19475173950195,797500,0.0,0.0
2025-04-17 00:00:00-04:00,41.214477911913164,42.46668860019023,40.84966180942683,41.84551239013672,737400,0.0,0.0
2025-04-21 00:00:00-04:00,40.79049698946692,41.599010307008044,39.962263376222126,40.85951614379883,1049700,0.0,0.0
2025-04-22 00:00:00-04:00,41.47083226013539,42.47654473060716,41.096154180251006,42.35822296142578,745800,0.0,0.0
2025-04-23 00:00:00-04:00,43.99497278657824,44.64572751587278,43.24562033758466,43.531558990478516,909800,0.0,0.0
2025-04-24 00:00:00-04:00,43.66959636322147,45.07956553990796,43.23575737884912,44.951385498046875,552400,0.0,0.0
2025-04-25 00:00:00-04:00,44.87250436729836,45.43452339418714,44.61614804453909,45.19788360595703,894200,0.0,0.0
2025-04-28 00:00:00-04:00,45.444384808207225,46.22331962020993,45.25704762711352,45.59228515625,693400,0.0,0.0
2025-04-29 00:00:00-04:00,45.55284107723692,46.21345405576501,45.148584419608525,45.73031997680664,756800,0.0,0.0
2025-04-30 00:00:00-04:00,45.08942491865423,46.341635521326616,44.55698820357868,46.10499572753906,1081300,0.0,0.0
2025-05-01 00:00:00-04:00,46.30219759301451,46.982534688511144,45.976822089254405,46.29233932495117,1015100,0.0,0.0
2025-05-02 00:00:00-04:00,47.02196348515839,47.86005905525835,46.351488533583016,47.4952392578125,934400,0.0,0.0
2025-05-05 00:00:00-04:00,46.96280832698947,48.36291540944546,46.77546740661744,48.07697677612305,1645900,0.0,0.0
2025-05-06 00:00:00-04:00,49.555964247864345,52.14912467874173,49.20101023014511,51.93220520019531,2597300,0.0,0.0
2025-05-07 00:00:00-04:00,52.25758818348907,53.45063787893758,52.16884873234965,53.02666091918945,1831400,0.0,0.0
2025-05-08 00:00:00-04:00,53.815455662258856,53.93377367218404,52.80974317474053,52.868900299072266,1629100,0.0,0.0
2025-05-09 00:00:00-04:00,53.125261032052656,53.49993536165728,52.27730713437376,52.89848327636719,1251300,0.0,0.0
2025-05-12 00:00:00-04:00,54.880326516091486,55.01836482433839,54.140832355115805,54.692989349365234,961300,0.0,0.0
2025-05-13 00:00:00-04:00,55.185988884288626,56.46777809067281,54.702851014154916,56.142398834228516,1239000,0.0,0.0
2025-05-14 00:00:00-04:00,55.89589993527605,56.54665467723972,55.74800335284821,56.467777252197266,941500,0.0,0.0
2025-05-15 00:00:00-04:00,56.03393963089272,56.84245294985627,56.03393963089272,56.59595489501953,741100,0.0,0.0
2025-05-16 00:00:00-04:00,56.526934217802214,56.99034799075346,56.32973502699276,56.6452522277832,683300,0.0,0.0
2025-05-19 00:00:00-04:00,55.93533912814262,56.35931609076017,55.60996364593723,56.339595794677734,1018700,0.0,0.0
2025-05-20 00:00:00-04:00,57.32558702707221,58.439759288010656,56.960770959092336,57.26642990112305,1456100,0.0,0.0
2025-05-21 00:00:00-04:00,56.71427318987141,57.17769073886992,55.68884037395472,55.817020416259766,989000,0.0,0.0
2025-05-22 00:00:00-04:00,55.77757614867733,56.57623115173555,55.26485977450854,56.31001281738281,1089600,0.0,0.0
2025-05-23 00:00:00-04:00,55.166268430778665,56.19170129747918,54.811310610669864,56.07337951660156,565400,0.0,0.0
2025-05-27 00:00:00-04:00,56.69455325163066,57.86788265182753,56.29029658759124,57.54250717163086,932600,0.0,0.0
2025-05-28 00:00:00-04:00,57.601668207544265,57.601668207544265,56.812875121892546,57.118534088134766,1181700,0.0,0.0
2025-05-29 00:00:00-04:00,57.670687929554994,57.670687929554994,56.9016114226032,57.39460754394531,890700,0.0,0.0
2025-05-30 00:00:00-04:00,56.91147259476514,57.21712777818922,56.27057614216173,56.80301284790039,857800,0.0,0.0
2025-06-02 00:00:00-04:00,56.63539205890422,56.694552946467844,55.42262207331381,56.06351852416992,955300,0.0,0.0
2025-06-03 00:00:00-04:00,56.17197685864562,56.714271816596415,55.71841758791679,56.605812072753906,842800,0.0,0.0
2025-06-04 00:00:00-04:00,56.47714361640597,56.98193239586855,56.081228034910396,56.1505126953125,860000,0.22,0.0
2025-06-05 00:00:00-04:00,56.348469206560466,56.80376947193034,55.952553634054915,56.477142333984375,674600,0.0,0.0
2025-06-06 00:00:00-04:00,57.21948369438977,57.46692999405733,56.60581415268798,57.071014404296875,647900,0.0,0.0
2025-06-09 00:00:00-04:00,57.645093727369286,57.81335540490898,57.140301143288134,57.44713592529297,758400,0.0,0.0
2025-06-10 00:00:00-04:00,57.5560074100208,57.62529206777285,56.68499542948412,56.843360900878906,765200,0.0,0.0
2025-06-11 00:00:00-04:00,57.22938201195221,57.67478612305319,56.95224335425873,57.09081268310547,647900,0.0,0.0
2025-06-12 00:00:00-04:00,56.42765084724761,57.1007050645109,56.25938918079718,57.00172805786133,562800,0.0,0.0
2025-06-13 00:00:00-04:00,55.92286132356724,56.962134982398894,55.556641872989196,55.764495849609375,881800,0.0,0.0
2025-06-16 00:00:00-04:00,56.44744874743242,56.744387328015385,55.536848175788634,56.269287109375,835200,0.0,0.0
2025-06-17 00:00:00-04:00,55.90306643344146,56.615712970257135,55.60613163501186,55.705108642578125,629500,0.0,0.0
2025-06-18 00:00:00-04:00,55.75459839933304,56.397956470864976,55.517048305899436,55.823883056640625,883200,0.0,0.0
2025-06-20 00:00:00-04:00,56.17031100386853,56.30888032998138,55.63582608109241,55.90306854248047,815800,0.0,0.0
2025-06-23 00:00:00-04:00,55.49725719020836,55.93276132936856,54.566860439203445,55.853580474853516,590200,0.0,0.0
2025-06-24 00:00:00-04:00,56.63550906778645,56.86315920553582,56.14061647901021,56.5068359375,522400,0.0,0.0
2025-06-25 00:00:00-04:00,56.37816282664756,56.655305243954736,56.10102418507119,56.239593505859375,444400,0.0,0.0
2025-06-26 00:00:00-04:00,56.5167353882536,57.645093727369286,56.22970053976053,57.44713592529297,645000,0.0,0.0
2025-06-27 00:00:00-04:00,57.466928614395066,58.34783681594585,57.42733630122337,58.110286712646484,1043600,0.0,0.0
2025-06-30 00:00:00-04:00,58.238963299515525,58.337940312589005,57.55601284755409,57.892539978027344,732900,0.0,0.0
2025-07-01 00:00:00-04:00,57.734171940025185,58.33793773425871,57.60549880813174,57.9222297668457,884500,0.0,0.0
2025-07-02 00:00:00-04:00,58.08059098264886,58.61507585214251,57.694575391035855,58.32803726196289,882100,0.0,0.0
2025-07-03 00:00:00-04:00,58.704159582307504,59.33762148472824,58.49630182779445,59.13966369628906,467500,0.0,0.0
2025-07-07 00:00:00-04:00,58.961502982090785,59.792922685892975,58.14987943501374,58.41712188720703,800600,0.0,0.0
2025-07-08 00:00:00-04:00,58.83283161402524,59.179258703498974,57.74406939163563,57.86284255981445,728300,0.0,0.0
2025-07-09 00:00:00-04:00,58.209268859153816,58.22906501620339,57.06111818039435,57.427337646484375,653500,0.0,0.0
2025-07-10 00:00:00-04:00,57.7935569835592,58.41712271417087,57.546110684588164,58.407222747802734,753300,0.0,0.0
2025-07-11 00:00:00-04:00,57.87273701626134,58.49629892162889,57.516413769919545,58.14987564086914,559400,0.0,0.0
2025-07-14 00:00:00-04:00,57.922227614338155,58.56558569843515,57.635189013754676,58.525997161865234,469100,0.0,0.0
2025-07-15 00:00:00-04:00,58.575486155205425,58.73385163000424,57.407539362665155,57.496620178222656,671900,0.0,0.0
2025-07-16 00:00:00-04:00,57.60550220299724,57.84304854816661,56.72459393617629,57.7044792175293,600000,0.0,0.0
2025-07-17 00:00:00-04:00,57.54611290376433,58.33794033586108,57.3778512263261,57.714378356933594,670500,0.0,0.0
2025-07-18 00:00:00-04:00,57.68468062167743,58.11028856249469,56.65530687656052,56.93244552612305,589000,0.0,0.0
2025-07-21 00:00:00-04:00,57.2689731472757,57.2689731472757,56.28908412304832,56.348472595214844,501700,0.0,0.0
2025-07-22 00:00:00-04:00,56.72459236314411,57.32835817621631,56.18020747112093,56.92254638671875,655900,0.0,0.0
2025-07-23 00:00:00-04:00,57.42733929651022,58.04100507975576,57.16999302320238,57.76386642456055,702400,0.0,0.0
2025-07-24 00:00:00-04:00,57.68468104568901,57.93212734911181,57.0512191130436,57.061119079589844,546700,0.0,0.0
2025-07-25 00:00:00-04:00,57.10070714485062,57.615395904787675,56.85326084348073,57.4669303894043,669700,0.0,0.0
2025-07-28 00:00:00-04:00,57.45703137254854,57.69458148711129,56.60581547765092,56.744388580322266,708400,0.0,0.0
2025-07-29 00:00:00-04:00,57.19968504443588,57.5065160261835,56.40785767515551,56.477142333984375,886600,0.0,0.0
2025-07-30 00:00:00-04:00,56.31877862053206,56.6157134213274,54.90338550181906,55.5665397644043,1120300,0.0,0.0
2025-07-31 00:00:00-04:00,56.38806512203883,56.38806512203883,54.70542949496937,54.834102630615234,913200,0.0,0.0
2025-08-01 00:00:00-04:00,53.73543799890293,54.16104592575183,52.94361061490409,53.794822692871094,1079500,0.0,0.0
2025-08-04 00:00:00-04:00,54.081858323056075,54.863789473603056,53.636454264153954,54.58665084838867,1225700,0.0,0.0
2025-08-05 00:00:00-04:00,51.36985400843279,54.76481758734332,51.13230389625272,54.34910583496094,1785400,0.0,0.0
2025-08-06 00:00:00-04:00,55.012262626519565,55.10133966884341,53.72553886001154,54.23033142089844,1116000,0.0,0.0
2025-08-07 00:00:00-04:00,54.9033830460372,55.06174851775988,54.339205817041965,54.70542526245117,840900,0.0,0.0
2025-08-08 00:00:00-04:00,55.10133874041617,55.53684663278143,54.774711596873004,54.95287322998047,539800,0.0,0.0
2025-08-11 00:00:00-04:00,55.37847902714498,55.408171372944416,54.40849004848004,54.576751708984375,696100,0.0,0.0
2025-08-12 00:00:00-04:00,55.17062938848553,57.52631547495835,55.09144475915991,57.50651931762695,1050300,0.0,0.0
2025-08-13 00:00:00-04:00,57.565909061533134,57.87274384335294,56.71469315613,57.714378356933594,818300,0.0,0.0
2025-08-14 00:00:00-04:00,57.30856236683445,57.466927841660954,56.74438512678188,57.318458557128906,650200,0.0,0.0
2025-08-15 00:00:00-04:00,57.09081016311115,57.13040247695719,56.38806358313282,56.67509841918945,381000,0.0,0.0
2025-08-18 00:00:00-04:00,56.56622557317401,57.54611080473589,56.48704094498713,57.51641845703125,456400,0.0,0.0
2025-08-19 00:00:00-04:00,57.6351924524156,58.130085058507845,57.2887691384434,57.50651931762695,658700,0.0,0.0
2025-08-20 00:00:00-04:00,57.26897306828956,57.58570403461227,56.42765337121348,57.061119079589844,709800,0.0,0.0
2025-08-21 00:00:00-04:00,56.58601540459755,58.30824323274591,56.50683455570963,58.25875473022461,802400,0.0,0.0
2025-08-22 00:00:00-04:00,58.39732689095951,59.97108551244003,58.22906521904825,59.42670440673828,565700,0.0,0.0
2025-08-25 00:00:00-04:00,59.49598525255359,59.53557756425111,59.010988873585546,59.33761978149414,604400,0.0,0.0
2025-08-26 00:00:00-04:00,59.248539342135,60.47587080666237,59.248539342135,59.82261276245117,716100,0.0,0.0
2025-08-27 00:00:00-04:00,59.44650258830684,60.16904535695075,59.397010305959576,59.891902923583984,738900,0.0,0.0
2025-08-28 00:00:00-04:00,59.990882435599275,60.21853258177308,59.50588601932919,60.04037094116211,611400,0.0,0.0
2025-08-29 00:00:00-04:00,60.01067864210402,60.15914415891408,59.26833973086083,59.594966888427734,560900,0.0,0.0
2025-09-02 00:00:00-04:00,63.3660439364007,63.6431901301835,63.177989887089424,63.623390197753906,10236200,0.0,0.0
2025-09-03 00:00:00-04:00,63.71277869763392,63.742573016278946,63.25591100912327,63.36516189575195,9066700,0.22,0.0
2025-09-04 00:00:00-04:00,63.424754826754985,63.424754826754985,63.12680027183921,63.20625305175781,3663300,0.0,0.0
2025-09-05 00:00:00-04:00,63.285706578943575,63.315500896393964,63.17645569669545,63.26584243774414,4316700,0.0,0.0
2025-09-08 00:00:00-04:00,63.265842931090404,63.32543156645585,63.18638636567306,63.25590896606445,2144600,0.0,0.0
2025-09-09 00:00:00-04:00,63.245979546103904,63.30557197087959,63.10693434365825,63.16652297973633,2690900,0.0,0.0
2025-09-10 00:00:00-04:00,63.176455932110485,63.38502373243544,63.067205049455254,63.18638610839844,2041000,0.0,0.0
2025-09-11 00:00:00-04:00,63.1367301940918,63.22611693907603,63.067207591181585,63.1367301940918,5723700,0.0,0.0
2025-09-12 00:00:00-04:00,63.097000641576436,63.206251526438535,63.07713649990172,63.08707046508789,2525700,0.0,0.0
2025-09-15 00:00:00-04:00,63.09700242940418,63.14666467934693,62.94802704566912,63.126800537109375,3438900,0.0,0.0
2025-09-16 00:00:00-04:00,63.15659485611684,63.166525032886746,63.0274798259216,63.126800537109375,6002500,0.0,0.0
2025-09-17 00:00:00-04:00,63.09699910954003,63.26584241532664,63.0870689332926,63.11686325073242,3324900,0.0,0.0
2025-09-18 00:00:00-04:00,63.156591533117215,63.21618395669441,63.0870689332926,63.11686325073242,2233700,0.0,0.0
2025-09-19 00:00:00-04:00,63.106933850736226,63.176456451416016,63.06720556786275,63.176456451416016,2358700,0.0,0.0
2025-09-22 00:00:00-04:00,63.15659356072871,63.21618598621909,63.0771369934082,63.0771369934082,1226400,0.0,0.0
2025-09-23 00:00:00-04:00,63.15659356072871,63.19632184438896,63.0771369934082,63.0771369934082,1556700,0.0,0.0
2025-09-24 00:00:00-04:00,63.09699962872329,63.15659205279083,63.07713548736744,63.10693359375,1505900,0.0,0.0
2025-09-25 00:00:00-04:00,63.096999885669064,63.18638662778559,63.087069709299485,63.176456451416016,2727400,0.0,0.0
2025-09-26 00:00:00-04:00,63.20625202095519,63.56379899650214,63.05727664027574,63.0771369934082,2259800,0.0,0.0
2025-09-29 00:00:00-04:00,63.12680027183921,63.216187017183714,63.04734370322288,63.20625305175781,2022200,0.0,0.0
2025-09-30 00:00:00-04:00,63.2161865234375,63.24598084208706,63.06720735279435,63.2161865234375,1858200,0.0,0.0
2025-10-01 00:00:00-04:00,63.156592803289186,63.245979546103904,63.146662626842044,63.16652297973633,1803400,0.0,0.0
2025-10-02 00:00:00-04:00,63.176455932110485,63.20625024967189,63.08706919072871,63.18638610839844,2490300,0.0,0.0
2025-10-03 00:00:00-04:00,63.18638815189745,63.31550318000182,63.166524009981565,63.29563903808594,1446700,0.0,0.0
2025-10-06 00:00:00-04:00,63.265842931090404,63.3353655314818,63.18638636567306,63.25590896606445,2958200,0.0,0.0
2025-10-07 00:00:00-04:00,63.30557274776259,63.30557274776259,63.19632186201525,63.22611618041992,1417400,0.0,0.0
2025-10-08 00:00:00-04:00,63.22611389740696,63.2559082147358,63.16652147405176,63.196319580078125,1538600,0.0,0.0
2025-10-09 00:00:00-04:00,63.216185228064866,63.216185228064866,63.146662626842044,63.16652297973633,1748900,0.0,0.0
2025-10-10 00:00:00-04:00,63.21618650703027,63.21618650703027,63.007614910444445,63.06720733642578,3438600,0.0,0.0
2025-10-13 00:00:00-04:00,63.23604686032636,63.365161888937074,63.06720733642578,63.06720733642578,2027900,0.0,0.0
2025-10-14 00:00:00-04:00,63.08707020206636,63.245979546103904,63.0771362369216,63.16652297973633,2704300,0.0,0.0
2025-10-15 00:00:00-04:00,63.176458223042715,63.26584496766587,63.06720733642578,63.06720733642578,1934200,0.0,0.0
2025-10-16 00:00:00-04:00,63.176455674309615,63.21618395669441,63.0870689332926,63.11686325073242,4542700,0.0,0.0
2025-10-17 00:00:00-04:00,63.16652375491292,63.26584446409125,63.097001152836924,63.22611618041992,2843200,0.0,0.0
2025-10-20 00:00:00-04:00,63.23604687673875,63.25591101873768,63.14666392079008,63.2161865234375,1634100,0.0,0.0
2025-10-21 00:00:00-04:00,63.216184214657396,63.26584267349226,63.176455932110485,63.18638610839844,1182800,0.0,0.0
2025-10-22 00:00:00-04:00,63.186387641038,63.24598006630384,63.13672918099863,63.156593322753906,2380900,0.0,0.0
2025-10-23 00:00:00-04:00,63.22611540451201,63.27577386414294,63.156592803289186,63.16652297973633,1969600,0.0,0.0
2025-10-24 00:00:00-04:00,63.21618626813814,63.226116444748655,63.097001416625865,63.146663665771484,1809800,0.0,0.0
2025-10-27 00:00:00-04:00,63.21618626813814,63.21618626813814,63.146663665771484,63.146663665771484,1126500,0.0,0.0
2025-10-28 00:00:00-04:00,63.16652451285397,63.21618676238787,63.1367301940918,63.1367301940918,1300800,0.0,0.0
2025-10-29 00:00:00-04:00,63.16652198887641,63.335365295410156,63.14666163629367,63.335365295410156,4236500,0.0,0.0
2025-10-30 00:00:00-04:00,63.26584522882044,63.48434321425855,63.26584522882044,63.43468475341797,1752400,0.0,0.0
2025-10-31 00:00:00-04:00,63.414821130967404,63.474413557683036,63.335368350710965,63.42475509643555,2471200,0.0,0.0
2025-11-03 00:00:00-05:00,63.42475509643555,63.43468527320595,63.30557403170202,63.42475509643555,1705900,0.0,0.0
2025-11-04 00:00:00-05:00,63.32543411598458,63.41482086132908,63.20625305175781,63.20625305175781,2383300,0.0,0.0
2025-11-05 00:00:00-05:00,63.24598008448266,63.45454788992656,63.24598008448266,63.305572509765625,1209800,0.0,0.0
2025-11-06 00:00:00-05:00,63.31550216674805,63.424753051188176,63.31550216674805,63.31550216674805,1579100,0.0,0.0
2025-11-07 00:00:00-05:00,63.32543259937902,63.41481934258277,63.29563828121031,63.38502502441406,1809400,0.0,0.0
2025-11-10 00:00:00-05:00,63.36516189575195,63.4247543217397,63.33536757710693,63.36516189575195,1515600,0.0,0.0
2025-11-11 00:00:00-05:00,63.365161402162215,63.524070748194,63.365161402162215,63.37509536743164,2301700,0.0,0.0
2025-11-12 00:00:00-05:00,63.494277179645294,63.534005463796845,63.38502629257738,63.43468475341797,1409900,0.0,0.0
2025-11-13 00:00:00-05:00,63.4843417066662,63.51413981342109,63.39495875249439,63.464481353759766,1956000,0.0,0.0
2025-11-14 00:00:00-05:00,63.4843417066662,63.51413981342109,63.37509461089034,63.464481353759766,1608400,0.0,0.0
2025-11-17 00:00:00-05:00,63.48434090859297,63.48434090859297,63.25590896606445,63.25590896606445,2256900,0.0,0.0
2025-11-18 00:00:00-05:00,63.31550139012746,63.35522967283614,63.25590896606445,63.25590896606445,2969000,0.0,0.0
2025-11-19 00:00:00-05:00,63.36516189575195,63.48434295902975,63.295639293115094,63.36516189575195,1900900,0.0,0.0
2025-11-20 00:00:00-05:00,63.39495974766533,63.53400495237881,63.20625229381332,63.29563903808594,7896800,0.0,0.0
2025-11-21 00:00:00-05:00,63.414820356392894,63.43468449838881,63.3055732584619,63.36516189575195,3944300,0.0,0.0
2025-11-24 00:00:00-05:00,63.36515935141162,63.43468195125689,63.35522917516124,63.414817810058594,1966500,0.0,0.0
2025-11-25 00:00:00-05:00,63.42475177500651,63.563796974697055,63.414817810058594,63.414817810058594,1776400,0.0,0.0
2025-11-26 00:00:00-05:00,63.46448005740311,63.643253539490246,63.414817810058594,63.414817810058594,2057600,0.0,0.0
2025-11-28 00:00:00-05:00,63.514142096419626,63.623389196122346,63.49427795410156,63.49427795410156,1070200,0.0,0.0
2025-12-01 00:00:00-05:00,63.53400395502514,63.56379827308241,63.42475307055166,63.464481353759766,2065100,0.0,0.0
2025-12-02 00:00:00-05:00,63.56380057182358,63.79223631418259,63.484344002533874,63.64325714111328,1974300,0.0,0.0
2025-12-03 00:00:00-05:00,63.613459995383124,63.71277691388446,63.57373171250356,63.62338638305664,939800,0.0,0.0
2025-12-04 00:00:00-05:00,63.73301696777344,63.83267994656999,63.73301696777344,63.73301696777344,1240700,0.22,0.0
2025-12-05 00:00:00-05:00,63.86257774376148,63.87253833913573,63.70311697567837,63.71308517456055,1513100,0.0,0.0
2025-12-08 00:00:00-05:00,63.76291554843857,63.942308914739854,63.70311775967148,63.88250732421875,1585300,0.0,0.0
2025-12-09 00:00:00-05:00,63.782849965377864,63.85261215338716,63.73302037419324,63.742984771728516,1598500,0.0,0.0
2025-12-10 00:00:00-05:00,63.75295297101791,63.82271515902721,63.72305217490384,63.742984771728516,2249000,0.0,0.0
2025-12-11 00:00:00-05:00,63.75295297101791,63.79281816466726,63.713087777368564,63.742984771728516,2018900,0.0,0.0
2025-12-12 00:00:00-05:00,63.802776939195965,63.88250732421875,63.75295115118773,63.88250732421875,1456000,0.0,0.0
2025-12-15 00:00:00-05:00,63.832679328508675,64.18149024653448,63.832679328508675,64.03199768066406,3662300,0.0,0.0
2025-12-16 00:00:00-05:00,63.99213491028898,64.06189709653317,63.92237272404479,63.972206115722656,1144600,0.0,0.0
2025-12-17 00:00:00-05:00,64.02203169625463,64.03199989525949,63.88250732421875,63.88250732421875,1504200,0.0,0.0
2025-12-18 00:00:00-05:00,63.932341928283016,63.9722071215505,63.85261154174805,63.85261154174805,1479200,0.0,0.0
2025-12-19 00:00:00-05:00,63.882509136367005,64.00210471729375,63.83268334694537,63.932342529296875,2940100,0.0,0.0
2025-12-22 00:00:00-05:00,63.88251013010349,64.02203450826764,63.87254193066081,64.00210571289062,676500,0.0,0.0
2025-12-23 00:00:00-05:00,63.932342529296875,64.02203351236076,63.932342529296875,63.932342529296875,852000,0.0,0.0
2025-12-24 00:00:00-05:00,63.9522692968764,64.01207088719799,63.9522692968764,63.9821662902832,314400,0.0,0.0
2025-12-26 00:00:00-05:00,64.03199928637059,64.04196748528065,63.94230830670385,63.99213409423828,485800,0.0,0.0
2025-12-29 00:00:00-05:00,63.96223770924154,64.00210290175293,63.85261033071221,63.88250732421875,1390100,0.0,0.0
2025-12-30 00:00:00-05:00,63.90244492465515,64.07186629338551,63.892476725462735,64.0419692993164,538000,0.0,0.0
2025-12-31 00:00:00-05:00,64.04196669500176,64.08183188664214,64.01206970214844,64.01206970214844,654000,0.0,0.0
2026-01-02 00:00:00-05:00,64.03200171164838,64.061898706003,63.902445534942245,63.932342529296875,2130800,0.0,0.0
2026-01-05 00:00:00-05:00,63.93234171299994,64.00210390010609,63.93234171299994,63.9522705078125,1737200,0.0,0.0
2026-01-06 00:00:00-05:00,63.95227231918557,64.00210571289062,63.93234352380855,64.00210571289062,2174600,0.0,0.0
2026-01-07 00:00:00-05:00,64.05192808068279,64.05192808068279,63.972205299926095,63.99213409423828,1464000,0.0,0.0
2026-01-08 00:00:00-05:00,63.97220569481959,64.0319996816332,63.962237495848,63.9821662902832,997400,0.0,0.0
2026-01-09 00:00:00-05:00,63.982165105787274,64.05192729028097,63.96223631172101,64.01206970214844,1232700,0.0,0.0
2026-01-12 00:00:00-05:00,64.01206888685162,64.06189467313659,63.992132489531436,64.03199768066406,1241300,0.0,0.0
2026-01-13 00:00:00-05:00,64.06189988009743,64.11173327394062,64.02203468572456,64.091796875,1128000,0.0,0.0
2026-01-14 00:00:00-05:00,64.09179166560912,64.12168865808167,64.03199768066406,64.03199768066406,1298500,0.0,0.0
2026-01-15 00:00:00-05:00,64.1117316664932,64.16155745557876,64.10176346727282,64.13166046142578,1403800,0.0,0.0
2026-01-16 00:00:00-05:00,64.16155906427544,64.16155906427544,64.091796875,64.091796875,1083100,0.0,0.0
2026-01-20 00:00:00-05:00,64.14162947744384,64.17152647197753,64.06189908968183,64.11173248291016,1265900,0.0,0.0
2026-01-21 00:00:00-05:00,64.1515984683135,64.18149546321607,64.091796875,64.091796875,1454700,0.0,0.0
2026-01-22 00:00:00-05:00,64.09179547317459,64.22135925292969,64.09179547317459,64.22135925292969,1237400,0.0,0.0
2026-01-23 00:00:00-05:00,64.18149484977775,64.25125703838641,64.18149484977775,64.20142364501953,1120800,0.0,0.0
2026-01-26 00:00:00-05:00,64.23131885159205,64.25125524978715,64.13165967114084,64.15159606933594,1277000,0.0,0.0
2026-01-27 00:00:00-05:00,64.22135843670223,64.27118422531399,64.14162805071369,64.24128723144531,1005600,0.0,0.0
2026-01-28 00:00:00-05:00,64.25125364183442,64.28115063487077,64.18149145691363,64.19145965576172,1280400,0.0,0.0
2026-01-29 00:00:00-05:00,64.23132084359162,64.3110512318285,64.18149505357482,64.29112243652344,1763400,0.0,0.0
2026-01-30 00:00:00-05:00,64.22135541298373,64.41070556640625,64.21138721432747,64.41070556640625,1391700,0.0,0.0
2026-02-02 00:00:00-05:00,64.33098439137731,64.39077837778999,64.32101619247256,64.37084197998047,1228500,0.0,0.0
2026-02-03 00:00:00-05:00,64.4306411743164,64.48046695997176,64.3808077851534,64.4306411743164,1620000,0.0,0.0
2026-02-04 00:00:00-05:00,64.39078100723115,64.5004083891364,64.37084460860751,64.40074920654297,1986400,0.0,0.0
2026-02-05 00:00:00-05:00,64.37084440370313,64.42067779659534,64.28115342070703,64.31105041503906,1805700,0.0,0.0
2026-02-06 00:00:00-05:00,64.3608830169138,64.37084361256325,64.28115263066948,64.33098602294922,2457400,0.0,0.0
2026-02-09 00:00:00-05:00,64.3808109950502,64.4306443866978,64.35091400146484,64.35091400146484,1304600,0.0,0.0
2026-02-10 00:00:00-05:00,64.42067978697081,64.45057678222656,64.35091759687124,64.45057678222656,2092400,0.0,0.0
2026-02-11 00:00:00-05:00,64.48046875,64.52033394173556,64.43064296296144,64.48046875,1499200,0.0,0.0
2026-02-12 00:00:00-05:00,64.50040678033174,64.51037497939492,64.44061279296875,64.44061279296875,2262300,0.0,0.0
2026-02-13 00:00:00-05:00,64.49043957812796,64.54027297070613,64.44061378905798,64.5103759765625,1773600,0.0,0.0
2026-02-17 00:00:00-05:00,64.53030053498863,64.59009451935033,64.50040354280777,64.52033233642578,1881900,0.0,0.0
2026-02-18 00:00:00-05:00,64.5701675415039,64.60006453452549,64.54027054848233,64.5701675415039,1197000,0.0,0.0
2026-02-19 00:00:00-05:00,64.55023114381758,64.61999332870391,64.55023114381758,64.5701675415039,1684800,0.0,0.0
2026-02-20 00:00:00-05:00,64.56020215010423,64.69972652594419,64.5402733550592,64.68976593017578,3178300,0.0,0.0
2026-02-23 00:00:00-05:00,64.66982790007222,64.73959008623217,64.60006571391227,64.72962188720703,1500400,0.0,0.0
2026-02-24 00:00:00-05:00,64.72962088869708,64.73958908756846,64.62996171050706,64.65985870361328,1124200,0.0,0.0
2026-02-25 00:00:00-05:00,64.65985609834692,64.69972128871827,64.6000621145437,64.62995910644531,1158900,0.0,0.0
2026-02-26 00:00:00-05:00,64.67979773089915,64.71966292449746,64.64990073657748,64.68976593017578,2459600,0.0,0.0
2026-02-27 00:00:00-05:00,64.66982850927464,64.69972550312367,64.61003452157655,64.6199951171875,1580300,0.0,0.0
2026-03-02 00:00:00-05:00,64.66999816894531,64.79000091552734,64.63999938964844,64.69999694824219,1934000,0.22,0.0
2026-03-03 00:00:00-05:00,64.69999694824219,64.80999755859375,64.6500015258789,64.72000122070312,3406300,0.0,0.0
2026-03-04 00:00:00-05:00,64.80000305175781,64.80000305175781,64.69000244140625,64.72000122070312,2279400,0.0,0.0
2026-03-05 00:00:00-05:00,64.69999694824219,64.7300033569336,64.61000061035156,64.61000061035156,5750800,0.0,0.0
2026-03-06 00:00:00-05:00,64.61000061035156,64.66000366210938,64.5199966430664,64.5199966430664,3441700,0.0,0.0
2026-03-09 00:00:00-04:00,64.5199966430664,64.80999755859375,64.5,64.77999877929688,4832300,0.0,0.0
2026-03-10 00:00:00-04:00,64.8499984741211,64.8499984741211,64.62999725341797,64.66000366210938,4998600,0.0,0.0
2026-03-11 00:00:00-04:00,64.69999694824219,64.7699966430664,64.55000305175781,64.69999694824219,2737000,0.0,0.0
2026-03-12 00:00:00-04:00,64.6500015258789,64.7699966430664,64.58000183105469,64.62000274658203,3064700,0.0,0.0
2026-03-13 00:00:00-04:00,64.73999786376953,64.73999786376953,64.44999694824219,64.5199966430664,4154100,0.0,0.0
2026-03-16 00:00:00-04:00,64.6500015258789,64.66999816894531,64.54000091552734,64.61000061035156,2046800,0.0,0.0
2026-03-17 00:00:00-04:00,64.6500015258789,64.76000213623047,64.5999984741211,64.70999908447266,2030900,0.0,0.0
2026-03-18 00:00:00-04:00,64.69999694824219,64.7300033569336,64.55500030517578,64.61000061035156,1403610,0.0,0.0
