Date,Open,High,Low,Close,Volume,Dividends,Stock Splits
2022-01-03 00:00:00-05:00,14.735527247663372,15.12501335144043,14.640653016740421,15.12501335144043,1231456,0.0,0.0
2022-01-04 00:00:00-05:00,15.055108226755019,15.234871082411434,14.91029955431246,15.085068702697754,1131418,0.0,0.0
2022-01-05 00:00:00-05:00,15.060101171584645,15.384672683251672,14.490853041333745,14.49584674835205,1662790,0.0,0.0
2022-01-06 00:00:00-05:00,14.485859143310917,14.655634563232654,14.156293949079222,14.171274185180664,1345229,0.0,0.0
2022-01-07 00:00:00-05:00,14.101369387093449,14.246178068937912,13.901633457068407,13.996508598327637,1993158,0.0,0.0
2022-01-10 00:00:00-05:00,13.996508568630976,14.236190623542024,13.836719648181559,14.061422348022461,1711046,0.0,0.0
2022-01-11 00:00:00-05:00,14.051433731814766,14.296110341848744,13.846704125005498,14.27613639831543,1215494,0.0,0.0
2022-01-12 00:00:00-05:00,14.30609862178161,14.366019575869855,13.721870203263247,13.806757926940918,1043629,0.0,0.0
2022-01-13 00:00:00-05:00,13.896638488550124,14.32107796422301,13.841711245353414,14.131328582763672,847264,0.0,0.0
2022-01-14 00:00:00-05:00,14.046439947666302,14.495846162036239,14.046439947666302,14.440918922424316,1080749,0.0,0.0
2022-01-18 00:00:00-05:00,13.791778106209975,13.87666494317713,12.663268315419272,12.693229675292969,3210880,0.0,0.0
2022-01-19 00:00:00-05:00,12.683241759649253,12.818063896465537,11.809396933492637,11.98416519165039,3611034,0.0,0.0
2022-01-20 00:00:00-05:00,12.084032545743245,12.468524992563438,11.729501456123476,11.734495162963867,2588006,0.0,0.0
2022-01-21 00:00:00-05:00,11.70952705371217,11.799408470265272,11.369976214078516,11.414916038513184,2851187,0.0,0.0
2022-01-24 00:00:00-05:00,11.155261203676943,11.969185973166283,10.940545054070265,11.884297370910645,1959379,0.0,0.0
2022-01-25 00:00:00-05:00,11.629631436355233,11.824375377167085,11.340014145986672,11.689553260803223,1474963,0.0,0.0
2022-01-26 00:00:00-05:00,11.91425788454857,11.989159072755884,11.285089671291093,11.444878578186035,1335763,0.0,0.0
2022-01-27 00:00:00-05:00,11.354995567789942,11.39494345182058,10.95552379821837,11.080358505249023,1356922,0.0,0.0
2022-01-28 00:00:00-05:00,11.060385090208195,11.499804764746653,10.890609668435475,11.494811058044434,1566835,0.0,0.0
2022-01-31 00:00:00-05:00,11.190213129417707,11.709526790483459,11.190213129417707,11.599672317504883,1783987,0.0,0.0
2022-02-01 00:00:00-05:00,11.68456129355675,11.899277423883598,11.265114678612536,11.739487648010254,1924858,0.0,0.0
2022-02-02 00:00:00-05:00,11.65959419155504,11.809396561071186,11.265115207723815,11.469844818115234,1209370,0.0,0.0
2022-02-03 00:00:00-05:00,11.340016661570068,11.53975435302134,11.23515587608959,11.270109176635742,1152762,0.0,0.0
2022-02-04 00:00:00-05:00,11.14527170810166,11.350001289028734,10.725826017664325,11.220172882080078,2331878,0.0,0.0
2022-02-07 00:00:00-05:00,11.190212579952318,11.29008051880415,10.830687823317364,10.940543174743652,1228115,0.0,0.0
2022-02-08 00:00:00-05:00,10.975499217162401,11.36997824896184,10.935552208381228,11.300070762634277,1169280,0.0,0.0
2022-02-09 00:00:00-05:00,11.464852641774652,11.794416105617445,11.39494516000418,11.719515800476074,1254099,0.0,0.0
2022-02-10 00:00:00-05:00,11.474838578716541,12.064058877990787,11.459858341694861,11.729501724243164,1327782,0.0,0.0
2022-02-11 00:00:00-05:00,11.734496038272745,11.969186135806597,11.51977988574845,11.719515800476074,996858,0.0,0.0
2022-02-14 00:00:00-05:00,11.784428878975703,11.984164781905745,11.434890606927162,11.519779205322266,1415014,0.0,0.0
2022-02-15 00:00:00-05:00,11.699542199166798,12.05407420948919,11.699542199166798,12.039093971252441,899232,0.0,0.0
2022-02-16 00:00:00-05:00,12.009132631430752,12.223848774826665,11.894284441152893,12.069052696228027,1203987,0.0,0.0
2022-02-17 00:00:00-05:00,11.944220038098393,12.029107768713489,11.54474815665275,11.64461612701416,946189,0.0,0.0
2022-02-18 00:00:00-05:00,11.56471796369327,11.85433526133521,11.56471796369327,11.634625434875488,990733,0.0,0.0
2022-02-22 00:00:00-05:00,11.499804895400883,11.804402447017136,11.414916299708173,11.574706077575684,1615462,0.0,0.0
2022-02-23 00:00:00-05:00,11.744481232541228,11.754468645830606,11.359988800789138,11.414916038513184,883642,0.0,0.0
2022-02-24 00:00:00-05:00,11.085353299994797,11.759462198286524,10.875629981691276,11.729501724243164,1285466,0.0,0.0
2022-02-25 00:00:00-05:00,11.744481257641626,12.138959335842408,11.170240345950448,11.529765129089355,1838182,0.0,0.0
2022-02-28 00:00:00-05:00,11.31005724832932,11.72450934092954,11.19520816230257,11.55972671508789,2291974,0.0,0.0
2022-03-01 00:00:00-05:00,11.379963140926678,11.804402589132515,11.379963140926678,11.669580459594727,1851174,0.0,0.0
2022-03-02 00:00:00-05:00,11.814389747948793,12.084033137538771,11.734495737641378,11.969185829162598,1157773,0.0,0.0
2022-03-03 00:00:00-05:00,12.067067048105066,12.112243347881803,11.846205434243869,11.96165657043457,1196378,0.067349,0.0
2022-03-04 00:00:00-05:00,11.806048997339909,12.021890725773668,11.655461331699973,11.901420593261719,1342074,0.0,0.0
2022-03-07 00:00:00-05:00,11.8662853628854,12.036951698789377,11.74079622009527,11.76589298248291,1563309,0.0,0.0
2022-03-08 00:00:00-05:00,11.720716542481311,12.14236112713368,11.580168643755602,11.926519393920898,1595603,0.0,0.0
2022-03-09 00:00:00-05:00,12.202594765006642,12.49373031979329,12.167458236121304,12.222673416137695,1376038,0.0,0.0
2022-03-10 00:00:00-05:00,11.986751298840016,12.20761287527389,11.906438482941374,12.102202415466309,1536954,0.0,0.0
2022-03-11 00:00:00-05:00,12.162439682864088,12.318046347255258,11.996793248303964,12.026910781860352,1842822,0.0,0.0
2022-03-14 00:00:00-04:00,12.117262922930122,12.272868692944035,11.801028832582608,11.996792793273926,1874560,0.0,0.0
2022-03-15 00:00:00-04:00,12.107224363707768,12.292947671076563,12.046988408802001,12.18753719329834,1580570,0.0,0.0
2022-03-16 00:00:00-04:00,12.122281912283107,12.443534998862239,12.041969084875923,12.323065757751465,2264691,0.0,0.0
2022-03-17 00:00:00-04:00,12.202595398914553,12.649338524105342,12.202595398914553,12.62424087524414,1249274,0.0,0.0
2022-03-18 00:00:00-04:00,12.59412304955752,12.779847246084737,12.388320201321186,12.69953441619873,2500403,0.0,0.0
2022-03-21 00:00:00-04:00,12.699533702407953,12.910356423840858,12.584082572163624,12.664396286010742,1207142,0.0,0.0
2022-03-22 00:00:00-04:00,12.734670261995396,12.90031668639028,12.55898495652285,12.58408260345459,1606554,0.0,0.0
2022-03-23 00:00:00-04:00,12.473653151274156,12.528867441512462,12.207614361847385,12.297966957092285,1699910,0.0,0.0
2022-03-24 00:00:00-04:00,12.353181684986613,12.443534276934168,12.257810096914291,12.287927627563477,1353024,0.0,0.0
2022-03-25 00:00:00-04:00,12.247771300645857,12.282907827662095,11.75585192614211,11.881341934204102,1638662,0.0,0.0
2022-03-28 00:00:00-04:00,11.806049165271933,12.036950552029303,11.670521152743431,12.026910781860352,1087616,0.0,0.0
2022-03-29 00:00:00-04:00,12.207615672735116,12.493731366592682,12.167459255583669,12.468634605407715,1407776,0.0,0.0
2022-03-30 00:00:00-04:00,12.493731034358042,12.53890822410557,11.906440894768991,12.011852264404297,1721440,0.0,0.0
2022-03-31 00:00:00-04:00,11.966675466984357,12.142360779600732,11.966675466984357,12.041969299316406,1163341,0.0,0.0
2022-04-01 00:00:00-04:00,12.026910457000614,12.413417609233948,12.026910457000614,12.368241310119629,1618989,0.0,0.0
2022-04-04 00:00:00-04:00,12.403378146877168,12.448554443875574,12.02690989369895,12.19255542755127,1561453,0.0,0.0
2022-04-05 00:00:00-04:00,12.29796769539259,12.408398947924416,11.996793248303964,12.026910781860352,1924301,0.0,0.0
2022-04-06 00:00:00-04:00,11.916478696237139,12.232712776470992,11.72071563028183,12.152399063110352,4712755,0.0,0.0
2022-04-07 00:00:00-04:00,12.16243933855011,12.23271328536717,11.991773023737009,12.14236068725586,1275629,0.0,0.0
2022-04-08 00:00:00-04:00,12.137341656827209,12.23271414659546,11.996793753297997,12.01687240600586,1023955,0.0,0.0
2022-04-11 00:00:00-04:00,12.021890748328328,12.313026310128263,11.906440500612852,11.96165657043457,1337805,0.0,0.0
2022-04-12 00:00:00-04:00,12.067068199171969,12.388321324800446,12.046989545641948,12.21263599395752,1011334,0.0,0.0
2022-04-13 00:00:00-04:00,12.328087141161003,12.39836109580311,12.187538343401474,12.21263599395752,906842,0.0,0.0
2022-04-14 00:00:00-04:00,12.242751493004754,12.493729733756798,12.242751493004754,12.373260498046875,878074,0.0,0.0
2022-04-18 00:00:00-04:00,12.272869151091076,12.398360058801133,11.966675707576695,12.006832122802734,1041958,0.0,0.0
2022-04-19 00:00:00-04:00,12.006833132482743,12.478673938611314,12.006833132482743,12.232714653015137,972358,0.0,0.0
2022-04-20 00:00:00-04:00,12.363222717306662,12.574044564914963,12.287928882991112,12.438515663146973,1022285,0.0,0.0
2022-04-21 00:00:00-04:00,12.548945945487125,12.548945945487125,12.227692869577123,12.252791404724121,822579,0.0,0.0
2022-04-22 00:00:00-04:00,11.976713879452745,11.986752760545482,11.093268354461964,11.15350341796875,2031206,0.0,0.0
2022-04-25 00:00:00-04:00,11.063151831939557,11.635384098980479,11.00793664817975,11.585187911987305,1712717,0.0,0.0
2022-04-26 00:00:00-04:00,11.3191499710083,11.550050476210785,11.168563187188349,11.3191499710083,1355622,0.0,0.0
2022-04-27 00:00:00-04:00,11.258913141359988,11.49483349490289,11.103306496639725,11.198678970336914,1464198,0.0,0.0
2022-04-28 00:00:00-04:00,11.294053730873186,11.489817729281222,10.992879237182349,11.389426231384277,1276928,0.0,0.0
2022-04-29 00:00:00-04:00,11.319150423930568,11.630364662968454,11.284013891305912,11.349267959594727,1394598,0.0,0.0
2022-05-02 00:00:00-04:00,11.294052365313535,11.474756684288996,10.912564186345511,11.033034324645996,1645901,0.0,0.0
2022-05-03 00:00:00-04:00,10.977819833187505,11.514914715687967,10.977819833187505,11.294053077697754,1621216,0.0,0.0
2022-05-04 00:00:00-04:00,11.409503223763892,11.695618928933976,11.203700356072133,11.620325088500977,1622515,0.0,0.0
2022-05-05 00:00:00-04:00,11.555070361445715,11.76589221418375,11.243857023335956,11.3191499710083,1322400,0.0,0.0
2022-05-06 00:00:00-04:00,11.369345167151694,12.533887362150102,11.369345167151694,11.725735664367676,2810541,0.0,0.0
2022-05-09 00:00:00-04:00,11.615304905700704,11.745814808111602,10.982837599104606,11.12338638305664,1484800,0.0,0.0
2022-05-10 00:00:00-04:00,11.113345156311214,11.349265505167844,10.902523340730363,11.133423805236816,1634208,0.0,0.0
2022-05-11 00:00:00-04:00,11.294052582075935,11.494835557446782,10.827231675677309,10.872408866882324,1807558,0.0,0.0
2022-05-12 00:00:00-04:00,10.782053712177058,11.730754146421612,10.741897300983277,11.71569538116455,2115283,0.0,0.0
2022-05-13 00:00:00-04:00,11.866285207977109,13.086042751867991,11.846206554463663,12.95051383972168,4552211,0.0,0.0
2022-05-16 00:00:00-04:00,12.850119619942433,12.910355567689606,12.202593621242999,12.217653274536133,2331693,0.0,0.0
2022-05-17 00:00:00-04:00,12.363222553041213,12.754749597804764,12.318046253052122,12.69953441619873,1124179,0.0,0.0
2022-05-18 00:00:00-04:00,12.631433256078367,12.78276863284462,12.33885212292145,12.389298439025879,1858042,0.067349,0.0
2022-05-19 00:00:00-04:00,12.22283005869756,12.40443162586595,12.07653948572648,12.096717834472656,1563123,0.0,0.0
2022-05-20 00:00:00-04:00,12.237962156805741,12.303540219961334,11.748644177169256,12.258139610290527,1240365,0.0,0.0
2022-05-23 00:00:00-04:00,12.404429750043624,12.429652012497085,11.763778212096407,12.147160530090332,1234240,0.0,0.0
2022-05-24 00:00:00-04:00,12.041225404464358,12.21778392791748,11.8898909303265,12.21778392791748,1331494,0.0,0.0
2022-05-25 00:00:00-04:00,12.177429285552646,12.439743351412638,12.111850322644255,12.364075660705566,843181,0.0,0.0
2022-05-26 00:00:00-04:00,12.550720555248294,12.636476963637351,12.323718402793338,12.384252548217773,914080,0.0,0.0
2022-05-27 00:00:00-04:00,12.480097444566761,12.570899560350172,12.313630321696298,12.459920883178711,929114,0.0,0.0
2022-05-31 00:00:00-04:00,12.303541691069316,12.560810950411662,12.172384656189275,12.283363342285156,1237024,0.0,0.0
2022-06-01 00:00:00-04:00,12.28336217758479,12.343896325310663,12.000870678713003,12.182472229003906,1175219,0.0,0.0
2022-06-02 00:00:00-04:00,12.28336112169044,12.565853489165516,11.854579100302049,12.535587310791016,1019130,0.0,0.0
2022-06-03 00:00:00-04:00,12.414516653889967,13.050124181765845,12.278315742327411,12.918966293334961,1588365,0.0,0.0
2022-06-06 00:00:00-04:00,12.924013144354594,12.924013144354594,12.565853977689132,12.69701099395752,1459744,0.0,0.0
2022-06-07 00:00:00-04:00,12.560809701816444,12.68187888959984,12.33380664888516,12.540632247924805,1386618,0.0,0.0
2022-06-08 00:00:00-04:00,12.348940438414571,12.404429773069856,12.187515458330113,12.237961769104004,1427078,0.0,0.0
2022-06-09 00:00:00-04:00,12.16229491014197,12.4246089579439,12.016004349141404,12.232917785644531,1366758,0.0,0.0
2022-06-10 00:00:00-04:00,12.106804678852285,12.444786412152217,11.930247936539242,12.232917785644531,1364531,0.0,0.0
2022-06-13 00:00:00-04:00,11.85458013668109,11.975647539423242,11.622532272430183,11.637666702270508,1646086,0.0,0.0
2022-06-14 00:00:00-04:00,11.59731080489099,11.743601374526502,11.249240323941686,11.405619621276855,2083731,0.0,0.0
2022-06-15 00:00:00-04:00,11.526687133648473,11.71837830409861,11.294640162284281,11.637666702270508,2028794,0.0,0.0
2022-06-16 00:00:00-04:00,11.38039829520821,11.38039829520821,10.997016789212783,11.218975067138672,2191008,0.0,0.0
2022-06-17 00:00:00-04:00,11.269417508543519,11.824311760914462,11.269417508543519,11.531730651855469,3702720,0.0,0.0
2022-06-21 00:00:00-04:00,11.809178995262666,11.990780537660342,11.57713203432378,11.839446067810059,1746310,0.0,0.0
2022-06-22 00:00:00-04:00,11.683066085573909,12.237962127015221,11.683066085573909,12.12193775177002,1520250,0.0,0.0
2022-06-23 00:00:00-04:00,12.232917649737706,12.263183830713928,12.041225586681298,12.182472229003906,1136243,0.0,0.0
2022-06-24 00:00:00-04:00,12.283360690294568,12.591075308718002,12.283360690294568,12.338850021362305,4338586,0.0,0.0
2022-06-27 00:00:00-04:00,12.530544479329988,12.611256086842891,12.232918529241754,12.586033821105957,1028410,0.0,0.0
2022-06-28 00:00:00-04:00,12.712144916642739,12.868524200401236,12.086626888722051,12.126982688903809,1134758,0.0,0.0
2022-06-29 00:00:00-04:00,12.157251235333677,12.253096383989568,12.021050281606188,12.197607040405273,745741,0.0,0.0
2022-06-30 00:00:00-04:00,11.844492469978128,12.056362022266544,11.7436025046126,11.915115356445312,2002624,0.0,0.0
2022-07-01 00:00:00-04:00,11.829356405550755,12.747456412316133,11.733511271422065,12.69701099395752,1551245,0.0,0.0
2022-07-05 00:00:00-04:00,12.429652214110039,12.97950343756623,12.35398453263564,12.969414710998535,1537882,0.0,0.0
2022-07-06 00:00:00-04:00,12.833212895210313,12.898791850172543,12.384252508597646,12.475052833557129,1782874,0.0,0.0
2022-07-07 00:00:00-04:00,12.601165701098767,12.918968171919484,12.591076081822134,12.823123931884766,1022470,0.0,0.0
2022-07-08 00:00:00-04:00,12.767635492504246,13.045083989505656,12.73232449875106,12.954282760620117,1780275,0.0,0.0
2022-07-11 00:00:00-04:00,12.929055330397773,12.929055330397773,12.550717894586537,12.62134075164795,726253,0.0,0.0
2022-07-12 00:00:00-04:00,12.596122018131183,12.913925410264754,12.596122018131183,12.833213806152344,748154,0.0,0.0
2022-07-13 00:00:00-04:00,12.676833381240206,12.848345301416362,12.54567547373727,12.823123931884766,802163,0.0,0.0
2022-07-14 00:00:00-04:00,12.616300869576277,12.873570122459103,12.500276483088994,12.858436584472656,832416,0.0,0.0
2022-07-15 00:00:00-04:00,13.12074978109616,13.458730595993721,12.8937467417396,13.317484855651855,893664,0.0,0.0
2022-07-18 00:00:00-04:00,13.418373874683667,13.51421900056101,13.216593111507276,13.23172664642334,794925,0.0,0.0
2022-07-19 00:00:00-04:00,13.38810870696856,13.882469727280931,13.38810870696856,13.771491050720215,892179,0.0,0.0
2022-07-20 00:00:00-04:00,13.811846675555069,14.013626571936005,13.574754895508448,13.852203369140625,1738515,0.0,0.0
2022-07-21 00:00:00-04:00,13.67059887834916,13.983358316326091,13.610065628860479,13.978314399719238,874918,0.0,0.0
2022-07-22 00:00:00-04:00,14.286029317327536,14.472675664837746,14.134693958326471,14.311250686645508,1582611,0.0,0.0
2022-07-25 00:00:00-04:00,14.301163040410573,14.361698081469454,14.114516678804232,14.316296577453613,661850,0.0,0.0
2022-07-26 00:00:00-04:00,14.371784936831869,14.492852324522298,14.195227325285897,14.452496528625488,375654,0.0,0.0
2022-07-27 00:00:00-04:00,14.518076227970674,14.66941069362052,14.412141476995126,14.62401008605957,574618,0.0,0.0
2022-07-28 00:00:00-04:00,14.583654428626836,14.9065016887053,14.477718790229622,14.856057167053223,635309,0.0,0.0
2022-07-29 00:00:00-04:00,14.911548302473228,15.02757268066366,14.618967184248774,14.941815376281738,759846,0.0,0.0
2022-08-01 00:00:00-04:00,14.825792893595533,15.002350549089485,14.679502315779795,14.987217903137207,825178,0.0,0.0
2022-08-02 00:00:00-04:00,15.133505940984675,15.28988432793124,14.820745595544834,14.825790405273438,983123,0.0,0.0
2022-08-03 00:00:00-04:00,14.926681058302776,15.103238681984708,14.775345697179215,14.861102104187012,963264,0.0,0.0
2022-08-04 00:00:00-04:00,14.830835263224625,14.946859637153008,13.564665698369236,13.695822715759277,2100250,0.0,0.0
2022-08-05 00:00:00-04:00,12.510364310051537,14.270895702814792,12.15220426001753,14.2608060836792,2831142,0.0,0.0
2022-08-08 00:00:00-04:00,14.260808334995719,14.578612637318233,14.149829650077464,14.502944946289062,1732019,0.0,0.0
2022-08-09 00:00:00-04:00,14.33647345534867,14.442408203794324,13.186327436598596,13.211548805236816,1486285,0.0,0.0
2022-08-10 00:00:00-04:00,13.483953313698638,13.65546522750342,13.206504865857879,13.569708824157715,1118611,0.0,0.0
2022-08-11 00:00:00-04:00,13.721044609512624,13.988403446843767,13.44359704584961,13.499086380004883,830931,0.0,0.0
2022-08-12 00:00:00-04:00,13.594933332740789,14.003537938140754,13.529354374893032,13.993449211120605,861555,0.0,0.0
2022-08-15 00:00:00-04:00,13.92503857332534,14.092260996933806,13.752749401499148,14.051722526550293,871206,0.067349,0.0
2022-08-16 00:00:00-04:00,14.087194384586223,14.087194384586223,13.621000595604439,13.935173988342285,1143667,0.0,0.0
2022-08-17 00:00:00-04:00,13.8034244998449,13.935174317126918,13.428441145905351,13.702077865600586,1135686,0.0,0.0
2022-08-18 00:00:00-04:00,13.697009396798746,13.904770298438498,13.641267988925161,13.859163284301758,831674,0.0,0.0
2022-08-19 00:00:00-04:00,13.818624707701163,13.833826745668686,13.514583948350692,13.52471923828125,824064,0.0,0.0
2022-08-22 00:00:00-04:00,13.372701211248373,13.544991304167189,13.190276723544383,13.509519577026367,793811,0.0,0.0
2022-08-23 00:00:00-04:00,13.600728758717748,13.77808466370533,13.453776031240517,13.504448890686035,845779,0.0,0.0
2022-08-24 00:00:00-04:00,13.519652889005256,13.793288701716929,13.458844731307462,13.77808666229248,1176704,0.0,0.0
2022-08-25 00:00:00-04:00,13.813556318685267,14.097327379817948,13.742613777634164,14.041586875915527,972358,0.0,0.0
2022-08-26 00:00:00-04:00,13.960510554793593,13.960510554793593,13.387901622857665,13.42844009399414,1186170,0.0,0.0
2022-08-29 00:00:00-04:00,13.271354484688933,13.504452754385142,13.175076382968054,13.47404956817627,1089843,0.0,0.0
2022-08-30 00:00:00-04:00,13.514583759292423,13.514583759292423,12.957177801113623,13.038254737854004,1111558,0.0,0.0
2022-08-31 00:00:00-04:00,13.129467489729906,13.225747371583152,12.97744709571341,12.992650032043457,965120,0.0,0.0
2022-09-01 00:00:00-04:00,12.825427986717134,12.830494735385404,12.465646675634071,12.764619827270508,1051981,0.0,0.0
2022-09-02 00:00:00-04:00,12.972379814666889,12.972379814666889,12.602464135697826,12.73421573638916,927814,0.0,0.0
2022-09-06 00:00:00-04:00,12.815294062617564,12.850764892310494,12.399772222439971,12.566994667053223,1482016,0.0,0.0
2022-09-07 00:00:00-04:00,12.582195088151488,13.170006046145565,12.450444387115862,13.058524131774902,1028410,0.0,0.0
2022-09-08 00:00:00-04:00,12.99771640867962,13.398037067112247,12.926773859144465,13.372699737548828,606541,0.0,0.0
2022-09-09 00:00:00-04:00,13.499381714938037,13.59566158631451,13.306823766041694,13.48924732208252,516896,0.0,0.0
2022-09-12 00:00:00-04:00,13.681806486769053,13.919971451386543,13.550055788863597,13.889567375183105,746669,0.0,0.0
2022-09-13 00:00:00-04:00,13.453776835636301,13.56019020560561,13.16493811119988,13.200408935546875,835942,0.0,0.0
2022-09-14 00:00:00-04:00,13.251085522576703,13.251085522576703,12.85076482789663,13.078795433044434,812186,0.0,0.0
2022-09-15 00:00:00-04:00,13.083861975943222,13.322026955601716,12.972380057180679,13.012919425964355,752794,0.0,0.0
2022-09-16 00:00:00-04:00,12.911570719937806,13.276418727120328,12.795022063434061,13.246015548706055,2493165,0.0,0.0
2022-09-19 00:00:00-04:00,13.159871476952114,13.37776676072286,12.962244979575472,13.322026252746582,910925,0.0,0.0
2022-09-20 00:00:00-04:00,13.235881607586018,13.235881607586018,12.91663968088957,13.04839038848877,749453,0.0,0.0
2022-09-21 00:00:00-04:00,13.159872992929632,13.159872992929632,12.60753280381665,12.617667198181152,1037318,0.0,0.0
2022-09-22 00:00:00-04:00,12.572061347919972,12.572061347919972,11.953845383956315,11.963980674743652,1625670,0.0,0.0
2022-09-23 00:00:00-04:00,11.817027984505657,11.88290289029857,11.320429229100395,11.665007591247559,1621402,0.0,0.0
2022-09-26 00:00:00-04:00,11.644738935504465,11.786624039535662,11.295092027045213,11.54845905303955,1557370,0.0,0.0
2022-09-27 00:00:00-04:00,11.720746201077706,11.720746201077706,11.168407023421455,11.274821281433105,1476262,0.0,0.0
2022-09-28 00:00:00-04:00,11.442044297590472,11.629536409196378,11.239351044051059,11.533256530761719,1182086,0.0,0.0
2022-09-29 00:00:00-04:00,11.391372086827868,11.594065352007094,11.031590778745587,11.553526878356934,865638,0.0,0.0
2022-09-30 00:00:00-04:00,11.63460297226252,11.746083982261238,11.183609493619043,11.198811531066895,945075,0.0,0.0
2022-10-03 00:00:00-04:00,11.401504959943816,11.857566091146998,11.173475291270522,11.68527603149414,863411,0.0,0.0
2022-10-04 00:00:00-04:00,11.958914043424157,12.364301492226607,11.928510859269226,12.328829765319824,890323,0.0,0.0
2022-10-05 00:00:00-04:00,12.070394575631713,12.496050764591928,12.034922852831544,12.465645790100098,1023213,0.0,0.0
2022-10-06 00:00:00-04:00,12.354165963039067,12.50111871980711,11.958913813483136,11.989317893981934,910739,0.0,0.0
2022-10-07 00:00:00-04:00,11.806891881846648,11.852498893616604,11.528188444655596,11.60926628112793,1174291,0.0,0.0
2022-10-10 00:00:00-04:00,11.680209008731115,11.771421239829928,11.553525952379438,11.614334106445312,913338,0.0,0.0
2022-10-11 00:00:00-04:00,11.49271700167782,11.74101634894999,11.452178534086672,11.558592796325684,974586,0.0,0.0
2022-10-12 00:00:00-04:00,11.573793839461514,11.573793839461514,11.30522570911803,11.376168251037598,815341,0.0,0.0
2022-10-13 00:00:00-04:00,11.14813844896807,11.578862271452635,10.869435010167075,11.371101379394531,1590963,0.0,0.0
2022-10-14 00:00:00-04:00,11.467379899609718,11.781555023120426,11.092396629811246,11.1177339553833,1359149,0.0,0.0
2022-10-17 00:00:00-04:00,11.371100396029103,11.70047756654974,11.320427537135625,11.639669418334961,1140141,0.0,0.0
2022-10-18 00:00:00-04:00,11.994385349089637,12.283223212309478,11.827162909003793,11.953845977783203,764301,0.0,0.0
2022-10-19 00:00:00-04:00,11.847431320468035,11.948777047049104,11.730881761657466,11.882902145385742,535827,0.0,0.0
2022-10-20 00:00:00-04:00,11.918375149050616,12.08559758913646,11.84743259465701,11.953845977783203,669088,0.0,0.0
2022-10-21 00:00:00-04:00,11.22414875016539,11.619400854665239,9.937045812198836,11.614334106445312,2996326,0.0,0.0
2022-10-24 00:00:00-04:00,11.675141253468265,11.766353483706807,11.279889152696253,11.761286735534668,2965517,0.0,0.0
2022-10-25 00:00:00-04:00,11.893037637770385,12.55685789850281,11.811959799427521,12.460578918457031,969760,0.0,0.0
2022-10-26 00:00:00-04:00,12.703809715954385,13.256149814778315,12.607530742908903,13.002782821655273,1026368,0.0,0.0
2022-10-27 00:00:00-04:00,13.099063955290816,13.099063955290816,12.703810941486251,12.739283561706543,1092256,0.0,0.0
2022-10-28 00:00:00-04:00,12.734217047836799,13.099065119144834,12.637937160020464,13.078795433044434,701939,0.0,0.0
2022-10-31 00:00:00-04:00,12.98251445091241,13.139602486860305,12.926773939995327,13.012919425964355,861184,0.0,0.0
2022-11-01 00:00:00-04:00,13.078794840071318,13.311892183479596,12.891303615624887,13.240949630737305,755392,0.0,0.0
2022-11-02 00:00:00-04:00,13.251082536283208,13.26628367627218,12.496049231965515,12.506183624267578,1149421,0.0,0.0
2022-11-03 00:00:00-04:00,12.262952096117083,12.3237602490547,11.827161529301922,12.029854774475098,2092640,0.0,0.0
2022-11-04 00:00:00-04:00,9.556995237187445,11.75115093027129,9.556995237187445,11.68527603149414,4980576,0.0,0.0
2022-11-07 00:00:00-05:00,11.710613385452369,12.004518850496058,11.001185256507359,11.386302947998047,1847277,0.0,0.0
2022-11-08 00:00:00-05:00,11.462313195552326,11.462313195552326,11.011320602820016,11.148138046264648,1380122,0.0,0.0
2022-11-09 00:00:00-05:00,11.001184449732236,11.001184449732236,10.73768307949483,10.879569053649902,1819437,0.0,0.0
2022-11-10 00:00:00-05:00,11.462313823660388,12.121067337044028,11.290023753292088,12.100797653198242,1306810,0.0,0.0
2022-11-11 00:00:00-05:00,12.186943091128448,12.830493666517267,12.126134936747558,12.789956092834473,1850432,0.0,0.0
2022-11-14 00:00:00-05:00,12.627800822482993,12.693675722548791,12.06532631325755,12.384568214416504,1551059,0.0,0.0
2022-11-15 00:00:00-05:00,12.570476959365749,12.865893353952513,12.40748857264411,12.519542694091797,1252243,0.067349,0.0
2022-11-16 00:00:00-05:00,12.468610987448155,12.611225506705969,11.857404230627191,12.081513404846191,1087059,0.0,0.0
2022-11-17 00:00:00-05:00,11.9185252615939,12.213941679667574,11.750443164519808,12.035672187805176,1013747,0.0,0.0
2022-11-18 00:00:00-05:00,12.300527213032924,12.382020955401403,12.12225863737018,12.28015422821045,916122,0.0,0.0
2022-11-21 00:00:00-05:00,12.22921988301673,12.280154147818052,11.86249534014149,12.005110740661621,755763,0.0,0.0
2022-11-22 00:00:00-05:00,12.09679407120136,12.36165103406842,12.015299413040855,12.066234588623047,650528,0.0,0.0
2022-11-23 00:00:00-05:00,11.913430027088125,12.112071578279638,11.81156150158465,12.091697692871094,606726,0.0,0.0
2022-11-25 00:00:00-05:00,12.122258691181457,12.38711470736365,12.122258691181457,12.346367835998535,288608,0.0,0.0
2022-11-28 00:00:00-05:00,12.224128208637678,12.234314702667653,11.872684698439533,11.933805465698242,748525,0.0,0.0
2022-11-29 00:00:00-05:00,11.923617673224246,12.275061145151314,11.923617673224246,12.18847370147705,793626,0.0,0.0
2022-11-30 00:00:00-05:00,12.229219996494216,12.55010307294831,11.806469291031506,12.519542694091797,1474778,0.0,0.0
2022-12-01 00:00:00-05:00,12.677437192287664,12.89645263642416,12.473701937348563,12.595943450927734,694330,0.0,0.0
2022-12-02 00:00:00-05:00,12.45332851039975,12.743652115854664,12.376928463135135,12.682531356811523,496480,0.0,0.0
2022-12-05 00:00:00-05:00,12.565383400122652,12.580664491257716,12.244500320150927,12.376928329467773,578886,0.0,0.0
2022-12-06 00:00:00-05:00,12.351462118765742,12.483890133137251,12.229220597333786,12.361649513244629,575917,0.0,0.0
2022-12-07 00:00:00-05:00,12.320901512477171,12.550103459419839,11.954177856445312,11.954177856445312,801792,0.0,0.0
2022-12-08 00:00:00-05:00,11.923619162227025,12.198661717747408,11.816657817814868,12.066234588623047,686906,0.0,0.0
2022-12-09 00:00:00-05:00,11.959270513572543,12.239406724113877,11.913430845946253,12.096792221069336,629926,0.0,0.0
2022-12-12 00:00:00-05:00,12.127354768741734,12.402397331370393,12.010206025569738,12.39730453491211,651270,0.0,0.0
2022-12-13 00:00:00-05:00,12.957574482417858,12.962667277864565,12.494076004410163,12.555196762084961,1088730,0.0,0.0
2022-12-14 00:00:00-05:00,12.539918399604495,12.921922289186767,12.539918399604495,12.626505851745605,971059,0.0,0.0
2022-12-15 00:00:00-05:00,12.392208262045472,12.621410199688903,12.310713618711857,12.524636268615723,1389587,0.0,0.0
2022-12-16 00:00:00-05:00,12.244500000926896,12.636691223146975,12.188472941049536,12.595943450927734,3734086,0.0,0.0
2022-12-19 00:00:00-05:00,12.504263973601194,12.667251466179327,12.015297889709473,12.015297889709473,2079648,0.0,0.0
2022-12-20 00:00:00-05:00,12.056046548322925,12.713092968647333,11.877777951013483,12.53482437133789,1485171,0.0,0.0
2022-12-21 00:00:00-05:00,12.702906795994794,12.942296164321215,12.667252715016188,12.901548385620117,1525818,0.0,0.0
2022-12-22 00:00:00-05:00,12.7640271627073,12.83533442089158,12.290342138613891,12.606131553649902,983123,0.0,0.0
2022-12-23 00:00:00-05:00,12.488985088034877,12.606132022484916,12.331089473105179,12.41767692565918,549376,0.0,0.0
2022-12-27 00:00:00-05:00,12.407488919001,12.601036788442778,12.305620385609421,12.509357452392578,663520,0.0,0.0
2022-12-28 00:00:00-05:00,12.580664318965198,12.713091424929154,12.264874038823947,12.28015422821045,750010,0.0,0.0
2022-12-29 00:00:00-05:00,12.407488722787015,12.738559197225756,12.27506071331938,12.68762493133545,839283,0.0,0.0
2022-12-30 00:00:00-05:00,12.575571938743366,12.682532374109114,12.483890792824681,12.646879196166992,697856,0.0,0.0
2023-01-03 00:00:00-05:00,12.850614474960032,13.07472364224813,12.422770028878894,12.646879196166992,1031565,0.0,0.0
2023-01-04 00:00:00-05:00,12.814959310371664,13.146029786531496,12.799680022218373,13.064535140991211,739802,0.0,0.0
2023-01-05 00:00:00-05:00,13.059440674743449,13.125654220581055,12.78439819700252,13.125654220581055,561440,0.0,0.0
2023-01-06 00:00:00-05:00,13.242804386356697,13.528033386829124,12.998321355621142,13.487285614013672,551789,0.0,0.0
2023-01-09 00:00:00-05:00,13.640087508223393,13.797983099419868,13.487285614013672,13.487285614013672,700640,0.0,0.0
2023-01-10 00:00:00-05:00,13.385419651200937,13.808170380610674,13.385419651200937,13.772517204284668,607654,0.0,0.0
2023-01-11 00:00:00-05:00,13.843824489457921,14.047559759471833,13.833637996419029,13.910038948059082,875661,0.0,0.0
2023-01-12 00:00:00-05:00,13.991532854832737,14.342976334841088,13.864197633469002,14.317509651184082,711034,0.0,0.0
2023-01-13 00:00:00-05:00,14.205455298632767,14.597644745097854,14.205455298632767,14.567085266113281,488128,0.0,0.0
2023-01-17 00:00:00-05:00,14.602738605639384,14.704607142884319,14.465217793283484,14.663859367370605,574803,0.0,0.0
2023-01-18 00:00:00-05:00,14.668953177980464,15.050957965228392,13.981347265552428,14.006813049316406,1007808,0.0,0.0
2023-01-19 00:00:00-05:00,13.904944541505285,14.409189895069698,13.843823783310897,14.281855583190918,736646,0.0,0.0
2023-01-20 00:00:00-05:00,14.399002766834032,14.638392107001705,14.078118780389584,14.546710968017578,657024,0.0,0.0
2023-01-23 00:00:00-05:00,14.551803524737338,14.852313600677228,14.475402581571329,14.6231107711792,514112,0.0,0.0
2023-01-24 00:00:00-05:00,14.546711292324439,14.556898686798226,13.996625347695277,14.052653312683105,461958,0.0,0.0
2023-01-25 00:00:00-05:00,13.960972263176005,14.230921089253673,13.894757804819656,14.220734596252441,369530,0.0,0.0
2023-01-26 00:00:00-05:00,14.261483262021624,14.480498735232173,14.190175101941515,14.465218544006348,394586,0.0,0.0
2023-01-27 00:00:00-05:00,14.29204213360429,14.653673010017824,13.981346427824452,14.556899070739746,888096,0.0,0.0
2023-01-30 00:00:00-05:00,14.4040970864545,14.582365675003597,14.292042055673706,14.353163719177246,489242,0.0,0.0
2023-01-31 00:00:00-05:00,14.399003243864419,14.867595447016592,14.399003243864419,14.806474685668945,850605,0.0,0.0
2023-02-01 00:00:00-05:00,14.724981695936496,15.320908248201354,14.638393345212181,15.122264862060547,800307,0.0,0.0
2023-02-02 00:00:00-05:00,15.13245090254259,15.601042186320427,15.13245090254259,15.412586212158203,733677,0.0,0.0
2023-02-03 00:00:00-05:00,15.315811159209126,15.570479752817473,15.249596711824307,15.45333194732666,828333,0.0,0.0
2023-02-06 00:00:00-05:00,15.310719927484811,15.387119976942593,14.852315123041446,14.913434982299805,762074,0.0,0.0
2023-02-07 00:00:00-05:00,14.796289359151029,14.862502921471638,14.383724187528129,14.69442081451416,1065344,0.0,0.0
2023-02-08 00:00:00-05:00,14.638391175138993,14.806473252576655,14.19017290299807,14.302227020263672,954170,0.0,0.0
2023-02-09 00:00:00-05:00,14.490682917648392,14.592550542393168,14.246199897029527,14.373534202575684,835386,0.0,0.0
2023-02-10 00:00:00-05:00,14.37863048983446,14.85740922377797,14.37863048983446,14.69442081451416,879930,0.0,0.0
2023-02-13 00:00:00-05:00,14.69951249912076,15.025489273006107,14.623111551875867,15.010209083557129,580000,0.0,0.0
2023-02-14 00:00:00-05:00,14.928714575748296,15.315813012506508,14.847220832301842,14.867594718933105,757805,0.0,0.0
2023-02-15 00:00:00-05:00,14.648580706248913,15.259785645136555,14.648580706248913,15.229227066040039,539354,0.0,0.0
2023-02-16 00:00:00-05:00,14.98474250090509,15.55010774519788,14.98474250090509,15.320907592773438,1129562,0.0,0.0
2023-02-17 00:00:00-05:00,15.361652619264909,15.397306695344449,14.954182100557961,15.351465225219727,831488,0.0,0.0
2023-02-21 00:00:00-05:00,15.173200234985993,15.473708560786934,15.005117228870912,15.04586410522461,849120,0.0,0.0
2023-02-22 00:00:00-05:00,15.056051266533599,15.35656048920477,14.959276422465384,15.229227066040039,1336877,0.0,0.0
2023-02-23 00:00:00-05:00,15.300531867201654,15.677442007000701,14.918528030378004,15.249598503112793,1232755,0.0,0.0
2023-02-24 00:00:00-05:00,14.984741452744078,15.056049604306743,13.950784073556902,14.042465209960938,1994086,0.0,0.0
2023-02-27 00:00:00-05:00,14.149426432048319,14.271667946357653,13.767422601370935,13.874383926391602,1370842,0.0,0.0
2023-02-28 00:00:00-05:00,13.741956578834815,13.960972034784044,13.61462226301484,13.848917007446289,1893120,0.0,0.0
2023-03-01 00:00:00-05:00,13.772517327083877,13.904945343631248,13.655368599427215,13.767423629760742,1713459,0.0,0.0
2023-03-02 00:00:00-05:00,13.242924081267645,13.739277368081655,13.2122217227299,13.67275619506836,1267277,0.067349,0.0
2023-03-03 00:00:00-05:00,13.790448270356825,14.184460664034344,13.713692373996858,14.061651229858398,1008550,0.0,0.0
2023-03-06 00:00:00-05:00,13.96443015382028,13.96443015382028,13.416905871145088,13.611353874206543,1205286,0.0,0.0
2023-03-07 00:00:00-05:00,13.636937045839145,13.636937045839145,13.161052280034404,13.237807273864746,1211782,0.0,0.0
2023-03-08 00:00:00-05:00,13.25827693939209,13.401554036680349,13.176404571149629,13.25827693939209,729408,0.0,0.0
2023-03-09 00:00:00-05:00,13.294095955826739,13.350383319200088,12.98707323274022,13.028009414672852,971987,0.0,0.0
2023-03-10 00:00:00-05:00,12.971722299465965,12.971722299465965,12.419081568483044,12.79774284362793,1135686,0.0,0.0
2023-03-13 00:00:00-04:00,12.593061225604659,13.053595812392974,12.45490148357773,12.823328971862793,1125293,0.0,0.0
2023-03-14 00:00:00-04:00,13.212223462151623,13.278744643922597,12.726103023214273,12.88473129272461,892550,0.0,0.0
2023-03-15 00:00:00-04:00,12.52653905185741,12.843796508754801,12.470251686881648,12.81821060180664,1049754,0.0,0.0
2023-03-16 00:00:00-04:00,12.664697574969011,13.288978609872336,12.57770785453554,13.166169166564941,834643,0.0,0.0
2023-03-17 00:00:00-04:00,13.06894578058008,13.06894578058008,12.57770887328968,12.664698600769043,3065184,0.0,0.0
2023-03-20 00:00:00-04:00,12.777274262008351,13.109881990976506,12.777274262008351,12.925668716430664,721798,0.0,0.0
2023-03-21 00:00:00-04:00,13.18663933190307,13.34015116547399,12.966606307603396,13.120118141174316,755949,0.0,0.0
2023-03-22 00:00:00-04:00,13.120116291979675,13.201988654526147,12.741454124450684,12.741454124450684,915936,0.0,0.0
2023-03-23 00:00:00-04:00,12.7568046963789,12.787507963027242,12.424196994043431,12.526537895202637,752422,0.0,0.0
2023-03-24 00:00:00-04:00,12.347441661134914,12.659580835341483,12.224632211789483,12.608410835266113,664077,0.0,0.0
2023-03-27 00:00:00-04:00,12.833561857515345,13.04847840504015,12.746572128283649,12.961487770080566,569235,0.0,0.0
2023-03-28 00:00:00-04:00,12.874498876252547,13.079181617657447,12.813094144403872,13.074064254760742,599674,0.0,0.0
2023-03-29 00:00:00-04:00,13.268511690206244,13.273628147151285,12.869381856369762,12.992191314697266,609510,0.0,0.0
2023-03-30 00:00:00-04:00,13.135468303572758,13.196873032228423,12.920551753277927,12.981956481933594,502048,0.0,0.0
2023-03-31 00:00:00-04:00,13.07406253897428,13.227574348449707,13.007541358686813,13.227574348449707,932083,0.0,0.0
2023-04-03 00:00:00-04:00,13.268511983893191,13.488544997781604,13.08941515511073,13.161054611206055,769869,0.0,0.0
2023-04-04 00:00:00-04:00,13.33503268986352,13.375969779218908,13.074063500294372,13.365735054016113,824064,0.0,0.0
2023-04-05 00:00:00-04:00,13.299212449893512,13.821151679072008,13.278743907399686,13.816034317016602,1026739,0.0,0.0
2023-04-06 00:00:00-04:00,13.89279073404546,13.913258371569976,13.616469475914027,13.882556915283203,648486,0.0,0.0
2023-04-10 00:00:00-04:00,13.816032963355436,14.189577713606132,13.810915601801417,14.148640632629395,763558,0.0,0.0
2023-04-11 00:00:00-04:00,14.199815421804189,14.43008224849849,14.158878332221642,14.163994789123535,800122,0.0,0.0
2023-04-12 00:00:00-04:00,14.27145306355949,14.307271882509385,14.107706527085131,14.169111251831055,584454,0.0,0.0
2023-04-13 00:00:00-04:00,14.286803305775894,14.33285684922818,14.117941218845349,14.297037124633789,672800,0.0,0.0
2023-04-14 00:00:00-04:00,14.332859040090762,14.471019691566298,14.245869302182157,14.465902328491211,874733,0.0,0.0
2023-04-17 00:00:00-04:00,14.506838634006867,14.511955997123614,14.153762316423002,14.220283508300781,488685,0.0,0.0
2023-04-18 00:00:00-04:00,14.271451956600686,14.317504590860235,14.11794015664295,14.276568412780762,730707,0.0,0.0
2023-04-19 00:00:00-04:00,14.240751379507316,14.394263208447784,14.174230190785075,14.384029388427734,513184,0.0,0.0
2023-04-20 00:00:00-04:00,14.322623198839876,14.322623198839876,14.097472841222984,14.317505836486816,594662,0.0,0.0
2023-04-21 00:00:00-04:00,14.62964593759412,14.992956927636406,14.5631247555624,14.839445114135742,933382,0.0,0.0
2023-04-24 00:00:00-04:00,14.844562514611514,15.264160868772164,14.839445152239069,15.105531692504883,1221805,0.0,0.0
2023-04-25 00:00:00-04:00,15.105532372846696,15.299981283023223,14.95713791464073,15.197639465332031,1434131,0.0,0.0
2023-04-26 00:00:00-04:00,15.146468994048062,15.438141462010995,14.987840711781573,14.998074531555176,1139398,0.0,0.0
2023-04-27 00:00:00-04:00,15.044127086370267,15.443257805665223,15.044127086370267,15.243693351745605,1172621,0.0,0.0
2023-04-28 00:00:00-04:00,15.115764440691041,15.632586303220494,15.105530622398987,15.607001304626465,1229414,0.0,0.0
2023-05-01 00:00:00-04:00,15.627469692876707,15.816801227616997,15.376735245430673,15.443257331848145,1216608,0.0,0.0
2023-05-02 00:00:00-04:00,15.26927651650339,15.26927651650339,14.747338157407317,14.987839698791504,913709,0.0,0.0
2023-05-03 00:00:00-04:00,14.982721606146995,15.274393134452952,14.916200426764854,15.01342487335205,1122323,0.0,0.0
2023-05-04 00:00:00-04:00,14.834328764501338,15.033893229948417,14.573359569461953,14.849679946899414,1870662,0.0,0.0
2023-05-05 00:00:00-04:00,15.760514084958391,16.53318869852519,15.607002272419344,15.734929084777832,3322611,0.0,0.0
2023-05-08 00:00:00-04:00,15.683761254958608,15.714461810259504,14.982724182586757,15.238577842712402,1941562,0.0,0.0
2023-05-09 00:00:00-04:00,15.13111609413648,15.248808178222543,14.895731925964355,14.895731925964355,1302355,0.0,0.0
2023-05-10 00:00:00-04:00,15.054359281497655,15.207871985778963,14.900848388671875,14.900848388671875,1529344,0.0,0.0
2023-05-11 00:00:00-04:00,14.74734031123603,14.767808858117142,14.35844426059083,14.491488456726074,919277,0.0,0.0
2023-05-12 00:00:00-04:00,14.568241219638772,14.639879759612539,14.230515250761615,14.460782051086426,1216794,0.0,0.0
2023-05-15 00:00:00-04:00,14.430081541613387,14.5733586309499,14.348209177914766,14.455666542053223,709178,0.0,0.0
2023-05-16 00:00:00-04:00,14.43008144206786,14.43008144206786,14.046302815206372,14.179346084594727,1404064,0.0,0.0
2023-05-17 00:00:00-04:00,14.27957944946494,14.490329308580577,13.976305128810917,14.423505783081055,992218,0.067349,0.0
2023-05-18 00:00:00-04:00,14.433787019727685,14.71650097593609,14.305281420404695,14.665098190307617,925587,0.0,0.0
2023-05-19 00:00:00-04:00,14.742201743775988,14.742201743775988,14.536592423298154,14.649677276611328,797152,0.0,0.0
2023-05-22 00:00:00-04:00,14.726779963880094,14.793603488745015,14.541731952392718,14.67023754119873,680224,0.0,0.0
2023-05-23 00:00:00-04:00,14.541733235081917,14.716501069633612,14.366964490698091,14.495471000671387,1087802,0.0,0.0
2023-05-24 00:00:00-04:00,14.387526183439403,14.387526183439403,13.991727359188646,14.15107536315918,711034,0.0,0.0
2023-05-25 00:00:00-04:00,14.017427717703592,14.089390884508735,13.894061768990744,13.955744743347168,923917,0.0,0.0
2023-05-26 00:00:00-04:00,13.90948167907453,14.037989089464999,13.82723831936937,13.93518352508545,799936,0.0,0.0
2023-05-30 00:00:00-04:00,13.960886308781987,14.284720128016458,13.950605205754261,14.048270225524902,649786,0.0,0.0
2023-05-31 00:00:00-04:00,14.01228711343633,14.187055843394258,13.724433537475084,14.068829536437988,987578,0.0,0.0
2023-06-01 00:00:00-04:00,14.043127942193763,14.305279660093609,13.945463844299315,14.21275520324707,525619,0.0,0.0
2023-06-02 00:00:00-04:00,14.459489354769175,14.716501471909059,14.408087477240493,14.654817581176758,710291,0.0,0.0
2023-06-05 00:00:00-04:00,14.56743288818751,14.860427013609938,14.454347132992732,14.67023754119873,738502,0.0,0.0
2023-06-06 00:00:00-04:00,14.675377189451206,15.004353353008739,14.634256420025585,14.988932609558105,837056,0.0,0.0
2023-06-07 00:00:00-04:00,15.158562342978286,15.343609463709997,14.978653044371855,15.01463508605957,1090771,0.0,0.0
2023-06-08 00:00:00-04:00,14.942671546202934,14.942671546202934,14.531451992014523,14.834726333618164,797152,0.0,0.0
2023-06-09 00:00:00-04:00,14.788463136181353,14.819304623481955,14.567433083748401,14.62911605834961,868979,0.0,0.0
2023-06-12 00:00:00-04:00,14.598275990704463,14.701080655093353,14.423507242394416,14.469769477844238,642362,0.0,0.0
2023-06-13 00:00:00-04:00,14.46462823517629,14.85014591142638,14.444066940641225,14.67023754119873,1057920,0.0,0.0
2023-06-14 00:00:00-04:00,14.999213802233598,15.261365548545593,14.788463930963745,14.819305419921875,1596160,0.0,0.0
2023-06-15 00:00:00-04:00,14.737062227729048,14.89126968383789,14.593135875248915,14.89126968383789,1210298,0.0,0.0
2023-06-16 00:00:00-04:00,15.01463508605957,15.138001046323572,14.773043717153284,15.01463508605957,3142950,0.0,0.0
2023-06-20 00:00:00-04:00,15.004355351306984,15.379591975526782,14.932392175563901,15.323049545288086,1249274,0.0,0.0
2023-06-21 00:00:00-04:00,15.323050073120225,15.590342397848888,15.132861478569483,15.574922561645508,1731834,0.0,0.0
2023-06-22 00:00:00-04:00,15.6160444569915,15.641745398948437,15.369314322406163,15.533801078796387,939878,0.0,0.0
2023-06-23 00:00:00-04:00,15.379589969555278,15.472114430513566,15.09173730412779,15.137999534606934,2394611,0.0,0.0
2023-06-26 00:00:00-04:00,15.112299504553354,15.523518167330792,15.076318371968018,15.364171981811523,895334,0.0,0.0
2023-06-27 00:00:00-04:00,15.369310409589039,16.114644815246432,15.230523720656684,16.042680740356445,1282310,0.0,0.0
2023-06-28 00:00:00-04:00,15.965580521652212,16.315116211391985,15.945018314257375,16.289413452148438,796410,0.0,0.0
2023-06-29 00:00:00-04:00,16.232868042462883,16.587544218969438,16.232868042462883,16.536142349243164,1657408,0.0,0.0
2023-06-30 00:00:00-04:00,16.67493243006588,16.67493243006588,16.371658078089222,16.376798629760742,670016,0.0,0.0
2023-07-03 00:00:00-04:00,16.155771263983798,16.330539141972856,15.96558354719086,16.006704330444336,386976,0.0,0.0
2023-07-05 00:00:00-04:00,15.934732996503428,16.08894041286157,15.62117943296178,15.662302017211914,1808486,0.0,0.0
2023-07-06 00:00:00-04:00,15.502955144923485,15.538937181224814,15.060895066595192,15.245943069458008,888838,0.0,0.0
2023-07-07 00:00:00-04:00,15.25108474040486,15.42071384278484,15.184262119592278,15.225384712219238,872506,0.0,0.0
2023-07-10 00:00:00-04:00,15.189403068387904,15.729127330037139,15.132860639337204,15.6109037399292,1214010,0.0,0.0
2023-07-11 00:00:00-04:00,15.682865050707935,15.821650839060185,15.574920750841097,15.646883010864258,907584,0.0,0.0
2023-07-12 00:00:00-04:00,15.811369974195975,15.847350190775899,15.60576067808434,15.677722930908203,1027667,0.0,0.0
2023-07-13 00:00:00-04:00,15.765107158126193,15.965577727150679,15.472113950676935,15.502955436706543,1073139,0.0,0.0
2023-07-14 00:00:00-04:00,15.523518577544667,15.621183603926045,15.209964930282023,15.317909240722656,931712,0.0,0.0
2023-07-17 00:00:00-04:00,15.256224878298822,15.513237890836463,15.199682452259951,15.420713424682617,1082234,0.0,0.0
2023-07-18 00:00:00-04:00,15.395011341223649,15.652024365005516,15.333330180753435,15.482397079467773,815155,0.0,0.0
2023-07-19 00:00:00-04:00,15.502957466291178,15.718847896761945,15.328189629131511,15.482397079467773,1158330,0.0,0.0
2023-07-20 00:00:00-04:00,16.23286809007761,17.22493436882326,16.088941762623453,16.423057556152344,1888480,0.0,0.0
2023-07-21 00:00:00-04:00,16.510442720238913,16.592686082238625,16.073523153680274,16.099224090576172,1134387,0.0,0.0
2023-07-24 00:00:00-04:00,16.10436647980086,16.253433386540692,16.03754294444677,16.212310791015625,1061075,0.0,0.0
2023-07-25 00:00:00-04:00,16.145488337894793,16.577269251024948,16.011843077892753,16.340818405151367,995187,0.0,0.0
2023-07-26 00:00:00-04:00,16.356237251537134,16.644089931055113,15.986139389587564,16.02212142944336,1119354,0.0,0.0
2023-07-27 00:00:00-04:00,16.06324096357871,16.06324096357871,15.497814931155602,15.652022361755371,1305510,0.0,0.0
2023-07-28 00:00:00-04:00,15.811372780624945,15.857634107103978,15.430993786622494,15.436134338378906,1123808,0.0,0.0
2023-07-31 00:00:00-04:00,15.456695217472495,15.569780067740746,15.276786839440575,15.425853729248047,1063117,0.0,0.0
2023-08-01 00:00:00-04:00,15.364168295322477,15.487532408824178,15.173978845081542,15.37958812713623,787130,0.0,0.0
2023-08-02 00:00:00-04:00,15.251082584767254,15.631461508725918,15.1071562604123,15.60576057434082,731078,0.0,0.0
2023-08-03 00:00:00-04:00,15.538938710997417,16.006699769972652,15.405291654339239,15.646883010864258,1144781,0.0,0.0
2023-08-04 00:00:00-04:00,16.1146453063456,16.438478194227226,15.179120492753686,15.395009994506836,1616947,0.0,0.0
2023-08-07 00:00:00-04:00,15.41043345471675,15.559500357867446,15.27678820689079,15.528658866882324,772838,0.0,0.0
2023-08-08 00:00:00-04:00,15.395010619934459,15.441273762699955,15.081457911827062,15.215103149414062,929856,0.0,0.0
2023-08-09 00:00:00-04:00,15.276787186461787,15.276787186461787,14.865567637405407,14.932391166687012,572390,0.0,0.0
2023-08-10 00:00:00-04:00,14.932391353043663,15.132860123726111,14.742201865688363,14.834726333618164,821280,0.0,0.0
2023-08-11 00:00:00-04:00,14.850146801625934,14.99407314250297,14.757622335419795,14.896409034729004,586682,0.0,0.0
2023-08-14 00:00:00-04:00,14.785413989986791,14.857689816448238,14.5944015249314,14.733789443969727,1135686,0.067349,0.0
2023-08-15 00:00:00-04:00,14.713138204550342,14.847364209289076,14.589237839421305,14.666675567626953,532115,0.0,0.0
2023-08-16 00:00:00-04:00,14.661513206923159,14.883500745046286,14.630538116601477,14.687325477600098,686163,0.0,0.0
2023-08-17 00:00:00-04:00,14.666677612728542,14.666677612728542,14.362090391012988,14.475666046142578,615821,0.0,0.0
2023-08-18 00:00:00-04:00,14.362089444200947,14.677002286205555,14.362089444200947,14.599564552307129,705466,0.0,0.0
2023-08-21 00:00:00-04:00,14.656352867946502,14.806065525249856,14.532452485688957,14.723464965820312,471053,0.0,0.0
2023-08-22 00:00:00-04:00,14.811227094101069,14.811227094101069,14.506638984715918,14.568588256835938,590579,0.0,0.0
2023-08-23 00:00:00-04:00,14.62021508201206,14.72346417666127,14.578914347624183,14.697652816772461,457690,0.0,0.0
2023-08-24 00:00:00-04:00,14.661515419900752,14.733790336969234,14.346601649506784,14.362090110778809,795667,0.0,0.0
2023-08-25 00:00:00-04:00,14.460177207055166,14.733790239799639,14.367251922677022,14.594402313232422,550490,0.0,0.0
2023-08-28 00:00:00-04:00,14.604726273750945,14.981588360748775,14.604726273750945,14.940288543701172,1112672,0.0,0.0
2023-08-29 00:00:00-04:00,14.955777291053758,15.188089580165204,14.775090462730128,15.09516429901123,623802,0.0,0.0
2023-08-30 00:00:00-04:00,15.038377339466683,15.368778652673383,15.038377339466683,15.182928085327148,528960,0.0,0.0
2023-08-31 00:00:00-04:00,15.208740824212816,15.342966847246279,15.053866260465856,15.079678535461426,737760,0.0,0.0
2023-09-01 00:00:00-04:00,15.188087901615425,15.255200901845072,14.971263183325904,15.002238273620605,471424,0.0,0.0
2023-09-05 00:00:00-04:00,14.749276904447628,14.837039363183205,13.949089135665508,14.320789337158203,1484429,0.0,0.0
2023-09-06 00:00:00-04:00,14.393063997416427,14.52212627321956,14.145263258244391,14.248514175415039,689133,0.0,0.0
2023-09-07 00:00:00-04:00,14.186564202422147,14.279489486984428,14.031689641925203,14.072989463806152,1068685,0.0,0.0
2023-09-08 00:00:00-04:00,14.052339529983243,14.052339529983243,13.778727402019644,13.845839500427246,897376,0.0,0.0
2023-09-11 00:00:00-04:00,13.876814051201645,13.897462589948873,13.629013310765837,13.659988403320312,675770,0.0,0.0
2023-09-12 00:00:00-04:00,13.592876061846113,13.758076258944484,13.47930132611689,13.587713241577148,833530,0.0,0.0
2023-09-13 00:00:00-04:00,13.603202243379494,13.675477166006806,13.396702203366145,13.567065238952637,715117,0.0,0.0
2023-09-14 00:00:00-04:00,13.732264110186899,13.918113762506398,13.541250723777916,13.603200912475586,860442,0.0,0.0
2023-09-15 00:00:00-04:00,13.494787999728173,13.525762178016723,13.210850265008892,13.355400085449219,3284749,0.0,0.0
2023-09-18 00:00:00-04:00,13.556739897000227,13.567064624401134,13.308939129190039,13.48962688446045,652755,0.0,0.0
2023-09-19 00:00:00-04:00,13.520601404029673,13.608364787334693,13.417352299897226,13.453489303588867,785088,0.0,0.0
2023-09-20 00:00:00-04:00,13.603200964858502,13.623851332428414,13.360563943222967,13.370887756347656,781376,0.0,0.0
2023-09-21 00:00:00-04:00,13.28312612606621,13.417351230018497,13.216013117203312,13.272801399230957,918163,0.0,0.0
2023-09-22 00:00:00-04:00,13.319262669270794,13.520599861395198,13.288287576055735,13.417350769042969,819981,0.0,0.0
2023-09-25 00:00:00-04:00,13.329589007816688,13.59287640016394,13.329589007816688,13.468976020812988,545664,0.0,0.0
2023-09-26 00:00:00-04:00,13.39669863057865,13.479299172819273,13.05597356404779,13.159223556518555,826662,0.0,0.0
2023-09-27 00:00:00-04:00,13.262476311292987,13.370888232014606,12.973376637670613,13.102438926696777,652941,0.0,0.0
2023-09-28 00:00:00-04:00,13.138574644711852,13.381212565034744,13.138574644711852,13.3037748336792,1024141,0.0,0.0
2023-09-29 00:00:00-04:00,13.38121277153219,13.468975230498332,13.01983729547857,13.045650482177734,1114157,0.0,0.0
2023-10-02 00:00:00-04:00,12.999187137113703,13.066300144323787,12.854637309886034,12.911425590515137,1348570,0.0,0.0
2023-10-03 00:00:00-04:00,12.844311792187659,12.85979933799195,12.606836699037471,12.735898971557617,1169466,0.0,0.0
2023-10-04 00:00:00-04:00,12.735899426148064,12.921749068659786,12.508749964608567,12.632649421691895,1173549,0.0,0.0
2023-10-05 00:00:00-04:00,12.64297531184405,12.787526062407954,12.493262654534911,12.62232494354248,954541,0.0,0.0
2023-10-06 00:00:00-04:00,12.519074520410788,12.555211518902855,12.27127378207229,12.410661697387695,874733,0.0,0.0
2023-10-09 00:00:00-04:00,12.312574186490794,12.493261001687262,12.224811731923719,12.446799278259277,821651,0.0,0.0
2023-10-10 00:00:00-04:00,12.446800476490472,12.673950864529132,12.400336921042678,12.560375213623047,943590,0.0,0.0
2023-10-11 00:00:00-04:00,12.534562867968685,12.555212321634842,12.023473812468467,12.27127456665039,1205843,0.0,0.0
2023-10-12 00:00:00-04:00,12.28160073578194,12.35387565427077,11.87892449290759,11.89441204071045,778963,0.0,0.0
2023-10-13 00:00:00-04:00,11.894410055494745,12.080261511883393,11.780836246852187,11.961523056030273,700083,0.0,0.0
2023-10-16 00:00:00-04:00,12.095748448850092,12.353873904411158,11.946035812552951,12.157698631286621,880115,0.0,0.0
2023-10-17 00:00:00-04:00,12.064774340916246,12.519075106627561,12.007986973645703,12.405499458312988,979411,0.0,0.0
2023-10-18 00:00:00-04:00,12.291924227318368,12.441636869770472,12.183511403597391,12.26094913482666,1008550,0.0,0.0
2023-10-19 00:00:00-04:00,12.271274233886315,12.539724434454746,12.14221195376539,12.348711967468262,1032122,0.0,0.0
2023-10-20 00:00:00-04:00,12.426150255331535,12.426150255331535,12.090587032766111,12.137049674987793,1058291,0.0,0.0
2023-10-23 00:00:00-04:00,12.080262266200817,12.286761359045249,11.96668662291957,12.01314926147461,1075923,0.0,0.0
2023-10-24 00:00:00-04:00,11.987335012957258,12.219648185144043,11.89957256361115,12.121560096740723,930598,0.0,0.0
2023-10-25 00:00:00-04:00,11.997662629652911,12.173186643504314,11.88924979809548,11.97184944152832,619718,0.0,0.0
2023-10-26 00:00:00-04:00,12.002824700284956,12.147374524149987,11.780837144430283,11.837623596191406,804947,0.0,0.0
2023-10-27 00:00:00-04:00,11.842787340073036,11.863437708138976,11.625962587361567,11.67242431640625,823878,0.0,0.0
2023-10-30 00:00:00-04:00,11.827300274082548,11.956362566872958,11.481413219751417,11.48657512664795,2017286,0.0,0.0
2023-10-31 00:00:00-04:00,11.574334815417949,11.853111552503727,11.47108572885201,11.734373092651367,3266374,0.0,0.0
2023-11-01 00:00:00-04:00,11.677585350483483,11.878922524789257,11.54852308269192,11.646610260009766,1052909,0.0,0.0
2023-11-02 00:00:00-04:00,11.785998681580352,12.00798623048245,11.703399045894031,11.873760223388672,1817766,0.0,0.0
2023-11-03 00:00:00-04:00,12.080263123581554,12.457125251208424,11.099386651870036,11.517549514770508,1805331,0.0,0.0
2023-11-06 00:00:00-05:00,11.41429965292365,11.48141266328796,10.985811143732496,11.094223976135254,1296973,0.0,0.0
2023-11-07 00:00:00-05:00,11.13036128830172,11.383324875557259,11.13036128830172,11.331700325012207,1510784,0.0,0.0
2023-11-08 00:00:00-05:00,11.25942228987472,11.574334179659472,11.207796835654026,11.533035278320312,1425594,0.0,0.0
2023-11-09 00:00:00-05:00,11.610474723216237,11.71372473318394,11.316211326723453,11.352348327636719,898304,0.0,0.0
2023-11-10 00:00:00-05:00,11.393648143491692,11.51754851096702,11.254261143855382,11.31104850769043,1391814,0.0,0.0
2023-11-13 00:00:00-05:00,11.254260647638288,11.465922547711573,11.130359371852517,11.290397644042969,1066272,0.0,0.0
2023-11-14 00:00:00-05:00,11.734330843703678,12.071823032088544,11.734330843703678,12.030284881591797,1003910,0.067349,0.0
2023-11-15 00:00:00-05:00,11.999131226348991,12.34181403467022,11.999131226348991,12.040667533874512,848563,0.0,0.0
2023-11-16 00:00:00-05:00,12.014707554644433,12.14451265854497,11.853750218356105,11.993939399719238,815712,0.0,0.0
2023-11-17 00:00:00-05:00,12.154897764668364,12.232780649794615,11.983555417390614,12.056245803833008,1184128,0.0,0.0
2023-11-20 00:00:00-05:00,11.988746856842244,12.248355225624353,11.967977782968132,12.134127616882324,626771,0.0,0.0
2023-11-21 00:00:00-05:00,12.087398430320563,12.175665389935734,11.999132389731667,12.025092124938965,1035462,0.0,0.0
2023-11-22 00:00:00-05:00,12.128935982854374,12.263931745834029,12.102974410872536,12.253547668457031,596890,0.0,0.0
2023-11-24 00:00:00-05:00,12.248355170255417,12.398928427839914,12.201626362545815,12.253547668457031,299373,0.0,0.0
2023-11-27 00:00:00-05:00,12.17047261677733,12.2431629984064,12.10816723182831,12.160088539123535,609882,0.0,0.0
2023-11-28 00:00:00-05:00,12.154897022081588,12.154897022081588,11.8589420766828,11.879711151123047,1660563,0.0,0.0
2023-11-29 00:00:00-05:00,11.983552258486442,12.092587349894863,11.822594951005282,11.848556518554688,1164269,0.0,0.0
2023-11-30 00:00:00-05:00,11.775868363468804,11.83298217301721,11.557796284614117,11.734331130981445,1034720,0.0,0.0
2023-12-01 00:00:00-05:00,11.770674849091204,12.206817097060638,11.770674849091204,12.175663948059082,1199533,0.0,0.0
2023-12-04 00:00:00-05:00,12.139321885311785,12.419699368853768,12.139321885311785,12.39373779296875,1113600,0.0,0.0
2023-12-05 00:00:00-05:00,12.326237783097183,12.352199354520769,12.07182191916096,12.087397575378418,1096710,0.0,0.0
2023-12-06 00:00:00-05:00,12.186050010928277,12.372968921306894,12.056244905712155,12.097782135009766,814598,0.0,0.0
2023-12-07 00:00:00-05:00,12.09778354129787,12.258741816954108,11.952402762343548,12.248356819152832,594477,0.0,0.0
2023-12-08 00:00:00-05:00,12.206817839791805,12.305469790641322,12.056244583464627,12.191241264343262,696186,0.0,0.0
2023-12-11 00:00:00-05:00,12.22239631498191,12.424890893034755,12.16528158773693,12.352200508117676,733120,0.0,0.0
2023-12-12 00:00:00-05:00,12.253547979418858,12.533926346949098,12.253547979418858,12.461235046386719,1015603,0.0,0.0
2023-12-13 00:00:00-05:00,12.4716178670204,12.923337605708753,12.367775263028957,12.855839729309082,1154061,0.0,0.0
2023-12-14 00:00:00-05:00,12.980452962656273,13.266022894749767,12.762380910280626,12.949299812316895,1436173,0.0,0.0
2023-12-15 00:00:00-05:00,12.985646904937491,13.00641506145603,12.269125286469102,12.295086860656738,2750963,0.0,0.0
2023-12-18 00:00:00-05:00,12.37816037540025,12.393736032081376,12.186049887693605,12.3158540725708,1022842,0.0,0.0
2023-12-19 00:00:00-05:00,12.440466300161809,12.746805306754831,12.440466300161809,12.528733253479004,781747,0.0,0.0
2023-12-20 00:00:00-05:00,12.518348635022216,12.772764487799064,12.31585316573654,12.33662223815918,961965,0.0,0.0
2023-12-21 00:00:00-05:00,12.414505318465013,12.523542269308582,12.310661784981082,12.461235046386719,616934,0.0,0.0
2023-12-22 00:00:00-05:00,12.549501722923496,12.710459977392178,12.497580416857133,12.57546329498291,505760,0.0,0.0
2023-12-26 00:00:00-05:00,12.632578634883698,12.762382834854845,12.513158513582866,12.648155212402344,613594,0.0,0.0
2023-12-27 00:00:00-05:00,12.674115028751034,12.77276514096825,12.424889823039258,12.430082321166992,1057920,0.0,0.0
2023-12-28 00:00:00-05:00,12.40931363885578,12.507964673208948,12.315854183767781,12.39892864227295,994445,0.0,0.0
2023-12-29 00:00:00-05:00,12.383355128328995,12.40931578622594,12.180859607264159,12.201628684997559,1091328,0.0,0.0
2024-01-02 00:00:00-05:00,12.186050977726158,12.539118833306363,12.097783094804786,12.419698715209961,2454560,0.0,0.0
2024-01-03 00:00:00-05:00,12.430084863959342,12.430084863959342,11.978365005225728,12.201628684997559,1689888,0.0,0.0
2024-01-04 00:00:00-05:00,12.347007074798178,14.174655232615931,12.180857242269292,13.577554702758789,6073018,0.0,0.0
2024-01-05 00:00:00-05:00,13.587940271454194,14.20061652504916,13.587940271454194,13.951393127441406,2931366,0.0,0.0
2024-01-08 00:00:00-05:00,13.982545060454006,14.060427944913409,13.629477209606451,13.925431251525879,1728864,0.0,0.0
2024-01-09 00:00:00-05:00,13.780050252512224,13.883893790402553,13.608707909528718,13.619091987609863,971987,0.0,0.0
2024-01-10 00:00:00-05:00,13.515248221207559,13.78524251798898,13.489287566930484,13.774857521057129,1084461,0.0,0.0
2024-01-11 00:00:00-05:00,13.70735935538329,13.899468928319953,13.629476475120955,13.88908576965332,1158144,0.0,0.0
2024-01-12 00:00:00-05:00,14.039659218392122,14.117541180663178,13.598322584698526,13.71255111694336,657581,0.0,0.0
2024-01-16 00:00:00-05:00,13.551593298440451,13.738512206981522,13.416596615280646,13.702166557312012,1040288,0.0,0.0
2024-01-17 00:00:00-05:00,13.525633020883275,13.780050754869725,13.406213821030898,13.46851921081543,763373,0.0,0.0
2024-01-18 00:00:00-05:00,13.556785963144604,13.71774330145825,13.510056235435561,13.665821075439453,996858,0.0,0.0
2024-01-19 00:00:00-05:00,13.72293662779786,13.93581620497527,13.676205978242884,13.904662132263184,1027296,0.0,0.0
2024-01-22 00:00:00-05:00,14.034465999959053,14.200614912834448,13.82677802081236,13.857932090759277,1011149,0.0,0.0
2024-01-23 00:00:00-05:00,13.97735178721987,13.998120861600169,13.572362648527212,13.748895645141602,1404250,0.0,0.0
2024-01-24 00:00:00-05:00,13.831970325746289,13.852739399078688,13.401019636065252,13.452940940856934,799936,0.0,0.0
2024-01-25 00:00:00-05:00,13.577555037357373,13.70735922386499,13.416596780017477,13.665821075439453,573504,0.0,0.0
2024-01-26 00:00:00-05:00,13.73331917886102,13.87870085290354,13.66062880135286,13.671012878417969,639021,0.0,0.0
2024-01-29 00:00:00-05:00,13.624285545651645,13.847549215429195,13.489288843993615,13.842357635498047,591507,0.0,0.0
2024-01-30 00:00:00-05:00,13.935815837909049,13.961776492287967,13.790434151529285,13.816394805908203,491098,0.0,0.0
2024-01-31 00:00:00-05:00,13.852742430357326,13.915048744962277,13.473712962528152,13.494482040405273,877331,0.0,0.0
2024-02-01 00:00:00-05:00,13.494481231928653,13.956586064554434,13.442558999859804,13.941008567810059,809216,0.0,0.0
2024-02-02 00:00:00-05:00,13.748894668046745,13.878700684428981,13.567169185995429,13.707358360290527,509472,0.0,0.0
2024-02-05 00:00:00-05:00,13.541209747146242,13.70216708973789,13.4581343671134,13.572362899780273,634010,0.0,0.0
2024-02-06 00:00:00-05:00,13.541209332127922,13.785242047273165,13.494479604609072,13.624283790588379,628442,0.0,0.0
2024-02-07 00:00:00-05:00,13.67620440430628,13.733319125507991,13.432172620553981,13.489286422729492,611366,0.0,0.0
2024-02-08 00:00:00-05:00,13.447749423902376,13.676205571121864,13.338714308274263,13.613900184631348,763744,0.0,0.0
2024-02-09 00:00:00-05:00,13.67620429142098,13.759279664011991,13.421788432743899,13.707358360290527,652384,0.0,0.0
2024-02-12 00:00:00-05:00,13.603515678092633,14.091581142884465,13.572363443237494,13.946200370788574,886797,0.0,0.0
2024-02-13 00:00:00-05:00,13.598323064157283,13.852740791707731,13.437366635511486,13.541210174560547,1056806,0.0,0.0
2024-02-14 00:00:00-05:00,13.686588889517571,13.935814081019446,13.567168791598311,13.920236587524414,730707,0.0,0.0
2024-02-15 00:00:00-05:00,14.050042286530815,14.221384624279244,13.946199670839512,14.112349510192871,910368,0.0,0.0
2024-02-16 00:00:00-05:00,14.003315583916722,14.351190972094912,13.9150486120781,14.09677505493164,1053094,0.0,0.0
2024-02-20 00:00:00-05:00,13.89427887707979,14.034468076970006,13.837165064948119,13.961777687072754,841696,0.0,0.0
2024-02-21 00:00:00-05:00,13.935815193077277,14.013697152610314,13.764472860246869,13.863123893737793,597632,0.0,0.0
2024-02-22 00:00:00-05:00,13.811203196083008,13.894277657523416,13.437366281548622,13.473711013793945,2516365,0.0,0.0
2024-02-23 00:00:00-05:00,14.36157295332998,14.937905317818132,14.190231544824892,14.79771614074707,2900557,0.0,0.0
2024-02-26 00:00:00-05:00,14.636758121377673,14.756178219519766,14.242152180114166,14.522529602050781,1341888,0.0,0.0
2024-02-27 00:00:00-05:00,14.58483754626733,14.652335430692903,14.387535472391795,14.496570587158203,888282,0.0,0.0
2024-02-28 00:00:00-05:00,14.455033174804457,14.615990514739892,14.065619692331666,14.07081127166748,1024512,0.0,0.0
2024-02-29 00:00:00-05:00,14.292501931132557,14.292501931132557,14.125582166853455,14.203825950622559,829818,0.067349,0.0
2024-03-01 00:00:00-05:00,14.250771955618484,14.292501665090258,14.089068754362271,14.151663780212402,996301,0.0,0.0
2024-03-04 00:00:00-05:00,14.13080021157684,14.469856335772292,14.047339859025707,14.302936553955078,1036947,0.0,0.0
2024-03-05 00:00:00-05:00,14.313368196867032,14.673288702782463,14.313368196867032,14.558531761169434,908141,0.0,0.0
2024-03-06 00:00:00-05:00,14.626343992327689,14.72023469661159,14.511586122411089,14.683721542358398,848006,0.0,0.0
2024-03-07 00:00:00-05:00,14.819341307038167,15.121883304318672,14.720232212323573,14.751530647277832,1030637,0.0,0.0
2024-03-08 00:00:00-05:00,14.850642667704555,14.918453340824213,14.652424439224566,14.76196575164795,801235,0.0,0.0
2024-03-11 00:00:00-04:00,14.720233761207165,14.881937896275208,14.548099275483285,14.866289138793945,560326,0.0,0.0
2024-03-12 00:00:00-04:00,14.814124755417286,14.944530430460022,14.704583471341872,14.928882598876953,620832,0.0,0.0
2024-03-13 00:00:00-04:00,14.91845222471164,15.101019834045177,14.840208435977258,14.913235664367676,657766,0.0,0.0
2024-03-14 00:00:00-04:00,14.767181105624328,14.86107365145729,14.57417945365046,14.715018272399902,684122,0.0,0.0
2024-03-15 00:00:00-04:00,14.589828011347464,14.902803159834932,14.589828011347464,14.850641250610352,2480544,0.0,0.0
2024-03-18 00:00:00-04:00,14.683721596099177,14.960182689086144,14.657640639639293,14.87672233581543,822394,0.0,0.0
2024-03-19 00:00:00-04:00,14.939317005819738,15.215778092068307,14.939317005819738,15.163616180419922,732378,0.0,0.0
2024-03-20 00:00:00-04:00,15.054073596924813,15.28358838925826,15.02277515999052,15.10623550415039,740915,0.0,0.0
2024-03-21 00:00:00-04:00,15.194912071605609,15.346183085654987,15.074939495698686,15.210561752319336,699155,0.0,0.0
2024-03-22 00:00:00-04:00,15.252290386760743,15.29402102167179,14.934100527737685,15.001912117004395,458432,0.0,0.0
2024-03-25 00:00:00-04:00,15.137533673657288,15.252290613153555,15.048857688903809,15.048857688903809,679110,0.0,0.0
2024-03-26 00:00:00-04:00,15.069722744473872,15.174046561629913,14.92888485268523,14.996695518493652,542138,0.0,0.0
2024-03-27 00:00:00-04:00,15.174046608088604,15.413994527451104,15.153183137192498,15.361832618713379,815341,0.0,0.0
2024-03-28 00:00:00-04:00,15.528751462263168,15.799995956716984,15.4974539495735,15.726967811584473,860070,0.0,0.0
2024-04-01 00:00:00-04:00,15.695671017659757,15.695671017659757,15.314886134639444,15.507885932922363,689875,0.0,0.0
2024-04-02 00:00:00-04:00,15.325317945637208,15.325317945637208,15.038425594926563,15.247075080871582,1124736,0.0,0.0
2024-04-03 00:00:00-04:00,15.174045674225916,15.398344822505964,15.142749084880373,15.367047309875488,801978,0.0,0.0
2024-04-04 00:00:00-04:00,15.554834439230659,15.586131955993078,15.304455228416357,15.387914657592773,1368058,0.0,0.0
2024-04-05 00:00:00-04:00,15.320101107525932,15.773913196070666,15.320101107525932,15.732184410095215,864896,0.0,0.0
2024-04-08 00:00:00-04:00,15.742618251092406,15.753049524779222,15.50267125774629,15.513102531433105,792883,0.0,0.0
2024-04-09 00:00:00-04:00,15.523535194883287,15.586130221442044,15.247074135343762,15.252289772033691,932083,0.0,0.0
2024-04-10 00:00:00-04:00,14.996696388448242,15.127102090743081,14.7202343791503,14.981047630310059,1288064,0.0,0.0
2024-04-11 00:00:00-04:00,14.981046228847276,15.01234374219579,14.595043871977245,14.725449562072754,1085018,0.0,0.0
2024-04-12 00:00:00-04:00,14.62634183636993,14.782828474775066,14.615908716733976,14.636773109436035,690432,0.0,0.0
2024-04-15 00:00:00-04:00,14.688937529053751,14.861073865560815,14.235124474274695,14.39161205291748,1467539,0.0,0.0
2024-04-16 00:00:00-04:00,14.370746849491717,14.39682872833059,14.115150161237953,14.235124588012695,814042,0.0,0.0
2024-04-17 00:00:00-04:00,14.313367459409726,14.355097170274906,13.859554430127831,13.890851020812988,1085946,0.0,0.0
2024-04-18 00:00:00-04:00,13.8491226635522,13.963878679533414,13.687418528587079,13.786527633666992,1021357,0.0,0.0
2024-04-19 00:00:00-04:00,13.796960571472384,14.177746408190359,13.796960571472384,14.115150451660156,1283053,0.0,0.0
2024-04-22 00:00:00-04:00,14.240340317630697,14.334231936803729,14.125582457975913,14.255989074707031,1024883,0.0,0.0
2024-04-23 00:00:00-04:00,14.266419845914523,14.720232861859968,14.266419845914523,14.69415283203125,594662,0.0,0.0
2024-04-24 00:00:00-04:00,14.574178087575175,14.772396281277487,14.454205521302855,14.459421157836914,973658,0.0,0.0
2024-04-25 00:00:00-04:00,14.417691499464972,14.49071964872256,14.19860982154716,14.287285804748535,709734,0.0,0.0
2024-04-26 00:00:00-04:00,14.198608950630991,14.365528709737676,14.094285139884859,14.297718048095703,607098,0.0,0.0
2024-04-29 00:00:00-04:00,14.339447489038406,14.600259780883789,14.339447489038406,14.600259780883789,520237,0.0,0.0
2024-04-30 00:00:00-04:00,14.553314542916944,14.897586275477984,14.443773243329574,14.798477172851562,966048,0.0,0.0
2024-05-01 00:00:00-04:00,14.751532669520868,14.960182160396434,14.58982852930003,14.59504508972168,770054,0.0,0.0
2024-05-02 00:00:00-04:00,14.683719536534351,14.84542365978887,14.506367580226746,14.84020709991455,1241664,0.0,0.0
2024-05-03 00:00:00-04:00,15.132315846059416,16.587647313272843,14.850639175073052,16.39464569091797,3699936,0.0,0.0
2024-05-06 00:00:00-04:00,16.57199959740665,16.879758179093557,16.300755090026144,16.749353408813477,1850989,0.0,0.0
2024-05-07 00:00:00-04:00,16.890189218477584,17.104055231272632,16.75456605821109,17.072757720947266,1103578,0.0,0.0
2024-05-08 00:00:00-04:00,16.952788318897664,17.135355018733165,16.671110658182297,17.13014030456543,1353581,0.0,0.0
2024-05-09 00:00:00-04:00,17.213598882954244,17.38573429934706,17.088408817733985,17.333572387695312,1612864,0.0,0.0
2024-05-10 00:00:00-04:00,17.33357149448787,17.542220976913132,17.140569846123757,17.5213565826416,954541,0.0,0.0
2024-05-13 00:00:00-04:00,17.58395004272461,17.745652315395127,17.31270555512232,17.58395004272461,943034,0.0,0.0
2024-05-14 00:00:00-04:00,17.818683381764757,17.891709690462452,17.651764521967067,17.776952743530273,913338,0.0,0.0
2024-05-15 00:00:00-04:00,17.920927661468436,18.36593982519914,17.884279164839345,18.28217315673828,1197677,0.067349,0.0
2024-05-16 00:00:00-04:00,18.166991293065692,18.276934914680208,17.821451284128077,17.91568946838379,837056,0.0,0.0
2024-05-17 00:00:00-04:00,17.894752948821473,17.894752948821473,17.66439226481015,17.774337768554688,824621,0.0,0.0
2024-05-20 00:00:00-04:00,17.763863824664092,17.894750517034552,17.585858960926277,17.701038360595703,703238,0.0,0.0
2024-05-21 00:00:00-04:00,17.68533239903184,17.97328088970257,17.627742700897695,17.926162719726562,1047155,0.0,0.0
2024-05-22 00:00:00-04:00,17.769099435906735,18.009929761639405,17.737686704143,17.80574607849121,1232198,0.0,0.0
2024-05-23 00:00:00-04:00,17.753390611950884,17.910454257221396,17.224611835135804,17.29267120361328,1616019,0.0,0.0
2024-05-24 00:00:00-04:00,17.423556992204553,17.449733956182516,17.167021262526433,17.24031639099121,1103021,0.0,0.0
2024-05-28 00:00:00-04:00,17.26649582100774,17.491618831226877,17.20890427417157,17.407852172851562,680966,0.0,0.0
2024-05-29 00:00:00-04:00,17.208906515912425,17.502090785101892,17.15131681494192,17.486385345458984,672614,0.0,0.0
2024-05-30 00:00:00-04:00,17.57538641246193,17.810980962361604,17.51256095203965,17.75339126586914,920762,0.0,0.0
2024-05-31 00:00:00-04:00,17.858100238543337,18.09369477860373,17.69056506662487,18.088459014892578,869350,0.0,0.0
2024-06-03 00:00:00-04:00,18.00992914577026,18.11987277649976,17.727214569564396,17.93663215637207,785830,0.0,0.0
2024-06-04 00:00:00-04:00,17.80574528883571,17.931398063686004,17.64868349035033,17.84762954711914,511142,0.0,0.0
2024-06-05 00:00:00-04:00,17.931398479675515,18.20887544212419,17.842394197087447,18.025636672973633,976070,0.0,0.0
2024-06-06 00:00:00-04:00,17.905217545148695,18.04657574508908,17.528266669832067,17.53873634338379,998899,0.0,0.0
2024-06-07 00:00:00-04:00,17.481148974374136,17.601564136472632,17.17749318705029,17.517797470092773,1090771,0.0,0.0
2024-06-10 00:00:00-04:00,17.25602411209039,17.42355742707785,17.193198655628184,17.418323516845703,688947,0.0,0.0
2024-06-11 00:00:00-04:00,17.28220032577155,17.439263960102306,17.182726381800812,17.35549545288086,641248,0.0,0.0
2024-06-12 00:00:00-04:00,17.78480484299432,17.947104265708553,17.7062739404107,17.711509704589844,614522,0.0,0.0
2024-06-13 00:00:00-04:00,17.638213687461885,17.711510683284423,17.33455788197072,17.659154891967773,510586,0.0,0.0
2024-06-14 00:00:00-04:00,17.423559445757746,17.72198132521198,17.297908518275513,17.706274032592773,742957,0.0,0.0
2024-06-17 00:00:00-04:00,17.564915549238332,17.93663066931807,17.538736731360935,17.91568946838379,595590,0.0,0.0
2024-06-18 00:00:00-04:00,17.93139815610406,17.95233935866982,17.66962478387704,17.84239387512207,640877,0.0,0.0
2024-06-20 00:00:00-04:00,17.74292341672723,18.062284662255824,17.580623985044728,17.659154891967773,553459,0.0,0.0
2024-06-21 00:00:00-04:00,17.659154184590243,18.067519702988744,17.659154184590243,17.795276641845703,2453632,0.0,0.0
2024-06-24 00:00:00-04:00,17.88951613706002,18.334528330838822,17.81098337421387,18.119874954223633,1154061,0.0,0.0
2024-06-25 00:00:00-04:00,17.999454929220914,18.214108247975954,17.821450099690882,18.077987670898438,997043,0.0,0.0
2024-06-26 00:00:00-04:00,17.93663240291863,18.004693629242798,17.606799652828656,17.727214813232422,1262266,0.0,0.0
2024-06-27 00:00:00-04:00,17.78480352792573,18.381645386226566,17.63821140858845,18.371173858642578,1219763,0.0,0.0
2024-06-28 00:00:00-04:00,18.486353525944057,18.737655364788342,17.89998318642997,18.355466842651367,6375546,0.0,0.0
2024-07-01 00:00:00-04:00,18.40258934645766,18.66959665956266,18.266466880932764,18.622478485107422,2428019,0.0,0.0
2024-07-02 00:00:00-04:00,18.653889063946558,19.077959998518896,18.59106360301971,18.931367874145508,1421325,0.0,0.0
2024-07-03 00:00:00-04:00,18.968014972089197,19.07796045804329,18.852835575404946,19.004663467407227,745370,0.0,0.0
2024-07-05 00:00:00-04:00,19.009899143454614,19.009899143454614,18.763833058931915,18.910425186157227,1087430,0.0,0.0
2024-07-08 00:00:00-04:00,19.051782048748176,19.166961436713628,18.6695935389403,18.784774780273438,1041587,0.0,0.0
2024-07-09 00:00:00-04:00,18.732419692631144,18.821422118762957,18.622476064282356,18.648653030395508,758918,0.0,0.0
2024-07-10 00:00:00-04:00,18.74289270344647,18.842366665241475,18.632949066398442,18.76906967163086,557357,0.0,0.0
2024-07-11 00:00:00-04:00,19.119845274322408,19.397324126183637,18.978488892696824,19.37114715576172,1082605,0.0,0.0
2024-07-12 00:00:00-04:00,19.5386811502798,19.795216927210408,19.41826412841285,19.627681732177734,834829,0.0,0.0
2024-07-15 00:00:00-04:00,19.407796974543583,20.182642023811464,19.203615108683127,19.69574737548828,1731277,0.0,0.0
2024-07-16 00:00:00-04:00,19.894687615093403,20.386817883544676,19.748095501935513,20.19310760498047,1442854,0.0,0.0
2024-07-17 00:00:00-04:00,20.083162957260445,20.64335632184376,20.072693283054285,20.543882369995117,1745568,0.0,0.0
2024-07-18 00:00:00-04:00,20.334466031777396,20.78471394438745,19.816156892523264,19.988927841186523,1572589,0.0,0.0
2024-07-19 00:00:00-04:00,20.08839900635475,20.177401431893585,19.85280445953828,19.93657112121582,1031750,0.0,0.0
2024-07-22 00:00:00-04:00,20.025572523346938,20.182636164320417,19.800449515757983,20.088397979736328,1127520,0.0,0.0
2024-07-23 00:00:00-04:00,20.172168125582346,20.41299844347329,20.036045674582528,20.203580856323242,1286950,0.0,0.0
2024-07-24 00:00:00-04:00,20.287350387184688,20.71665715018359,20.187876416887857,20.350175857543945,1807558,0.0,0.0
2024-07-25 00:00:00-04:00,20.481056067724957,21.04648517280663,20.145989439574148,20.19310760498047,1981466,0.0,0.0
2024-07-26 00:00:00-04:00,20.40252574132048,20.748065759585344,20.3239948456714,20.559589385986328,1514682,0.0,0.0
2024-07-29 00:00:00-04:00,20.643357167238136,20.92083597899974,20.54911897531715,20.60147476196289,1225517,0.0,0.0
2024-07-30 00:00:00-04:00,20.59100101552188,21.051720397487006,20.59100101552188,20.816125869750977,1062003,0.0,0.0
2024-07-31 00:00:00-04:00,20.87894947089534,21.203548270329627,20.622413742777855,20.816125869750977,1222362,0.0,0.0
2024-08-01 00:00:00-04:00,20.779483298460992,20.936545126115124,20.502004437549704,20.512475967407227,2196019,0.0,0.0
2024-08-02 00:00:00-04:00,18.732420981834807,19.329261039720112,17.622507534064823,17.894750595092773,4393523,0.0,0.0
2024-08-05 00:00:00-04:00,17.02042904604707,17.067547210239937,16.21940542782763,17.04660415649414,2477760,0.0,0.0
2024-08-06 00:00:00-04:00,16.96807360423126,17.35026024895308,16.690594816861122,17.229846954345703,1713645,0.0,0.0
2024-08-07 00:00:00-04:00,17.42355967489471,17.591094864863564,16.779599589763485,16.81101417541504,1551802,0.0,0.0
2024-08-08 00:00:00-04:00,17.0204304917519,17.37644019525863,16.915720774231698,17.072784423828125,1926899,0.0,0.0
2024-08-09 00:00:00-04:00,16.994250979869808,17.13037342176262,16.722007949451857,17.109432220458984,1133459,0.0,0.0
2024-08-12 00:00:00-04:00,17.18796302331003,17.22984727906063,16.852894537408215,17.114667892456055,770611,0.0,0.0
2024-08-13 00:00:00-04:00,17.28220334346732,17.350262719088388,17.00996028087938,17.297908782958984,1116013,0.0,0.0
2024-08-14 00:00:00-04:00,17.405642389534698,17.405642389534698,16.806533916694477,16.817045211791992,1189325,0.067349,0.0
2024-08-15 00:00:00-04:00,17.384623149246973,17.615856777954484,17.032515197780278,17.45819664001465,1361376,0.0,0.0
2024-08-16 00:00:00-04:00,17.494981550421908,17.636876582343643,17.205937699816143,17.35308837890625,883456,0.0,0.0
2024-08-19 00:00:00-04:00,17.34783388558123,17.66315227218923,17.34783388558123,17.610599517822266,830560,0.0,0.0
2024-08-20 00:00:00-04:00,17.58432272274395,17.626366041482076,17.247981754057406,17.326812744140625,1069984,0.0,0.0
2024-08-21 00:00:00-04:00,17.431918388686533,18.09409089693357,17.337322316079817,17.920663833618164,1308109,0.0,0.0
2024-08-22 00:00:00-04:00,17.999496775302955,18.204454024629865,17.94168836806732,18.04153823852539,726438,0.0,0.0
2024-08-23 00:00:00-04:00,18.230729168603848,18.745751011219376,18.010004990223976,18.698453903198242,888096,0.0,0.0
2024-08-26 00:00:00-04:00,18.95070797856823,19.124135046473576,18.787792205810547,18.787792205810547,1129747,0.0,0.0
2024-08-27 00:00:00-04:00,18.651154042642226,18.861366915670757,18.57757869989947,18.593345642089844,787501,0.0,0.0
2024-08-28 00:00:00-04:00,18.603857563569978,18.871878846179413,18.593346268422316,18.787792205810547,1125664,0.0,0.0
2024-08-29 00:00:00-04:00,18.856114857696664,19.02954007525609,18.56707096802463,18.913923263549805,956026,0.0,0.0
2024-08-30 00:00:00-04:00,18.850857627638415,19.02953847807961,18.65640983488444,18.955963134765625,807546,0.0,0.0
2024-09-03 00:00:00-04:00,18.756263823304675,19.034794567120127,18.425176598757254,18.535539627075195,928557,0.0,0.0
2024-09-04 00:00:00-04:00,18.435685783162082,18.672175036115764,18.299048250942295,18.6248779296875,613779,0.0,0.0
2024-09-05 00:00:00-04:00,18.651155974936067,18.708964381477507,18.47247510737046,18.48298454284668,1134202,0.0,0.0
2024-09-06 00:00:00-04:00,18.48823874978355,18.64589887370207,17.684174908408405,17.73147201538086,1432646,0.0,0.0
2024-09-09 00:00:00-04:00,17.73672766291251,17.831323737263624,17.410897980418373,17.73147201538086,1167053,0.0,0.0
2024-09-10 00:00:00-04:00,17.715707414005664,17.75774887458749,17.50023888220346,17.673664093017578,776736,0.0,0.0
2024-09-11 00:00:00-04:00,17.56330412286784,17.85760180849548,17.32681484475969,17.82081413269043,680038,0.0,0.0
2024-09-12 00:00:00-04:00,17.920666221466565,18.267518533907715,17.7472409954492,18.214963912963867,721984,0.0,0.0
2024-09-13 00:00:00-04:00,18.362114246997876,18.56707149726538,18.309559627119082,18.51451873779297,875475,0.0,0.0
2024-09-16 00:00:00-04:00,18.69845460854261,18.798304475999604,18.440942747317845,18.551305770874023,703795,0.0,0.0
2024-09-17 00:00:00-04:00,18.73523964061014,18.845602659559553,18.32532517138728,18.346345901489258,866381,0.0,0.0
2024-09-18 00:00:00-04:00,18.293793909649256,19.045305041531503,18.21496291276537,18.551305770874023,858214,0.0,0.0
2024-09-19 00:00:00-04:00,18.998008150490016,18.998008150490016,18.519772097052275,18.582836151123047,746483,0.0,0.0
2024-09-20 00:00:00-04:00,18.5775789716206,18.661665610386816,18.23598421070682,18.393644332885742,3449747,0.0,0.0
2024-09-23 00:00:00-04:00,18.46721803301125,18.57232540249936,18.27277023664104,18.425174713134766,470310,0.0,0.0
2024-09-24 00:00:00-04:00,18.40415349824232,18.672174771823233,18.388388416458103,18.593345642089844,664448,0.0,0.0
2024-09-25 00:00:00-04:00,18.656411038943222,18.656411038943222,18.29904931499721,18.40941047668457,890509,0.0,0.0
2024-09-26 00:00:00-04:00,18.519771021214932,18.519771021214932,18.094091471575005,18.10460090637207,945446,0.0,0.0
2024-09-27 00:00:00-04:00,18.38839008840461,18.38839008840461,17.92066533365517,18.220218658447266,977370,0.0,0.0
2024-09-30 00:00:00-04:00,18.17817432155268,18.335834446963613,17.988984031465787,18.32532501220703,1237210,0.0,0.0
2024-10-01 00:00:00-04:00,18.214961323134506,18.22547261791005,17.75774790649073,17.899642944335938,814227,0.0,0.0
2024-10-02 00:00:00-04:00,17.715708613711865,17.910154567984762,17.663153993816202,17.82081413269043,547520,0.0,0.0
2024-10-03 00:00:00-04:00,17.70519735114637,17.77877270289566,17.51600518413938,17.589580535888672,506131,0.0,0.0
2024-10-04 00:00:00-04:00,17.820810199191712,17.84708843354247,17.55278895246771,17.689428329467773,549005,0.0,0.0
2024-10-07 00:00:00-04:00,17.510747221376505,17.542281105448964,17.300534350403073,17.42666244506836,990733,0.0,0.0
2024-10-08 00:00:00-04:00,17.52651696533977,17.64213378379765,17.27951638386715,17.53177261352539,1466240,0.0,0.0
2024-10-09 00:00:00-04:00,17.50023908587413,17.87862153754555,17.358344038641857,17.694686889648438,870093,0.0,0.0
2024-10-10 00:00:00-04:00,17.38462278757592,17.558048005498605,17.353090760643948,17.416152954101562,954726,0.0,0.0
2024-10-11 00:00:00-04:00,17.4687062250703,17.73147185562965,17.447685495539282,17.710451126098633,897005,0.0,0.0
2024-10-14 00:00:00-04:00,17.752493387674672,17.868110183814796,17.55804560478004,17.815555572509766,686720,0.0,0.0
2024-10-15 00:00:00-04:00,17.81555987688075,18.07307176723333,17.74724202836845,17.75775146484375,673728,0.0,0.0
2024-10-16 00:00:00-04:00,17.925921525645954,18.330580378588703,17.925921525645954,18.05204963684082,836314,0.0,0.0
2024-10-17 00:00:00-04:00,18.020517349243164,18.11511343127554,17.936432563127617,18.020517349243164,445811,0.0,0.0
2024-10-18 00:00:00-04:00,18.046795381016988,18.141391471710705,17.96796437523563,17.98898696899414,482931,0.0,0.0
2024-10-21 00:00:00-04:00,18.01526030954055,18.025769744239128,17.342578351770587,17.389877319335938,714189,0.0,0.0
2024-10-22 00:00:00-04:00,17.32155683270144,17.389876526957135,17.221705114974355,17.29528045654297,366560,0.0,0.0
2024-10-23 00:00:00-04:00,17.24272696151491,17.290025929991035,17.006237700353037,17.200685501098633,687462,0.0,0.0
2024-10-24 00:00:00-04:00,17.195429970009513,17.31630242523662,17.02200475870269,17.100833892822266,763002,0.0,0.0
2024-10-25 00:00:00-04:00,16.90113080217024,17.11659933916269,16.62785572058689,16.680408477783203,1091514,0.0,0.0
2024-10-28 00:00:00-04:00,16.91164388032788,17.07981532565086,16.796027058146986,16.901132583618164,897933,0.0,0.0
2024-10-29 00:00:00-04:00,16.995727168612817,17.552792357608887,16.948430058418026,17.416152954101562,1405178,0.0,0.0
2024-10-30 00:00:00-04:00,17.400389492535915,17.621113701630975,17.253240639941374,17.263750076293945,992218,0.0,0.0
2024-10-31 00:00:00-04:00,17.1691535057496,17.24798263947331,16.790769198900776,16.859088897705078,1757632,0.0,0.0
2024-11-01 00:00:00-04:00,18.025770667723403,19.465732592165196,18.015261232486413,18.892900466918945,2870304,0.0,0.0
2024-11-04 00:00:00-05:00,19.024284714653927,19.44471050561069,18.898156605285624,19.187198638916016,1773594,0.0,0.0
2024-11-05 00:00:00-05:00,19.04530281512181,19.644409391453042,18.929686017641203,19.555068969726562,1525261,0.0,0.0
2024-11-06 00:00:00-05:00,19.707472656432298,20.269793400667037,19.707472656432298,20.143665313720703,2028237,0.0,0.0
2024-11-07 00:00:00-05:00,20.23300679342093,20.311835921695106,19.89666583072009,20.269794464111328,1148678,0.0,0.0
2024-11-08 00:00:00-05:00,20.33285965318515,20.721753389916667,20.30658327561756,20.63766860961914,1308109,0.0,0.0
2024-11-11 00:00:00-05:00,20.96349568487407,21.53632585363488,20.879410915049895,21.12641143798828,1384762,0.0,0.0
2024-11-12 00:00:00-05:00,21.142180636954496,21.27356252246048,20.254028300578103,20.595624923706055,1209370,0.0,0.0
2024-11-13 00:00:00-05:00,20.935677209962233,20.935677209962233,20.12904056643007,20.139585494995117,957882,0.067349,0.0
2024-11-14 00:00:00-05:00,20.187036216131823,20.20812420927974,19.501656842052356,19.633460998535156,1365830,0.0,0.0
2024-11-15 00:00:00-05:00,19.817985731567532,19.817985731567532,19.433120064825054,19.74417495727539,1459187,0.0,0.0
2024-11-18 00:00:00-05:00,19.77053340955533,19.839071712109273,19.042978135438453,19.29604148864746,1084090,0.0,0.0
2024-11-19 00:00:00-05:00,19.079883463497083,19.670363997152318,19.069340401383307,19.51219940185547,1047155,0.0,0.0
2024-11-20 00:00:00-05:00,19.47002211074633,20.218667261093536,19.47002211074633,20.08159065246582,1299942,0.0,0.0
2024-11-21 00:00:00-05:00,20.02359589543642,20.687885302477152,19.823255327063116,20.5982608795166,1810899,0.0,0.0
2024-11-22 00:00:00-05:00,20.693160383105333,20.951496222042145,20.603534082452786,20.91459083557129,1877901,0.0,0.0
2024-11-25 00:00:00-05:00,20.614078033216135,20.9514952274072,20.366287135422763,20.4031925201416,2207526,0.0,0.0
2024-11-26 00:00:00-05:00,19.91267286363811,20.900967889334375,19.73654081817711,20.881397247314453,2438900,0.0,1.856
2024-11-27 00:00:00-05:00,20.157301389715258,20.519348955043593,19.570195161595542,19.912673950195312,2540300,0.0,0.0
2024-11-29 00:00:00-05:00,20.02030871805178,20.744407580110142,19.95181333372824,20.656341552734375,1201400,0.0,0.0
2024-12-02 00:00:00-05:00,20.63677021095609,20.852041678164102,20.01052458536247,20.578060150146484,5169600,0.0,0.0
2024-12-03 00:00:00-05:00,20.636770456313055,20.842256604769357,20.059449563470295,20.127944946289062,1936500,0.0,0.0
2024-12-04 00:00:00-05:00,19.96159945718604,20.12794619709423,19.394063850386217,20.079021453857422,1832500,0.0,0.0
2024-12-05 00:00:00-05:00,20.09859077487335,20.33343288640027,19.658260649285886,20.01052474975586,1814300,0.0,0.0
2024-12-06 00:00:00-05:00,20.098590223861315,20.098590223861315,19.325566661547043,19.394062042236328,1263400,0.0,0.0
2024-12-09 00:00:00-05:00,19.36470813827214,19.81482171091459,19.354922817167846,19.628904342651367,1111200,0.0,0.0
2024-12-10 00:00:00-05:00,19.6973996072513,19.824606914493817,19.335352060334618,19.482128143310547,1764200,0.0,0.0
2024-12-11 00:00:00-05:00,19.579980596105433,19.59955123930616,19.120081679043896,19.25707244873047,1135400,0.0,0.0
2024-12-12 00:00:00-05:00,19.257073829790826,19.54084071111526,19.100512405675406,19.41363525390625,1342800,0.0,0.0
2024-12-13 00:00:00-05:00,19.276640346744514,19.433201737335907,18.787385534556677,19.06136703491211,893400,0.0,0.0
2024-12-16 00:00:00-05:00,19.110293764245633,19.511482563624373,18.983086467061735,19.20814323425293,1088700,0.0,0.0
2024-12-17 00:00:00-05:00,18.963519260378945,19.149436646504437,18.64061109835012,18.709108352661133,805600,0.0,0.0
2024-12-18 00:00:00-05:00,18.78738641127495,18.943947809172318,17.671884118307354,17.887157440185547,1082300,0.0,0.0
2024-12-19 00:00:00-05:00,17.936083426268336,18.170925539469522,17.632745930011705,17.86758804321289,889200,0.0,0.0
2024-12-20 00:00:00-05:00,17.789306721188865,18.669965081707698,17.750165437168,18.650394439697266,4052000,0.0,0.0
2024-12-23 00:00:00-05:00,18.581898439330185,18.68953510043883,18.27856096372111,18.63082504272461,845400,0.0,0.0
2024-12-24 00:00:00-05:00,18.62104165954701,18.718891143798828,18.45469492341593,18.718891143798828,361900,0.0,0.0
2024-12-26 00:00:00-05:00,18.660179417869912,19.002658181323724,18.59168403845097,18.98308753967285,646700,0.0,0.0
2024-12-27 00:00:00-05:00,18.787385729351858,18.9830865364407,18.444906983997612,18.581897735595703,984800,0.0,0.0
2024-12-30 00:00:00-05:00,18.503619413149526,18.523190056276654,18.073074596148963,18.39598274230957,975600,0.0,0.0
2024-12-31 00:00:00-05:00,18.435122821167162,18.66996492423411,18.356842120144847,18.444908142089844,871800,0.0,0.0
2025-01-02 00:00:00-05:00,18.61125482548903,18.855882248958576,18.170924716700203,18.386198043823242,946100,0.0,0.0
2025-01-03 00:00:00-05:00,18.200280318153588,18.24920505533275,17.71102548092558,18.00457763671875,1021100,0.0,0.0
2025-01-06 00:00:00-05:00,18.02414765557474,18.503617155534076,18.014362335205078,18.014362335205078,1028700,0.0,0.0
2025-01-07 00:00:00-05:00,18.161139236962537,18.386197883019108,17.975223740530257,18.23941993713379,1423400,0.0,0.0
2025-01-08 00:00:00-05:00,18.249205337694686,18.523188722670866,18.063287974090883,18.327486038208008,1142100,0.0,0.0
2025-01-10 00:00:00-05:00,17.93608280136422,18.219851511403483,17.87737274169922,17.87737274169922,683800,0.0,0.0
2025-01-13 00:00:00-05:00,17.769737093115484,18.4155533854367,17.750166449988356,18.39598274230957,593500,0.0,0.0
2025-01-14 00:00:00-05:00,18.34705622111695,18.532973580071477,18.19049482400548,18.513402938842773,695000,0.0,0.0
2025-01-15 00:00:00-05:00,18.96351744411445,19.022229370757795,18.581899252728547,18.85588264465332,767800,0.0,0.0
2025-01-16 00:00:00-05:00,18.7678165435791,18.86566788788827,18.532974437052587,18.7678165435791,594000,0.0,0.0
2025-01-17 00:00:00-05:00,19.002659838859266,19.07115522425282,18.591685660138673,18.660181045532227,545600,0.0,0.0
2025-01-21 00:00:00-05:00,18.826526719137227,19.01244408782949,18.75803133760828,18.914592742919922,744700,0.0,0.0
2025-01-22 00:00:00-05:00,18.797170716513467,18.89502206121875,18.513403869863225,18.885236740112305,506800,0.0,0.0
2025-01-23 00:00:00-05:00,18.86566734313965,19.149434180447365,18.62103992260995,18.86566734313965,883600,0.0,0.0
2025-01-24 00:00:00-05:00,18.826524508297833,19.33534994898779,18.748243814834684,19.247283935546875,838100,0.0,0.0
2025-01-27 00:00:00-05:00,19.19835859957279,20.127941571982536,19.13964668154859,19.94202423095703,1100400,0.0,0.0
2025-01-28 00:00:00-05:00,20.118158845801485,20.382356911892227,19.765896624039627,19.93224334716797,757900,0.0,0.0
2025-01-29 00:00:00-05:00,19.79525135371538,19.932243984788705,19.1690057248974,19.178791046142578,663000,0.0,0.0
2025-01-30 00:00:00-05:00,19.237500021660118,19.55062281839923,19.198360605247274,19.403846740722656,746100,0.0,0.0
2025-01-31 00:00:00-05:00,19.286423349098975,19.433201282406465,19.061366588687285,19.247283935546875,693600,0.0,0.0
2025-02-03 00:00:00-05:00,19.012444156595798,19.91267317357338,18.87545339304242,19.746326446533203,892200,0.0,0.0
2025-02-04 00:00:00-05:00,19.619118519424728,19.893101904255214,19.57019378151459,19.75611114501953,694600,0.0,0.0
2025-02-05 00:00:00-05:00,19.87353262862242,19.932244557781296,19.619119868011712,19.85396385192871,690000,0.0,0.0
2025-02-06 00:00:00-05:00,19.79524934054752,19.79524934054752,18.846095672603866,19.120079040527344,1048900,0.0,0.0
2025-02-07 00:00:00-05:00,19.169006388253234,19.472343891914235,18.3666286819736,18.425338745117188,850700,0.0,0.0
2025-02-10 00:00:00-05:00,18.542759364388974,18.660179481979398,18.21985124147664,18.327486038208008,615900,0.0,0.0
2025-02-11 00:00:00-05:00,18.249204921560274,18.61125431965306,18.249204921560274,18.572113037109375,940300,0.0,0.0
2025-02-12 00:00:00-05:00,18.366627552793666,18.39598164938114,17.818660775944984,17.8480167388916,523900,0.0,0.0
2025-02-13 00:00:00-05:00,17.975222599558958,18.444906770773425,17.975222599558958,18.347055435180664,657100,0.0,0.0
2025-02-14 00:00:00-05:00,18.3470578916628,18.474263338513595,18.1513551942747,18.24920654296875,492200,0.0,0.0
2025-02-18 00:00:00-05:00,18.19049683667375,18.79717185101585,18.18071151497671,18.718891143798828,720800,0.0,0.0
2025-02-19 00:00:00-05:00,18.48404725829091,19.1200800433894,18.48404725829091,18.83631134033203,692600,0.0,0.0
2025-02-20 00:00:00-05:00,18.669965081707698,18.97330256743281,18.601469701030332,18.650394439697266,985400,0.0,0.0
2025-02-21 00:00:00-05:00,18.03393694206372,18.03393694206372,15.851860411428667,17.3000545501709,3100500,0.0,0.0
2025-02-24 00:00:00-05:00,17.79908913729473,18.258987951327242,17.534891112349758,18.13178253173828,1225900,0.0,0.0
2025-02-25 00:00:00-05:00,18.112211880758508,18.86566467745462,17.97522114185334,18.758028030395508,1697400,0.0,0.0
2025-02-26 00:00:00-05:00,18.640609958651556,18.983088743829875,18.053505602756413,18.10243034362793,1064300,0.0,0.0
2025-02-27 00:00:00-05:00,17.916511656760655,18.356841757793838,17.916511656760655,18.06328773498535,937600,0.0,0.0
2025-02-28 00:00:00-05:00,17.945869338750608,18.004579402395013,16.889078861354967,17.79909324645996,2143700,0.0,0.0
2025-03-03 00:00:00-05:00,17.84131263855867,18.037695474253233,17.468187498153625,17.586015701293945,1266600,0.063,0.0
2025-03-04 00:00:00-05:00,17.40927306981488,17.71366667945849,16.99687057650821,17.350358963012695,1122900,0.0,0.0
2025-03-05 00:00:00-05:00,17.291445087009922,17.890409238659196,17.261987096792794,17.713666915893555,1144500,0.0,0.0
2025-03-06 00:00:00-05:00,17.507462715779702,17.8511317373899,17.448548614969397,17.841312408447266,1047700,0.0,0.0
2025-03-07 00:00:00-05:00,17.752940851087978,17.978779804977854,17.566377341296292,17.576196670532227,893600,0.0,0.0
2025-03-10 00:00:00-04:00,17.34053825743317,17.67438795757048,16.996869228133527,17.085241317749023,1445600,0.0,0.0
2025-03-11 00:00:00-04:00,17.242348142986536,17.301264122417372,16.663020788503065,16.672840118408203,897000,0.0,0.0
2025-03-12 00:00:00-04:00,16.73175422824893,16.9379545146792,16.280074467311174,16.486276626586914,925300,0.0,0.0
2025-03-13 00:00:00-04:00,16.496096629177625,16.60410738989391,16.122971441101186,16.28007698059082,763700,0.0,0.0
2025-03-14 00:00:00-04:00,16.37826647543844,16.702296846448387,16.289894385813408,16.466638565063477,1079600,0.0,0.0
2025-03-17 00:00:00-04:00,16.36844748321527,16.898678159034596,16.358628153849743,16.88886070251465,1080700,0.0,0.0
2025-03-18 00:00:00-04:00,16.879042525545042,17.124520157906126,16.525554135634454,16.604106903076172,756100,0.0,0.0
2025-03-19 00:00:00-04:00,16.604106681917905,16.839764981104214,16.407723829506477,16.672840118408203,904800,0.0,0.0
2025-03-20 00:00:00-04:00,16.564830066483307,16.7121162589779,16.456819317992682,16.52555274963379,840300,0.0,0.0
2025-03-21 00:00:00-04:00,16.33898977514365,16.613925383553596,16.17206491876004,16.26043701171875,2448700,0.0,0.0
2025-03-24 00:00:00-04:00,16.42736233454907,16.613925855297683,16.309534122488856,16.555011749267578,592800,0.0,0.0
2025-03-25 00:00:00-04:00,16.653200644433394,16.86922214609395,16.653200644433394,16.761211395263672,795700,0.0,0.0
2025-03-26 00:00:00-04:00,16.918316417597808,16.918316417597808,16.505913958228156,16.653200149536133,548400,0.0,0.0
2025-03-27 00:00:00-04:00,16.613924525767118,16.879040790955145,16.54519109542478,16.721935272216797,487000,0.0,0.0
2025-03-28 00:00:00-04:00,16.8004892609172,16.829945377307567,16.368448116350525,16.496095657348633,465700,0.0,0.0
2025-03-31 00:00:00-04:00,16.34881060490572,16.535374137476726,16.289896495142266,16.397907257080078,1251000,0.0,0.0
2025-04-01 00:00:00-04:00,16.397907601629303,16.46664104327184,16.152429954136924,16.20152473449707,785100,0.0,0.0
2025-04-02 00:00:00-04:00,15.985503466408964,16.545192146578305,15.926587488504882,16.378267288208008,798900,0.0,0.0
2025-04-03 00:00:00-04:00,15.789119564646805,16.132788588086942,15.632014046419117,15.887310981750488,1178400,0.0,0.0
2025-04-04 00:00:00-04:00,15.406174855815596,15.779300946629915,15.121420857091879,15.524004936218262,1585100,0.0,0.0
2025-04-07 00:00:00-04:00,15.20979271526718,16.024778317577837,14.718837488023519,15.376717567443848,1434000,0.0,0.0
2025-04-08 00:00:00-04:00,15.897130926250293,16.02477846243548,15.190155130430261,15.465089797973633,924400,0.0,0.0
2025-04-09 00:00:00-04:00,15.219610990684078,16.898676852626,15.20979166207767,16.68265724182129,925600,0.0,0.0
2025-04-10 00:00:00-04:00,16.388084928406617,16.476457013306803,15.72038556375873,16.122968673706055,826700,0.0,0.0
2025-04-11 00:00:00-04:00,16.093512293344332,16.447000668210503,15.690929143233696,16.132789611816406,785900,0.0,0.0
2025-04-14 00:00:00-04:00,16.555012687591546,16.555012687591546,16.044418745468818,16.338991165161133,1401500,0.0,0.0
2025-04-15 00:00:00-04:00,16.211340550282582,16.42736015901517,15.808757445508647,16.005138397216797,698800,0.0,0.0
2025-04-16 00:00:00-04:00,16.36844709599849,16.36844709599849,15.857853218143395,16.034597396850586,691400,0.0,0.0
2025-04-17 00:00:00-04:00,15.985503631314222,16.162245948312826,15.720387346547835,16.064056396484375,522800,0.0,0.0
2025-04-21 00:00:00-04:00,15.887311803552192,15.965864566729328,14.86612494582661,15.180335998535156,906000,0.0,0.0
2025-04-22 00:00:00-04:00,15.357080806144621,15.671291871584605,15.141060230443212,15.59273910522461,713600,0.0,0.0
2025-04-23 00:00:00-04:00,15.95604523117803,16.43718113956131,15.93640657217979,16.01495933532715,590200,0.0,0.0
2025-04-24 00:00:00-04:00,16.014960680384903,16.40772452910899,16.00514135006108,16.28007698059082,833400,0.0,0.0
2025-04-25 00:00:00-04:00,16.692477142323494,17.428909957426,16.535371624929265,17.03614616394043,1251000,0.0,0.0
2025-04-28 00:00:00-04:00,17.006687811700196,17.97877888200735,17.006687811700196,17.792217254638672,1817200,0.0,0.0
2025-04-29 00:00:00-04:00,17.713667109015493,18.27335581932294,17.65475112793891,18.07697296142578,1176300,0.0,0.0
2025-04-30 00:00:00-04:00,17.752941998886552,18.0769723932401,17.409272944791415,17.91004753112793,1082800,0.0,0.0
2025-05-01 00:00:00-04:00,18.00823895699021,18.194802478843968,17.743122669015758,17.91004753112793,1338900,0.0,0.0
2025-05-02 00:00:00-04:00,16.191703653502806,16.397905828985397,13.776203825840865,14.002043724060059,4344700,0.0,0.0
2025-05-05 00:00:00-04:00,13.952948119324553,14.866125175921228,13.952948119324553,14.492999076843262,3465300,0.0,0.0
2025-05-06 00:00:00-04:00,14.384989137983153,14.650105435137744,14.060958732409457,14.188607215881348,2478800,0.0,0.0
2025-05-07 00:00:00-04:00,14.512636558315036,14.885762651186116,14.404626743177145,14.748295783996582,2063700,0.0,0.0
2025-05-08 00:00:00-04:00,14.748296236027658,15.033050245048639,14.414446514467302,14.424264907836914,2040400,0.0,0.0
2025-05-09 00:00:00-04:00,14.424264624036532,14.748295945851892,14.404626901260855,14.650104522705078,1817500,0.0,0.0
2025-05-12 00:00:00-04:00,14.866124928781275,15.180335981129552,14.738476454659088,14.964315414428711,912200,0.0,0.0
2025-05-13 00:00:00-04:00,14.895582061624866,14.993773484227681,14.73847653459861,14.807209968566895,841400,0.0,0.0
2025-05-14 00:00:00-04:00,14.738477179268791,14.787572892717677,14.551913655447601,14.601009368896484,1026300,0.0,0.0
2025-05-15 00:00:00-04:00,14.603966498664729,15.027983780626258,14.525078578339002,15.018122673034668,852900,0.063,0.0
2025-05-16 00:00:00-04:00,15.087150933606196,15.205481414839895,14.909654741552114,15.136455535888672,1031100,0.0,0.0
2025-05-19 00:00:00-04:00,15.008263819998465,15.156176685195868,14.909654616262156,14.988541603088379,896400,0.0,0.0
2025-05-20 00:00:00-04:00,14.96881937017816,15.057567459789018,14.83076668184938,14.909653663635254,810400,0.0,0.0
2025-05-21 00:00:00-04:00,14.751880282501741,14.84062837561658,14.544801712036133,14.544801712036133,1428200,0.0,0.0
2025-05-22 00:00:00-04:00,14.416609395225013,14.5842444647375,14.081339256200037,14.28841781616211,1737600,0.0,0.0
2025-05-23 00:00:00-04:00,14.120782984439924,14.456053129110762,14.071479325852925,14.189809799194336,1298300,0.0,0.0
2025-05-27 00:00:00-04:00,14.465914728863932,14.712436791809253,14.170088065248141,14.70257568359375,3797400,0.0,0.0
2025-05-28 00:00:00-04:00,14.6434110297589,14.791323892521293,14.406749132769203,14.456053733825684,1415800,0.0,0.0
2025-05-29 00:00:00-04:00,14.465915429690739,14.958959579467773,14.416610826631619,14.958959579467773,1803900,0.0,0.0
2025-05-30 00:00:00-04:00,14.89979244966724,15.284367188438997,14.643410230893062,15.077288627624512,1458600,0.0,0.0
2025-06-02 00:00:00-04:00,15.018124715017288,15.126595032459281,14.830768347337557,14.929377555847168,800700,0.0,0.0
2025-06-03 00:00:00-04:00,14.929376487931172,15.244924427939035,14.751880301473228,15.09701156616211,938200,0.0,0.0
2025-06-04 00:00:00-04:00,15.156176203763023,15.284367788385422,15.018123510998818,15.027984619140625,900800,0.0,0.0
2025-06-05 00:00:00-04:00,15.097011206214052,15.136454697774608,14.929376131979925,15.126593589782715,714600,0.0,0.0
2025-06-06 00:00:00-04:00,15.294228421190791,15.38297651089475,15.166036840552518,15.225201606750488,620400,0.0,0.0
2025-06-09 00:00:00-04:00,15.294228785048551,15.392837044526779,14.939236417787262,15.274506568908691,910300,0.0,0.0
2025-06-10 00:00:00-04:00,15.422420366672805,15.422420366672805,15.087150215596239,15.195619583129883,814200,0.0,0.0
2025-06-11 00:00:00-04:00,15.175897815091519,15.40269765087,14.791323076554582,14.919514656066895,1569300,0.0,0.0
2025-06-12 00:00:00-04:00,14.998402711543422,15.097011915279733,14.791324136022821,14.988541603088379,1448400,0.0,0.0
2025-06-13 00:00:00-04:00,14.318001993358793,15.037845972103444,13.933427233230594,14.850489616394043,1417300,0.0,0.0
2025-06-16 00:00:00-04:00,14.968820210790792,15.047707197006767,14.505358461466642,14.99840259552002,1223300,0.0,0.0
2025-06-17 00:00:00-04:00,14.830767503841034,14.909654489999202,14.51521955920837,14.525079727172852,1498300,0.0,0.0
2025-06-18 00:00:00-04:00,14.564523815585058,14.880071752741518,14.426471122875592,14.71243667602539,1685800,0.0,0.0
2025-06-20 00:00:00-04:00,14.751881128054169,14.850490335035442,14.564524763278264,14.633550643920898,1974100,0.0,0.0
2025-06-23 00:00:00-04:00,14.534939903859838,14.742018464353125,14.318001176034105,14.682853698730469,1085100,0.0,0.0
2025-06-24 00:00:00-04:00,14.761741164477412,14.939236407579754,14.584244980968045,14.880071640014648,1162000,0.0,0.0
2025-06-25 00:00:00-04:00,14.939236638323568,14.939236638323568,14.672993299354284,14.70257568359375,1287900,0.0,0.0
2025-06-26 00:00:00-04:00,14.870210529854404,15.087150205178922,14.692714346370067,14.80118465423584,1480900,0.0,0.0
2025-06-27 00:00:00-04:00,14.968820454072741,15.156176814278945,14.830767755747543,15.057568550109863,3252900,0.0,0.0
2025-06-30 00:00:00-04:00,15.097011200853144,15.25478516703935,14.889932635131993,14.968819618225098,1143700,0.0,0.0
2025-07-01 00:00:00-04:00,14.791324490406474,15.146315939629678,14.643411621665244,15.037846565246582,968300,0.0,0.0
2025-07-02 00:00:00-04:00,15.037845127830492,15.037845127830492,14.791323076554582,14.919514656066895,1091100,0.0,0.0
2025-07-03 00:00:00-04:00,14.89979422905002,15.018124715017288,14.840629456269939,14.929377555847168,378300,0.0,0.0
2025-07-07 00:00:00-04:00,14.880071015804242,14.95895799618647,14.584244369167395,14.613826751708984,830100,0.0,0.0
2025-07-08 00:00:00-04:00,14.574384931650718,15.047707808590893,14.574384931650718,14.633550643920898,958000,0.0,0.0
2025-07-09 00:00:00-04:00,14.643411516377551,14.712437395906212,14.278558020679293,14.337723731994629,946600,0.0,0.0
2025-07-10 00:00:00-04:00,14.308140512433159,14.623688446634224,14.18981003710776,14.40674877166748,1299800,0.0,0.0
2025-07-11 00:00:00-04:00,14.278558483284366,14.633550881863473,14.239114987931922,14.534941673278809,905500,0.0,0.0
2025-07-14 00:00:00-04:00,14.456053393268476,14.732157836110403,14.416609901433915,14.722297668457031,892000,0.0,0.0
2025-07-15 00:00:00-04:00,14.801183781870721,14.86034854594038,14.318000800204983,14.39688777923584,1163000,0.0,0.0
2025-07-16 00:00:00-04:00,14.396889326721928,14.45605409715106,14.160227423784185,14.34758472442627,1084800,0.0,0.0
2025-07-17 00:00:00-04:00,14.347584021668665,14.643410680545683,14.30814052984553,14.564523696899414,1071200,0.0,0.0
2025-07-18 00:00:00-04:00,14.574383721112095,14.722297519298383,14.120783099406777,14.179948806762695,828300,0.0,0.0
2025-07-21 00:00:00-04:00,14.268697262256714,14.327862030717684,14.10106218427223,14.308140754699707,842600,0.0,0.0
2025-07-22 00:00:00-04:00,14.396888232139961,14.663131559642967,14.189809670567845,14.19966983795166,666700,0.0,0.0
2025-07-23 00:00:00-04:00,14.347585305456475,14.534941673278809,14.199671492579476,14.534941673278809,858400,0.0,0.0
2025-07-24 00:00:00-04:00,14.475775453668199,14.574383711990324,13.91370452556332,13.94328784942627,807200,0.0,0.0
2025-07-25 00:00:00-04:00,13.96300960282749,14.06161880493164,13.805235631786486,14.06161880493164,765700,0.0,0.0
2025-07-28 00:00:00-04:00,13.963009950395199,14.130645033900803,13.83481836063167,13.95314884185791,748800,0.0,0.0
2025-07-29 00:00:00-04:00,13.972870826329057,14.150367015417208,13.815096853987168,14.0517578125,973800,0.0,0.0
2025-07-30 00:00:00-04:00,14.002453323587266,14.347584596164461,13.963009830184765,14.278557777404785,776300,0.0,0.0
2025-07-31 00:00:00-04:00,14.179948708577914,14.840627890843749,14.091200618362056,14.584244728088379,1635400,0.0,0.0
2025-08-01 00:00:00-04:00,14.958959071788108,14.958959071788108,12.168329353991522,12.395129203796387,2860600,0.0,0.0
2025-08-04 00:00:00-04:00,12.375407429711954,12.464155520555304,11.675284751334106,11.803476333618164,2556100,0.0,0.0
2025-08-05 00:00:00-04:00,11.911945203147962,12.158467249472062,11.56681396213143,11.606258392333984,1896300,0.0,0.0
2025-08-06 00:00:00-04:00,11.547093395470084,11.902084825397282,11.487927686945367,11.783754348754883,1506900,0.0,0.0
2025-08-07 00:00:00-04:00,11.931667781993871,11.96125016514065,11.57667542260453,11.73444938659668,1335500,0.0,0.0
2025-08-08 00:00:00-04:00,11.734450220503879,11.990833400414461,11.566815136747502,11.902085304260254,1213100,0.0,0.0
2025-08-11 00:00:00-04:00,11.951389906613377,12.040138002767584,11.833059425210124,11.902085304260254,1510900,0.0,0.0
2025-08-12 00:00:00-04:00,11.971112002891319,12.296521058567633,11.931668509488343,12.227494239807129,1098600,0.0,0.0
2025-08-13 00:00:00-04:00,12.359314409492764,12.726030112714687,12.309758029012107,12.557538986206055,992900,0.063,0.0
2025-08-14 00:00:00-04:00,12.438603754814885,12.587271945246378,12.329579532969772,12.488160133361816,977900,0.0,0.0
2025-08-15 00:00:00-04:00,12.607094692146752,12.666561589374306,12.418780645437824,12.597183227539062,1069700,0.0,0.0
2025-08-18 00:00:00-04:00,12.686384304465465,12.993632140443687,12.617004998591936,12.835052490234375,1051600,0.0,0.0
2025-08-19 00:00:00-04:00,12.82514156209053,12.884609406010368,12.686384834959762,12.775586128234863,868300,0.0,0.0
2025-08-20 00:00:00-04:00,12.864786758183673,12.963899518485311,12.69629657800582,12.815231323242188,781900,0.0,0.0
2025-08-21 00:00:00-04:00,12.914342598663787,13.053100268245744,12.825141307161765,12.8746976852417,709200,0.0,0.0
2025-08-22 00:00:00-04:00,12.953987679957558,13.370259748888634,12.844964402936299,13.300881385803223,985300,0.0,0.0
2025-08-25 00:00:00-04:00,13.281057711245046,13.290969175475363,13.003543329260946,13.063011169433594,831600,0.0,0.0
2025-08-26 00:00:00-04:00,13.05310114370226,13.172035891945342,12.666562503005226,12.726030349731445,916800,0.0,0.0
2025-08-27 00:00:00-04:00,12.706206985987047,13.023367249034012,12.686385001226856,12.934165954589844,802400,0.0,0.0
2025-08-28 00:00:00-04:00,12.98372226178651,13.003544246435986,12.775586224315724,12.924254417419434,912700,0.0,0.0
2025-08-29 00:00:00-04:00,12.993632571647806,13.023366965955768,12.805319467077247,12.89452075958252,582800,0.0,0.0
2025-09-02 00:00:00-04:00,12.79540807409733,12.953987730458955,12.765674624831853,12.90443229675293,765300,0.0,0.0
2025-09-03 00:00:00-04:00,12.77558633623243,12.864786685750476,12.587272281761456,12.805319786071777,972000,0.0,0.0
2025-09-04 00:00:00-04:00,12.874697830043878,12.904432224351838,12.726029639341293,12.89452075958252,861800,0.0,0.0
2025-09-05 00:00:00-04:00,12.874697513727943,13.271147587876705,12.864786049202136,12.983721733093262,834000,0.0,0.0
2025-09-08 00:00:00-04:00,13.07292217986977,13.152212951483616,12.89452054306416,13.132390022277832,1068100,0.0,0.0
2025-09-09 00:00:00-04:00,13.201768934627522,13.201768934627522,12.77558633623243,12.805319786071777,816700,0.0,0.0
2025-09-10 00:00:00-04:00,12.636829264055043,12.815231862014583,12.141267332131315,12.349403381347656,1149600,0.0,0.0
2025-09-11 00:00:00-04:00,12.369224028942417,12.735940650676726,12.329579116485908,12.696295738220215,1168800,0.0,0.0
2025-09-12 00:00:00-04:00,12.61700571872963,12.735941408384349,12.38904769484496,12.398959159851074,489900,0.0,0.0
2025-09-15 00:00:00-04:00,12.428691642551783,12.527804394482056,12.091709420239956,12.131354331970215,690100,0.0,0.0
2025-09-16 00:00:00-04:00,12.171000388132626,12.250290219048722,11.952953825718039,12.022332191467285,816000,0.0,0.0
2025-09-17 00:00:00-04:00,12.071887654181108,12.57736005153423,12.071887654181108,12.161088943481445,1047600,0.0,0.0
2025-09-18 00:00:00-04:00,12.250288976420427,12.547626284799552,12.220555529145289,12.517892837524414,1182500,0.0,0.0
2025-09-19 00:00:00-04:00,12.54762718281676,12.54762718281676,12.240379333496094,12.240379333496094,2355300,0.0,0.0
2025-09-22 00:00:00-04:00,12.28002457880745,12.636828816891372,12.24037966346479,12.557538986206055,1057500,0.0,0.0
2025-09-23 00:00:00-04:00,12.547626674720348,12.874697440538421,12.389047024046043,12.438603401184082,1016600,0.0,0.0
2025-09-24 00:00:00-04:00,12.408870789973422,12.587272436410714,12.349402944354765,12.557538986206055,807600,0.0,0.0
2025-09-25 00:00:00-04:00,12.54762663519603,12.607094476616211,12.17099949342627,12.299845695495605,942900,0.0,0.0
2025-09-26 00:00:00-04:00,12.329578871147367,12.537714893704795,12.29984542369895,12.527804374694824,809900,0.0,0.0
2025-09-29 00:00:00-04:00,12.547627281017485,12.557538745965868,12.270112878928048,12.389047622680664,796600,0.0,0.0
2025-09-30 00:00:00-04:00,12.379136625115438,12.726030349731445,12.319669723598574,12.726030349731445,1086300,0.0,0.0
2025-10-01 00:00:00-04:00,12.617005731600804,12.835053235911126,12.607095211793906,12.805319786071777,1213200,0.0,0.0
2025-10-02 00:00:00-04:00,12.825141025793975,12.884608867227104,12.646739391913137,12.835052490234375,1483000,0.0,0.0
2025-10-03 00:00:00-04:00,12.934166068478554,13.40990504942402,12.795408393098127,12.815231323242188,1719000,0.0,0.0
2025-10-06 00:00:00-04:00,12.854875845714544,13.013455501186447,12.716118174571974,12.89452075958252,1432600,0.0,0.0
2025-10-07 00:00:00-04:00,12.864786573052358,13.043189160944264,12.805319673894601,12.924254417419434,1748100,0.0,0.0
2025-10-08 00:00:00-04:00,14.202803931181668,15.213750657522358,14.113602638244629,14.113602638244629,3882100,0.0,0.0
2025-10-09 00:00:00-04:00,14.093780237316672,14.11360222115617,13.459460685894976,13.518928527832031,1786200,0.0,0.0
2025-10-10 00:00:00-04:00,13.637863881777069,13.637863881777069,13.162123960445191,13.20176887512207,1184000,0.0,0.0
2025-10-13 00:00:00-04:00,13.320703660404158,13.370260040206054,13.063012186811086,13.072922706604004,727200,0.0,0.0
2025-10-14 00:00:00-04:00,12.973810609530137,13.409904662824482,12.854875867722587,13.300881385803223,917000,0.0,0.0
2025-10-15 00:00:00-04:00,13.409904976581014,13.538751186189515,13.261236782145458,13.479284286499023,652500,0.0,0.0
2025-10-16 00:00:00-04:00,13.469372073162106,13.548661898483868,13.211679668261736,13.241413116455078,773600,0.0,0.0
2025-10-17 00:00:00-04:00,13.191858849317924,13.360349034096643,13.13239100247122,13.271148681640625,963900,0.0,0.0
2025-10-20 00:00:00-04:00,13.39999388932291,13.687419746213543,13.300881133756782,13.667596817016602,746000,0.0,0.0
2025-10-21 00:00:00-04:00,13.548662221135286,13.786531702765263,13.518928772233863,13.687419891357422,832300,0.0,0.0
2025-10-22 00:00:00-04:00,13.816265654838228,14.222627215600253,13.746887289805134,14.163159370422363,875500,0.0,0.0
2025-10-23 00:00:00-04:00,14.173069743775539,14.31182646315369,13.94511079089688,14.143336296081543,1719800,0.0,0.0
2025-10-24 00:00:00-04:00,14.232537735455457,14.321739030617627,14.03431316021138,14.163159370422363,654400,0.0,0.0
2025-10-27 00:00:00-04:00,14.2127151854963,14.272182083100697,14.054135531605516,14.083868980407715,544300,0.0,0.0
2025-10-28 00:00:00-04:00,14.182981809652876,14.232537242841694,13.81626517663239,14.093780517578125,736400,0.0,0.0
2025-10-29 00:00:00-04:00,14.123514383419156,14.539786461915625,13.9946681738646,14.153247833251953,1294900,0.0,0.0
2025-10-30 00:00:00-04:00,13.91537779016342,14.401028214004514,13.91537779016342,14.073957443237305,2003700,0.0,0.0
2025-10-31 00:00:00-04:00,14.460496323227515,14.460496323227515,12.75576313082184,13.707242012023926,2521700,0.0,0.0
2025-11-03 00:00:00-05:00,13.568484318567883,13.647775091648889,13.063011902188125,13.300881385803223,1478900,0.0,0.0
2025-11-04 00:00:00-05:00,13.20176922633301,13.707242610817488,13.09274594437354,13.251325607299805,1600200,0.0,0.0
2025-11-05 00:00:00-05:00,13.102657163019519,13.459461397888631,13.023367333048604,13.350438117980957,1037600,0.0,0.0
2025-11-06 00:00:00-05:00,13.191858355359845,13.37025999880114,13.013455766709225,13.20176887512207,906900,0.0,0.0
2025-11-07 00:00:00-05:00,13.181946010896633,13.39008203536587,13.102656186833045,13.211679458618164,1061500,0.0,0.0
2025-11-10 00:00:00-05:00,13.082833465811552,13.2909694935835,12.934165279635565,13.241413116455078,1277000,0.0,0.0
2025-11-11 00:00:00-05:00,13.29097005701592,13.528839543065004,13.201768763445186,13.320703506469727,707000,0.0,0.0
2025-11-12 00:00:00-05:00,13.353564876066145,13.582597432264336,13.303775107356897,13.40335464477539,773600,0.063,0.0
2025-11-13 00:00:00-05:00,13.363522966056312,13.433228072172728,13.0847015919298,13.244028091430664,987700,0.0,0.0
2025-11-14 00:00:00-05:00,13.204195915767459,13.263942875757628,12.885541980396932,13.044869422912598,974300,0.0,0.0
2025-11-17 00:00:00-05:00,13.034911625666016,13.124533017690805,12.616679095990895,12.686384201049805,1047600,0.0,0.0
2025-11-18 00:00:00-05:00,12.636594219832356,12.776005377256004,12.556930972636216,12.746131896972656,670800,0.0,0.0
2025-11-19 00:00:00-05:00,12.726215733950243,12.945290140697853,12.596762718583966,12.75609016418457,838300,0.0,0.0
2025-11-20 00:00:00-05:00,12.865627314906725,13.174322173504502,12.785964064322728,12.945290565490723,801900,0.0,0.0
2025-11-21 00:00:00-05:00,13.07474298728717,13.871376406363453,12.90545835012118,13.592554092407227,1082200,0.0,0.0
2025-11-24 00:00:00-05:00,13.612470978696049,14.020745374673977,13.542765871966408,13.951040267944336,1108800,0.0,0.0
2025-11-25 00:00:00-05:00,15.843043929981318,16.918498763403875,15.116116530393844,15.504474639892578,3702800,0.0,0.0
2025-11-26 00:00:00-05:00,15.524390874730619,15.703633662913386,15.345148086547852,15.345148086547852,1884300,0.0,0.0
2025-11-28 00:00:00-05:00,15.375021594233367,15.504474613734828,15.165905324217292,15.424811363220215,517300,0.0,0.0
2025-12-01 00:00:00-05:00,15.33518991642168,15.434769454054111,15.145989934513082,15.265484809875488,1856800,0.0,0.0
2025-12-02 00:00:00-05:00,15.375021361906827,15.484559041954878,14.966746971773505,15.096199989318848,1111500,0.0,0.0
2025-12-03 00:00:00-05:00,15.076284500125821,15.255526334441306,14.93687334040415,15.00657844543457,1131800,0.0,0.0
2025-12-04 00:00:00-05:00,15.056367719309751,15.116115628562364,14.926914707313088,14.96674633026123,908400,0.0,0.0
2025-12-05 00:00:00-05:00,15.066326299489699,15.086241636711053,14.787504930764955,14.847251892089844,684400,0.0,0.0
2025-12-08 00:00:00-05:00,14.857210035530933,14.916956996855822,14.717798876338147,14.847251892089844,935200,0.0,0.0
2025-12-09 00:00:00-05:00,14.80742073059082,14.966747231982541,14.697883998299226,14.80742073059082,1260800,0.0,0.0
2025-12-10 00:00:00-05:00,14.887083144944588,15.255525896129399,14.717798509310919,15.126072883605957,1207200,0.0,0.0
2025-12-11 00:00:00-05:00,15.155947525490305,15.394937267499467,15.126073095493547,15.375020980834961,1032400,0.0,0.0
2025-12-12 00:00:00-05:00,15.39493702312136,15.414852359808913,15.116115661869994,15.35510540008545,876500,0.0,0.0
2025-12-15 00:00:00-05:00,15.404895958998504,15.73350710336958,15.1858215461975,15.574180603027344,1758600,0.0,0.0
2025-12-16 00:00:00-05:00,15.594095202742414,15.653843112373583,15.136031061106138,15.205737113952637,1066800,0.0,0.0
2025-12-17 00:00:00-05:00,15.18582145222041,15.345147951576658,14.88708379109702,14.946831703186035,1430000,0.0,0.0
2025-12-18 00:00:00-05:00,14.96674633026123,15.046409576157515,14.737714735724614,14.96674633026123,742100,0.0,0.0
2025-12-19 00:00:00-05:00,14.857210309882934,15.006578665614207,14.857210309882934,14.946831703186035,2792800,0.0,0.0
2025-12-22 00:00:00-05:00,14.916956751855714,15.116115818763175,14.687925154437272,14.827336311340332,1381600,0.0,0.0
2025-12-23 00:00:00-05:00,14.797461971898208,14.827336401913302,14.648093620466007,14.757630348205566,1176300,0.0,0.0
2025-12-24 00:00:00-05:00,14.807420363484503,14.827336650495132,14.668009203392607,14.777546882629395,461200,0.0,0.0
2025-12-26 00:00:00-05:00,14.767588835268143,14.837293940937489,14.677967442458506,14.707841873168945,616000,0.0,0.0
2025-12-29 00:00:00-05:00,14.677967011159737,14.857209791512126,14.6680088678822,14.827336311340332,999000,0.0,0.0
2025-12-30 00:00:00-05:00,14.777547274780458,14.93687377645019,14.677967736406448,14.887084007263184,644000,0.0,0.0
2025-12-31 00:00:00-05:00,15.006578610825901,15.006578610825901,14.68792561327679,14.787505149841309,1011900,0.0,0.0
2026-01-02 00:00:00-05:00,14.807420115236573,14.867168025605944,14.677967100820283,14.757630348205566,617600,0.0,0.0
2026-01-05 00:00:00-05:00,14.588345943163988,15.126073346435936,14.588345943163988,15.086241722106934,555300,0.0,0.0
2026-01-06 00:00:00-05:00,15.006578438509756,15.404895630533227,14.986663101222039,15.315274238586426,690800,0.0,0.0
2026-01-07 00:00:00-05:00,15.285400450950707,15.33518926800084,15.036452567056793,15.136031150817871,447200,0.0,0.0
2026-01-08 00:00:00-05:00,15.116116549664467,15.285401194924647,15.066326780530144,15.195779800415039,606200,0.0,0.0
2026-01-09 00:00:00-05:00,15.285400700943033,15.285400700943033,15.066326293628403,15.1559476852417,308100,0.0,0.0
2026-01-12 00:00:00-05:00,15.06632638477285,15.145989633430855,14.877125456964464,15.086241722106934,459900,0.0,0.0
2026-01-13 00:00:00-05:00,15.096199780152142,15.096199780152142,14.847251892089844,14.847251892089844,531900,0.0,0.0
2026-01-14 00:00:00-05:00,14.727757197005623,15.03645299976833,14.707841859544619,15.016536712646484,458300,0.0,0.0
2026-01-15 00:00:00-05:00,15.026494272623998,15.404895166295537,14.956789169726358,15.35510540008545,632700,0.0,0.0
2026-01-16 00:00:00-05:00,15.16590469007405,15.335189327754396,15.00657819570686,15.295357704162598,596100,0.0,0.0
2026-01-20 00:00:00-05:00,15.106157670655628,15.265484164402006,14.986662800345847,15.136031150817871,389400,0.0,0.0
2026-01-21 00:00:00-05:00,15.245569472145514,15.365064347507921,15.10615830939228,15.265484809875488,594900,0.0,0.0
2026-01-22 00:00:00-05:00,15.315273961107145,15.414852545063244,15.145989323754883,15.215694427490234,733600,0.0,0.0
2026-01-23 00:00:00-05:00,15.136031489933396,15.235611025586318,15.026494760443848,15.086241722106934,495300,0.0,0.0
2026-01-26 00:00:00-05:00,15.07628477520991,15.235611275135582,15.056368487888777,15.106158256530762,385500,0.0,0.0
2026-01-27 00:00:00-05:00,15.076284940241633,15.116116565659066,14.757630987241312,14.887084007263184,694100,0.0,0.0
2026-01-28 00:00:00-05:00,14.897041601893346,14.956789512647477,14.687925338745117,14.687925338745117,553800,0.0,0.0
2026-01-29 00:00:00-05:00,14.707841832459719,14.976705060483619,14.707841832459719,14.936873435974121,690600,0.0,0.0
2026-01-30 00:00:00-05:00,14.906999617469868,15.086241448873638,14.717798693088179,14.986662864685059,647100,0.0,0.0
2026-02-02 00:00:00-05:00,14.986663231624558,15.175863210977878,14.966746944502715,15.016536712646484,551400,0.0,0.0
2026-02-03 00:00:00-05:00,15.066326480790256,15.394937621013966,14.89704183889794,15.016536712646484,615800,0.0,0.0
2026-02-04 00:00:00-05:00,15.086241536435999,15.42481081389606,15.086241536435999,15.225652694702148,681800,0.0,0.0
2026-02-05 00:00:00-05:00,15.21569485323675,15.524390656358065,15.21569485323675,15.404895782470703,1002300,0.0,0.0
2026-02-06 00:00:00-05:00,15.424810957022075,15.663800702272344,15.424810957022075,15.623969078063965,753300,0.0,0.0
2026-02-09 00:00:00-05:00,15.554264315654137,15.64388570951186,15.444727584084061,15.574180603027344,590400,0.0,0.0
2026-02-10 00:00:00-05:00,15.66380042283876,15.853001346698937,15.57417998221431,15.833085060119629,540600,0.0,0.0
2026-02-11 00:00:00-05:00,15.892834146598837,16.34094018153355,15.83308623209913,16.161697387695312,1267100,0.0,0.0
2026-02-12 00:00:00-05:00,16.072074833295815,16.36085529130928,16.072074833295815,16.221445083618164,1446400,0.0,0.0
2026-02-13 00:00:00-05:00,16.321023817808722,16.450477790234697,16.22144617664629,16.311065673828125,1000500,0.0,0.0
2026-02-17 00:00:00-05:00,16.390728926351127,16.520182898777104,16.231402421305123,16.311065673828125,1021900,0.0,0.0
2026-02-18 00:00:00-05:00,16.321023083310727,16.46043519344331,16.18161287249982,16.251317977905273,1322400,0.0,0.0
2026-02-19 00:00:00-05:00,16.16169553888488,16.271233211327015,15.972496521984986,16.012327194213867,1276300,0.0,0.0
2026-02-20 00:00:00-05:00,15.554264219396947,15.554264219396947,14.46885125545644,14.946831703186035,3067300,0.0,0.0
2026-02-23 00:00:00-05:00,15.046410329905653,15.16590520473616,14.61822059917821,14.717799186706543,1572600,0.0,0.0
2026-02-24 00:00:00-05:00,14.737715011189655,14.887083362621857,14.658051763804371,14.757630348205566,701700,0.0,0.0
2026-02-25 00:00:00-05:00,14.82733643118073,14.976704782907765,14.737715040280179,14.83729362487793,642300,0.0,0.0
2026-02-26 00:00:00-05:00,14.897041783737118,15.026494800567246,14.747673429519727,14.857210159301758,795400,0.0,0.0
2026-02-27 00:00:00-05:00,14.707841470368269,15.016536315301925,14.66800889717857,14.906999588012695,916300,0.0,0.0
2026-03-02 00:00:00-05:00,14.800000190734863,15.020000457763672,14.779999732971191,15.0,946000,0.063,0.0
2026-03-03 00:00:00-05:00,16.270000457763672,16.290000915527344,16.209999084472656,16.260000228881836,10669700,0.0,0.0
2026-03-04 00:00:00-05:00,16.25,16.299999237060547,16.229999542236328,16.25,5446400,0.0,0.0
2026-03-05 00:00:00-05:00,16.239999771118164,16.280000686645508,16.219999313354492,16.25,3680000,0.0,0.0
2026-03-06 00:00:00-05:00,16.239999771118164,16.25,16.209999084472656,16.25,3746300,0.0,0.0
2026-03-09 00:00:00-04:00,16.209999084472656,16.260000228881836,16.209999084472656,16.25,1574000,0.0,0.0
2026-03-10 00:00:00-04:00,16.239999771118164,16.280000686645508,16.239999771118164,16.260000228881836,1305200,0.0,0.0
2026-03-11 00:00:00-04:00,16.25,16.260000228881836,16.200000762939453,16.200000762939453,19190700,0.0,0.0
2026-03-12 00:00:00-04:00,16.209999084472656,16.270000457763672,16.209999084472656,16.239999771118164,3549900,0.0,0.0
2026-03-13 00:00:00-04:00,16.270000457763672,16.270000457763672,16.239999771118164,16.25,2687400,0.0,0.0
2026-03-16 00:00:00-04:00,16.260000228881836,16.270000457763672,16.25,16.25,2113900,0.0,0.0
2026-03-17 00:00:00-04:00,16.270000457763672,16.270000457763672,16.25,16.260000228881836,2849100,0.0,0.0
2026-03-18 00:00:00-04:00,16.260000228881836,16.270000457763672,16.25,16.25,3984800,0.0,0.0
2026-03-19 00:00:00-04:00,16.25,16.280000686645508,16.25,16.270000457763672,5726864,0.0,0.0
