Date,Open,High,Low,Close,Volume,Dividends,Stock Splits
2022-01-03 00:00:00-05:00,5.0269033300896115,5.144491597315813,5.007305285551912,5.056300163269043,4720200,0.0,0.0
2022-01-04 00:00:00-05:00,5.115094296882144,5.173888897749483,5.046501374627312,5.056300163269043,5635700,0.0,0.0
2022-01-05 00:00:00-05:00,5.105295172364678,5.271878773602768,4.95830961437494,4.977907657623291,6638000,0.0,0.0
2022-01-06 00:00:00-05:00,4.85051979570895,4.948510472191292,4.752529586480782,4.772127628326416,6321200,0.0,0.0
2022-01-07 00:00:00-05:00,4.762328841030686,4.85051979570895,4.644740122702711,4.772127628326416,6710000,0.0,0.0
2022-01-10 00:00:00-05:00,4.742731422323766,4.8211236000061035,4.644740732966609,4.8211236000061035,6603700,0.0,0.0
2022-01-11 00:00:00-05:00,4.850519864193621,5.007304668426514,4.723132824025508,5.007304668426514,5721200,0.0,0.0
2022-01-12 00:00:00-05:00,5.03670132572787,5.124892745889342,4.987706455724737,5.105294704437256,5104300,0.0,0.0
2022-01-13 00:00:00-05:00,5.115095138549805,5.262080730395544,5.075899043024849,5.115095138549805,6754800,0.0,0.0
2022-01-14 00:00:00-05:00,5.0562998306166955,5.095495917113398,4.909314739881165,4.977907657623291,4915800,0.0,0.0
2022-01-18 00:00:00-05:00,5.046500173323354,5.222882532175374,4.987706053706014,5.066098213195801,10282200,0.0,0.0
2022-01-19 00:00:00-05:00,5.193486773052178,5.752031257803018,5.164089473576449,5.663840293884277,15464800,0.0,0.0
2022-01-20 00:00:00-05:00,5.693236776953542,5.791226990439434,5.458060264587402,5.458060264587402,11144200,0.0,0.0
2022-01-21 00:00:00-05:00,5.507055073932844,5.5364523712652955,5.203285182017067,5.222883224487305,7633800,0.0,0.0
2022-01-24 00:00:00-05:00,5.124892332813141,5.1444903726855875,4.811323227599867,5.066098213195801,8907300,0.0,0.0
2022-01-25 00:00:00-05:00,4.987707167922684,5.154290777679083,4.938711823669308,5.09549617767334,8379000,0.0,0.0
2022-01-26 00:00:00-05:00,5.017103017213826,5.154289767330102,4.772127278475797,4.8407206535339355,9373100,0.0,0.0
2022-01-27 00:00:00-05:00,4.732931374662621,4.811323539229877,4.595745086669922,4.595745086669922,7826500,0.0,0.0
2022-01-28 00:00:00-05:00,4.527152108493661,4.634941577911377,4.487956022751619,4.634941577911377,6485000,0.0,0.0
2022-01-31 00:00:00-05:00,4.654539917518709,4.8603196144104,4.5859465294700685,4.8603196144104,7331200,0.0,0.0
2022-02-01 00:00:00-05:00,4.948510318522747,5.1150934354105555,4.870117686320404,4.997505187988281,6636600,0.0,0.0
2022-02-02 00:00:00-05:00,4.997504976804949,5.095495178849332,4.821122613125059,4.8407206535339355,7263900,0.0,0.0
2022-02-03 00:00:00-05:00,4.791725555690139,4.850519679822354,4.674137307425707,4.7035346031188965,5578600,0.0,0.0
2022-02-04 00:00:00-05:00,4.703535406699194,4.8113244190631645,4.693736150709245,4.781927585601807,4834600,0.0,0.0
2022-02-07 00:00:00-05:00,4.870117347217207,5.134691119122301,4.8603185609080475,5.066098213195801,9365200,0.0,0.0
2022-02-08 00:00:00-05:00,5.046501556363901,5.213085174560547,5.007305465876956,5.213085174560547,7181000,0.0,0.0
2022-02-09 00:00:00-05:00,5.232682586559158,5.291476715174473,5.134691904946102,5.164089202880859,6118400,0.0,0.0
2022-02-10 00:00:00-05:00,5.105295327846662,5.340471853989188,4.9877070647754,5.02690315246582,6803000,0.0,0.0
2022-02-11 00:00:00-05:00,5.07589866454038,5.369869826311894,5.026903782414648,5.311075687408447,8831300,0.0,0.0
2022-02-14 00:00:00-05:00,5.418863351932015,5.428662138157593,5.2424805273303825,5.379666805267334,10419300,0.0,0.0
2022-02-15 00:00:00-05:00,5.203286199124988,5.320874476931881,5.0660998750169455,5.311075687408447,7046000,0.0,0.0
2022-02-16 00:00:00-05:00,5.350270487745637,5.438461908426838,5.262079067064436,5.360069274902344,7249200,0.0,0.0
2022-02-17 00:00:00-05:00,5.3992660739736325,5.438462158914108,5.115093757273903,5.222883224487305,10804200,0.0,0.0
2022-02-18 00:00:00-05:00,5.183686813367296,5.2326821500869904,4.919113023040098,4.997505187988281,8722300,0.0,0.0
2022-02-22 00:00:00-05:00,5.203286011067297,5.634443481363917,5.1738891763051775,5.4090657234191895,14671600,0.0,0.0
2022-02-23 00:00:00-05:00,5.448261236643861,5.879418661202554,5.4384624485140485,5.8500213623046875,14342800,0.0,0.0
2022-02-24 00:00:00-05:00,6.04600253370279,6.1831888444035155,5.565849745368896,5.712835311889648,16474100,0.0,0.0
2022-02-25 00:00:00-05:00,5.585446791485999,5.78142766757139,5.497255841139017,5.752030372619629,7590500,0.0,0.0
2022-02-28 00:00:00-05:00,5.810824445459361,5.830422486174493,5.575647956877776,5.6442413330078125,8347900,0.0,0.0
2022-03-01 00:00:00-05:00,5.693236177588829,6.437962656187701,5.693236177588829,6.359570026397705,19435800,0.0,0.0
2022-03-02 00:00:00-05:00,6.290977375325181,6.369369541069992,6.163589872362782,6.349771499633789,11803400,0.0,0.0
2022-03-03 00:00:00-05:00,6.418365044231416,6.614345463660425,6.310575579918374,6.526154041290283,11420800,0.0,0.0
2022-03-04 00:00:00-05:00,6.565349828295779,6.761330706116853,6.506555705125704,6.702536582946777,12568800,0.0,0.0
2022-03-07 00:00:00-05:00,6.692737375399559,6.967110419358133,6.535953045854178,6.810325622558594,14598700,0.0,0.0
2022-03-08 00:00:00-05:00,6.982938345505407,7.512543191123866,6.708328668044397,6.845633506774902,24323500,0.006,0.0
2022-03-09 00:00:00-05:00,6.521985855588878,6.845633194519837,6.394488277325797,6.7671732902526855,11859800,0.0,0.0
2022-03-10 00:00:00-05:00,6.767173685257452,7.051591088656483,6.718136008399159,6.97313117980957,13543900,0.0,0.0
2022-03-11 00:00:00-05:00,6.806403325636969,6.845633278250376,6.571023142298606,6.727943420410156,9300200,0.0,0.0
2022-03-14 00:00:00-04:00,6.5317929664054715,6.610252868950249,6.266990561487896,6.374873161315918,11442700,0.0,0.0
2022-03-15 00:00:00-04:00,6.129685797041873,6.678905588337875,6.090455845353437,6.571022987365723,9307800,0.0,0.0
2022-03-16 00:00:00-04:00,6.482757091522217,6.5317943068470665,6.217954632262417,6.482757091522217,12849300,0.0,0.0
2022-03-17 00:00:00-04:00,6.649484285145719,6.992746644089297,6.610253860331788,6.806404113769531,9485800,0.0,0.0
2022-03-18 00:00:00-04:00,6.678906271701918,6.7573661831065515,6.52198644889265,6.590638637542725,20236600,0.0,0.0
2022-03-21 00:00:00-04:00,6.551408105626662,6.84563321517412,6.551408105626662,6.698520660400391,6561100,0.0,0.0
2022-03-22 00:00:00-04:00,6.678905588337875,6.678905588337875,6.51217805983307,6.571022987365723,7545900,0.0,0.0
2022-03-23 00:00:00-04:00,6.5710233286124025,6.727943611173247,6.394488536846633,6.580831050872803,9397600,0.0,0.0
2022-03-24 00:00:00-04:00,6.639676010003341,6.9829383404079985,6.62986875535872,6.678905963897705,11294500,0.0,0.0
2022-03-25 00:00:00-04:00,6.600446478229211,6.659291412834084,6.502371587221088,6.649484157562256,5842500,0.0,0.0
2022-03-28 00:00:00-04:00,6.502371598886583,6.53179383241282,6.247376414150025,6.316029071807861,8086100,0.0,0.0
2022-03-29 00:00:00-04:00,6.080647905660654,6.463140622400514,6.011995726495471,6.453332901000977,10269300,0.0,0.0
2022-03-30 00:00:00-04:00,6.472948746738473,6.659291269471264,6.384681580560385,6.492563724517822,6688100,0.0,0.0
2022-03-31 00:00:00-04:00,6.472948020708148,6.659290522540058,6.423910815588954,6.443525791168213,6335000,0.0,0.0
2022-04-01 00:00:00-04:00,6.4141050947651275,6.6396776181199035,6.394490113067237,6.600447654724121,6126500,0.0,0.0
2022-04-04 00:00:00-04:00,6.60044560323653,6.698520481243287,6.472948027998791,6.610252857208252,5649600,0.0,0.0
2022-04-05 00:00:00-04:00,6.629868626343758,6.826018391998573,6.25718360394168,6.2866058349609375,8892500,0.0,0.0
2022-04-06 00:00:00-04:00,6.306221376927914,6.4435266928546975,6.129686572010871,6.247376441955566,7818600,0.0,0.0
2022-04-07 00:00:00-04:00,6.266991413726734,6.48275664272437,6.208146478815916,6.414103984832764,6468300,0.0,0.0
2022-04-08 00:00:00-04:00,6.521985567870817,6.71813531988553,6.443525667064932,6.620060443878174,7952800,0.0,0.0
2022-04-11 00:00:00-04:00,6.835827435098817,7.002555013359919,6.492565021556692,6.600447654724121,8708700,0.0,0.0
2022-04-12 00:00:00-04:00,6.757366010702138,7.071206115971457,6.698521078650006,6.8358259201049805,12688000,0.0,0.0
2022-04-13 00:00:00-04:00,6.894670691800626,7.1300503985691375,6.865247994625609,7.081012725830078,8630300,0.0,0.0
2022-04-14 00:00:00-04:00,7.090819993207865,7.110434967515386,6.89467025013266,7.012360095977783,6553100,0.0,0.0
2022-04-18 00:00:00-04:00,7.188896450833507,7.237934131250443,6.884864048159256,6.904479026794434,7266200,0.0,0.0
2022-04-19 00:00:00-04:00,6.80640312572323,6.83582535549015,6.669098295609145,6.7083282470703125,5749700,0.0,0.0
2022-04-20 00:00:00-04:00,6.698520857038459,6.757365787143786,6.551408297946176,6.718135833740234,5448300,0.0,0.0
2022-04-21 00:00:00-04:00,6.6690996167630505,6.6690996167630505,6.257184577162191,6.3846821784973145,9520000,0.0,0.0
2022-04-22 00:00:00-04:00,6.2473765177524205,6.374874112235036,5.9041141590867445,5.9433441162109375,11024600,0.0,0.0
2022-04-25 00:00:00-04:00,5.68834969967705,5.796231853719758,5.36470183457492,5.590274333953857,13371500,0.0,0.0
2022-04-26 00:00:00-04:00,5.609888487957819,5.619696210149934,5.237203930158202,5.247011184692383,9277700,0.0,0.0
2022-04-27 00:00:00-04:00,5.256818252931112,5.354893124361978,5.1195129652700215,5.158743381500244,6954900,0.0,0.0
2022-04-28 00:00:00-04:00,5.178358255606671,5.305855352171321,5.041052970601869,5.26662540435791,6881800,0.0,0.0
2022-04-29 00:00:00-04:00,5.296050399210772,5.394125311339883,5.080285124868658,5.109707832336426,10960900,0.0,0.0
2022-05-02 00:00:00-04:00,4.972401695519617,5.109706537712035,4.8939413180374265,5.099898815155029,9361300,0.0,0.0
2022-05-03 00:00:00-04:00,5.090092250608643,5.296049775659594,5.070477270492267,5.217589855194092,7018500,0.0,0.0
2022-05-04 00:00:00-04:00,5.1881660398450515,5.32547087124792,5.041053486655878,5.296048641204834,7993300,0.0,0.0
2022-05-05 00:00:00-04:00,5.345086540981556,5.345086540981556,4.815481654881504,4.982209205627441,9784600,0.0,0.0
2022-05-06 00:00:00-04:00,4.933171774661798,5.011631685027655,4.825289164079767,4.864519119262695,7730800,0.0,0.0
2022-05-09 00:00:00-04:00,4.727213445856107,4.727213445856107,4.432988366002546,4.452603340148926,10134900,0.0,0.0
2022-05-10 00:00:00-04:00,4.580100517944762,4.6389454353990915,4.1976083206627,4.276068210601807,10152600,0.0,0.0
2022-05-11 00:00:00-04:00,4.393759112415522,4.511448975901969,4.197609339938111,4.236839294433594,9592700,0.0,0.0
2022-05-12 00:00:00-04:00,4.099533755088983,4.256454031888554,3.9916516201330583,4.1191487312316895,13191500,0.0,0.0
2022-05-13 00:00:00-04:00,4.168186301213095,4.48202637930834,4.119148628253306,4.462411403656006,8913100,0.0,0.0
2022-05-16 00:00:00-04:00,4.482026315912416,4.521256266662196,4.33491376677179,4.43298864364624,7342600,0.0,0.0
2022-05-17 00:00:00-04:00,4.5506792649939705,4.638946902927809,4.482027073408079,4.58010196685791,5713100,0.0,0.0
2022-05-18 00:00:00-04:00,4.521256726292453,4.570293935885842,4.3251064849450485,4.334914207458496,5586500,0.0,0.0
2022-05-19 00:00:00-04:00,4.491834653002069,4.697792177935178,4.462412416673348,4.589909553527832,6899200,0.0,0.0
2022-05-20 00:00:00-04:00,4.6193310982996225,4.668368770085573,4.452603575416867,4.570293426513672,4589900,0.0,0.0
2022-05-23 00:00:00-04:00,4.6977916023182855,4.737021557721774,4.550679035726227,4.629138946533203,8377600,0.0,0.0
2022-05-24 00:00:00-04:00,4.6448509520530346,4.703770780851951,4.497551145929157,4.635030746459961,5923500,0.006,0.0
2022-05-25 00:00:00-04:00,4.556470533342622,4.674310647778453,4.536830592312172,4.654670238494873,3968400,0.0,0.0
2022-05-26 00:00:00-04:00,4.654669722649356,4.8019694981800605,4.64484998734895,4.782329559326172,5379400,0.0,0.0
2022-05-27 00:00:00-04:00,4.870711740260319,4.909991635887153,4.752872053379818,4.811791896820068,4574400,0.0,0.0
2022-05-31 00:00:00-04:00,4.811790701109884,4.90017021018167,4.595750860594017,4.635030746459961,7307900,0.0,0.0
2022-06-01 00:00:00-04:00,4.713590986445024,4.752870872310968,4.576110917661045,4.635030746459961,6026000,0.0,0.0
2022-06-02 00:00:00-04:00,4.733230793960189,5.086749756639501,4.713590851589116,5.057290077209473,7421200,0.0,0.0
2022-06-03 00:00:00-04:00,4.96891039665071,5.067110114321042,4.880530416620816,4.919810771942139,4711700,0.0,0.0
2022-06-06 00:00:00-04:00,5.057290207528908,5.076930150406075,4.762690596118224,4.801970481872559,5487800,0.0,0.0
2022-06-07 00:00:00-04:00,4.733231216152455,4.860890618824744,4.66449117759568,4.851070880889893,4070500,0.0,0.0
2022-06-08 00:00:00-04:00,4.792150974273682,4.860890543512231,4.733231142817841,4.792150974273682,4168200,0.0,0.0
2022-06-09 00:00:00-04:00,4.752870736439492,4.7626904734986715,4.52701116504043,4.536830902099609,5805300,0.0,0.0
2022-06-10 00:00:00-04:00,4.418991231772275,4.900170052248184,4.3797113471723295,4.870710372924805,9456000,0.0,0.0
2022-06-13 00:00:00-04:00,4.595750267734859,4.635030148533636,4.202951459747096,4.222591400146484,10273900,0.0,0.0
2022-06-14 00:00:00-04:00,4.291331181408514,4.291331181408514,4.124391445173556,4.212771415710449,5824600,0.0,0.0
2022-06-15 00:00:00-04:00,4.369891422054055,4.4779113457557544,4.222592079487327,4.379711627960205,8313500,0.0,0.0
2022-06-16 00:00:00-04:00,4.291331074381999,4.546650774786135,4.212771310643227,4.468091011047363,9977700,0.0,0.0
2022-06-17 00:00:00-04:00,4.418990626696677,4.458270505918177,4.271690845489502,4.271690845489502,12951900,0.0,0.0
2022-06-21 00:00:00-04:00,4.252051020281929,4.497550506148119,4.242231284338898,4.350250720977783,6021100,0.0,0.0
2022-06-22 00:00:00-04:00,4.261872886625929,4.350252417594022,4.114573044008051,4.153852939605713,5536100,0.0,0.0
2022-06-23 00:00:00-04:00,4.144031387440394,4.242231562836075,3.986911856012326,4.045831680297852,6747000,0.0,0.0
2022-06-24 00:00:00-04:00,4.0851113490976525,4.271691017018397,3.996731851426963,4.222591400146484,12592100,0.0,0.0
2022-06-27 00:00:00-04:00,4.301151303460342,4.330610980903518,4.173491452531566,4.320791244506836,4838700,0.0,0.0
2022-06-28 00:00:00-04:00,4.3306112364011575,4.379711326040767,4.134211814349034,4.163671493530273,3995400,0.0,0.0
2022-06-29 00:00:00-04:00,4.232411357995251,4.252051299423759,3.967271914583818,4.045831680297852,4868200,0.0,0.0
2022-06-30 00:00:00-04:00,3.9672726146155166,4.01637271097715,3.8199730279104522,3.849432945251465,6389300,0.0,0.0
2022-07-01 00:00:00-04:00,3.741412441223286,4.0261918327000314,3.7021325574508483,3.937812328338623,8172700,0.0,0.0
2022-07-05 00:00:00-04:00,3.7708722734701747,3.7708722734701747,3.417353092946265,3.5450127124786377,15525900,0.0,0.0
2022-07-06 00:00:00-04:00,3.5646528880717265,3.6039327710047644,3.3780732100132274,3.5450127124786377,8786000,0.0,0.0
2022-07-07 00:00:00-04:00,3.554832412236768,3.8101521000923335,3.535192472267348,3.682492256164551,8514200,0.0,0.0
2022-07-08 00:00:00-04:00,3.6923125684883993,3.721772481173956,3.545012770934041,3.5842928886413574,5516100,0.0,0.0
2022-07-11 00:00:00-04:00,3.5351931162422066,3.613753124557021,3.456633342053987,3.4664533138275146,6089700,0.0,0.0
2022-07-12 00:00:00-04:00,3.436992745299798,3.711952136828596,3.427172775392575,3.6628522872924805,10336800,0.0,0.0
2022-07-13 00:00:00-04:00,3.6137533723967508,3.9279927248274995,3.5842934550557377,3.849432945251465,9154700,0.0,0.0
2022-07-14 00:00:00-04:00,3.5646527655918216,3.6530324991544676,3.4075330051316666,3.623572587966919,10048600,0.0,0.0
2022-07-15 00:00:00-04:00,3.692312730547586,3.7217726445261667,3.525372983875709,3.7021327018737793,6018800,0.0,0.0
2022-07-18 00:00:00-04:00,3.78069236571779,3.9181721945286996,3.770872394668909,3.8003323078155518,5223300,0.0,0.0
2022-07-19 00:00:00-04:00,3.849432845795065,3.986912456501114,3.780692806315435,3.9574527740478516,7403000,0.0,0.0
2022-07-20 00:00:00-04:00,3.977092821189132,4.075292545659175,3.8297930003574563,3.849432945251465,5892500,0.0,0.0
2022-07-21 00:00:00-04:00,3.8494329332317716,3.9279927125625065,3.7610529473580847,3.8396129608154297,6247200,0.0,0.0
2022-07-22 00:00:00-04:00,3.9083526505498596,4.036012522261425,3.731592918228694,3.751232862472534,6602500,0.0,0.0
2022-07-25 00:00:00-04:00,3.790513489368598,4.016373360424445,3.721773671124344,3.9869132041931152,11591100,0.0,0.0
2022-07-26 00:00:00-04:00,3.957452492513255,4.065471944828289,3.8690725149344303,3.927992343902588,4612200,0.0,0.0
2022-07-27 00:00:00-04:00,3.93781223576722,4.212771415710449,3.927992030928392,4.212771415710449,7580000,0.0,0.0
2022-07-28 00:00:00-04:00,4.389531513796445,4.48773170316026,4.193132071575229,4.310971736907959,9524600,0.0,0.0
2022-07-29 00:00:00-04:00,4.379711015209009,4.50737086460934,4.242231429529563,4.448451042175293,7164100,0.0,0.0
2022-08-01 00:00:00-04:00,4.468091883834883,4.487731828606001,4.310971857412722,4.4091715812683105,5510500,0.0,0.0
2022-08-02 00:00:00-04:00,4.418991489423398,4.497551263203748,4.3306115097939095,4.360071659088135,4529700,0.0,0.0
2022-08-03 00:00:00-04:00,4.418991689409241,4.418991689409241,4.232411984110466,4.330611705780029,4689300,0.0,0.0
2022-08-04 00:00:00-04:00,4.39935100509902,4.782330089319364,4.281511358916319,4.654670238494873,6743800,0.0,0.0
2022-08-05 00:00:00-04:00,4.566291332244873,4.576111069911481,4.409171315300428,4.566291332244873,5599900,0.0,0.0
2022-08-08 00:00:00-04:00,4.635031125973147,4.703771165993524,4.546651609664907,4.556471347808838,7251300,0.0,0.0
2022-08-09 00:00:00-04:00,4.585931933437958,4.625211826243371,4.418992154888322,4.5171918869018555,4593400,0.0,0.0
2022-08-10 00:00:00-04:00,4.605571879840665,4.615391618915389,4.418992154888322,4.5171918869018555,6352800,0.0,0.0
2022-08-11 00:00:00-04:00,4.566290913469796,4.664490622395923,4.418991115954032,4.438631057739258,5412800,0.0,0.0
2022-08-12 00:00:00-04:00,4.497551017356569,4.57611078684265,4.418991247870489,4.536830902099609,4661300,0.0,0.0
2022-08-15 00:00:00-04:00,4.4288110077676155,4.438630743839202,4.281511220668895,4.389530658721924,4058700,0.0,0.0
2022-08-16 00:00:00-04:00,4.389530995818826,4.477910968515879,4.330611170105175,4.458271026611328,3951800,0.0,0.0
2022-08-17 00:00:00-04:00,4.37971009354078,4.389529827753423,4.114570714257057,4.173490524291992,5832800,0.0,0.0
2022-08-18 00:00:00-04:00,4.199059324237014,4.267896531456186,4.149889823521162,4.238394737243652,3368500,0.006,0.0
2022-08-19 00:00:00-04:00,4.179393131600372,4.179393131600372,3.9925496176825215,4.002383708953857,5501100,0.0,0.0
2022-08-22 00:00:00-04:00,3.933545705312522,4.012216544392342,3.884376430887634,3.963047504425049,4647700,0.0,0.0
2022-08-23 00:00:00-04:00,3.9925483395408654,4.21872720830645,3.9827147203328646,4.081053256988525,4690100,0.0,0.0
2022-08-24 00:00:00-04:00,4.061385729950699,4.228561484144164,4.002382605338031,4.208893775939941,3947100,0.0,0.0
2022-08-25 00:00:00-04:00,4.258062282340352,4.297397693855937,4.189225546645625,4.2777299880981445,3388400,0.0,0.0
2022-08-26 00:00:00-04:00,4.287563956184785,4.3268993666063365,3.963046585749449,4.012215614318848,6177000,0.0,0.0
2022-08-29 00:00:00-04:00,3.9728803272283475,4.110554267977621,3.9138772097643737,3.9827144145965576,5012200,0.0,0.0
2022-08-30 00:00:00-04:00,3.9827150243781837,4.012216353169484,3.8253731192598885,3.89421010017395,5209400,0.0,0.0
2022-08-31 00:00:00-04:00,3.854874765490738,3.953213311770568,3.805705257893235,3.874542474746704,4612200,0.0,0.0
2022-09-01 00:00:00-04:00,3.7565353347425114,3.7762030405952824,3.618861393773113,3.6876983642578125,6580000,0.0,0.0
2022-09-02 00:00:00-04:00,3.815539039384623,3.933545285407206,3.746701828080547,3.8352067470550537,5334700,0.0,0.0
2022-09-06 00:00:00-04:00,3.8745422091734443,3.9728807487128424,3.756535727268594,3.766369581222534,4989800,0.0,0.0
2022-09-07 00:00:00-04:00,3.7565360393051503,3.9728810787200928,3.687699055909629,3.9728810787200928,7906100,0.0,0.0
2022-09-08 00:00:00-04:00,3.933545313796884,3.9925484372340203,3.825372920828801,3.9433794021606445,6360300,0.0,0.0
2022-09-09 00:00:00-04:00,4.012215500190133,4.120388110229935,3.8647077153052214,4.100720405578613,8942500,0.0,0.0
2022-09-12 00:00:00-04:00,4.2678966134772045,4.385902854764978,4.140056284291224,4.218727111816406,10965600,0.0,0.0
2022-09-13 00:00:00-04:00,4.0417183109524375,4.100721439787086,3.904044109214001,3.9138779640197754,9080700,0.0,0.0
2022-09-14 00:00:00-04:00,3.9728810078282777,4.002382806071807,3.8942101710657653,3.9335455894470215,5030300,0.0,0.0
2022-09-15 00:00:00-04:00,3.9040437283987894,3.972880705324592,3.7467018323965275,3.7762033939361572,7232000,0.0,0.0
2022-09-16 00:00:00-04:00,3.776203416840283,3.963047109973023,3.7073664394969574,3.9433794021606445,18132800,0.0,0.0
2022-09-19 00:00:00-04:00,3.8253735340474275,4.0712199211120605,3.8253735340474275,4.0712199211120605,10082200,0.0,0.0
2022-09-20 00:00:00-04:00,4.012216353169484,4.012216353169484,3.835206973676183,3.89421010017395,6976400,0.0,0.0
2022-09-21 00:00:00-04:00,4.012216145046399,4.120388772472054,3.8942098981721265,3.9433794021606445,7628300,0.0,0.0
2022-09-22 00:00:00-04:00,4.022050601340888,4.081053730175536,3.854874835185128,3.9138779640197754,7166700,0.0,0.0
2022-09-23 00:00:00-04:00,3.78603715245226,3.78603715245226,3.4910213100267375,3.569692373275757,10122300,0.0,0.0
2022-09-26 00:00:00-04:00,3.540190832630737,3.609028047231574,3.3533476008133274,3.451686143875122,8841100,0.0,0.0
2022-09-27 00:00:00-04:00,3.550024449114501,3.589360098161635,3.373015083461441,3.3926827907562256,6818300,0.0,0.0
2022-09-28 00:00:00-04:00,3.491021551636061,3.736868143081665,3.4713538430770194,3.736868143081665,9091100,0.0,0.0
2022-09-29 00:00:00-04:00,3.658197799137888,3.7958717775030273,3.579526954357808,3.7860379219055176,6632400,0.0,0.0
2022-09-30 00:00:00-04:00,3.766369839381303,4.002382819368071,3.727034420869371,3.874542474746704,8937300,0.0,0.0
2022-10-03 00:00:00-04:00,4.051551368867834,4.238394818697701,4.012215955105243,4.218727111816406,10119500,0.0,0.0
2022-10-04 00:00:00-04:00,4.326899641412005,4.4252381737114606,4.179391608505268,4.356400966644287,11508400,0.0,0.0
2022-10-05 00:00:00-04:00,4.228560998770065,4.326899528503418,4.140056087552498,4.326899528503418,6653800,0.0,0.0
2022-10-06 00:00:00-04:00,4.297397886085421,4.503909040237362,4.2580624728103,4.4055705070495605,5381700,0.0,0.0
2022-10-07 00:00:00-04:00,4.287564693476926,4.3564014390943075,4.140056644572999,4.189226150512695,7936600,0.0,0.0
2022-10-10 00:00:00-04:00,4.179391979176033,4.28756460875683,4.031883933186789,4.208893775939941,7344400,0.0,0.0
2022-10-11 00:00:00-04:00,4.287564671421655,4.464574047846733,4.208893837454953,4.30723237991333,9722700,0.0,0.0
2022-10-12 00:00:00-04:00,4.287564604738135,4.494075775146484,4.1990596834445135,4.494075775146484,8424000,0.0,0.0
2022-10-13 00:00:00-04:00,4.248228853949077,4.435072301463458,4.1400562329849375,4.4055705070495605,10302900,0.0,0.0
2022-10-14 00:00:00-04:00,4.336732861394472,4.385902357480309,4.090886318795419,4.100720405578613,7442300,0.0,0.0
2022-10-17 00:00:00-04:00,4.277730582718238,4.376069125176615,4.2482292544383045,4.30723237991333,8950700,0.0,0.0
2022-10-18 00:00:00-04:00,4.395736217498779,4.464573422028011,4.297397688824943,4.395736217498779,7694400,0.0,0.0
2022-10-19 00:00:00-04:00,4.3662350639727805,4.376068682766884,4.189225705442911,4.238394737243652,7751500,0.0,0.0
2022-10-20 00:00:00-04:00,4.277730993836488,4.48424218730375,4.228561952339408,4.37606954574585,5753100,0.0,0.0
2022-10-21 00:00:00-04:00,4.415404067132136,4.739921925704515,4.336733241629174,4.71042013168335,9175200,0.0,0.0
2022-10-24 00:00:00-04:00,4.651417987450769,4.671085697948681,4.474408592969556,4.592414855957031,7162000,0.0,0.0
2022-10-25 00:00:00-04:00,4.582581454376112,4.730089539718041,4.572747832108131,4.651418685913086,7105000,0.0,0.0
2022-10-26 00:00:00-04:00,4.720253900188899,4.985768152767333,4.720253900188899,4.789090633392334,9731200,0.0,0.0
2022-10-27 00:00:00-04:00,4.808759321122029,4.848094739252319,4.631749939535726,4.671085357666016,8744000,0.0,0.0
2022-10-28 00:00:00-04:00,4.6317502769528565,4.6317502769528565,4.435073171973731,4.592414855957031,5891900,0.0,0.0
2022-10-31 00:00:00-04:00,4.494075775146484,4.62191564389653,4.4252385620386505,4.494075775146484,7889100,0.0,0.0
2022-11-01 00:00:00-04:00,4.72025439634904,4.798925224802336,4.553078651428223,4.553078651428223,7875300,0.0,0.0
2022-11-02 00:00:00-04:00,4.562912345798747,4.680919059340498,4.228561319356664,4.248229026794434,13383000,0.0,0.0
2022-11-03 00:00:00-04:00,4.159723720467695,4.326899452536872,4.130221927608098,4.228560924530029,7183100,0.0,0.0
2022-11-04 00:00:00-04:00,4.4547398412256785,4.730087723836944,4.444905753817728,4.6809186935424805,12921400,0.0,0.0
2022-11-07 00:00:00-05:00,4.74975554443483,4.8185927512074755,4.641582924910704,4.71042013168335,7128500,0.0,0.0
2022-11-08 00:00:00-05:00,4.7399226064932245,5.03493824450203,4.651417680632995,4.887430191040039,13270500,0.0,0.0
2022-11-09 00:00:00-05:00,4.76942356343197,4.828426686426669,4.395736648883739,4.464573860168457,11380200,0.0,0.0
2022-11-10 00:00:00-05:00,4.749755684000902,4.926765515498902,4.543244526529982,4.907097339630127,9347400,0.0,0.0
2022-11-11 00:00:00-05:00,4.897264651117577,4.926766451611119,4.730088875789664,4.857929229736328,9057800,0.0,0.0
2022-11-14 00:00:00-05:00,4.789091572713819,5.123443092989707,4.779257952719617,5.074273586273193,9593200,0.0,0.0
2022-11-15 00:00:00-05:00,5.123442663980914,5.172612166580244,4.956266917841343,5.005436420440674,8548600,0.0,0.0
2022-11-16 00:00:00-05:00,5.005436343313515,5.005436343313515,4.857928306703554,4.907097339630127,5517700,0.0,0.0
2022-11-17 00:00:00-05:00,4.808758338438326,4.808758338438326,4.661250316135846,4.789090633392334,6889800,0.0,0.0
2022-11-18 00:00:00-05:00,4.8775962597247515,4.887429879240109,4.749755923619088,4.848094463348389,5105100,0.0,0.0
2022-11-21 00:00:00-05:00,4.76942393662328,4.789091645827112,4.582580464729294,4.720254898071289,5189400,0.0,0.0
2022-11-22 00:00:00-05:00,4.789091761712587,5.113609205886001,4.769424052032841,5.084107875823975,11334500,0.0,0.0
2022-11-23 00:00:00-05:00,5.058518010654209,5.147091435684034,4.979786285862408,5.127408504486084,5730100,0.004,0.0
2022-11-25 00:00:00-05:00,5.127411209358576,5.137252445510068,5.048679443033264,5.097886562347412,3052900,0.0,0.0
2022-11-28 00:00:00-05:00,5.048677666190571,5.0782018335325905,4.753433177101298,4.773116111755371,6817300,0.0,0.0
2022-11-29 00:00:00-05:00,4.822324228515216,5.038836534201182,4.822324228515216,4.9305806159973145,5865200,0.0,0.0
2022-11-30 00:00:00-05:00,5.0486775955354295,5.373446247421655,4.999470024949807,5.363604545593262,19913300,0.0,0.0
2022-12-01 00:00:00-05:00,5.540752573624374,5.727740723648164,5.324239781269134,5.481703758239746,11995500,0.0,0.0
2022-12-02 00:00:00-05:00,5.363604585462204,5.678532007139138,5.314397483788985,5.629324436187744,10048900,0.0,0.0
2022-12-05 00:00:00-05:00,5.560435354539228,5.580118292443084,5.245507878799278,5.2750325202941895,8216500,0.0,0.0
2022-12-06 00:00:00-05:00,5.343922403618704,5.5112276052842555,5.215983545825848,5.245507717132568,6065900,0.0,0.0
2022-12-07 00:00:00-05:00,5.304556833794656,5.639167256350618,5.304556833794656,5.570276737213135,12274100,0.0,0.0
2022-12-08 00:00:00-05:00,5.668691852368625,5.747423605438479,5.462020765921128,5.501386642456055,8738000,0.0,0.0
2022-12-09 00:00:00-05:00,5.540751661230561,5.757263948654521,5.452178218099845,5.462019920349121,8021700,0.0,0.0
2022-12-12 00:00:00-05:00,5.373447362062127,5.511227931292925,5.3045568428075915,5.481703758239746,8827000,0.0,0.0
2022-12-13 00:00:00-05:00,5.757264886919215,5.806472467628598,5.471862045072637,5.570276737213135,10683200,0.0,0.0
2022-12-14 00:00:00-05:00,5.550592459898105,5.589958327258661,5.334080189415047,5.442336559295654,13947100,0.0,0.0
2022-12-15 00:00:00-05:00,5.2947152450442685,5.3439223531838085,5.147092982069174,5.176617622375488,10164800,0.0,0.0
2022-12-16 00:00:00-05:00,5.127409472223934,5.304555886439776,5.03883603047692,5.215982913970947,20939500,0.0,0.0
2022-12-19 00:00:00-05:00,5.245507663327602,5.2848735375182665,5.058519526282824,5.088044166564941,7110900,0.0,0.0
2022-12-20 00:00:00-05:00,5.2455080274229635,5.560435512085917,5.215983854369784,5.481703758239746,9824000,0.0,0.0
2022-12-21 00:00:00-05:00,5.530909587952709,5.639165959041652,5.491543720152759,5.511226654052734,7327900,0.0,0.0
2022-12-22 00:00:00-05:00,5.422653717317176,5.44233665133031,5.196299741527058,5.402970314025879,7499900,0.0,0.0
2022-12-23 00:00:00-05:00,5.402971958840928,5.442338308129572,5.245508438799582,5.412813663482666,5552300,0.0,0.0
2022-12-27 00:00:00-05:00,5.462021333072515,5.658850736185017,5.402972042860451,5.550594329833984,6492000,0.0,0.0
2022-12-28 00:00:00-05:00,5.462019300508543,5.491543465349527,5.2750312024958,5.324238300323486,5754300,0.0,0.0
2022-12-29 00:00:00-05:00,5.41281198455286,5.530909587952709,5.41281198455286,5.511226654052734,9833800,0.0,0.0
2022-12-30 00:00:00-05:00,5.481703065082706,5.57027604232053,5.402970851913892,5.471861362457275,5777500,0.0,0.0
2023-01-03 00:00:00-05:00,5.619484317922518,5.835996640631613,5.462020810497721,5.570276737213135,10789800,0.0,0.0
2023-01-04 00:00:00-05:00,5.7375823176827,5.747424022169161,5.580118800125726,5.698216438293457,9100200,0.0,0.0
2023-01-05 00:00:00-05:00,5.540751357365152,5.609641392219255,5.442336686660601,5.580117225646973,7387900,0.0,0.0
2023-01-06 00:00:00-05:00,5.698215856116611,5.875362295269463,5.550593588850109,5.826155185699463,8266600,0.0,0.0
2023-01-09 00:00:00-05:00,5.904886722564697,6.11155779539672,5.835996208527945,5.904886722564697,13219600,0.0,0.0
2023-01-10 00:00:00-05:00,5.934410794538512,6.07219134014358,5.806471481837568,6.032825469970703,7151100,0.0,0.0
2023-01-11 00:00:00-05:00,6.032825543121813,6.082032646795476,5.6883739402933955,5.7277398109436035,15269200,0.0,0.0
2023-01-12 00:00:00-05:00,5.904886297063648,6.003300974825736,5.727739877091891,5.8852033615112305,8603200,0.0,0.0
2023-01-13 00:00:00-05:00,5.816313830489731,6.150924260425953,5.8064725956977545,6.131241321563721,8990200,0.0,0.0
2023-01-17 00:00:00-05:00,6.022984720635735,6.05250936257534,5.885204153233525,5.944252967834473,9072700,0.0,0.0
2023-01-18 00:00:00-05:00,6.052508601318542,6.2198137896174766,5.865520477294922,5.865520477294922,9022400,0.0,0.0
2023-01-19 00:00:00-05:00,5.8458374553008685,6.121398551379909,5.835995752944661,6.082032680511475,10505400,0.0,0.0
2023-01-20 00:00:00-05:00,6.082032956463744,6.190289340902814,5.963935338500149,6.160765171051025,8108700,0.0,0.0
2023-01-23 00:00:00-05:00,6.013143632152733,6.259180600268724,5.973777754796437,6.239497661590576,10001500,0.0,0.0
2023-01-24 00:00:00-05:00,6.200130785608833,6.308386696263248,6.042666832267338,6.259179592132568,9889900,0.0,0.0
2023-01-25 00:00:00-05:00,6.111557553034667,6.367435723507262,6.091874616844468,6.3575944900512695,8124100,0.0,0.0
2023-01-26 00:00:00-05:00,6.357594481618241,6.377277417782332,6.160765119977329,6.269021034240723,6854800,0.0,0.0
2023-01-27 00:00:00-05:00,6.190290347127788,6.239497930583701,6.101716884618463,6.141082763671875,8267400,0.0,0.0
2023-01-30 00:00:00-05:00,6.101717163872911,6.17060769000841,6.042668342590332,6.042668342590332,5646000,0.0,0.0
2023-01-31 00:00:00-05:00,6.013142434133375,6.131240042673266,5.954093629863429,6.07219123840332,5593600,0.0,0.0
2023-02-01 00:00:00-05:00,6.042667032859967,6.259179799912564,5.9245694158921225,6.180448055267334,7601600,0.0,0.0
2023-02-02 00:00:00-05:00,6.249338735371094,6.298546315438514,6.013143477315302,6.121399402618408,7845800,0.0,0.0
2023-02-03 00:00:00-05:00,5.9639356949375255,6.013143273335713,5.796630491517584,5.8458380699157715,10008800,0.0,0.0
2023-02-06 00:00:00-05:00,5.806471230657445,5.826154164892426,5.698214857725965,5.757263660430908,7287700,0.0,0.0
2023-02-07 00:00:00-05:00,5.776947237280739,6.013142943652569,5.757264300856272,5.875361919403076,7110700,0.0,0.0
2023-02-08 00:00:00-05:00,5.875361368633039,5.895044303212382,5.717897891998291,5.717897891998291,7062600,0.0,0.0
2023-02-09 00:00:00-05:00,5.8064714207046,5.845837290463016,5.560434500075407,5.589958667755127,7554000,0.0,0.0
2023-02-10 00:00:00-05:00,5.5899585671378995,5.688373709040687,5.540751465464681,5.629324436187744,5013700,0.0,0.0
2023-02-13 00:00:00-05:00,5.5604354572584445,5.580118395525909,5.422654889386202,5.501386642456055,8000800,0.0,0.0
2023-02-14 00:00:00-05:00,5.521068472795395,5.599800210065933,5.383287463293784,5.560434341430664,7169800,0.0,0.0
2023-02-15 00:00:00-05:00,5.314396553041617,5.383286577174567,4.940420393286971,5.038835048675537,15240600,0.0,0.0
2023-02-16 00:00:00-05:00,5.009311936156992,5.088043676962273,4.8912138556708795,4.999470233917236,11644700,0.0,0.0
2023-02-17 00:00:00-05:00,4.920738966615497,5.107727103660274,4.851848452142714,5.088044166564941,10103900,0.0,0.0
2023-02-21 00:00:00-05:00,5.058519310907673,5.097885183422269,4.9502633961316445,4.98962926864624,7108900,0.0,0.0
2023-02-22 00:00:00-05:00,4.940421744633956,5.097885236326442,4.920738808172395,5.05851936340332,10347800,0.0,0.0
2023-02-23 00:00:00-05:00,5.048678450152069,5.097885559789068,4.842007369553219,4.940422058105469,9493600,0.0,0.0
2023-02-24 00:00:00-05:00,4.822325006289497,4.9108980018984205,4.78295912617924,4.90105676651001,10728300,0.0,0.0
2023-02-27 00:00:00-05:00,4.9305804598743475,5.058519310907673,4.8912141180815345,4.98962926864624,7515200,0.0,0.0
2023-02-28 00:00:00-05:00,5.019153232250139,5.147092547307054,4.950263192818106,5.068360805511475,8828900,0.0,0.0
2023-03-01 00:00:00-05:00,5.1667754479305845,5.324238930460399,5.107726641981904,5.265190124511719,14510400,0.0,0.0
2023-03-02 00:00:00-05:00,5.225824940895422,5.324239630414701,5.1864590650877105,5.2750325202941895,6464600,0.0,0.0
2023-03-03 00:00:00-05:00,5.343922562093888,5.462020658657718,5.314398389911623,5.452178955078125,8428800,0.0,0.0
2023-03-06 00:00:00-05:00,5.432494938896773,5.481702508470971,5.284872699452339,5.31439733505249,5144300,0.0,0.0
2023-03-07 00:00:00-05:00,5.2455072245515275,5.265190160000422,5.019153232250139,5.068360805511475,7293600,0.0,0.0
2023-03-08 00:00:00-05:00,5.113684061141859,5.1629485577124585,4.9855955243723304,5.054566383361816,5481200,0.006,0.0
2023-03-09 00:00:00-05:00,5.093978168548512,5.19250763151525,5.015154598175122,5.054566383361816,6121800,0.0,0.0
2023-03-10 00:00:00-05:00,5.172802463246646,5.241773331893819,5.034861195777905,5.0939788818359375,7725200,0.0,0.0
2023-03-13 00:00:00-04:00,5.330449104309082,5.478243539900439,5.281184605662335,5.330449104309082,17735900,0.0,0.0
2023-03-14 00:00:00-04:00,5.350154925121291,5.557067038175896,5.310743138808562,5.537361145019531,9584200,0.0,0.0
2023-03-15 00:00:00-04:00,5.685156095595493,5.69500927798247,5.340302699086439,5.379714488983154,9594200,0.0,0.0
2023-03-16 00:00:00-04:00,5.3501546392791015,5.369860531382641,5.241772467622396,5.3107428550720215,6828400,0.0,0.0
2023-03-17 00:00:00-04:00,5.4092734883882345,5.596479738873296,5.310744006508105,5.507803440093994,21595000,0.0,0.0
2023-03-20 00:00:00-04:00,5.5275091146468025,5.783685757254573,5.497950036356178,5.734421253204346,11458300,0.0,0.0
2023-03-21 00:00:00-04:00,5.665449685448678,5.665449685448678,5.438831679237708,5.537361145019531,9362400,0.0,0.0
2023-03-22 00:00:00-04:00,5.5176557142546505,5.803391423879984,5.497949819446889,5.616185188293457,9045800,0.0,0.0
2023-03-23 00:00:00-04:00,5.675303792982371,5.872362756700246,5.6260388171400875,5.773833274841309,7569600,0.0,0.0
2023-03-24 00:00:00-04:00,5.823097229003906,5.892068094681619,5.734420938647516,5.823097229003906,6781400,0.0,0.0
2023-03-27 00:00:00-04:00,5.695009206823845,5.852656364440918,5.665450129857849,5.852656364440918,6627900,0.0,0.0
2023-03-28 00:00:00-04:00,5.852655870447753,6.14824426603064,5.8033909029378306,6.0891265869140625,10604100,0.0,0.0
2023-03-29 00:00:00-04:00,6.049714921083616,6.1778034632949295,6.010303134222529,6.06942081451416,7059500,0.0,0.0
2023-03-30 00:00:00-04:00,6.1876562186449116,6.266479786936798,6.12853807260047,6.256626605987549,7308800,0.0,0.0
2023-03-31 00:00:00-04:00,6.256628161069985,6.335451748953443,6.177804573186528,6.236922264099121,8186900,0.0,0.0
2023-04-03 00:00:00-04:00,6.227069303340164,6.3650105766605725,6.187657510962904,6.276333808898926,7405000,0.0,0.0
2023-04-04 00:00:00-04:00,6.2763340024574585,6.502952050528285,6.177804518475717,6.473393440246582,10374400,0.0,0.0
2023-04-05 00:00:00-04:00,6.542363445079928,6.552216627789943,6.2861868023524865,6.345304489135742,9842200,0.0,0.0
2023-04-06 00:00:00-04:00,6.256626722702681,6.325597581157471,6.177803152940369,6.315744400024414,6605900,0.0,0.0
2023-04-10 00:00:00-04:00,6.256626722702681,6.374862077346148,6.217214937821525,6.315744400024414,8627400,0.0,0.0
2023-04-11 00:00:00-04:00,6.404421795081766,6.59162802700938,6.36501000623654,6.483245372772217,7535800,0.0,0.0
2023-04-12 00:00:00-04:00,6.611333551504699,6.650745338144697,6.404421436731931,6.542362689971924,7625500,0.0,0.0
2023-04-13 00:00:00-04:00,6.700010694861815,6.897069639488393,6.670451618255036,6.828098773956299,13533300,0.0,0.0
2023-04-14 00:00:00-04:00,6.640892588201623,6.709863454217211,6.443833642193641,6.5128045082092285,9285300,0.0,0.0
2023-04-17 00:00:00-04:00,6.463539671992225,6.502951462018197,6.355157014508003,6.414275169372559,6660500,0.0,0.0
2023-04-18 00:00:00-04:00,6.453686532903393,6.562068713399527,6.365009776292405,6.443833351135254,5941300,0.0,0.0
2023-04-19 00:00:00-04:00,6.30589175854055,6.384715329175657,6.167950509929114,6.187656402587891,9298200,0.0,0.0
2023-04-20 00:00:00-04:00,6.227069873256717,6.31574617930861,6.098981301394833,6.148245811462402,7023400,0.0,0.0
2023-04-21 00:00:00-04:00,6.089126776383724,6.1482444573398105,5.951185520819521,6.020156383514404,6212400,0.0,0.0
2023-04-24 00:00:00-04:00,6.02015602329536,6.0891264120378015,5.9708910572003,6.079273700714111,4303500,0.0,0.0
2023-04-25 00:00:00-04:00,6.010303074644661,6.1285384340559,5.862508640467834,6.118685722351074,5921200,0.0,0.0
2023-04-26 00:00:00-04:00,6.187656344227923,6.197509055551613,6.0300087346190505,6.079273700714111,5036000,0.0,0.0
2023-04-27 00:00:00-04:00,6.049715345244755,6.098980317187989,5.961039053502765,6.039862632751465,5132000,0.0,0.0
2023-04-28 00:00:00-04:00,6.01030404931616,6.079274921736943,5.941333646721008,5.9610395431518555,10574500,0.0,0.0
2023-05-01 00:00:00-04:00,6.118685558134075,6.187656417518994,5.78368491230096,5.7935380935668945,6511100,0.0,0.0
2023-05-02 00:00:00-04:00,5.773832716327082,5.931479872051862,5.685155956319101,5.901920795440674,8382600,0.0,0.0
2023-05-03 00:00:00-04:00,5.862508773803711,5.961038712046246,5.773832487141221,5.862508773803711,7677200,0.0,0.0
2023-05-04 00:00:00-04:00,5.86250934881268,6.207363226834518,5.86250934881268,6.00045108795166,8935200,0.0,0.0
2023-05-05 00:00:00-04:00,5.8428030396964346,6.079274240181126,5.74427356858847,6.0300092697143555,6836700,0.0,0.0
2023-05-08 00:00:00-04:00,6.0300090276530725,6.118685783003299,5.990597240791986,6.06942081451416,5295400,0.0,0.0
2023-05-09 00:00:00-04:00,6.0004511940942,6.11868656988285,5.9708921152342285,6.059568881988525,4766900,0.0,0.0
2023-05-10 00:00:00-04:00,6.118685239950071,6.118685239950071,5.616184297331462,5.72456693649292,7616700,0.0,0.0
2023-05-11 00:00:00-04:00,5.557068057401834,5.596479850943109,5.231920525773494,5.300891399383545,10897600,0.0,0.0
2023-05-12 00:00:00-04:00,5.281185092482728,5.320596882963333,5.182655616281214,5.251626014709473,7673500,0.0,0.0
2023-05-15 00:00:00-04:00,5.241773302002122,5.340302778203635,5.23192011946917,5.251626014709473,4733800,0.0,0.0
2023-05-16 00:00:00-04:00,5.202361583709717,5.251626087581268,5.1038316363153955,5.202361583709717,6021900,0.0,0.0
2023-05-17 00:00:00-04:00,5.2122150194917065,5.360009491256778,5.162950038961458,5.350156307220459,5554900,0.0,0.0
2023-05-18 00:00:00-04:00,5.222067479223459,5.261479270250944,5.14324342734288,5.202361583709717,6317400,0.0,0.0
2023-05-19 00:00:00-04:00,5.2576003074646,5.3562418716050075,5.2082797605744355,5.2576003074646,5640200,0.006,0.0
2023-05-22 00:00:00-04:00,5.267465069553214,5.39569887677521,5.257600677265308,5.346378326416016,6243800,0.0,0.0
2023-05-23 00:00:00-04:00,5.277328424562022,5.4746120158858735,5.277328424562022,5.435155391693115,6051900,0.0,0.0
2023-05-24 00:00:00-04:00,5.454883748066623,5.464747669014846,5.149094202550571,5.208279609680176,8015500,0.0,0.0
2023-05-25 00:00:00-04:00,5.178687005470948,5.208279709603501,5.099773754930908,5.119502067565918,5632100,0.0,0.0
2023-05-26 00:00:00-04:00,5.247736166316804,5.247736166316804,5.12936582394871,5.218143463134766,5352500,0.0,0.0
2023-05-30 00:00:00-04:00,5.228007854315465,5.336513335142799,5.158958527130749,5.218143463134766,6049600,0.0,0.0
2023-05-31 00:00:00-04:00,5.2576003074646,5.3069213247148435,5.178687056152273,5.2576003074646,7233400,0.0,0.0
2023-06-01 00:00:00-04:00,5.267464503693863,5.5436608730431685,5.267464503693863,5.435155391693115,5812000,0.0,0.0
2023-06-02 00:00:00-04:00,5.543660578146347,5.602845511287121,5.336513076973615,5.405562400817871,5914900,0.0,0.0
2023-06-05 00:00:00-04:00,5.366106484723261,5.366106484723261,5.247736602868213,5.297057151794434,3602600,0.0,0.0
2023-06-06 00:00:00-04:00,5.277328991481008,5.366106640631716,5.247736755337514,5.346378326416016,4806600,0.0,0.0
2023-06-07 00:00:00-04:00,5.375969664288543,5.602845475040465,5.32664912217032,5.336513042449951,6241300,0.0,0.0
2023-06-08 00:00:00-04:00,5.4252917315125995,5.533797697843687,5.356242394690976,5.3956990242004395,5223000,0.0,0.0
2023-06-09 00:00:00-04:00,5.37597109518721,5.395699411357505,5.247737275260368,5.267465591430664,4306000,0.0,0.0
2023-06-12 00:00:00-04:00,5.208279542314126,5.247736166316804,5.149094135950049,5.218143463134766,5682400,0.0,0.0
2023-06-13 00:00:00-04:00,5.247736037820262,5.316784892954182,5.168822321387135,5.2378716468811035,6396900,0.0,0.0
2023-06-14 00:00:00-04:00,5.332675483059575,5.362301193742626,5.13516870463978,5.184545516967773,7236100,0.006,0.0
2023-06-15 00:00:00-04:00,5.095667478316959,5.174670001873472,5.026540505651101,5.164794921875,6840200,0.0,0.0
2023-06-16 00:00:00-04:00,5.233921302363823,5.253671929241373,5.095666443328882,5.224045753479004,17706000,0.0,0.0
2023-06-20 00:00:00-04:00,5.135168731209578,5.145044282083147,4.977163684369956,5.0364155769348145,7848100,0.0,0.0
2023-06-21 00:00:00-04:00,4.99691464667645,5.036415911006523,4.947538301709965,4.987039566040039,6695000,0.0,0.0
2023-06-22 00:00:00-04:00,4.937662022153327,5.016664539165037,4.9080358428278625,4.996913909912109,5418000,0.0,0.0
2023-06-23 00:00:00-04:00,5.006790084549387,5.095667691828395,4.888285823357035,4.917912006378174,13380300,0.0,0.0
2023-06-26 00:00:00-04:00,4.996913996050395,5.135168403204158,4.9672882871063795,5.085792064666748,6315500,0.0,0.0
2023-06-27 00:00:00-04:00,5.115418023309851,5.145044204592163,4.9080361670101915,4.947537899017334,6320100,0.0,0.0
2023-06-28 00:00:00-04:00,4.967288494110107,5.046291015775989,4.9179116826228455,4.967288494110107,5383800,0.0,0.0
2023-06-29 00:00:00-04:00,4.908035994544835,5.06604150434466,4.8586596553322705,5.046290874481201,4945700,0.0,0.0
2023-06-30 00:00:00-04:00,5.085792064666748,5.1055426942601425,5.036415255237184,5.085792064666748,4561700,0.0,0.0
2023-07-03 00:00:00-04:00,5.105542677322464,5.253672634227579,5.105542677322464,5.233922004699707,2774400,0.0,0.0
2023-07-05 00:00:00-04:00,5.2240467318913115,5.253672913202372,5.066041687278125,5.075916767120361,5906200,0.0,0.0
2023-07-06 00:00:00-04:00,5.036415168417964,5.056165797670892,4.937662022153327,4.996913909912109,6106400,0.0,0.0
2023-07-07 00:00:00-04:00,5.046290874481201,5.115417843557224,5.036415324103392,5.046290874481201,5308100,0.0,0.0
2023-07-10 00:00:00-04:00,4.996914087762024,5.322799717480304,4.987039008230159,5.303049087524414,5586600,0.0,0.0
2023-07-11 00:00:00-04:00,5.332674821799676,5.372176078406982,5.253672308585064,5.283298015594482,5913000,0.0,0.0
2023-07-12 00:00:00-04:00,5.382051309075423,5.826441164793186,5.372176230090834,5.7573137283325195,11574000,0.0,0.0
2023-07-13 00:00:00-04:00,5.8461923243628435,5.905444216325581,5.767189801745862,5.86594295501709,6582600,0.0,0.0
2023-07-14 00:00:00-04:00,5.875818070639804,6.043698667668172,5.846192359924316,5.846192359924316,7596600,0.0,0.0
2023-07-17 00:00:00-04:00,5.737563655219105,5.875818070639804,5.678311762895948,5.846192359924316,5543100,0.0,0.0
2023-07-18 00:00:00-04:00,5.964696013261368,6.152327236933532,5.915319201966315,6.053574085235596,6940500,0.0,0.0
2023-07-19 00:00:00-04:00,6.0436985346197165,6.112825976254357,6.02394790428013,6.053574085235596,4278300,0.0,0.0
2023-07-20 00:00:00-04:00,6.033822898193511,6.1029498625580745,5.806690434798242,5.81656551361084,5098300,0.0,0.0
2023-07-21 00:00:00-04:00,5.806691242079571,5.85606758479141,5.737563797212364,5.767189979553223,3213800,0.0,0.0
2023-07-24 00:00:00-04:00,5.786940494231177,5.80669112509645,5.638810527295539,5.698062419891357,4155600,0.0,0.0
2023-07-25 00:00:00-04:00,5.707937077197801,5.846191471611114,5.707937077197801,5.806690216064453,4472400,0.0,0.0
2023-07-26 00:00:00-04:00,5.806691027970215,5.895568629931231,5.77706484672176,5.885693550109863,4799600,0.0,0.0
2023-07-27 00:00:00-04:00,5.777063884173002,5.786939433241126,5.4413032210224515,5.461053848266602,6232800,0.0,0.0
2023-07-28 00:00:00-04:00,5.54993159159843,5.54993159159843,5.451178452598693,5.510430335998535,3921600,0.0,0.0
2023-07-31 00:00:00-04:00,5.559807791184814,5.747439012674543,5.540057161074956,5.688187122344971,4499300,0.0,0.0
2023-08-01 00:00:00-04:00,5.490680067294057,5.549931954569026,5.401802000935532,5.441303730010986,4913300,0.0,0.0
2023-08-02 00:00:00-04:00,5.391926317384226,5.421552022254508,5.214170675486273,5.224045753479004,4269400,0.0,0.0
2023-08-03 00:00:00-04:00,5.184544627839126,5.233921431699196,5.105542118376694,5.14504337310791,4722000,0.0,0.0
2023-08-04 00:00:00-04:00,5.204296147720535,5.303049301484342,5.174669966145302,5.184545516967773,5156500,0.0,0.0
2023-08-07 00:00:00-04:00,5.154919253530477,5.224046695513462,5.016664840456679,5.095667362213135,3997300,0.0,0.0
2023-08-08 00:00:00-04:00,4.987039164971533,5.105542948431422,4.858659830777231,5.075916767120361,5052600,0.0,0.0
2023-08-09 00:00:00-04:00,4.977163459709232,5.006789640100477,4.621651649475098,4.621651649475098,12580100,0.0,0.0
2023-08-10 00:00:00-04:00,4.710529638149074,4.740155818027061,4.513023341936345,4.532773971557617,8010100,0.0,0.0
2023-08-11 00:00:00-04:00,4.582149732102617,4.740155220031738,4.552524026854222,4.740155220031738,5883800,0.0,0.0
2023-08-14 00:00:00-04:00,4.671028389940687,4.740155829224516,4.572275241601042,4.6611528396606445,4670800,0.0,0.0
2023-08-15 00:00:00-04:00,4.601901498877552,4.631527682354866,4.4833977067527195,4.4932732582092285,5004500,0.0,0.0
2023-08-16 00:00:00-04:00,4.493272917142443,4.552524808707279,4.394519293642206,4.414269924163818,4345100,0.0,0.0
2023-08-17 00:00:00-04:00,4.5228990777349365,4.54264971022273,4.3945197311181605,4.43402099609375,9443400,0.0,0.0
2023-08-18 00:00:00-04:00,4.404394425318747,4.542648825816626,4.384643796676193,4.522898197174072,5629700,0.0,0.0
2023-08-21 00:00:00-04:00,4.295766311310641,4.36489375632246,4.019257473047754,4.058758735656738,15778300,0.0,0.0
2023-08-22 00:00:00-04:00,4.0982583529280125,4.0982583529280125,3.9106271954179777,4.029130935668945,8592100,0.0,0.0
2023-08-23 00:00:00-04:00,4.10429527815354,4.420770749550205,4.0944051838795685,4.36143159866333,10678600,0.006,0.0
2023-08-24 00:00:00-04:00,4.321872290034685,4.361431725106141,4.213084079381014,4.292202949523926,5821400,0.0,0.0
2023-08-25 00:00:00-04:00,4.292202520157486,4.311982235714568,4.173523755229373,4.262532711029053,4052800,0.0,0.0
2023-08-28 00:00:00-04:00,4.3020928458566186,4.460331067782661,4.262533408271532,4.400991439819336,4469300,0.0,0.0
2023-08-29 00:00:00-04:00,4.36143219849314,4.5592298669049125,4.331762854762089,4.549339771270752,5381900,0.0,0.0
2023-08-30 00:00:00-04:00,4.598788550089576,4.697687132240674,4.391101291779454,4.430660724639893,7961600,0.0,0.0
2023-08-31 00:00:00-04:00,4.420770299460627,4.450440107676133,4.321871724718278,4.341651439666748,5065000,0.0,0.0
2023-09-01 00:00:00-04:00,4.410880745015585,4.45044017551554,4.292202453515717,4.3020920753479,4159200,0.0,0.0
2023-09-05 00:00:00-04:00,4.222973519304816,4.2427532359831615,4.10429521923474,4.124074935913086,6179300,0.0,0.0
2023-09-06 00:00:00-04:00,4.114184398397054,4.193303256583829,4.054845254756973,4.104294776916504,5116600,0.0,0.0
2023-09-07 00:00:00-04:00,4.074625619117655,4.0845157137610535,3.975727030612017,4.005396842956543,4501600,0.0,0.0
2023-09-08 00:00:00-04:00,4.005396688864096,4.094405179302072,3.946057302250736,3.955947160720825,3459200,0.0,0.0
2023-09-11 00:00:00-04:00,4.025176062199174,4.124074638457687,4.005396346947471,4.015285968780518,4249800,0.0,0.0
2023-09-12 00:00:00-04:00,3.9856167174779573,4.1240747272199,3.955946908169017,3.965837001800537,5028700,0.0,0.0
2023-09-13 00:00:00-04:00,3.9856170427150515,4.025176477298048,3.9163877964019775,3.9163877964019775,4440100,0.0,0.0
2023-09-14 00:00:00-04:00,3.9559463230945795,4.094404312358936,3.946056466718554,4.035065174102783,6340800,0.0,0.0
2023-09-15 00:00:00-04:00,4.1240753192310695,4.292203162416711,4.10429560071427,4.173524379730225,22710600,0.0,0.0
2023-09-18 00:00:00-04:00,4.1537447185116445,4.1933041560909405,4.064736219751076,4.143855094909668,5074000,0.0,0.0
2023-09-19 00:00:00-04:00,4.133964349265799,4.133964349265799,3.965837001800537,3.965837001800537,5297500,0.0,0.0
2023-09-20 00:00:00-04:00,3.985616128015431,4.094404312358936,3.9658364152633805,4.035065174102783,5495600,0.0,0.0
2023-09-21 00:00:00-04:00,3.9361672233064002,3.9856167486798832,3.857048359977327,3.946057081222534,4789100,0.0,0.0
2023-09-22 00:00:00-04:00,3.9856172485554167,4.054846026858207,3.9163879986669428,3.9361677169799805,4370400,0.0,0.0
2023-09-25 00:00:00-04:00,3.9262773346528865,3.975726623846437,3.8768280454593356,3.965837001800537,3830800,0.0,0.0
2023-09-26 00:00:00-04:00,3.9262775699543204,3.9460572868171373,3.817488891416004,3.827378749847412,3772800,0.0,0.0
2023-09-27 00:00:00-04:00,3.827378767244061,3.827378767244061,3.738370040956813,3.8174889087677,4618900,0.0,0.0
2023-09-28 00:00:00-04:00,3.8372690320917147,3.866938608839702,3.7779296428029046,3.857048749923706,5065800,0.0,0.0
2023-09-29 00:00:00-04:00,3.9460569753730397,4.074625124834057,3.787819017166674,3.8669381141662598,5942900,0.0,0.0
2023-10-02 00:00:00-04:00,3.7581494426124915,3.7581494426124915,3.570241911533665,3.580131769180298,11384100,0.0,0.0
2023-10-03 00:00:00-04:00,3.580132108606712,3.6988106474108258,3.5603523914381645,3.6592512130737305,6249000,0.0,0.0
2023-10-04 00:00:00-04:00,3.6493614429714194,3.69881073709173,3.560352477762027,3.609802007675171,4294700,0.0,0.0
2023-10-05 00:00:00-04:00,3.60980159466349,3.6493610254335875,3.5109027819454397,3.570241928100586,4648600,0.0,0.0
2023-10-06 00:00:00-04:00,3.5603524851353856,3.797709333197267,3.5603524851353856,3.738370180130005,5496400,0.0,0.0
2023-10-09 00:00:00-04:00,3.807599397600314,3.8768286490423907,3.7185906631941625,3.758150100708008,4056100,0.0,0.0
2023-10-10 00:00:00-04:00,3.7482599859598142,3.79770927948313,3.7185904098458247,3.7680397033691406,3817300,0.0,0.0
2023-10-11 00:00:00-04:00,3.807599167131281,3.896608131942683,3.758149873232076,3.886718273162842,7034200,0.0,0.0
2023-10-12 00:00:00-04:00,3.876827902001969,3.906497474420213,3.609801514444977,3.6196913719177246,6031700,0.0,0.0
2023-10-13 00:00:00-04:00,3.8372697481317797,4.183415110575689,3.797710069293068,4.0944061279296875,11475100,0.0,0.0
2023-10-16 00:00:00-04:00,4.074624969303667,4.1735235420371355,4.054845254756973,4.104294776916504,6401100,0.0,0.0
2023-10-17 00:00:00-04:00,4.114184986363175,4.351542066430253,4.084515646095828,4.31198263168335,5846600,0.0,0.0
2023-10-18 00:00:00-04:00,4.410880798970851,4.5691185229062885,4.232863359543485,4.272422790527344,7710500,0.0,0.0
2023-10-19 00:00:00-04:00,4.2427526020032245,4.262532315725956,4.153743654458147,4.213083267211914,4441400,0.0,0.0
2023-10-20 00:00:00-04:00,4.203193174557762,4.4009903117850735,4.203193174557762,4.213083267211914,7536200,0.0,0.0
2023-10-23 00:00:00-04:00,4.124074800436468,4.311982338500778,4.015286126486471,4.203193664550781,6662000,0.0,0.0
2023-10-24 00:00:00-04:00,4.15374425515742,4.2427532155746475,4.044956049742634,4.133964538574219,13382600,0.0,0.0
2023-10-25 00:00:00-04:00,4.163634439644915,4.242753307695592,4.084515571594238,4.084515571594238,5485000,0.0,0.0
2023-10-26 00:00:00-04:00,4.074626027847568,4.114185467218071,3.97572742942131,4.044956684112549,4321200,0.0,0.0
2023-10-27 00:00:00-04:00,4.044957059915277,4.104296224484026,3.93616835574636,4.0944061279296875,6458900,0.0,0.0
2023-10-30 00:00:00-04:00,4.18341403115538,4.232863557996396,4.064735732639708,4.153744220733643,4787000,0.0,0.0
2023-10-31 00:00:00-04:00,4.124075601301393,4.203194480780007,3.9955071863557845,4.025177001953125,9817600,0.0,0.0
2023-11-01 00:00:00-04:00,4.015286466014272,4.0845157137610535,3.926277736359198,4.005396842956543,5129800,0.0,0.0
2023-11-02 00:00:00-04:00,4.084516101937914,4.13396516509735,3.955947688869097,4.054846286773682,5474900,0.0,0.0
2023-11-03 00:00:00-04:00,4.143854832213134,4.351542102131109,4.104295397141678,4.292202949523926,7717500,0.0,0.0
2023-11-06 00:00:00-05:00,4.252643274415675,4.311982423673511,4.133964504314364,4.153744220733643,6320400,0.0,0.0
2023-11-07 00:00:00-05:00,4.015286868791813,4.18341472190931,3.9163882703655553,4.044956684112549,7172400,0.0,0.0
2023-11-08 00:00:00-05:00,4.005396966868454,4.104295558433643,3.9064981395104237,3.9361677169799805,4927500,0.0,0.0
2023-11-09 00:00:00-05:00,3.9559473390836635,4.064736022952452,3.8372690320917147,3.857048749923706,5579900,0.0,0.0
2023-11-10 00:00:00-05:00,3.837268742101343,3.8570484584385403,3.5603522417949462,3.7482597827911377,6091800,0.0,0.0
2023-11-13 00:00:00-05:00,3.7680394991283346,3.827378648139926,3.7284800664539404,3.7482597827911377,3284400,0.0,0.0
2023-11-14 00:00:00-05:00,3.91638755970747,4.222973394989414,3.8867179855633607,4.19330358505249,8272800,0.0,0.0
2023-11-15 00:00:00-05:00,4.163634246701196,4.292202637118485,4.1537441528603445,4.19330358505249,4252700,0.0,0.0
2023-11-16 00:00:00-05:00,4.2823130915783,4.480110749450362,4.272423468056827,4.42077112197876,7276300,0.0,0.0
2023-11-17 00:00:00-05:00,4.480110914907237,4.598789231062018,4.420771285244138,4.5888991355896,9875700,0.0,0.0
2023-11-20 00:00:00-05:00,4.480110035193965,4.588898234514704,4.440550132657969,4.559228897094727,4134100,0.0,0.0
2023-11-21 00:00:00-05:00,4.658127834369246,4.855925004403452,4.618568400362405,4.628458023071289,6813600,0.0,0.0
2023-11-22 00:00:00-05:00,4.624496771867081,4.644301878017201,4.545276347266605,4.614593982696533,3334200,0.006,0.0
2023-11-24 00:00:00-05:00,4.644301933844931,4.85225578701642,4.634399144555345,4.763132572174072,3970500,0.0,0.0
2023-11-27 00:00:00-05:00,4.881962901774661,4.881962901774661,4.723522060688718,4.8027424812316895,5700800,0.0,0.0
2023-11-28 00:00:00-05:00,4.852255355340181,4.881962776184082,4.763132148426594,4.881962776184082,5731300,0.0,0.0
2023-11-29 00:00:00-05:00,4.86215877532959,4.901768993574108,4.792841129497207,4.86215877532959,4755700,0.0,0.0
2023-11-30 00:00:00-05:00,4.8522561613532025,4.941378910880116,4.812645945521014,4.931476593017578,5515300,0.0,0.0
2023-12-01 00:00:00-05:00,4.9017682774089915,5.099819811886625,4.842352958722995,5.080014705657959,8821800,0.0,0.0
2023-12-04 00:00:00-05:00,4.971086948909794,4.971086948909794,4.7631330738362125,4.8522562980651855,7044400,0.0,0.0
2023-12-05 00:00:00-05:00,4.80274390292355,4.842354124920318,4.644303014936476,4.713621139526367,6196800,0.0,0.0
2023-12-06 00:00:00-05:00,4.812645883689354,4.82254820142467,4.703717555454812,4.723522663116455,4759600,0.0,0.0
2023-12-07 00:00:00-05:00,4.753230407251891,4.753230407251891,4.654204399949604,4.743327617645264,3859400,0.0,0.0
2023-12-08 00:00:00-05:00,4.634399577948401,4.773035807821497,4.584887043443175,4.6443023681640625,5151600,0.0,0.0
2023-12-11 00:00:00-05:00,4.535373423601972,4.683911951418522,4.386834895785421,4.664106845855713,6507600,0.0,0.0
2023-12-12 00:00:00-05:00,4.664106599487129,4.683911704003788,4.446249977612941,4.475957870483398,4375600,0.0,0.0
2023-12-13 00:00:00-05:00,4.485861702006665,4.872061565986243,4.466056592884406,4.86215877532959,7951400,0.0,0.0
2023-12-14 00:00:00-05:00,5.040404785129071,5.149332639600087,4.891866243715586,5.010696887969971,9325000,0.0,0.0
2023-12-15 00:00:00-05:00,4.9710872816186145,5.000795182413596,4.832451513021181,4.901769161224365,13920700,0.0,0.0
2023-12-18 00:00:00-05:00,4.921573931603604,4.941379040037361,4.792840962879693,4.8225483894348145,5009300,0.0,0.0
2023-12-19 00:00:00-05:00,4.852256177565302,5.02059983151007,4.802743171514128,4.990891933441162,7030000,0.0,0.0
2023-12-20 00:00:00-05:00,5.020599956190564,5.040405064664665,4.832451189591084,4.8522562980651855,7571200,0.0,0.0
2023-12-21 00:00:00-05:00,4.921573802964021,4.961184490987228,4.86215847921574,4.931476593017578,4817900,0.0,0.0
2023-12-22 00:00:00-05:00,5.050307240514141,5.099820246399886,4.9116714851014835,4.931476593017578,5410100,0.0,0.0
2023-12-26 00:00:00-05:00,4.961183859502308,4.990891281499626,4.881962965730554,4.9512810707092285,3317800,0.0,0.0
2023-12-27 00:00:00-05:00,4.951281565842779,5.040404785129071,4.94137877605941,5.010696887969971,5049800,0.0,0.0
2023-12-28 00:00:00-05:00,4.951280878471421,5.040404085385007,4.872060459966429,4.881962776184082,4627200,0.0,0.0
2023-12-29 00:00:00-05:00,4.8027427849504525,4.842352997726833,4.713620042299088,4.763132572174072,5096900,0.0,0.0
2024-01-02 00:00:00-05:00,4.753230699581201,4.802743234086427,4.624497259923767,4.6443023681640625,5068400,0.0,0.0
2024-01-03 00:00:00-05:00,4.475958626403831,4.485861416430058,4.297712655650901,4.347225189208984,8145100,0.0,0.0
2024-01-04 00:00:00-05:00,4.34722582226284,4.34722582226284,4.258103060003606,4.327420711517334,7422100,0.0,0.0
2024-01-05 00:00:00-05:00,4.29771407632025,4.386836855061983,4.228395939795635,4.258103847503662,6183400,0.0,0.0
2024-01-08 00:00:00-05:00,4.1986866441527,4.347225189208984,4.139271320568391,4.347225189208984,4718300,0.0,0.0
2024-01-09 00:00:00-05:00,4.35712811857878,4.35712811857878,4.248199785761776,4.268004894256592,3766400,0.0,0.0
2024-01-10 00:00:00-05:00,4.258102406012862,4.287809831472892,4.159076395303388,4.228394508361816,4517900,0.0,0.0
2024-01-11 00:00:00-05:00,4.248199097643631,4.258101886382513,4.079855466610277,4.139270782470703,6689300,0.0,0.0
2024-01-12 00:00:00-05:00,4.307614973486111,4.505666524291495,4.307614973486111,4.347225189208984,6985200,0.0,0.0
2024-01-16 00:00:00-05:00,4.277908145425873,4.2878104646444655,4.139271898836906,4.149174690246582,5245700,0.0,0.0
2024-01-17 00:00:00-05:00,4.060050631614041,4.079855738219339,3.9808302051928477,4.010538101196289,5792500,0.0,0.0
2024-01-18 00:00:00-05:00,4.020440726348832,4.040245834471102,3.891707523554083,3.970928192138672,4332300,0.0,0.0
2024-01-19 00:00:00-05:00,4.01053840838321,4.020440726348832,3.8818049694929484,3.970928192138672,4391200,0.0,0.0
2024-01-22 00:00:00-05:00,3.911512948503289,4.050148952684003,3.8719027290503796,3.9907336235046387,6108400,0.0,0.0
2024-01-23 00:00:00-05:00,4.060050948383425,4.099661164684451,3.9808305157813715,4.000635623931885,5680700,0.0,0.0
2024-01-24 00:00:00-05:00,4.119466410087053,4.139271518897432,3.8818051043625106,3.8917076587677,4860600,0.0,0.0
2024-01-25 00:00:00-05:00,3.9808304223008597,4.000635529986297,3.881804883873677,3.951122760772705,5031300,0.0,0.0
2024-01-26 00:00:00-05:00,3.9610253146154233,3.990733212239085,3.931317653087268,3.951122760772705,4318600,0.0,0.0
2024-01-29 00:00:00-05:00,3.980830998974793,4.069954232565397,3.881805446202501,4.060051441192627,6735000,0.0,0.0
2024-01-30 00:00:00-05:00,4.040245815486353,4.079856031544766,3.9016100592819054,3.911512613296509,4480400,0.0,0.0
2024-01-31 00:00:00-05:00,3.9313178448077255,3.9412203991333667,3.7530716308506715,3.772876739501953,8528200,0.0,0.0
2024-02-01 00:00:00-05:00,3.812486912051983,3.921415244450906,3.772876695214381,3.9016101360321045,5602600,0.0,0.0
2024-02-02 00:00:00-05:00,3.772876732209664,3.782779286516165,3.6837537434511547,3.743169069290161,6215800,0.0,0.0
2024-02-05 00:00:00-05:00,3.654045946113419,3.673851053997868,3.535215062711218,3.5451176166534424,8179900,0.0,0.0
2024-02-06 00:00:00-05:00,3.574825146051975,3.6441432571751897,3.5550200389011994,3.624338150024414,5296200,0.0,0.0
2024-02-07 00:00:00-05:00,3.6045329233415937,3.6342405830826037,3.505507154776068,3.5154097080230713,6145600,0.0,0.0
2024-02-08 00:00:00-05:00,3.505507790457788,3.555020565671351,3.4857026803723623,3.525312900543213,4866300,0.0,0.0
2024-02-09 00:00:00-05:00,3.52531258523203,3.545117693546046,3.4460921519759666,3.535215139389038,5479300,0.0,0.0
2024-02-12 00:00:00-05:00,3.555020205392998,3.723363860154106,3.5253125432755397,3.6639485359191895,5784500,0.0,0.0
2024-02-13 00:00:00-05:00,3.4956047830263763,3.5055073367875362,3.2975534717076815,3.3371636867523193,9853000,0.0,0.0
2024-02-14 00:00:00-05:00,3.406481981277466,3.436189644149038,3.3074562022767093,3.406481981277466,6282800,0.0,0.0
2024-02-15 00:00:00-05:00,3.495604547856452,3.6837532927561125,3.4361892292867138,3.5847275257110596,9336900,0.0,0.0
2024-02-16 00:00:00-05:00,3.535215071003427,3.6441434007189066,3.4757997472107163,3.5748252868652344,5869400,0.0,0.0
2024-02-20 00:00:00-05:00,3.6045329233415937,3.6045329233415937,3.4956046015290645,3.5154097080230713,4921600,0.0,0.0
2024-02-21 00:00:00-05:00,3.535215062711218,3.5550201705956663,3.485702293000096,3.5451176166534424,3297300,0.0,0.0
2024-02-22 00:00:00-05:00,3.505507469177246,3.5649227939880945,3.475799806771822,3.505507469177246,5805600,0.0,0.0
2024-02-23 00:00:00-05:00,3.5154099630725235,3.594630630891648,3.3668716535907466,3.5748252868652344,5004400,0.0,0.0
2024-02-26 00:00:00-05:00,3.4857023609069633,3.525312577447529,3.4163844819609737,3.505507469177246,4378800,0.0,0.0
2024-02-27 00:00:00-05:00,3.5253125087689936,3.624338284286746,3.5253125087689936,3.5451176166534424,8134700,0.0,0.0
2024-02-28 00:00:00-05:00,3.5154099908999843,3.5154099908999843,3.3767742342862395,3.386676788330078,8445300,0.0,0.0
2024-02-29 00:00:00-05:00,3.4857023609069633,3.5847279022583773,3.475799806771822,3.505507469177246,6631700,0.0,0.0
2024-03-01 00:00:00-05:00,3.5451175772693193,3.69365612084802,3.475799700443829,3.6738510131835938,7472400,0.0,0.0
2024-03-04 00:00:00-05:00,3.7629736702124528,3.9016096478945768,3.743168564271505,3.8719019889831543,8783800,0.0,0.0
2024-03-05 00:00:00-05:00,3.901610102348792,3.9511228729683423,3.762974108518537,3.7827792167663574,9585200,0.0,0.0
2024-03-06 00:00:00-05:00,3.8719023972380953,3.9511228293549223,3.861999843223492,3.911512613296509,8656100,0.0,0.0
2024-03-07 00:00:00-05:00,4.000635183194288,4.099660713037518,3.9511224182726727,4.089758396148682,8156900,0.0,0.0
2024-03-08 00:00:00-05:00,4.1392712228232345,4.178881437610748,4.0006354710669365,4.020440578460693,8654100,0.0,0.0
2024-03-11 00:00:00-04:00,4.075977354860341,4.383411103213279,4.016474094491051,4.274321556091309,10477500,0.006,0.0
2024-03-12 00:00:00-04:00,4.165232091975509,4.25448722075309,4.06605998938369,4.194983959197998,6142000,0.0,0.0
2024-03-13 00:00:00-04:00,4.224736128475183,4.41316290042659,4.214818681061994,4.40324592590332,7225600,0.0,0.0
2024-03-14 00:00:00-04:00,4.353658561695084,4.403244840761077,4.244569504373587,4.284238338470459,5845700,0.0,0.0
2024-03-15 00:00:00-04:00,4.2644050619503675,4.393328570801293,4.244570639597154,4.32390832901001,10917300,0.0,0.0
2024-03-18 00:00:00-04:00,4.284239096394219,4.313990490785284,4.234652808555928,4.244570255279541,6065600,0.0,0.0
2024-03-19 00:00:00-04:00,4.194983743496327,4.194983743496327,4.036308387508337,4.056142807006836,6195200,0.0,0.0
2024-03-20 00:00:00-04:00,4.066059278047857,4.403244840761077,4.006556026902548,4.284238338470459,9042000,0.0,0.0
2024-03-21 00:00:00-04:00,4.353658852810876,4.393327689560282,4.254486760937362,4.294155597686768,7253900,0.0,0.0
2024-03-22 00:00:00-04:00,4.264404667457215,4.363576770049034,4.185066512493873,4.194983959197998,5546400,0.0,0.0
2024-03-25 00:00:00-04:00,4.254486650353596,4.432996411086047,4.214817814635273,4.224735260009766,3895100,0.0,0.0
2024-03-26 00:00:00-04:00,4.333824902826545,4.373493743863273,4.194983959197998,4.194983959197998,5060200,0.0,0.0
2024-03-27 00:00:00-04:00,4.204901684736976,4.462749670461965,4.204901684736976,4.452832221984863,5477900,0.0,0.0
2024-03-28 00:00:00-04:00,4.502417247030244,4.829685388108899,4.452830964428698,4.770182132720947,10635800,0.0,0.0
2024-04-01 00:00:00-04:00,4.968527300267405,4.998278694570507,4.78010006908484,4.869354724884033,7766800,0.0,0.0
2024-04-02 00:00:00-04:00,4.918941125692937,5.0181132304670095,4.859437862828495,4.988361835479736,9505500,0.0,0.0
2024-04-03 00:00:00-04:00,4.978443905995654,5.424718570666419,4.90902320293782,5.414801597595215,17712600,0.0,0.0
2024-04-04 00:00:00-04:00,5.355298602248016,5.444553255810736,5.196622769344531,5.275960922241211,11595600,0.0,0.0
2024-04-05 00:00:00-04:00,5.266043325430596,5.533808224252835,5.19662262096192,5.484222412109375,11273900,0.0,0.0
2024-04-08 00:00:00-04:00,5.593311760198691,5.6131461806185845,5.365215688924974,5.394967555999756,13633200,0.0,0.0
2024-04-09 00:00:00-04:00,5.593311301104903,5.7817385160729025,5.504056652986263,5.543725490570068,13801900,0.0,0.0
2024-04-10 00:00:00-04:00,5.285878292195114,5.533808797254096,5.186706184749503,5.454471111297607,9942000,0.0,0.0
2024-04-11 00:00:00-04:00,5.5933117736638955,5.652815035066823,5.365215701841065,5.494139671325684,8627400,0.0,0.0
2024-04-12 00:00:00-04:00,5.742070554477968,5.851160110920653,5.266043957961613,5.375133514404297,17943500,0.0,0.0
2024-04-15 00:00:00-04:00,5.474305026565313,5.48422247283774,5.236291990705452,5.3057122230529785,9182700,0.0,0.0
2024-04-16 00:00:00-04:00,5.156954108814675,5.275961105856468,5.077616426046741,5.216457843780518,8731200,0.0,0.0
2024-04-17 00:00:00-04:00,5.295795143144018,5.424718631863176,5.186705600791015,5.236291885375977,7543100,0.0,0.0
2024-04-18 00:00:00-04:00,5.315629562400031,5.375132820168071,5.186705600791015,5.236291885375977,6347200,0.0,0.0
2024-04-19 00:00:00-04:00,5.196622013003511,5.335463405697661,5.186705040890961,5.266042709350586,6286700,0.0,0.0
2024-04-22 00:00:00-04:00,4.968526849154644,5.176788009037142,4.899106147267249,5.018112659454346,9525000,0.0,0.0
2024-04-23 00:00:00-04:00,4.978444225168257,5.285877976323063,4.958609804864395,5.196622848510742,8743300,0.0,0.0
2024-04-24 00:00:00-04:00,5.137119587599155,5.206540295107614,5.097450746991431,5.196622848510742,6556000,0.0,0.0
2024-04-25 00:00:00-04:00,5.04786471598,5.0974505281660765,4.928857726375724,5.008195877075195,21961600,0.0,0.0
2024-04-26 00:00:00-04:00,5.057781985620805,5.097450826849996,4.918941041318634,5.067699432373047,9675700,0.0,0.0
2024-04-29 00:00:00-04:00,5.0875330543581185,5.127201889360185,4.94869165896107,4.958609104156494,10054100,0.0,0.0
2024-04-30 00:00:00-04:00,4.7900166297678926,4.8594373319709945,4.680927089988689,4.690844535827637,13178100,0.0,0.0
2024-05-01 00:00:00-04:00,4.730513661482775,4.9090234414461325,4.680927375048016,4.700761795043945,11213600,0.0,0.0
2024-05-02 00:00:00-04:00,4.621424028317895,4.7701824119401595,4.601589608694251,4.730513572692871,10225800,0.0,0.0
2024-05-03 00:00:00-04:00,4.819768787909391,4.928857861442061,4.690844821490918,4.700761795043945,8148200,0.0,0.0
2024-05-06 00:00:00-04:00,4.869353988956936,4.988360966852952,4.81976818164926,4.958609104156494,10983800,0.0,0.0
2024-05-07 00:00:00-04:00,4.928857901619735,5.00819605514005,4.909023481462126,4.948692321777344,7508400,0.0,0.0
2024-05-08 00:00:00-04:00,4.869354724884033,4.948692406878821,4.839603330580931,4.869354724884033,7901100,0.0,0.0
2024-05-09 00:00:00-04:00,5.01811300875748,5.454470723374201,5.01811300875748,5.424718856811523,18853900,0.0,0.0
2024-05-10 00:00:00-04:00,5.533808285530277,5.6329803838052195,5.28587780339799,5.3057122230529785,11276200,0.0,0.0
2024-05-13 00:00:00-04:00,5.3255465237787805,5.4148016466779305,5.156953724031432,5.186705589294434,8580300,0.0,0.0
2024-05-14 00:00:00-04:00,5.275960370586114,5.404883850671982,5.256125952658302,5.355298042297363,8360700,0.0,0.0
2024-05-15 00:00:00-04:00,5.43463595076968,5.553642463521097,5.275960600434457,5.543725490570068,13168700,0.0,0.0
2024-05-16 00:00:00-04:00,5.504056627395882,5.573476856399859,5.385049642307926,5.444552898406982,10985800,0.0,0.0
2024-05-17 00:00:00-04:00,5.692483768676924,6.109007063534236,5.6528149284895495,6.049503803253174,18757700,0.0,0.0
2024-05-20 00:00:00-04:00,6.118924908905237,6.237931437225134,5.930497669287112,6.1784281730651855,13353000,0.0,0.0
2024-05-21 00:00:00-04:00,6.069337668468245,6.22801348760096,6.059420695772982,6.128840923309326,7597200,0.0,0.0
2024-05-22 00:00:00-04:00,6.049503778381703,6.118924484869136,5.861076551821419,5.900745391845703,10244600,0.0,0.0
2024-05-23 00:00:00-04:00,5.916629032196667,5.936483472974486,5.698229710273447,5.728011608123779,7829100,0.006,0.0
2024-05-24 00:00:00-04:00,5.78757565201382,5.817357553577163,5.559249317919079,5.589031219482422,10504600,0.0,0.0
2024-05-28 00:00:00-04:00,6.015902092991792,6.035756536597681,5.787575754840426,5.886847972869873,11979600,0.0,0.0
2024-05-29 00:00:00-04:00,5.777648136453449,5.886847327633264,5.688302913336124,5.718084812164307,7827800,0.0,0.0
2024-05-30 00:00:00-04:00,5.737939008309837,5.926555957145552,5.7280115513357455,5.807429313659668,6686000,0.0,0.0
2024-05-31 00:00:00-04:00,5.886847287434464,5.976192509941687,5.747866198375509,5.847138404846191,12304500,0.0,0.0
2024-06-03 00:00:00-04:00,5.80742950162839,5.866992825299215,5.737939194029371,5.797502517700195,6963400,0.0,0.0
2024-06-04 00:00:00-04:00,5.668448915523763,5.688303358507302,5.380559255578824,5.390486240386963,9135600,0.0,0.0
2024-06-05 00:00:00-04:00,5.4103405366264905,5.529467664663911,5.350777209291404,5.499685764312744,6202500,0.0,0.0
2024-06-06 00:00:00-04:00,5.628739326555253,5.837211188528944,5.5791029886121075,5.757793426513672,8902500,0.0,0.0
2024-06-07 00:00:00-04:00,5.4798312414369645,5.489758699197392,5.241577935593603,5.301141262054443,9594200,0.0,0.0
2024-06-10 00:00:00-04:00,5.360704879614097,5.360704879614097,5.16215997392927,5.311068534851074,6571000,0.0,0.0
2024-06-11 00:00:00-04:00,5.211796013929774,5.320995682002558,5.162159672069262,5.251504898071289,6356500,0.0,0.0
2024-06-12 00:00:00-04:00,5.4500492347778815,5.539394459402841,5.261432274696439,5.281286716461182,9546700,0.0,0.0
2024-06-13 00:00:00-04:00,5.221723705557183,5.320995920357893,5.0926695896326315,5.112524032592773,5653100,0.0,0.0
2024-06-14 00:00:00-04:00,5.21179578255858,5.241577681026205,5.082741678144235,5.162159442901611,5636100,0.0,0.0
2024-06-17 00:00:00-04:00,5.092668691761588,5.132377570680935,4.963614598590123,5.033105373382568,6605500,0.0,0.0
2024-06-18 00:00:00-04:00,5.052960703712348,5.18201434626964,4.993397374831922,5.112524032592773,6122300,0.0,0.0
2024-06-20 00:00:00-04:00,5.211796035679562,5.350777130754857,5.182014135765522,5.301141262054443,9647400,0.0,0.0
2024-06-21 00:00:00-04:00,5.221723324838944,5.241577766351489,5.0827417608839,5.132378101348877,12983700,0.0,0.0
2024-06-24 00:00:00-04:00,5.182013815829201,5.211795713904515,5.013251304626465,5.013251304626465,6354500,0.0,0.0
2024-06-25 00:00:00-04:00,4.983468844815911,5.003323283505728,4.844487773987184,4.864342212677002,5470300,0.0,0.0
2024-06-26 00:00:00-04:00,4.804779341949571,4.874269647121223,4.774997444470861,4.814706325531006,5270600,0.0,0.0
2024-06-27 00:00:00-04:00,4.884197400368405,4.894124384552059,4.794852175879374,4.824634075164795,6014300,0.0,0.0
2024-06-28 00:00:00-04:00,4.894124087651297,4.953687409241514,4.7551430039407885,4.814706325531006,12853400,0.0,0.0
2024-07-01 00:00:00-04:00,4.814706383064411,4.874269705366381,4.725361636295059,4.735288619995117,5165500,0.0,0.0
2024-07-02 00:00:00-04:00,4.745215580538093,4.864342212677002,4.725361141848276,4.864342212677002,5858200,0.0,0.0
2024-07-03 00:00:00-04:00,5.013251733751626,5.191941717397405,4.973542848497009,5.142305374145508,6230300,0.0,0.0
2024-07-05 00:00:00-04:00,5.1919409682225055,5.2812861838368885,5.142304632132919,5.182013511657715,7428700,0.0,0.0
2024-07-08 00:00:00-04:00,5.1025957526081225,5.211795407984903,5.023177993558531,5.182013511657715,7254600,0.0,0.0
2024-07-09 00:00:00-04:00,5.191940995904358,5.301140651863357,5.162159099418381,5.231649875640869,7223600,0.0,0.0
2024-07-10 00:00:00-04:00,5.320995682149051,5.479831218719482,5.301141240077747,5.479831218719482,9051200,0.0,0.0
2024-07-11 00:00:00-04:00,5.817357656932898,5.916629874962345,5.608885762387421,5.886847972869873,12526900,0.0,0.0
2024-07-12 00:00:00-04:00,5.747865705539164,6.015900876711611,5.728011265947397,5.976191997528076,8525300,0.0,0.0
2024-07-15 00:00:00-04:00,6.015900876711611,6.085391651966385,5.87691979956924,5.976191997528076,9366200,0.0,0.0
2024-07-16 00:00:00-04:00,6.0159013901923055,6.254155158996582,5.946410609006222,6.254155158996582,12934100,0.0,0.0
2024-07-17 00:00:00-04:00,6.254155577005812,6.3037914468557705,6.055610677504227,6.1052470207214355,9376900,0.0,0.0
2024-07-18 00:00:00-04:00,6.125101212816819,6.204518980022349,5.8868474378330005,5.966265678405762,8980900,0.0,0.0
2024-07-19 00:00:00-04:00,5.708157600658908,5.976192808189941,5.668448716088921,5.8570661544799805,6888300,0.0,0.0
2024-07-22 00:00:00-04:00,5.797502641358238,5.906701833733642,5.698229959755539,5.866992950439453,5989500,0.0,0.0
2024-07-23 00:00:00-04:00,5.847137955884471,5.916628731761837,5.787574636575522,5.8967742919921875,6310800,0.0,0.0
2024-07-24 00:00:00-04:00,5.9662652307592845,6.135027736725235,5.817356691737849,5.8372111320495605,7479100,0.0,0.0
2024-07-25 00:00:00-04:00,5.589030785222036,5.767720760616316,5.539394444262232,5.688302993774414,6912900,0.0,0.0
2024-07-26 00:00:00-04:00,5.7875747735575,5.857065551079594,5.589030371161797,5.608884811401367,8140700,0.0,0.0
2024-07-29 00:00:00-04:00,5.618811767850846,5.658520648139268,5.420267366408735,5.559248447418213,6770900,0.0,0.0
2024-07-30 00:00:00-04:00,5.589031219482422,5.678375977437918,5.489759003216723,5.589031219482422,6232100,0.0,0.0
2024-07-31 00:00:00-04:00,5.708157458388741,5.827284109129588,5.61881223364949,5.737939357757568,10508300,0.0,0.0
2024-08-01 00:00:00-04:00,5.757794106228728,5.777648549076388,5.2415781188222885,5.2912139892578125,11827300,0.0,0.0
2024-08-02 00:00:00-04:00,5.31106806784617,5.360704408244645,4.854415440302208,4.904051780700684,16099900,0.0,0.0
2024-08-05 00:00:00-04:00,4.457326051139956,4.745216157177506,4.377908286729825,4.705506801605225,10772800,0.0,0.0
2024-08-06 00:00:00-04:00,4.715434122880644,4.874269647121223,4.606234463281644,4.814706325531006,8061800,0.0,0.0
2024-08-07 00:00:00-04:00,4.96361464776356,5.201867923639964,4.765070251199889,4.774997234344482,12706600,0.0,0.0
2024-08-08 00:00:00-04:00,4.854415099519829,5.0728144139007085,4.794851779243369,4.973542213439941,7035900,0.0,0.0
2024-08-09 00:00:00-04:00,5.043033395770121,5.062887839321686,4.923906734460735,5.003324508666992,5642400,0.0,0.0
2024-08-12 00:00:00-04:00,5.003324275754346,5.191941717397405,4.9338334898751395,5.142305374145508,7060900,0.0,0.0
2024-08-13 00:00:00-04:00,5.122450040038544,5.281286026781429,5.102595600866579,5.2415771484375,4634000,0.0,0.0
2024-08-14 00:00:00-04:00,5.191941738128662,5.261432524285343,5.07281508188914,5.191941738128662,6292700,0.0,0.0
2024-08-15 00:00:00-04:00,5.3408500453130285,5.539394463092712,5.221723394645219,5.509613037109375,9323500,0.0,0.0
2024-08-16 00:00:00-04:00,5.569176776229282,5.698230420691058,5.47983154490652,5.589031219482422,12572100,0.0,0.0
2024-08-19 00:00:00-04:00,5.608885252613649,5.976192662622837,5.608885252613649,5.966265678405762,9997100,0.0,0.0
2024-08-20 00:00:00-04:00,6.1151737552325125,6.154882638835277,5.9464107632371475,5.966265678405762,11747700,0.0,0.0
2024-08-21 00:00:00-04:00,5.96626509379304,6.164809492352216,5.876919877757818,6.125100612640381,8974800,0.0,0.0
2024-08-22 00:00:00-04:00,5.996047104424219,6.015901546225601,5.837211570013161,5.966265678405762,9396800,0.0,0.0
2024-08-23 00:00:00-04:00,6.105246277838529,6.214445935608687,5.976192179870816,6.144955158233643,9695300,0.0,0.0
2024-08-26 00:00:00-04:00,6.228533146754648,6.268332041189354,6.129035436227638,6.198683738708496,8252000,0.014,0.0
2024-08-27 00:00:00-04:00,6.129035160722972,6.238482352718804,6.0593873358130805,6.208632946014404,7748700,0.0,0.0
2024-08-28 00:00:00-04:00,6.059388166051247,6.1190865131995,5.910142060960471,5.939990997314453,9383500,0.0,0.0
2024-08-29 00:00:00-04:00,5.999689818902994,6.059388166051247,5.939990997314453,5.939990997314453,6573900,0.0,0.0
2024-08-30 00:00:00-04:00,5.9698400890760785,6.009638985048031,5.810644505188268,5.900191783905029,7615000,0.0,0.0
2024-09-03 00:00:00-04:00,5.750945909562358,5.760895395899813,5.2932581514735775,5.362905979156494,11899300,0.0,0.0
2024-09-04 00:00:00-04:00,5.343007158729415,5.55195161516601,5.263409360932673,5.442504405975342,7871500,0.0,0.0
2024-09-05 00:00:00-04:00,5.64149828739326,5.750945475485744,5.58179995055378,5.651447772979736,7634700,0.0,0.0
2024-09-06 00:00:00-04:00,5.641498467175548,5.651447953079093,5.372855705616724,5.422604084014893,7868700,0.0,0.0
2024-09-09 00:00:00-04:00,5.472352749725239,5.621598828696697,5.472352749725239,5.532051086425781,6929700,0.0,0.0
2024-09-10 00:00:00-04:00,5.542001722823817,5.68129785879267,5.452453969623708,5.661398410797119,6303800,0.0,0.0
2024-09-11 00:00:00-04:00,5.641498771052017,5.910141547081149,5.6116493628531146,5.890242099761963,7429800,0.0,0.0
2024-09-12 00:00:00-04:00,6.069337439844609,6.46732688127251,5.999689607841909,6.407628536224365,14489800,0.0,0.0
2024-09-13 00:00:00-04:00,6.5966734469300485,6.825517337190435,6.527025141393316,6.7857184410095215,16866200,0.0,0.0
2024-09-16 00:00:00-04:00,6.805617209567531,6.925013886188662,6.706119504609703,6.775767803192139,16809600,0.0,0.0
2024-09-17 00:00:00-04:00,6.755868793175869,6.8155671353399265,6.62652214793362,6.726019859313965,10615200,0.0,0.0
2024-09-18 00:00:00-04:00,6.735969546106753,6.954863473884582,6.467326761159285,6.497176170349121,14666500,0.0,0.0
2024-09-19 00:00:00-04:00,6.805617970397907,6.845416867054246,6.5369751807474765,6.646421909332275,9955200,0.0,0.0
2024-09-20 00:00:00-04:00,6.745918549580125,6.825516330198619,6.636471364009597,6.735968589782715,20359700,0.0,0.0
2024-09-23 00:00:00-04:00,6.785718155851128,6.82551705035956,6.5568742752075195,6.5568742752075195,11907300,0.0,0.0
2024-09-24 00:00:00-04:00,6.726019827963735,7.104109326573809,6.666321011637686,7.034461498260498,15838200,0.0,0.0
2024-09-25 00:00:00-04:00,6.96481319550694,7.163807668459611,6.954863234639182,7.034461498260498,13816100,0.0,0.0
2024-09-26 00:00:00-04:00,7.133959013854601,7.362802903923865,7.133959013854601,7.143908500671387,17286400,0.0,0.0
2024-09-27 00:00:00-04:00,7.1240091425765435,7.1737580006096175,6.706120253307591,6.765819072723389,13993800,0.0,0.0
2024-09-30 00:00:00-04:00,6.636472225189209,6.735969463873553,6.576773881978602,6.636472225189209,12794900,0.0,0.0
2024-10-01 00:00:00-04:00,6.735969463736352,6.755868911472815,6.417577825512679,6.517075538635254,14869800,0.0,0.0
2024-10-02 00:00:00-04:00,6.517075695752108,6.735969626130407,6.497176247535898,6.596673488616943,9406500,0.0,0.0
2024-10-03 00:00:00-04:00,6.437477428447002,6.616572936833153,6.427527941559032,6.596673488616943,8259400,0.0,0.0
2024-10-04 00:00:00-04:00,6.596673847355455,6.845417200805296,6.546924986889368,6.566824436187744,10662700,0.0,0.0
2024-10-07 00:00:00-04:00,6.51707593961181,6.51707593961181,6.36782983518553,6.417578220367432,7053700,0.0,0.0
2024-10-08 00:00:00-04:00,6.30813062752268,6.417577344652408,6.218582882198156,6.397677898406982,8530400,0.0,0.0
2024-10-09 00:00:00-04:00,6.278281729380098,6.367829481956633,6.228533346957781,6.328030586242676,7556500,0.0,0.0
2024-10-10 00:00:00-04:00,6.32803050866731,6.616572736276393,6.318080547640666,6.586723327636719,10086300,0.0,0.0
2024-10-11 00:00:00-04:00,6.606622975504914,6.7658190356748555,6.586723527288704,6.596673488616943,9816700,0.0,0.0
2024-10-14 00:00:00-04:00,6.556874434108181,6.576773881844645,6.387728891128113,6.517075538635254,7157400,0.0,0.0
2024-10-15 00:00:00-04:00,6.44742688745695,6.676270761334289,6.44742688745695,6.66632080078125,8132400,0.0,0.0
2024-10-16 00:00:00-04:00,6.80561756906414,6.954863185504121,6.745919227600098,6.745919227600098,9653300,0.0,0.0
2024-10-17 00:00:00-04:00,6.755868830972082,6.845416581939275,6.646421632505541,6.656371593475342,9331700,0.0,0.0
2024-10-18 00:00:00-04:00,6.835466556097336,7.313053765989392,6.815567108786845,7.273254871368408,12761100,0.0,0.0
2024-10-21 00:00:00-04:00,7.472250266530886,7.5219986505671175,7.193657513054944,7.3429036140441895,15650500,0.0,0.0
2024-10-22 00:00:00-04:00,7.4921488761901855,7.6413944860291725,7.442400023283708,7.4921488761901855,11010500,0.0,0.0
2024-10-23 00:00:00-04:00,7.293154680127407,7.332953576720824,6.994662955676788,7.124009132385254,12398000,0.0,0.0
2024-10-24 00:00:00-04:00,7.1936576906145655,7.213557139608287,6.765819300029405,6.9449143409729,17896400,0.0,0.0
2024-10-25 00:00:00-04:00,6.885215762674441,7.034461862333391,6.745919624398214,6.765819072723389,11506700,0.0,0.0
2024-10-28 00:00:00-04:00,6.7658191893703465,6.905115330048126,6.716070330479571,6.795668125152588,7815200,0.0,0.0
2024-10-29 00:00:00-04:00,6.905114656910013,7.054360744592955,6.825516869996505,7.024511337280273,11088500,0.0,0.0
2024-10-30 00:00:00-04:00,6.94491300112636,6.964812446280984,6.676270254318844,6.735968589782715,10674400,0.0,0.0
2024-10-31 00:00:00-04:00,6.556874673697942,6.566824160709602,6.298181369230945,6.457376956939697,13192500,0.0,0.0
2024-11-01 00:00:00-04:00,6.5369748625921895,6.60662269113088,6.367829322814941,6.367829322814941,12274600,0.0,0.0
2024-11-04 00:00:00-05:00,6.417577540148628,6.457376433851857,6.238482518484098,6.288231372833252,9490100,0.0,0.0
2024-11-05 00:00:00-05:00,6.357879279281626,6.417577620584711,6.238482596675455,6.268332004547119,7687200,0.0,0.0
2024-11-06 00:00:00-05:00,5.860392546414055,6.238482510554378,5.790744719742052,6.168834209442139,14909100,0.0,0.0
2024-11-07 00:00:00-05:00,6.069337208391868,6.10913610357291,5.830543837305619,5.989739418029785,21359600,0.0,0.0
2024-11-08 00:00:00-05:00,5.890242135261104,5.939990516638767,5.561901015295579,5.701197147369385,17704800,0.0,0.0
2024-11-11 00:00:00-05:00,5.412654802556438,5.601699786266562,5.352956461559595,5.551950931549072,18081300,0.0,0.0
2024-11-12 00:00:00-05:00,5.551950926888578,5.6016997815643075,5.323107049372658,5.432554244995117,12026400,0.0,0.0
2024-11-13 00:00:00-05:00,5.512152681195436,5.581800991044583,5.362906574056005,5.39275598526001,10974900,0.0,0.0
2024-11-14 00:00:00-05:00,5.43255417281039,5.631548639988698,5.352956385939066,5.571850299835205,19142100,0.0,0.0
2024-11-15 00:00:00-05:00,5.651448491699284,5.691247387987005,5.352956769541379,5.472353458404541,31110400,0.0,0.0
2024-11-18 00:00:00-05:00,5.721095946470683,5.770844796650855,5.5817998301824785,5.621598720550537,13963600,0.0,0.0
2024-11-19 00:00:00-05:00,5.671347618103027,5.731046433588115,5.542001449725982,5.671347618103027,9822300,0.0,0.0
2024-11-20 00:00:00-05:00,5.621599754783749,5.641499203628777,5.512152548915951,5.601700305938721,8790600,0.0,0.0
2024-11-21 00:00:00-05:00,5.64558801553502,5.7253842386259315,5.575766558141977,5.675511837005615,9878200,0.014,0.0
2024-11-22 00:00:00-05:00,5.715410056222538,5.745333878256862,5.476020906816995,5.505944728851318,13539100,0.0,0.0
2024-11-25 00:00:00-05:00,5.246607005861731,5.446097567611106,5.20670841788884,5.4061994552612305,13472000,0.0,0.0
2024-11-26 00:00:00-05:00,5.346352003004036,5.485995388817685,5.346352003004036,5.416173458099365,10054400,0.0,0.0
2024-11-27 00:00:00-05:00,5.466046046927797,5.555817028052559,5.426147938788563,5.476020336151123,10182900,0.0,0.0
2024-11-29 00:00:00-05:00,5.525893784999862,5.645588121891127,5.485995672702774,5.505944728851318,4521200,0.0,0.0
2024-12-02 00:00:00-05:00,5.456071472948189,5.466046238143423,5.3363771443432855,5.386250019073486,9555000,0.0,0.0
2024-12-03 00:00:00-05:00,5.456071290383801,5.785231396467808,5.456071290383801,5.725383758544922,11749100,0.0,0.0
2024-12-04 00:00:00-05:00,5.665536593132863,5.825129501467949,5.61566419572181,5.625638484954834,10287000,0.0,0.0
2024-12-05 00:00:00-05:00,5.615664765429348,5.7154100459935515,5.565791887335738,5.655562877655029,10991200,0.0,0.0
2024-12-06 00:00:00-05:00,5.6056900095940385,5.615664775479818,5.406199448108598,5.505944728851318,7635400,0.0,0.0
2024-12-09 00:00:00-05:00,5.865027713029864,6.1343401857902675,5.775256730235405,5.855052947998047,16738200,0.0,0.0
2024-12-10 00:00:00-05:00,5.875002394732892,5.924875271976215,5.665537071307748,5.675511837005615,10218000,0.0,0.0
2024-12-11 00:00:00-05:00,5.735358714818689,5.924874972904847,5.715409660052935,5.835103988647461,10266500,0.0,0.0
2024-12-12 00:00:00-05:00,5.665537373837034,5.715410253743476,5.505944919133268,5.5159196853637695,9508200,0.0,0.0
2024-12-13 00:00:00-05:00,5.485995292910906,5.49597005810614,5.326402854771034,5.386250019073486,7944600,0.0,0.0
2024-12-16 00:00:00-05:00,5.386249533491409,5.396223822164455,5.246606162708173,5.28650426864624,7410800,0.0,0.0
2024-12-17 00:00:00-05:00,5.186759553600661,5.366301541440359,5.146861439774735,5.3164286613464355,11708600,0.0,0.0
2024-12-18 00:00:00-05:00,5.29647873195308,5.29647873195308,4.937395291047952,4.9972429275512695,11708200,0.0,0.0
2024-12-19 00:00:00-05:00,4.9972436951962464,5.057090865269952,4.887523645582938,4.937396049499512,10611000,0.0,0.0
2024-12-20 00:00:00-05:00,4.947370619808208,5.166810234724979,4.887523452103634,5.027166843414307,19876900,0.0,0.0
2024-12-23 00:00:00-05:00,4.987269107388158,5.0770401035205195,4.947370992578897,5.047116279602051,7842900,0.0,0.0
2024-12-24 00:00:00-05:00,5.077039336832292,5.096988391224398,4.977293589248786,5.0570902824401855,4582800,0.0,0.0
2024-12-26 00:00:00-05:00,5.0870137214660645,5.136886596191637,5.037141322363476,5.0870137214660645,7741700,0.0,0.0
2024-12-27 00:00:00-05:00,5.007217216553186,5.017191981178057,4.9174462374211645,4.9972429275512695,7990200,0.0,0.0
2024-12-30 00:00:00-05:00,4.927421477796317,4.967319588902117,4.807727144478917,4.847625255584717,12165600,0.0,0.0
2024-12-31 00:00:00-05:00,4.857599542877331,4.977293876128884,4.84762525291787,4.897497653961182,10291600,0.0,0.0
2025-01-02 00:00:00-05:00,4.987268629736869,5.276530172211768,4.977293864178356,5.246606826782227,17998700,0.0,0.0
2025-01-03 00:00:00-05:00,5.216682815254166,5.2366318700197985,5.07703943189474,5.0870137214660645,10560800,0.0,0.0
2025-01-06 00:00:00-05:00,5.146860597450235,5.216682523030211,5.057090093845074,5.096988201141357,15385200,0.0,0.0
2025-01-07 00:00:00-05:00,5.236632253394565,5.346352300449658,5.136886972264033,5.2067084312438965,15636500,0.0,0.0
2025-01-08 00:00:00-05:00,5.166810312631863,5.336377528163119,5.136886966139888,5.306454181671143,15337200,0.0,0.0
2025-01-10 00:00:00-05:00,5.366300963561585,5.416173362661885,5.136886595955852,5.186758995056152,18253800,0.0,0.0
2025-01-13 00:00:00-05:00,5.1069624901539505,5.136886308437642,4.977293403629549,5.096988201141357,16315800,0.0,0.0
2025-01-14 00:00:00-05:00,5.166809757144881,5.4061988814588995,5.116937359812394,5.376275062561035,14873100,0.0,0.0
2025-01-15 00:00:00-05:00,5.525893108821653,5.565791216236592,5.286504464332016,5.396224021911621,11028500,0.0,0.0
2025-01-16 00:00:00-05:00,5.396224790341753,5.4760210165347285,5.326403330234412,5.3363776206970215,8947900,0.0,0.0
2025-01-17 00:00:00-05:00,5.296479128983728,5.5159192109508455,5.236631963617149,5.3663010597229,15526600,0.0,0.0
2025-01-21 00:00:00-05:00,5.426148221149129,5.60568971711849,5.3762753455683665,5.565791606903076,24977500,0.0,0.0
2025-01-22 00:00:00-05:00,5.575766374255982,5.5957154293708,5.386250112853717,5.466046333312988,12726800,0.0,0.0
2025-01-23 00:00:00-05:00,5.3563259175785,5.476020239892186,5.326402574811558,5.446096897125244,18646700,0.0,0.0
2025-01-24 00:00:00-05:00,5.575766082122176,5.655562298400646,5.436122228011889,5.476020336151123,14724100,0.0,0.0
2025-01-27 00:00:00-05:00,5.366301541440359,5.396224888998287,5.2067086105136235,5.3164286613464355,19325200,0.0,0.0
2025-01-28 00:00:00-05:00,5.346351719286137,5.436122224733798,5.186758811202469,5.376275062561035,12110800,0.0,0.0
2025-01-29 00:00:00-05:00,5.386249830649327,5.545842263206267,5.336376957663801,5.476020336151123,10401800,0.0,0.0
2025-01-30 00:00:00-05:00,5.6555630578299745,5.904926504996213,5.6056901781475155,5.765283107757568,11862800,0.0,0.0
2025-01-31 00:00:00-05:00,5.765282146388174,5.77525643528762,5.575765901069185,5.665536403656006,19710500,0.0,0.0
2025-02-03 00:00:00-05:00,5.625638863361537,5.944824225878638,5.595715518026714,5.745333671569824,19911100,0.0,0.0
2025-02-04 00:00:00-05:00,5.805180739234635,6.014646055511652,5.795205973877162,5.865027904510498,22946600,0.0,0.0
2025-02-05 00:00:00-05:00,5.88497686313666,6.094442175980149,5.8750020979426925,5.934849262237549,21568000,0.0,0.0
2025-02-06 00:00:00-05:00,5.934849452130879,5.994697093963623,5.825129885224512,5.994697093963623,16427600,0.0,0.0
2025-02-07 00:00:00-05:00,6.074493220787516,6.124365620705906,5.8450788494185435,5.865027904510498,13230800,0.0,0.0
2025-02-10 00:00:00-05:00,6.044569208274531,6.2041616439391865,6.024620153816449,6.154289245605469,25847800,0.0,0.0
2025-02-11 00:00:00-05:00,5.9847218540373115,6.154289049334709,5.954798035493022,6.04456901550293,13069800,0.0,0.0
2025-02-12 00:00:00-05:00,6.014646231595559,6.273983955383301,5.994697175919579,6.273983955383301,19559700,0.0,0.0
2025-02-13 00:00:00-05:00,6.3039073944315245,6.373728847251888,6.164263537544847,6.3537797927856445,23706800,0.0,0.0
2025-02-14 00:00:00-05:00,6.38370460615309,6.4335770122716704,5.406199833876933,5.426148891448975,33117700,0.0,0.0
2025-02-18 00:00:00-05:00,5.665536493136831,5.675511257816768,5.49596977418452,5.545842170715332,22277100,0.0,0.0
2025-02-19 00:00:00-05:00,5.48599539045606,5.495970155828653,5.206708143122363,5.3663010597229,17987300,0.0,0.0
2025-02-20 00:00:00-05:00,5.3363776881264,5.805181236368377,5.3363776881264,5.615664958953857,26036400,0.0,0.0
2025-02-21 00:00:00-05:00,5.575766684861388,5.585740975162932,5.196734140942352,5.2067084312438965,28169600,0.0,0.0
2025-02-24 00:00:00-05:00,5.216683100477811,5.266555977930197,5.087013999600014,5.226657390594482,16944000,0.0,0.0
2025-02-25 00:00:00-05:00,5.176784421062768,5.296478743074831,5.087013441742243,5.196733474731445,16309100,0.0,0.0
2025-02-26 00:00:00-05:00,5.166810035279035,5.356326296839436,5.156835745524798,5.2166829109191895,14745200,0.0,0.0
2025-02-27 00:00:00-05:00,5.146860789393177,5.226657006961602,5.047115517432645,5.0570902824401855,20693600,0.0,0.0
2025-02-28 00:00:00-05:00,4.947370891867189,5.146861461852545,4.897498011559332,5.11693811416626,22063900,0.0,0.0
2025-03-03 00:00:00-05:00,5.286504346804957,5.366300559860845,5.037140943193836,5.06706428527832,26358900,0.0,0.0
2025-03-04 00:00:00-05:00,5.1069624901539505,5.176784415733926,4.907471953672529,5.096988201141357,20640200,0.0,0.0
2025-03-05 00:00:00-05:00,5.126911831242069,5.505944347430159,5.106962776475484,5.485995292663574,28676700,0.0,0.0
2025-03-06 00:00:00-05:00,5.3762756331873165,5.56579190466073,5.296479408487566,5.4061994552612305,22116300,0.0,0.0
2025-03-07 00:00:00-05:00,5.416173458099365,5.595715429768476,5.286504837655329,5.416173458099365,19253000,0.0,0.0
2025-03-10 00:00:00-04:00,5.320347492757142,5.360275016172031,5.070800233427267,5.140673637390137,25707400,0.004,0.0
2025-03-11 00:00:00-04:00,5.230510051413261,5.48005729759077,5.220528409072433,5.420166015625,29757600,0.0,0.0
2025-03-12 00:00:00-04:00,5.380239286913953,5.629786569853961,5.380239286913953,5.559913635253906,25447400,0.0,0.0
2025-03-13 00:00:00-04:00,5.510003318821174,5.859369377295119,5.490039557650481,5.75955057144165,38806800,0.0,0.0
2025-03-14 00:00:00-04:00,5.839405646057807,5.879333168603867,5.6697134372502465,5.729604721069336,20164100,0.0,0.0
2025-03-17 00:00:00-04:00,5.739586703834014,5.889315147824404,5.719622943033535,5.869351387023926,16904200,0.0,0.0
2025-03-18 00:00:00-04:00,6.039043591814795,6.059007352615273,5.839405507836407,5.869351387023926,23309600,0.0,0.0
2025-03-19 00:00:00-04:00,5.789496866270069,5.879333559992345,5.659732171370105,5.819442272186279,18091700,0.0,0.0
2025-03-20 00:00:00-04:00,5.649749570124385,5.929242698683877,5.589858287427409,5.839405536651611,15433500,0.0,0.0
2025-03-21 00:00:00-04:00,5.689676707745243,5.769532221922829,5.599840027752514,5.749568462371826,22088200,0.0,0.0
2025-03-24 00:00:00-04:00,5.779514234625206,5.919260560450772,5.689677072893398,5.859369277954102,19168400,0.0,0.0
2025-03-25 00:00:00-04:00,6.039044136782164,6.168808355708483,5.789496866270069,5.819442272186279,17212400,0.0,0.0
2025-03-26 00:00:00-04:00,5.889314779228849,5.8992964210175645,5.719622585058535,5.749568462371826,12775000,0.0,0.0
2025-03-27 00:00:00-04:00,5.839405507836407,5.969170191026318,5.759550464634493,5.869351387023926,13738000,0.0,0.0
2025-03-28 00:00:00-04:00,5.909279121929791,5.999116286761562,5.609822223139633,5.659731864929199,18958800,0.0,0.0
2025-03-31 00:00:00-04:00,5.639768700527506,5.639768700527506,5.290402598931714,5.549931526184082,19595000,0.0,0.0
2025-04-01 00:00:00-04:00,5.539949489895658,5.609822419680718,5.4002026783782675,5.470076084136963,22969000,0.0,0.0
2025-04-02 00:00:00-04:00,5.440130060822286,5.61980439209093,5.380238775723945,5.6098222732543945,20493200,0.0,0.0
2025-04-03 00:00:00-04:00,5.13069178062966,5.490039985693103,5.13069178062966,5.340311527252197,20719500,0.0,0.0
2025-04-04 00:00:00-04:00,5.120710351089416,5.150655758443903,4.601652022532849,4.711452484130859,24460700,0.0,0.0
2025-04-07 00:00:00-04:00,4.5417602152168985,5.100746007309597,4.451923051425239,4.77134370803833,21933700,0.0,0.0
2025-04-08 00:00:00-04:00,5.060819072851354,5.060819072851354,4.631597441276458,4.701470851898193,30749900,0.0,0.0
2025-04-09 00:00:00-04:00,4.901107897990789,5.39022076151502,4.821252853164044,5.270438194274902,38926200,0.0,0.0
2025-04-10 00:00:00-04:00,5.290402233867765,5.549931143211353,5.240492590237949,5.460093975067139,31644000,0.0,0.0
2025-04-11 00:00:00-04:00,5.669713398848796,5.869351486200543,5.639767995128881,5.769532680511475,25532700,0.0,0.0
2025-04-14 00:00:00-04:00,5.6597316794979005,5.86935140658846,5.649749561077586,5.8493876457214355,21320200,0.0,0.0
2025-04-15 00:00:00-04:00,5.87933349609375,5.919261020863847,5.809460565732899,5.87933349609375,15950400,0.0,0.0
2025-04-16 00:00:00-04:00,6.088953131774994,6.198754060943785,5.899297154473855,5.979152202606201,20953200,0.0,0.0
2025-04-17 00:00:00-04:00,5.889315216686019,5.959188142317892,5.759550531978816,5.799478054046631,16534000,0.0,0.0
2025-04-21 00:00:00-04:00,6.0590072928411365,6.198753617065842,5.8294238079137495,5.9292426109313965,19146800,0.0,0.0
2025-04-22 00:00:00-04:00,5.97915156517039,5.97915156517039,5.619803886884795,5.639767646789551,21020200,0.0,0.0
2025-04-23 00:00:00-04:00,5.450111997966445,5.9292427387538345,5.440129879462687,5.799478054046631,24207900,0.0,0.0
2025-04-24 00:00:00-04:00,5.869351387023926,5.9392243118387995,5.759550464634493,5.869351387023926,16325800,0.0,0.0
2025-04-25 00:00:00-04:00,5.669713331023377,5.899296819348588,5.629785809225393,5.839405536651611,17777200,0.0,0.0
2025-04-28 00:00:00-04:00,5.789496353028119,5.889315157189238,5.729604594557846,5.859369277954102,17124100,0.0,0.0
2025-04-29 00:00:00-04:00,5.839405586500701,5.949206510369294,5.749568899675133,5.789496421813965,15268000,0.0,0.0
2025-04-30 00:00:00-04:00,5.709641456604004,5.729605219614122,5.579877235025063,5.709641456604004,26395600,0.0,0.0
2025-05-01 00:00:00-04:00,5.549931143211353,5.589858667725752,5.4101848074109595,5.460093975067139,25311100,0.0,0.0
2025-05-02 00:00:00-04:00,5.350292980610142,5.4700755420631415,4.521796216599842,4.531777858734131,51731700,0.0,0.0
2025-05-05 00:00:00-04:00,4.771343697634585,4.831234981373895,4.5018326828208775,4.781325340270996,36203300,0.0,0.0
2025-05-06 00:00:00-04:00,4.911090362905155,4.941035768840093,4.641579329622489,4.921072006225586,32891200,0.0,0.0
2025-05-07 00:00:00-04:00,4.8412165352433965,4.9909449798331105,4.811271131909616,4.871162414550781,21651400,0.0,0.0
2025-05-08 00:00:00-04:00,4.951017418598199,5.030872461483073,4.901107778808353,4.911089897155762,20146100,0.0,0.0
2025-05-09 00:00:00-04:00,4.980963067756953,5.220528684219917,4.921071782634618,5.140673637390137,28576800,0.0,0.0
2025-05-12 00:00:00-04:00,4.980962753295898,5.160637073293223,4.921071471954655,4.980962753295898,27289900,0.0,0.0
2025-05-13 00:00:00-04:00,5.000927522288129,5.100746335153695,4.891126590149184,4.93105411529541,17557700,0.0,0.0
2025-05-14 00:00:00-04:00,4.82125286276387,4.881144146503182,4.671524415428786,4.781325340270996,21146300,0.0,0.0
2025-05-15 00:00:00-04:00,4.821253299713135,4.851199182283587,4.751380367004841,4.821253299713135,18614800,0.0,0.0
2025-05-16 00:00:00-04:00,4.711451860603034,4.881144066399773,4.701470218130428,4.861180305480957,17541600,0.0,0.0
2025-05-19 00:00:00-04:00,4.9210719960220315,4.980963283741371,4.8112715398567305,4.93105411529541,10247900,0.0,0.0
2025-05-20 00:00:00-04:00,4.931053002771333,5.140672700482302,4.891125486633389,5.12070894241333,15118700,0.0,0.0
2025-05-21 00:00:00-04:00,5.1107278392669,5.220528768415506,5.000927386091926,5.060818672180176,18397200,0.0,0.0
2025-05-22 00:00:00-04:00,5.000926961487813,5.0608182424909876,4.921071444176655,5.010908603668213,10947900,0.0,0.0
2025-05-23 00:00:00-04:00,5.054863998898711,5.124793119778,4.994924956582106,5.094823360443115,12675800,0.004,0.0
2025-05-27 00:00:00-04:00,5.014904378288996,5.264650613216443,5.004914776595531,5.214701175689697,19008300,0.0,0.0
2025-05-28 00:00:00-04:00,5.134782992750876,5.264651162794876,5.094823629099365,5.254661560058594,12706200,0.0,0.0
2025-05-29 00:00:00-04:00,5.314600678043477,5.374539724338495,5.1547627449035645,5.1547627449035645,11198000,0.0,0.0
2025-05-30 00:00:00-04:00,5.124793188793647,5.154762472178964,5.024894783587304,5.134782791137695,11708700,0.0,0.0
2025-06-02 00:00:00-04:00,5.274641041118074,5.724184103263398,5.274641041118074,5.624285697937012,28853800,0.0,0.0
2025-06-03 00:00:00-04:00,5.574336258601522,5.784123148020132,5.484427455606927,5.764143466949463,19660500,0.0,0.0
2025-06-04 00:00:00-04:00,5.814093236206907,6.13376815139418,5.794113554007702,6.103798866271973,25805500,0.0,0.0
2025-06-05 00:00:00-04:00,6.453443390961109,6.892996865345667,6.2836158580905765,6.443453311920166,54751500,0.0,0.0
2025-06-06 00:00:00-04:00,6.463432927453911,6.483412608977989,6.1837173861168235,6.263636112213135,31545600,0.0,0.0
2025-06-09 00:00:00-04:00,6.4134837512512055,6.453443112987405,6.213686466217041,6.213686466217041,21299000,0.0,0.0
2025-06-10 00:00:00-04:00,6.233665868042485,6.243655946205924,6.07382842825262,6.123777866363525,14976700,0.0,0.0
2025-06-11 00:00:00-04:00,6.1137879215877575,6.193706643226318,6.003899917511314,6.063838958740234,16075800,0.0,0.0
2025-06-12 00:00:00-04:00,6.09380858396203,6.163737707505944,5.943960734284032,5.983920097351074,18370700,0.0,0.0
2025-06-13 00:00:00-04:00,5.993910448556968,6.10379894015941,5.963940686718773,6.003900527954102,18786100,0.0,0.0
2025-06-16 00:00:00-04:00,6.033869332433791,6.093808374978782,5.88402148789473,5.933970928192139,18523500,0.0,0.0
2025-06-17 00:00:00-04:00,6.033869335487704,6.103798456668837,5.894011569478605,6.07382869720459,29216300,0.0,0.0
2025-06-18 00:00:00-04:00,6.033869332433791,6.053849013282122,5.90400116874306,5.933970928192139,28406700,0.0,0.0
2025-06-20 00:00:00-04:00,5.8540522699440585,5.983919958726822,5.734173707166874,5.764143466949463,27357600,0.0,0.0
2025-06-23 00:00:00-04:00,5.774133749394303,5.874032158272436,5.7241843067786435,5.814093112945557,24658200,0.0,0.0
2025-06-24 00:00:00-04:00,5.68422467639559,5.814092840017417,5.524387229693749,5.7941131591796875,17402300,0.0,0.0
2025-06-25 00:00:00-04:00,5.794113566224515,5.854052612948509,5.734174043147321,5.824082851409912,20162400,0.0,0.0
2025-06-26 00:00:00-04:00,5.88402182354173,6.003900391823208,5.794113492772112,5.993910312652588,22492300,0.0,0.0
2025-06-27 00:00:00-04:00,5.824082511160634,5.87403195202246,5.714194027076516,5.834072589874268,25587100,0.0,0.0
2025-06-30 00:00:00-04:00,5.854052405559781,5.993910176294426,5.844062326616428,5.983920097351074,19035100,0.0,0.0
2025-07-01 00:00:00-04:00,5.993909902694066,6.0638390230459684,5.894011499586464,5.963940143585205,21537100,0.0,0.0
2025-07-02 00:00:00-04:00,5.993909769602257,6.153747211025309,5.904000970625216,6.023879528045654,27021400,0.0,0.0
2025-07-03 00:00:00-04:00,6.013889519539556,6.093808241178117,5.983919760748519,6.063838958740234,9148700,0.0,0.0
2025-07-07 00:00:00-04:00,5.963940348006842,6.183717318729863,5.874032020304858,6.15374755859375,21279700,0.0,0.0
2025-07-08 00:00:00-04:00,6.1537474087880994,6.1537474087880994,5.554356507835897,5.584326267242432,36490200,0.0,0.0
2025-07-09 00:00:00-04:00,5.584326337313442,5.784123148020132,5.474437853248177,5.764143466949463,23400000,0.0,0.0
2025-07-10 00:00:00-04:00,5.844062395495196,5.904001440802206,5.684224941343167,5.884021759033203,15032800,0.0,0.0
2025-07-11 00:00:00-04:00,6.013889595108419,6.3435545641865385,6.003899992954651,6.31358528137207,33888700,0.0,0.0
2025-07-14 00:00:00-04:00,6.413483464159229,6.473422504080428,6.103798186389792,6.123777866363525,22000600,0.0,0.0
2025-07-15 00:00:00-04:00,6.153747833593385,6.18371759506879,5.933971329402135,6.103798866271973,22944300,0.0,0.0
2025-07-16 00:00:00-04:00,6.123778274945221,6.143757956252009,5.834072657820207,6.013889789581299,24999100,0.0,0.0
2025-07-17 00:00:00-04:00,5.93397058814421,5.993909627254378,5.834072189627266,5.943960189819336,16671600,0.0,0.0
2025-07-18 00:00:00-04:00,5.993910248926195,5.993910248926195,5.784123352105523,5.814093112945557,14048900,0.0,0.0
2025-07-21 00:00:00-04:00,5.953950343649926,6.183716901340727,5.943960265494474,6.053848743438721,16385000,0.0,0.0
2025-07-22 00:00:00-04:00,6.123778407261325,6.34355490638469,6.073828964738512,6.303595542907715,26496600,0.0,0.0
2025-07-23 00:00:00-04:00,6.283615452720795,6.383513854919624,6.183717050521966,6.27362585067749,17962000,0.0,0.0
2025-07-24 00:00:00-04:00,6.193706716167394,6.253646234455357,6.093808312942726,6.173727035522461,14805100,0.0,0.0
2025-07-25 00:00:00-04:00,6.103798322376169,6.19370664608446,6.003899920281869,6.133767604827881,20540200,0.0,0.0
2025-07-28 00:00:00-04:00,6.013890201071605,6.053849566419333,5.894012105028421,5.973930835723877,12301100,0.0,0.0
2025-07-29 00:00:00-04:00,5.983920029444528,6.04385954971807,5.884021622910589,6.013889789581299,18131100,0.0,0.0
2025-07-30 00:00:00-04:00,5.943960944857901,6.043859832417757,5.794113566224515,5.824082851409912,18341600,0.0,0.0
2025-07-31 00:00:00-04:00,5.814092976296587,5.83407265760263,5.68422480963072,5.734173774719238,14981500,0.0,0.0
2025-08-01 00:00:00-04:00,5.864041730859039,5.894011489918743,5.614295485323103,5.684224605560303,19458000,0.0,0.0
2025-08-04 00:00:00-04:00,5.784123017991521,5.973930222072545,5.75415373523582,5.963940143585205,14614200,0.0,0.0
2025-08-05 00:00:00-04:00,5.894011439801561,6.163737363632749,5.854052078963841,6.133767604827881,20461300,0.0,0.0
2025-08-06 00:00:00-04:00,6.1737275157925895,6.203697277267995,6.033869740398157,6.103798866271973,21875500,0.0,0.0
2025-08-07 00:00:00-04:00,6.9529354351911055,7.402478481530201,6.932955754828327,7.212671279907227,67812000,0.0,0.0
2025-08-08 00:00:00-04:00,7.2925908876364245,7.652225154381895,7.182702401287607,7.592286109924316,32404300,0.0,0.0
2025-08-11 00:00:00-04:00,7.36251933589401,7.572306224008497,7.242641250215208,7.542336940765381,23350400,0.0,0.0
2025-08-12 00:00:00-04:00,7.662214756011963,7.762113157218457,7.592285636990841,7.662214756011963,17519300,0.0,0.0
2025-08-13 00:00:00-04:00,7.742133414250411,7.812062532704967,7.602275653694446,7.762113094329834,19163000,0.0,0.0
2025-08-14 00:00:00-04:00,7.712163580361206,7.86201141766467,7.58229589929447,7.652224540710449,21170500,0.0,0.0
2025-08-15 00:00:00-04:00,7.662214756011963,7.822052197942353,7.54233667456417,7.662214756011963,24215200,0.0,0.0
2025-08-18 00:00:00-04:00,7.712163858319018,7.782092978608489,7.662214894986391,7.742133617401123,15556900,0.0,0.0
2025-08-19 00:00:00-04:00,7.732143598510857,7.742133677066267,7.392489025630682,7.432448387145996,19431400,0.0,0.0
2025-08-20 00:00:00-04:00,7.492387702495019,7.652225154381895,7.4424382606037796,7.592286109924316,21329500,0.0,0.0
2025-08-21 00:00:00-04:00,7.542336943109103,7.722154071683183,7.512367183503506,7.682194709777832,13725800,0.0,0.0
2025-08-22 00:00:00-04:00,7.606232508226118,8.036019448496571,7.566252349903336,7.886093616485596,19201400,0.004,0.0
2025-08-25 00:00:00-04:00,7.906084104490737,7.9860444252712535,7.836119062108338,7.856109142303467,14007800,0.0,0.0
2025-08-26 00:00:00-04:00,7.846113556670673,8.02602427138197,7.846113556670673,7.996039390563965,21102500,0.0,0.0
2025-08-27 00:00:00-04:00,7.876099450909581,8.056010654484368,7.776149047035321,8.02602481842041,16887400,0.0,0.0
2025-08-28 00:00:00-04:00,8.155960352370176,8.225925394813823,8.016030267482881,8.066004753112793,17946500,0.0,0.0
2025-08-29 00:00:00-04:00,8.075999485345024,8.535771775742484,8.06600420761413,8.505786895751953,20319300,0.0,0.0
2025-09-02 00:00:00-04:00,8.845619520112994,8.935574168292595,8.415832070489657,8.915584564208984,26810300,0.0,0.0
2025-09-03 00:00:00-04:00,9.005539345772254,9.075504383498982,8.765658399393056,8.975553512573242,28184200,0.0,0.0
2025-09-04 00:00:00-04:00,8.815633366810912,9.015535119663731,8.745668325233748,8.845619201660156,20796700,0.0,0.0
2025-09-05 00:00:00-04:00,9.095494714425705,9.115484316196083,8.82562794150966,9.015534400939941,22825700,0.0,0.0
2025-09-08 00:00:00-04:00,9.445320934216557,10.274909909138302,9.405340777107153,10.114989280700684,49598600,0.0,0.0
2025-09-09 00:00:00-04:00,10.01504044440672,10.214941251508183,9.71518875715341,10.17496109008789,35594200,0.0,0.0
2025-09-10 00:00:00-04:00,10.254920570015262,10.994553972096899,10.254920570015262,10.964569091796875,33589800,0.0,0.0
2025-09-11 00:00:00-04:00,10.83463282537843,11.37436541117541,10.77466211442227,11.144478797912598,36456200,0.0,0.0
2025-09-12 00:00:00-04:00,11.354375969585002,11.504302285072407,11.154475168804003,11.204450607299805,27554700,0.0,0.0
2025-09-15 00:00:00-04:00,11.164469993914183,11.894108125445213,11.154474715980346,11.754178047180176,28824000,0.0,0.0
2025-09-16 00:00:00-04:00,11.594257564800909,11.76417347909143,11.3343860543328,11.344381332397461,28865200,0.0,0.0
2025-09-17 00:00:00-04:00,10.874613637209718,11.494306572839408,10.874613637209718,11.02453899383545,30349600,0.0,0.0
2025-09-18 00:00:00-04:00,10.91459382164055,11.004549417109361,10.374861202029848,10.764668464660645,27170000,0.0,0.0
2025-09-19 00:00:00-04:00,10.83463315888447,11.094504659023535,10.654721973680175,10.954573631286621,145814100,0.0,0.0
2025-09-22 00:00:00-04:00,11.414346086636362,11.514296958375896,10.994553950453772,11.22443962097168,35300200,0.0,0.0
2025-09-23 00:00:00-04:00,11.294405469266154,11.56427129441776,11.084509403836174,11.164469718933105,27568900,0.0,0.0
2025-09-24 00:00:00-04:00,11.164469509774486,11.424341005572073,10.904598013976901,10.944578170776367,21236000,0.0,0.0
2025-09-25 00:00:00-04:00,11.144479068443262,11.684211667342174,11.064518754028766,11.524291038513184,25660500,0.0,0.0
2025-09-26 00:00:00-04:00,11.634236884781584,11.954078134165949,11.514296416262448,11.66422176361084,24282800,0.0,0.0
2025-09-29 00:00:00-04:00,11.99405850490982,12.0340386617981,11.714197406691852,11.884113311767578,23532600,0.0,0.0
2025-09-30 00:00:00-04:00,11.554277714788695,12.253930993591663,11.474316441334846,12.094010353088379,20725500,0.0,0.0
2025-10-01 00:00:00-04:00,12.21394993467412,12.543786469740912,12.064023630333311,12.25393009185791,15678200,0.0,0.0
2025-10-02 00:00:00-04:00,12.363875448676978,12.46382631955413,11.564271341266219,12.05402946472168,17427000,0.0,0.0
2025-10-03 00:00:00-04:00,11.994058688959033,12.19395947646792,11.574266558589294,11.894107818603516,21030600,0.0,0.0
2025-10-06 00:00:00-04:00,12.074019855154221,12.713703373481078,11.99405953451364,12.463827133178711,18933900,0.0,0.0
2025-10-07 00:00:00-04:00,12.443836651083855,12.453831929524453,11.944084167480469,11.944084167480469,16618200,0.0,0.0
2025-10-08 00:00:00-04:00,12.403856065286845,13.353385560940463,12.20395526933906,13.333395957946777,22754800,0.0,0.0
2025-10-09 00:00:00-04:00,13.693216866007452,13.833147894410642,12.503806460787859,12.78366756439209,23796600,0.0,0.0
2025-10-10 00:00:00-04:00,13.023548719527833,13.143489194427605,12.373870908853528,12.533791542053223,19922100,0.0,0.0
2025-10-13 00:00:00-04:00,13.493316285107314,13.723201956872105,13.303410771614754,13.473325729370117,19179800,0.0,0.0
2025-10-14 00:00:00-04:00,13.143489528536266,13.64324199659015,13.083519766163025,13.28342056274414,13625100,0.0,0.0
2025-10-15 00:00:00-04:00,13.79316796269826,14.6327522404663,13.753187804385599,14.152989387512207,22147200,0.0,0.0
2025-10-16 00:00:00-04:00,14.282924844749568,15.432355087353196,14.093019334994986,15.232454299926758,27116000,0.0,0.0
2025-10-17 00:00:00-04:00,14.782678201749272,14.872633799940392,13.553287568343181,13.923104286193848,24893200,0.0,0.0
2025-10-20 00:00:00-04:00,14.302916576147688,14.552792819277295,14.033049776030646,14.462837219238281,13110000,0.0,0.0
2025-10-21 00:00:00-04:00,12.973573445408098,13.153484636606146,12.62374729421455,12.803658485412598,20667600,0.0,0.0
2025-10-22 00:00:00-04:00,12.333891305307132,13.19346522401848,12.283915866883891,12.983569145202637,16725100,0.0,0.0
2025-10-23 00:00:00-04:00,13.293414977445172,13.343390411645014,12.853632300329119,12.923598289489746,13830600,0.0,0.0
2025-10-24 00:00:00-04:00,12.713702587506594,13.073524008144668,12.6437365963698,12.943588256835938,12861900,0.0,0.0
2025-10-27 00:00:00-04:00,12.403855363047018,12.863627644298175,12.014049071318126,12.353879928588867,16738200,0.0,0.0
2025-10-28 00:00:00-04:00,12.143984301138856,12.90360826312869,12.024043826067118,12.743687629699707,13444200,0.0,0.0
2025-10-29 00:00:00-04:00,13.193465442871412,13.243440882123645,12.39386127444237,12.523797035217285,18566200,0.0,0.0
2025-10-30 00:00:00-04:00,12.353880252383584,13.033543891143285,12.343885927791709,12.8936128616333,13871100,0.0,0.0
2025-10-31 00:00:00-04:00,12.893613268577488,12.943588705922801,12.56377671658147,12.863628387451172,25647700,0.0,0.0
2025-11-03 00:00:00-05:00,12.773672693073733,13.213455394502866,12.523796461462421,12.753683090209961,18094600,0.0,0.0
2025-11-04 00:00:00-05:00,12.203955086367515,12.43384075996029,11.824143103160077,11.96407413482666,16350000,0.0,0.0
2025-11-05 00:00:00-05:00,12.193960459858383,12.37387165972652,11.804154131080383,12.104004859924316,17277800,0.0,0.0
2025-11-06 00:00:00-05:00,13.813157882093238,15.412366157685884,13.323400693228782,13.543292045593262,36366700,0.0,0.0
2025-11-07 00:00:00-05:00,13.553287610388091,14.053040087931569,13.243440654902164,13.873128890991211,19523000,0.0,0.0
2025-11-10 00:00:00-05:00,14.522805591431851,15.292424804021378,14.422855675683971,15.012563705444336,19403800,0.0,0.0
2025-11-11 00:00:00-05:00,15.162490237333506,15.342401434183783,14.412861521393625,14.762688636779785,11708800,0.0,0.0
2025-11-12 00:00:00-05:00,14.912613549838381,16.092029665776415,14.792673073282304,15.522311210632324,20744600,0.0,0.0
2025-11-13 00:00:00-05:00,15.492327131108626,15.512317688169704,14.682727680977194,14.832653999328613,17164400,0.0,0.0
2025-11-14 00:00:00-05:00,13.903113542446436,14.802668559045168,13.673227864121479,14.592772483825684,13728100,0.0,0.0
2025-11-17 00:00:00-05:00,14.292919984035544,14.702716832592573,13.663231794837376,13.973077774047852,13702900,0.0,0.0
2025-11-18 00:00:00-05:00,14.093019709328475,14.372880819159054,13.833148202170424,14.05303955078125,12091800,0.0,0.0
2025-11-19 00:00:00-05:00,14.402866631077982,14.842649356736587,13.763184052959623,14.103014945983887,11475600,0.0,0.0
2025-11-20 00:00:00-05:00,14.242945824151843,14.68272759159387,13.103509815066896,13.203460693359375,16853900,0.0,0.0
2025-11-21 00:00:00-05:00,13.163479822116939,13.393365495297283,12.793663117521055,13.37337589263916,23587500,0.0,0.0
2025-11-24 00:00:00-05:00,13.387373988828488,14.527149775605851,13.37737572142129,14.45716381072998,14777000,0.004,0.0
2025-11-25 00:00:00-05:00,14.48715761216148,15.257007037231414,14.387177798877724,14.97706127166748,15963300,0.0,0.0
2025-11-26 00:00:00-05:00,15.137030343508007,16.206819183998007,15.037049579020294,15.966867446899414,19718000,0.0,0.0
2025-11-28 00:00:00-05:00,16.396782300151365,16.956671906544,16.25681037529682,16.816699981689453,14115700,0.0,0.0
2025-12-01 00:00:00-05:00,17.23661727694228,17.396585732326596,16.546752121238423,17.09664535522461,24529400,0.0,0.0
2025-12-02 00:00:00-05:00,17.116642268204117,17.546556309717552,16.496763059622282,17.516563415527344,20950500,0.0,0.0
2025-12-03 00:00:00-05:00,17.64653812704972,18.116447171817633,17.206623885237597,17.356595993041992,15206700,0.0,0.0
2025-12-04 00:00:00-05:00,17.026659775945724,17.246615930284932,16.63673498860535,16.816699981689453,16620200,0.0,0.0
2025-12-05 00:00:00-05:00,17.056653490861994,17.476571192605352,16.726718289990394,16.966670989990234,16472900,0.0,0.0
2025-12-08 00:00:00-05:00,16.986667181916292,17.056653146297297,15.836893135861741,15.846891403198242,15204800,0.0,0.0
2025-12-09 00:00:00-05:00,15.986863807274323,17.276611727411577,15.946871690226544,16.996665954589844,16835700,0.0,0.0
2025-12-10 00:00:00-05:00,16.836696620390285,17.436579298738824,16.64673335906878,17.186628341674805,17799900,0.0,0.0
2025-12-11 00:00:00-05:00,17.52656206720646,19.676139949844398,17.336598802943723,19.34620475769043,34340600,0.0,0.0
2025-12-12 00:00:00-05:00,20.036070888781808,20.186041091020382,18.386392943233773,18.806310653686523,25492400,0.0,0.0
2025-12-15 00:00:00-05:00,19.626147719901034,19.736126747936545,18.53636333426262,18.8363037109375,17759100,0.0,0.0
2025-12-16 00:00:00-05:00,18.696332756967877,19.2962135413619,18.516367758859868,19.01626968383789,16188100,0.0,0.0
2025-12-17 00:00:00-05:00,19.62614894233785,19.726129709781695,19.10625238418401,19.406192779541016,19415400,0.0,0.0
2025-12-18 00:00:00-05:00,19.246224166477152,19.956083986620232,18.98627493591117,19.026268005371094,18615300,0.0,0.0
2025-12-19 00:00:00-05:00,19.156241325341476,20.565964580081964,19.146243058154905,19.666141510009766,139790100,0.0,0.0
2025-12-22 00:00:00-05:00,20.495979578096325,20.94589208772241,20.246028607631732,20.545969009399414,23635000,0.0,0.0
2025-12-23 00:00:00-05:00,21.03587319476849,21.185843385707877,19.85610438728963,20.296016693115234,19527700,0.0,0.0
2025-12-24 00:00:00-05:00,20.376002210380577,20.376002210380577,19.42618966972837,19.82611083984375,11256400,0.0,0.0
2025-12-26 00:00:00-05:00,20.326012865553118,20.37600229691438,19.616153023955473,20.1960391998291,20251800,0.0,0.0
2025-12-29 00:00:00-05:00,19.176237215688083,19.766121611063426,18.696331848696943,19.19623374938965,23633100,0.0,0.0
2025-12-30 00:00:00-05:00,19.666142448455062,19.936089954450644,19.196235310109643,19.486177444458008,17505900,0.0,0.0
2025-12-31 00:00:00-05:00,18.986273905359507,19.656142526657526,18.926286211400186,19.186235427856445,14486900,0.0,0.0
2026-01-02 00:00:00-05:00,19.646144424466446,19.676139225184663,18.036461592077416,18.86629867553711,17776600,0.0,0.0
2026-01-05 00:00:00-05:00,19.396194337153712,20.45598588576072,19.1062522118537,19.72612953186035,22053100,0.0,0.0
2026-01-06 00:00:00-05:00,20.026072190757105,22.27563089692556,19.896096619828295,22.26563262939453,29408700,0.0,0.0
2026-01-07 00:00:00-05:00,21.085862730638084,21.405799648138846,19.306211243322036,21.365808486938477,27037000,0.0,0.0
2026-01-08 00:00:00-05:00,20.465983471329423,21.115857478716315,20.206034249769555,21.005878448486328,16883800,0.0,0.0
2026-01-09 00:00:00-05:00,21.485784028715102,22.615563421936475,21.17584537607693,22.44559669494629,20405700,0.0,0.0
2026-01-12 00:00:00-05:00,23.925305398251602,24.885116137287927,23.255436771517093,24.4552001953125,25656800,0.0,0.0
2026-01-13 00:00:00-05:00,25.135068214769973,25.475001676814834,24.045281864151075,24.30523109436035,22621800,0.0,0.0
2026-01-14 00:00:00-05:00,25.245046342963416,25.345027105914593,23.51538619971345,23.795330047607422,24194200,0.0,0.0
2026-01-15 00:00:00-05:00,23.53538283545191,25.385018376660486,23.22544227826581,25.215051651000977,22547300,0.0,0.0
2026-01-16 00:00:00-05:00,24.59517570941718,26.574786924486546,24.035286073301258,26.5347957611084,28348400,0.0,0.0
2026-01-20 00:00:00-05:00,28.044497562978176,28.34443986572726,26.634774270283632,28.234460830688477,35003700,0.0,0.0
2026-01-21 00:00:00-05:00,29.194273169034997,29.324246830404977,27.814542788779328,28.87433433532715,37765500,0.0,0.0
2026-01-22 00:00:00-05:00,29.1842746223207,31.72377538418675,29.06429732245699,31.283863067626953,32391700,0.0,0.0
2026-01-23 00:00:00-05:00,31.86375013370656,32.15369226399523,30.64398819346067,31.803760528564453,31827600,0.0,0.0
2026-01-26 00:00:00-05:00,33.59340802151195,34.1632959140699,29.804152400535212,29.964120864868164,53775700,0.0,0.0
2026-01-27 00:00:00-05:00,29.844144046184454,29.98411596905383,27.074687040722747,28.304445266723633,43162100,0.0,0.0
2026-01-28 00:00:00-05:00,28.934324348711794,28.984313779105737,26.72475681836295,27.184667587280273,37652400,0.0,0.0
2026-01-29 00:00:00-05:00,27.54459475537568,27.99450724169267,25.3050344048772,26.314836502075195,37025900,0.0,0.0
2026-01-30 00:00:00-05:00,23.58537284694871,24.995096115293293,22.125658242188845,22.515583038330078,49275800,0.0,0.0
2026-02-02 00:00:00-05:00,22.3156219870906,22.96549411868558,20.945891758386892,21.545772552490234,29625500,0.0,0.0
2026-02-03 00:00:00-05:00,23.545379039218655,23.675354602846678,22.12565754812643,23.435401916503906,31299300,0.0,0.0
2026-02-04 00:00:00-05:00,24.205249516797537,24.395212776157553,21.765729574063894,23.105466842651367,25815800,0.0,0.0
2026-02-05 00:00:00-05:00,21.745732766039563,22.87551022699954,20.8958991501098,21.305818557739258,24612600,0.0,0.0
2026-02-06 00:00:00-05:00,22.17564904069541,23.205445755202316,22.145654239573815,22.765533447265625,19052800,0.0,0.0
2026-02-09 00:00:00-05:00,23.355418486486027,24.115269639379182,23.125462152273656,23.935304641723633,18278400,0.0,0.0
2026-02-10 00:00:00-05:00,23.505389215085277,23.855320951018125,22.93550131423942,22.975492477416992,14170600,0.0,0.0
2026-02-11 00:00:00-05:00,24.05528059707183,24.25524213401813,22.505585360148917,23.685354232788086,18293400,0.0,0.0
2026-02-12 00:00:00-05:00,23.415406903071634,23.56537710340255,20.765927007310246,20.885902404785156,33572300,0.0,0.0
2026-02-13 00:00:00-05:00,21.35581114097354,22.865515204146625,21.27582690814862,22.59556770324707,17168200,0.0,0.0
2026-02-17 00:00:00-05:00,22.04567472823796,22.04567472823796,20.465984678629237,21.2358341217041,24173500,0.0,0.0
2026-02-18 00:00:00-05:00,23.115464883468913,23.525384292251967,21.89570301706375,22.01568031311035,27865300,0.0,0.0
2026-02-19 00:00:00-05:00,22.085666649942905,22.845517785887697,21.495782240551218,22.78553009033203,22689500,0.0,0.0
2026-02-20 00:00:00-05:00,23.325424105502613,24.055280469633292,22.075669273645477,24.015289306640625,33408600,0.0,0.0
2026-02-23 00:00:00-05:00,24.44520510868252,25.205054363178004,23.63536261009141,23.985294342041016,25256300,0.0,0.0
2026-02-24 00:00:00-05:00,23.265436265063297,24.0352856944471,22.445597405501122,23.63536262512207,18310000,0.0,0.0
2026-02-25 00:00:00-05:00,24.325227950896522,24.39521391630679,23.265436388309894,23.30542755126953,17166100,0.0,0.0
2026-02-26 00:00:00-05:00,22.7455370064483,24.60517273017436,22.675551043852064,24.535186767578125,20124400,0.0,0.0
2026-02-27 00:00:00-05:00,24.72514822593397,25.00509398447916,24.21524804446299,24.905113220214844,24063200,0.0,0.0
2026-03-02 00:00:00-05:00,24.3352257234519,24.645164381240086,23.16545514931154,24.625167846679688,24150600,0.0,0.0
2026-03-03 00:00:00-05:00,22.465591049484033,22.64555604140364,20.485979952317233,21.695743560791016,29948300,0.0,0.0
2026-03-04 00:00:00-05:00,22.075668503316933,22.39560542399226,21.435794661966273,21.7557315826416,15670400,0.0,0.0
2026-03-05 00:00:00-05:00,21.08586345159264,21.2858249853548,20.096057864116435,20.79591941833496,21971600,0.0,0.0
2026-03-06 00:00:00-05:00,20.286020821183286,20.835912170183022,19.89609602698988,20.38599967956543,17124900,0.0,0.0
2026-03-09 00:00:00-04:00,19.829999923706055,21.149999618530273,18.90999984741211,21.079999923706055,20540100,0.004,0.0
2026-03-10 00:00:00-04:00,21.760000228881836,22.68000030517578,21.469999313354492,22.010000228881836,15327200,0.0,0.0
2026-03-11 00:00:00-04:00,21.280000686645508,21.520000457763672,20.540000915527344,21.149999618530273,15339600,0.0,0.0
2026-03-12 00:00:00-04:00,21.0,21.18000030517578,20.200000762939453,20.530000686645508,12948100,0.0,0.0
2026-03-13 00:00:00-04:00,20.399999618530273,20.670000076293945,19.350000381469727,19.610000610351562,17046300,0.0,0.0
2026-03-16 00:00:00-04:00,19.729999542236328,20.149999618530273,19.049999237060547,19.8799991607666,16577500,0.0,0.0
2026-03-17 00:00:00-04:00,20.0,20.290000915527344,19.399999618530273,19.6200008392334,12266900,0.0,0.0
2026-03-18 00:00:00-04:00,19.239999771118164,19.450000762939453,18.229999542236328,18.5,21263200,0.0,0.0
2026-03-19 00:00:00-04:00,16.799999237060547,17.8799991607666,16.25,17.610000610351562,26757800,0.0,0.0
2026-03-20 00:00:00-04:00,17.68000030517578,17.850000381469727,16.56999969482422,17.239999771118164,38286800,0.0,0.0
2026-03-23 00:00:00-04:00,17.229999542236328,18.260000228881836,17.1200008392334,17.809999465942383,25344500,0.0,0.0
2026-03-24 00:00:00-04:00,17.530000686645508,18.049999237060547,17.06999969482422,17.93000030517578,16967200,0.0,0.0
2026-03-25 00:00:00-04:00,18.889999389648438,18.93000030517578,18.139999389648438,18.360000610351562,15511400,0.0,0.0
2026-03-26 00:00:00-04:00,17.530000686645508,18.020000457763672,17.15999984741211,17.190000534057617,15171600,0.0,0.0
2026-03-27 00:00:00-04:00,17.100000381469727,18.270000457763672,17.049999237060547,17.93000030517578,13281800,0.0,0.0
2026-03-30 00:00:00-04:00,18.329999923706055,18.459999084472656,16.8799991607666,17.219999313354492,16740300,0.0,0.0
2026-03-31 00:00:00-04:00,17.639999389648438,18.700000762939453,17.639999389648438,18.6299991607666,21479300,0.0,0.0
2026-04-01 00:00:00-04:00,19.170000076293945,19.770000457763672,18.850000381469727,19.18000030517578,15917700,0.0,0.0
2026-04-02 00:00:00-04:00,17.979999542236328,19.260000228881836,17.950000762939453,19.18000030517578,11625100,0.0,0.0
2026-04-06 00:00:00-04:00,19.0,19.399999618530273,18.709999084472656,19.1200008392334,10151481,0.0,0.0
