Date,Open,High,Low,Close,Volume,Dividends,Stock Splits
2022-01-03 00:00:00-05:00,59.27596574690973,60.16776035009755,58.86801626631586,59.71237564086914,1958100,0.0,0.0
2022-01-04 00:00:00-05:00,60.62315462357141,61.95136287004884,60.32905038667354,61.666744232177734,1930500,0.0,0.0
2022-01-05 00:00:00-05:00,61.571866079281534,62.216995304855715,60.499812569272095,60.5187873840332,1218500,0.0,0.0
2022-01-06 00:00:00-05:00,60.14879146219133,61.67622976874261,60.0823814157392,60.98366165161133,1042500,0.0,0.0
2022-01-07 00:00:00-05:00,60.61366227617141,61.30623039888787,59.65545758458032,59.68391799926758,1025100,0.0,0.0
2022-01-10 00:00:00-05:00,59.77878785631756,60.09186689101534,58.67827386426891,59.37084197998047,965500,0.0,0.0
2022-01-11 00:00:00-05:00,59.4087873699317,60.8982796448943,59.351866541729706,60.803401947021484,622800,0.0,0.0
2022-01-12 00:00:00-05:00,61.14494283335516,61.50546072220201,60.205712955129655,60.831871032714844,579900,0.0,0.0
2022-01-13 00:00:00-05:00,61.315713592940845,62.10315219293049,60.62315269465784,60.793922424316406,803600,0.0,0.0
2022-01-14 00:00:00-05:00,59.247512183216124,60.42392191329327,58.98186835781453,60.2816162109375,1072200,0.0,0.0
2022-01-18 00:00:00-05:00,59.43725027478016,59.82622494277261,58.85853107187228,59.361351013183594,878000,0.0,0.0
2022-01-19 00:00:00-05:00,60.1013496467393,60.632633611214324,57.29314216110546,57.30263137817383,967500,0.0,0.0
2022-01-20 00:00:00-05:00,57.79595984021252,58.19442370280321,55.45262636723623,55.61390686035156,956400,0.0,0.0
2022-01-21 00:00:00-05:00,55.75622661329727,56.62904652127733,54.91186712259764,55.71827697753906,1332400,0.0,0.0
2022-01-24 00:00:00-05:00,54.67467738444573,56.16416593584686,52.92903426687631,55.945960998535156,1675100,0.0,0.0
2022-01-25 00:00:00-05:00,55.06366018100577,55.78468514060124,53.85878642957701,55.04468536376953,1067200,0.0,0.0
2022-01-26 00:00:00-05:00,56.13570980686347,56.13570980686347,53.55519620564616,54.11494064331055,1396700,0.0,0.0
2022-01-27 00:00:00-05:00,54.64621497599997,55.27236939442436,51.591342143845026,52.35980224609375,997800,0.0,0.0
2022-01-28 00:00:00-05:00,51.98980651457111,52.91955080826771,50.984166573978975,52.891090393066406,1225100,0.0,0.0
2022-01-31 00:00:00-05:00,52.79621697669352,54.41852569580078,52.23647258822613,54.41852569580078,1425500,0.0,0.0
2022-02-01 00:00:00-05:00,53.792371748981616,54.61775632279897,52.056214121594884,54.3331413269043,1986500,0.0,0.0
2022-02-02 00:00:00-05:00,54.627240167904496,55.07313562396068,53.14723726809444,54.39006042480469,1765100,0.0,0.0
2022-02-03 00:00:00-05:00,53.403392315122765,54.57031622759598,52.66338904888739,52.67287826538086,1268100,0.0,0.0
2022-02-04 00:00:00-05:00,52.407246163953175,52.929040959948885,51.28775730465082,52.454681396484375,1162200,0.0,0.0
2022-02-07 00:00:00-05:00,52.29339457365761,53.37493374368343,52.27441975780571,52.748779296875,1424900,0.0,0.0
2022-02-08 00:00:00-05:00,52.55903953498723,53.83980887107395,52.55903953498723,53.7259635925293,1206900,0.0,0.0
2022-02-09 00:00:00-05:00,54.54186542863773,55.395710490669394,54.029556219972925,55.310325622558594,1476600,0.0,0.0
2022-02-10 00:00:00-05:00,54.40904126066003,55.96494369112174,53.74494075756357,54.11494064331055,656900,0.0,0.0
2022-02-11 00:00:00-05:00,54.23826594579939,54.475445706525974,52.51159757723591,53.09031677246094,1541300,0.0,0.0
2022-02-14 00:00:00-05:00,54.03903468558323,54.55134382662013,53.12826529201265,53.811344146728516,1051200,0.0,0.0
2022-02-15 00:00:00-05:00,54.503919085255674,55.651868455447406,54.20032922899135,55.59494400024414,851700,0.0,0.0
2022-02-16 00:00:00-05:00,55.11109481783937,56.47724907236956,55.01622435176172,56.145198822021484,773700,0.0,0.0
2022-02-17 00:00:00-05:00,55.68981618320655,56.13571173357894,54.532377633952905,54.72212219238281,904200,0.0,0.0
2022-02-18 00:00:00-05:00,54.51339992826955,55.38622340317737,53.99160513453753,54.21929931640625,969900,0.0,0.0
2022-02-22 00:00:00-05:00,53.830323852174885,54.57032359929837,53.37493549493991,53.97262954711914,1245400,0.0,0.0
2022-02-23 00:00:00-05:00,54.2003295942538,54.44699499697716,53.58366065883054,53.697505950927734,1523800,0.0,0.0
2022-02-24 00:00:00-05:00,52.06570702304109,54.75058028702978,51.90442288854036,54.465965270996094,1469100,0.0,0.0
2022-02-25 00:00:00-05:00,54.352118988021815,55.98391340548327,54.21929889092246,55.917503356933594,648500,0.0,0.0
2022-02-28 00:00:00-05:00,54.997254962081,55.775204441733074,54.798021173134664,54.940330505371094,1470500,0.0,0.0
2022-03-01 00:00:00-05:00,54.68416676714029,54.92134653529692,53.5267283404316,53.915706634521484,3768600,0.0,0.0
2022-03-02 00:00:00-05:00,54.25724597755909,55.025709779065224,53.94417054521856,54.79801559448242,1064200,0.0,0.0
2022-03-03 00:00:00-05:00,55.08263079526907,55.34827097815461,53.94416718149722,54.380577087402344,1279500,0.0,0.0
2022-03-04 00:00:00-05:00,53.50776412974632,53.944174091554004,52.23648026168477,52.65391540527344,4169900,0.0,0.0
2022-03-07 00:00:00-05:00,52.60647204530334,52.97647189574407,50.57621385739454,50.64262390136719,5383900,0.0,0.0
2022-03-08 00:00:00-05:00,51.022110237004405,53.20416698516129,50.71852042525799,52.30288314819336,3225300,0.0,0.0
2022-03-09 00:00:00-05:00,53.6026315230419,54.19083637774099,50.43390944399637,50.936729431152344,2705500,0.0,0.0
2022-03-10 00:00:00-05:00,50.21569881827515,50.80390360670651,49.437749499005186,50.39595413208008,1578200,0.0,0.0
2022-03-11 00:00:00-05:00,50.633132950406484,51.060057232094735,49.750823974609375,49.750823974609375,828300,0.0,0.0
2022-03-14 00:00:00-04:00,50.082884120592745,50.13031935363675,48.63134137972728,49.19108581542969,1167500,0.0,0.0
2022-03-15 00:00:00-04:00,49.35236919691429,49.73185467454678,48.564930587920344,49.56108856201172,1750900,0.0,0.0
2022-03-16 00:00:00-04:00,50.04492984546966,51.57236809373899,49.76980045262249,50.509803771972656,1628300,0.0,0.0
2022-03-17 00:00:00-04:00,50.37698052177904,51.373138427734375,50.06390511462313,51.373138427734375,886000,0.0,0.0
2022-03-18 00:00:00-04:00,51.14544386065619,51.49646889595162,50.642623922064665,50.70903396606445,2549300,0.0,0.0
2022-03-21 00:00:00-04:00,50.52878179643135,50.6805767200538,49.5705770196415,49.997501373291016,1945600,0.0,0.0
2022-03-22 00:00:00-04:00,50.47186096199572,50.490835779833084,49.75083236048176,49.997501373291016,3253200,0.0,0.0
2022-03-23 00:00:00-04:00,49.5421096721704,49.5421096721704,48.194926746781476,48.34672164916992,2301400,0.0,0.0
2022-03-24 00:00:00-04:00,48.67878318937052,48.67878318937052,48.062114265103254,48.479549407958984,2543100,0.0,0.0
2022-03-25 00:00:00-04:00,48.48903101671432,48.640825919300646,48.07159232029496,48.54595184326172,1917500,0.0,0.0
2022-03-28 00:00:00-04:00,48.34672051482906,48.384670144304756,47.38851589456071,48.05261993408203,2009300,0.0,0.0
2022-03-29 00:00:00-04:00,49.1531414527218,50.42442528404739,48.52698694589436,50.41493606567383,3356700,0.0,0.0
2022-03-30 00:00:00-04:00,50.044926258107516,50.661595043515426,49.266976983052565,49.342872619628906,1357100,0.0,0.0
2022-03-31 00:00:00-04:00,48.991855779474434,49.342880847710425,48.242366790771484,48.242366790771484,1773400,0.0,0.0
2022-04-01 00:00:00-04:00,48.9539122875501,49.05827198503009,47.59724345846371,47.967247009277344,1117300,0.0,0.0
2022-04-04 00:00:00-04:00,47.824933429389866,48.64083249830069,47.81544783004096,48.38467788696289,887900,0.0,0.0
2022-04-05 00:00:00-04:00,48.04313326509804,48.49851798572978,46.658004287458695,46.80979919433594,1299600,0.0,0.0
2022-04-06 00:00:00-04:00,46.1551872376752,46.29749293608568,45.53851835400093,46.098262786865234,1570300,0.0,0.0
2022-04-07 00:00:00-04:00,45.85159506465409,46.079285618120444,44.760566670476535,45.77569580078125,3253300,0.0,0.0
2022-04-08 00:00:00-04:00,45.623898486635454,46.06030837366674,45.130564154700814,45.320308685302734,1059100,0.0,0.0
2022-04-11 00:00:00-04:00,44.84594827289794,46.24056638303849,44.80799864372011,45.6903076171875,1646800,0.0,0.0
2022-04-12 00:00:00-04:00,45.88954098488148,46.62005511234058,45.22543690363901,45.44364547729492,1462000,0.0,0.0
2022-04-13 00:00:00-04:00,45.462619507228474,45.87056902745336,45.35826344172498,45.68082809448242,917100,0.0,0.0
2022-04-14 00:00:00-04:00,45.78518538170701,46.30698381852958,44.91236548570636,44.959800720214844,1675900,0.0,0.0
2022-04-18 00:00:00-04:00,44.62775038404601,45.10210996648083,44.35262095765548,44.56134033203125,1492300,0.0,0.0
2022-04-19 00:00:00-04:00,44.81748959693437,45.936974748446254,44.77953996628625,45.76620864868164,802400,0.0,0.0
2022-04-20 00:00:00-04:00,46.21209816417714,47.293637164212335,46.12671331580197,46.85722732543945,1439700,0.0,0.0
2022-04-21 00:00:00-04:00,47.587748024630535,47.79646737646027,46.468259241486344,46.828773498535156,3781300,0.0,0.0
2022-04-22 00:00:00-04:00,46.5915971699894,46.819287735076685,45.623903220677725,46.098262786865234,2142500,0.0,0.0
2022-04-25 00:00:00-04:00,45.54800398240335,46.29749296604288,44.99774876718946,46.231082916259766,2129100,0.0,0.0
2022-04-26 00:00:00-04:00,45.851600679741814,46.12672649728316,43.01492867894074,43.1572380065918,3115600,0.0,0.0
2022-04-27 00:00:00-04:00,42.8536423873669,43.60313138652688,41.37364282546515,42.085182189941406,4057000,0.0,0.0
2022-04-28 00:00:00-04:00,42.17055535347813,44.16286357339113,42.009271260376885,44.001583099365234,1420500,0.0,0.0
2022-04-29 00:00:00-04:00,43.868775616228874,44.75108110679466,42.92005645481375,43.081336975097656,1439500,0.0,0.0
2022-05-02 00:00:00-04:00,43.05287585451984,43.773900813014215,42.44569618019272,43.71697998046875,1195500,0.0,0.0
2022-05-03 00:00:00-04:00,43.641080373658305,44.74159442962229,43.593645140545675,44.532875061035156,1162100,0.0,0.0
2022-05-04 00:00:00-04:00,44.191337607581474,45.69979750883674,43.546208327246255,45.538516998291016,818900,0.0,0.0
2022-05-05 00:00:00-04:00,44.73210307892275,45.05466768931971,43.56517550375447,44.058509826660156,951900,0.0,0.0
2022-05-06 00:00:00-04:00,43.86877796758581,43.963648441181796,42.82518466264696,43.40390396118164,1294400,0.0,0.0
2022-05-09 00:00:00-04:00,42.682879633215954,43.39441905376756,42.028261050099424,42.23698043823242,1026200,0.0,0.0
2022-05-10 00:00:00-04:00,43.02637261435493,43.245118097074524,41.33346695515457,42.12285614013672,935000,0.11,0.0
2022-05-11 00:00:00-04:00,42.170397255274985,42.75054989343379,40.658197484417165,40.781837463378906,916500,0.0,0.0
2022-05-12 00:00:00-04:00,40.65819328133518,42.0467529296875,40.58210603198121,42.0467529296875,1404900,0.0,0.0
2022-05-13 00:00:00-04:00,42.569845873319885,43.33070395840904,42.31306044184856,42.87419128417969,878000,0.0,0.0
2022-05-16 00:00:00-04:00,42.82663333464919,42.883698777313406,41.77094622762179,42.084800720214844,613300,0.0,0.0
2022-05-17 00:00:00-04:00,42.77908008017089,43.948894429913,42.7220146382176,43.806236267089844,928000,0.0,0.0
2022-05-18 00:00:00-04:00,43.340215572417264,43.53043010475197,41.73291021167188,41.87556838989258,732600,0.0,0.0
2022-05-19 00:00:00-04:00,41.59025439516934,42.97881451352206,41.323956188373195,42.2845344543457,826600,0.0,0.0
2022-05-20 00:00:00-04:00,43.07391944519075,43.31168671486651,41.67584673852427,42.74104309082031,1839400,0.0,0.0
2022-05-23 00:00:00-04:00,43.311681480171615,43.587492350390455,42.37963433105569,43.39727783203125,1204600,0.0,0.0
2022-05-24 00:00:00-04:00,43.026361893028124,43.444830934646816,42.44620923957571,42.97880554199219,1338500,0.0,0.0
2022-05-25 00:00:00-04:00,42.73153176026246,43.37825899018104,42.21795361390822,42.68397903442383,940200,0.0,0.0
2022-05-26 00:00:00-04:00,43.17854007939349,44.357863772336884,43.07392189430125,44.03450012207031,767100,0.0,0.0
2022-05-27 00:00:00-04:00,44.12008909632555,45.03311444007616,44.12008909632555,45.02360534667969,717800,0.0,0.0
2022-05-31 00:00:00-04:00,44.81436749646287,46.10782183706701,44.281771211301226,45.679840087890625,1247000,0.0,0.0
2022-06-01 00:00:00-04:00,45.76543709064486,46.003204329352755,44.548069989433266,45.15675354003906,875700,0.0,0.0
2022-06-02 00:00:00-04:00,45.61327061719163,47.0113432770646,45.14724881592764,46.92574691772461,764300,0.0,0.0
2022-06-03 00:00:00-04:00,46.24097920942932,46.488259210251286,45.38501918545671,45.86055374145508,868100,0.0,0.0
2022-06-06 00:00:00-04:00,46.535807473053225,47.20155651315072,46.050760240794034,46.27901840209961,653900,0.0,0.0
2022-06-07 00:00:00-04:00,45.803481025641936,46.77357180141745,45.64180104369943,46.74504089355469,584800,0.0,0.0
2022-06-08 00:00:00-04:00,46.60238546464224,46.76406546867229,45.9366363752535,46.09832000732422,461200,0.0,0.0
2022-06-09 00:00:00-04:00,45.660818296050685,46.13635276691497,45.42305106061855,45.43256378173828,636600,0.0,0.0
2022-06-10 00:00:00-04:00,44.15813310986507,44.624154879188055,43.68259861902271,43.75868225097656,661200,0.0,0.0
2022-06-13 00:00:00-04:00,42.42718796573534,42.8361479191854,41.8375262113814,41.96116256713867,908100,0.0,0.0
2022-06-14 00:00:00-04:00,42.18941442957189,42.313054394935655,41.01960018877851,41.40953826904297,597700,0.0,0.0
2022-06-15 00:00:00-04:00,41.86605702415262,42.541315130661474,41.51416251665424,42.06578063964844,533600,0.0,0.0
2022-06-16 00:00:00-04:00,40.943517562128825,41.190797520772335,38.90823059010057,39.126976013183594,1133200,0.0,0.0
2022-06-17 00:00:00-04:00,39.11746984493143,39.602513449246,38.26150627491702,39.260128021240234,1766300,0.0,0.0
2022-06-21 00:00:00-04:00,40.34434588140555,40.62015676653012,39.6881095670433,40.31581497192383,1136400,0.0,0.0
2022-06-22 00:00:00-04:00,40.23972658398985,41.06715551358345,39.716635785012336,40.30630111694336,1001300,0.0,0.0
2022-06-23 00:00:00-04:00,40.09706853822845,40.50602849483411,38.82263594444248,39.95440673828125,1172400,0.0,0.0
2022-06-24 00:00:00-04:00,40.42043525176076,41.35248249984826,40.04951889699579,41.0766716003418,1269200,0.0,0.0
2022-06-27 00:00:00-04:00,41.35248105291949,41.54269558482143,40.81037199522523,41.381011962890625,929000,0.0,0.0
2022-06-28 00:00:00-04:00,41.894585602016605,42.14186555528958,40.50602583623471,40.56309127807617,970400,0.0,0.0
2022-06-29 00:00:00-04:00,40.37288015345639,40.40141106275051,39.364745697926786,39.78321838378906,702200,0.0,0.0
2022-06-30 00:00:00-04:00,39.0413857741316,39.84028396212244,38.56585122480468,39.288665771484375,1175100,0.0,0.0
2022-07-01 00:00:00-04:00,39.07942780990005,39.688111427648124,38.28052965459556,38.6038932800293,1882700,0.0,0.0
2022-07-05 00:00:00-04:00,37.91911789967837,38.43269600176957,37.120219839105424,38.3851432800293,1602100,0.0,0.0
2022-07-06 00:00:00-04:00,38.337594470953185,38.64193627479962,37.643314504175976,38.2805290222168,1500000,0.0,0.0
2022-07-07 00:00:00-04:00,38.62291098596871,40.182663497454485,38.613398264681024,40.011470794677734,898600,0.0,0.0
2022-07-08 00:00:00-04:00,39.868810963602414,40.22070910777792,39.36474555172983,39.53593826293945,1166700,0.0,0.0
2022-07-11 00:00:00-04:00,39.18404221081822,39.573980342612536,38.451718670025926,38.499271392822266,1520400,0.0,0.0
2022-07-12 00:00:00-04:00,38.128353883742555,39.08893191514269,38.09031025547877,38.34709930419922,1660800,0.0,0.0
2022-07-13 00:00:00-04:00,37.681350777728916,38.13786343829844,37.120219952188016,38.03324890136719,1736900,0.0,0.0
2022-07-14 00:00:00-04:00,37.22484241424752,37.41505695178579,36.435456981318396,37.26288604736328,1398800,0.0,0.0
2022-07-15 00:00:00-04:00,38.13786662512915,38.71801931351015,37.42456485312768,38.698997497558594,1048700,0.0,0.0
2022-07-18 00:00:00-04:00,39.25061428436871,39.38376335105606,38.071287241635076,38.19492721557617,1421200,0.0,0.0
2022-07-19 00:00:00-04:00,38.97481117824487,40.66771301073757,38.860683902401945,40.62967300415039,1211300,0.0,0.0
2022-07-20 00:00:00-04:00,40.69624174973837,41.53317982400721,40.44896178794608,41.35247802734375,837800,0.0,0.0
2022-07-21 00:00:00-04:00,41.390520054349935,42.17039628266298,41.26688007823981,42.11333084106445,868900,0.0,0.0
2022-07-22 00:00:00-04:00,42.236983429372785,42.5793689251221,41.837536103026,42.12285614013672,1089400,0.0,0.0
2022-07-25 00:00:00-04:00,42.0372486245307,42.72201580649562,41.46660507351309,41.808990478515625,1974300,0.0,0.0
2022-07-26 00:00:00-04:00,38.9938268252353,39.76419397836488,38.78459049593194,39.4788703918457,2614900,0.0,0.0
2022-07-27 00:00:00-04:00,39.431318529239384,41.74241641094244,39.29816945425076,41.495140075683594,1975200,0.0,0.0
2022-07-28 00:00:00-04:00,41.95164862320275,42.60788484033385,41.43807056038371,42.30354309082031,1286900,0.0,0.0
2022-07-29 00:00:00-04:00,42.15137507321242,42.512782285771976,41.66633151080993,42.294036865234375,1323900,0.0,0.0
2022-08-01 00:00:00-04:00,41.942138905137206,42.79810240444209,41.7519280191051,42.33207702636719,1241200,0.0,0.0
2022-08-02 00:00:00-04:00,41.97067850087812,42.72202029859046,41.97067850087812,41.98970031738281,823600,0.0,0.0
2022-08-03 00:00:00-04:00,42.50326948444382,43.53993477079806,42.16088771470964,43.49238204956055,1036400,0.0,0.0
2022-08-04 00:00:00-04:00,43.597005672686265,44.11058383366217,43.26413295429847,43.57798385620117,1356000,0.0,0.0
2022-08-05 00:00:00-04:00,43.1595116627496,43.38776618801611,42.33207903154779,43.054893493652344,1680000,0.0,0.0
2022-08-08 00:00:00-04:00,43.482874146812705,43.74917229546441,42.74103788864838,42.79810333251953,1095000,0.0,0.0
2022-08-09 00:00:00-04:00,42.588361532528104,42.588361532528104,41.310809465601366,41.482418060302734,1059500,0.11,0.0
2022-08-10 00:00:00-04:00,42.55022308627043,43.074592113250446,42.28326873820753,42.76950454711914,915100,0.0,0.0
2022-08-11 00:00:00-04:00,43.25573173139979,43.55128686816701,42.82670125445714,42.931575775146484,1651400,0.0,0.0
2022-08-12 00:00:00-04:00,43.303409582730026,43.72290774886257,42.98878959506159,43.5417594909668,1075400,0.0,0.0
2022-08-15 00:00:00-04:00,43.160401640549175,43.913588220310174,43.160401640549175,43.41781997680664,1178700,0.0,0.0
2022-08-16 00:00:00-04:00,43.04598837411201,43.78963881155861,42.817170896550515,43.43688201904297,1698900,0.0,0.0
2022-08-17 00:00:00-04:00,42.788575547477784,42.96018776836195,42.36907739112498,42.75043869018555,1014900,0.0,0.0
2022-08-18 00:00:00-04:00,42.75043449261669,43.44641570367414,42.70276524414738,43.160396575927734,1727400,0.0,0.0
2022-08-19 00:00:00-04:00,42.77903267242097,42.86483876913884,41.78749999992923,41.8733024597168,857200,0.0,0.0
2022-08-22 00:00:00-04:00,41.05338500694647,41.10105425598587,40.376468577636956,40.43367385864258,1282900,0.0,0.0
2022-08-23 00:00:00-04:00,40.443196435064934,40.99616977307923,40.166713402987476,40.28112030029297,765500,0.0,0.0
2022-08-24 00:00:00-04:00,40.37647703201199,40.49088761797951,39.83303947792595,39.9093132019043,715600,0.0,0.0
2022-08-25 00:00:00-04:00,40.09045039402412,41.2535990101159,39.976043466239396,41.04384994506836,870200,0.0,0.0
2022-08-26 00:00:00-04:00,41.129648219537046,41.396598879187344,39.25145029774893,39.260986328125,1077200,0.0,0.0
2022-08-29 00:00:00-04:00,38.90823545725046,39.547011385601984,38.61268029875513,39.17518615722656,673600,0.0,0.0
2022-08-30 00:00:00-04:00,39.632809529549334,39.632809529549334,38.55546727721406,38.75568389892578,762300,0.0,0.0
2022-08-31 00:00:00-04:00,38.9940415299297,38.9940415299297,38.23131901011326,38.402931213378906,1054100,0.0,0.0
2022-09-01 00:00:00-04:00,37.94530100365518,38.25038856581463,37.2779205975824,38.2408561706543,974600,0.0,0.0
2022-09-02 00:00:00-04:00,39.05124958337701,39.11798726927645,37.764161484538015,37.96437454223633,1132100,0.0,0.0
2022-09-06 00:00:00-04:00,38.24086096253337,38.24086096253337,37.420936672637936,37.602081298828125,990800,0.0,0.0
2022-09-07 00:00:00-04:00,37.5829995322207,38.898691615085816,37.46859263190671,38.75568389892578,939900,0.0,0.0
2022-09-08 00:00:00-04:00,38.3647925439761,39.18471295345801,38.06923742770925,39.14657974243164,893800,0.0,0.0
2022-09-09 00:00:00-04:00,39.499350760457126,40.24300137955516,39.404012243060926,39.966514587402344,1260900,0.0,0.0
2022-09-12 00:00:00-04:00,40.271600651327105,41.30127032676994,39.96650943375166,41.25360107421875,2097800,0.0,0.0
2022-09-13 00:00:00-04:00,39.852104088982614,40.31927151124231,39.241928903368226,39.43260955810547,2611200,0.0,0.0
2022-09-14 00:00:00-04:00,39.299128576929384,39.40400310389994,38.68895347847942,39.165653228759766,1665400,0.0,0.0
2022-09-15 00:00:00-04:00,38.984509649434955,39.69955936020795,38.240859114048924,38.584083557128906,1337800,0.0,0.0
2022-09-16 00:00:00-04:00,37.926240235372944,38.326670014653175,37.25886333145816,38.183658599853516,2012000,0.0,0.0
2022-09-19 00:00:00-04:00,37.84996500540578,39.28959680716651,37.754622862849224,38.99404525756836,1892900,0.0,0.0
2022-09-20 00:00:00-04:00,38.746158599853516,38.89870238816275,38.34573251939082,38.746158599853516,1328200,0.0,0.0
2022-09-21 00:00:00-04:00,39.01310871797417,39.4802761082338,38.01203989533867,38.021575927734375,1366300,0.0,0.0
2022-09-22 00:00:00-04:00,37.907163501705114,38.09784413403064,36.667744846985066,36.7440185546875,1584800,0.0,0.0
2022-09-23 00:00:00-04:00,36.1815078306256,36.45799452852016,35.36158376758935,35.89548873901367,2637300,0.0,0.0
2022-09-26 00:00:00-04:00,35.95269381827179,37.201648456800015,35.73341237247164,35.771549224853516,2441200,0.0,0.0
2022-09-27 00:00:00-04:00,36.39125670987208,36.534268087838896,35.2185757761076,35.771549224853516,1715700,0.0,0.0
2022-09-28 00:00:00-04:00,35.93362317517189,37.1635093116319,35.73341016791473,36.9251594543457,1756100,0.0,0.0
2022-09-29 00:00:00-04:00,36.286385943277224,36.419861290132346,35.34251884676818,35.952693939208984,2060400,0.0,0.0
2022-09-30 00:00:00-04:00,36.0003712905132,36.438937919245966,35.41880052500141,35.54273986816406,2329900,0.0,0.0
2022-10-03 00:00:00-04:00,36.08616758239498,37.05863545391011,35.61900389045738,36.696346282958984,1883200,0.0,0.0
2022-10-04 00:00:00-04:00,37.640208912179375,38.32665766290179,37.54487042432579,38.28852081298828,2078400,0.0,0.0
2022-10-05 00:00:00-04:00,37.4590652776543,38.889164453199896,37.37325918164435,38.66034698486328,1130200,0.0,0.0
2022-10-06 00:00:00-04:00,38.51734131678626,39.108447989397426,38.46013603739919,38.87009811401367,1030800,0.0,0.0
2022-10-07 00:00:00-04:00,38.402937975731966,38.47921169591682,37.48767515510071,37.554412841796875,1362000,0.0,0.0
2022-10-10 00:00:00-04:00,37.964367621875795,37.99296844292458,37.144443473793295,37.439998626708984,1529900,0.0,0.0
2022-10-11 00:00:00-04:00,37.30652918925031,37.49720984595372,36.0575743429275,36.40079879760742,2468600,0.0,0.0
2022-10-12 00:00:00-04:00,36.38172261350372,36.49612952836759,35.92409131711798,36.21964645385742,1456500,0.0,0.0
2022-10-13 00:00:00-04:00,35.323449765003375,37.792754546790675,34.932556126354285,37.54487228393555,1628600,0.0,0.0
2022-10-14 00:00:00-04:00,37.86903437945092,38.08831585740983,36.086174456902086,36.15291213989258,1013500,0.0,0.0
2022-10-17 00:00:00-04:00,37.049100879330275,38.14550799573207,37.030032455097626,37.84995651245117,1088100,0.0,0.0
2022-10-18 00:00:00-04:00,38.86056246240882,39.375399071136606,38.04064193809075,38.46013641357422,1553600,0.0,0.0
2022-10-19 00:00:00-04:00,37.81182162752807,38.42199668693853,37.745083957713184,38.29805374145508,1305000,0.0,0.0
2022-10-20 00:00:00-04:00,38.45060943102728,39.156123131690876,38.059712085098596,38.603153228759766,1437300,0.0,0.0
2022-10-21 00:00:00-04:00,38.78428730626068,39.94743572078315,38.431530551846336,39.74721908569336,1950000,0.0,0.0
2022-10-24 00:00:00-04:00,40.0427698882345,40.24298286481256,39.14657587145916,39.680477142333984,1680700,0.0,0.0
2022-10-25 00:00:00-04:00,38.183645318969226,39.08937547816642,36.820283883288525,37.62113952636719,3891700,0.0,0.0
2022-10-26 00:00:00-04:00,37.34465895180812,38.28852611474743,36.59147606484015,37.23978805541992,2672000,0.0,0.0
2022-10-27 00:00:00-04:00,37.79275637176197,38.13598078069713,37.373261892469294,37.811824798583984,1897100,0.0,0.0
2022-10-28 00:00:00-04:00,37.821355099743194,38.50780387961178,37.17304680833772,38.43153381347656,953100,0.0,0.0
2022-10-31 00:00:00-04:00,38.35526151117958,38.52687371241416,37.41139804131988,38.3361930847168,1630800,0.0,0.0
2022-11-01 00:00:00-04:00,38.76522097051838,39.02263925499031,38.18364673192589,38.650814056396484,720600,0.0,0.0
2022-11-02 00:00:00-04:00,38.326667351808176,38.64128735080448,37.3065299987793,37.3065299987793,1094400,0.0,0.0
2022-11-03 00:00:00-04:00,36.69635144465031,37.47813880951317,35.92409647534056,36.89656448364258,1102600,0.0,0.0
2022-11-04 00:00:00-04:00,37.58301037528428,39.02264580371407,37.50674029871356,38.812896728515625,1071400,0.0,0.0
2022-11-07 00:00:00-05:00,39.22285746934137,39.413538109470586,38.641283153566086,39.38493728637695,839500,0.0,0.0
2022-11-08 00:00:00-05:00,39.56656817447855,40.12101809784547,39.040799084602455,39.595245361328125,1770800,0.11,0.0
2022-11-09 00:00:00-05:00,39.27021608375707,39.910697381163295,39.117261407390004,39.222415924072266,990000,0.0,0.0
2022-11-10 00:00:00-05:00,40.97180325005176,42.26232754034308,40.97180325005176,42.195411682128906,1312100,0.0,0.0
2022-11-11 00:00:00-05:00,42.25276986449854,43.86831560687614,42.25276986449854,43.33298873901367,1255100,0.0,0.0
2022-11-14 00:00:00-05:00,42.902808084987385,43.33298401883346,42.47263215114131,42.702056884765625,1373300,0.0,0.0
2022-11-15 00:00:00-05:00,43.658005811648664,43.83963769305264,42.48219391508079,43.09400177001953,1174800,0.0,0.0
2022-11-16 00:00:00-05:00,42.74030072206305,43.036644989341546,41.45933425679853,41.68876266479492,1780600,0.0,0.0
2022-11-17 00:00:00-05:00,40.96223667044891,41.44020911069518,40.522502900616026,41.30637741088867,903600,0.0,0.0
2022-11-18 00:00:00-05:00,42.15717159327492,42.529993193647016,41.33506198469205,42.09025573730469,986000,0.0,0.0
2022-11-21 00:00:00-05:00,41.84171302653383,42.43439790460946,41.69831981808679,41.822593688964844,682000,0.0,0.0
2022-11-22 00:00:00-05:00,42.64470822613107,43.19915444538438,41.92774945607948,43.10356140136719,1184800,0.0,0.0
2022-11-23 00:00:00-05:00,42.99840709102137,43.466821761106345,42.682947126793444,43.04620361328125,771900,0.0,0.0
2022-11-25 00:00:00-05:00,42.950603775849615,43.68668177148721,42.950603775849615,43.26606369018555,575800,0.0,0.0
2022-11-28 00:00:00-05:00,42.66382773008239,42.9697298480954,41.201229353776725,41.554931640625,1494100,0.0,0.0
2022-11-29 00:00:00-05:00,41.640966164170095,42.42484078470079,41.640966164170095,42.061580657958984,984500,0.0,0.0
2022-11-30 00:00:00-05:00,42.15717596638732,43.13224037163832,41.50713302955332,43.113121032714844,1957000,0.0,0.0
2022-12-01 00:00:00-05:00,43.25651016139258,43.78227916883276,42.93148872370655,43.56241226196289,990400,0.0,0.0
2022-12-02 00:00:00-05:00,42.79765682752675,43.41901887124783,42.644705777895645,43.22783279418945,663800,0.0,0.0
2022-12-05 00:00:00-05:00,42.797654024075285,43.20871062677784,42.41527460172487,42.62558364868164,877600,0.0,0.0
2022-12-06 00:00:00-05:00,42.76898767536585,43.01753181019143,41.44022085182787,42.013790130615234,852200,0.0,0.0
2022-12-07 00:00:00-05:00,41.8034742765906,41.994664005297615,41.38285979074779,41.841712951660156,1178400,0.0,0.0
2022-12-08 00:00:00-05:00,42.06157993861607,42.16673447192513,41.545368764175635,41.822593688964844,1137700,0.0,0.0
2022-12-09 00:00:00-05:00,41.66007656796025,42.06157163775156,41.41152887525511,41.54536056518555,1213900,0.0,0.0
2022-12-12 00:00:00-05:00,41.61228068144089,41.9755407675675,41.02915370405462,41.8608283996582,1054700,0.0,0.0
2022-12-13 00:00:00-05:00,43.33298549974205,43.51461372395516,41.889506610909805,42.023338317871094,1705600,0.0,0.0
2022-12-14 00:00:00-05:00,41.88951146698014,42.43439984942653,40.933566424563175,41.04827880859375,3946200,0.0,0.0
2022-12-15 00:00:00-05:00,40.417353615923076,40.646782021482956,39.45185076607709,39.86290740966797,2559300,0.0,0.0
2022-12-16 00:00:00-05:00,39.44229094744706,39.9107056239629,38.43854937964564,39.14595031738281,3657900,0.0,0.0
2022-12-19 00:00:00-05:00,39.13638927599987,39.30845967779422,38.21868289752397,38.658416748046875,2333900,0.0,0.0
2022-12-20 00:00:00-05:00,38.65840883023712,39.07902690253723,38.39074543632996,38.734886169433594,799200,0.0,0.0
2022-12-21 00:00:00-05:00,39.05991153280996,39.57612268486733,38.89739899384052,39.08858871459961,748500,0.0,0.0
2022-12-22 00:00:00-05:00,38.56282455851276,38.56282455851276,37.54952146393204,38.113529205322266,1510100,0.0,0.0
2022-12-23 00:00:00-05:00,37.998809741568415,38.24735381082797,37.712027001148805,38.01792907714844,1084600,0.0,0.0
2022-12-27 00:00:00-05:00,38.04660647634799,38.5245789286806,37.654669211300856,37.9605712890625,1737400,0.0,0.0
2022-12-28 00:00:00-05:00,38.04661128277349,38.22824317145529,37.26273665365241,37.37744903564453,840900,0.0,0.0
2022-12-29 00:00:00-05:00,37.68335053949168,38.67753422497148,37.55908031378731,38.66797637939453,938300,0.0,0.0
2022-12-30 00:00:00-05:00,38.30471849149558,38.66797863752702,38.19000610466919,38.6010627746582,558400,0.0,0.0
2023-01-03 00:00:00-05:00,39.11726343578975,39.327572480059715,38.47678210517179,38.8209228515625,1508100,0.0,0.0
2023-01-04 00:00:00-05:00,39.41361098727025,40.04453452659532,39.079031703779954,39.6812744140625,977900,0.0,0.0
2023-01-05 00:00:00-05:00,39.318019974705,40.25484566340454,39.19374610015725,40.04453659057617,1125200,0.0,0.0
2023-01-06 00:00:00-05:00,40.49383077099089,41.56448814960172,40.49383077099089,41.43065643310547,949400,0.0,0.0
2023-01-09 00:00:00-05:00,41.946868180678585,42.35792482789381,41.6122852382304,41.707881927490234,1006500,0.0,0.0
2023-01-10 00:00:00-05:00,41.67919127496417,42.20496382538373,41.574040411520215,42.166725158691406,930400,0.0,0.0
2023-01-11 00:00:00-05:00,42.195402514178156,42.69249424336474,42.195402514178156,42.520423889160156,1217000,0.0,0.0
2023-01-12 00:00:00-05:00,42.70206658409617,43.505060627453794,42.30057138573797,43.41902542114258,1476400,0.0,0.0
2023-01-13 00:00:00-05:00,43.02708692323726,43.47638228274289,42.73074627900259,43.29475402832031,993800,0.0,0.0
2023-01-17 00:00:00-05:00,43.227838404580716,43.45726318548329,42.79766238208697,42.86457824707031,670500,0.0,0.0
2023-01-18 00:00:00-05:00,43.1991531808405,43.696245017788755,42.92193190264923,42.960166931152344,919300,0.0,0.0
2023-01-19 00:00:00-05:00,42.491754328531655,42.65426322183064,41.67919892211481,41.75567626953125,854100,0.0,0.0
2023-01-20 00:00:00-05:00,42.18585610695693,42.89325340233094,41.94686984429039,42.8741340637207,1395600,0.0,0.0
2023-01-23 00:00:00-05:00,43.16091916911687,44.32716961535373,43.02708380296038,44.298492431640625,1299900,0.0,0.0
2023-01-24 00:00:00-05:00,43.61020979951158,44.709548006165626,43.55285543346614,44.52791976928711,951400,0.0,0.0
2023-01-25 00:00:00-05:00,43.8683134178311,44.145538330078125,43.199151219753674,44.145538330078125,816700,0.0,0.0
2023-01-26 00:00:00-05:00,44.49923797311838,44.62351184125228,43.696244046155975,44.308048248291016,791500,0.0,0.0
2023-01-27 00:00:00-05:00,44.0977371258678,44.958085306284445,43.95434393914492,44.728660583496094,1239700,0.0,0.0
2023-01-30 00:00:00-05:00,44.3080448293849,44.680866405018854,43.8587532043457,43.8587532043457,1676700,0.0,0.0
2023-01-31 00:00:00-05:00,45.7897637936321,48.70539511277323,45.52209673241773,48.609798431396484,2843400,0.0,0.0
2023-02-01 00:00:00-05:00,48.58112435464095,50.42609848674014,48.542885679646794,50.31138610839844,2186200,0.0,0.0
2023-02-02 00:00:00-05:00,51.123931956647276,51.94604514031635,50.79891055023486,51.49674987792969,1498200,0.0,0.0
2023-02-03 00:00:00-05:00,50.55036924063014,51.11437689877918,50.30182151513231,50.94230651855469,1357200,0.0,0.0
2023-02-06 00:00:00-05:00,50.35918262882075,50.665084735492464,50.1393157175655,50.31138610839844,707600,0.0,0.0
2023-02-07 00:00:00-05:00,50.129374203644126,51.020261657265564,49.947361913340565,50.838253021240234,990600,0.11,0.0
2023-02-08 00:00:00-05:00,50.3497039654994,50.93404866258125,49.966523640394136,50.06231689453125,936000,0.0,0.0
2023-02-09 00:00:00-05:00,49.66955931738443,50.38801969509556,49.37259803333538,49.506710052490234,1048400,0.0,0.0
2023-02-10 00:00:00-05:00,49.171426881105845,49.43006938488716,48.71160905281451,49.35343551635742,1337700,0.0,0.0
2023-02-13 00:00:00-05:00,49.45881515829967,49.937788760227825,49.33428099860034,49.765357971191406,881600,0.0,0.0
2023-02-14 00:00:00-05:00,49.267221288605434,50.206009039404464,49.008575124465146,50.16769027709961,664400,0.0,0.0
2023-02-15 00:00:00-05:00,49.64082098449189,50.4167594909668,49.48754958677469,50.4167594909668,977000,0.0,0.0
2023-02-16 00:00:00-05:00,49.7366143298837,50.52213435570325,49.47797181485778,50.17727279663086,847300,0.0,0.0
2023-02-17 00:00:00-05:00,50.13895000977211,50.16768725262911,49.65997647267237,49.976097106933594,536400,0.0,0.0
2023-02-21 00:00:00-05:00,49.439659637605075,49.57377167193633,48.596665009164404,48.88404846191406,790100,0.0,0.0
2023-02-22 00:00:00-05:00,49.01814662179424,49.26721489015035,47.9739878916818,48.09851837158203,785900,0.0,0.0
2023-02-23 00:00:00-05:00,48.93194315275639,49.161848426949504,47.77282430086831,48.42422866821289,444000,0.0,0.0
2023-02-24 00:00:00-05:00,47.60997439541816,48.060207073936304,47.313009461447066,47.93567657470703,475500,0.0,0.0
2023-02-27 00:00:00-05:00,48.61581876847756,49.1235295980699,47.94525502012563,48.02189254760742,486600,0.0,0.0
2023-02-28 00:00:00-05:00,48.12726642026545,48.83614526481629,48.07936613934635,48.45296859741211,706100,0.0,0.0
2023-03-01 00:00:00-05:00,48.57749348076033,49.23847927654561,48.4146442381499,48.634971618652344,882300,0.0,0.0
2023-03-02 00:00:00-05:00,47.964407896112476,48.9702515550687,47.724921136633476,48.87445831298828,617800,0.0,0.0
2023-03-03 00:00:00-05:00,49.257635272601,49.54502230936442,49.00857064892107,49.47796630859375,602900,0.0,0.0
2023-03-06 00:00:00-05:00,49.63124194816892,49.861147212173215,48.826566215597325,48.922359466552734,787000,0.0,0.0
2023-03-07 00:00:00-05:00,48.97983706446037,49.018152171849046,48.31885121567983,48.39548873901367,686400,0.0,0.0
2023-03-08 00:00:00-05:00,48.36675273790821,49.00857556807162,48.25179644995311,48.97025680541992,617900,0.0,0.0
2023-03-09 00:00:00-05:00,49.133110484459806,49.44923114556186,47.69618975115605,47.7345085144043,765100,0.0,0.0
2023-03-10 00:00:00-05:00,47.791987089296455,47.926099117848125,46.10600155935173,46.37422561645508,838700,0.0,0.0
2023-03-13 00:00:00-04:00,45.588702055485356,45.75155130636111,44.77444849255031,45.17678451538086,725500,0.0,0.0
2023-03-14 00:00:00-04:00,46.364646911621094,47.13100395679693,46.010203809125876,46.364646911621094,986700,0.0,0.0
2023-03-15 00:00:00-04:00,45.02351336331773,45.23426289311079,43.49079947649052,44.45832443237305,960800,0.0,0.0
2023-03-16 00:00:00-04:00,43.826080040246026,45.11930716988627,43.720705274043986,44.98519515991211,945100,0.0,0.0
2023-03-17 00:00:00-04:00,44.793601943339105,44.84150221871957,43.5003749021814,43.711124420166016,1046200,0.0,0.0
2023-03-20 00:00:00-04:00,44.12304512051601,44.86066483236486,44.12304512051601,44.506221771240234,733200,0.0,0.0
2023-03-21 00:00:00-04:00,45.33963772466047,45.933563899894374,45.33963772466047,45.78029251098633,848400,0.0,0.0
2023-03-22 00:00:00-04:00,45.76113995109185,46.23053205083694,44.851089345064466,44.889408111572266,839700,0.0,0.0
2023-03-23 00:00:00-04:00,45.1576276141175,46.02935936571704,44.18052109238861,44.84150695800781,984800,0.0,0.0
2023-03-24 00:00:00-04:00,44.29547166686792,44.92771655181554,43.749438505329735,44.860660552978516,930400,0.0,0.0
2023-03-27 00:00:00-04:00,45.70365468282578,46.105994359934456,44.9851943669614,45.17678451538086,1001500,0.0,0.0
2023-03-28 00:00:00-04:00,45.12889275700435,45.646185117220604,44.94688045195871,45.588706970214844,770300,0.0,0.0
2023-03-29 00:00:00-04:00,46.125150926108404,46.757395819324664,46.0580949263944,46.709495544433594,721600,0.0,0.0
2023-03-30 00:00:00-04:00,47.31300684880346,47.48543761974519,46.84361481456736,46.9873046875,691200,0.0,0.0
2023-03-31 00:00:00-04:00,47.351322634029444,47.96440815694521,47.13099525262396,47.91651153564453,688400,0.0,0.0
2023-04-03 00:00:00-04:00,47.763245527855894,48.002732315577376,46.9585697749406,47.33216857910156,871900,0.0,0.0
2023-04-04 00:00:00-04:00,47.33216777846598,47.45670192917257,45.24384273251698,45.559967041015625,864800,0.0,0.0
2023-04-05 00:00:00-04:00,45.39711214483948,45.39711214483948,44.19010041574782,44.45832443237305,1090100,0.0,0.0
2023-04-06 00:00:00-04:00,44.35295321813103,44.35295321813103,43.68238946860815,43.854820251464844,581400,0.0,0.0
2023-04-10 00:00:00-04:00,43.75902329202572,44.77444852130632,43.60575190404734,44.73612976074219,618100,0.0,0.0
2023-04-11 00:00:00-04:00,45.10972917929634,45.35879381793363,44.92772054545671,45.02351379394531,687800,0.0,0.0
2023-04-12 00:00:00-04:00,45.55996556917485,45.665336680992006,44.6978117141021,44.784027099609375,650300,0.0,0.0
2023-04-13 00:00:00-04:00,45.10973022443625,45.51206626254388,44.42958864328575,45.2342643737793,923300,0.0,0.0
2023-04-14 00:00:00-04:00,45.253419404984065,46.0868322997261,45.17678188836148,45.349212646484375,754600,0.0,0.0
2023-04-17 00:00:00-04:00,45.339634784045515,45.483324646295976,45.18635975080034,45.349212646484375,1281200,0.0,0.0
2023-04-18 00:00:00-04:00,45.694077205825074,46.08683536897758,45.167207033929486,45.54080581665039,1165000,0.0,0.0
2023-04-19 00:00:00-04:00,45.47375160301085,46.14431167313252,45.27257992769603,46.0006217956543,1305300,0.0,0.0
2023-04-20 00:00:00-04:00,45.60786178883185,46.03893871254331,44.94687595438154,45.98146057128906,1227400,0.0,0.0
2023-04-21 00:00:00-04:00,45.89524316424557,46.12515206485384,45.53122226089832,45.7994499206543,809100,0.0,0.0
2023-04-24 00:00:00-04:00,45.617435398180994,46.0772495225039,45.55996091656427,45.8569221496582,1420700,0.0,0.0
2023-04-25 00:00:00-04:00,44.45832323991116,44.45832323991116,42.08261495191119,42.283782958984375,3031200,0.0,0.0
2023-04-26 00:00:00-04:00,41.977236361160415,42.3220978585619,41.26835764252646,41.402469635009766,1927800,0.0,0.0
2023-04-27 00:00:00-04:00,41.6898584062598,41.814392552982675,40.32957161830077,41.4599494934082,1501900,0.0,0.0
2023-04-28 00:00:00-04:00,41.22047060288113,41.91019381910188,40.95224653180812,41.62281036376953,1351800,0.0,0.0
2023-05-01 00:00:00-04:00,41.699433441222645,42.130510339658436,41.277938059573174,41.46952819824219,1066300,0.0,0.0
2023-05-02 00:00:00-04:00,41.210888591876,41.316263367561724,40.29126016562,41.0576171875,937700,0.0,0.0
2023-05-03 00:00:00-04:00,41.239620020698034,41.24920153765157,40.07092709754912,40.15713882446289,1452900,0.0,0.0
2023-05-04 00:00:00-04:00,39.91766082098485,40.18588854037995,38.672330106015075,39.045928955078125,1389100,0.0,0.0
2023-05-05 00:00:00-04:00,39.79312318185282,40.13798472055122,39.247093630339734,39.81228256225586,809700,0.0,0.0
2023-05-08 00:00:00-04:00,40.11882373362036,40.11882373362036,39.59195358360842,39.71648406982422,1576000,0.0,0.0
2023-05-09 00:00:00-04:00,39.43787718029016,39.52434283266377,39.17848022316933,39.27455520629883,956000,0.12,0.0
2023-05-10 00:00:00-04:00,39.726093937605256,39.726093937605256,38.150500897340365,38.74615478515625,1084900,0.0,0.0
2023-05-11 00:00:00-04:00,38.44833002736071,38.96712395983915,38.27539871653456,38.63086700439453,871700,0.0,0.0
2023-05-12 00:00:00-04:00,38.947906483395265,39.043977798900805,38.304216941873676,38.56361389160156,596300,0.0,0.0
2023-05-15 00:00:00-04:00,38.534800441321366,39.69728043495921,38.47715544229891,39.533958435058594,1038500,0.0,0.0
2023-05-16 00:00:00-04:00,39.053584284649,39.159261258053085,38.55400541766172,38.70772171020508,597300,0.0,0.0
2023-05-17 00:00:00-04:00,39.0727941821139,39.60119735419167,38.95750788315392,39.35140609741211,1144000,0.0,0.0
2023-05-18 00:00:00-04:00,39.40905154073398,40.129597331219365,39.3514065581364,40.10077667236328,603100,0.0,0.0
2023-05-19 00:00:00-04:00,40.456246357413356,40.72524895610306,39.649234896458715,39.83177185058594,822900,0.0,0.0
2023-05-22 00:00:00-04:00,39.87020467475633,40.4562492334658,39.83177468224421,40.264102935791016,600300,0.0,0.0
2023-05-23 00:00:00-04:00,40.05274178216626,40.46585504090415,39.6780585160751,39.68766784667969,531700,0.0,0.0
2023-05-24 00:00:00-04:00,39.293767101613845,39.38023274716304,38.69811324788133,39.043975830078125,711900,0.0,0.0
2023-05-25 00:00:00-04:00,39.2457328745166,39.524344842430416,38.69811826993347,38.9863395690918,582500,0.0,0.0
2023-05-26 00:00:00-04:00,39.111231449390395,40.33135630720136,39.111231449390395,40.32175064086914,725500,0.0,0.0
2023-05-30 00:00:00-04:00,40.55231760381306,40.850144526816706,40.23527935083481,40.79249954223633,1799100,0.0,0.0
2023-05-31 00:00:00-04:00,40.11998834355107,40.581140878490494,39.351406893461096,39.8894157409668,2287300,0.0,0.0
2023-06-01 00:00:00-04:00,39.8894174869499,40.36978137239262,39.49551924748229,40.1872444152832,953000,0.0,0.0
2023-06-02 00:00:00-04:00,40.85015052334277,41.541875780305766,40.45625223310242,41.25365447998047,726900,0.0,0.0
2023-06-05 00:00:00-04:00,41.17679102949375,41.22482668294119,40.22566896573834,41.04228973388672,937700,0.0,0.0
2023-06-06 00:00:00-04:00,41.04229785692412,42.272028420015545,41.04229785692412,42.156742095947266,565500,0.0,0.0
2023-06-07 00:00:00-04:00,42.12791587023144,43.01178742133797,42.1183102040273,42.81964111328125,620600,0.0,0.0
2023-06-08 00:00:00-04:00,42.81963603233336,42.9925673225759,42.012624566163325,42.11830520629883,885500,0.0,0.0
2023-06-09 00:00:00-04:00,42.166341226861796,42.569848795886934,41.801263648198216,42.099090576171875,775800,0.0,0.0
2023-06-12 00:00:00-04:00,42.24320746752209,42.896502740936675,41.90695049935762,42.55064010620117,758300,0.0,0.0
2023-06-13 00:00:00-04:00,43.021391980489135,43.319218933557494,42.77160435186328,43.06943130493164,824100,0.0,0.0
2023-06-14 00:00:00-04:00,43.213539766310085,43.67468871067064,42.66592516582656,42.8004264831543,999100,0.0,0.0
2023-06-15 00:00:00-04:00,42.88688331434944,43.396067815138736,42.761987689008286,43.24235153198242,690000,0.0,0.0
2023-06-16 00:00:00-04:00,43.338435491989046,43.789978770840705,43.20393417442966,43.55940246582031,1662400,0.0,0.0
2023-06-20 00:00:00-04:00,43.14629056139861,43.251971218541456,42.7427865958199,43.10786056518555,683500,0.0,0.0
2023-06-21 00:00:00-04:00,42.84845858344321,43.25196616677901,42.425739669130884,42.79081726074219,636500,0.0,0.0
2023-06-22 00:00:00-04:00,42.41614044736159,42.41614044736159,41.88773714309075,42.08949279785156,760200,0.0,0.0
2023-06-23 00:00:00-04:00,41.56108364407845,41.71479994780805,41.07111407121718,41.42658233642578,963600,0.0,0.0
2023-06-26 00:00:00-04:00,41.60912090508777,42.22398608954114,41.54187025459353,41.91655349731445,793000,0.0,0.0
2023-06-27 00:00:00-04:00,42.310454338081264,42.99257021499235,41.88773174909967,42.74278259277344,917700,0.0,0.0
2023-06-28 00:00:00-04:00,42.69474818390607,42.906109502725435,42.435351201233104,42.685142517089844,751500,0.0,0.0
2023-06-29 00:00:00-04:00,42.761998218079576,43.11747018812391,42.61789122863576,42.71396255493164,712800,0.0,0.0
2023-06-30 00:00:00-04:00,43.10785836319719,43.501756642045024,42.61788876361026,43.223148345947266,1159000,0.0,0.0
2023-07-03 00:00:00-04:00,43.08864464701292,43.20393463319034,42.3680987253914,42.58906936645508,950500,0.0,0.0
2023-07-05 00:00:00-04:00,42.079876943267294,42.34888321962128,41.55147738578931,42.2239875793457,1656600,0.0,0.0
2023-07-06 00:00:00-04:00,41.657156653015726,42.03183989656916,41.17679276848351,41.71479797363281,1099600,0.0,0.0
2023-07-07 00:00:00-04:00,41.76284493810432,43.031005532197746,41.68598494336592,42.66592788696289,1103700,0.0,0.0
2023-07-10 00:00:00-04:00,42.37770401191813,43.12707052611725,42.34888335056761,42.79081726074219,863100,0.0,0.0
2023-07-11 00:00:00-04:00,43.050212993699475,43.47293189609271,42.83885171006004,43.424896240234375,1138700,0.0,0.0
2023-07-12 00:00:00-04:00,44.15505446710944,44.203090130288295,43.4537235230168,43.66508483886719,1118200,0.0,0.0
2023-07-13 00:00:00-04:00,43.95329629595983,44.155048251844136,43.47293240201491,43.972511291503906,856100,0.0,0.0
2023-07-14 00:00:00-04:00,44.020548929238444,44.06858458781784,43.29039739012854,43.684295654296875,999500,0.0,0.0
2023-07-17 00:00:00-04:00,43.482540496995874,44.52012832503878,43.348039185557546,44.42405700683594,1074000,0.0,0.0
2023-07-18 00:00:00-04:00,44.43366360353539,45.336746474172635,44.43366360353539,45.32714080810547,919300,0.0,0.0
2023-07-19 00:00:00-04:00,45.36557253283638,45.54810951416383,44.971674241108445,45.24067687988281,898000,0.0,0.0
2023-07-20 00:00:00-04:00,45.14460199167858,45.14460199167858,44.30876614738851,44.46248245239258,1028500,0.0,0.0
2023-07-21 00:00:00-04:00,44.52972684556848,44.93323438002165,44.2319036079975,44.587371826171875,930700,0.0,0.0
2023-07-24 00:00:00-04:00,44.60659309551034,45.10617200303746,44.43366179425535,44.65462875366211,1324200,0.0,0.0
2023-07-25 00:00:00-04:00,40.58115158556025,42.973362209189666,40.58115158556025,40.87897491455078,2499000,0.0,0.0
2023-07-26 00:00:00-04:00,40.59074831991,41.12875719096466,39.71648619499967,40.1872444152832,2039800,0.0,0.0
2023-07-27 00:00:00-04:00,40.350570316400955,40.80211358556228,39.86060071796591,40.17763900756836,1698200,0.0,0.0
2023-07-28 00:00:00-04:00,40.609962811720614,40.97504038629962,40.20645524721002,40.39860153198242,1972800,0.0,0.0
2023-07-31 00:00:00-04:00,40.46585600132594,40.792503616804275,40.456250335379174,40.59075164794922,1216400,0.0,0.0
2023-08-01 00:00:00-04:00,40.225675029013516,40.379391342146505,39.87020674205962,40.35057067871094,1428500,0.0,0.0
2023-08-02 00:00:00-04:00,39.87980617808067,40.34095871032275,39.68766356534612,40.09116744995117,734300,0.0,0.0
2023-08-03 00:00:00-04:00,39.87020518362999,40.32174843919602,39.58198756588213,39.860599517822266,841200,0.0,0.0
2023-08-04 00:00:00-04:00,40.26409815431827,40.26409815431827,39.2937647803748,39.35140609741211,876100,0.0,0.0
2023-08-07 00:00:00-04:00,39.476309735709705,39.639631720301274,39.33219908410505,39.52434539794922,1042500,0.0,0.0
2023-08-08 00:00:00-04:00,39.04256960754696,39.39907772427036,38.45481069784206,39.37980651855469,1043100,0.12,0.0
2023-08-09 00:00:00-04:00,39.34126975414264,39.42798467079853,39.00402915062893,39.20637130737305,1532500,0.0,0.0
2023-08-10 00:00:00-04:00,39.31236226352605,39.447257038659586,38.54153235161513,38.83059310913086,1319300,0.0,0.0
2023-08-11 00:00:00-04:00,38.73423741830732,38.772779829490915,37.6358044288215,37.78997039794922,898600,0.0,0.0
2023-08-14 00:00:00-04:00,37.751429797357254,38.714968069519294,37.587626379774164,38.608978271484375,1639700,0.0,0.0
2023-08-15 00:00:00-04:00,38.16575337888755,38.551166500872924,37.857421411056464,38.02122116088867,1201900,0.0,0.0
2023-08-16 00:00:00-04:00,37.751435598909204,38.001953970903415,37.13477159805512,37.144405364990234,954500,0.0,0.0
2023-08-17 00:00:00-04:00,37.3756594673391,37.52018803763261,36.595191955566406,36.595191955566406,699300,0.0,0.0
2023-08-18 00:00:00-04:00,36.55664297724326,36.75898882033815,36.248311005183545,36.33502960205078,781600,0.0,0.0
2023-08-21 00:00:00-04:00,36.35430290659166,36.39284532422393,35.85326250419397,36.04597091674805,753900,0.0,0.0
2023-08-22 00:00:00-04:00,36.257948366154395,36.556642895893596,35.99779257613162,36.03633499145508,765100,0.0,0.0
2023-08-23 00:00:00-04:00,35.92071244994636,36.1808682740412,35.79545509715098,36.1230583190918,775700,0.0,0.0
2023-08-24 00:00:00-04:00,36.13268522844542,36.34466482464648,35.795448303222656,35.795448303222656,955200,0.0,0.0
2023-08-25 00:00:00-04:00,36.06523807308441,36.2001328440326,35.3714893360859,35.74726867675781,1026200,0.0,0.0
2023-08-28 00:00:00-04:00,36.02670366652815,36.43139174491935,35.949622498401226,36.22904586791992,950700,0.0,0.0
2023-08-29 00:00:00-04:00,36.20976879600795,36.739714092484384,36.07487035500072,36.51810073852539,1188900,0.0,0.0
2023-08-30 00:00:00-04:00,36.575913632894306,36.71080840918353,36.123053123295755,36.20013427734375,959400,0.0,0.0
2023-08-31 00:00:00-04:00,36.30612371076409,36.67226929668435,36.2097713502831,36.24831008911133,1313100,0.0,0.0
2023-09-01 00:00:00-04:00,36.63373120094452,36.845710829720986,36.277223014408314,36.61445999145508,1517000,0.0,0.0
2023-09-05 00:00:00-04:00,37.88632527899073,38.1657522653119,36.942058195608354,36.990234375,3728700,0.0,0.0
2023-09-06 00:00:00-04:00,36.710806196869825,37.08658920538144,36.66263001904221,36.83606719970703,1974600,0.0,0.0
2023-09-07 00:00:00-04:00,36.344664581453465,36.556640500629314,35.419665052333535,35.49674987792969,3158100,0.0,0.0
2023-09-08 00:00:00-04:00,35.400397983865396,36.01706189426103,35.400397983865396,35.74726867675781,1855700,0.0,0.0
2023-09-11 00:00:00-04:00,35.94961478670924,36.22903809628775,35.76654015991551,35.81471633911133,2327100,0.0,0.0
2023-09-12 00:00:00-04:00,35.65091868761359,36.40247741888793,35.58347129765856,36.05560302734375,2374900,0.0,0.0
2023-09-13 00:00:00-04:00,36.35429952359718,36.35429952359718,35.54492720667301,35.88216781616211,2535200,0.0,0.0
2023-09-14 00:00:00-04:00,36.25794475508033,36.421744490481,35.766538197665014,35.98815155029297,2481400,0.0,0.0
2023-09-15 00:00:00-04:00,35.843624723758424,36.662630790890454,35.82435351710031,36.50846481323242,23136900,0.0,0.0
2023-09-18 00:00:00-04:00,36.248310314088236,36.82643550738317,36.10378177246973,36.5470085144043,2405200,0.0,0.0
2023-09-19 00:00:00-04:00,36.68189759211405,36.79752114256967,36.2290334790538,36.373565673828125,1728900,0.0,0.0
2023-09-20 00:00:00-04:00,36.32539455086639,36.52773671119571,35.76654057402515,35.88216781616211,1707200,0.0,0.0
2023-09-21 00:00:00-04:00,35.57382663150406,35.61236903953885,35.08242379368267,35.36185073852539,1521900,0.0,0.0
2023-09-22 00:00:00-04:00,35.34258390234417,35.79544806370461,35.34258390234417,35.49674987792969,1786900,0.0,0.0
2023-09-25 00:00:00-04:00,35.38112838475671,35.487118188347885,35.082430181509466,35.20769119262695,1322200,0.0,0.0
2023-09-26 00:00:00-04:00,34.86082228805225,35.20769672683606,34.74519870032683,34.8511848449707,1791700,0.0,0.0
2023-09-27 00:00:00-04:00,35.255864552492724,36.151955414922945,35.0149799910998,35.8243522644043,2995900,0.0,0.0
2023-09-28 00:00:00-04:00,36.007429056673615,36.87461508879129,35.853263059364615,36.826438903808594,2351600,0.0,0.0
2023-09-29 00:00:00-04:00,37.12513232812462,37.211850928701686,36.42174975704714,36.44102096557617,1545500,0.0,0.0
2023-10-02 00:00:00-04:00,36.31576042164107,36.681906037254365,35.96888969041543,36.2772216796875,1822000,0.0,0.0
2023-10-03 00:00:00-04:00,36.13267991970361,36.46991679537834,35.853252979512405,36.219398498535156,2425500,0.0,0.0
2023-10-04 00:00:00-04:00,36.24831104753781,36.585551669352,35.679823284212155,36.45065689086914,1592100,0.0,0.0
2023-10-05 00:00:00-04:00,36.34466231031994,36.47955707107702,35.16914452268274,35.37148666381836,1474000,0.0,0.0
2023-10-06 00:00:00-04:00,35.26549949686577,36.34466501442732,35.20768955258675,35.978519439697266,1224300,0.0,0.0
2023-10-09 00:00:00-04:00,35.670195682912066,36.16159870025673,35.255873834190545,35.997798919677734,1305700,0.0,0.0
2023-10-10 00:00:00-04:00,36.18086714905928,36.479565384237894,35.997796171399266,36.26758575439453,1361000,0.0,0.0
2023-10-11 00:00:00-04:00,36.36393356323242,36.566275704633554,35.92070319438341,36.36393356323242,1179400,0.0,0.0
2023-10-12 00:00:00-04:00,36.59518750338245,36.59518750338245,35.766543902325004,36.04597091674805,1200100,0.0,0.0
2023-10-13 00:00:00-04:00,35.997788254448146,36.22903536741264,35.226958418555526,35.438934326171875,1211700,0.0,0.0
2023-10-16 00:00:00-04:00,35.8532555576402,36.38320083278179,35.631642212603055,36.06523513793945,1328000,0.0,0.0
2023-10-17 00:00:00-04:00,35.81472114890249,36.70117840270254,35.81472114890249,36.31576156616211,1260800,0.0,0.0
2023-10-18 00:00:00-04:00,35.81471999003784,35.85326240756623,35.09206620161311,35.10170364379883,1142700,0.0,0.0
2023-10-19 00:00:00-04:00,34.87045059516338,35.304043575746846,34.43686129018693,34.446495056152344,1443900,0.0,0.0
2023-10-20 00:00:00-04:00,34.3019588399579,34.504304657720645,34.109254138251025,34.26342010498047,1947200,0.0,0.0
2023-10-23 00:00:00-04:00,34.13815712836909,34.33086549450543,33.560035705566406,33.560035705566406,1495100,0.0,0.0
2023-10-24 00:00:00-04:00,33.781655776056226,34.205611325605744,33.511862539427355,33.88764190673828,1170400,0.0,0.0
2023-10-25 00:00:00-04:00,33.69493142892664,33.70456519348785,33.03008773040222,33.18425369262695,949400,0.0,0.0
2023-10-26 00:00:00-04:00,33.338431172702904,33.75275302849912,33.049370353116835,33.29989242553711,1645000,0.0,0.0
2023-10-27 00:00:00-04:00,33.338429095987685,33.425147704022415,32.895202288524644,33.05900573730469,1527000,0.0,0.0
2023-10-30 00:00:00-04:00,33.059000960766326,33.29024809837545,32.548323153632786,32.85665512084961,2412200,0.0,0.0
2023-10-31 00:00:00-04:00,32.35561753428372,33.19389481720115,30.14911396859779,30.717599868774414,3270400,0.0,0.0
2023-11-01 00:00:00-04:00,30.919944306605178,30.997025459570235,29.686614616505324,30.495986938476562,2397400,0.0,0.0
2023-11-02 00:00:00-04:00,30.910311144299055,30.99702606472508,30.004582768930298,30.573070526123047,2280700,0.0,0.0
2023-11-03 00:00:00-04:00,31.209001823294678,31.979831650974027,30.987388477562273,31.27644920349121,1661100,0.0,0.0
2023-11-06 00:00:00-05:00,31.39207865737965,31.536607192775637,30.467080960857395,30.69832992553711,2261600,0.0,0.0
2023-11-07 00:00:00-05:00,30.52423924243759,30.756362517333294,30.156711185040685,30.572599411010742,1523800,0.12,0.0
2023-11-08 00:00:00-05:00,30.504895298021083,30.785376880907354,30.17605354929118,30.2921142578125,1655900,0.0,0.0
2023-11-09 00:00:00-05:00,30.669316530755907,30.76603502463922,29.760167484607546,29.86655616760254,2381000,0.0,0.0
2023-11-10 00:00:00-05:00,29.895567300440547,30.611281084619872,29.557053550487094,30.514562606811523,2055500,0.0,0.0
2023-11-13 00:00:00-05:00,30.350145327926416,30.45653585054009,29.83754047115526,30.05031967163086,2461200,0.0,0.0
2023-11-14 00:00:00-05:00,30.72734679567078,31.655839850977276,30.678986629403745,31.646169662475586,3422200,0.0,0.0
2023-11-15 00:00:00-05:00,31.626823330896016,32.84546991751995,31.472074499427848,31.916976928710938,2875200,0.0,0.0
2023-11-16 00:00:00-05:00,31.887968345420166,32.265168458595575,31.114220361004755,31.617155075073242,1379500,0.0,0.0
2023-11-17 00:00:00-05:00,31.752558858399187,31.887963628792683,30.727345513343288,31.549448013305664,1209900,0.0,0.0
2023-11-20 00:00:00-05:00,31.48174957375483,31.704200822924697,31.181925741592885,31.25929832458496,2721800,0.0,0.0
2023-11-21 00:00:00-05:00,31.0368463621348,31.181925024978433,30.669316455233616,30.756362915039062,2011000,0.0,0.0
2023-11-22 00:00:00-05:00,30.99815822677601,31.12389282194025,30.64030219846635,30.756362915039062,1301100,0.0,0.0
2023-11-24 00:00:00-05:00,30.630628729703123,31.143235430682516,30.572598374135257,30.940126419067383,605700,0.0,0.0
2023-11-27 00:00:00-05:00,30.737019904587537,30.98848724372125,30.630629379828562,30.843408584594727,2416800,0.0,0.0
2023-11-28 00:00:00-05:00,30.75635954010323,31.385028757436057,30.620954770709268,31.23027992248535,1577500,0.0,0.0
2023-11-29 00:00:00-05:00,31.617153032442143,31.975012743441027,31.25929701094685,31.307655334472656,2051600,0.0,0.0
2023-11-30 00:00:00-05:00,31.47207404858541,31.68485138286659,30.824062634313474,31.443056106567383,9920100,0.0,0.0
2023-12-01 00:00:00-05:00,31.443062506300528,32.20713662040185,31.133564784804477,32.0910758972168,1684700,0.0,0.0
2023-12-04 00:00:00-05:00,31.771902213853462,32.236152455168686,31.665515376785,32.226478576660156,1934300,0.0,0.0
2023-12-05 00:00:00-05:00,31.975013475173345,32.265167112471815,31.675185959246182,31.810590744018555,1773000,0.0,0.0
2023-12-06 00:00:00-05:00,32.04271593181458,32.72941373568217,31.839605064745047,31.96533966064453,1455400,0.0,0.0
2023-12-07 00:00:00-05:00,31.96534333226785,32.613356764486625,31.897640931969427,32.55532455444336,1596000,0.0,0.0
2023-12-08 00:00:00-05:00,32.53597680691243,32.97120910928269,32.245823168500145,32.265167236328125,4871500,0.0,0.0
2023-12-11 00:00:00-05:00,32.313527307689675,32.9035084950685,32.24582491138429,32.700401306152344,2149800,0.0,0.0
2023-12-12 00:00:00-05:00,32.67137849234901,32.81645714254195,32.429583201696325,32.62302017211914,1350100,0.0,0.0
2023-12-13 00:00:00-05:00,32.59400460273097,33.76429287678862,32.40056764011324,33.706260681152344,1388800,0.0,0.0
2023-12-14 00:00:00-05:00,34.47033728092825,35.57292325551296,34.122151459584984,35.38916015625,2609400,0.0,0.0
2023-12-15 00:00:00-05:00,35.282770741126384,35.42784940107201,34.56705869880373,34.876556396484375,2574200,0.0,0.0
2023-12-18 00:00:00-05:00,34.81852525124156,34.89590152276165,34.55738586911681,34.66377639770508,2150600,0.0,0.0
2023-12-19 00:00:00-05:00,35.002286269738825,35.43751854726599,34.89589943701305,35.39883041381836,1861100,0.0,0.0
2023-12-20 00:00:00-05:00,35.29244205783226,36.12421475403527,35.23440986016555,35.27309799194336,4111100,0.0,0.0
2023-12-21 00:00:00-05:00,35.582596909465494,36.278964858262,35.408503999890506,36.25962448120117,2395800,0.0,0.0
2023-12-22 00:00:00-05:00,36.298303703875696,36.93664305066757,35.95011793480687,36.153228759765625,3862700,0.0,0.0
2023-12-26 00:00:00-05:00,36.22093701091803,36.395029923678926,35.95979764177668,36.31765365600586,3104600,0.0,0.0
2023-12-27 00:00:00-05:00,36.482075859315174,36.61748063630677,36.25962462718562,36.569122314453125,948700,0.0,0.0
2023-12-28 00:00:00-05:00,36.54977370893368,36.60780221215049,36.327322504428885,36.520755767822266,928300,0.0,0.0
2023-12-29 00:00:00-05:00,36.34667186412073,36.70452788093917,36.201593205935765,36.336997985839844,1475000,0.0,0.0
2024-01-02 00:00:00-05:00,35.795373397236084,36.63682366967248,35.75668895454626,35.901763916015625,2363600,0.0,0.0
2024-01-03 00:00:00-05:00,35.40850706576907,35.59227017978577,34.721809246044614,35.011962890625,3103100,0.0,0.0
2024-01-04 00:00:00-05:00,34.68311535618341,35.031301147722836,34.04477596819551,34.857208251953125,2913400,0.0,0.0
2024-01-05 00:00:00-05:00,34.77983802097538,35.456865656387805,34.77016783153546,35.031307220458984,2462700,0.0,0.0
2024-01-08 00:00:00-05:00,34.65410351752602,35.10867616414473,34.32526176810855,34.75082015991211,2597000,0.0,0.0
2024-01-09 00:00:00-05:00,34.296243743072935,34.54771291589038,34.122150835584975,34.450992584228516,2056300,0.0,0.0
2024-01-10 00:00:00-05:00,34.36394282896183,34.55737978419767,33.84166784617904,33.899696350097656,2321100,0.0,0.0
2024-01-11 00:00:00-05:00,33.861005001626076,33.93838125216465,33.329056192432816,33.64822769165039,1943200,0.0,0.0
2024-01-12 00:00:00-05:00,33.996418237844665,34.18018132455347,33.0485774824957,33.135623931884766,1388600,0.0,0.0
2024-01-16 00:00:00-05:00,32.80678584076493,33.14530148796075,32.63269661216868,33.11628723144531,2221700,0.0,0.0
2024-01-17 00:00:00-05:00,32.61335110523824,32.88416065943957,32.36188192819117,32.71006774902344,1616000,0.0,0.0
2024-01-18 00:00:00-05:00,32.95186659140376,33.512833516290094,32.72941533517417,33.29037857055664,3880700,0.0,0.0
2024-01-19 00:00:00-05:00,33.406435789085165,33.406435789085165,32.76809641621425,33.31938934326172,1972300,0.0,0.0
2024-01-22 00:00:00-05:00,33.56118756331718,33.97707576438319,33.46446723196265,33.841670989990234,1672200,0.0,0.0
2024-01-23 00:00:00-05:00,34.31558811761688,34.31558811761688,33.7449510689485,34.17051315307617,2026200,0.0,0.0
2024-01-24 00:00:00-05:00,34.7121320598378,34.77016425902613,33.98674617274895,34.16083908081055,1609800,0.0,0.0
2024-01-25 00:00:00-05:00,34.48001170328452,34.54771409300288,33.92871870729009,34.238216400146484,1235600,0.0,0.0
2024-01-26 00:00:00-05:00,34.48000846492912,34.692785802844185,34.25755356017195,34.28657150268555,3066800,0.0,0.0
2024-01-29 00:00:00-05:00,34.122152464054004,34.605743076932335,34.03510600615576,34.57672882080078,3859300,0.0,0.0
2024-01-30 00:00:00-05:00,35.95979514921004,36.28863688501978,35.36014387432284,36.12421417236328,2794600,0.0,0.0
2024-01-31 00:00:00-05:00,35.91143738846713,36.017827906045795,34.97327048564066,34.982940673828125,2027400,0.0,0.0
2024-02-01 00:00:00-05:00,35.12801553946402,35.60193587867587,35.05064297378831,35.57291793823242,1102500,0.0,0.0
2024-02-02 00:00:00-05:00,35.32146124636233,35.65997322295039,34.86688485822653,35.36014938354492,1117900,0.0,0.0
2024-02-05 00:00:00-05:00,34.847539111571834,35.128022558383314,34.634761746321445,34.93458557128906,1728600,0.0,0.0
2024-02-06 00:00:00-05:00,32.429580612130515,32.51662705739478,31.18191981601339,31.975008010864258,5826700,0.0,0.0
2024-02-07 00:00:00-05:00,32.1587742757135,32.1587742757135,31.375356190700455,32.081398010253906,3029600,0.0,0.0
2024-02-08 00:00:00-05:00,31.94599327341169,32.02336953896383,31.530105069827478,31.63649559020996,2892900,0.0,0.0
2024-02-09 00:00:00-05:00,31.626826522012003,31.975012350322785,31.481747863714663,31.868621826171875,1687900,0.0,0.0
2024-02-12 00:00:00-05:00,31.916977003229558,32.739079480541776,31.916977003229558,32.51662826538086,2596600,0.0,0.0
2024-02-13 00:00:00-05:00,31.759526454911832,31.973065977386973,30.973302155284554,31.4003849029541,2688300,0.12,0.0
2024-02-14 00:00:00-05:00,31.78864884396852,32.1672001003623,31.58481412171337,31.77894401550293,2609700,0.0,0.0
2024-02-15 00:00:00-05:00,32.031310979727266,32.846653589138214,31.953657539440595,32.817535400390625,2977800,0.0,0.0
2024-02-16 00:00:00-05:00,32.65252231103874,33.157258543409284,32.49721913974932,32.691349029541016,3610300,0.0,0.0
2024-02-20 00:00:00-05:00,31.924538124874804,32.691349156022966,31.55569170311549,32.681640625,3163300,0.0,0.0
2024-02-21 00:00:00-05:00,32.46810159044736,33.2543222906147,32.33221177573793,33.2446174621582,3452600,0.0,0.0
2024-02-22 00:00:00-05:00,33.3416764936442,33.38050320817716,33.060192070078486,33.25431823730469,2165200,0.0,0.0
2024-02-23 00:00:00-05:00,33.20579118649036,34.07937386803513,33.20579118649036,34.0017204284668,1254900,0.0,0.0
2024-02-26 00:00:00-05:00,33.6716968410408,33.6716968410408,32.16719679836961,33.41933059692383,4595400,0.0,0.0
2024-02-27 00:00:00-05:00,33.7202323146408,33.98230338799989,33.001952887308725,33.01165771484375,3390800,0.0,0.0
2024-02-28 00:00:00-05:00,32.71076256838654,33.30285706927819,32.64281766199436,32.875770568847656,1398400,0.0,0.0
2024-02-29 00:00:00-05:00,33.19608645309442,33.564932886662085,32.885480099370014,33.40962600708008,2472200,0.0,0.0
2024-03-01 00:00:00-05:00,33.46786029472764,33.74934841117391,33.09901392499526,33.71052169799805,1469000,0.0,0.0
2024-03-04 00:00:00-05:00,33.86582783770745,34.31232397048973,33.58433969641099,34.147315979003906,1467500,0.0,0.0
2024-03-05 00:00:00-05:00,33.91435654412349,33.992009970832484,32.710758051887595,32.91459274291992,2182900,0.0,0.0
2024-03-06 00:00:00-05:00,33.11842946751361,33.65228384940089,32.92429959154021,33.39991760253906,1265800,0.0,0.0
2024-03-07 00:00:00-05:00,33.54551495091531,34.283204014705845,33.54551495091531,34.04054260253906,1549600,0.0,0.0
2024-03-08 00:00:00-05:00,34.32203650408477,34.56469795708003,33.98230824825945,34.33174133300781,2449800,0.0,0.0
2024-03-11 00:00:00-04:00,34.25408940875771,34.632640658851344,34.021132799543324,34.448219299316406,1474300,0.0,0.0
2024-03-12 00:00:00-04:00,34.49675042466117,34.71028996921817,34.04054574283185,34.66175842285156,2056800,0.0,0.0
2024-03-13 00:00:00-04:00,34.652055579717896,35.00148865792625,34.380272239600366,34.758827209472656,2189700,0.0,0.0
2024-03-14 00:00:00-04:00,34.671468609163355,34.83647661523214,34.040547368114886,34.380271911621094,1786200,0.0,0.0
2024-03-15 00:00:00-04:00,34.127906641580516,34.65205626932409,34.127906641580516,34.52587127685547,2876600,0.0,0.0
2024-03-18 00:00:00-04:00,34.65205190224177,34.8364732505155,34.506453567533406,34.749114990234375,1408300,0.0,0.0
2024-03-19 00:00:00-04:00,34.53557370348375,34.952947922846455,34.53557370348375,34.64234161376953,1904700,0.0,0.0
2024-03-20 00:00:00-04:00,34.749119419486604,35.438277059147275,34.6908830403558,35.30238723754883,832600,0.0,0.0
2024-03-21 00:00:00-04:00,35.535341973128375,35.60328688031556,35.10825546770063,35.205322265625,2325800,0.0,0.0
2024-03-22 00:00:00-04:00,35.21502256295549,35.36062088974809,34.632636661223586,34.65205001831055,1360800,0.0,0.0
2024-03-25 00:00:00-04:00,34.574400886693,35.108255313411824,34.5064559798044,34.62293243408203,697400,0.0,0.0
2024-03-26 00:00:00-04:00,34.73941174575542,34.78794329196352,33.87553763400443,33.8852424621582,1963500,0.0,0.0
2024-03-27 00:00:00-04:00,34.05996072154271,35.37033104935007,33.83671263546471,35.360626220703125,1418200,0.0,0.0
2024-03-28 00:00:00-04:00,35.38003757614782,35.7585888181677,35.19561251782662,35.66152572631836,958500,0.0,0.0
2024-04-01 00:00:00-04:00,35.88477522002706,35.913893408190404,35.38003897645044,35.38974380493164,1380900,0.0,0.0
2024-04-02 00:00:00-04:00,35.011192009509855,35.31209352587612,34.54528249246252,35.224735260009766,1579800,0.0,0.0
2024-04-03 00:00:00-04:00,35.37032857297248,35.68093490600586,35.16649386117924,35.68093490600586,1863900,0.0,0.0
2024-04-04 00:00:00-04:00,36.030370006839135,36.25361808999197,34.97236596763323,34.99177932739258,980300,0.0,0.0
2024-04-05 00:00:00-04:00,34.855893470055264,34.86559829967714,34.38998389108125,34.399688720703125,783900,0.0,0.0
2024-04-08 00:00:00-04:00,34.74911330158129,35.16649122456179,34.53557377783075,34.83647155761719,762300,0.0,0.0
2024-04-09 00:00:00-04:00,34.49675273757937,35.467398540869375,34.341449557161766,35.12767028808594,1457900,0.0,0.0
2024-04-10 00:00:00-04:00,34.147315251996524,34.389976671523094,33.759055499666246,34.18614196777344,932500,0.0,0.0
2024-04-11 00:00:00-04:00,34.16673048868102,34.39968339071351,33.74935252792655,34.283206939697266,2004500,0.0,0.0
2024-04-12 00:00:00-04:00,33.90465832815161,34.069666338004055,33.45816214567099,33.56493377685547,1032200,0.0,0.0
2024-04-15 00:00:00-04:00,33.846414203032914,34.12790234203088,32.96312677247198,32.982540130615234,1021200,0.0,0.0
2024-04-16 00:00:00-04:00,32.80782560926076,33.09901859371509,32.55545934345893,32.681640625,1225300,0.0,0.0
2024-04-17 00:00:00-04:00,32.83694346336726,33.273731034999976,32.46809708694571,32.497215270996094,1370600,0.0,0.0
2024-04-18 00:00:00-04:00,32.53604901654696,32.76900194473415,32.34191910791095,32.52634048461914,948900,0.0,0.0
2024-04-19 00:00:00-04:00,32.42927387200361,32.875770021640385,32.40015568481154,32.71076202392578,1725500,0.0,0.0
2024-04-22 00:00:00-04:00,32.8369429388517,33.0310690997124,32.47780139527721,32.720462799072266,1623800,0.0,0.0
2024-04-23 00:00:00-04:00,32.759290586526994,33.44844810725019,32.46809763296839,33.25431823730469,998400,0.0,0.0
2024-04-24 00:00:00-04:00,33.186377921760645,33.66199598368104,32.992251727722746,33.40962600708008,1046300,0.0,0.0
2024-04-25 00:00:00-04:00,33.10872902117164,33.41933538274343,32.84665420933546,33.37080383300781,1042700,0.0,0.0
2024-04-26 00:00:00-04:00,33.39021720778289,34.06966630981297,33.254323684656974,33.953189849853516,1173900,0.0,0.0
2024-04-29 00:00:00-04:00,34.21526131797583,34.710289001464844,34.176434600877215,34.710289001464844,1827400,0.0,0.0
2024-04-30 00:00:00-04:00,41.56304224487462,41.62128231097967,37.03983412017887,37.18543243408203,14624200,0.0,0.0
2024-05-01 00:00:00-04:00,37.437804932138384,38.233734122237955,36.66128910066558,37.84547805786133,4875200,0.0,0.0
2024-05-02 00:00:00-04:00,38.15608427320816,38.427863887708654,37.156316671959324,38.24344253540039,3215200,0.0,0.0
2024-05-03 00:00:00-04:00,38.77729568033412,39.12672871778361,38.10754779098279,38.89377212524414,3544100,0.0,0.0
2024-05-06 00:00:00-04:00,40.670059245575054,40.670059245575054,39.68000011581248,39.88383483886719,3925600,0.0,0.0
2024-05-07 00:00:00-04:00,40.798908220325096,41.16883493848557,40.41924824986027,40.87678909301758,4180800,0.12,0.0
2024-05-08 00:00:00-04:00,40.54580979199894,41.80160751507916,40.54580979199894,41.42194747924805,3885400,0.0,0.0
2024-05-09 00:00:00-04:00,41.55822568770666,41.72372067554571,41.071481403042924,41.509552001953125,1651400,0.0,0.0
2024-05-10 00:00:00-04:00,41.71399166920163,41.96710082511543,40.83785401778013,41.21751403808594,1479100,0.0,0.0
2024-05-13 00:00:00-04:00,41.33432951792424,41.62637538667512,41.061753868898705,41.48035430908203,3170200,0.0,0.0
2024-05-14 00:00:00-04:00,41.860010345881086,41.860010345881086,41.2661816979669,41.5582275390625,2201800,0.0,0.0
2024-05-15 00:00:00-04:00,41.937896745328466,41.99630369310772,41.548499763497546,41.879486083984375,1767300,0.0,0.0
2024-05-16 00:00:00-04:00,41.840538264067035,41.97682606960261,41.46087831619959,41.509552001953125,1927500,0.0,0.0
2024-05-17 00:00:00-04:00,41.55822752693375,41.73345577425284,41.28565190379932,41.6361083984375,1766700,0.0,0.0
2024-05-20 00:00:00-04:00,41.61664411834493,41.82107586486368,41.36353867697383,41.41221237182617,1690200,0.0,0.0
2024-05-21 00:00:00-04:00,41.275916934312725,41.66531013493729,41.09095172896917,41.43167495727539,1259900,0.0,0.0
2024-05-22 00:00:00-04:00,41.344065064356464,41.43167919332856,40.66262225163622,40.88652420043945,1432000,0.0,0.0
2024-05-23 00:00:00-04:00,41.100693023932315,41.19804040595223,40.565271282129075,40.76970672607422,1187900,0.0,0.0
2024-05-24 00:00:00-04:00,41.03255099035383,41.21751251007637,40.72103489736602,40.740501403808594,1135300,0.0,0.0
2024-05-28 00:00:00-04:00,41.3732687978705,41.47061618020435,40.58474163213371,40.633419036865234,1636000,0.0,0.0
2024-05-29 00:00:00-04:00,40.07852807687691,40.28296352659611,39.387351989746094,39.387351989746094,1667000,0.0,0.0
2024-05-30 00:00:00-04:00,39.455492074621475,39.67939400872435,39.22185688841165,39.42628860473633,2157700,0.0,0.0
2024-05-31 00:00:00-04:00,39.52363911321943,40.244022373862684,39.212123031201976,40.224552154541016,1596900,0.0,0.0
2024-06-03 00:00:00-04:00,40.42898402067564,40.623682500971114,40.06879424594602,40.08826446533203,3106300,0.0,0.0
2024-06-04 00:00:00-04:00,39.5723174977602,39.659931630093936,38.861667472406175,39.095306396484375,1956800,0.0,0.0
2024-06-05 00:00:00-04:00,39.17318925239916,39.231596201192424,38.579360515901676,39.046634674072266,1669500,0.0,0.0
2024-06-06 00:00:00-04:00,39.05635901312125,39.10503269719423,38.01472657699044,38.16075134277344,2103500,0.0,0.0
2024-06-07 00:00:00-04:00,37.81029841224624,38.44306750507178,37.74215450545757,38.41386032104492,1293200,0.0,0.0
2024-06-10 00:00:00-04:00,37.91738274228182,38.55988508718509,37.85897208781265,38.49174118041992,1369600,0.0,0.0
2024-06-11 00:00:00-04:00,38.28731354150472,38.43333462289671,37.81030242973537,38.18022918701172,1595600,0.0,0.0
2024-06-12 00:00:00-04:00,39.066103361258946,39.40682292772717,38.45280442805139,38.58909225463867,1088700,0.0,0.0
2024-06-13 00:00:00-04:00,38.57935544740903,38.70590629554498,37.868709193123664,38.25810241699219,1421600,0.0,0.0
2024-06-14 00:00:00-04:00,37.6350731866346,38.160757978588414,36.690787954446975,37.13859558105469,2211100,0.0,0.0
2024-06-17 00:00:00-04:00,37.08991596368883,37.47931290789798,36.98283533191757,37.420902252197266,1333500,0.0,0.0
2024-06-18 00:00:00-04:00,37.53772525779326,38.26784177596449,37.53772525779326,37.703216552734375,2358700,0.0,0.0
2024-06-20 00:00:00-04:00,37.547464588329824,37.635078733234565,37.12886408640331,37.38197326660156,1135200,0.0,0.0
2024-06-21 00:00:00-04:00,37.40143429802332,37.40143429802332,36.632381042674446,37.00230407714844,2476700,0.0,0.0
2024-06-24 00:00:00-04:00,37.13859360582179,37.48904640158731,36.94389513246461,37.2262077331543,822400,0.0,0.0
2024-06-25 00:00:00-04:00,37.07045628767267,37.216477383477226,36.2819290014935,36.32086944580078,1901100,0.0,0.0
2024-06-26 00:00:00-04:00,36.00934023486357,36.135891062533595,35.63941357548365,36.077484130859375,3330900,0.0,0.0
2024-06-27 00:00:00-04:00,36.10669878488552,36.408481641781485,35.81465289532829,36.27219009399414,3559500,0.0,0.0
2024-06-28 00:00:00-04:00,36.398738861083984,36.95362707668926,35.87305411570077,36.398738861083984,2639000,0.0,0.0
2024-07-01 00:00:00-04:00,36.593446978647684,36.836819197523084,36.09696928611062,36.369544982910156,2947500,0.0,0.0
2024-07-02 00:00:00-04:00,36.32086523173895,36.973100887168194,36.23325109899542,36.69078826904297,1724200,0.0,0.0
2024-07-03 00:00:00-04:00,36.797874313873706,36.98283955459629,36.44741776678345,36.91469192504883,546000,0.0,0.0
2024-07-05 00:00:00-04:00,36.71999529976026,37.16779921474155,36.64211442051236,36.90495681762695,2017100,0.0,0.0
2024-07-08 00:00:00-04:00,37.23594255890366,37.576662116500444,37.14832842786954,37.56692886352539,1516200,0.0,0.0
2024-07-09 00:00:00-04:00,37.50851820964726,37.722686910771685,37.37223038659159,37.54745864868164,1661600,0.0,0.0
2024-07-10 00:00:00-04:00,37.69348663940421,38.2678451664625,37.57666531238,38.228904724121094,1923200,0.0,0.0
2024-07-11 00:00:00-04:00,38.754583061495495,39.50416973992783,38.462533506434426,39.03689193725586,2306500,0.0,0.0
2024-07-12 00:00:00-04:00,39.299733916540575,39.835151906202896,38.94927742481562,39.62098693847656,2476900,0.0,0.0
2024-07-15 00:00:00-04:00,39.29000236677837,40.458189485287335,39.25106192966302,39.82542037963867,2803200,0.0,0.0
2024-07-16 00:00:00-04:00,40.000649400108884,41.20777697887997,39.874094833839564,41.17856979370117,1469800,0.0,0.0
2024-07-17 00:00:00-04:00,40.98386987174862,41.16883508828408,40.497125556342745,40.604209899902344,1822000,0.0,0.0
2024-07-18 00:00:00-04:00,40.31216233459012,41.16883333297678,40.19534474367148,40.419246673583984,1895500,0.0,0.0
2024-07-19 00:00:00-04:00,39.91304020292738,39.95198064560047,37.644809550347375,37.858978271484375,2833900,0.0,0.0
2024-07-22 00:00:00-04:00,38.180231167319526,38.326252256285244,37.42090739315083,38.11208724975586,1586000,0.0,0.0
2024-07-23 00:00:00-04:00,38.39438663075131,38.58908508121075,37.93684954277031,37.94658279418945,1471500,0.0,0.0
2024-07-24 00:00:00-04:00,37.732421326556086,37.907649594046184,36.25272173329605,36.262454986572266,1925400,0.0,0.0
2024-07-25 00:00:00-04:00,36.311128680082895,37.17753305069238,36.07749346580595,36.262454986572266,2037700,0.0,0.0
2024-07-26 00:00:00-04:00,36.85628284584957,37.537725679850816,36.53502979173117,37.21647262573242,1752800,0.0,0.0
2024-07-29 00:00:00-04:00,36.69078247567618,37.53772019632288,36.69078247567618,36.89521789550781,3489800,0.0,0.0
2024-07-30 00:00:00-04:00,35.590748290022375,37.67401351860141,35.53233763100592,37.15806198120117,3531900,0.0,0.0
2024-07-31 00:00:00-04:00,37.80056748966575,38.413862688562304,37.323556399181584,37.95632553100586,2324300,0.0,0.0
2024-08-01 00:00:00-04:00,37.975793496640634,38.21916567768786,35.90226518788491,36.301395416259766,2344300,0.0,0.0
2024-08-02 00:00:00-04:00,35.42525310160693,35.542070705488214,34.74381027076417,35.279232025146484,1771200,0.0,0.0
2024-08-05 00:00:00-04:00,33.9163452594967,34.9093041440789,33.488011583497624,34.31547546386719,1985000,0.0,0.0
2024-08-06 00:00:00-04:00,34.31547745051424,34.88983594503706,34.08183852326564,34.20839309692383,1781500,0.0,0.0
2024-08-07 00:00:00-04:00,34.6659341301036,34.88010283818332,33.789792791200014,34.052635192871094,1728000,0.0,0.0
2024-08-08 00:00:00-04:00,34.3836167823835,35.25975800086475,34.15971485178591,35.22081756591797,2788600,0.0,0.0
2024-08-09 00:00:00-04:00,35.25002115545027,35.25002115545027,34.70486991859495,35.084529876708984,3305700,0.0,0.0
2024-08-12 00:00:00-04:00,35.0553284880158,35.084535675935285,34.64646499279207,34.99692153930664,2158000,0.0,0.0
2024-08-13 00:00:00-04:00,35.152673427233196,35.50312991228973,34.98717843659461,35.47392272949219,1305900,0.0,0.0
2024-08-14 00:00:00-04:00,35.60090189710571,35.718105466717994,34.88790761606,35.132083892822266,1357300,0.12,0.0
2024-08-15 00:00:00-04:00,36.030645262632966,36.44086328194999,35.76693447717925,36.245521545410156,1255800,0.0,0.0
2024-08-16 00:00:00-04:00,36.225993164312634,36.284596812998196,35.70834064134377,36.04042053222656,923600,0.0,0.0
2024-08-19 00:00:00-04:00,36.17715143877695,36.68503844859783,36.079478710445855,36.49946212768555,1068300,0.0,0.0
2024-08-20 00:00:00-04:00,36.31389234223356,36.46039958314875,35.8939088924995,36.16738510131836,717500,0.0,0.0
2024-08-21 00:00:00-04:00,36.304130335285535,36.538541221617656,36.19669589346106,36.44087219238281,746300,0.0,0.0
2024-08-22 00:00:00-04:00,36.48970221079748,36.724109342411694,35.89391151870724,35.972049713134766,773700,0.0,0.0
2024-08-23 00:00:00-04:00,36.372495919557515,37.525004394331276,36.30412314163959,37.485939025878906,1062300,0.0,0.0
2024-08-26 00:00:00-04:00,37.62267713004695,38.13056417826676,37.45663534224725,37.485939025878906,1030200,0.0,0.0
2024-08-27 00:00:00-04:00,37.31990390583998,37.49571113570489,37.11479671294243,37.153865814208984,737000,0.0,0.0
2024-08-28 00:00:00-04:00,36.987819974156636,37.710583365645896,36.73387829521045,36.997589111328125,967000,0.0,0.0
2024-08-29 00:00:00-04:00,37.33943254376133,37.78871595967879,36.96828359216979,37.075721740722656,743400,0.0,0.0
2024-08-30 00:00:00-04:00,37.40780128559798,37.67151208643973,37.07572143185287,37.6519775390625,1200600,0.0,0.0
2024-09-03 00:00:00-04:00,37.251524838830726,37.427332021488226,35.61066028458314,35.747398376464844,874200,0.0,0.0
2024-09-04 00:00:00-04:00,35.46416209062346,36.138087241116985,35.12231308392323,35.65950012207031,1290200,0.0,0.0
2024-09-05 00:00:00-04:00,35.6106630935516,35.679032144885404,34.99534163154738,35.415321350097656,963800,0.0,0.0
2024-09-06 00:00:00-04:00,35.33718645627616,35.67903170876666,34.32141238339893,34.37024688720703,754700,0.0,0.0
2024-09-09 00:00:00-04:00,34.497220139313306,34.58512373793228,33.862360401972474,34.096771240234375,1177200,0.0,0.0
2024-09-10 00:00:00-04:00,34.03817273201677,34.165145443798636,33.432616586789656,33.706092834472656,735000,0.0,0.0
2024-09-11 00:00:00-04:00,33.67679112231971,33.94050194423837,32.993096812808496,33.78422927856445,834300,0.0,0.0
2024-09-12 00:00:00-04:00,33.80376806247541,33.84283716524707,33.139608218696054,33.35448455810547,2512200,0.0,0.0
2024-09-13 00:00:00-04:00,33.73539652376344,34.17491458315452,33.432616588219716,33.85260009765625,1206600,0.0,0.0
2024-09-16 00:00:00-04:00,33.88189823636131,34.34095082100362,33.745160119872345,34.22374725341797,1138700,0.0,0.0
2024-09-17 00:00:00-04:00,34.487452433721714,35.229746541458866,34.487452433721714,34.887901306152344,970800,0.0,0.0
2024-09-18 00:00:00-04:00,35.03441299007368,35.503231019025606,34.428856835073425,34.61442947387695,2119900,0.0,0.0
2024-09-19 00:00:00-04:00,35.63020148669263,35.786474153158345,34.926972624679756,35.561832427978516,1042400,0.0,0.0
2024-09-20 00:00:00-04:00,35.34695211291643,35.395790342898536,34.32141262246763,34.526519775390625,2442000,0.0,0.0
2024-09-23 00:00:00-04:00,34.673030046685604,34.995344508759416,34.61442640108104,34.79023361206055,947800,0.0,0.0
2024-09-24 00:00:00-04:00,34.96604302374572,35.38602652909271,34.88790855052282,35.17115020751953,692600,0.0,0.0
2024-09-25 00:00:00-04:00,35.151618588969775,35.151618588969775,34.25304794929546,34.39955520629883,582900,0.0,0.0
2024-09-26 00:00:00-04:00,35.0441784207162,35.80600717143804,35.014874735495596,35.796241760253906,973500,0.0,0.0
2024-09-27 00:00:00-04:00,36.25529127574239,36.52877122981914,35.89391144187409,36.118553161621094,904700,0.0,0.0
2024-09-30 00:00:00-04:00,35.649737449688764,35.74740647291579,34.70233227588208,35.0246467590332,1121300,0.0,0.0
2024-10-01 00:00:00-04:00,34.98557468125314,34.98557468125314,33.979569669480426,34.321414947509766,1143900,0.0,0.0
2024-10-02 00:00:00-04:00,34.25304438873325,34.419086177799514,33.92096453643465,33.96979904174805,975600,0.0,0.0
2024-10-03 00:00:00-04:00,33.62795514328134,33.96003500905513,33.510751580606495,33.57912063598633,655700,0.0,0.0
2024-10-04 00:00:00-04:00,34.13584393969258,34.31165115549936,33.745160409936545,34.08700942993164,811500,0.0,0.0
2024-10-07 00:00:00-04:00,33.91120079344699,34.98557486651478,33.82329718922623,34.917205810546875,2085800,0.0,0.0
2024-10-08 00:00:00-04:00,34.565592841756796,34.790234567324525,33.86236397852964,34.08700942993164,1309800,0.0,0.0
2024-10-09 00:00:00-04:00,34.03816958809454,34.56559121062618,33.96980053248868,34.321414947509766,668200,0.0,0.0
2024-10-10 00:00:00-04:00,34.00887167151272,34.52652418814514,33.93073720005609,34.39955520629883,1420900,0.0,0.0
2024-10-11 00:00:00-04:00,34.3800202175208,35.239521747563245,34.29211660960925,35.122314453125,991300,0.0,0.0
2024-10-14 00:00:00-04:00,34.98557080724937,35.688799559421994,34.80976361920621,35.63996505737305,1194100,0.0,0.0
2024-10-15 00:00:00-04:00,35.32742020803673,35.78647277819486,34.58512600230304,34.62419509887695,828300,0.0,0.0
2024-10-16 00:00:00-04:00,34.90744062625311,35.16138230352264,34.80976788435395,35.07347869873047,708700,0.0,0.0
2024-10-17 00:00:00-04:00,35.20045317178983,35.337191291496026,34.7121006152195,35.28835678100586,841200,0.0,0.0
2024-10-18 00:00:00-04:00,35.45439131305573,35.48369499708416,35.07347695319173,35.151615142822266,828800,0.0,0.0
2024-10-21 00:00:00-04:00,35.08324394320097,35.2004512329227,34.467922438415435,34.62419509887695,960400,0.0,0.0
2024-10-22 00:00:00-04:00,34.2139778137207,34.438619535372446,33.45214904239443,34.2139778137207,2219000,0.0,0.0
2024-10-23 00:00:00-04:00,34.07723977670505,34.6339613763889,33.647490881145266,34.067474365234375,999600,0.0,0.0
2024-10-24 00:00:00-04:00,34.17491398157277,34.2530484541811,33.696326830697195,34.126075744628906,1215700,0.0,0.0
2024-10-25 00:00:00-04:00,34.184675806145556,34.84883551987453,34.05770310991778,34.282344818115234,966200,0.0,0.0
2024-10-28 00:00:00-04:00,34.49722487498691,35.10278101202773,34.38002130268355,34.721866607666016,843500,0.0,0.0
2024-10-29 00:00:00-04:00,34.51675775154215,34.57536139777032,33.940501604051505,34.50699234008789,668400,0.0,0.0
2024-10-30 00:00:00-04:00,34.44838741684435,35.02464354297295,34.106538415270464,34.16514205932617,942900,0.0,0.0
2024-10-31 00:00:00-04:00,34.06747986049986,34.24328710200437,33.54005813598633,33.54005813598633,1560800,0.0,0.0
2024-11-01 00:00:00-04:00,33.65725378275927,34.11630633016748,33.49121571929992,33.676788330078125,1698700,0.0,0.0
2024-11-04 00:00:00-05:00,33.55958640890666,33.979569882162345,32.758688558938644,32.85635757446289,2346800,0.0,0.0
2024-11-05 00:00:00-05:00,31.547574001851252,31.557343139323716,30.453665332494747,30.84434700012207,3305300,0.0,0.0
2024-11-06 00:00:00-05:00,32.0847626984365,32.905195173758074,31.772217348393472,32.6805534362793,1710000,0.0,0.0
2024-11-07 00:00:00-05:00,32.86612648251453,33.51075166765173,32.54381202702889,32.7000846862793,1622300,0.0,0.0
2024-11-08 00:00:00-05:00,32.504744533202796,32.680551749255855,32.2605682582218,32.31917190551758,807500,0.0,0.0
2024-11-11 00:00:00-05:00,32.45590515037168,32.7000813886915,31.781980073909082,31.840579986572266,1029800,0.0,0.0
2024-11-12 00:00:00-05:00,31.57687917577987,32.123831673303734,31.48897556355861,32.08476257324219,1662100,0.0,0.0
2024-11-13 00:00:00-05:00,32.123974605711055,32.31022761072355,31.761269810899538,32.025943756103516,1231300,0.12,0.0
2024-11-14 00:00:00-05:00,32.34943651353031,32.74155239131015,31.78086886469894,31.976926803588867,1507300,0.0,0.0
2024-11-15 00:00:00-05:00,32.133775743762406,32.133775743762406,30.94763051256859,31.202505111694336,1797200,0.0,0.0
2024-11-18 00:00:00-05:00,31.21230622058296,31.378953044723385,30.653543502767885,30.928022384643555,1453700,0.0,0.0
2024-11-19 00:00:00-05:00,30.535911405818624,30.790786014224892,30.202613984806373,30.3692626953125,1505700,0.0,0.0
2024-11-20 00:00:00-05:00,30.271231217143036,30.428078699174858,29.839906718233873,30.1143856048584,1190000,0.0,0.0
2024-11-21 00:00:00-05:00,30.01635923146701,30.477092995070148,29.87911791506081,30.261430740356445,1966100,0.0,0.0
2024-11-22 00:00:00-05:00,30.388868021759446,31.33974483191193,30.261431655969904,31.261322021484375,1115900,0.0,0.0
2024-11-25 00:00:00-05:00,31.663238227535732,33.329725237299606,31.60442345862872,32.918006896972656,2058000,0.0,0.0
2024-11-26 00:00:00-05:00,32.30042856141919,32.87879752465533,31.437775724500316,31.535802841186523,1315700,0.0,0.0
2024-11-27 00:00:00-05:00,31.68284318634508,32.06515412760974,31.369151965846164,31.47698402404785,689800,0.0,0.0
2024-11-29 00:00:00-05:00,31.427972492198702,31.849495797994937,31.398561367484028,31.506393432617188,579400,0.0,0.0
2024-12-02 00:00:00-05:00,31.731858441354436,32.06515584845848,31.33974439468711,31.692649841308594,3969200,0.0,0.0
2024-12-03 00:00:00-05:00,31.761270440871314,31.918116063859795,31.32994217303203,31.486787796020508,1625500,0.0,0.0
2024-12-04 00:00:00-05:00,31.457378587511116,31.741662431297037,30.898615854273633,31.104475021362305,1579000,0.0,0.0
2024-12-05 00:00:00-05:00,31.29073159996812,31.398561796828474,30.46729114709417,30.526107788085938,1962900,0.0,0.0
2024-12-06 00:00:00-05:00,30.751573858286374,30.751573858286374,29.732075480507365,30.016359329223633,2496600,0.0,0.0
2024-12-09 00:00:00-05:00,30.300644455852808,30.8398010852747,30.222221639396036,30.281038284301758,2303700,0.0,0.0
2024-12-10 00:00:00-05:00,30.163404726164323,30.428082430506716,29.457597514584606,30.359460830688477,2229300,0.0,0.0
2024-12-11 00:00:00-05:00,30.643742340116685,30.72216514982007,29.790892648563528,29.996753692626953,1331000,0.0,0.0
2024-12-12 00:00:00-05:00,29.888920933544387,30.01635916494291,29.67325867930865,29.84971046447754,1082300,0.0,0.0
2024-12-13 00:00:00-05:00,29.751681748511572,30.398670386648792,29.56542687700321,29.77128791809082,1252500,0.0,0.0
2024-12-16 00:00:00-05:00,29.712468829003793,30.192808755829812,29.349764047608343,29.65365219116211,1820000,0.0,0.0
2024-12-17 00:00:00-05:00,29.477201240565115,29.653653028821797,28.751789787535508,28.898832321166992,1299900,0.0,0.0
2024-12-18 00:00:00-05:00,28.840013937429504,29.40857973756589,27.487220092190217,27.614656448364258,1892800,0.0,0.0
2024-12-19 00:00:00-05:00,27.791109315672543,28.08519437668078,26.624568416811734,26.781414031982422,6536500,0.0,0.0
2024-12-20 00:00:00-05:00,26.71279647840701,27.202939533056682,26.663782920840994,26.702993392944336,4605200,0.0,0.0
2024-12-23 00:00:00-05:00,26.693188715963615,27.14412127162416,26.585358521798018,26.899049758911133,1079400,0.0,0.0
2024-12-24 00:00:00-05:00,26.850035400450402,27.05589645157048,26.644176219077657,26.859838485717773,466200,0.0,0.0
2024-12-26 00:00:00-05:00,26.74220269994642,27.428401776733985,26.653976810542037,27.26175308227539,1334100,0.0,0.0
2024-12-27 00:00:00-05:00,27.06569622851913,27.428400990340652,26.683383428812288,26.840229034423828,1051000,0.0,0.0
2024-12-30 00:00:00-05:00,26.54614723230047,26.830431095770926,26.124623914601425,26.585359573364258,945900,0.0,0.0
2024-12-31 00:00:00-05:00,26.644176219077657,27.04609336630311,26.644176219077657,26.859838485717773,873000,0.0,0.0
2025-01-02 00:00:00-05:00,27.055893822245373,27.124513542701074,26.497131104537935,26.712793350219727,1295000,0.0,0.0
2025-01-03 00:00:00-05:00,26.810825233805993,27.261755942745328,26.44811855378089,27.055896759033203,1054000,0.0,0.0
2025-01-06 00:00:00-05:00,27.51662764509957,28.34987111675546,27.51662764509957,27.78130531311035,1522600,0.0,0.0
2025-01-07 00:00:00-05:00,27.918546406635375,28.251843815022298,27.614658253016923,27.859729766845703,1194100,0.0,0.0
2025-01-08 00:00:00-05:00,27.467614375507313,27.663670455134866,26.96766828737421,27.183330535888672,1123500,0.0,0.0
2025-01-10 00:00:00-05:00,26.86963965120235,26.967668627124723,26.487328701826996,26.722597122192383,1047700,0.0,0.0
2025-01-13 00:00:00-05:00,26.516736365411518,27.046091719126323,26.359890750180586,26.91865348815918,1015900,0.0,0.0
2025-01-14 00:00:00-05:00,27.06569794636878,27.398995346884337,26.879443076728386,27.193134307861328,1616900,0.0,0.0
2025-01-15 00:00:00-05:00,27.967560003534135,28.045982808044425,27.4480077550615,27.614656448364258,825800,0.0,0.0
2025-01-16 00:00:00-05:00,27.77150195480302,27.957756815982155,27.34017559671608,27.722488403320312,1024500,0.0,0.0
2025-01-17 00:00:00-05:00,28.006772301193518,28.232237645176653,27.80091312705603,27.859729766845703,981700,0.0,0.0
2025-01-21 00:00:00-05:00,28.153813420199594,28.408688006138203,27.918545003120993,28.35967445373535,1306300,0.0,0.0
2025-01-22 00:00:00-05:00,28.35967689318788,28.869426108912887,28.13421154114513,28.202831268310547,1207900,0.0,0.0
2025-01-23 00:00:00-05:00,28.016574666811266,28.62435282819118,27.889138305580932,28.506717681884766,1134500,0.0,0.0
2025-01-24 00:00:00-05:00,28.585140142912802,28.614549396569625,27.8891379674261,28.03618049621582,1285300,0.0,0.0
2025-01-27 00:00:00-05:00,27.859729926443666,28.104801441676372,27.41860045112589,28.026378631591797,1697500,0.0,0.0
2025-01-28 00:00:00-05:00,27.840122841182108,27.840122841182108,27.173528042505318,27.43820571899414,1416300,0.0,0.0
2025-01-29 00:00:00-05:00,27.45781169910055,27.70288320458726,26.82062615878455,26.99707794189453,2621700,0.0,0.0
2025-01-30 00:00:00-05:00,27.114711324133857,27.271556938682576,26.614765226604614,26.889245986938477,2455800,0.0,0.0
2025-01-31 00:00:00-05:00,26.899051633028918,27.13432007725544,26.399105487892292,26.624570846557617,1748900,0.0,0.0
2025-02-03 00:00:00-05:00,25.879551114746533,25.94817083847367,24.41892513767086,25.11492919921875,2821400,0.0,0.0
2025-02-04 00:00:00-05:00,25.14433522293399,25.54625232850908,24.99729269865603,25.232561111450195,1360000,0.0,0.0
2025-02-05 00:00:00-05:00,25.261971576147094,25.467830746062898,24.997293897900576,25.085519790649414,1420400,0.0,0.0
2025-02-06 00:00:00-05:00,25.281579784686016,25.4580297146681,24.90907001420217,24.977689743041992,1258100,0.0,0.0
2025-02-07 00:00:00-05:00,25.095324139365353,25.360001830943084,24.791435976672773,25.35019874572754,1829000,0.0,0.0
2025-02-10 00:00:00-05:00,25.55605638419832,25.850143313680228,25.075716456099812,25.30118179321289,2272800,0.0,0.0
2025-02-11 00:00:00-05:00,25.046308410405846,25.448225550646217,24.91887204363949,25.291379928588867,2163700,0.0,0.0
2025-02-12 00:00:00-05:00,25.77396545700031,28.039158453343642,25.409563897135534,27.58612060546875,4574600,0.12,0.0
2025-02-13 00:00:00-05:00,27.576272953552127,28.80735656754999,27.517181466055895,28.413410186767578,2955200,0.0,0.0
2025-02-14 00:00:00-05:00,28.738415315846005,29.260393550151345,28.34446894698788,29.092967987060547,2152000,0.0,0.0
2025-02-18 00:00:00-05:00,29.191452083042655,29.388426199376745,28.70886756435696,29.220998764038086,1909800,0.0,0.0
2025-02-19 00:00:00-05:00,29.043721059448217,29.614943715581223,28.856595845642005,29.546003341674805,1569900,0.0,0.0
2025-02-20 00:00:00-05:00,29.54600519279973,29.82176858418692,29.161907726408348,29.51645851135254,1235100,0.0,0.0
2025-02-21 00:00:00-05:00,29.565702240982237,29.64449151105311,28.856596931859993,29.04372215270996,1309000,0.0,0.0
2025-02-24 00:00:00-05:00,29.142210467171665,29.457367561051658,28.66947482635168,29.03387451171875,1905800,0.0,0.0
2025-02-25 00:00:00-05:00,29.073270087695974,29.47706534904027,28.758112993815985,29.03387451171875,1790000,0.0,0.0
2025-02-26 00:00:00-05:00,29.260394565459386,29.44751980159174,28.846752272668706,28.935388565063477,1361100,0.0,0.0
2025-02-27 00:00:00-05:00,28.77780720231473,29.38842544447799,28.285373802613,28.344467163085938,1305800,0.0,0.0
2025-02-28 00:00:00-05:00,28.255831634454612,28.590686527740793,27.871732269517807,28.413410186767578,2104600,0.0,0.0
2025-03-03 00:00:00-05:00,28.53159075556127,28.866445620607614,26.798224947816756,26.90656089782715,1587100,0.0,0.0
2025-03-04 00:00:00-05:00,26.423978371462155,26.66034619774675,25.616387828702,26.12851905822754,2985000,0.0,0.0
2025-03-05 00:00:00-05:00,26.512617377606514,27.064142323004596,26.29594733296412,26.68989372253418,1803100,0.0,0.0
2025-03-06 00:00:00-05:00,26.44367557615005,27.517180604212566,26.295945922794132,27.41869354248047,1978800,0.0,0.0
2025-03-07 00:00:00-05:00,27.133081291629015,28.393711551007527,27.133081291629015,28.285375595092773,2635800,0.0,0.0
2025-03-10 00:00:00-04:00,27.970216316879142,28.807353459783386,27.50732960420706,27.704301834106445,2535900,0.0,0.0
2025-03-11 00:00:00-04:00,27.66490922664501,27.7338496037431,26.56185755762237,27.172475814819336,1810600,0.0,0.0
2025-03-12 00:00:00-04:00,27.12323194732469,27.241414908644295,26.23685034500613,26.374732971191406,1479900,0.0,0.0
2025-03-13 00:00:00-04:00,26.27624794448449,26.768681371094814,25.980786761427623,26.0595760345459,1256800,0.0,0.0
2025-03-14 00:00:00-04:00,26.45352348943869,26.886863539419224,26.266398266933592,26.768680572509766,1627000,0.0,0.0
2025-03-17 00:00:00-04:00,26.729283347611045,27.546722685789383,26.522462229046486,27.32020378112793,1666500,0.0,0.0
2025-03-18 00:00:00-04:00,27.3202064252824,27.674759095404355,27.202023454231387,27.38914680480957,1178700,0.0,0.0
2025-03-19 00:00:00-04:00,27.398995973400442,27.82248902729376,27.261115212964285,27.566423416137695,1118000,0.0,0.0
2025-03-20 00:00:00-04:00,27.18232391603678,27.73384879522748,27.18232391603678,27.477783203125,1015000,0.0,0.0
2025-03-21 00:00:00-04:00,26.995199433912216,27.09368649178418,26.443674539707366,26.739133834838867,2198800,0.0,0.0
2025-03-24 00:00:00-04:00,27.192175183701515,27.674759729941012,27.083839225683743,27.36945152282715,1249400,0.0,0.0
2025-03-25 00:00:00-04:00,27.64521312901211,27.842187257175198,27.16262858134549,27.428543090820312,994100,0.0,0.0
2025-03-26 00:00:00-04:00,27.330055422163085,27.724001791290167,26.79822641497818,27.044443130493164,1026800,0.0,0.0
2025-03-27 00:00:00-04:00,26.84747146165969,26.945958525677362,24.99592066927792,25.72472381591797,2560500,0.0,0.0
2025-03-28 00:00:00-04:00,25.478505620875485,25.606537481751104,24.05044797146099,24.37545394897461,2868000,0.0,0.0
2025-03-31 00:00:00-04:00,24.01105357651858,24.15878511049804,23.331496785544815,23.902719497680664,2481900,0.0,0.0
2025-04-01 00:00:00-04:00,23.83377840853986,24.05044843825952,23.321647198128556,23.863323211669922,1774400,0.0,0.0
2025-04-02 00:00:00-04:00,23.538317187844715,24.542881819217065,23.518619400135197,24.237573623657227,1546000,0.0,0.0
2025-04-03 00:00:00-04:00,22.63224000281318,23.055733053373707,19.785975377163766,19.943553924560547,5011900,0.0,0.0
2025-04-04 00:00:00-04:00,19.224601140966374,19.23445003477084,17.245018569894476,18.43670654296875,4753200,0.0,0.0
2025-04-07 00:00:00-04:00,17.432144057260956,19.864764509000448,17.343505890172704,18.613983154296875,3829500,0.0,0.0
2025-04-08 00:00:00-04:00,19.490515319729028,19.490515319729028,17.14653123013378,17.42229461669922,3099000,0.0,0.0
2025-04-09 00:00:00-04:00,17.07759070481024,20.967815371451938,17.057892917694257,20.56401824951172,5231600,0.0,0.0
2025-04-10 00:00:00-04:00,20.170071574139037,20.170071574139037,18.53519283958092,19.145811080932617,2906200,0.0,0.0
2025-04-11 00:00:00-04:00,19.13596300872361,19.38217971881324,18.446555469078877,19.27384376525879,1946000,0.0,0.0
2025-04-14 00:00:00-04:00,19.756428936425866,19.94355416817701,18.810957640495953,19.687488555908203,2301600,0.0,0.0
2025-04-15 00:00:00-04:00,19.539760459811998,19.756430512796307,19.155662950003798,19.451122283935547,1679500,0.0,0.0
2025-04-16 00:00:00-04:00,19.362482614682264,19.628397121802337,18.584438760145304,18.879898071289062,1394800,0.0,0.0
2025-04-17 00:00:00-04:00,18.810958118469724,19.26399598965974,18.692773264233246,19.175357818603516,1564900,0.0,0.0
2025-04-21 00:00:00-04:00,18.840502052431074,18.97838468908199,18.28897714128074,18.58443832397461,1598500,0.0,0.0
2025-04-22 00:00:00-04:00,18.929138765640634,19.323086978977397,18.791258018063346,19.28369140625,2130800,0.0,0.0
2025-04-23 00:00:00-04:00,20.18977174858454,20.928421934508364,19.736733869557185,19.815523147583008,1321500,0.0,0.0
2025-04-24 00:00:00-04:00,20.061737745153145,21.312517166137695,19.963250688461574,21.312517166137695,1822100,0.0,0.0
2025-04-25 00:00:00-04:00,20.997360201398585,21.18448542227907,20.76099239114741,20.967815399169922,1296700,0.0,0.0
2025-04-28 00:00:00-04:00,21.056453079581896,21.50949282144589,20.701902279954094,21.046606063842773,1161800,0.0,0.0
2025-04-29 00:00:00-04:00,20.810236359444907,21.243578312861665,20.79054044948217,21.046606063842773,1085000,0.0,0.0
2025-04-30 00:00:00-04:00,20.61326413598791,21.135242381095534,20.258711457435943,21.07615089416504,1679900,0.0,0.0
2025-05-01 00:00:00-04:00,21.16478903755721,21.785256224253732,20.967816788538318,21.046606063842773,1446700,0.0,0.0
2025-05-02 00:00:00-04:00,21.637524442499,21.982228222454598,21.361762921322104,21.736011505126953,1114800,0.0,0.0
2025-05-05 00:00:00-04:00,21.59813060770313,21.97237918913692,21.292822406126792,21.64737319946289,1571600,0.0,0.0
2025-05-06 00:00:00-04:00,21.430703269918794,21.775407049364553,21.21403323524535,21.302669525146484,1321400,0.0,0.0
2025-05-07 00:00:00-04:00,21.489794867439972,21.578433036285173,21.06630181150945,21.36176300048828,1662400,0.0,0.0
2025-05-08 00:00:00-04:00,21.79510355792309,22.29738589974759,21.578433517296343,22.12010955810547,3400500,0.0,0.0
2025-05-09 00:00:00-04:00,24.168633379692483,25.74441883553704,23.67619995511995,25.163347244262695,2991500,0.0,0.0
2025-05-12 00:00:00-04:00,26.52246521812966,27.72400212818932,26.207308118998238,27.251266479492188,2821900,0.0,0.0
2025-05-13 00:00:00-04:00,27.359602626168783,28.31492282433542,27.08383922327736,27.802791595458984,1980500,0.0,0.0
2025-05-14 00:00:00-04:00,27.723666843313026,27.881918086836812,27.298365918903986,27.486289978027344,1445100,0.12,0.0
2025-05-15 00:00:00-04:00,27.140114622857343,27.55552460792927,26.823612136422284,27.021425247192383,1747800,0.0,0.0
2025-05-16 00:00:00-04:00,26.971971536457097,26.971971536457097,26.49721782272825,26.873064041137695,2200400,0.0,0.0
2025-05-19 00:00:00-04:00,26.289514701482045,26.784050344389158,26.22028001331565,26.358749389648438,1174500,0.0,0.0
2025-05-20 00:00:00-04:00,26.37852854503332,26.724703836632894,26.279621049361502,26.576343536376953,1229500,0.0,0.0
2025-05-21 00:00:00-04:00,26.141150094426646,26.329074136101692,25.250986460629058,25.29054832458496,1616000,0.0,0.0
2025-05-22 00:00:00-04:00,25.171862387332155,25.488364864370713,24.934483643049667,25.250988006591797,1325300,0.0,0.0
2025-05-23 00:00:00-04:00,24.420169652267976,25.181753079825942,24.420169652267976,24.914705276489258,1908100,0.0,0.0
2025-05-27 00:00:00-04:00,25.53781766517919,26.091696999914465,25.171862383596505,25.913665771484375,1627100,0.0,0.0
2025-05-28 00:00:00-04:00,25.982901548181935,26.309294977156082,25.94333779363784,26.0323543548584,2144000,0.0,0.0
2025-05-29 00:00:00-04:00,26.90273830400364,27.10055141878822,26.26973143178345,26.56645393371582,1735800,0.0,0.0
2025-05-30 00:00:00-04:00,26.329077330040214,26.427982945179785,25.616944827411718,25.775196075439453,1633300,0.0,0.0
2025-06-02 00:00:00-04:00,25.68617811274561,25.765303732447226,25.171862527936877,25.419130325317383,1027500,0.0,0.0
2025-06-03 00:00:00-04:00,25.488365136369538,26.408201649143603,25.349893886309797,26.249950408935547,1022600,0.0,0.0
2025-06-04 00:00:00-04:00,26.40820124217996,26.516997789081643,26.17082249902241,26.309293746948242,826000,0.0,0.0
2025-06-05 00:00:00-04:00,26.37852902762354,26.645578704871998,26.032353729690755,26.220277786254883,956700,0.0,0.0
2025-06-06 00:00:00-04:00,26.734596252441406,27.0214259305885,26.56645406645736,26.734596252441406,1093800,0.0,0.0
2025-06-09 00:00:00-04:00,27.199457288235195,27.91158785445862,26.962080432827385,27.466506958007812,1406200,0.0,0.0
2025-06-10 00:00:00-04:00,27.674212344464536,28.267655455086754,27.39727360961017,28.020387649536133,2106700,0.0,0.0
2025-06-11 00:00:00-04:00,28.257765924367487,28.505033742237703,28.010498106497273,28.376455307006836,1901600,0.0,0.0
2025-06-12 00:00:00-04:00,28.020389204046868,28.475362972482866,27.852247011484135,28.445690155029297,1215100,0.0,0.0
2025-06-13 00:00:00-04:00,27.83246543298915,28.119297011952124,26.655471958875356,27.1895694732666,1886000,0.0,0.0
2025-06-16 00:00:00-04:00,27.63464965155545,28.307218364414897,27.456616535033408,28.23798179626465,1098400,0.0,0.0
2025-06-17 00:00:00-04:00,27.941261033868024,28.03027759162187,27.377490759096037,27.50606918334961,1442300,0.0,0.0
2025-06-18 00:00:00-04:00,27.436834357711447,28.28743617777035,27.357708738624822,28.0006046295166,1260600,0.0,0.0
2025-06-20 00:00:00-04:00,28.267655866649292,28.514923675800006,27.75333837085493,27.961044311523438,2683500,0.0,0.0
2025-06-23 00:00:00-04:00,27.743446383419354,28.425906039099697,27.545633275478227,28.307218551635742,1245700,0.0,0.0
2025-06-24 00:00:00-04:00,28.67317371211303,28.920441510823736,28.505031533529607,28.70284652709961,1473000,0.0,0.0
2025-06-25 00:00:00-04:00,28.87098903847314,29.068802147819703,28.653392165737227,28.84131622314453,1137000,0.0,0.0
2025-06-26 00:00:00-04:00,29.108366579256018,29.909513746743677,29.068802824563466,29.68202781677246,1841600,0.0,0.0
2025-06-27 00:00:00-04:00,29.780936279810835,30.117220659554913,29.17760220676933,29.6325740814209,2305500,0.0,0.0
2025-06-30 00:00:00-04:00,29.53366937191536,30.057875949119722,29.405089047560637,29.78093719482422,1335600,0.0,0.0
2025-07-01 00:00:00-04:00,29.672136710993293,31.353558545884372,29.36552515986738,30.740333557128906,2191200,0.0,0.0
2025-07-02 00:00:00-04:00,30.88869430567158,31.917329298569896,30.77989775232925,31.709625244140625,2455400,0.0,0.0
2025-07-03 00:00:00-04:00,31.867874145507812,31.986561628872707,31.70962291001893,31.867874145507812,914100,0.0,0.0
2025-07-07 00:00:00-04:00,31.521701334137127,31.996453191356913,30.987601957570465,31.215087890625,1584400,0.0,0.0
2025-07-08 00:00:00-04:00,31.54148171905672,32.06568827685744,31.28432296636985,31.719514846801758,1119100,0.0,0.0
2025-07-09 00:00:00-04:00,31.986562227844193,32.17448439444151,31.492026636055016,31.778858184814453,1359200,0.0,0.0
2025-07-10 00:00:00-04:00,31.91732940082484,32.50088158395331,31.66016876527271,31.976675033569336,1063000,0.0,0.0
2025-07-11 00:00:00-04:00,31.739297113856242,31.87776648757645,31.234870541227824,31.66016960144043,1917400,0.0,0.0
2025-07-14 00:00:00-04:00,31.600825195969275,31.778858311564033,30.87880179533458,31.284320831298828,1348100,0.0,0.0
2025-07-15 00:00:00-04:00,31.590934825799813,31.660167621827274,30.700771118322173,30.73044204711914,1941300,0.0,0.0
2025-07-16 00:00:00-04:00,30.79967596422507,30.92825627416186,30.077654455053636,30.75022315979004,1874900,0.0,0.0
2025-07-17 00:00:00-04:00,31.046942879539383,31.45246190122568,30.819456967179462,31.165632247924805,1000100,0.0,0.0
2025-07-18 00:00:00-04:00,31.393119312110173,31.422792126921113,30.938147470697245,31.185415267944336,1212500,0.0,0.0
2025-07-21 00:00:00-04:00,31.373340355715047,31.610717236786222,30.859024723312714,31.03705596923828,1313200,0.0,0.0
2025-07-22 00:00:00-04:00,30.760115874811127,31.897547421051776,30.760115874811127,31.709625244140625,1720000,0.0,0.0
2025-07-23 00:00:00-04:00,32.21404861758079,32.84705358063067,31.986562694797687,32.64923858642578,1767100,0.0,0.0
2025-07-24 00:00:00-04:00,32.16459295352899,32.461313531960535,31.937107050964574,32.13492202758789,1858500,0.0,0.0
2025-07-25 00:00:00-04:00,32.37230033734156,32.56022250946284,31.808530047970457,32.39208221435547,1354100,0.0,0.0
2025-07-28 00:00:00-04:00,32.37229914589083,32.599785063667404,32.184376980685954,32.57011413574219,1737100,0.0,0.0
2025-07-29 00:00:00-04:00,32.51076881989138,32.6294600787492,31.590934201786208,32.144813537597656,2391100,0.0,0.0
2025-07-30 00:00:00-04:00,30.819460613506568,31.857984692109444,30.146891848257425,30.997493743896484,4034300,0.0,0.0
2025-07-31 00:00:00-04:00,31.13596256203799,31.39312131395362,30.038094755075665,30.423831939697266,2643800,0.0,0.0
2025-08-01 00:00:00-04:00,29.840280244132728,30.067766183111797,28.98967834959776,29.602903366088867,2416000,0.0,0.0
2025-08-04 00:00:00-04:00,29.840279390380996,29.840279390380996,29.46443314919071,29.820497512817383,2068900,0.0,0.0
2025-08-05 00:00:00-04:00,30.245797977995984,30.245797977995984,29.41497799826918,29.513885498046875,2019100,0.0,0.0
2025-08-06 00:00:00-04:00,29.533667907407498,29.533667907407498,28.96000666216566,29.05891227722168,1584300,0.0,0.0
2025-08-07 00:00:00-04:00,29.533667347867016,29.533667347867016,28.772082052741002,29.049022674560547,1423300,0.0,0.0
2025-08-08 00:00:00-04:00,29.266618403747543,29.345744028193653,28.861099342648266,29.128149032592773,1142000,0.0,0.0
2025-08-11 00:00:00-04:00,29.266618403747543,29.444651530377214,28.85120840377954,29.128149032592773,1350800,0.0,0.0
2025-08-12 00:00:00-04:00,29.375415867256642,30.88869362024322,29.207273685091064,30.868911743164062,1381700,0.0,0.0
2025-08-13 00:00:00-04:00,31.563936624575355,32.924193252961466,31.136994127241636,32.904335021972656,2447000,0.12,0.0
2025-08-14 00:00:00-04:00,32.28874509372526,32.3284615558039,31.70294053456138,32.23910140991211,1295000,0.0,0.0
2025-08-15 00:00:00-04:00,32.4078904602326,32.56675251983883,31.573863700407337,31.60365104675293,1097900,0.0,0.0
2025-08-18 00:00:00-04:00,31.792300462288715,32.159668265069435,31.47457634298048,32.1298828125,1098200,0.0,0.0
2025-08-19 00:00:00-04:00,32.16960045122915,32.49725180419089,31.782370615808336,31.941232681274414,1067000,0.0,0.0
2025-08-20 00:00:00-04:00,31.67315194576616,31.792299433543903,31.107205639838284,31.444787979125977,958500,0.0,0.0
2025-08-21 00:00:00-04:00,31.275997592545696,31.42493053565794,30.888771561696846,30.968202590942383,1219200,0.0,0.0
2025-08-22 00:00:00-04:00,31.514289619443574,33.351134239422734,31.196565513156706,33.1922721862793,1789900,0.0,0.0
2025-08-25 00:00:00-04:00,33.04333944780476,33.331278120984805,32.83483370001384,32.844764709472656,1171700,0.0,0.0
2025-08-26 00:00:00-04:00,32.775257629704164,33.132698203805205,32.755403186760944,32.85469055175781,1298000,0.0,0.0
2025-08-27 00:00:00-04:00,32.566754087987825,33.40078088797301,32.397964798590685,33.28163528442383,1645100,0.0,0.0
2025-08-28 00:00:00-04:00,33.55963777963471,33.599354237216154,32.864614922238964,33.15255355834961,910700,0.0,0.0
2025-08-29 00:00:00-04:00,33.0532679544647,33.18234076709309,32.219241238883306,32.30860137939453,1218400,0.0,0.0
2025-09-02 00:00:00-04:00,31.78236854358096,31.901517925589722,31.345498838925987,31.76251220703125,938300,0.0,0.0
2025-09-03 00:00:00-04:00,31.693010648768812,31.9610891861436,31.20649536284074,31.593721389770508,1045500,0.0,0.0
2025-09-04 00:00:00-04:00,31.6135775481448,32.050447229045574,31.246207882066674,32.01073455810547,1020500,0.0,0.0
2025-09-05 00:00:00-04:00,32.20931127635491,32.65611199342339,31.26606805356659,31.802227020263672,1407900,0.0,0.0
2025-09-08 00:00:00-04:00,31.921377230671197,31.921377230671197,31.226354295833655,31.78236961364746,1915300,0.0,0.0
2025-09-09 00:00:00-04:00,31.752582141841437,31.772440371582082,31.077417480939715,31.464645385742188,1203500,0.0,0.0
2025-09-10 00:00:00-04:00,31.554006160559524,31.891586604016442,31.16677824796722,31.266067504882812,1290900,0.0,0.0
2025-09-11 00:00:00-04:00,31.335569087968256,32.08023756013324,31.037703214130296,31.961088180541992,1365700,0.0,0.0
2025-09-12 00:00:00-04:00,31.742654614763254,31.861802105381948,30.89870064020589,31.037704467773438,1358100,0.0,0.0
2025-09-15 00:00:00-04:00,31.33556897847195,31.72279688565025,31.057561335537308,31.64336585998535,926300,0.0,0.0
2025-09-16 00:00:00-04:00,31.75258242569407,31.762511540653154,31.037703192705408,31.434858322143555,1171300,0.0,0.0
2025-09-17 00:00:00-04:00,31.434858586027445,32.20931062148681,30.471757152331936,30.878841400146484,1456900,0.0,0.0
2025-09-18 00:00:00-04:00,31.21642366452961,31.861800990520543,30.968201470395783,31.61357879638672,1134500,0.0,0.0
2025-09-19 00:00:00-04:00,31.524218371347537,31.524218371347537,30.749764450855757,31.047632217407227,2816400,0.0,0.0
2025-09-22 00:00:00-04:00,30.80933884822405,31.196564857904757,30.511471084497728,31.077417373657227,1248000,0.0,0.0
2025-09-23 00:00:00-04:00,31.32563956798528,31.653292782484744,30.273178014408977,30.481685638427734,1427600,0.0,0.0
2025-09-24 00:00:00-04:00,30.46182862195666,30.64054890858063,30.03488613586275,30.223535537719727,783900,0.0,0.0
2025-09-25 00:00:00-04:00,29.89588209877555,30.02495680832179,29.250502869689143,29.518583297729492,1486700,0.0,0.0
2025-09-26 00:00:00-04:00,29.657589611815837,30.015028295929408,29.498725659805775,29.98524284362793,1316200,0.0,0.0
2025-09-29 00:00:00-04:00,30.690192326955604,30.690192326955604,29.975313080394386,30.183818817138672,1390700,0.0,0.0
2025-09-30 00:00:00-04:00,30.183819285826818,30.372468688990296,29.598014739517943,30.332752227783203,1712600,0.0,0.0
2025-10-01 00:00:00-04:00,30.00509790540942,30.610760660268248,30.00509790540942,30.382396697998047,1389100,0.0,0.0
2025-10-02 00:00:00-04:00,30.422110688341967,30.91855506324982,29.786662494471116,30.44196891784668,1430400,0.0,0.0
2025-10-03 00:00:00-04:00,30.580974726329018,31.226353970723935,30.461829129119426,30.82919692993164,1134600,0.0,0.0
2025-10-06 00:00:00-04:00,31.26606853853209,31.385216029526802,30.72990956351869,30.82919692993164,1038000,0.0,0.0
2025-10-07 00:00:00-04:00,30.997988659201237,31.07741969002501,30.00509982701149,30.312896728515625,1707000,0.0,0.0
2025-10-08 00:00:00-04:00,30.819270531062692,31.54407893042324,30.481688173648294,31.3355712890625,1594000,0.0,0.0
2025-10-09 00:00:00-04:00,31.444787243390746,31.534147383686967,30.630618759611878,31.25613784790039,1325800,0.0,0.0
2025-10-10 00:00:00-04:00,31.206495369621884,31.36535742653965,28.823562622070312,28.823562622070312,2531400,0.0,0.0
2025-10-13 00:00:00-04:00,29.657589720897498,30.70012221855632,29.49872576830313,30.302967071533203,1636700,0.0,0.0
2025-10-14 00:00:00-04:00,29.409366461997134,31.156849046194438,29.310077205357842,30.878841400146484,904800,0.0,0.0
2025-10-15 00:00:00-04:00,31.494430996132667,31.911444353873858,31.07741763839148,31.712867736816406,1260900,0.0,0.0
2025-10-16 00:00:00-04:00,31.97102019520704,32.110024021533604,30.997987729565793,31.593721389770508,1139200,0.0,0.0
2025-10-17 00:00:00-04:00,31.335569806654238,31.62350846591522,30.779552612304688,31.027774810791016,928700,0.0,0.0
2025-10-20 00:00:00-04:00,31.42493133311986,31.762513689426406,31.216425586228553,31.544078826904297,796500,0.0,0.0
2025-10-21 00:00:00-04:00,31.534147237192645,32.338386602337444,31.365356072282253,32.19938278198242,982300,0.0,0.0
2025-10-22 00:00:00-04:00,32.070307118127566,32.34831855451674,31.09727655969082,31.375286102294922,1052000,0.0,0.0
2025-10-23 00:00:00-04:00,31.64336352971339,32.070304077605954,31.226350202235977,32.020660400390625,1343400,0.0,0.0
2025-10-24 00:00:00-04:00,32.527034906521166,32.566751366909244,31.593720812822088,31.65329360961914,1325700,0.0,0.0
2025-10-27 00:00:00-04:00,32.01073621484929,32.070307118127566,31.236280384100333,31.375286102294922,1142100,0.0,0.0
2025-10-28 00:00:00-04:00,31.37528562938787,31.6532932740166,30.3029658294848,30.630619049072266,3064700,0.0,0.0
2025-10-29 00:00:00-04:00,32.020660518817536,33.65892838597101,31.841940250125532,32.40788650512695,2941600,0.0,0.0
2025-10-30 00:00:00-04:00,32.21924071725637,33.16248578792153,32.0603786686495,32.22916793823242,1758700,0.0,0.0
2025-10-31 00:00:00-04:00,32.14974103371133,32.16959926460839,31.107206637037184,31.60365104675293,1729600,0.0,0.0
2025-11-03 00:00:00-05:00,31.48450355515569,32.04052265756262,31.176708551391766,31.60365104675293,951600,0.0,0.0
2025-11-04 00:00:00-05:00,30.868912127519053,31.23627991328846,30.531329792939843,30.630619049072266,1157100,0.0,0.0
2025-11-05 00:00:00-05:00,30.72990845868966,32.07030679492453,30.63061920206132,31.47457504272461,1197600,0.0,0.0
2025-11-06 00:00:00-05:00,31.494430732653793,31.97101877593166,30.2930362440841,30.481685638427734,1093600,0.0,0.0
2025-11-07 00:00:00-05:00,29.955455894560423,30.81927000466923,29.657590004887115,30.79941177368164,1060600,0.0,0.0
2025-11-10 00:00:00-05:00,31.38521593047741,31.454717844261182,30.412183456149258,31.037704467773438,832900,0.0,0.0
2025-11-11 00:00:00-05:00,30.918556624035524,31.22635351554135,30.49161413705688,31.20649528503418,1148400,0.0,0.0
2025-11-12 00:00:00-05:00,31.385901058109237,31.944049294324277,31.346034277472707,31.635074615478516,1529500,0.12,0.0
2025-11-13 00:00:00-05:00,31.39586730283323,31.85434572237381,30.130065212468605,30.389205932617188,1285500,0.0,0.0
2025-11-14 00:00:00-05:00,29.781221356694584,30.399172586719736,29.58188366068633,29.930727005004883,1107800,0.0,0.0
2025-11-17 00:00:00-05:00,29.74135555337248,29.97059476677008,28.694827387135884,28.714759826660156,1262000,0.0,0.0
2025-11-18 00:00:00-05:00,28.375883634930425,29.013769225650297,28.06690896037378,28.744661331176758,1467000,0.0,0.0
2025-11-19 00:00:00-05:00,28.80446181661106,29.113436484354025,28.565255438257477,28.73469352722168,1533700,0.0,0.0
2025-11-20 00:00:00-05:00,29.402478797711208,29.661619516934877,28.2562808519074,28.435686111450195,1716000,0.0,0.0
2025-11-21 00:00:00-05:00,28.53535478027577,30.239702890879673,28.40578536768925,30.13006591796875,2107300,0.0,0.0
2025-11-24 00:00:00-05:00,30.17990094619525,31.126759291986986,29.850991937481353,30.837718963623047,1687400,0.0,0.0
2025-11-25 00:00:00-05:00,31.056992077431488,31.784578409613232,30.91745549346331,31.515472412109375,1224600,0.0,0.0
2025-11-26 00:00:00-05:00,31.505504570966423,32.262990497276405,31.505504570966423,31.625106811523438,1476100,0.0,0.0
2025-11-28 00:00:00-05:00,31.69487563839421,32.24305670248461,31.69487563839421,31.9639835357666,586800,0.0,0.0
2025-12-01 00:00:00-05:00,31.744710758877023,32.64173516173905,31.535403987617997,32.34272766113281,1264000,0.0,0.0
2025-12-02 00:00:00-05:00,32.571965645999484,32.65169920218704,31.854344629878938,32.08358383178711,1324400,0.0,0.0
2025-12-03 00:00:00-05:00,32.213157476539806,32.8012072291993,31.934084306493535,32.781272888183594,1239600,0.0,0.0
2025-12-04 00:00:00-05:00,32.601865028599306,33.30951696899311,32.462328454672246,33.0703125,1175300,0.0,0.0
2025-12-05 00:00:00-05:00,33.13011795012376,34.17664613348095,33.08028019684604,33.439090728759766,1293100,0.0,0.0
2025-12-08 00:00:00-05:00,33.49889368505348,33.91750343673206,33.36932237054436,33.64839553833008,1302100,0.0,0.0
2025-12-09 00:00:00-05:00,33.5287918736966,35.08363617562159,33.399220564681194,34.28628158569336,2460200,0.0,0.0
2025-12-10 00:00:00-05:00,34.29624641901663,36.070360834332604,34.29624641901663,36.02052688598633,1964500,0.0,0.0
2025-12-11 00:00:00-05:00,35.93082684133333,36.13016645113627,35.243109179704334,35.8809928894043,2420700,0.0,0.0
2025-12-12 00:00:00-05:00,35.8012546077759,36.07036250380498,34.395915907681854,34.66502380371094,1600900,0.0,0.0
2025-12-15 00:00:00-05:00,34.99393482678769,35.193274432083726,33.987271530981744,34.336116790771484,1084600,0.0,0.0
2025-12-16 00:00:00-05:00,34.316180034689516,34.5454192339146,33.598559026968225,33.787933349609375,1226900,0.0,0.0
2025-12-17 00:00:00-05:00,33.877637472904375,34.05703893067745,32.721472354967716,32.970645904541016,1645400,0.0,0.0
2025-12-18 00:00:00-05:00,33.568662151591916,33.88760400274493,32.99057767007285,33.11018371582031,1287200,0.0,0.0
2025-12-19 00:00:00-05:00,32.99057622177403,33.8975677840644,32.99057622177403,33.7779655456543,2295200,0.0,0.0
2025-12-22 00:00:00-05:00,34.196580339267655,34.366016533064844,33.6882641537026,33.887603759765625,853400,0.0,0.0
2025-12-23 00:00:00-05:00,33.69823077236072,33.83776734582237,33.46899157280423,33.54872512817383,806000,0.0,0.0
2025-12-24 00:00:00-05:00,33.84773518483247,33.86766952571029,33.46899411441425,33.52879333496094,426400,0.0,0.0
2025-12-26 00:00:00-05:00,33.638430335088984,33.638430335088984,33.1400832190136,33.468994140625,594800,0.0,0.0
2025-12-29 00:00:00-05:00,33.209851619140515,33.439090837030584,33.02048108316701,33.08028030395508,761200,0.0,0.0
2025-12-30 00:00:00-05:00,33.06034345881751,33.18991476418848,32.86100766850709,32.920806884765625,736200,0.0,0.0
2025-12-31 00:00:00-05:00,32.90087375367136,33.25968427274658,32.392561386372556,33.17995071411133,2454400,0.0,0.0
2026-01-02 00:00:00-05:00,33.44906063311931,34.86436465303426,33.02048179844943,34.774662017822266,2014500,0.0,0.0
2026-01-05 00:00:00-05:00,35.033802009237235,36.02052711999816,34.98396425848063,35.09360122680664,1716200,0.0,0.0
2026-01-06 00:00:00-05:00,35.09360353511575,35.890958172542554,34.81453036253807,35.85109329223633,2035000,0.0,0.0
2026-01-07 00:00:00-05:00,35.66171817274959,35.73148646436966,34.096908542836445,34.216514587402344,1279800,0.0,0.0
2026-01-08 00:00:00-05:00,34.04707431360195,35.37267944771836,33.83776944045305,35.143436431884766,1391800,0.0,0.0
2026-01-09 00:00:00-05:00,35.26304109412785,35.671685555162334,34.555385337923184,35.6019172668457,881400,0.0,0.0
2026-01-12 00:00:00-05:00,35.06370430823859,35.43248011919454,34.3161836145759,34.655059814453125,1676300,0.0,0.0
2026-01-13 00:00:00-05:00,34.7447597850131,35.35274384422975,34.69492583634166,35.123504638671875,939000,0.0,0.0
2026-01-14 00:00:00-05:00,35.22317514935636,35.61188530075468,34.615191045031054,34.92416763305664,1033000,0.0,0.0
2026-01-15 00:00:00-05:00,35.761390901070065,35.92086182963982,35.063704162794835,35.103572845458984,1288200,0.0,0.0
2026-01-16 00:00:00-05:00,35.23313784976646,35.41254310688128,34.74475982924344,34.94409942626953,1021400,0.0,0.0
2026-01-20 00:00:00-05:00,34.12680946362347,34.52548484347796,33.67829633446151,33.99723815917969,1199900,0.0,0.0
2026-01-21 00:00:00-05:00,34.455718741000524,35.69162124168864,34.26634820872247,35.32284164428711,1301100,0.0,0.0
2026-01-22 00:00:00-05:00,35.88099307454261,36.0205296614986,35.10357277459531,35.3128776550293,1155100,0.0,0.0
2026-01-23 00:00:00-05:00,35.163371019932946,35.163371019932946,34.1666767955395,34.336116790771484,947400,0.0,0.0
2026-01-26 00:00:00-05:00,34.465687975333914,34.81452943172931,34.28628271144865,34.784629821777344,812400,0.0,0.0
2026-01-27 00:00:00-05:00,34.91419597091331,35.13346990757153,34.495586239569334,35.123504638671875,1001000,0.0,0.0
2026-01-28 00:00:00-05:00,35.30290631071465,35.502245908713654,34.13677593586336,34.256378173828125,1710200,0.0,0.0
2026-01-29 00:00:00-05:00,34.485619757049584,34.864364639136674,33.54872852460977,34.804561614990234,1567000,0.0,0.0
2026-01-30 00:00:00-05:00,34.505554213180005,34.88429909652662,33.99724181354884,34.47565460205078,1678100,0.0,0.0
2026-02-02 00:00:00-05:00,34.37598638475312,35.83115907849405,34.2264807262908,35.46238327026367,1494900,0.0,0.0
2026-02-03 00:00:00-05:00,35.66171657298282,36.130164054634754,34.575319763808274,35.243106842041016,1618500,0.0,0.0
2026-02-04 00:00:00-05:00,35.66171764161129,36.66838092357082,35.10357131696364,35.98065948486328,3791700,0.0,0.0
2026-02-05 00:00:00-05:00,35.352745056152344,35.78132387317461,34.77466058590401,35.352745056152344,1684400,0.0,0.0
2026-02-06 00:00:00-05:00,35.88099035429622,36.37933744255034,35.74145377791891,35.87102508544922,5338100,0.0,0.0
2026-02-09 00:00:00-05:00,35.9108899081864,36.289634759266455,35.741453723439804,36.08032989501953,2523000,0.0,0.0
2026-02-10 00:00:00-05:00,36.0902976711115,36.419208596709474,35.56205093833673,36.18000030517578,4542900,0.0,0.0
2026-02-11 00:00:00-05:00,36.43000030517578,37.40999984741211,36.13999938964844,37.220001220703125,2941600,0.12,0.0
2026-02-12 00:00:00-05:00,37.529998779296875,37.95000076293945,35.650001525878906,36.11000061035156,2094100,0.0,0.0
2026-02-13 00:00:00-05:00,36.060001373291016,36.90999984741211,35.97999954223633,36.880001068115234,2353900,0.0,0.0
2026-02-17 00:00:00-05:00,36.56999969482422,37.099998474121094,35.9900016784668,36.869998931884766,2452100,0.0,0.0
2026-02-18 00:00:00-05:00,36.84000015258789,37.41999816894531,36.43000030517578,36.63999938964844,1909100,0.0,0.0
2026-02-19 00:00:00-05:00,36.31999969482422,37.27000045776367,35.61000061035156,36.15999984741211,2239900,0.0,0.0
2026-02-20 00:00:00-05:00,35.849998474121094,38.38999938964844,35.59000015258789,38.349998474121094,4690500,0.0,0.0
2026-02-23 00:00:00-05:00,38.029998779296875,38.88999938964844,36.70000076293945,37.02000045776367,3625500,0.0,0.0
2026-02-24 00:00:00-05:00,37.06999969482422,39.09000015258789,37.06999969482422,38.36000061035156,2587100,0.0,0.0
2026-02-25 00:00:00-05:00,38.599998474121094,38.650001525878906,37.119998931884766,37.86000061035156,1661200,0.0,0.0
2026-02-26 00:00:00-05:00,38.09000015258789,38.25,37.150001525878906,37.560001373291016,1468100,0.0,0.0
2026-02-27 00:00:00-05:00,37.0,37.43000030517578,36.630001068115234,37.34000015258789,2383100,0.0,0.0
2026-03-02 00:00:00-05:00,36.38999938964844,37.290000915527344,35.88999938964844,36.849998474121094,1698300,0.0,0.0
2026-03-03 00:00:00-05:00,35.5099983215332,36.25,34.22999954223633,35.29999923706055,1317500,0.0,0.0
2026-03-04 00:00:00-05:00,35.70000076293945,36.0,34.720001220703125,34.95000076293945,1558900,0.0,0.0
2026-03-05 00:00:00-05:00,34.45000076293945,35.4900016784668,34.0,34.2400016784668,1839800,0.0,0.0
2026-03-06 00:00:00-05:00,33.290000915527344,33.45000076293945,32.58000183105469,32.97999954223633,1970200,0.0,0.0
2026-03-09 00:00:00-04:00,32.369998931884766,33.150001525878906,31.06999969482422,33.119998931884766,2422500,0.0,0.0
2026-03-10 00:00:00-04:00,33.290000915527344,34.31999969482422,33.040000915527344,33.540000915527344,2054300,0.0,0.0
2026-03-11 00:00:00-04:00,34.68000030517578,35.40999984741211,33.93000030517578,35.380001068115234,2559800,0.0,0.0
2026-03-12 00:00:00-04:00,34.45000076293945,34.9900016784668,34.18000030517578,34.279998779296875,3259300,0.0,0.0
2026-03-13 00:00:00-04:00,34.5,34.7400016784668,33.77000045776367,34.27000045776367,1772400,0.0,0.0
2026-03-16 00:00:00-04:00,34.810001373291016,35.310001373291016,33.97999954223633,34.04999923706055,2308300,0.0,0.0
2026-03-17 00:00:00-04:00,34.45000076293945,35.119998931884766,34.16999816894531,34.59000015258789,1391500,0.0,0.0
2026-03-18 00:00:00-04:00,34.5,35.279998779296875,33.97999954223633,34.0099983215332,1403300,0.0,0.0
2026-03-19 00:00:00-04:00,33.2599983215332,34.40999984741211,33.02000045776367,33.970001220703125,1426800,0.0,0.0
2026-03-20 00:00:00-04:00,33.9900016784668,34.119998931884766,32.849998474121094,33.18000030517578,2074400,0.0,0.0
2026-03-23 00:00:00-04:00,34.33000183105469,35.369998931884766,33.93000030517578,34.59000015258789,1129100,0.0,0.0
2026-03-24 00:00:00-04:00,34.06999969482422,36.7400016784668,34.06999969482422,36.31999969482422,2039200,0.0,0.0
2026-03-25 00:00:00-04:00,36.810001373291016,37.189998626708984,36.029998779296875,36.400001525878906,1415900,0.0,0.0
2026-03-26 00:00:00-04:00,35.900001525878906,36.52000045776367,35.349998474121094,35.529998779296875,1339800,0.0,0.0
2026-03-27 00:00:00-04:00,34.95000076293945,35.41999816894531,34.66999816894531,34.790000915527344,1441200,0.0,0.0
2026-03-30 00:00:00-04:00,35.220001220703125,35.290000915527344,33.279998779296875,33.38999938964844,1446100,0.0,0.0
2026-03-31 00:00:00-04:00,34.06999969482422,35.4900016784668,33.84000015258789,35.220001220703125,1311200,0.0,0.0
2026-04-01 00:00:00-04:00,35.75,36.20000076293945,34.900001525878906,35.18000030517578,1736600,0.0,0.0
2026-04-02 00:00:00-04:00,34.02000045776367,35.34000015258789,33.59000015258789,34.61000061035156,1372700,0.0,0.0
2026-04-06 00:00:00-04:00,34.529998779296875,35.09000015258789,34.377498626708984,34.83000183105469,672446,0.0,0.0
