Date,Open,High,Low,Close,Volume,Dividends,Stock Splits
2022-01-03 00:00:00-05:00,50.298540163372536,50.60473109924446,49.77894857200529,50.391326904296875,146100,0.0,0.0
2022-01-04 00:00:00-05:00,50.604738122625896,50.836699697952064,50.30782758936462,50.44700241088867,87100,0.0,0.0
2022-01-05 00:00:00-05:00,50.50266602745264,51.07792964712556,49.79750097415485,49.86245346069336,243400,0.0,0.0
2022-01-06 00:00:00-05:00,49.825347087951855,50.66040663545442,49.69544917208164,50.44700241088867,117200,0.0,0.0
2022-01-07 00:00:00-05:00,50.3025818580707,50.470284912617416,49.7808275694088,49.83673095703125,183400,0.225,0.0
2022-01-10 00:00:00-05:00,49.66903216573753,49.95785749517764,49.24044656816427,49.38951873779297,124900,0.0,0.0
2022-01-11 00:00:00-05:00,49.48268127441406,49.60380349894715,48.70005165017594,49.48268127441406,107200,0.0,0.0
2022-01-12 00:00:00-05:00,49.57585460133726,49.762195682228885,48.82117837725892,49.29634475708008,493100,0.0,0.0
2022-01-13 00:00:00-05:00,49.52926835508941,50.01375372550463,49.46404951235663,49.88331604003906,274500,0.0,0.0
2022-01-14 00:00:00-05:00,49.51995322762067,50.50755488361303,49.47336529322372,50.14419174194336,153800,0.0,0.0
2022-01-18 00:00:00-05:00,49.7901427242456,49.9298994153813,49.38019521329332,49.58517074584961,119800,0.0,0.0
2022-01-19 00:00:00-05:00,49.6969775948518,49.82741528721678,48.95161681408008,49.11000442504883,146500,0.0,0.0
2022-01-20 00:00:00-05:00,48.97025462183994,49.25907994489633,48.206259325108874,48.37396240234375,163100,0.0,0.0
2022-01-21 00:00:00-05:00,48.28079072987109,49.342930295443004,48.27147527498037,48.653472900390625,333900,0.0,0.0
2022-01-24 00:00:00-05:00,48.11307958896262,49.715607795835346,47.84288521842519,49.55721664428711,332400,0.0,0.0
2022-01-25 00:00:00-05:00,48.951617549250294,49.3429306322221,47.926743350406824,48.6721076965332,582100,0.0,0.0
2022-01-26 00:00:00-05:00,49.100689911816744,49.43610315813623,47.377039296932864,47.98264694213867,362300,0.0,0.0
2022-01-27 00:00:00-05:00,47.11615440049353,48.7932167395466,47.11615440049353,47.861515045166016,249200,0.0,0.0
2022-01-28 00:00:00-05:00,47.81494426100015,48.78391515155033,47.51679991839408,48.70937728881836,257000,0.0,0.0
2022-01-31 00:00:00-05:00,48.33669702638089,48.60688788437544,47.92674590334221,48.37396240234375,425700,0.0,0.0
2022-02-01 00:00:00-05:00,48.38327799414378,48.839809916346276,47.63791721512708,47.91742706298828,191400,0.0,0.0
2022-02-02 00:00:00-05:00,47.62859655718428,47.84288755159739,47.29318332969925,47.58201217651367,219000,0.0,0.0
2022-02-03 00:00:00-05:00,47.47021700904987,47.83358021577772,47.23729151200268,47.377044677734375,157200,0.0,0.0
2022-02-04 00:00:00-05:00,46.95778066525712,47.37704370803186,45.81178411557923,46.128562927246094,226500,0.0,0.0
2022-02-07 00:00:00-05:00,45.960851909273146,46.15650843601697,45.45773207979445,45.867679595947266,288300,0.0,0.0
2022-02-08 00:00:00-05:00,45.83040845233705,46.79937913906406,45.83040845233705,46.65962600708008,174000,0.0,0.0
2022-02-09 00:00:00-05:00,46.80870525826561,47.37704043466563,45.988806586924206,46.15651321411133,170300,0.0,0.0
2022-02-10 00:00:00-05:00,45.56022654681597,46.07266190589859,45.06642209897778,45.33661651611328,281600,0.0,0.0
2022-02-11 00:00:00-05:00,45.550905050303385,46.00744054240765,45.13163848697512,45.6627082824707,182400,0.0,0.0
2022-02-14 00:00:00-05:00,45.802458280458254,46.221724782384285,45.513629455984734,45.94221496582031,183100,0.0,0.0
2022-02-15 00:00:00-05:00,46.063333322808504,46.95776970556838,45.60680145482244,45.69065475463867,153200,0.0,0.0
2022-02-16 00:00:00-05:00,45.67202325000379,46.82733150653539,45.42977878855789,46.818016052246094,353400,0.0,0.0
2022-02-17 00:00:00-05:00,46.491924188283384,46.67826171676506,45.24344355498931,45.5509033203125,269000,0.0,0.0
2022-02-18 00:00:00-05:00,43.8272592296191,44.544670135497604,43.15643270897204,43.370723724365234,382200,0.0,0.0
2022-02-22 00:00:00-05:00,43.380049284582554,43.42663367684854,42.21542170712647,42.57878494262695,323200,0.0,0.0
2022-02-23 00:00:00-05:00,42.77442935548574,43.3893523993017,42.51355398967301,42.54150390625,225800,0.0,0.0
2022-02-24 00:00:00-05:00,41.973162856176536,42.57877041143781,41.525946445557786,42.39242935180664,252700,0.0,0.0
2022-02-25 00:00:00-05:00,42.54150140635458,43.51978752482495,42.457648107390824,43.32413101196289,211100,0.0,0.0
2022-02-28 00:00:00-05:00,42.737155495830464,43.18437188022462,42.2713046511499,42.93281555175781,193600,0.0,0.0
2022-03-01 00:00:00-05:00,42.65330825030162,43.20301246714483,41.58185328808886,41.89863204956055,252200,0.0,0.0
2022-03-02 00:00:00-05:00,41.94521798326193,42.98872306680809,41.94521798326193,42.69989776611328,182300,0.0,0.0
2022-03-03 00:00:00-05:00,42.942132738577435,43.34276476551073,42.606719548199784,43.27754592895508,179300,0.0,0.0
2022-03-04 00:00:00-05:00,42.66262610346967,43.17506138057732,42.55081932892377,43.01667022705078,134600,0.0,0.0
2022-03-07 00:00:00-05:00,43.007346741312475,43.007346741312475,42.252667147785154,42.28993606567383,230400,0.0,0.0
2022-03-08 00:00:00-05:00,42.21540350117721,42.401740989880636,40.72467871243134,40.76194763183594,232800,0.0,0.0
2022-03-09 00:00:00-05:00,41.40482045950661,41.56321158974959,40.92965417709721,40.985557556152344,141600,0.0,0.0
2022-03-10 00:00:00-05:00,40.426543221268446,40.52903099474844,39.26191589383315,39.88615798950195,205900,0.0,0.0
2022-03-11 00:00:00-05:00,39.85820188161713,40.156346173396116,38.879915702082286,39.01967239379883,167700,0.0,0.0
2022-03-14 00:00:00-04:00,39.30849797544279,39.80230235020304,38.85196608013805,39.755714416503906,265500,0.0,0.0
2022-03-15 00:00:00-04:00,40.21225001394099,40.87375744664306,40.02590894093974,40.69673538208008,289400,0.0,0.0
2022-03-16 00:00:00-04:00,40.91103015925172,42.4017517729386,40.91103015925172,42.355167388916016,279900,0.0,0.0
2022-03-17 00:00:00-04:00,42.11291744529146,43.26822556006655,42.038379603481495,42.727840423583984,240000,0.0,0.0
2022-03-18 00:00:00-04:00,42.83033121760294,43.380035400390625,42.22472364949169,43.380035400390625,460700,0.0,0.0
2022-03-21 00:00:00-04:00,43.305498989682654,43.817934265918154,42.690575947367996,42.99803924560547,187100,0.0,0.0
2022-03-22 00:00:00-04:00,43.38935575481065,43.65955014981803,42.77443266343972,43.21233367919922,174000,0.0,0.0
2022-03-23 00:00:00-04:00,42.9700834167898,43.36139999723884,42.61603931324077,42.6253547668457,262300,0.0,0.0
2022-03-24 00:00:00-04:00,42.64399502224846,43.12848042121418,42.03838738500116,42.979408264160156,156100,0.0,0.0
2022-03-25 00:00:00-04:00,43.18437809069432,43.724766854235384,42.7651151135143,43.55706024169922,173900,0.0,0.0
2022-03-28 00:00:00-04:00,43.380027824315405,43.976316280320916,43.21232125179391,43.62226867675781,289900,0.0,0.0
2022-03-29 00:00:00-04:00,44.2465175531676,44.703049419118734,43.78066667941168,44.27446746826172,177100,0.0,0.0
2022-03-30 00:00:00-04:00,44.17198425901075,44.73100394345722,43.96700871610549,44.088130950927734,186700,0.0,0.0
2022-03-31 00:00:00-04:00,43.911108352221156,44.13471480164717,43.025990900688804,43.10984420776367,265700,0.0,0.0
2022-04-01 00:00:00-04:00,43.19369333672152,44.153344993848826,42.85828014086652,43.32413101196289,597600,0.0,0.0
2022-04-04 00:00:00-04:00,43.407980146078685,43.519783349249856,42.522862865087546,42.60671615600586,202500,0.0,0.0
2022-04-05 00:00:00-04:00,42.392431866649595,42.8303328496364,42.03838418776324,42.08496856689453,209200,0.0,0.0
2022-04-06 00:00:00-04:00,41.74955648544283,42.48559816305145,41.26507115139862,42.168819427490234,344100,0.0,0.0
2022-04-07 00:00:00-04:00,42.257783805048135,42.997502969758685,42.070511728799254,42.688507080078125,520500,0.225,0.0
2022-04-08 00:00:00-04:00,42.74468012129488,43.37203732734415,42.63231475777089,43.006858825683594,296100,0.0,0.0
2022-04-11 00:00:00-04:00,42.744690559254444,43.32523079155781,42.1735123235724,42.276512145996094,330100,0.0,0.0
2022-04-12 00:00:00-04:00,42.63231307819789,43.19412915793323,42.267134590924165,42.342044830322266,372000,0.0,0.0
2022-04-13 00:00:00-04:00,42.40759558381587,42.96004617687291,42.3045957758348,42.65104675292969,211700,0.0,0.0
2022-04-14 00:00:00-04:00,42.82895776104967,43.09113649851344,41.96750772494135,42.06114196777344,287600,0.0,0.0
2022-04-18 00:00:00-04:00,42.07050666693061,42.43568520712335,41.72405568930126,41.78960037231445,260900,0.0,0.0
2022-04-19 00:00:00-04:00,41.87388068189716,42.81959955601066,41.87388068189716,42.697872161865234,396000,0.0,0.0
2022-04-20 00:00:00-04:00,43.1847660741095,43.72785462520952,43.10985940232292,43.166038513183594,182100,0.0,0.0
2022-04-21 00:00:00-04:00,43.65294438150592,43.89639910162559,42.94131492590684,43.166038513183594,236100,0.0,0.0
2022-04-22 00:00:00-04:00,43.01623161417656,43.52186516116336,42.85705266711656,42.960052490234375,230700,0.0,0.0
2022-04-25 00:00:00-04:00,42.8757754029983,43.64358763367874,42.164142289932194,43.60613250732422,311800,0.0,0.0
2022-04-26 00:00:00-04:00,43.203502870763586,43.74659153796112,42.84768628094167,42.857051849365234,252900,0.0,0.0
2022-04-27 00:00:00-04:00,42.679140719711725,43.15668107199628,42.17350723711581,42.35141372680664,270900,0.0,0.0
2022-04-28 00:00:00-04:00,42.65105044015713,43.11922882824209,41.864510605297674,42.941322326660156,285300,0.0,0.0
2022-04-29 00:00:00-04:00,42.56677467930365,42.82895698392758,41.60232842234666,41.90196228027344,1619700,0.0,0.0
2022-05-02 00:00:00-04:00,42.00496457567501,42.969410889734355,41.85514763784135,42.78213882446289,411200,0.0,0.0
2022-05-03 00:00:00-04:00,42.810237804238646,43.15668885057258,42.40760405907299,42.866416931152344,316400,0.0,0.0
2022-05-04 00:00:00-04:00,42.70722464547538,44.79529941274428,42.70722464547538,44.68293762207031,346300,0.0,0.0
2022-05-05 00:00:00-04:00,44.13049336534053,44.289672293767,42.5105966628057,42.97877502441406,298000,0.0,0.0
2022-05-06 00:00:00-04:00,42.74467764775679,43.278400591901026,42.0985893465909,42.64167785644531,314700,0.0,0.0
2022-05-09 00:00:00-04:00,42.285863950917985,43.02558652283921,42.14540903202566,42.66040802001953,363400,0.0,0.0
2022-05-10 00:00:00-04:00,43.044316036969995,43.166039828822775,41.630415505265596,41.9955940246582,285100,0.0,0.0
2022-05-11 00:00:00-04:00,42.09859679196105,42.30459641101617,40.797061537568865,40.91878890991211,201500,0.0,0.0
2022-05-12 00:00:00-04:00,40.92814636230469,41.246507750998155,40.11351711579259,40.92814636230469,225600,0.0,0.0
2022-05-13 00:00:00-04:00,41.32142026042146,41.95814307273259,41.02178641603001,41.47123718261719,259700,0.0,0.0
2022-05-16 00:00:00-04:00,41.17160427295032,41.911323333882244,40.73151549129522,41.68659973144531,240400,0.0,0.0
2022-05-17 00:00:00-04:00,42.182873380662656,42.84768585542199,41.958149747577856,42.63232421875,159000,0.0,0.0
2022-05-18 00:00:00-04:00,42.01432820978009,42.35141722602885,41.283971055852916,41.667877197265625,263600,0.0,0.0
2022-05-19 00:00:00-04:00,41.2184197589541,42.482499795338036,41.134147518400695,41.88323211669922,191100,0.0,0.0
2022-05-20 00:00:00-04:00,42.09859304943555,42.09859304943555,40.956240394572056,41.8364143371582,161700,0.0,0.0
2022-05-23 00:00:00-04:00,42.26714688803229,42.37950870790293,41.77087890934561,42.042423248291016,157500,0.0,0.0
2022-05-24 00:00:00-04:00,41.69595847786434,42.52931528481217,41.29332485195878,42.48249816894531,227800,0.0,0.0
2022-05-25 00:00:00-04:00,42.19222940928271,43.184765112842996,42.19222940928271,42.95067596435547,189800,0.0,0.0
2022-05-26 00:00:00-04:00,45.42266078859074,45.81593244997242,43.90576397335796,45.254119873046875,232500,0.0,0.0
2022-05-27 00:00:00-04:00,45.609925274666864,46.8552811619535,45.29156391469196,46.80846405029297,201600,0.0,0.0
2022-05-31 00:00:00-04:00,46.32157373255314,46.90211396964101,45.01067273585886,45.42266845703125,259200,0.0,0.0
2022-06-01 00:00:00-04:00,45.24474221065705,45.469469324500935,44.879563776087494,44.91701889038086,214400,0.0,0.0
2022-06-02 00:00:00-04:00,44.8140317452626,45.34775477269436,44.68294238019758,45.30093765258789,162600,0.0,0.0
2022-06-03 00:00:00-04:00,44.92639577174027,45.87211807552331,44.88894064503416,45.60993576049805,210300,0.0,0.0
2022-06-06 00:00:00-04:00,46.1530253900242,46.424569706698115,45.581847196992,45.76911926269531,145100,0.0,0.0
2022-06-07 00:00:00-04:00,45.385214897409085,45.70357634988956,45.02939831595028,45.68484878540039,179300,0.0,0.0
2022-06-08 00:00:00-04:00,45.41330515348187,45.46948784780956,44.888944055510045,45.32903289794922,143300,0.0,0.0
2022-06-09 00:00:00-04:00,45.0293895248122,45.18856843401691,44.69230057365281,44.89830017089844,146000,0.0,0.0
2022-06-10 00:00:00-04:00,44.46758460328062,44.46758460328062,43.90576839782258,44.093040466308594,153900,0.0,0.0
2022-06-13 00:00:00-04:00,43.29713777557544,43.61549921406929,42.847683391416744,43.072410583496094,218500,0.0,0.0
2022-06-14 00:00:00-04:00,43.156682834036154,43.41886158153078,42.576142648047686,43.072410583496094,219100,0.0,0.0
2022-06-15 00:00:00-04:00,43.69976542986729,43.69976542986729,42.997497905584225,43.10986328125,296400,0.0,0.0
2022-06-16 00:00:00-04:00,42.60422584850724,42.60422584850724,40.85323998410095,41.0966911315918,300300,0.0,0.0
2022-06-17 00:00:00-04:00,41.44315173395741,41.96751284477184,40.76897724510209,41.06861114501953,434000,0.0,0.0
2022-06-21 00:00:00-04:00,41.74277896713371,42.107957469842326,40.90941859223207,41.56486892700195,233200,0.0,0.0
2022-06-22 00:00:00-04:00,41.35888201204564,42.4169662952033,40.99370339737728,42.00497055053711,227600,0.0,0.0
2022-06-23 00:00:00-04:00,41.93942291522003,42.33269106594492,41.30269999049781,41.7053337097168,166700,0.0,0.0
2022-06-24 00:00:00-04:00,42.079864090722275,43.372037191876494,41.94877473893736,43.353309631347656,1095200,0.0,0.0
2022-06-27 00:00:00-04:00,43.87767262847353,44.51439542807106,43.43758386559718,44.130489349365234,325000,0.0,0.0
2022-06-28 00:00:00-04:00,44.55184880523484,44.888934181299106,43.503126839978364,43.521854400634766,182600,0.0,0.0
2022-06-29 00:00:00-04:00,43.58740223595582,43.606129797969494,42.8945003010361,43.475040435791016,115500,0.0,0.0
2022-06-30 00:00:00-04:00,42.98813392353958,44.242851985148526,42.89449968672942,44.233489990234375,194900,0.0,0.0
2022-07-01 00:00:00-04:00,43.9338554683511,44.767215947294446,43.643587171967965,44.18667221069336,160200,0.0,0.0
2022-07-05 00:00:00-04:00,43.437582382928724,43.99939848970602,42.50122577688355,43.98067092895508,298000,0.0,0.0
2022-07-06 00:00:00-04:00,43.830854900546285,43.9151271396699,42.86640514792776,43.39076614379883,135900,0.0,0.0
2022-07-07 00:00:00-04:00,43.32019456065304,43.9788428803779,43.32019456065304,43.85652160644531,171200,0.225,0.0
2022-07-08 00:00:00-04:00,43.894166092562585,43.894166092562585,42.33223025906611,42.52041244506836,212500,0.0,0.0
2022-07-11 00:00:00-04:00,42.275778854386935,42.44514571491769,41.49480904312339,41.6829948425293,175400,0.0,0.0
2022-07-12 00:00:00-04:00,41.68298800769586,42.68977774168493,41.10902302882742,41.8053092956543,130700,0.0,0.0
2022-07-13 00:00:00-04:00,41.54185224082033,42.04054148694551,41.31602859597691,41.99349594116211,187800,0.0,0.0
2022-07-14 00:00:00-04:00,41.47598486640015,42.25695092210775,41.40070912692024,42.181678771972656,252400,0.0,0.0
2022-07-15 00:00:00-04:00,42.8215119823647,43.21670250397493,42.09700260654589,42.79328536987305,158200,0.0,0.0
2022-07-18 00:00:00-04:00,43.20728907076853,43.33902163092115,42.50159507914744,42.76505661010742,261100,0.0,0.0
2022-07-19 00:00:00-04:00,42.95323715978503,44.39285157872574,42.95323715978503,44.27994155883789,179800,0.0,0.0
2022-07-20 00:00:00-04:00,44.31757988927294,44.95740937601731,43.91298172590973,44.8162727355957,195600,0.0,0.0
2022-07-21 00:00:00-04:00,44.4304975097569,45.08914240305851,43.95062355681376,45.01387023925781,183300,0.0,0.0
2022-07-22 00:00:00-04:00,45.12677429162142,45.164412163200225,44.214079236578016,44.64690399169922,127400,0.0,0.0
2022-07-25 00:00:00-04:00,44.44931244541631,45.02327385941643,44.39285563564058,44.8162727355957,163800,0.0,0.0
2022-07-26 00:00:00-04:00,44.88213809904046,45.079731553112204,44.46812866459086,44.66572570800781,164900,0.0,0.0
2022-07-27 00:00:00-04:00,44.79744797265638,44.95740352886611,44.06352748775115,44.58103561401367,234500,0.0,0.0
2022-07-28 00:00:00-04:00,44.69394692462585,44.95740483159121,44.16702752135035,44.75981140136719,186600,0.0,0.0
2022-07-29 00:00:00-04:00,44.71276620192404,45.16440986990168,44.53399170501981,45.02326965332031,594000,0.0,0.0
2022-08-01 00:00:00-04:00,44.929184738410974,46.95217564404613,44.55281316873852,46.66989517211914,241400,0.0,0.0
2022-08-02 00:00:00-04:00,46.40643281472715,46.40643281472715,44.788040244092464,44.853904724121094,276100,0.0,0.0
2022-08-03 00:00:00-04:00,44.9668173017086,45.023270517949435,44.43989788427663,44.87272262573242,142700,0.0,0.0
2022-08-04 00:00:00-04:00,45.05150285330413,45.05150285330413,44.01648290451923,44.364627838134766,127300,0.0,0.0
2022-08-05 00:00:00-04:00,44.157623453034425,44.223487935151944,43.57425078741713,43.950618743896484,105000,0.0,0.0
2022-08-08 00:00:00-04:00,44.091754284346734,44.571624544389024,43.894160858996656,44.10116195678711,144100,0.0,0.0
2022-08-09 00:00:00-04:00,44.10116585353622,44.402261649058495,43.64011448698119,44.167030334472656,187300,0.0,0.0
2022-08-10 00:00:00-04:00,45.10796119462796,46.11475105893773,44.985643480181494,45.62547302246094,222800,0.0,0.0
2022-08-11 00:00:00-04:00,46.11473972169556,46.47229228138216,45.446683730991445,46.095924377441406,133400,0.0,0.0
2022-08-12 00:00:00-04:00,46.2464835883876,46.914539742781535,46.09593567205452,46.905128479003906,121500,0.0,0.0
2022-08-15 00:00:00-04:00,46.462886765815,47.78017987476623,46.4440678313428,47.54494857788086,139300,0.0,0.0
2022-08-16 00:00:00-04:00,47.168588926097186,47.81782612716137,47.04626762525482,47.60141372680664,107500,0.0,0.0
2022-08-17 00:00:00-04:00,47.441444896119656,47.441444896119656,46.80161908881804,47.02743911743164,136000,0.0,0.0
2022-08-18 00:00:00-04:00,47.30031658338749,47.41322661752578,46.745170497301785,47.01803970336914,113000,0.0,0.0
2022-08-19 00:00:00-04:00,46.84866871399334,46.886306585159005,46.227658197139675,46.41584396362305,169300,0.0,0.0
2022-08-22 00:00:00-04:00,46.067696072004985,46.10533394074629,45.465504529523045,45.92655944824219,160400,0.0,0.0
2022-08-23 00:00:00-04:00,45.71955830453868,46.14297538734767,45.380824638291486,45.390235900878906,100400,0.0,0.0
2022-08-24 00:00:00-04:00,45.47491901792008,45.7289656765872,45.16441196279031,45.66310119628906,106700,0.0,0.0
2022-08-25 00:00:00-04:00,45.60664706172676,46.481707813062854,45.59723579939051,46.42525100708008,155400,0.0,0.0
2022-08-26 00:00:00-04:00,46.83926325856737,46.83926325856737,45.03268829077933,45.1644172668457,137500,0.0,0.0
2022-08-29 00:00:00-04:00,44.835092863845716,45.07973186735244,44.36463020457911,44.92918395996094,123900,0.0,0.0
2022-08-30 00:00:00-04:00,44.863311408856845,44.863311408856845,44.1482062853067,44.599853515625,132500,0.0,0.0
2022-08-31 00:00:00-04:00,44.54340420098869,44.54340420098869,43.677751051622096,43.79066467285156,209400,0.0,0.0
2022-09-01 00:00:00-04:00,44.063527374912375,44.063527374912375,42.426316001995616,43.56483459472656,191200,0.0,0.0
2022-09-02 00:00:00-04:00,43.7812442637885,44.035294474465616,42.79327361516271,42.86854934692383,271300,0.0,0.0
2022-09-06 00:00:00-04:00,42.76505008482711,42.88737136306045,39.91404435294216,40.44096374511719,309600,0.0,0.0
2022-09-07 00:00:00-04:00,40.544465797573785,41.34425075788836,40.31864217702379,41.32543182373047,210300,0.0,0.0
2022-09-08 00:00:00-04:00,41.005521563888614,41.29720607604049,40.139868521345754,41.17488479614258,174900,0.0,0.0
2022-09-09 00:00:00-04:00,41.4289466861041,42.35105320241874,41.137262091875996,42.115821838378906,222600,0.0,0.0
2022-09-12 00:00:00-04:00,42.51099799443227,42.661545872840904,42.13462650373841,42.36985778808594,201000,0.0,0.0
2022-09-13 00:00:00-04:00,41.71121882695301,41.71121882695301,40.62915333369914,40.779701232910156,309300,0.0,0.0
2022-09-14 00:00:00-04:00,40.629147150314346,40.68560394993066,39.58471968815181,40.281005859375,329400,0.0,0.0
2022-09-15 00:00:00-04:00,40.21514468029279,41.033748600354706,39.86699977150588,40.69501495361328,313400,0.0,0.0
2022-09-16 00:00:00-04:00,40.19632676649323,40.883201750122716,39.82936650298453,40.67619705200195,1048400,0.0,0.0
2022-09-19 00:00:00-04:00,40.60092423353029,41.353663683407184,40.50682955895516,41.29720687866211,210900,0.0,0.0
2022-09-20 00:00:00-04:00,40.84556877336371,40.84556877336371,39.612955288589674,40.31864929199219,262200,0.0,0.0
2022-09-21 00:00:00-04:00,40.72324159493287,40.996110764962076,40.017547693416184,40.083412170410156,153200,0.0,0.0
2022-09-22 00:00:00-04:00,39.85759584575673,40.32805849060401,39.41535981100984,40.01755142211914,212600,0.0,0.0
2022-09-23 00:00:00-04:00,39.735269122617154,39.94227380664988,39.227168674179346,39.575313568115234,233300,0.0,0.0
2022-09-26 00:00:00-04:00,39.490633155928684,39.91404663907039,39.048397148071004,39.114261627197266,339000,0.0,0.0
2022-09-27 00:00:00-04:00,39.584722385459195,39.7446815339328,38.47443037609445,39.01075744628906,339300,0.0,0.0
2022-09-28 00:00:00-04:00,39.340079324115294,39.90463294265094,38.709657647050925,39.42476272583008,243800,0.0,0.0
2022-09-29 00:00:00-04:00,38.95430213027012,39.33067003168303,38.323880421653065,39.32126235961914,194500,0.0,0.0
2022-09-30 00:00:00-04:00,39.46240208780576,39.961094890777325,39.08603415672053,39.264808654785156,338800,0.0,0.0
2022-10-03 00:00:00-04:00,39.622366001744915,40.55388006326643,39.490637030567754,40.19633102416992,347600,0.0,0.0
2022-10-04 00:00:00-04:00,40.56328123572144,41.4007039921772,40.56328123572144,41.05256271362305,206900,0.0,0.0
2022-10-05 00:00:00-04:00,40.49743207704479,40.81734687241474,40.01755808931702,40.506839752197266,155900,0.0,0.0
2022-10-06 00:00:00-04:00,40.32709861025599,40.70548816546441,40.232498514985394,40.6203498840332,147800,0.23,0.0
2022-10-07 00:00:00-04:00,40.355472173864165,40.44061044546274,39.494631253756005,39.967620849609375,255000,0.0,0.0
2022-10-10 00:00:00-04:00,40.2041172046972,40.610888561575855,39.80680766093166,40.29871368408203,133900,0.0,0.0
2022-10-11 00:00:00-04:00,40.052761345458606,40.90414410872421,39.99600129169942,40.56359100341797,172000,0.0,0.0
2022-10-12 00:00:00-04:00,40.705488356723485,40.705488356723485,39.82572731400889,39.86356735229492,168700,0.0,0.0
2022-10-13 00:00:00-04:00,38.98380334227449,40.4122340055356,38.33107897033444,40.005462646484375,208200,0.0,0.0
2022-10-14 00:00:00-04:00,40.081142080555445,40.364935149892375,39.494635922775835,39.69329071044922,138000,0.0,0.0
2022-10-17 00:00:00-04:00,40.17574016860721,40.57304972410146,39.90140531821862,40.19466018676758,180300,0.0,0.0
2022-10-18 00:00:00-04:00,40.677107284676495,41.2730752157738,40.677107284676495,40.856842041015625,124600,0.0,0.0
2022-10-19 00:00:00-04:00,40.56358845818004,41.08387628814062,40.05275883227363,40.67710494995117,157800,0.0,0.0
2022-10-20 00:00:00-04:00,40.6108892565352,41.074417065527186,40.090601393766384,40.27033615112305,225400,0.0,0.0
2022-10-21 00:00:00-04:00,40.43114695964686,41.34874420186826,40.17573217821706,41.1973876953125,205600,0.0,0.0
2022-10-24 00:00:00-04:00,41.32037731153524,41.80282518073785,40.9419841371069,41.61363220214844,200900,0.0,0.0
2022-10-25 00:00:00-04:00,41.793367819375085,42.45555408368673,41.5001129228389,42.4366340637207,276000,0.0,0.0
2022-10-26 00:00:00-04:00,42.900151418022276,43.33530455343815,41.831197616375654,42.20958709716797,222800,0.0,0.0
2022-10-27 00:00:00-04:00,42.57852241693866,42.937995525149475,42.105532814575476,42.55014419555664,240200,0.0,0.0
2022-10-28 00:00:00-04:00,42.90015423173684,43.694776884729144,42.606902996398375,43.65694046020508,229900,0.0,0.0
2022-10-31 00:00:00-04:00,43.562338398108224,43.82721500948728,43.14610887826115,43.27854537963867,1381200,0.0,0.0
2022-11-01 00:00:00-04:00,43.77045694757599,44.44210129709564,43.33530739227797,43.99748992919922,247100,0.0,0.0
2022-11-02 00:00:00-04:00,43.80829149801639,44.404255706659264,42.93798888771648,43.032588958740234,160200,0.0,0.0
2022-11-03 00:00:00-04:00,42.61636669866744,43.42990947319583,42.15283886298243,43.1082763671875,191200,0.0,0.0
2022-11-04 00:00:00-04:00,43.55288343727724,44.300207874833895,43.42990513028865,44.06371307373047,103300,0.0,0.0
2022-11-07 00:00:00-05:00,44.461026683311054,44.71644152495226,43.997495242860424,44.62184143066406,118000,0.0,0.0
2022-11-08 00:00:00-05:00,44.65022403307243,45.18943194962543,44.07317607815177,44.76374053955078,159900,0.0,0.0
2022-11-09 00:00:00-05:00,44.47993897247952,44.82049203548676,43.85559289317426,44.11100769042969,135000,0.0,0.0
2022-11-10 00:00:00-05:00,45.38808844060491,46.20163125290214,45.19889185029454,45.89891815185547,146300,0.0,0.0
2022-11-11 00:00:00-05:00,46.24892052853552,46.26784054475958,45.53943615894181,45.78539276123047,143000,0.0,0.0
2022-11-14 00:00:00-05:00,45.70971651545204,46.22054617030991,45.41646165241339,45.49214172363281,135500,0.0,0.0
2022-11-15 00:00:00-05:00,46.13540472084303,46.62731432405755,45.482680390286305,45.8043098449707,155300,0.0,0.0
2022-11-16 00:00:00-05:00,45.813771163737435,46.107026003442265,45.47321808759612,45.53943634033203,131800,0.0,0.0
2022-11-17 00:00:00-05:00,46.94895337574272,46.94895337574272,44.39480855999432,46.059730529785156,180300,0.0,0.0
2022-11-18 00:00:00-05:00,46.86381717606916,47.40302510895164,45.293491622501385,45.51106643676758,237800,0.0,0.0
2022-11-21 00:00:00-05:00,45.45429982956944,46.04080592304231,45.14212857011385,45.28402328491211,174100,0.0,0.0
2022-11-22 00:00:00-05:00,45.27456643678046,45.72863603325896,45.20834817949971,45.56781768798828,92400,0.0,0.0
2022-11-23 00:00:00-05:00,45.444845324576754,46.03135146579123,45.444845324576754,45.700260162353516,78300,0.0,0.0
2022-11-25 00:00:00-05:00,45.984054596811205,46.012432821203404,45.55836318780497,45.690799713134766,100200,0.0,0.0
2022-11-28 00:00:00-05:00,45.54890051453264,45.7570134873688,44.7069759843627,44.7921142578125,141700,0.0,0.0
2022-11-29 00:00:00-05:00,44.65022560017836,45.19889174126767,44.3758907253213,44.7542839050293,97600,0.0,0.0
2022-11-30 00:00:00-05:00,44.6975167157799,45.37862288716106,44.11101062854847,45.31240463256836,225800,0.0,0.0
2022-12-01 00:00:00-05:00,45.63403878272231,45.96513006353097,45.2745656716841,45.378623962402344,103600,0.0,0.0
2022-12-02 00:00:00-05:00,44.82050014392341,45.501602784531556,44.82050014392341,45.302947998046875,92500,0.0,0.0
2022-12-05 00:00:00-05:00,45.37862396763304,45.482682258363276,44.6218377109129,44.7921142578125,113000,0.0,0.0
2022-12-06 00:00:00-05:00,45.00969236196546,45.161048890608555,44.14884782006652,44.57453918457031,123400,0.0,0.0
2022-12-07 00:00:00-05:00,44.35696313285399,44.87725095966037,43.77991525619405,43.82721710205078,110600,0.0,0.0
2022-12-08 00:00:00-05:00,43.95965949831602,44.224532549198386,43.50558986453568,43.78938293457031,89200,0.0,0.0
2022-12-09 00:00:00-05:00,43.51504340338731,43.931272954228014,43.39206509639772,43.477203369140625,134200,0.0,0.0
2022-12-12 00:00:00-05:00,43.515043210108885,43.63802151655225,43.0231335929597,43.42990493774414,166300,0.0,0.0
2022-12-13 00:00:00-05:00,44.66913661122662,45.104286154093195,42.815014734943496,44.17722702026367,214900,0.0,0.0
2022-12-14 00:00:00-05:00,44.13938664700115,44.58399799875898,43.165029284935166,43.37314224243164,207300,0.0,0.0
2022-12-15 00:00:00-05:00,43.25016663034709,43.25016663034709,42.465002226625394,42.72041702270508,208600,0.0,0.0
2022-12-16 00:00:00-05:00,42.29472621422849,43.316385411067685,42.29472621422849,43.27854537963867,793300,0.0,0.0
2022-12-19 00:00:00-05:00,43.25016970007225,43.38260620922657,42.69204183390457,42.87177658081055,214100,0.0,0.0
2022-12-20 00:00:00-05:00,42.89069708119316,43.146111898280765,42.75826057054572,43.13665008544922,149100,0.0,0.0
2022-12-21 00:00:00-05:00,43.51504700776541,43.9218183880497,43.29747220576153,43.72316360473633,116300,0.0,0.0
2022-12-22 00:00:00-05:00,43.515044092850374,43.675858828010355,42.99475624389986,43.44882583618164,184200,0.0,0.0
2022-12-23 00:00:00-05:00,43.37314738968471,44.300210234990104,43.37314738968471,43.9501953125,161300,0.0,0.0
2022-12-27 00:00:00-05:00,44.205599427724664,45.00022195347423,44.035322914448074,44.55561065673828,265400,0.0,0.0
2022-12-28 00:00:00-05:00,44.65022299245482,44.9434742614081,44.26237162978711,44.404266357421875,208200,0.0,0.0
2022-12-29 00:00:00-05:00,44.73536439585554,45.36916882918308,44.73536439585554,45.18943405151367,183300,0.0,0.0
2022-12-30 00:00:00-05:00,45.04752018302359,45.04752018302359,44.27181767081849,44.55561065673828,178100,0.0,0.0
2023-01-03 00:00:00-05:00,44.95292862418911,45.18942340633954,43.5150399156796,43.98802947998047,234900,0.0,0.0
2023-01-04 00:00:00-05:00,44.30967093701412,44.86779887315404,44.13939437286128,44.47048568725586,144000,0.0,0.0
2023-01-05 00:00:00-05:00,44.47993734306538,44.87724682960336,44.035326015023855,44.53669738769531,134400,0.0,0.0
2023-01-06 00:00:00-05:00,45.02861313559204,45.55836284150917,44.96239487343048,45.302947998046875,134100,0.0,0.0
2023-01-09 00:00:00-05:00,45.57860795944385,46.15844066500919,45.226907521623986,45.45503616333008,166400,0.23,0.0
2023-01-10 00:00:00-05:00,45.15085976652081,46.38656678229144,44.97976148153297,46.32953643798828,205200,0.0,0.0
2023-01-11 00:00:00-05:00,46.53865739376538,46.67173304229519,46.2534947717673,46.62420654296875,90300,0.0,0.0
2023-01-12 00:00:00-05:00,46.92837083495609,47.68880554584714,46.33903438727037,47.6032600402832,184100,0.0,0.0
2023-01-13 00:00:00-05:00,47.43216105823942,49.00055694580078,47.42265358485059,49.00055694580078,206800,0.0,0.0
2023-01-17 00:00:00-05:00,49.1051238344768,49.437812925927794,48.84847640991211,48.84847640991211,223000,0.0,0.0
2023-01-18 00:00:00-05:00,49.04809407493692,49.47583981926125,48.63935965547582,48.953041076660156,130800,0.0,0.0
2023-01-19 00:00:00-05:00,48.95303663965369,48.962540488204176,48.325677480187075,48.449249267578125,167700,0.0,0.0
2023-01-20 00:00:00-05:00,48.591835021972656,49.162163911648804,48.39222154230382,48.591835021972656,183200,0.0,0.0
2023-01-23 00:00:00-05:00,48.56331015281135,48.810450084111345,48.373200560867346,48.55380630493164,152900,0.0,0.0
2023-01-24 00:00:00-05:00,48.287656078989045,48.64886397588622,48.10705394356006,48.43974304199219,166000,0.0,0.0
2023-01-25 00:00:00-05:00,48.268644333891324,49.884570567964474,48.268644333891324,49.808528900146484,167700,0.0,0.0
2023-01-26 00:00:00-05:00,50.055663023975995,50.24577261044094,49.551875701976854,50.16972732543945,150900,0.0,0.0
2023-01-27 00:00:00-05:00,49.98912264696543,50.2742851990077,49.71346394204117,49.89406967163086,120800,0.0,0.0
2023-01-30 00:00:00-05:00,49.59941301164361,49.846552989731734,49.32375423243949,49.79902648925781,155000,0.0,0.0
2023-01-31 00:00:00-05:00,49.818028988486404,51.215330336307616,49.76099502239857,50.82560729980469,742700,0.0,0.0
2023-02-01 00:00:00-05:00,50.69253123152052,52.96433161673105,50.69253123152052,52.48905944824219,234500,0.0,0.0
2023-02-02 00:00:00-05:00,52.622131271211245,52.935808994197984,52.11834396936416,52.32746124267578,244100,0.0,0.0
2023-02-03 00:00:00-05:00,52.17537793398518,52.479551830903866,51.82367754555524,52.06131362915039,220700,0.0,0.0
2023-02-06 00:00:00-05:00,51.82367805293686,51.91873103688999,51.21533025314344,51.41494369506836,137400,0.0,0.0
2023-02-07 00:00:00-05:00,50.96818866543145,51.81417258388219,50.61648825994902,51.776153564453125,173400,0.0,0.0
2023-02-08 00:00:00-05:00,51.338898124332246,51.452966055694475,50.559452056884766,50.559452056884766,192200,0.0,0.0
2023-02-09 00:00:00-05:00,50.97769945072044,51.015718472618765,49.78951889796477,49.932098388671875,132100,0.0,0.0
2023-02-10 00:00:00-05:00,49.846542904232265,50.64500027917598,49.846542904232265,50.378849029541016,148500,0.0,0.0
2023-02-13 00:00:00-05:00,50.53093019501242,50.70202844335753,50.11269204685683,50.15071105957031,176900,0.0,0.0
2023-02-14 00:00:00-05:00,50.179239194353364,50.179239194353364,49.30473647043124,49.818031311035156,251100,0.0,0.0
2023-02-15 00:00:00-05:00,49.58040386998375,50.036664821500324,49.342767731108054,49.703975677490234,121000,0.0,0.0
2023-02-16 00:00:00-05:00,49.2001782819704,49.88457143441556,49.2001782819704,49.694461822509766,122300,0.0,0.0
2023-02-17 00:00:00-05:00,49.970123862870835,50.873141859246815,49.837048213601854,50.47391128540039,193100,0.0,0.0
2023-02-21 00:00:00-05:00,50.0936897706935,50.12220494188595,49.076607569720274,49.1241340637207,128600,0.0,0.0
2023-02-22 00:00:00-05:00,49.23820285327702,50.09369432725719,49.23820285327702,49.76100158691406,321300,0.0,0.0
2023-02-23 00:00:00-05:00,49.932097261039466,50.26478998392132,49.28572676485443,49.9130859375,230200,0.0,0.0
2023-02-24 00:00:00-05:00,49.70395812610157,52.53657946612402,49.70395812610157,51.59553909301758,337500,0.0,0.0
2023-02-27 00:00:00-05:00,51.76664461839137,52.71718897183685,51.69060295565598,51.94725036621094,231900,0.0,0.0
2023-02-28 00:00:00-05:00,51.852197051493086,52.669665827589014,51.67159491823157,52.432029724121094,443000,0.0,0.0
2023-03-01 00:00:00-05:00,52.432033238439566,52.774229830535766,52.12785929569614,52.755218505859375,322400,0.0,0.0
2023-03-02 00:00:00-05:00,52.536594284849485,53.28752530058986,52.25143166366843,53.25900650024414,170800,0.0,0.0
2023-03-03 00:00:00-05:00,53.38256258476099,53.563164678936,52.34646925283404,53.31602478027344,234300,0.0,0.0
2023-03-06 00:00:00-05:00,53.32554376179143,53.32554376179143,51.120280863063165,51.60506057739258,360400,0.0,0.0
2023-03-07 00:00:00-05:00,51.75713368988686,52.070811398072195,51.30087289777463,52.023284912109375,171700,0.0,0.0
2023-03-08 00:00:00-05:00,52.18488535151024,52.279938334430014,51.10126176561486,51.76664352416992,165600,0.0,0.0
2023-03-09 00:00:00-05:00,51.86169519824339,51.95674817211843,51.082249209144784,51.15829086303711,160900,0.0,0.0
2023-03-10 00:00:00-05:00,50.89214302879848,51.367415181941446,49.96061004376291,50.16972732543945,244100,0.0,0.0
2023-03-13 00:00:00-04:00,49.304736231759755,50.19825027427221,49.20017576924965,49.41880416870117,247100,0.0,0.0
2023-03-14 00:00:00-04:00,50.69253490187075,50.740061396952974,49.49484691997946,50.16022872924805,266300,0.0,0.0
2023-03-15 00:00:00-04:00,49.133635226291496,49.59940354452895,48.73440834726414,49.14314270019531,331800,0.0,0.0
2023-03-16 00:00:00-04:00,48.66787252819878,50.141215578276835,48.66787252819878,50.06517028808594,278700,0.0,0.0
2023-03-17 00:00:00-04:00,49.85605327837723,49.85605327837723,48.75342194655175,49.01957321166992,1369300,0.0,0.0
2023-03-20 00:00:00-04:00,49.52335766936501,50.16022424991965,49.52335766936501,49.656436920166016,239200,0.0,0.0
2023-03-21 00:00:00-04:00,50.445386136168246,50.80659398850405,49.884564849399005,50.30280303955078,211200,0.0,0.0
2023-03-22 00:00:00-04:00,50.331326112157974,50.692533995192846,49.52336120605469,49.52336120605469,225700,0.0,0.0
2023-03-23 00:00:00-04:00,49.55188218556381,50.04616572463139,49.34276125048619,49.42831039428711,257500,0.0,0.0
2023-03-24 00:00:00-04:00,49.295227636788134,49.960609367387995,48.91500846900572,49.66593933105469,182700,0.0,0.0
2023-03-27 00:00:00-04:00,50.29330170821844,50.29330170821844,49.91308251557447,50.017642974853516,392100,0.0,0.0
2023-03-28 00:00:00-04:00,50.01764640394747,50.47390729077704,49.62792333648641,49.9130859375,126500,0.0,0.0
2023-03-29 00:00:00-04:00,50.10319015636304,50.27428842377095,49.89407287200579,49.95110321044922,175600,0.0,0.0
2023-03-30 00:00:00-04:00,50.226763858260156,50.54044160983879,49.83704081779037,50.179237365722656,166600,0.0,0.0
2023-03-31 00:00:00-04:00,50.549951397633954,51.10126526317258,50.464402256735305,51.072750091552734,256700,0.0,0.0
2023-04-03 00:00:00-04:00,50.8826384611857,51.23434248534608,50.38835495856262,50.87313461303711,163200,0.0,0.0
2023-04-04 00:00:00-04:00,50.85412790163968,50.85412790163968,49.57089434892991,49.7705078125,194400,0.0,0.0
2023-04-05 00:00:00-04:00,49.466323246649736,49.78000096111378,48.743907591816345,49.095611572265625,187600,0.0,0.0
2023-04-06 00:00:00-04:00,49.267479085810635,49.37250724337231,48.84737009782216,49.22929000854492,180500,0.23,0.0
2023-04-10 00:00:00-04:00,49.03832801171135,49.53482241807854,49.02877801109884,49.37250518798828,299000,0.0,0.0
2023-04-11 00:00:00-04:00,49.534818501487926,50.09814829856946,49.50617214417343,49.658939361572266,135700,0.0,0.0
2023-04-12 00:00:00-04:00,50.01222221565673,50.480070278816775,49.74487682302138,49.91674041748047,159300,0.0,0.0
2023-04-13 00:00:00-04:00,50.15544512430861,50.23183057149216,49.65895064439136,50.19363784790039,174200,0.0,0.0
2023-04-14 00:00:00-04:00,49.36296055709088,50.64238751458733,49.36296055709088,49.91674041748047,325700,0.0,0.0
2023-04-17 00:00:00-04:00,50.06950588295636,50.11724860148646,49.13380614744369,49.5634651184082,156300,0.0,0.0
2023-04-18 00:00:00-04:00,49.68758756397501,50.09815015890346,49.25792861088037,50.088600158691406,263000,0.0,0.0
2023-04-19 00:00:00-04:00,50.164995171763195,50.20318789538955,49.66850069139633,50.00267791748047,156800,0.0,0.0
2023-04-20 00:00:00-04:00,49.897649954263485,49.99313176372286,49.43934819563434,49.792625427246094,202700,0.0,0.0
2023-04-21 00:00:00-04:00,50.08860214446543,50.3273011676193,49.67803953326013,50.07905578613281,162300,0.0,0.0
2023-04-24 00:00:00-04:00,50.155439533304175,50.432331285090534,49.67804146840006,49.80216598510742,111000,0.0,0.0
2023-04-25 00:00:00-04:00,49.41069618745601,50.14588959195384,48.79007729051716,48.88555908203125,161400,0.0,0.0
2023-04-26 00:00:00-04:00,48.455910138219686,48.55138830720433,47.34834662360787,47.482017517089844,231000,0.0,0.0
2023-04-27 00:00:00-04:00,47.64432307028304,48.66595452492079,47.64432307028304,48.39860916137695,210900,0.0,0.0
2023-04-28 00:00:00-04:00,48.207656588596606,48.8282718669158,48.207656588596606,48.723243713378906,753800,0.0,0.0
2023-05-01 00:00:00-04:00,48.76144361938592,50.11725617232434,48.76144361938592,49.8690071105957,148300,0.0,0.0
2023-05-02 00:00:00-04:00,49.59210977336613,49.59210977336613,48.26494373295523,49.267478942871094,165200,0.0,0.0
2023-05-03 00:00:00-04:00,49.286569661129676,49.60165409683529,48.72323986216995,48.876007080078125,248400,0.0,0.0
2023-05-04 00:00:00-04:00,48.475006387115634,48.942854513208545,47.64433466366386,47.84484100341797,224900,0.0,0.0
2023-05-05 00:00:00-04:00,48.38906659980008,48.89510736686358,48.121724857541345,48.58957290649414,140400,0.0,0.0
2023-05-08 00:00:00-04:00,48.64686984271474,48.84737618180122,47.97851173683447,48.13127899169922,266600,0.0,0.0
2023-05-09 00:00:00-04:00,48.21720525904139,48.23630161898725,47.6252326697528,47.816192626953125,200300,0.0,0.0
2023-05-10 00:00:00-04:00,48.46544852263344,48.627765753906466,47.54884513908787,48.32223129272461,260000,0.0,0.0
2023-05-11 00:00:00-04:00,47.89257228792059,48.35087397940092,47.6729696217274,48.28403854370117,203400,0.0,0.0
2023-05-12 00:00:00-04:00,48.32223692196063,48.732799584925104,47.95941334119374,48.312686920166016,127700,0.0,0.0
2023-05-15 00:00:00-04:00,48.350883303303505,48.81873508567959,48.121734234503656,48.61822509765625,275400,0.0,0.0
2023-05-16 00:00:00-04:00,48.541835840026195,48.71369943638287,48.245847725798995,48.389068603515625,189500,0.0,0.0
2023-05-17 00:00:00-04:00,48.48454085654731,49.03832429787556,48.27448820833468,48.876007080078125,193900,0.0,0.0
2023-05-18 00:00:00-04:00,50.126794611468284,51.425317873688556,49.277026676054206,50.613739013671875,302200,0.0,0.0
2023-05-19 00:00:00-04:00,51.06249851744642,51.06249851744642,49.50617974713048,49.888099670410156,267100,0.0,0.0
2023-05-22 00:00:00-04:00,49.83080364266233,49.98357086222629,46.88048375549906,46.928226470947266,776700,0.0,0.0
2023-05-23 00:00:00-04:00,46.9759786439465,47.71117223132104,46.364909595286846,47.20512771606445,452200,0.0,0.0
2023-05-24 00:00:00-04:00,47.24331286290851,47.529750978232,46.73727207109507,47.05235290527344,355200,0.0,0.0
2023-05-25 00:00:00-04:00,46.842294665541345,47.01415824277152,46.29806121839838,46.90913009643555,250200,0.0,0.0
2023-05-26 00:00:00-04:00,46.813653868794155,47.53930097935579,46.813653868794155,47.05235290527344,221800,0.0,0.0
2023-05-30 00:00:00-04:00,47.1191866398261,47.147832999903095,46.32670776135279,46.33625411987305,217600,0.0,0.0
2023-05-31 00:00:00-04:00,46.212135490387205,46.4030918081239,44.884965771664156,45.524681091308594,420000,0.0,0.0
2023-06-01 00:00:00-04:00,45.71564093572048,45.86840817487856,45.22869285685152,45.6010627746582,338700,0.0,0.0
2023-06-02 00:00:00-04:00,46.288529940967,47.224229994211015,45.763392639139965,47.06191635131836,282500,0.0,0.0
2023-06-05 00:00:00-04:00,46.78501144881101,46.89958596722068,45.33372086067486,46.307613372802734,489900,0.0,0.0
2023-06-06 00:00:00-04:00,46.45083214593744,47.558395486357696,46.45083214593744,47.25286102294922,345200,0.0,0.0
2023-06-07 00:00:00-04:00,47.348338993029564,48.14081786621187,47.348338993029564,47.883026123046875,373900,0.0,0.0
2023-06-08 00:00:00-04:00,47.66341598659625,47.892568635991985,47.31969247588933,47.65386962890625,265000,0.0,0.0
2023-06-09 00:00:00-04:00,47.65387548231952,47.72071092113242,47.014163813036525,47.03325653076172,251100,0.0,0.0
2023-06-12 00:00:00-04:00,47.2051242491098,47.47246966995748,46.05937168815153,46.441287994384766,496100,0.0,0.0
2023-06-13 00:00:00-04:00,46.775463028037265,47.62523098311318,46.18348681745516,46.67998123168945,520500,0.0,0.0
2023-06-14 00:00:00-04:00,46.565414492664196,47.10964807480591,46.00208454806468,46.393550872802734,381400,0.0,0.0
2023-06-15 00:00:00-04:00,46.2789686741491,46.90913396183392,45.562871590768246,46.75636672973633,494000,0.0,0.0
2023-06-16 00:00:00-04:00,47.262411289942996,47.262411289942996,46.35535418319947,46.660888671875,965000,0.0,0.0
2023-06-20 00:00:00-04:00,46.622693821267156,47.60613260731481,46.48901931204249,47.10963821411133,584100,0.0,0.0
2023-06-21 00:00:00-04:00,47.10963828662174,47.28150187077432,46.6895293266143,46.78500747680664,516400,0.0,0.0
2023-06-22 00:00:00-04:00,46.909128181933056,47.195566251540356,46.39353747128533,46.995059967041016,701000,0.0,0.0
2023-06-23 00:00:00-04:00,46.58450131929568,47.11918478962968,45.80156883008551,45.925689697265625,7212200,0.0,0.0
2023-06-26 00:00:00-04:00,46.030720115715106,46.51766817705209,45.152309432746826,45.17140579223633,1052500,0.0,0.0
2023-06-27 00:00:00-04:00,45.20960051587226,45.78248044533863,45.04728690332489,45.18095779418945,655000,0.0,0.0
2023-06-28 00:00:00-04:00,45.36235629833137,45.44828808390977,44.799026513374685,45.3910026550293,494500,0.0,0.0
2023-06-29 00:00:00-04:00,45.31462478530279,45.86840830523612,45.14276118547923,45.54377746582031,401800,0.0,0.0
2023-06-30 00:00:00-04:00,45.79202093466769,45.9352418092382,45.381458312640916,45.41965103149414,557400,0.0,0.0
2023-07-03 00:00:00-04:00,45.3528173053181,46.29806710016995,45.20005006640105,45.96388626098633,216000,0.0,0.0
2023-07-05 00:00:00-04:00,45.686998319345335,46.33626004955254,45.371917456242215,46.00208282470703,567100,0.0,0.0
2023-07-06 00:00:00-04:00,45.50558078335798,46.07845697138615,45.33371719849793,45.98297882080078,406400,0.0,0.0
2023-07-07 00:00:00-04:00,45.03320239332875,45.58964339483157,44.879702058386016,45.186702728271484,871900,0.23,0.0
2023-07-10 00:00:00-04:00,45.13872564061518,45.75272685906253,44.99482116364305,45.0811653137207,462000,0.0,0.0
2023-07-11 00:00:00-04:00,44.87010375031917,45.522480999514194,44.87010375031917,45.29222869873047,764400,0.0,0.0
2023-07-12 00:00:00-04:00,45.95420173294028,46.32835851909288,45.50329296001987,45.72394943237305,387000,0.0,0.0
2023-07-13 00:00:00-04:00,45.541668815181765,45.95420159346621,45.40735649848193,45.762325286865234,471800,0.0,0.0
2023-07-14 00:00:00-04:00,45.877445986770226,45.92541414470129,45.05238049530675,45.70475769042969,364700,0.0,0.0
2023-07-17 00:00:00-04:00,45.71434562855855,46.242002594209936,45.47450122055926,45.78150177001953,351900,0.0,0.0
2023-07-18 00:00:00-04:00,45.628012534565116,46.903983190768315,45.628012534565116,46.683326721191406,355400,0.0,0.0
2023-07-19 00:00:00-04:00,46.74089332292372,47.82498773494852,46.14607637892094,47.75783157348633,632200,0.0,0.0
2023-07-20 00:00:00-04:00,48.3718298831332,48.3718298831332,47.489204009726755,47.978485107421875,916400,0.0,0.0
2023-07-21 00:00:00-04:00,48.25670833855248,48.755585292962586,47.73864338669549,48.64046096801758,535600,0.0,0.0
2023-07-24 00:00:00-04:00,48.76517768202335,49.465523070624165,48.09361245769477,48.95705032348633,646200,0.0,0.0
2023-07-25 00:00:00-04:00,49.24487160422888,49.72456057605389,48.985839120275,49.55187225341797,783500,0.0,0.0
2023-07-26 00:00:00-04:00,49.686183061940106,50.39612066909844,49.04339795627027,49.46552658081055,2425100,0.0,0.0
2023-07-27 00:00:00-04:00,49.56146603391206,49.782122528957174,48.54452406307513,48.79396438598633,328700,0.0,0.0
2023-07-28 00:00:00-04:00,48.851525644535336,49.02421397604595,48.51574481089614,48.99543380737305,458600,0.0,0.0
2023-07-31 00:00:00-04:00,49.177713999977215,49.56146665864564,48.73640100432414,49.484718322753906,3075400,0.0,0.0
2023-08-01 00:00:00-04:00,49.52309256500086,49.532688394691654,48.63087071006682,49.062591552734375,443200,0.0,0.0
2023-08-02 00:00:00-04:00,48.9666552142468,49.36000005762463,48.53493437157924,49.062591552734375,563700,0.0,0.0
2023-08-03 00:00:00-04:00,49.04340024139454,49.48471688395262,48.59249508926658,49.37918472290039,622200,0.0,0.0
2023-08-04 00:00:00-04:00,49.475114411820215,49.50389457561139,48.53492457737001,48.71720504760742,327600,0.0,0.0
2023-08-07 00:00:00-04:00,48.726796710414845,49.072173285331644,48.09360754297927,48.38142013549805,266900,0.0,0.0
2023-08-08 00:00:00-04:00,48.016861100109836,48.10320525378969,47.556360167062635,47.978485107421875,223800,0.0,0.0
2023-08-09 00:00:00-04:00,48.2663009076171,48.35264506042893,47.89214047227515,48.11280059814453,309900,0.0,0.0
2023-08-10 00:00:00-04:00,48.23751900075691,48.61167579123393,47.60432974154899,47.671485900878906,247100,0.0,0.0
2023-08-11 00:00:00-04:00,47.517986954318246,47.93051975050794,47.39327046039024,47.796207427978516,300700,0.0,0.0
2023-08-14 00:00:00-04:00,47.62352126525324,47.863365754832266,47.3932726047098,47.74824142456055,292500,0.0,0.0
2023-08-15 00:00:00-04:00,47.41244874264247,48.09360975663001,47.268544269627284,47.882545471191406,342000,0.0,0.0
2023-08-16 00:00:00-04:00,47.75783432000908,48.15117914250997,47.43164566283251,47.59474182128906,172700,0.0,0.0
2023-08-17 00:00:00-04:00,47.690677302351155,47.88255362544987,46.856019505568646,46.961551666259766,235000,0.0,0.0
2023-08-18 00:00:00-04:00,46.84642383211787,47.44123709546824,46.84642383211787,47.29732894897461,222600,0.0,0.0
2023-08-21 00:00:00-04:00,47.134237177002284,47.28773749436948,46.625764402187734,47.143829345703125,240100,0.0,0.0
2023-08-22 00:00:00-04:00,47.1150493196765,47.412454126856346,46.90398501026918,47.10545349121094,262200,0.0,0.0
2023-08-23 00:00:00-04:00,47.316518110456244,47.50839442392513,46.94236131204686,47.4796142578125,213300,0.0,0.0
2023-08-24 00:00:00-04:00,47.527582772681875,48.0936158887456,47.32611428893114,47.38367462158203,276700,0.0,0.0
2023-08-25 00:00:00-04:00,47.6331222705997,48.333467817108904,47.34530592403857,48.26631164550781,222900,0.0,0.0
2023-08-28 00:00:00-04:00,48.40061481691517,48.726803442767235,48.1032063563707,48.17995834350586,181000,0.0,0.0
2023-08-29 00:00:00-04:00,48.35265004313217,48.35265004313217,47.99767756736166,48.256710052490234,368600,0.0,0.0
2023-08-30 00:00:00-04:00,48.33346477352181,48.79396577538998,48.33346477352181,48.50615310668945,426800,0.0,0.0
2023-08-31 00:00:00-04:00,48.45817025121066,48.90907898072847,48.28548561707735,48.391014099121094,497200,0.0,0.0
2023-09-01 00:00:00-04:00,48.59249229979756,49.00502509128206,48.49655231355916,48.73639678955078,263300,0.0,0.0
2023-09-05 00:00:00-04:00,53.34141095813501,55.835795749251574,53.34141095813501,54.30078887939453,979400,0.0,0.0
2023-09-06 00:00:00-04:00,54.204855537320846,54.348763697332245,52.58350807857693,53.255069732666016,606500,0.0,0.0
2023-09-07 00:00:00-04:00,53.20709586284273,53.56206831022629,52.71781475877392,52.85212707519531,339300,0.0,0.0
2023-09-08 00:00:00-04:00,52.85213376010637,53.66760358994307,52.54513309524527,53.06319808959961,397200,0.0,0.0
2023-09-11 00:00:00-04:00,53.1207557483596,54.17607368287572,53.053599585041056,54.03216552734375,392800,0.0,0.0
2023-09-12 00:00:00-04:00,53.50450738886867,54.176072669225306,52.775378115429,53.43735122680664,307500,0.0,0.0
2023-09-13 00:00:00-04:00,53.216687141576465,53.926624656179584,52.81374656702305,53.86906433105469,289900,0.0,0.0
2023-09-14 00:00:00-04:00,53.993791784719775,54.20485611237926,53.47573045460303,53.5524787902832,317600,0.0,0.0
2023-09-15 00:00:00-04:00,53.4757288756463,53.936229855340024,52.8905077369512,53.485321044921875,712400,0.0,0.0
2023-09-18 00:00:00-04:00,53.48532233849807,53.72516683328955,53.274258011965884,53.62923049926758,277200,0.0,0.0
2023-09-19 00:00:00-04:00,53.72516423010788,53.8882567219901,53.54288374040368,53.753944396972656,237100,0.0,0.0
2023-09-20 00:00:00-04:00,53.888259692972944,54.0801360220349,53.47573052613412,53.53329086303711,197700,0.0,0.0
2023-09-21 00:00:00-04:00,53.39897046696835,53.907439551423785,52.95765753858303,53.235877990722656,223100,0.0,0.0
2023-09-22 00:00:00-04:00,53.27425285447757,53.821097956883044,53.20709669521628,53.5045051574707,303700,0.0,0.0
2023-09-25 00:00:00-04:00,53.51410106412589,54.070542033715135,53.293444574034574,53.93622970581055,211200,0.0,0.0
2023-09-26 00:00:00-04:00,53.70597410320892,53.94581857687085,52.56431572608323,52.58350372314453,842100,0.0,0.0
2023-09-27 00:00:00-04:00,52.82335079351242,53.10156761523737,52.38203415888057,52.832942962646484,419700,0.0,0.0
2023-09-28 00:00:00-04:00,52.842538076655686,53.514099699047925,52.842538076655686,53.39897537231445,437700,0.0,0.0
2023-09-29 00:00:00-04:00,53.62922320589141,53.62922320589141,52.66984535719736,52.689029693603516,840100,0.0,0.0
2023-10-02 00:00:00-04:00,52.64106454508651,52.94806518145541,52.19975158777324,52.449188232421875,479200,0.0,0.0
2023-10-03 00:00:00-04:00,52.199747142679925,53.111156805423214,52.199747142679925,53.01521682739258,406400,0.0,0.0
2023-10-04 00:00:00-04:00,53.09197472786761,53.466131534553675,53.09197472786761,53.39897537231445,414000,0.0,0.0
2023-10-05 00:00:00-04:00,53.360596848122114,53.907441948862164,53.130348205566406,53.130348205566406,392400,0.0,0.0
2023-10-06 00:00:00-04:00,53.019555097144924,54.12754293315549,53.019555097144924,53.72288513183594,616700,0.235,0.0
2023-10-09 00:00:00-04:00,53.6169045125686,53.98301908386965,52.66307119709327,53.539825439453125,141600,0.0,0.0
2023-10-10 00:00:00-04:00,53.6650727038757,53.94447880805516,53.433839178784936,53.462745666503906,348400,0.0,0.0
2023-10-11 00:00:00-04:00,53.60726582374311,53.80959287024849,52.96174514908339,53.64580535888672,310900,0.0,0.0
2023-10-12 00:00:00-04:00,53.751784222522595,54.07936290217167,52.489642082482774,53.04845428466797,634300,0.0,0.0
2023-10-13 00:00:00-04:00,53.414577546131355,53.48201990219218,52.171708644915746,52.23915100097656,279100,0.0,0.0
2023-10-16 00:00:00-04:00,52.557090283973444,53.06772996450282,52.49928465339724,52.73051452636719,201900,0.0,0.0
2023-10-17 00:00:00-04:00,52.605259974689424,53.28932385999008,52.4896450445631,52.846126556396484,409000,0.0,0.0
2023-10-18 00:00:00-04:00,52.84612026841726,52.981008625402495,51.85375124596912,52.200599670410156,333100,0.0,0.0
2023-10-19 00:00:00-04:00,52.21987311623438,52.21987311623438,51.05407979939873,51.15042495727539,264100,0.0,0.0
2023-10-20 00:00:00-04:00,51.06371503771134,51.26604208313949,50.793945643807135,50.957733154296875,301000,0.0,0.0
2023-10-23 00:00:00-04:00,50.842121405380745,50.842121405380745,50.138791387751546,50.292945861816406,358700,0.0,0.0
2023-10-24 00:00:00-04:00,50.6205154231747,50.91918759528165,50.32183957573585,50.687957763671875,226900,0.0,0.0
2023-10-25 00:00:00-04:00,50.4278306946073,50.67833033734584,49.830482565513414,50.08098220825195,266800,0.0,0.0
2023-10-26 00:00:00-04:00,50.15805710386345,50.67832611471391,50.15805710386345,50.50490188598633,431900,0.0,0.0
2023-10-27 00:00:00-04:00,50.4663586376288,50.4663586376288,49.52216223910455,49.618507385253906,183900,0.0,0.0
2023-10-30 00:00:00-04:00,49.734128546486666,49.98463183849003,49.54143455463766,49.801570892333984,214400,0.0,0.0
2023-10-31 00:00:00-04:00,49.975003856032224,50.08098575384765,49.502907352550764,49.57998275756836,330700,0.0,0.0
2023-11-01 00:00:00-04:00,49.47399735713009,50.12915479239407,49.47399735713009,50.08098220825195,237100,0.0,0.0
2023-11-02 00:00:00-04:00,50.28330785411947,50.42782927781801,49.86901702653831,50.2640380859375,188600,0.0,0.0
2023-11-03 00:00:00-04:00,50.25440092084432,51.59361845940777,50.25440092084432,51.362388610839844,441600,0.0,0.0
2023-11-06 00:00:00-05:00,51.20823725683813,51.64179416801186,50.919194415612445,51.28531265258789,336100,0.0,0.0
2023-11-07 00:00:00-05:00,51.31421373437045,51.51654445146486,51.08298387959437,51.30458068847656,312700,0.0,0.0
2023-11-08 00:00:00-05:00,51.35275050303458,51.67069613039423,51.073344407839514,51.54544448852539,179500,0.0,0.0
2023-11-09 00:00:00-05:00,51.545447264478796,51.545447264478796,51.00590481111417,51.30458068847656,444900,0.0,0.0
2023-11-10 00:00:00-05:00,51.37201959631703,51.95973459046749,51.37201959631703,51.805580139160156,370000,0.0,0.0
2023-11-13 00:00:00-05:00,51.6996049703265,52.113895801074236,51.51654768419733,51.689971923828125,363000,0.0,0.0
2023-11-14 00:00:00-05:00,52.30658376589231,53.16406814314758,52.30658376589231,52.93283462524414,203600,0.0,0.0
2023-11-15 00:00:00-05:00,52.86539868128495,53.35676858806408,52.30659009797966,52.31622314453125,368000,0.0,0.0
2023-11-16 00:00:00-05:00,51.7188718291288,52.78832002157771,50.75540551886236,51.46836853027344,434200,0.0,0.0
2023-11-17 00:00:00-05:00,51.815211621465366,52.97137180906216,51.77667576629994,52.537811279296875,405100,0.0,0.0
2023-11-20 00:00:00-05:00,52.4511024044128,52.50891170371996,51.80558176781091,51.99827575683594,246700,0.0,0.0
2023-11-21 00:00:00-05:00,51.824850927583135,52.22950499199988,51.526175064324036,51.709232330322266,195200,0.0,0.0
2023-11-22 00:00:00-05:00,51.97900783634928,51.98864088224317,51.266041154236454,51.30458068847656,180700,0.0,0.0
2023-11-24 00:00:00-05:00,51.160057320242096,51.564715063655065,51.12152146280497,51.410560607910156,97600,0.0,0.0
2023-11-27 00:00:00-05:00,51.18896597595759,52.24877744468316,51.05408128088332,52.14279556274414,279100,0.0,0.0
2023-11-28 00:00:00-05:00,52.00791238402704,52.72087908992004,51.680333682724694,52.084991455078125,302900,0.0,0.0
2023-11-29 00:00:00-05:00,52.33548978117755,53.799959016663486,52.33548978117755,53.3182258605957,519500,0.0,0.0
2023-11-30 00:00:00-05:00,53.31822846386272,54.32986740593196,52.96174694006036,54.21425247192383,920700,0.0,0.0
2023-12-01 00:00:00-05:00,53.992654718494066,54.23352130413117,53.54946108300157,54.22388458251953,333000,0.0,0.0
2023-12-04 00:00:00-05:00,53.92521018214059,55.09100352727724,53.92521018214059,54.8790397644043,234900,0.0,0.0
2023-12-05 00:00:00-05:00,54.850135698754926,55.322232118494725,54.60926912838461,55.06209945678711,300400,0.0,0.0
2023-12-06 00:00:00-05:00,55.15843927936694,55.514920739939804,55.023554601060006,55.11989974975586,223000,0.0,0.0
2023-12-07 00:00:00-05:00,55.27405976953182,55.62090822036177,54.561096776454434,54.97538757324219,397700,0.0,0.0
2023-12-08 00:00:00-05:00,54.946480836823504,55.206617173768876,54.628538875222844,54.724884033203125,257800,0.0,0.0
2023-12-11 00:00:00-05:00,54.7248911056244,54.99466419843148,54.33950674856561,54.6478157043457,264900,0.0,0.0
2023-12-12 00:00:00-05:00,54.676705833075964,55.28369055687967,54.23351227139851,54.956111907958984,262200,0.0,0.0
2023-12-13 00:00:00-05:00,55.15844922574387,55.60164287019407,54.7826979326086,55.38968276977539,361400,0.0,0.0
2023-12-14 00:00:00-05:00,55.842500901614336,56.90231594259789,55.55346177237589,56.32423400878906,469700,0.0,0.0
2023-12-15 00:00:00-05:00,56.189354859584505,56.57474285340474,55.62090959013242,56.304969787597656,2239200,0.0,0.0
2023-12-18 00:00:00-05:00,56.2664374283979,56.2664374283979,55.18735244871231,55.80397033691406,255500,0.0,0.0
2023-12-19 00:00:00-05:00,55.794335651637404,56.410953521728516,55.794335651637404,56.410953521728516,256600,0.0,0.0
2023-12-20 00:00:00-05:00,56.47839148347913,57.12391579286786,56.27606444970009,56.3338737487793,357100,0.0,0.0
2023-12-21 00:00:00-05:00,56.65181560443366,57.15281850289766,56.30496716124072,57.133548736572266,464800,0.0,0.0
2023-12-22 00:00:00-05:00,57.31660957836543,57.634551533845986,57.18172121432446,57.34551239013672,133700,0.0,0.0
2023-12-26 00:00:00-05:00,57.46113452463044,57.46113452463044,56.7867073211052,57.056480407714844,136900,0.0,0.0
2023-12-27 00:00:00-05:00,57.08537765762428,57.20099258328087,56.58437474600273,56.738529205322266,175400,0.0,0.0
2023-12-28 00:00:00-05:00,56.72890055960137,56.95049738235252,56.36278231207089,56.69036102294922,165200,0.0,0.0
2023-12-29 00:00:00-05:00,56.8252358521299,56.85413866193071,56.47838743319276,56.54582977294922,118300,0.0,0.0
2024-01-02 00:00:00-05:00,57.904321411431994,59.36879058425186,57.17208866268813,59.021942138671875,323100,0.0,0.0
2024-01-03 00:00:00-05:00,58.92559931960918,59.05085096888961,58.06811489253327,58.366790771484375,1227100,0.0,0.0
2024-01-04 00:00:00-05:00,58.14519677340796,58.82926072246718,57.875427352858395,58.00067901611328,501500,0.0,0.0
2024-01-05 00:00:00-05:00,57.8079751885226,58.05847479719341,56.825239169277864,57.85614776611328,270300,0.0,0.0
2024-01-08 00:00:00-05:00,57.80797588270584,58.087381981551964,57.51893673835873,58.058475494384766,166100,0.0,0.0
2024-01-09 00:00:00-05:00,57.92790473963809,58.15036911947793,57.531337159972026,58.12135314941406,316700,0.235,0.0
2024-01-10 00:00:00-05:00,58.111682022779696,58.62431716918945,57.96659479393242,58.62431716918945,191400,0.0,0.0
2024-01-11 00:00:00-05:00,58.411516359886875,58.87579026943226,57.41526215959497,57.7054328918457,242900,0.0,0.0
2024-01-12 00:00:00-05:00,58.053641518474045,58.440534613376464,57.51198675794522,57.657073974609375,308400,0.0,0.0
2024-01-16 00:00:00-05:00,57.299197022066544,58.00528051989707,57.299197022066544,57.73445129394531,1016200,0.0,0.0
2024-01-17 00:00:00-05:00,57.49264147296378,57.92789943265379,57.05738720299497,57.32821273803711,135000,0.0,0.0
2024-01-18 00:00:00-05:00,57.65708026293936,57.705441443861496,57.241167465510145,57.52166748046875,140500,0.0,0.0
2024-01-19 00:00:00-05:00,57.71510861120349,57.9375766710948,57.30887028908132,57.92790222167969,151900,0.0,0.0
2024-01-22 00:00:00-05:00,58.20839845599574,58.953172354791356,58.13101762456294,58.83710479736328,161100,0.0,0.0
2024-01-23 00:00:00-05:00,58.7887371779428,58.933824385219765,58.09232817628785,58.150360107421875,255300,0.0,0.0
2024-01-24 00:00:00-05:00,58.51791156104715,58.87578866474492,57.724776525975926,57.82149887084961,181500,0.0,0.0
2024-01-25 00:00:00-05:00,58.07298865945415,58.198726982378616,57.85052429229396,58.11167907714844,177500,0.0,0.0
2024-01-26 00:00:00-05:00,58.05364697382856,58.740385325833785,58.05364697382856,58.527591705322266,113800,0.0,0.0
2024-01-29 00:00:00-05:00,58.546941704015616,59.243354562853206,58.43087412411663,59.00154495239258,148300,0.0,0.0
2024-01-30 00:00:00-05:00,59.03055120367633,59.5818767295555,58.972519268144566,59.543190002441406,157000,0.0,0.0
2024-01-31 00:00:00-05:00,59.6882718178852,59.86237499892605,58.0342952877183,58.25675964355469,443100,0.0,0.0
2024-02-01 00:00:00-05:00,59.00153953652656,59.93976191970352,58.22774959202461,58.62431716918945,195300,0.0,0.0
2024-02-02 00:00:00-05:00,58.45021034112567,59.0112066324102,58.189055559249304,58.701690673828125,153000,0.0,0.0
2024-02-05 00:00:00-05:00,58.517920408580046,58.95317840576172,58.092336861181025,58.95317840576172,304100,0.0,0.0
2024-02-06 00:00:00-05:00,59.02087345013336,59.63023452905395,58.73070273769715,59.28202819824219,245700,0.0,0.0
2024-02-07 00:00:00-05:00,59.2917077806031,59.2917077806031,58.721037029002126,58.924156188964844,117400,0.0,0.0
2024-02-08 00:00:00-05:00,59.12727452530928,59.57220322928066,58.982187313712885,59.436790466308594,542700,0.0,0.0
2024-02-09 00:00:00-05:00,59.48515462356637,60.452392910128424,59.48515462356637,59.94942855834961,224300,0.0,0.0
2024-02-12 00:00:00-05:00,59.96877547731597,60.616823376730395,59.96877547731597,60.491085052490234,181700,0.0,0.0
2024-02-13 00:00:00-05:00,59.88172766035485,59.93976329116595,58.411524887301155,58.75973129272461,249200,0.0,0.0
2024-02-14 00:00:00-05:00,59.030550089504715,60.171891536556146,59.030550089504715,59.97844314575195,356100,0.0,0.0
2024-02-15 00:00:00-05:00,59.96877480743932,60.906997142395554,59.96877480743932,60.423377990722656,191600,0.0,0.0
2024-02-16 00:00:00-05:00,60.32665089975341,60.66518651388287,59.910738141354024,59.94942855834961,232100,0.0,0.0
2024-02-20 00:00:00-05:00,59.81402130738906,60.955362886017056,59.80435054710851,60.819950103759766,200200,0.0,0.0
2024-02-21 00:00:00-05:00,60.452394634391105,60.897323373367094,60.162223878090295,60.491085052490234,221400,0.0,0.0
2024-02-22 00:00:00-05:00,59.56254780194951,59.56254780194951,55.770971014163486,57.29920959472656,641000,0.0,0.0
2024-02-23 00:00:00-05:00,57.49264920544773,57.57003004856494,55.8580176366743,55.925724029541016,465100,0.0,0.0
2024-02-26 00:00:00-05:00,55.76128745254829,55.92571618653039,54.25239443086464,54.77470397949219,618900,0.0,0.0
2024-02-27 00:00:00-05:00,54.83273691335725,55.606530491229236,54.73601456098387,55.577510833740234,447200,0.0,0.0
2024-02-28 00:00:00-05:00,55.28734434308317,55.79030873153116,54.7360187747255,55.73227310180664,408300,0.0,0.0
2024-02-29 00:00:00-05:00,55.94506768893919,56.77689328077392,55.877361297949996,56.37065124511719,496900,0.0,0.0
2024-03-01 00:00:00-05:00,56.21588690007017,56.77688686455084,55.741942216705205,56.75754165649414,402100,0.0,0.0
2024-03-04 00:00:00-05:00,56.554422285501225,57.37657333123192,56.554422285501225,57.0090217590332,387200,0.0,0.0
2024-03-05 00:00:00-05:00,56.88328932090827,57.173460091173155,55.47111851010184,55.64522171020508,301400,0.0,0.0
2024-03-06 00:00:00-05:00,55.809653684267715,56.09015369206143,55.11324088966857,55.49046325683594,278000,0.0,0.0
2024-03-07 00:00:00-05:00,55.567850416872375,55.88703719088967,55.47112435677477,55.68391799926758,368400,0.0,0.0
2024-03-08 00:00:00-05:00,55.68390420605863,55.8966977958413,55.08421754088684,55.403404235839844,332700,0.0,0.0
2024-03-11 00:00:00-04:00,55.403407447213176,55.70325264203964,54.85208192329317,55.6645622253418,329300,0.0,0.0
2024-03-12 00:00:00-04:00,55.58718350578303,56.254576571154914,55.393735117499254,55.7806282043457,483200,0.0,0.0
2024-03-13 00:00:00-04:00,55.6742358978199,55.94506143148483,55.07454551653159,55.84833908081055,397300,0.0,0.0
2024-03-14 00:00:00-04:00,55.858010417618026,56.24490720375841,55.45177211291971,55.75161361694336,488500,0.0,0.0
2024-03-15 00:00:00-04:00,55.46144570435773,56.854267564089895,55.287342510676034,56.5157356262207,3061400,0.0,0.0
2024-03-18 00:00:00-04:00,56.69950637955364,57.18312551476923,55.99342288490542,56.09014892578125,499300,0.0,0.0
2024-03-19 00:00:00-04:00,55.70325321498304,56.10949152532517,54.948808530221235,55.9837532043457,303200,0.0,0.0
2024-03-20 00:00:00-04:00,55.983754696546185,56.061131843078954,55.07454831916704,55.70325469970703,255200,0.0,0.0
2024-03-21 00:00:00-04:00,55.954732323156094,56.81557748096872,55.80964879680113,56.67049026489258,317700,0.0,0.0
2024-03-22 00:00:00-04:00,56.525407354831394,57.06706215442738,56.167530201561235,56.660823822021484,292400,0.0,0.0
2024-03-25 00:00:00-04:00,56.68983087439349,57.44427548145879,56.467366533585036,57.18312072753906,224600,0.0,0.0
2024-03-26 00:00:00-04:00,57.357230289789975,57.3765754985018,56.892956349869976,57.2121467590332,289200,0.0,0.0
2024-03-27 00:00:00-04:00,57.570016139496154,58.06330598116235,57.482964556882024,57.6280517578125,310000,0.0,0.0
2024-03-28 00:00:00-04:00,57.647402779583935,58.02462882625921,57.192803275170455,57.337886810302734,252400,0.0,0.0
2024-04-01 00:00:00-04:00,57.2605110558517,57.91823342900538,56.999356258594666,57.802162170410156,379100,0.0,0.0
2024-04-02 00:00:00-04:00,57.647395316417914,57.98593090067508,57.067053871578366,57.08639907836914,446400,0.0,0.0
2024-04-03 00:00:00-04:00,57.289520850525975,57.82150114772123,57.289520850525975,57.60871124267578,611000,0.0,0.0
2024-04-04 00:00:00-04:00,57.78281580382408,57.93757377924921,56.99935147776615,57.163780212402344,248400,0.0,0.0
2024-04-05 00:00:00-04:00,57.46363113876907,57.81183754065606,57.30887314789947,57.61838912963867,297100,0.0,0.0
2024-04-08 00:00:00-04:00,57.67179159076953,58.47778069857353,57.60381705207938,57.84658432006836,362500,0.235,0.0
2024-04-09 00:00:00-04:00,57.78832549992593,58.477787435741114,57.759194609798165,58.16704559326172,411700,0.0,0.0
2024-04-10 00:00:00-04:00,57.57469031643231,57.642664860023416,56.83667569410774,57.2930793762207,295300,0.0,0.0
2024-04-11 00:00:00-04:00,57.44844587504967,57.856296809582076,57.19596954745114,57.54555130004883,218100,0.0,0.0
2024-04-12 00:00:00-04:00,57.24452068313421,57.594106130436984,56.875513410499686,57.2056770324707,491400,0.0,0.0
2024-04-15 00:00:00-04:00,57.293075255592164,57.52613346281024,56.76869706760239,57.17654800415039,222700,0.0,0.0
2024-04-16 00:00:00-04:00,57.040596864005096,57.34162589470487,56.215185959944066,57.14741134643555,267000,0.0,0.0
2024-04-17 00:00:00-04:00,57.31249861897584,57.39989498598523,56.322007694314294,56.60361862182617,203300,0.0,0.0
2024-04-18 00:00:00-04:00,56.778412221998664,57.380474034839665,56.64246313887341,57.1377067565918,219800,0.0,0.0
2024-04-19 00:00:00-04:00,57.12799784578805,57.33192147101287,56.671594176093244,56.95320510864258,181200,0.0,0.0
2024-04-22 00:00:00-04:00,57.137702421911136,57.293073320029364,56.87551333677393,56.96290969848633,172800,0.0,0.0
2024-04-23 00:00:00-04:00,56.87552128774457,57.36105587528163,56.75899402394945,57.32221221923828,211900,0.0,0.0
2024-04-24 00:00:00-04:00,57.409601511630775,57.92427062988281,57.10857247526442,57.92427062988281,335400,0.0,0.0
2024-04-25 00:00:00-04:00,57.7203486572842,58.293279601127146,57.29307956695557,58.2641487121582,255800,0.0,0.0
2024-04-26 00:00:00-04:00,58.16703813301413,58.506910822030726,57.798030853271484,57.798030853271484,205300,0.0,0.0
2024-04-29 00:00:00-04:00,57.91455885875851,58.28356614331544,57.78831884219057,57.84658432006836,151400,0.0,0.0
2024-04-30 00:00:00-04:00,57.76890488569324,57.95340668910698,57.03089026336867,57.2930793762207,195500,0.0,0.0
2024-05-01 00:00:00-04:00,57.28337226752986,57.61353593522846,57.1182885815131,57.32221221923828,143400,0.0,0.0
2024-05-02 00:00:00-04:00,57.467868050930065,57.55526441569541,56.63274805524665,57.419315338134766,164300,0.0,0.0
2024-05-03 00:00:00-04:00,57.68150786171073,57.92427514445474,57.19597329622271,57.73006057739258,136300,0.0,0.0
2024-05-06 00:00:00-04:00,57.99225018403697,58.8759229526213,57.99225018403697,58.817657470703125,147700,0.0,0.0
2024-05-07 00:00:00-04:00,59.021579196162946,59.7013283125989,58.98273924713907,59.03129196166992,147400,0.0,0.0
2024-05-08 00:00:00-04:00,58.96331532423214,59.1963698274287,58.62343892592991,59.18666076660156,101800,0.0,0.0
2024-05-09 00:00:00-04:00,59.264349730796724,59.59451339382351,59.13811340694448,59.52653884887695,104200,0.0,0.0
2024-05-10 00:00:00-04:00,59.67219412028957,60.002357746884485,58.86620502723879,59.021575927734375,248000,0.0,0.0
2024-05-13 00:00:00-04:00,59.36145436991766,59.39058525716238,58.30298891612269,58.62343978881836,202700,0.0,0.0
2024-05-14 00:00:00-04:00,58.80794985884098,59.38088081332077,58.37096799451997,59.09926986694336,187800,0.0,0.0
2024-05-15 00:00:00-04:00,59.380880856525614,59.67220086483995,59.21579717240206,59.342037200927734,130300,0.0,0.0
2024-05-16 00:00:00-04:00,59.06042996813128,59.26435361634078,58.42923349014747,58.613739013671875,142100,0.0,0.0
2024-05-17 00:00:00-04:00,58.526334327150565,58.982737983498915,58.39038524764287,58.807945251464844,239500,0.0,0.0
2024-05-20 00:00:00-04:00,58.6622839514563,59.08955302021064,58.65257489040184,58.79823303222656,148300,0.0,0.0
2024-05-21 00:00:00-04:00,58.720551235993405,58.97302757885208,58.10877664938524,58.526336669921875,193300,0.0,0.0
2024-05-22 00:00:00-04:00,61.410405231908676,65.24612852539897,60.32280528404414,65.17815399169922,596000,0.0,0.0
2024-05-23 00:00:00-04:00,66.04239894346811,66.80954427489236,64.78000639126765,66.00355529785156,436000,0.0,0.0
2024-05-24 00:00:00-04:00,65.98414692800425,66.51823793327216,65.35295789644918,66.21720886230469,366300,0.0,0.0
2024-05-28 00:00:00-04:00,66.36286426274098,66.5570825441118,65.51803881695514,66.32402801513672,336800,0.0,0.0
2024-05-29 00:00:00-04:00,65.67340474552873,65.88704114651226,64.00317201051237,64.27507019042969,440800,0.0,0.0
2024-05-30 00:00:00-04:00,64.64406940206176,65.4500585295442,64.23622215996313,65.44034576416016,546400,0.0,0.0
2024-05-31 00:00:00-04:00,65.58599989108362,66.74157434969332,65.42091994233033,66.29487609863281,397300,0.0,0.0
2024-06-03 00:00:00-04:00,66.32402190174906,66.53765087856095,65.17816007762525,65.8093490600586,182400,0.0,0.0
2024-06-04 00:00:00-04:00,65.81905686133618,66.60562039522208,65.24612969681895,65.40149688720703,170300,0.0,0.0
2024-06-05 00:00:00-04:00,65.3723758506172,65.40150674016185,64.72176128855438,65.24613952636719,244100,0.0,0.0
2024-06-06 00:00:00-04:00,65.29467548836543,65.36265001993951,64.39158104964218,64.72174835205078,154800,0.0,0.0
2024-06-07 00:00:00-04:00,64.10997765406063,64.5858068393748,64.10997765406063,64.47898864746094,129500,0.0,0.0
2024-06-10 00:00:00-04:00,63.90606103643513,63.90606103643513,63.11949736314571,63.818668365478516,225900,0.0,0.0
2024-06-11 00:00:00-04:00,63.7895300115291,64.3915880974625,63.61473728139735,64.11968994140625,155900,0.0,0.0
2024-06-12 00:00:00-04:00,64.79944514821213,65.07134331437233,64.26535417277647,64.692626953125,143700,0.0,0.0
2024-06-13 00:00:00-04:00,64.43042333321613,64.59550327659082,63.255430793076364,63.828365325927734,147700,0.0,0.0
2024-06-14 00:00:00-04:00,63.56618490374414,63.740977644984,62.94470124792896,63.5079231262207,152400,0.0,0.0
2024-06-17 00:00:00-04:00,63.38167095858053,64.10997271534161,63.04179828715907,64.07113647460938,113200,0.0,0.0
2024-06-18 00:00:00-04:00,64.21679441117085,65.03249627586328,64.10997622164363,64.62464904785156,182000,0.0,0.0
2024-06-20 00:00:00-04:00,64.22650627168296,64.7411716819736,63.993451774482644,64.14881896972656,151000,0.0,0.0
2024-06-21 00:00:00-04:00,64.19738287940481,64.47899382536768,63.79924096690463,64.27507019042969,545700,0.0,0.0
2024-06-24 00:00:00-04:00,64.29447944713067,64.99365033259383,64.21679214681949,64.53724670410156,232500,0.0,0.0
2024-06-25 00:00:00-04:00,64.69262490385324,64.71204302567699,63.3816757163417,63.99345397949219,137100,0.0,0.0
2024-06-26 00:00:00-04:00,63.82837038614588,64.55667215618618,63.01266855119301,64.29447937011719,398500,0.0,0.0
2024-06-27 00:00:00-04:00,64.16823270902009,64.34302540197045,63.34282565123637,63.605010986328125,124900,0.0,0.0
2024-06-28 00:00:00-04:00,63.85751269369712,64.45957085640539,63.39139621768325,64.1099853515625,197500,0.0,0.0
2024-07-01 00:00:00-04:00,64.29448615187879,64.54696619988485,63.0321007291875,63.27486801147461,205800,0.0,0.0
2024-07-02 00:00:00-04:00,63.197184712239725,63.36226469658682,62.585406380517,62.9641227722168,442900,0.0,0.0
2024-07-03 00:00:00-04:00,63.06123071842502,63.53705251049511,63.06123071842502,63.41081619262695,45200,0.0,0.0
2024-07-05 00:00:00-04:00,63.2845630126266,63.391381192046744,62.61453046105368,63.25543212890625,165900,0.0,0.0
2024-07-08 00:00:00-04:00,63.52733851289969,64.32361487565723,63.52733851289969,64.10027313232422,196200,0.0,0.0
2024-07-09 00:00:00-04:00,64.23623180718343,64.40131180015811,63.09036980586261,63.21660614013672,162400,0.0,0.0
2024-07-10 00:00:00-04:00,63.84520343577599,63.93291270632605,62.870616329168854,62.89985275268555,123700,0.235,0.0
2024-07-11 00:00:00-04:00,63.15325471106376,63.45537436933047,62.66596110198305,63.260459899902344,188800,0.0,0.0
2024-07-12 00:00:00-04:00,63.776994674617,64.50793514254855,63.660041522964015,63.94267272949219,188400,0.0,0.0
2024-07-15 00:00:00-04:00,64.1278426104789,65.2875963562644,64.1278426104789,65.09268188476562,258900,0.0,0.0
2024-07-16 00:00:00-04:00,65.03420790534622,67.49016440709165,64.94649118983192,67.29524993896484,570200,0.0,0.0
2024-07-17 00:00:00-04:00,67.56813335717592,68.54272057155143,67.54863744900261,68.08466339111328,229400,0.0,0.0
2024-07-18 00:00:00-04:00,68.0846612337445,69.03001199141548,67.45117807737125,67.79228210449219,267000,0.0,0.0
2024-07-19 00:00:00-04:00,67.87025457818305,68.26983891432948,67.09058181451273,67.9969482421875,271200,0.0,0.0
2024-07-22 00:00:00-04:00,68.48423988270517,70.66732058372811,68.48423988270517,69.3126449584961,241600,0.0,0.0
2024-07-23 00:00:00-04:00,69.18595241360738,69.45883567608439,68.7084067042726,69.12747955322266,189700,0.0,0.0
2024-07-24 00:00:00-04:00,69.13722869032061,69.34189114067696,68.39654022557045,69.06900787353516,186700,0.0,0.0
2024-07-25 00:00:00-04:00,69.07873345941303,70.28722686050945,69.07873345941303,69.98509979248047,178200,0.0,0.0
2024-07-26 00:00:00-04:00,70.345697712719,70.59909244259708,69.34187418173335,69.6927261352539,151200,0.0,0.0
2024-07-29 00:00:00-04:00,69.99485022900254,70.23849702142256,69.60501387402851,70.12154388427734,100300,0.0,0.0
2024-07-30 00:00:00-04:00,70.37494197019375,70.5406200123797,69.20544028527941,69.94612121582031,174900,0.0,0.0
2024-07-31 00:00:00-04:00,70.05332692903832,70.62833725720985,68.80585647298471,69.79019165039062,444000,0.0,0.0
2024-08-01 00:00:00-04:00,69.79018668018605,70.11180222547038,68.74737872301463,69.51730346679688,113000,0.0,0.0
2024-08-02 00:00:00-04:00,68.70839425279576,69.11771907233259,67.52914469050542,68.98127746582031,158800,0.0,0.0
2024-08-05 00:00:00-04:00,67.24650962691163,67.82151244453199,66.53505777517667,67.0418472290039,131500,0.0,0.0
2024-08-06 00:00:00-04:00,66.97363320757091,68.09440996854624,66.97363320757091,67.35372161865234,163800,0.0,0.0
2024-08-07 00:00:00-04:00,67.77280362651861,67.99695454789087,66.3888914064016,66.6032943725586,116600,0.0,0.0
2024-08-08 00:00:00-04:00,67.13930701824793,67.33422147070418,66.44735104586557,67.30498504638672,114500,0.0,0.0
2024-08-09 00:00:00-04:00,67.51938416696039,67.74354244193327,66.9346334714122,67.63633728027344,107500,0.0,0.0
2024-08-12 00:00:00-04:00,67.67534111838286,68.09441393391646,66.82744753285844,67.14906311035156,158700,0.0,0.0
2024-08-13 00:00:00-04:00,67.59737468209269,68.7376400210142,66.84693830876044,68.35755157470703,157600,0.0,0.0
2024-08-14 00:00:00-04:00,68.38678935128499,69.33214022604204,67.86051131475494,69.2151870727539,174900,0.0,0.0
2024-08-15 00:00:00-04:00,69.78043023520344,70.54060693299962,68.92279632098628,70.36518096923828,162700,0.0,0.0
2024-08-16 00:00:00-04:00,70.41391847600747,70.70629758229158,70.07281447568235,70.63807678222656,184700,0.0,0.0
2024-08-19 00:00:00-04:00,70.84274571474991,71.14486536639461,69.39060543795065,69.62451171875,260000,0.0,0.0
2024-08-20 00:00:00-04:00,69.53679931689892,69.79019408572405,68.96179640417306,69.39060974121094,180100,0.0,0.0
2024-08-21 00:00:00-04:00,69.88763815811036,70.65756283854319,69.39059666861387,70.62832641601562,274300,0.0,0.0
2024-08-22 00:00:00-04:00,70.7745293683725,71.42750104685413,70.27748778473975,70.46266174316406,208200,0.0,0.0
2024-08-23 00:00:00-04:00,70.85249149185321,71.80759028722949,70.28723652674357,71.34953308105469,167500,0.0,0.0
2024-08-26 00:00:00-04:00,71.76859639106345,71.94402237367481,71.16434968751103,71.31053924560547,161100,0.0,0.0
2024-08-27 00:00:00-04:00,70.96944679326342,71.32029881563308,70.18003346068717,71.23258209228516,101200,0.0,0.0
2024-08-28 00:00:00-04:00,71.12538585527595,72.6165032645663,71.12538585527595,72.09022521972656,216000,0.0,0.0
2024-08-29 00:00:00-04:00,72.35336171766168,72.51904721571293,71.45674315337463,71.4957275390625,115500,0.0,0.0
2024-08-30 00:00:00-04:00,71.7491071967051,72.20715690203644,71.16434897022134,72.15843200683594,218000,0.0,0.0
2024-09-03 00:00:00-04:00,72.05123288610372,72.55801496475802,71.49571847264154,71.83682250976562,245000,0.0,0.0
2024-09-04 00:00:00-04:00,71.66139605898303,72.22665842291833,71.10588164904945,71.33003997802734,222200,0.0,0.0
2024-09-05 00:00:00-04:00,71.17409728698934,71.47621691950857,69.91687899044355,69.98509979248047,385000,0.0,0.0
2024-09-06 00:00:00-04:00,71.51520722191938,74.86778962378936,69.79019112149837,70.35545349121094,1007900,0.0,0.0
2024-09-09 00:00:00-04:00,70.47239783115637,70.82324981689453,68.66941300392483,70.82324981689453,422400,0.0,0.0
2024-09-10 00:00:00-04:00,70.97918799113847,71.62241168057545,70.08256954622134,70.92070770263672,222300,0.0,0.0
2024-09-11 00:00:00-04:00,70.56986484026301,70.70630645751953,69.43934008526834,70.70630645751953,272300,0.0,0.0
2024-09-12 00:00:00-04:00,70.63807841695574,71.6126655464443,70.38468368134598,70.67705535888672,249500,0.0,0.0
2024-09-13 00:00:00-04:00,71.1058858566358,72.82116152243378,70.78427027514041,72.70420837402344,301100,0.0,0.0
2024-09-16 00:00:00-04:00,73.00631773564106,73.40589455010426,72.47029189677819,72.69444274902344,279000,0.0,0.0
2024-09-17 00:00:00-04:00,72.821154833139,73.41565360413759,71.83681970542676,71.85631561279297,262700,0.0,0.0
2024-09-18 00:00:00-04:00,72.08046040638118,72.93809437025226,71.73935641140459,71.76859283447266,230200,0.0,0.0
2024-09-19 00:00:00-04:00,72.46055337119093,72.98683132630993,71.92453489810465,72.73343658447266,245900,0.0,0.0
2024-09-20 00:00:00-04:00,72.42157385989807,73.15251427410136,71.93428025042923,72.87963104248047,862600,0.0,0.0
2024-09-23 00:00:00-04:00,73.09403511889157,73.72751824369058,72.72369468440603,73.48387145996094,189400,0.0,0.0
2024-09-24 00:00:00-04:00,73.70802464862244,74.17582975967821,73.09403741115236,74.0296401977539,150500,0.0,0.0
2024-09-25 00:00:00-04:00,74.45847102877615,75.01398549102527,73.95168147010372,74.03939819335938,272400,0.0,0.0
2024-09-26 00:00:00-04:00,74.30252184807108,74.4389634535215,73.63980229209338,74.11735534667969,143500,0.0,0.0
2024-09-27 00:00:00-04:00,74.32201506154715,74.74108781610404,73.13301759812948,73.31819152832031,232000,0.0,0.0
2024-09-30 00:00:00-04:00,73.20124786100756,74.69236514179897,72.86014381564848,74.6826171875,159800,0.0,0.0
2024-10-01 00:00:00-04:00,74.32202253258106,74.46821210082128,72.9088666202727,73.19149780273438,384300,0.0,0.0
2024-10-02 00:00:00-04:00,73.24998311732948,73.39616526008957,72.08047392667305,72.2656478881836,163200,0.0,0.0
2024-10-03 00:00:00-04:00,72.070712453522,72.16817711109483,71.1253692204467,71.76859283447266,223800,0.0,0.0
2024-10-04 00:00:00-04:00,72.0707206408402,72.85039337693794,71.75885303350314,72.81140899658203,132700,0.0,0.0
2024-10-07 00:00:00-04:00,72.28514377044063,73.13303746290254,72.10971774563856,72.80167388916016,201600,0.0,0.0
2024-10-08 00:00:00-04:00,73.00632881351675,73.34743283750224,72.49953931887254,73.0550537109375,127800,0.0,0.0
2024-10-09 00:00:00-04:00,73.18175683439709,73.55210476735918,72.61650185102675,73.09404754638672,144200,0.0,0.0
2024-10-10 00:00:00-04:00,72.74207181620287,72.74207181620287,72.09677567637124,72.31187438964844,178000,0.24,0.0
2024-10-11 00:00:00-04:00,72.74206441825001,73.4557928476671,72.42919562876986,73.29936218261719,317200,0.0,0.0
2024-10-14 00:00:00-04:00,73.24069420854012,73.78821266991271,73.04514657277878,73.34823608398438,196100,0.0,0.0
2024-10-15 00:00:00-04:00,73.20159045033573,74.13041755041846,73.19181120293207,73.28958129882812,195800,0.0,0.0
2024-10-16 00:00:00-04:00,73.52422948371728,74.28685411827503,73.27980051939724,74.21841430664062,119400,0.0,0.0
2024-10-17 00:00:00-04:00,74.38463072937421,74.54106140136719,73.7980026554844,74.54106140136719,172400,0.0,0.0
2024-10-18 00:00:00-04:00,74.78547966423858,75.13745794998138,73.82732235478953,74.28684997558594,174900,0.0,0.0
2024-10-21 00:00:00-04:00,74.2575231031295,74.78549060901116,72.89849853515625,72.89849853515625,153700,0.0,0.0
2024-10-22 00:00:00-04:00,72.85939435421902,72.92783417708027,71.56880950927734,71.56880950927734,169700,0.0,0.0
2024-10-23 00:00:00-04:00,71.33415252850915,72.0087788993693,71.07994430103743,71.61769104003906,176400,0.0,0.0
2024-10-24 00:00:00-04:00,71.58835727166677,72.02832642988652,70.9821707462399,71.54924774169922,332500,0.0,0.0
2024-10-25 00:00:00-04:00,71.55902773716737,72.30208643617898,70.3662131685169,70.47376251220703,214600,0.0,0.0
2024-10-28 00:00:00-04:00,70.88439870413347,71.8621145483284,70.88439870413347,71.25592803955078,233400,0.0,0.0
2024-10-29 00:00:00-04:00,71.21681066600657,71.61767769847268,70.9039419287024,71.20703887939453,255200,0.0,0.0
2024-10-30 00:00:00-04:00,70.88440399131295,71.63724196536914,70.07289798985074,70.16089630126953,276000,0.0,0.0
2024-10-31 00:00:00-04:00,70.0729063217661,70.36622411553127,69.07563924985094,69.55471801757812,383200,0.0,0.0
2024-11-01 00:00:00-04:00,69.69157819694644,70.3857554915967,69.40803973134913,69.8577880859375,250400,0.0,0.0
2024-11-04 00:00:00-05:00,69.67202158001611,70.3075382651195,69.51558349041214,69.91645050048828,106500,0.0,0.0
2024-11-05 00:00:00-05:00,69.98492066126188,70.77686832015961,69.98492066126188,70.62043762207031,92700,0.0,0.0
2024-11-06 00:00:00-05:00,72.38030573057142,74.37484702992653,72.38030573057142,74.32595825195312,252100,0.0,0.0
2024-11-07 00:00:00-05:00,74.63882227582675,75.04946859022203,73.95442418413418,74.29662322998047,142800,0.0,0.0
2024-11-08 00:00:00-05:00,74.65839597722217,75.2450240980788,74.38463668478117,75.00059509277344,218400,0.0,0.0
2024-11-11 00:00:00-05:00,75.28411891962764,75.94896598248785,75.09835052490234,75.09835052490234,283300,0.0,0.0
2024-11-12 00:00:00-05:00,74.96147451154164,75.53833075794323,74.69749450683594,74.69749450683594,120200,0.0,0.0
2024-11-13 00:00:00-05:00,74.70726823987879,75.47965716156777,74.4237297613058,74.57038116455078,185100,0.0,0.0
2024-11-14 00:00:00-05:00,74.9712534747353,74.9712534747353,72.05765688971873,73.00604248046875,212100,0.0,0.0
2024-11-15 00:00:00-05:00,72.90826796269548,73.17224795038857,72.00877120392977,72.55628967285156,172300,0.0,0.0
2024-11-18 00:00:00-05:00,69.07562538578236,69.64270236157444,64.52924525120767,68.57698822021484,654600,0.0,0.0
2024-11-19 00:00:00-05:00,68.5476624327088,68.90942000154465,67.59927681500484,68.088134765625,422800,0.0,0.0
2024-11-20 00:00:00-05:00,68.09790735517615,69.17339324951172,67.6188286990355,69.17339324951172,535900,0.0,0.0
2024-11-21 00:00:00-05:00,69.15385236359239,70.06312849465195,68.44011643860514,69.56449127197266,320100,0.0,0.0
2024-11-22 00:00:00-05:00,69.818698913133,71.2950446129891,69.818698913133,71.15816497802734,253900,0.0,0.0
2024-11-25 00:00:00-05:00,71.37326090225321,74.3650691777295,71.26571155619801,73.81755065917969,542500,0.0,0.0
2024-11-26 00:00:00-05:00,73.50468326692793,73.66111393546917,72.48785781357807,73.30914306640625,356700,0.0,0.0
2024-11-27 00:00:00-05:00,73.79799191654568,74.25751207698077,72.83982714976405,73.34823608398438,240800,0.0,0.0
2024-11-29 00:00:00-05:00,73.78822266130717,74.29663166436931,73.01582617906652,73.22114562988281,118800,0.0,0.0
2024-12-02 00:00:00-05:00,73.29936654480254,73.81755480890051,72.50741900604002,73.74911499023438,236100,0.0,0.0
2024-12-03 00:00:00-05:00,73.67088478844055,73.67088478844055,72.28253012855166,72.9767074584961,169800,0.0,0.0
2024-12-04 00:00:00-05:00,72.8691731241205,74.38463592529297,72.63452337004993,74.38463592529297,310500,0.0,0.0
2024-12-05 00:00:00-05:00,74.19885251451416,74.54105155747736,73.4851241476737,73.4948959350586,239900,0.0,0.0
2024-12-06 00:00:00-05:00,73.96420833598877,73.96420833598877,72.38030591383115,72.44874572753906,256200,0.0,0.0
2024-12-09 00:00:00-05:00,72.7225065380608,74.07175926485189,72.53674558795421,73.86643981933594,251600,0.0,0.0
2024-12-10 00:00:00-05:00,73.9739947831493,74.89304273390648,73.55357661248834,74.27708435058594,251500,0.0,0.0
2024-12-11 00:00:00-05:00,74.27708174787341,75.05925003048506,73.40691515108179,74.12064361572266,298300,0.0,0.0
2024-12-12 00:00:00-05:00,73.99354677699183,74.84416237775481,73.03538182006179,74.42374420166016,160200,0.0,0.0
2024-12-13 00:00:00-05:00,74.30640920621698,74.30640920621698,73.4264633947936,73.91532135009766,310200,0.0,0.0
2024-12-16 00:00:00-05:00,74.05220629720083,75.28413052163609,73.91532665663924,74.98104095458984,231200,0.0,0.0
2024-12-17 00:00:00-05:00,74.9223588900466,75.07879699817592,74.15974176136503,74.23796081542969,312200,0.0,0.0
2024-12-18 00:00:00-05:00,74.44328800028794,75.0103650123186,72.06743806583704,72.1260986328125,346900,0.0,0.0
2024-12-19 00:00:00-05:00,72.8984971465106,74.7952684323189,72.55629806385977,73.87621307373047,532700,0.0,0.0
2024-12-20 00:00:00-05:00,73.61222708419399,74.33573472302027,71.82300529226934,72.47807312011719,985500,0.0,0.0
2024-12-23 00:00:00-05:00,72.3020809022699,73.27002492139594,72.11631997142501,73.1624755859375,315300,0.0,0.0
2024-12-24 00:00:00-05:00,72.93759957836498,74.01308550173385,72.29231100809558,73.69044494628906,87700,0.0,0.0
2024-12-26 00:00:00-05:00,73.56333418793466,74.14019038477015,72.94737592362716,73.95442199707031,241800,0.0,0.0
2024-12-27 00:00:00-05:00,73.72955739927244,73.88598805972647,72.1163247205383,72.25320434570312,85700,0.0,0.0
2024-12-30 00:00:00-05:00,71.95989138187745,71.95989138187745,70.92351487694748,71.57858276367188,253000,0.0,0.0
2024-12-31 00:00:00-05:00,71.92078428882076,72.45853105549456,71.40259601877919,72.2043228149414,211500,0.0,0.0
2025-01-02 00:00:00-05:00,72.56606449765009,73.01581284962657,71.510129692464,71.87188720703125,303800,0.0,0.0
2025-01-03 00:00:00-05:00,72.02833209092641,72.1749909749863,71.59814214623296,71.95989227294922,264300,0.0,0.0
2025-01-06 00:00:00-05:00,71.74478370781719,72.66383895949029,71.11904618394009,71.14837646484375,177400,0.0,0.0
2025-01-07 00:00:00-05:00,71.18749902695,71.82301591395144,70.65953149587406,71.51014709472656,202600,0.0,0.0
2025-01-08 00:00:00-05:00,71.22660245031294,72.16520882745223,70.16089569043137,71.98921966552734,254100,0.0,0.0
2025-01-10 00:00:00-05:00,71.28296519488819,71.9696089708786,69.43885095024044,69.47808837890625,255400,0.24,0.0
2025-01-13 00:00:00-05:00,69.01705416473337,70.77288971149568,68.74239966289772,70.32167053222656,283900,0.0,0.0
2025-01-14 00:00:00-05:00,70.22357041108015,71.45952310360543,70.18434046990984,71.24372100830078,161100,0.0,0.0
2025-01-15 00:00:00-05:00,72.23445218076365,72.47968049682648,71.12602288631844,71.1652603149414,192600,0.0,0.0
2025-01-16 00:00:00-05:00,71.26334835877354,72.37177762544185,71.20448847542696,72.16578674316406,235100,0.0,0.0
2025-01-17 00:00:00-05:00,72.75433243363729,73.26441150387481,72.0382699670381,72.10693359375,436100,0.0,0.0
2025-01-21 00:00:00-05:00,73.17612377036545,74.16684820522953,72.617003541536,73.6763916015625,169500,0.0,0.0
2025-01-22 00:00:00-05:00,73.51944646303713,73.86277209394973,72.49930324976175,72.8818588256836,246000,0.0,0.0
2025-01-23 00:00:00-05:00,72.71510078908112,74.24533063771135,72.23445536387447,74.23551940917969,151200,0.0,0.0
2025-01-24 00:00:00-05:00,74.23551132336522,74.29436372059565,72.66605169910487,73.07803344726562,219100,0.0,0.0
2025-01-27 00:00:00-05:00,73.08785011294107,74.14723076078299,72.74453196392867,74.04914093017578,168400,0.0,0.0
2025-01-28 00:00:00-05:00,73.88238518282296,74.97119948154099,73.88238518282296,74.4415054321289,137600,0.0,0.0
2025-01-29 00:00:00-05:00,74.5297838910425,74.5297838910425,72.97012810225596,73.88237762451172,214900,0.0,0.0
2025-01-30 00:00:00-05:00,74.20609183895867,74.80444954418732,73.5292592744731,73.56849670410156,176100,0.0,0.0
2025-01-31 00:00:00-05:00,73.56848987248802,74.10799512506244,72.65624029871822,73.06822204589844,403300,0.0,0.0
2025-02-03 00:00:00-05:00,72.23445805126664,73.08785535467972,71.01812760020051,72.73472595214844,183500,0.0,0.0
2025-02-04 00:00:00-05:00,72.361973256789,73.66658978532053,72.361973256789,73.24479675292969,169300,0.0,0.0
2025-02-05 00:00:00-05:00,73.65676058578933,73.77447285114697,73.14668907011888,73.60771942138672,103900,0.0,0.0
2025-02-06 00:00:00-05:00,73.63715472435905,73.86276805658886,72.84261741530091,73.71562957763672,278000,0.0,0.0
2025-02-07 00:00:00-05:00,73.57830003757175,73.79410213548567,71.56742501658147,71.86170196533203,210600,0.0,0.0
2025-02-10 00:00:00-05:00,72.00884607460245,73.56849456721578,71.46934078759983,72.84262084960938,203400,0.0,0.0
2025-02-11 00:00:00-05:00,72.66606594893281,72.94072050156645,72.28351032436807,72.4404525756836,126600,0.0,0.0
2025-02-12 00:00:00-05:00,71.41049234315109,72.3129307970681,71.14564155712183,71.44972229003906,119700,0.0,0.0
2025-02-13 00:00:00-05:00,71.72438006740586,72.33254149731187,71.24372718301495,72.26387786865234,167200,0.0,0.0
2025-02-14 00:00:00-05:00,72.3913991540246,73.50963963422494,71.76361528737787,72.09712219238281,236300,0.0,0.0
2025-02-18 00:00:00-05:00,71.86169788029316,72.9897494746804,71.40066751255266,72.68566131591797,348000,0.0,0.0
2025-02-19 00:00:00-05:00,72.53854044535437,73.33308536103515,72.14618108584912,72.86224365234375,209000,0.0,0.0
2025-02-20 00:00:00-05:00,72.51890674975935,73.37230385230203,71.48894498751035,73.15650177001953,256200,0.0,0.0
2025-02-21 00:00:00-05:00,68.99743362025302,70.47861470619628,67.68301347256265,68.21270751953125,496900,0.0,0.0
2025-02-24 00:00:00-05:00,68.21270939571693,70.3314781580938,68.21270939571693,69.4878921508789,365200,0.0,0.0
2025-02-25 00:00:00-05:00,69.60561346863955,72.81320445463663,69.60561346863955,72.4404525756836,402800,0.0,0.0
2025-02-26 00:00:00-05:00,72.1853957909063,73.3821110424941,71.73417663574219,71.73417663574219,378700,0.0,0.0
2025-02-27 00:00:00-05:00,71.64590924285257,72.15598087249029,70.97888789100344,71.43010711669922,316800,0.0,0.0
2025-02-28 00:00:00-05:00,71.60667487262586,72.21484384652496,69.39961982518192,71.0867919921875,483200,0.0,0.0
2025-03-03 00:00:00-05:00,70.6649874664852,71.21429646088251,69.02686422692625,69.11514282226562,450700,0.0,0.0
2025-03-04 00:00:00-05:00,68.57563877174364,69.53692942385663,67.82033148988178,68.09498596191406,385200,0.0,0.0
2025-03-05 00:00:00-05:00,68.08518185079193,68.98762010652177,67.68300388765422,68.62467956542969,439300,0.0,0.0
2025-03-06 00:00:00-05:00,67.83015450259722,69.19362335694113,66.39802201831422,68.39908599853516,454600,0.0,0.0
2025-03-07 00:00:00-05:00,68.39908046534146,71.06715807269224,68.39908046534146,70.24319458007812,243700,0.0,0.0
2025-03-10 00:00:00-04:00,69.58599185223456,71.09659923131989,69.4388533605739,69.66445922851562,285700,0.0,0.0
2025-03-11 00:00:00-04:00,69.84102858844567,70.09606815878061,68.48737083902184,68.86992645263672,211900,0.0,0.0
2025-03-12 00:00:00-04:00,69.56636770749992,69.97834948713455,68.24213628223185,68.39908599853516,292500,0.0,0.0
2025-03-13 00:00:00-04:00,68.73258096921629,69.41921714921922,67.21216266293013,67.5358657836914,265800,0.0,0.0
2025-03-14 00:00:00-04:00,67.88900495427744,69.46827588128816,67.88900495427744,69.38980102539062,251600,0.0,0.0
2025-03-17 00:00:00-04:00,69.154385041341,71.22411262496819,69.154385041341,70.59632873535156,315200,0.0,0.0
2025-03-18 00:00:00-04:00,70.20395567616158,70.68460103673404,69.60559804036227,70.13529205322266,189200,0.0,0.0
2025-03-19 00:00:00-04:00,70.52766527938051,70.88079465362829,70.0077824461197,70.60614013671875,177500,0.0,0.0
2025-03-20 00:00:00-04:00,69.88025030240658,70.92002332429969,69.78216048473416,69.96853637695312,251600,0.0,0.0
2025-03-21 00:00:00-04:00,69.84101760185361,69.84101760185361,68.55602369076341,69.19361877441406,1072200,0.0,0.0
2025-03-24 00:00:00-04:00,70.08624801431905,71.10639868211501,69.82140473234253,70.4786148071289,264600,0.0,0.0
2025-03-25 00:00:00-04:00,70.3314681385304,70.84154715494775,69.01704814194193,69.31132507324219,609200,0.0,0.0
2025-03-26 00:00:00-04:00,69.76254886377389,70.59632357967624,69.57617296260764,70.22357177734375,249600,0.0,0.0
2025-03-27 00:00:00-04:00,70.28243165779158,70.89059304682038,69.77235260737041,70.22357177734375,194800,0.0,0.0
2025-03-28 00:00:00-04:00,69.98815382262003,69.99796504986634,68.70315995297938,69.02686309814453,131400,0.0,0.0
2025-03-31 00:00:00-04:00,68.31078914948276,69.59578294321815,68.31078914948276,69.29170227050781,205400,0.0,0.0
2025-04-01 00:00:00-04:00,69.28189932583214,70.06663290996889,68.78163896262471,69.8998794555664,182800,0.0,0.0
2025-04-02 00:00:00-04:00,69.33094184615355,71.13581845267062,69.33094184615355,71.12601470947266,233500,0.0,0.0
2025-04-03 00:00:00-04:00,68.75219782600513,69.46826770518722,67.54567886462246,68.23231506347656,208600,0.0,0.0
2025-04-04 00:00:00-04:00,66.44705881126356,67.04541646861766,64.4656174180955,65.2601547241211,265900,0.0,0.0
2025-04-07 00:00:00-04:00,63.36698540599942,65.40728647080046,61.50325274222683,63.09233093261719,323200,0.0,0.0
2025-04-08 00:00:00-04:00,64.84817135011549,65.90755938750884,62.61169048257869,63.17081069946289,251100,0.0,0.0
2025-04-09 00:00:00-04:00,62.49145656498833,67.55221034511445,62.49145656498833,66.95161437988281,282800,0.24,0.0
2025-04-10 00:00:00-04:00,66.30177602372015,66.61684960688224,64.57875680258272,66.03594207763672,305100,0.0,0.0
2025-04-11 00:00:00-04:00,66.04579711992581,67.0599159117312,65.09075087544313,66.69561767578125,162100,0.0,0.0
2025-04-14 00:00:00-04:00,67.58173943697109,68.11341486665354,66.39039556207389,67.28636169433594,243300,0.0,0.0
2025-04-15 00:00:00-04:00,67.10914554683691,67.48328418558233,65.98671460706423,66.3017807006836,179800,0.0,0.0
2025-04-16 00:00:00-04:00,66.2919379080721,66.72514907641492,65.0612098502738,65.90795135498047,177300,0.0,0.0
2025-04-17 00:00:00-04:00,66.01625807232904,66.67592652894251,65.51411890587978,66.48885345458984,173100,0.0,0.0
2025-04-21 00:00:00-04:00,66.41993227901281,66.62669369553555,64.93321065151909,65.63227081298828,145000,0.0,0.0
2025-04-22 00:00:00-04:00,66.1836301969962,67.19774886814176,65.8587162018425,66.88268280029297,174400,0.0,0.0
2025-04-23 00:00:00-04:00,68.17249033543963,68.714013716249,67.00084226605773,67.25682830810547,160600,0.0,0.0
2025-04-24 00:00:00-04:00,67.19775400982624,68.44817044959301,67.089449336488,67.95587921142578,165200,0.0,0.0
2025-04-25 00:00:00-04:00,67.85741772774074,68.0838749866624,67.22728558782954,67.92633819580078,110800,0.0,0.0
2025-04-28 00:00:00-04:00,67.89680845848201,68.58602071716608,67.71958330759392,68.48755645751953,122600,0.0,0.0
2025-04-29 00:00:00-04:00,68.39895159777807,69.45245463577871,68.14295802905986,69.1275405883789,170900,0.0,0.0
2025-04-30 00:00:00-04:00,68.80261643246439,69.33429183779492,67.09929306168605,69.206298828125,231300,0.0,0.0
2025-05-01 00:00:00-04:00,69.23584011174347,69.76751555557027,68.8223172704676,69.52136993408203,122400,0.0,0.0
2025-05-02 00:00:00-04:00,69.91519693314325,70.99823604919327,69.91519693314325,70.75209045410156,84600,0.0,0.0
2025-05-05 00:00:00-04:00,70.3877923295909,71.06715657639315,70.29918352093014,70.51579284667969,89200,0.0,0.0
2025-05-06 00:00:00-04:00,69.77735534901313,70.61424886215367,69.34413670193304,70.41732788085938,104500,0.0,0.0
2025-05-07 00:00:00-04:00,70.8111656614155,71.06715919325192,69.7773586301356,70.20072937011719,156200,0.0,0.0
2025-05-08 00:00:00-04:00,70.9785475723901,72.57357389860505,70.64379313391991,72.1698989868164,152000,0.0,0.0
2025-05-09 00:00:00-04:00,72.48495862190612,72.5144948918724,71.98281949717666,72.36680603027344,160000,0.0,0.0
2025-05-12 00:00:00-04:00,73.65662602321834,74.37537466660972,73.18403055536798,74.00123596191406,166600,0.0,0.0
2025-05-13 00:00:00-04:00,74.03076367105709,74.68058424208078,73.5384724004939,73.8535385131836,167300,0.0,0.0
2025-05-14 00:00:00-04:00,73.47939089343993,73.77476865467023,72.80003406143987,73.1347885131836,208200,0.0,0.0
2025-05-15 00:00:00-04:00,73.34154819392003,75.09410383898357,73.23324351816727,75.06456756591797,224300,0.0,0.0
2025-05-16 00:00:00-04:00,74.1095117727447,75.81284258004544,69.96442089153352,70.41732788085938,361400,0.0,0.0
2025-05-19 00:00:00-04:00,69.90534625974855,70.39763743059186,69.41305508890525,70.30902862548828,183700,0.0,0.0
2025-05-20 00:00:00-04:00,70.04319663731812,70.59456041929064,68.87154108885834,70.36811065673828,315100,0.0,0.0
2025-05-21 00:00:00-04:00,70.32873674698288,70.35827302365777,68.60571716443499,69.05862426757812,208100,0.0,0.0
2025-05-22 00:00:00-04:00,68.99954835261859,69.16692558680127,68.05434998622546,68.75340270996094,218900,0.0,0.0
2025-05-23 00:00:00-04:00,67.69004220910243,68.16264508170383,67.42420825760453,67.69989013671875,166300,0.0,0.0
2025-05-27 00:00:00-04:00,68.30048413826549,70.18103262567372,68.30048413826549,69.81674194335938,279500,0.0,0.0
2025-05-28 00:00:00-04:00,69.79705128569682,69.88566761486322,68.1921845503055,68.95030975341797,262800,0.0,0.0
2025-05-29 00:00:00-04:00,69.29491469091272,69.29491469091272,68.59586200678137,69.10784912109375,225300,0.0,0.0
2025-05-30 00:00:00-04:00,68.94045865758103,69.22598846458015,68.38909489883396,68.6943130493164,244800,0.0,0.0
2025-06-02 00:00:00-04:00,68.4186370145988,68.84200779745109,68.01496208868018,68.3989486694336,185900,0.0,0.0
2025-06-03 00:00:00-04:00,68.09371968079581,69.48197690345009,67.7097256492454,69.32444763183594,301500,0.0,0.0
2025-06-04 00:00:00-04:00,69.4819915077984,69.90536231241477,69.37368682440103,69.4623031616211,167600,0.0,0.0
2025-06-05 00:00:00-04:00,69.56075376500928,69.787203528984,68.33002566411304,68.47771453857422,151700,0.0,0.0
2025-06-06 00:00:00-04:00,68.93061666519331,69.216146465662,68.21186820032142,68.92076873779297,131500,0.0,0.0
2025-06-09 00:00:00-04:00,69.10784655559458,69.48198519311178,68.8223167354756,68.95030975341797,108600,0.0,0.0
2025-06-10 00:00:00-04:00,68.97001266009744,69.48199229597267,68.7534032908456,68.85186004638672,123300,0.0,0.0
2025-06-11 00:00:00-04:00,69.04876535479379,69.04876535479379,67.70973260555232,68.28079223632812,276300,0.0,0.0
2025-06-12 00:00:00-04:00,67.89680948238356,68.42848494306563,67.51282290163013,68.3989486694336,132900,0.0,0.0
2025-06-13 00:00:00-04:00,68.0051109594762,68.38909752215686,66.75469452670524,66.91222381591797,200700,0.0,0.0
2025-06-16 00:00:00-04:00,67.18791243128125,67.38483345221883,66.44947550424531,66.76454162597656,253500,0.0,0.0
2025-06-17 00:00:00-04:00,66.01626634708508,67.66051748656878,65.67165642760519,67.34545135498047,361600,0.0,0.0
2025-06-18 00:00:00-04:00,67.61127341038338,67.71957807821649,65.8882541643791,66.18363189697266,283300,0.0,0.0
2025-06-20 00:00:00-04:00,66.12456519178487,66.46916756904922,64.74614817095902,65.65196228027344,701900,0.0,0.0
2025-06-23 00:00:00-04:00,65.58304171279921,66.0162604217628,65.24827975266324,65.88825988769531,204100,0.0,0.0
2025-06-24 00:00:00-04:00,65.976873392495,67.3454424243246,65.976873392495,67.14852142333984,234100,0.0,0.0
2025-06-25 00:00:00-04:00,67.2174453748466,67.2272933033476,65.80949206994588,65.9867172241211,263000,0.0,0.0
2025-06-26 00:00:00-04:00,66.22302202212373,67.82788881636598,66.04579686906023,67.64081573486328,433300,0.0,0.0
2025-06-27 00:00:00-04:00,67.88696427735931,68.22172625274524,67.21744783835621,67.84758758544922,212700,0.0,0.0
2025-06-30 00:00:00-04:00,67.94604006012153,67.9952646777938,66.61685519467754,66.92207336425781,291600,0.0,0.0
2025-07-01 00:00:00-04:00,66.80391951693883,69.1275347620296,66.76453531647327,67.95587921142578,165900,0.0,0.0
2025-07-02 00:00:00-04:00,67.97557510145764,68.33002539405634,67.56205226401521,68.19218444824219,134100,0.0,0.0
2025-07-03 00:00:00-04:00,68.55647313413469,68.6450894605535,67.93618889627473,68.60570526123047,183800,0.0,0.0
2025-07-07 00:00:00-04:00,68.60571377912325,68.88139569684446,67.3356013623915,67.75897216796875,148500,0.0,0.0
2025-07-08 00:00:00-04:00,67.70973773357471,68.26110906204707,67.58174470805952,67.886962890625,195000,0.0,0.0
2025-07-09 00:00:00-04:00,67.98542520446948,68.33002758002915,67.20760412148144,68.0641860961914,164700,0.0,0.0
2025-07-10 00:00:00-04:00,68.32106724288985,68.9237554829246,68.10370328249209,68.6668701171875,204800,0.24,0.0
2025-07-11 00:00:00-04:00,67.98514746549206,68.47915378635844,67.9061121829865,68.18275451660156,122500,0.0,0.0
2025-07-14 00:00:00-04:00,67.91598436298939,68.5087904184534,67.8073023733949,68.40011596679688,126600,0.0,0.0
2025-07-15 00:00:00-04:00,68.33095099652475,68.61746800020904,67.0465316772461,67.0465316772461,126200,0.0,0.0
2025-07-16 00:00:00-04:00,67.21449264463594,68.3013049432483,66.94773257253395,68.0049057006836,176800,0.0,0.0
2025-07-17 00:00:00-04:00,68.13334936340705,68.88424106514992,68.13334936340705,68.42975616455078,300900,0.0,0.0
2025-07-18 00:00:00-04:00,68.61747267649157,69.18063956207628,67.78754570318273,68.192626953125,119800,0.0,0.0
2025-07-21 00:00:00-04:00,68.62735264095316,68.62735264095316,67.34294081460615,67.61958312988281,95700,0.0,0.0
2025-07-22 00:00:00-04:00,67.65909749282862,68.69650606710125,67.29353016402573,67.92585754394531,178100,0.0,0.0
2025-07-23 00:00:00-04:00,68.47915385242752,69.44740955895264,67.42198062627101,69.41777038574219,152600,0.0,0.0
2025-07-24 00:00:00-04:00,69.41777460295981,69.51657436564297,68.60760448825594,69.46717071533203,134200,0.0,0.0
2025-07-25 00:00:00-04:00,69.66476945328606,69.67464415181719,68.76567438305742,69.23004150390625,94100,0.0,0.0
2025-07-28 00:00:00-04:00,69.03244205738517,70.29709696066064,68.40998930428647,69.88213348388672,204700,0.0,0.0
2025-07-29 00:00:00-04:00,70.20817155353603,70.7416992515232,69.68452609197578,70.08961486816406,152000,0.0,0.0
2025-07-30 00:00:00-04:00,70.19829759363726,70.49469684812351,69.33872392595765,69.60548400878906,145300,0.0,0.0
2025-07-31 00:00:00-04:00,69.30908134119599,69.8722481887185,69.30908134119599,69.72404479980469,207900,0.0,0.0
2025-08-01 00:00:00-04:00,69.68452055399139,69.87224534149513,68.73602945670551,69.4276351928711,122700,0.0,0.0
2025-08-04 00:00:00-04:00,69.48692298956836,70.17852874485159,69.4671585177389,69.625244140625,128200,0.0,0.0
2025-08-05 00:00:00-04:00,69.93153104533489,70.73181884404015,69.73393153931369,70.28721618652344,97000,0.0,0.0
2025-08-06 00:00:00-04:00,70.22793514003072,70.22793514003072,69.63512910683949,69.92164611816406,151300,0.0,0.0
2025-08-07 00:00:00-04:00,70.35637645636129,70.57374043478639,69.63513147842852,69.84261322021484,64300,0.0,0.0
2025-08-08 00:00:00-04:00,70.37614208398348,70.78122333756173,69.63513262061876,69.80309295654297,144900,0.0,0.0
2025-08-11 00:00:00-04:00,69.95129785168099,70.72194650397917,68.67676064290394,68.90399932861328,142200,0.0,0.0
2025-08-12 00:00:00-04:00,69.28931616396628,70.95905975539021,69.16087724844806,70.86026000976562,186000,0.0,0.0
2025-08-13 00:00:00-04:00,70.83062906154916,72.40156555175781,70.83062906154916,72.40156555175781,120900,0.0,0.0
2025-08-14 00:00:00-04:00,71.94707956624805,72.11503990459579,71.4135518403745,71.78900146484375,107900,0.0,0.0
2025-08-15 00:00:00-04:00,71.66055333761311,72.13480270671128,71.14679009753324,71.45307159423828,129600,0.0,0.0
2025-08-18 00:00:00-04:00,71.6407901086336,72.05575355892961,71.29498723338692,71.99647521972656,114600,0.0,0.0
2025-08-19 00:00:00-04:00,71.99647556401155,72.68808131781213,71.97671109222446,72.44107818603516,86900,0.0,0.0
2025-08-20 00:00:00-04:00,72.55965540788402,72.55965540788402,71.8680419921875,71.8680419921875,90300,0.0,0.0
2025-08-21 00:00:00-04:00,72.17432137001369,73.16233394160628,71.7297111900344,73.11293029785156,110900,0.0,0.0
2025-08-22 00:00:00-04:00,73.34018210238963,75.91888817611726,73.09317894064338,75.59284973144531,228500,0.0,0.0
2025-08-25 00:00:00-04:00,75.62248218360591,75.72128193193562,74.95063334185119,75.69164276123047,164800,0.0,0.0
2025-08-26 00:00:00-04:00,75.52368724885055,75.84972568532521,75.13836292924933,75.3952407836914,344600,0.0,0.0
2025-08-27 00:00:00-04:00,75.58296693521743,76.73893991453322,75.16800343565866,76.52157592773438,205300,0.0,0.0
2025-08-28 00:00:00-04:00,76.58086156849612,76.86738613764403,75.63237034197455,76.65989685058594,232400,0.0,0.0
2025-08-29 00:00:00-04:00,76.86737777849078,77.28234123160422,76.59072793847777,77.1440200805664,162000,0.0,0.0
2025-09-02 00:00:00-04:00,76.73894156537035,77.50959023482605,72.45097023514221,76.85750579833984,149900,0.0,0.0
2025-09-03 00:00:00-04:00,76.48206815012615,77.1736740378358,75.20753083882798,76.76858520507812,278400,0.0,0.0
2025-09-04 00:00:00-04:00,82.00505218044869,83.02270403155758,77.42067396279363,81.75804901123047,315300,0.0,0.0
2025-09-05 00:00:00-04:00,81.75803937218161,82.51880572698852,80.62182342014685,80.97750854492188,189400,0.0,0.0
2025-09-08 00:00:00-04:00,80.6119404425769,80.6119404425769,78.49759418582413,79.43621063232422,196900,0.0,0.0
2025-09-09 00:00:00-04:00,79.33741725370669,79.33741725370669,77.54910926649228,77.58863067626953,167000,0.0,0.0
2025-09-10 00:00:00-04:00,77.1539009047846,77.66767168195199,76.79822330097224,77.39102935791016,150400,0.0,0.0
2025-09-11 00:00:00-04:00,77.91467009350738,78.95208628348578,77.90478785741055,78.92243957519531,175400,0.0,0.0
2025-09-12 00:00:00-04:00,78.62604228979826,78.99160211716246,77.91467203187977,78.39879608154297,157500,0.0,0.0
2025-09-15 00:00:00-04:00,78.94220706447193,80.44398287727196,78.64580027373904,79.73261260986328,176000,0.0,0.0
2025-09-16 00:00:00-04:00,79.6239374667192,79.89070510889701,78.6655715085716,79.56465911865234,163300,0.0,0.0
2025-09-17 00:00:00-04:00,79.77213576149917,80.51314521659071,78.82364456353454,79.3472900390625,224100,0.0,0.0
2025-09-18 00:00:00-04:00,79.67334227870883,81.10595765612427,79.04101476363483,80.7601547241211,246200,0.0,0.0
2025-09-19 00:00:00-04:00,80.75027077326706,80.75027077326706,78.21107876641071,79.12004852294922,886200,0.0,0.0
2025-09-22 00:00:00-04:00,78.85328107799619,79.53501216584348,78.05299330561037,78.32963562011719,167300,0.0,0.0
2025-09-23 00:00:00-04:00,78.58652605825235,78.68532581437314,77.440427781024,77.96408081054688,163800,0.0,0.0
2025-09-24 00:00:00-04:00,78.02335469505574,78.54700015669701,76.67965698242188,76.67965698242188,300300,0.0,0.0
2025-09-25 00:00:00-04:00,76.4820565071397,76.67965600556477,75.47427946653394,75.92876434326172,128900,0.0,0.0
2025-09-26 00:00:00-04:00,76.12637801211048,76.93654808693931,75.741053680054,76.55122375488281,118500,0.0,0.0
2025-09-29 00:00:00-04:00,76.83773653427251,78.18143427241507,75.65212443023515,75.78056335449219,161200,0.0,0.0
2025-09-30 00:00:00-04:00,75.78056122172705,77.24282314429469,75.78056122172705,77.09461975097656,172100,0.0,0.0
2025-10-01 00:00:00-04:00,77.02546221792757,77.48982935098027,76.56109508487485,77.2527084350586,235100,0.0,0.0
2025-10-02 00:00:00-04:00,77.12425857166767,77.638029327778,76.81797708802269,77.3021011352539,120800,0.0,0.0
2025-10-03 00:00:00-04:00,77.42066888992254,78.48772432013331,77.18354797363281,77.18354797363281,192200,0.0,0.0
2025-10-06 00:00:00-04:00,77.14402365106471,77.39102679476977,74.86170947743244,74.93087005615234,142700,0.0,0.0
2025-10-07 00:00:00-04:00,74.84194902615847,74.89135266775334,73.13268403533726,73.74525451660156,158100,0.0,0.0
2025-10-08 00:00:00-04:00,74.08118408640121,74.08118408640121,72.81652169444797,72.91532897949219,114500,0.0,0.0
2025-10-09 00:00:00-04:00,72.72759961258171,73.90333688168883,71.12701667347314,71.63090515136719,123100,0.0,0.0
2025-10-10 00:00:00-04:00,71.7350068482202,71.91345243992212,70.46606377989414,71.88371276855469,138300,0.245,0.0
2025-10-13 00:00:00-04:00,72.48843704560274,73.03368194510753,72.08197474345694,72.68670654296875,151500,0.0,0.0
2025-10-14 00:00:00-04:00,72.19102962049895,74.13409955398281,72.19102962049895,73.56902313232422,109500,0.0,0.0
2025-10-15 00:00:00-04:00,73.85652201334635,74.57030437584966,72.81558814077948,74.35220336914062,210700,0.0,0.0
2025-10-16 00:00:00-04:00,74.69917880549716,75.03624606045584,73.82678234215825,74.35220336914062,190000,0.0,0.0
2025-10-17 00:00:00-04:00,74.45133665558441,75.19485867457526,73.86643629779022,74.77848815917969,141400,0.0,0.0
2025-10-20 00:00:00-04:00,75.4129613992224,75.68062600423319,74.5901285308417,75.40304565429688,97600,0.0,0.0
2025-10-21 00:00:00-04:00,75.34356453642985,77.0685335014584,75.34356453642985,76.13665771484375,145100,0.0,0.0
2025-10-22 00:00:00-04:00,76.35475347161463,76.95948533672724,75.8987275274063,76.42414855957031,149700,0.0,0.0
2025-10-23 00:00:00-04:00,76.43406421075258,78.02024305029077,76.34484519641792,77.78231811523438,121800,0.0,0.0
2025-10-24 00:00:00-04:00,78.26808185458745,79.31893145593885,77.78231625113558,78.79351043701172,210300,0.0,0.0
2025-10-27 00:00:00-04:00,78.86290554099914,80.0822774222753,78.4167877894248,78.51592254638672,153800,0.0,0.0
2025-10-28 00:00:00-04:00,78.31765952554002,78.85299633371407,76.78104419299424,77.02888488769531,133000,0.0,0.0
2025-10-29 00:00:00-04:00,76.99914314455256,77.30647074089862,75.17503931106826,75.90864562988281,143800,0.0,0.0
2025-10-30 00:00:00-04:00,75.74010692175547,76.89999939092198,75.18493870228099,75.50218200683594,186300,0.0,0.0
2025-10-31 00:00:00-04:00,75.4526106267528,75.86898111750628,74.87761848419038,75.25434112548828,198000,0.0,0.0
2025-11-03 00:00:00-05:00,75.33364876370258,75.63106059637138,74.3522018174909,75.05606842041016,293300,0.0,0.0
2025-11-04 00:00:00-05:00,74.84788113909266,75.86898347294992,74.22332538357236,74.46125030517578,149900,0.0,0.0
2025-11-05 00:00:00-05:00,74.38194112016598,75.58148906260222,74.36211719438475,75.36338806152344,159700,0.0,0.0
2025-11-06 00:00:00-05:00,75.13537810993876,76.95948180301565,74.01514100909242,74.09444427490234,113200,0.0,0.0
2025-11-07 00:00:00-05:00,74.08454054769025,75.19486197074949,73.68799394081304,74.69918060302734,211400,0.0,0.0
2025-11-10 00:00:00-05:00,75.34355903852104,76.37457706982565,74.80822231668039,75.09571838378906,202700,0.0,0.0
2025-11-11 00:00:00-05:00,75.09572610362875,75.92846715865562,74.55047358176783,74.81814575195312,199500,0.0,0.0
2025-11-12 00:00:00-05:00,74.8379697883808,75.91855908870257,74.8379697883808,75.34356689453125,355000,0.0,0.0
2025-11-13 00:00:00-05:00,74.9370962790031,76.06725661613146,74.57029695286604,74.60003662109375,187900,0.0,0.0
2025-11-14 00:00:00-05:00,74.35220447022625,75.22460094648453,73.76730409220588,74.23323822021484,237600,0.0,0.0
2025-11-17 00:00:00-05:00,76.33492332098535,77.21723546597934,71.8837071827745,72.47852325439453,258400,0.0,0.0
2025-11-18 00:00:00-05:00,72.74618609339436,74.94701231271272,72.2108493727361,74.57029724121094,249000,0.0,0.0
2025-11-19 00:00:00-05:00,74.57029672203507,76.36466062551963,73.44014395190156,75.98794555664062,252500,0.0,0.0
2025-11-20 00:00:00-05:00,76.59268597046038,77.47499818739568,75.35348256875378,76.42414855957031,217000,0.0,0.0
2025-11-21 00:00:00-05:00,76.64224373936274,78.29782510638456,76.64224373936274,77.0487060546875,231200,0.0,0.0
2025-11-24 00:00:00-05:00,76.90000929438908,78.39696918568089,76.33493282149712,78.22843933105469,291000,0.0,0.0
2025-11-25 00:00:00-05:00,78.95212011637368,81.0736355628247,78.08963189592993,80.07235717773438,297500,0.0,0.0
2025-11-26 00:00:00-05:00,79.86417155391662,81.29173617039865,79.28918697316395,79.2990951538086,368600,0.0,0.0
2025-11-28 00:00:00-05:00,79.25943815069053,79.37840438750965,77.3857634108946,77.564208984375,125600,0.0,0.0
2025-12-01 00:00:00-05:00,77.70299959803141,78.72410945214062,77.0982677934653,78.05989074707031,243100,0.0,0.0
2025-12-02 00:00:00-05:00,78.02023707246964,78.19868265096397,76.81078099989331,77.60386657714844,166400,0.0,0.0
2025-12-03 00:00:00-05:00,77.84178902316403,78.61505821442594,76.66207265719987,77.87153625488281,164900,0.0,0.0
2025-12-04 00:00:00-05:00,78.03015589675329,78.6745431536128,77.26680995853307,77.27671813964844,138200,0.0,0.0
2025-12-05 00:00:00-05:00,77.07845218847193,77.91119325044741,76.95948593811941,77.16767120361328,128500,0.0,0.0
2025-12-08 00:00:00-05:00,77.29655682775366,77.35603617397351,75.42288178685101,75.45262145996094,171900,0.0,0.0
2025-12-09 00:00:00-05:00,75.30390838950044,76.91982683770925,75.30390838950044,76.75129699707031,211700,0.0,0.0
2025-12-10 00:00:00-05:00,77.03879794156676,79.46764120287342,77.03879794156676,78.65471649169922,485700,0.0,0.0
2025-12-11 00:00:00-05:00,79.13056604868176,80.08227328059075,79.13056604868176,79.7650375366211,231300,0.0,0.0
2025-12-12 00:00:00-05:00,80.23098438161931,80.34995062961718,79.10083149787972,79.755126953125,246000,0.0,0.0
2025-12-15 00:00:00-05:00,80.44908390535234,81.26200100961437,79.37841038359343,80.18141174316406,205600,0.0,0.0
2025-12-16 00:00:00-05:00,80.27064038447709,81.0934732546094,79.54694227331916,80.77623748779297,279800,0.0,0.0
2025-12-17 00:00:00-05:00,80.53830281891858,81.78742192611479,80.4193441367551,80.73657989501953,228500,0.0,0.0
2025-12-18 00:00:00-05:00,80.91502445208928,81.78742088534067,80.29046112469042,81.3809585571289,283700,0.0,0.0
2025-12-19 00:00:00-05:00,81.09347035289647,81.7576815341049,80.22106635274496,80.27063751220703,917800,0.0,0.0
2025-12-22 00:00:00-05:00,80.37968764337589,81.64863065941292,79.4577200514901,80.57795715332031,131300,0.0,0.0
2025-12-23 00:00:00-05:00,80.44908216352809,80.84562874413052,78.91246700000505,79.55685424804688,118300,0.0,0.0
2025-12-24 00:00:00-05:00,79.83443568518618,79.83443568518618,79.3189304177495,79.4378890991211,59400,0.0,0.0
2025-12-26 00:00:00-05:00,79.60642985364674,79.79478362824398,78.82325239317132,79.35858917236328,99500,0.0,0.0
2025-12-29 00:00:00-05:00,79.6956468891452,80.18141249461726,78.72411567820104,79.5667724609375,124700,0.0,0.0
2025-12-30 00:00:00-05:00,79.47754777510431,79.47754777510431,78.27799978657437,78.55558013916016,108500,0.0,0.0
2025-12-31 00:00:00-05:00,78.65470774779402,78.65470774779402,77.17757954097483,77.6930923461914,148500,0.0,0.0
2026-01-02 00:00:00-05:00,77.82197431459858,78.1689497574419,77.06853652192639,77.9706802368164,120000,0.0,0.0
2026-01-05 00:00:00-05:00,77.76248775592447,81.40078682265457,77.76248775592447,80.10210418701172,237600,0.0,0.0
2026-01-06 00:00:00-05:00,79.70556333446609,81.74776809515245,79.10083147675849,80.03271484375,135800,0.0,0.0
2026-01-07 00:00:00-05:00,80.46890879329561,80.9249347290901,79.63616775319191,79.81461334228516,153100,0.0,0.0
2026-01-08 00:00:00-05:00,79.75511981832659,81.78741621637452,79.20987491498202,81.60897064208984,142200,0.0,0.0
2026-01-09 00:00:00-05:00,81.61395071123111,82.52872512082813,80.90798300908071,81.74320983886719,101100,0.245,0.0
2026-01-12 00:00:00-05:00,81.47474217196232,82.44917342473126,80.30144197959557,82.18070983886719,94800,0.0,0.0
2026-01-13 00:00:00-05:00,82.220485521736,82.43923756729801,80.9179185920916,81.5344009399414,174600,0.0,0.0
2026-01-14 00:00:00-05:00,81.39519662253349,82.17076654108754,81.01735700700254,81.96195983886719,102800,0.0,0.0
2026-01-15 00:00:00-05:00,82.07133918424023,83.77162890207201,82.07133918424023,83.5230484008789,148200,0.0,0.0
2026-01-16 00:00:00-05:00,83.27445973378153,84.01025582105986,83.20485750371566,83.88099670410156,140200,0.0,0.0
2026-01-20 00:00:00-05:00,83.6025931999953,83.92077592749175,83.04576773732055,83.67219543457031,224800,0.0,0.0
2026-01-21 00:00:00-05:00,84.02020353319844,85.52163177960847,83.92077285688289,85.03440856933594,287000,0.0,0.0
2026-01-22 00:00:00-05:00,85.47192091794034,85.8795965921739,84.42788733650391,85.19351196289062,138200,0.0,0.0
2026-01-23 00:00:00-05:00,85.04435420468182,85.04435420468182,83.06565567073608,83.82134246826172,193900,0.0,0.0
2026-01-26 00:00:00-05:00,84.02020410433306,84.7361171163904,83.6025907093244,84.15940856933594,163900,0.0,0.0
2026-01-27 00:00:00-05:00,84.44776550698221,84.7858313366331,83.39378664268867,84.0997543334961,136100,0.0,0.0
2026-01-28 00:00:00-05:00,84.34833220442462,85.12390210581644,83.045765301196,84.67646026611328,151800,0.0,0.0
2026-01-29 00:00:00-05:00,84.70629394603962,85.18356425974494,84.2886729389539,85.07418823242188,217200,0.0,0.0
2026-01-30 00:00:00-05:00,84.7758905307741,86.56566546695511,84.54719314723478,85.97901916503906,288800,0.0,0.0
2026-02-02 00:00:00-05:00,86.03867782727767,87.22192338505205,85.9491924923575,86.97334289550781,333900,0.0,0.0
2026-02-03 00:00:00-05:00,86.82419581732566,88.42505482726291,86.50601308413734,88.37533569335938,224200,0.0,0.0
2026-02-04 00:00:00-05:00,88.50460367397795,90.38387165409642,88.10687335528056,90.1551742553711,190200,0.0,0.0
2026-02-05 00:00:00-05:00,90.18500066967816,91.40802004455271,89.44920452761546,90.89097595214844,186500,0.0,0.0
2026-02-06 00:00:00-05:00,91.12961470905674,94.4506466166851,90.41370164042247,91.75603485107422,261000,0.0,0.0
2026-02-09 00:00:00-05:00,91.95490201089731,93.34694674374846,91.82563529565054,92.31285095214844,241900,0.0,0.0
2026-02-10 00:00:00-05:00,92.3128483198437,93.16796582339701,91.88529715414165,92.88955688476562,156100,0.0,0.0
2026-02-11 00:00:00-05:00,93.11825152717398,94.20205880428705,92.48188609021184,94.07279968261719,182200,0.0,0.0
2026-02-12 00:00:00-05:00,94.46058292825221,96.43928143601691,93.39665877134539,95.66371154785156,193300,0.0,0.0
2026-02-13 00:00:00-05:00,95.37535963744429,97.02593771600408,94.41086613202978,95.78303527832031,276100,0.0,0.0
2026-02-17 00:00:00-05:00,95.88246386771293,96.83701200873422,94.81853970767183,94.96768951416016,275600,0.0,0.0
2026-02-18 00:00:00-05:00,94.98757216308569,95.66371137468592,94.66938945092524,94.71910858154297,377400,0.0,0.0
2026-02-19 00:00:00-05:00,93.87394408602334,98.72623273698927,87.97761429590399,92.65092468261719,353700,0.0,0.0
2026-02-20 00:00:00-05:00,92.36256914086817,93.22763200406034,85.93924998907536,88.80289459228516,522500,0.0,0.0
2026-02-23 00:00:00-05:00,90.23472125251736,91.56710908754717,89.02164720207243,91.03018188476562,399500,0.0,0.0
2026-02-24 00:00:00-05:00,91.51739514754742,92.81995450238898,90.75176298145496,92.46199798583984,349000,0.0,0.0
2026-02-25 00:00:00-05:00,92.73046945924233,93.45632025237286,89.41937546373967,91.2489242553711,225600,0.0,0.0
2026-02-26 00:00:00-05:00,91.38813674946513,94.93786591176138,90.57278544389054,91.49750518798828,154200,0.0,0.0
2026-02-27 00:00:00-05:00,91.0600098350753,92.79012797680846,89.86681889320003,91.81568908691406,245700,0.0,0.0
2026-03-02 00:00:00-05:00,90.83131086841959,92.34268451811197,90.00602180878985,91.76597595214844,262300,0.0,0.0
2026-03-03 00:00:00-05:00,90.23472037379568,92.1438167693106,88.66368981274549,90.0159683227539,219100,0.0,0.0
2026-03-04 00:00:00-05:00,90.3341484089266,91.63671533304058,88.69351566025178,91.1097183227539,311600,0.0,0.0
2026-03-05 00:00:00-05:00,90.27449049313398,90.49324253528145,88.62391241952994,89.15090942382812,229400,0.0,0.0
2026-03-06 00:00:00-05:00,88.10686685000984,89.53869285717327,86.41652260294411,89.0116958618164,263100,0.0,0.0
2026-03-09 00:00:00-04:00,88.05715539621491,88.05715539621491,82.0315664008594,86.94351959228516,227200,0.0,0.0
2026-03-10 00:00:00-04:00,86.87391321492102,87.51027866857892,86.05856950329218,86.34691619873047,182900,0.0,0.0
2026-03-11 00:00:00-04:00,85.90941794491413,87.01311591562816,85.90941794491413,86.38668823242188,135200,0.0,0.0
2026-03-12 00:00:00-04:00,85.70061287560478,86.58555882050874,84.15941079030483,84.88526916503906,240100,0.0,0.0
2026-03-13 00:00:00-04:00,85.26311602406737,85.5415249850678,83.99038501030815,84.6366958618164,115500,0.0,0.0
2026-03-16 00:00:00-04:00,85.54151328895422,86.41652143083002,84.63668428942034,85.50173950195312,176900,0.0,0.0
2026-03-17 00:00:00-04:00,85.98896270316095,86.42645918802465,84.88526476862157,85.50173950195312,121900,0.0,0.0
2026-03-18 00:00:00-04:00,85.15373815915223,85.15373815915223,83.21481323242188,83.21481323242188,195000,0.0,0.0
2026-03-19 00:00:00-04:00,82.50884054508299,84.12958262787961,81.78298216790837,82.63809967041016,178300,0.0,0.0
2026-03-20 00:00:00-04:00,82.51877331936016,82.95627738800671,80.4207534790039,80.4207534790039,534100,0.0,0.0
2026-03-23 00:00:00-04:00,81.99178668806748,83.57276252564027,80.9775816418708,82.42929077148438,217800,0.0,0.0
2026-03-24 00:00:00-04:00,81.9122404304445,83.8213443613133,80.51025040994934,83.17503356933594,180500,0.0,0.0
2026-03-25 00:00:00-04:00,83.81139827890901,84.15940944503737,82.08128020581768,83.10543060302734,199100,0.0,0.0
2026-03-26 00:00:00-04:00,82.5883744671349,83.32417813404516,80.9378040602781,81.65371704101562,177800,0.0,0.0
2026-03-27 00:00:00-04:00,80.8781434828525,81.21621688940388,80.06279979020724,80.27161407470703,206600,0.0,0.0
2026-03-30 00:00:00-04:00,80.95768924219813,81.33553642845594,79.18779743101442,79.7943344116211,173800,0.0,0.0
2026-03-31 00:00:00-04:00,80.679286358372,80.96764064829088,78.76024459765827,80.77871704101562,227200,0.0,0.0
2026-04-01 00:00:00-04:00,81.29576565553987,83.12531442246588,80.99746603280977,82.14093780517578,147600,0.0,0.0
2026-04-02 00:00:00-04:00,81.6139471851984,81.84263698468001,79.90371222353407,80.27161407470703,230000,0.0,0.0
2026-04-06 00:00:00-04:00,79.72473731854086,80.88809222409475,79.15797408870117,79.76451110839844,258300,0.0,0.0
2026-04-07 00:00:00-04:00,79.6849692178373,80.2318493848304,79.15797974023047,79.8937759399414,262500,0.0,0.0
2026-04-08 00:00:00-04:00,81.99178260490518,83.6522983499816,81.6735999017404,82.86678314208984,291800,0.0,0.0
2026-04-09 00:00:00-04:00,82.3831265277451,84.58705623186252,80.05952364383951,83.54991149902344,213400,0.245,0.0
2026-04-10 00:00:00-04:00,83.70947114849017,84.1682068998606,82.63243541478147,83.53993225097656,158200,0.0,0.0
2026-04-13 00:00:00-04:00,83.23078880737768,84.86628418649819,82.60252174622677,84.8263931274414,215500,0.0,0.0
2026-04-14 00:00:00-04:00,84.82639027919522,84.98595451006463,83.7593292126903,83.839111328125,186500,0.0,0.0
2026-04-15 00:00:00-04:00,83.51002224684089,83.51002224684089,82.14378955478239,82.5726089477539,124900,0.0,0.0
2026-04-16 00:00:00-04:00,82.4230194786347,82.98147911357503,81.56538069158097,82.1737060546875,193000,0.0,0.0
2026-04-17 00:00:00-04:00,82.72219051726907,84.59703232330855,82.00417425177595,83.96875762939453,237100,0.0,0.0
2026-04-20 00:00:00-04:00,83.99867890932558,85.70398175044241,82.63243865966797,82.63243865966797,485900,0.0,0.0
2026-04-21 00:00:00-04:00,82.93161444326581,84.19812318916446,82.31331446167582,84.08842468261719,301200,0.0,0.0
2026-04-22 00:00:00-04:00,84.47735575266805,87.37936752533304,83.76930657439743,85.37488555908203,346300,0.0,0.0
2026-04-23 00:00:00-04:00,85.5444160991173,86.0131265276913,80.82741063838388,81.86454772949219,328800,0.0,0.0
2026-04-24 00:00:00-04:00,81.66510500597309,85.34497359915603,80.45842894018865,80.4783706665039,395400,0.0,0.0
2026-04-27 00:00:00-04:00,80.58806272321762,82.44295506798659,79.28166291368083,82.19364166259766,310700,0.0,0.0
2026-04-28 00:00:00-04:00,82.75211357238554,82.91167020452254,80.83738072764913,81.85458374023438,292400,0.0,0.0
2026-04-29 00:00:00-04:00,81.62520750249757,82.52273728468391,80.96702406785515,81.74488067626953,232900,0.0,0.0
2026-04-30 00:00:00-04:00,82.01413583337136,82.5127626449213,81.39584345645187,81.59529113769531,244300,0.0,0.0
2026-05-01 00:00:00-04:00,82.1138626734587,82.54268205139327,81.30608964394257,81.93436431884766,193000,0.0,0.0
2026-05-04 00:00:00-04:00,81.30608703737211,82.64241085468801,79.83015592931491,79.89996337890625,279400,0.0,0.0
2026-05-05 00:00:00-04:00,80.2789212957569,81.67507797041495,79.6207302144477,81.10664367675781,240300,0.0,0.0
2026-05-06 00:00:00-04:00,81.9941958829542,82.32329141172461,80.298860121933,80.51825714111328,174600,0.0,0.0
2026-05-07 00:00:00-04:00,80.53820985480682,80.71771582272052,79.23180235170753,79.31158447265625,275800,0.0,0.0
2026-05-08 00:00:00-04:00,79.7104878063709,81.20636834250315,77.77581321160515,78.11488342285156,150400,0.0,0.0
2026-05-11 00:00:00-04:00,78.1846867048287,78.79301203240345,76.00069880391472,76.21012115478516,243400,0.0,0.0
2026-05-12 00:00:00-04:00,76.64892022715472,76.65889489454923,74.35523366670141,74.7242202758789,288600,0.0,0.0
2026-05-13 00:00:00-04:00,74.3951221033617,75.29265192615654,72.59009539917108,73.03885650634766,392500,0.0,0.0
2026-05-14 00:00:00-04:00,73.03885705100248,74.55468689823554,70.71526176989303,70.94462585449219,874200,0.0,0.0
2026-05-15 00:00:00-04:00,71.23383191512588,73.058808007535,70.37619312662024,70.76512145996094,446700,0.0,0.0
2026-05-18 00:00:00-04:00,76.7885326667395,84.19812774658203,76.7885326667395,84.19812774658203,1026100,0.0,0.0
2026-05-19 00:00:00-04:00,85.35493471565907,89.66307771024665,84.63691849166922,85.3050765991211,494100,0.0,0.0
2026-05-20 00:00:00-04:00,85.73389750915807,86.67131837487366,84.25795875942129,85.27516174316406,339600,0.0,0.0
2026-05-21 00:00:00-04:00,84.78650218558185,86.33224839029238,84.13829339822733,84.32776641845703,261900,0.0,0.0
2026-05-22 00:00:00-04:00,84.75658956215632,87.32950592597155,83.29062541048387,87.2796401977539,535800,0.0,0.0
2026-05-26 00:00:00-04:00,87.45914305196905,88.80544158146712,86.01312828647168,87.53892517089844,296500,0.0,0.0
2026-05-27 00:00:00-04:00,87.75832085236551,88.80544022409421,86.43197167709357,86.72117614746094,199900,0.0,0.0
2026-05-28 00:00:00-04:00,86.4519212101352,87.31952701479683,85.78375548332534,85.8735122680664,313400,0.0,0.0
2026-05-29 00:00:00-04:00,86.12282722129336,87.64862411322136,85.39482869725653,85.84359741210938,454900,0.0,0.0
2026-06-01 00:00:00-04:00,85.16546587878852,86.86079409310585,84.4075509508675,86.8109359741211,282600,0.0,0.0
2026-06-02 00:00:00-04:00,86.61147902191716,88.25694908588468,86.35219093943678,87.28961181640625,272300,0.0,0.0
2026-06-03 00:00:00-04:00,86.87076847022144,88.31678325946145,86.71120422974272,87.90791320800781,313000,0.0,0.0
2026-06-04 00:00:00-04:00,89.2242875020367,89.43370986073246,87.85804722851663,88.85530090332031,217000,0.0,0.0
2026-06-05 00:00:00-04:00,89.08467117659603,90.75008296095235,87.92785328020665,88.38658905029297,225500,0.0,0.0
2026-06-08 00:00:00-04:00,86.3123109251252,87.75832574920696,73.00894258811698,75.07325744628906,1296200,0.0,0.0
2026-06-09 00:00:00-04:00,77.48660615197977,82.17370290775484,75.80125264437962,76.23007202148438,1178100,0.0,0.0
2026-06-10 00:00:00-04:00,76.28990297138796,78.86281917213522,74.96355381265684,77.65614318847656,1030900,0.0,0.0
2026-06-11 00:00:00-04:00,78.24451848023728,81.0069152813583,77.39685442093825,80.94707489013672,544700,0.0,0.0
2026-06-12 00:00:00-04:00,81.11661038690228,82.92164471493955,80.16922243769223,82.40306854248047,345000,0.0,0.0
2026-06-15 00:00:00-04:00,82.54267848415967,84.91614696066442,82.54267848415967,84.33773803710938,498400,0.0,0.0
2026-06-16 00:00:00-04:00,85.09565438506814,85.70397971026772,84.2779067098158,84.6568603515625,345500,0.0,0.0
2026-06-17 00:00:00-04:00,84.19812953193207,85.02585192243643,82.58257581162209,83.22081756591797,318100,0.0,0.0
2026-06-18 00:00:00-04:00,83.44021110393348,85.175437933728,82.77205298418352,85.0757064819336,957000,0.0,0.0
2026-06-22 00:00:00-04:00,84.73664394762507,86.16271697297358,84.54716331922303,84.87625885009766,252900,0.0,0.0
2026-06-23 00:00:00-04:00,84.87626298168382,86.61148228862515,84.87626298168382,86.43197631835938,336500,0.0,0.0
2026-06-24 00:00:00-04:00,86.47186107364169,88.28686237022333,85.31505082285187,87.39930725097656,219700,0.0,0.0
2026-06-25 00:00:00-04:00,88.26692023284701,90.1417543035773,88.18713811704367,89.39381408691406,207900,0.0,0.0
2026-06-26 00:00:00-04:00,89.40379015078013,90.21156316269976,88.20708122035094,90.01211547851562,310800,0.0,0.0
2026-06-29 00:00:00-04:00,89.49354242021413,89.95227819645079,88.18714254422618,89.7528305053711,259700,0.0,0.0
2026-06-30 00:00:00-04:00,89.46362713029849,91.7473389809905,88.85530177403179,91.31851959228516,230500,0.0,0.0
2026-07-01 00:00:00-04:00,91.74733293308087,92.58502232085281,90.78997037200949,90.93955993652344,216400,0.0,0.0
2026-07-02 00:00:00-04:00,91.25868064026668,91.8271148977326,89.93233150336576,91.6875,178400,0.0,0.0
2026-07-06 00:00:00-04:00,91.33845962413655,92.22602238671331,90.67030149388953,91.99665069580078,189600,0.0,0.0
2026-07-07 00:00:00-04:00,92.23598810504588,95.6067103168172,89.96225099677501,91.22876739501953,144100,0.0,0.0
2026-07-08 00:00:00-04:00,90.92958563212494,91.21879009575271,89.0048858357646,89.09463500976562,209300,0.0,0.0
2026-07-09 00:00:00-04:00,88.93507994603235,90.57057530744426,88.5461516349918,88.96499633789062,263500,0.0,0.0
2026-07-10 00:00:00-04:00,88.81999969482422,90.9000015258789,88.81999969482422,90.16000366210938,112600,0.245,0.0
2026-07-13 00:00:00-04:00,90.30000305175781,91.44000244140625,89.87999725341797,90.4000015258789,135300,0.0,0.0
2026-07-14 00:00:00-04:00,89.88999938964844,90.68000030517578,89.8499984741211,90.33000183105469,152900,0.0,0.0
2026-07-15 00:00:00-04:00,90.97000122070312,92.0,90.22000122070312,91.83000183105469,177600,0.0,0.0
2026-07-16 00:00:00-04:00,91.37999725341797,94.66000366210938,91.11000061035156,93.55000305175781,232600,0.0,0.0
2026-07-17 00:00:00-04:00,93.9800033569336,95.0,92.48999786376953,93.69000244140625,150500,0.0,0.0
2026-07-20 00:00:00-04:00,93.80000305175781,95.0,92.44000244140625,93.4800033569336,142500,0.0,0.0
2026-07-21 00:00:00-04:00,93.31999969482422,94.12000274658203,92.52999877929688,93.81999969482422,145900,0.0,0.0
2026-07-22 00:00:00-04:00,94.04000091552734,94.87000274658203,92.94000244140625,93.38999938964844,135300,0.0,0.0
2026-07-23 00:00:00-04:00,92.45999908447266,94.0199966430664,92.45999908447266,93.68000030517578,253400,0.0,0.0
2026-07-24 00:00:00-04:00,93.5999984741211,95.33999633789062,93.30999755859375,94.5,186600,0.0,0.0
2026-07-27 00:00:00-04:00,94.7300033569336,96.94000244140625,94.56999969482422,96.41999816894531,163900,0.0,0.0
2026-07-28 00:00:00-04:00,97.41000366210938,99.25,97.41000366210938,97.72000122070312,174800,0.0,0.0
2026-07-29 00:00:00-04:00,97.26000213623047,97.88999938964844,94.12000274658203,94.70999908447266,192100,0.0,0.0
2026-07-30 00:00:00-04:00,94.9000015258789,94.9000015258789,92.81999969482422,93.13999938964844,105100,0.0,0.0
2026-07-31 00:00:00-04:00,93.31999969482422,94.83000183105469,92.44999694824219,94.2699966430664,180000,0.0,0.0
2026-08-03 00:00:00-04:00,95.36000061035156,96.97000122070312,93.0999984741211,96.02999877929688,176400,0.0,0.0
2026-08-04 00:00:00-04:00,96.02999877929688,98.66000366210938,94.33999633789062,97.70999908447266,139600,0.0,0.0
2026-08-05 00:00:00-04:00,97.37999725341797,98.37999725341797,96.80999755859375,98.11000061035156,93600,0.0,0.0
2026-08-06 00:00:00-04:00,98.9000015258789,99.23999786376953,97.83000183105469,98.23999786376953,229900,0.0,0.0
2026-08-07 00:00:00-04:00,98.29000091552734,98.63999938964844,96.98999786376953,97.0199966430664,114400,0.0,0.0
2026-08-10 00:00:00-04:00,96.27999877929688,97.6500015258789,95.83999633789062,96.33999633789062,107500,0.0,0.0
2026-08-11 00:00:00-04:00,96.02999877929688,96.87000274658203,94.58999633789062,95.05999755859375,135100,0.0,0.0
2026-08-12 00:00:00-04:00,94.70999908447266,95.91999816894531,93.77999877929688,95.12000274658203,180300,0.0,0.0
2026-08-13 00:00:00-04:00,95.87999725341797,96.06999969482422,93.62000274658203,93.94999694824219,339200,0.0,0.0
2026-08-14 00:00:00-04:00,93.72000122070312,94.51000213623047,92.63999938964844,94.13999938964844,138300,0.0,0.0
2026-08-17 00:00:00-04:00,93.25,94.5,93.25,94.26000213623047,132300,0.0,0.0
2026-08-18 00:00:00-04:00,94.38999938964844,94.80000305175781,92.91000366210938,94.16000366210938,127400,0.0,0.0
2026-08-19 00:00:00-04:00,94.30000305175781,95.41999816894531,92.01000213623047,92.01000213623047,170900,0.0,0.0
2026-08-20 00:00:00-04:00,91.01000213623047,92.19000244140625,90.48999786376953,90.7300033569336,198400,0.0,0.0
2026-08-21 00:00:00-04:00,90.91999816894531,91.51000213623047,90.01000213623047,91.29000091552734,152000,0.0,0.0
2026-08-24 00:00:00-04:00,92.08000183105469,95.94999694824219,91.66000366210938,94.37999725341797,254100,0.0,0.0
2026-08-25 00:00:00-04:00,94.55999755859375,95.26000213623047,92.63999938964844,93.62000274658203,146100,0.0,0.0
2026-08-26 00:00:00-04:00,93.79000091552734,95.04000091552734,92.87999725341797,94.08999633789062,157700,0.0,0.0
2026-08-27 00:00:00-04:00,94.19000244140625,94.2300033569336,92.62999725341797,93.47000122070312,108300,0.0,0.0
2026-08-28 00:00:00-04:00,93.4800033569336,94.5999984741211,92.44999694824219,93.25,135600,0.0,0.0
2026-08-31 00:00:00-04:00,93.08000183105469,93.08999633789062,90.30999755859375,90.6500015258789,209652,0.0,0.0
