Date,Open,High,Low,Close,Volume,Dividends,Stock Splits
2022-01-03 00:00:00-05:00,29.19325515784242,29.644260927066387,29.19325515784242,29.606678009033203,46000,0.0,0.0
2022-01-04 00:00:00-05:00,29.606674268809513,30.179826689406777,29.606674268809513,29.757009506225586,22200,0.0,0.0
2022-01-05 00:00:00-05:00,29.766403174643177,30.038885097450603,29.55029651308259,29.644254684448242,27900,0.0,0.0
2022-01-06 00:00:00-05:00,30.471101600276103,30.471101600276103,29.66304838634691,30.17043113708496,25300,0.0,0.0
2022-01-07 00:00:00-05:00,30.12345327554287,30.480497224945413,30.010700951187555,30.30197525024414,18800,0.0,0.0
2022-01-10 00:00:00-05:00,30.367745958740237,30.367745958740237,29.766405022412663,30.010700225830078,20600,0.0,0.0
2022-01-11 00:00:00-05:00,30.4804940959747,30.4804940959747,29.710027425878003,30.076467514038086,25200,0.0,0.0
2022-01-12 00:00:00-05:00,30.09526313413233,30.217411635592004,29.597278328275323,29.813385009765625,48100,0.0,0.0
2022-01-13 00:00:00-05:00,29.90734515061004,30.377145014099888,29.90734515061004,30.358352661132812,64600,0.0,0.0
2022-01-14 00:00:00-05:00,30.34895603203242,30.60264743187296,30.34895603203242,30.5462703704834,34500,0.0,0.0
2022-01-18 00:00:00-05:00,30.02009453845982,30.630829820885523,29.644254684448242,29.644254684448242,53300,0.0,0.0
2022-01-19 00:00:00-05:00,29.794592674392057,29.841573556572353,29.37177548759383,29.41875457763672,36400,0.0,0.0
2022-01-20 00:00:00-05:00,29.428153117776844,29.74761597371287,29.10869026184082,29.10869026184082,46000,0.0,0.0
2022-01-21 00:00:00-05:00,29.306004291548835,29.88855289839257,29.03352054901997,29.597278594970703,53500,0.0,0.0
2022-01-24 00:00:00-05:00,29.259025188153743,29.91674324711365,29.146274647389923,29.841575622558594,46900,0.0,0.0
2022-01-25 00:00:00-05:00,29.79459340917359,29.963721004918796,29.343587681944673,29.832178115844727,49900,0.0,0.0
2022-01-26 00:00:00-05:00,29.935534116190983,30.37714545666404,29.18385611579346,29.409358978271484,42300,0.0,0.0
2022-01-27 00:00:00-05:00,29.7664065212981,30.32076839694145,29.2684199132399,29.409358978271484,45600,0.0,0.0
2022-01-28 00:00:00-05:00,29.550296028187827,29.719421809153136,29.3153970193537,29.531503677368164,68300,0.0,0.0
2022-01-31 00:00:00-05:00,29.446944195191083,29.850970836185876,29.02412520062968,29.2496280670166,66000,0.0,0.0
2022-02-01 00:00:00-05:00,29.155671150239844,29.334193140466816,28.845604471468587,29.230838775634766,90900,0.0,0.0
2022-02-02 00:00:00-05:00,29.35297746890257,29.399958342014447,28.920764189095674,29.174453735351562,71800,0.0,0.0
2022-02-03 00:00:00-05:00,29.108688260976336,29.550299597899485,29.061709170389264,29.352983474731445,51500,0.0,0.0
2022-02-04 00:00:00-05:00,29.343584551450686,29.45633686729776,28.732847470300285,29.183853149414062,64100,0.0,0.0
2022-02-07 00:00:00-05:00,29.089889955887244,29.305998387927755,28.93955474620336,29.174453735351562,53600,0.0,0.0
2022-02-08 00:00:00-05:00,29.174459438922145,29.672446038441432,29.174459438922145,29.569089889526367,72100,0.0,0.0
2022-02-09 00:00:00-05:00,29.597278688486558,29.775802458564797,29.306004384144376,29.352983474731445,56300,0.0,0.0
2022-02-10 00:00:00-05:00,29.559695151602362,29.559695151602362,29.315401720321145,29.456340789794922,60900,0.0,0.0
2022-02-11 00:00:00-05:00,29.409359905211996,29.634864566935043,29.315401720321145,29.456340789794922,88900,0.0,0.0
2022-02-14 00:00:00-05:00,29.625466546506303,29.625466546506303,29.08050086421859,29.089895248413086,42200,0.0,0.0
2022-02-15 00:00:00-05:00,29.296608822429047,29.390568797712497,28.948957451521522,29.07110595703125,33800,0.0,0.0
2022-02-16 00:00:00-05:00,29.071103952275703,29.212454177532575,28.45858511125218,28.656475067138672,36900,0.09,0.0
2022-02-17 00:00:00-05:00,28.458590889802085,29.03341549554758,28.213582944170405,28.420896530151367,33400,0.0,0.0
2022-02-18 00:00:00-05:00,28.439739110130187,29.05225797645753,28.411468344964664,28.910907745361328,53000,0.0,0.0
2022-02-22 00:00:00-05:00,28.797826766967773,29.014565707316276,28.6093603894302,28.797826766967773,41000,0.0,0.0
2022-02-23 00:00:00-05:00,28.882638931274414,29.005143791234747,28.835522783514794,28.882638931274414,47900,0.0,0.0
2022-02-24 00:00:00-05:00,28.50570339421164,28.741287719783635,27.346628943765197,27.92145347595215,81100,0.0,0.0
2022-02-25 00:00:00-05:00,28.19473252674825,28.769558863852517,28.19473252674825,28.66590118408203,28600,0.0,0.0
2022-02-28 00:00:00-05:00,28.288966931845298,28.5622438215035,28.24184898716919,28.34550666809082,37000,0.0,0.0
2022-03-01 00:00:00-05:00,28.38319645134704,28.618780744677935,27.3372016138009,27.714136123657227,57500,0.0,0.0
2022-03-02 00:00:00-05:00,27.761254812852954,28.637628752104828,27.761254812852954,28.58108901977539,26100,0.0,0.0
2022-03-03 00:00:00-05:00,28.65647459747047,28.98629298257466,28.505700786685512,28.61878204345703,53200,0.0,0.0
2022-03-04 00:00:00-05:00,28.41146950287439,28.515127182006836,28.128769029160527,28.515127182006836,51200,0.0,0.0
2022-03-07 00:00:00-05:00,28.411468645042532,28.477431967093075,27.601059806094227,27.732986450195312,64400,0.0,0.0
2022-03-08 00:00:00-05:00,27.79894775209717,28.04395564288427,27.48797654405308,27.52566909790039,52100,0.0,0.0
2022-03-09 00:00:00-05:00,27.798951207844553,28.213580135901953,27.619906612057026,28.08165168762207,43300,0.0,0.0
2022-03-10 00:00:00-05:00,27.94030422880068,28.449167299889407,27.893188076603277,28.420896530151367,39000,0.0,0.0
2022-03-11 00:00:00-05:00,28.590515260979377,28.89206292453798,28.56224449350856,28.769559860229492,30000,0.0,0.0
2022-03-14 00:00:00-04:00,29.155912312016678,29.316109701541816,28.505699166606938,28.7130126953125,26000,0.0,0.0
2022-03-15 00:00:00-04:00,28.76955737522244,28.9109076056355,28.59051279143753,28.731863021850586,37300,0.0,0.0
2022-03-16 00:00:00-04:00,28.939175517652412,29.03340960027887,28.562240984512215,28.656475067138672,23200,0.0,0.0
2022-03-17 00:00:00-04:00,28.51512747267097,28.713017446814675,28.317235701161465,28.40204620361328,37300,0.0,0.0
2022-03-18 00:00:00-04:00,28.223002725680537,28.74128751937877,28.17588478247522,28.628206253051758,93000,0.0,0.0
2022-03-21 00:00:00-04:00,28.62820769581683,28.684749230512715,28.411470538246803,28.59051513671875,35200,0.0,0.0
2022-03-22 00:00:00-04:00,28.90148533485315,29.04283557171008,28.477432826916573,28.515127182006836,27400,0.0,0.0
2022-03-23 00:00:00-04:00,28.411470864358005,28.468010602337017,28.223004471972672,28.27012062072754,39900,0.0,0.0
2022-03-24 00:00:00-04:00,28.46801268234877,28.46801268234877,28.317238838477888,28.420896530151367,39100,0.0,0.0
2022-03-25 00:00:00-04:00,28.543398569556896,28.722441368035085,28.411470121235396,28.524551391601562,31100,0.0,0.0
2022-03-28 00:00:00-04:00,28.42089114779491,28.590512139368283,28.31723347575215,28.54339599609375,29500,0.0,0.0
2022-03-29 00:00:00-04:00,28.797828830334453,28.80725241949139,28.5716680826655,28.769559860229492,20000,0.0,0.0
2022-03-30 00:00:00-04:00,28.61878652094403,28.741289587360647,27.940302468895453,27.977996826171875,32800,0.0,0.0
2022-03-31 00:00:00-04:00,28.166457258907588,28.166457258907588,27.751830200819768,27.82721710205078,31200,0.0,0.0
2022-04-01 00:00:00-04:00,27.921448127397323,28.317229790438077,27.893179164057898,28.251266479492188,61500,0.0,0.0
2022-04-04 00:00:00-04:00,28.336079070619096,28.336079070619096,27.563362860900547,28.19472885131836,49700,0.0,0.0
2022-04-05 00:00:00-04:00,28.109924521523606,28.449166560094408,27.902610940933645,28.05338478088379,71800,0.0,0.0
2022-04-06 00:00:00-04:00,28.08165117681347,28.175885267480453,27.940300939495888,28.072229385375977,142400,0.0,0.0
2022-04-07 00:00:00-04:00,28.034539575554724,28.24185317074233,26.95085185059473,27.016815185546875,71700,0.0,0.0
2022-04-08 00:00:00-04:00,27.13931338541309,27.789526622425775,26.894307270319484,26.941423416137695,50500,0.0,0.0
2022-04-11 00:00:00-04:00,26.960269059384203,27.39374332781767,26.960269059384203,27.242969512939453,38100,0.0,0.0
2022-04-12 00:00:00-04:00,27.318355992385374,27.54451671115947,27.045079131212113,27.177005767822266,46400,0.0,0.0
2022-04-13 00:00:00-04:00,27.23354832346043,27.23354832346043,26.950847845006056,27.07335090637207,49300,0.0,0.0
2022-04-14 00:00:00-04:00,27.16758151649453,27.374895054300556,27.035654883105746,27.195852279663086,66000,0.0,0.0
2022-04-18 00:00:00-04:00,27.148738688892905,27.601061985201085,27.111046129330646,27.44086456298828,40700,0.0,0.0
2022-04-19 00:00:00-04:00,27.65760309565509,28.166464357874478,27.65760309565509,27.996843338012695,30100,0.0,0.0
2022-04-20 00:00:00-04:00,28.194735764345044,28.46801268234877,27.996843970910763,28.420896530151367,38400,0.0,0.0
2022-04-21 00:00:00-04:00,28.39262368590971,28.684749559760654,28.194733704300234,28.27012062072754,39100,0.0,0.0
2022-04-22 00:00:00-04:00,28.222999614124728,28.402042386468406,28.128765535469054,28.19472885131836,53000,0.0,0.0
2022-04-25 00:00:00-04:00,28.034528748463778,28.034528748463778,27.553936611377694,27.7989444732666,63800,0.0,0.0
2022-04-26 00:00:00-04:00,27.657601015194416,27.949725084445568,27.13931440489599,27.224124908447266,93400,0.0,0.0
2022-04-27 00:00:00-04:00,27.063928641834725,27.356054520880885,25.838890778763243,26.23467254638672,63700,0.0,0.0
2022-04-28 00:00:00-04:00,26.187552775996924,26.47967681728694,25.688113391484748,26.38544273376465,67300,0.0,0.0
2022-04-29 00:00:00-04:00,26.385442901089192,26.385442901089192,25.358295158650396,25.471376419067383,50000,0.0,0.0
2022-05-02 00:00:00-04:00,25.716390720974022,25.716390720974022,25.09444632989492,25.480806350708008,59500,0.0,0.0
2022-05-03 00:00:00-04:00,25.386566346027188,25.99908520696226,25.30175584864295,25.53734016418457,53800,0.0,0.0
2022-05-04 00:00:00-04:00,25.688113913588083,26.121588190288943,25.38656627808041,25.98023796081543,30800,0.0,0.0
2022-05-05 00:00:00-04:00,25.735232767244728,25.791774302879844,25.141561022002975,25.490224838256836,39600,0.0,0.0
2022-05-06 00:00:00-04:00,25.367718457053805,25.593879177938955,24.887126251160748,25.1132869720459,25400,0.0,0.0
2022-05-09 00:00:00-04:00,24.877702386268115,25.2357915383755,24.576154761777023,25.226367950439453,50300,0.0,0.0
2022-05-10 00:00:00-04:00,25.245223623394534,26.25352450617446,25.028484622646243,25.330032348632812,48100,0.0,0.0
2022-05-11 00:00:00-04:00,25.424259201259495,25.71638505007424,25.160405915059997,25.21694564819336,45900,0.0,0.0
2022-05-12 00:00:00-04:00,25.20751933974006,25.30175341637107,25.028474773877694,25.26405906677246,85100,0.0,0.0
2022-05-13 00:00:00-04:00,25.367722276926543,25.367722276926543,24.547887967572255,24.69866180419922,53400,0.0,0.0
2022-05-16 00:00:00-04:00,24.74578089657181,24.8965547401756,24.547889103488085,24.774051666259766,37500,0.0,0.0
2022-05-17 00:00:00-04:00,25.047323805565895,25.22636838470177,24.83058667140258,25.085018157958984,22200,0.0,0.0
2022-05-18 00:00:00-04:00,24.924281051658934,24.924281051658934,24.366415752602474,24.59334373474121,48000,0.09,0.0
2022-05-19 00:00:00-04:00,24.555522443523074,24.895915331505325,24.347505569458008,24.347505569458008,53100,0.0,0.0
2022-05-20 00:00:00-04:00,24.56497681511937,24.687897264713673,24.300228407002294,24.574432373046875,48900,0.0,0.0
2022-05-23 00:00:00-04:00,24.810811872678144,25.2268473364588,24.517696838485467,24.96209716796875,41900,0.0,0.0
2022-05-24 00:00:00-04:00,24.801358483595894,24.933734481140295,24.640617617870156,24.659528732299805,106200,0.0,0.0
2022-05-25 00:00:00-04:00,24.659527829388413,25.132294852040385,24.659527829388413,24.905366897583008,52000,0.0,0.0
2022-05-26 00:00:00-04:00,25.141750451896677,25.49159703931799,24.86754471262742,25.311946868896484,29400,0.0,0.0
2022-05-27 00:00:00-04:00,25.633427895522523,25.633427895522523,25.3119461839913,25.34031105041504,30400,0.0,0.0
2022-05-31 00:00:00-04:00,25.22684657572658,25.45377451181933,24.772990703541087,25.378131866455078,39100,0.0,0.0
2022-06-01 00:00:00-04:00,25.38759129086399,25.58615258890132,25.06610954821605,25.463233947753906,43100,0.0,0.0
2022-06-02 00:00:00-04:00,25.085018235286263,25.510507462809574,25.085018235286263,25.34031105041504,25100,0.0,0.0
2022-06-03 00:00:00-04:00,25.236304159157918,25.340311677724753,25.13229483712802,25.226848602294922,32000,0.0,0.0
2022-06-06 00:00:00-04:00,25.24575838790693,25.330856591734037,25.141749071348684,25.1984806060791,21400,0.0,0.0
2022-06-07 00:00:00-04:00,25.085018871160415,25.198481946657573,24.905366897583008,24.905366897583008,22700,0.0,0.0
2022-06-08 00:00:00-04:00,24.763540172211087,24.820271716879947,24.564977060675137,24.59334373474121,46500,0.0,0.0
2022-06-09 00:00:00-04:00,24.574431788805942,25.24576195799225,24.460968703299926,24.602798461914062,35300,0.0,0.0
2022-06-10 00:00:00-04:00,24.470419559251734,24.914821701327586,23.88418947882314,24.03547477722168,29500,0.0,0.0
2022-06-13 00:00:00-04:00,23.7707251915305,23.97874383457345,23.591075022400936,23.685626983642578,45500,0.0,0.0
2022-06-14 00:00:00-04:00,23.581618120885206,23.922009129563662,23.37359948970414,23.487064361572266,40800,0.0,0.0
2022-06-15 00:00:00-04:00,23.7329075600953,23.969291097937955,23.383059130564327,23.761272430419922,31300,0.0,0.0
2022-06-16 00:00:00-04:00,23.751817186028752,23.751817186028752,23.26013902532727,23.307415008544922,48800,0.0,0.0
2022-06-17 00:00:00-04:00,23.26013617436814,24.08274972369303,23.26013617436814,23.46815299987793,108900,0.0,0.0
2022-06-21 00:00:00-04:00,23.591071651866077,24.03547193798324,23.420875260406756,23.638347625732422,57300,0.0,0.0
2022-06-22 00:00:00-04:00,23.591075872427044,24.300226428069582,23.524886972324715,23.91255760192871,84300,0.0,0.0
2022-06-23 00:00:00-04:00,24.063845122535852,24.631164176452465,23.628898470608057,23.780183792114258,47000,0.0,0.0
2022-06-24 00:00:00-04:00,23.78017915671679,24.328588791142785,23.78017915671679,24.111116409301758,203100,0.0,0.0
2022-06-27 00:00:00-04:00,24.30968127632914,24.375870179411685,23.82746046382734,24.092208862304688,28200,0.0,0.0
2022-06-28 00:00:00-04:00,24.148938625601005,24.309677670282444,23.75181428333037,23.789634704589844,65200,0.0,0.0
2022-06-29 00:00:00-04:00,23.732902710465257,23.912554667484944,23.572161865439835,23.666715621948242,25700,0.0,0.0
2022-06-30 00:00:00-04:00,23.505973456136417,23.92200707585609,23.505973456136417,23.638347625732422,50600,0.0,0.0
2022-07-01 00:00:00-04:00,23.770726820829893,23.922012133341624,23.600530393388397,23.818004608154297,81800,0.0,0.0
2022-07-05 00:00:00-04:00,23.780179851409034,24.290769079478224,23.345235075020902,24.252946853637695,74600,0.0,0.0
2022-07-06 00:00:00-04:00,24.25294851350653,24.63116178048173,23.8841908036386,24.234037399291992,110100,0.0,0.0
2022-07-07 00:00:00-04:00,24.44205366188672,24.678437156095562,24.111116409301758,24.111116409301758,26300,0.0,0.0
2022-07-08 00:00:00-04:00,24.18676007562022,24.243491611653923,23.83691169590921,24.03547477722168,19500,0.0,0.0
2022-07-11 00:00:00-04:00,23.92200888419241,24.026018198716105,23.704536502427356,23.789634704589844,24600,0.0,0.0
2022-07-12 00:00:00-04:00,23.619437342762282,23.931463470221278,23.543794699846856,23.62889289855957,20800,0.0,0.0
2022-07-13 00:00:00-04:00,23.49652127097729,23.53434169480271,23.222315533524977,23.364145278930664,19600,0.0,0.0
2022-07-14 00:00:00-04:00,23.326325370020125,23.326325370020125,22.749549015380204,23.080486297607422,27600,0.0,0.0
2022-07-15 00:00:00-04:00,23.411421530359014,23.761268092558662,22.82518967000798,23.553251266479492,24800,0.0,0.0
2022-07-18 00:00:00-04:00,23.628898973045978,23.912560309499263,22.95757057002019,23.411426544189453,15900,0.0,0.0
2022-07-19 00:00:00-04:00,23.600530393388397,23.903102821875045,23.600530393388397,23.818004608154297,26500,0.0,0.0
2022-07-20 00:00:00-04:00,23.71399166445604,23.988197378747117,23.004841193864095,23.751813888549805,39200,0.0,0.0
2022-07-21 00:00:00-04:00,23.62889706578304,23.97874547813091,23.562709966992056,23.818004608154297,32000,0.0,0.0
2022-07-22 00:00:00-04:00,23.780179148409243,24.0165626425355,23.619438300264868,23.789634704589844,34100,0.0,0.0
2022-07-25 00:00:00-04:00,23.79909145941749,24.063841635419767,23.79909145941749,23.969287872314453,112600,0.0,0.0
2022-07-26 00:00:00-04:00,23.468152249090238,23.685624623819912,22.541529414923286,22.683359146118164,102500,0.0,0.0
2022-07-27 00:00:00-04:00,22.891376702759736,22.976474904911946,22.078218709418422,22.097129821777344,56400,0.0,0.0
2022-07-28 00:00:00-04:00,21.90802588674673,22.314605851618566,21.633820123102662,21.75674057006836,59300,0.0,0.0
2022-07-29 00:00:00-04:00,21.908025944920425,22.881926751653825,21.889114829419604,22.825193405151367,87400,0.0,0.0
2022-08-01 00:00:00-04:00,22.787371897381657,22.84410343773153,22.286238181145496,22.64554214477539,85600,0.0,0.0
2022-08-02 00:00:00-04:00,22.645542819760475,22.673907689049294,22.276783287836963,22.38079261779785,47800,0.0,0.0
2022-08-03 00:00:00-04:00,22.522617302224496,22.9197416139989,22.39969868824178,22.759000778198242,174500,0.0,0.0
2022-08-04 00:00:00-04:00,22.522619380568855,23.430332949870774,22.456432289742636,23.335779190063477,231000,0.0,0.0
2022-08-05 00:00:00-04:00,23.184493335240887,23.345234181988282,22.957565399267434,23.212858200073242,52300,0.0,0.0
2022-08-08 00:00:00-04:00,23.29796023169209,23.29796023169209,22.881926515742744,23.042667388916016,36900,0.0,0.0
2022-08-09 00:00:00-04:00,23.1372178363294,23.20340673554532,22.891378763916695,23.080486297607422,38600,0.0,0.0
2022-08-10 00:00:00-04:00,23.29795818463888,23.477610157333046,23.26013776081346,23.364145278930664,64400,0.0,0.0
2022-08-11 00:00:00-04:00,23.524888850325233,23.55325552406218,22.787373367797258,23.505979537963867,60100,0.0,0.0
2022-08-12 00:00:00-04:00,23.505979052244566,23.874736785888672,23.279051077427944,23.874736785888672,99000,0.0,0.0
2022-08-15 00:00:00-04:00,23.676176840032205,24.01656792001792,21.614912029747792,23.988203048706055,83200,0.0,0.0
2022-08-16 00:00:00-04:00,23.978746073894662,24.309681576071842,23.950379400795235,24.196218490600586,32700,0.0,0.0
2022-08-17 00:00:00-04:00,23.97797894484815,24.158263194482124,23.797692885385743,24.072866439819336,29100,0.09,0.0
2022-08-18 00:00:00-04:00,23.94951166112613,24.518834809422373,23.94951166112613,24.49985694885254,85600,0.0,0.0
2022-08-19 00:00:00-04:00,24.452413591533865,24.556788202809805,24.234173629068835,24.300594329833984,81200,0.0,0.0
2022-08-22 00:00:00-04:00,24.167750590553712,24.56627659626756,23.588940346652123,23.645872116088867,36900,0.0,0.0
2022-08-23 00:00:00-04:00,23.503540525173026,23.68382475367744,23.067058823393214,23.086036682128906,27300,0.0,0.0
2022-08-24 00:00:00-04:00,23.446608491670673,23.446608491670673,22.649558280438924,23.057571411132812,34600,0.0,0.0
2022-08-25 00:00:00-04:00,23.18092237274597,23.351719468498214,23.029103134261334,23.247343063354492,24200,0.0,0.0
2022-08-26 00:00:00-04:00,22.915238648848064,22.953194364788455,22.715976569645456,22.858306884765625,30000,0.0,0.0
2022-08-29 00:00:00-04:00,22.668530472047703,22.668530472047703,22.393358788426347,22.4408016204834,30300,0.0,0.0
2022-08-30 00:00:00-04:00,22.412338699286302,22.450292606444837,22.184608017022292,22.298473358154297,27300,0.0,0.0
2022-08-31 00:00:00-04:00,22.251032914177973,22.251032914177973,22.00432615672291,22.032791137695312,53300,0.0,0.0
2022-09-01 00:00:00-04:00,22.194096965474593,22.52620225008311,21.937903114905236,22.14665412902832,57300,0.0,0.0
2022-09-02 00:00:00-04:00,22.393361623698404,22.516714088561482,21.634263545878305,21.74812889099121,39700,0.0,0.0
2022-09-06 00:00:00-04:00,21.68170645934694,21.71017143597692,21.15982623325052,21.30215835571289,94700,0.0,0.0
2022-09-07 00:00:00-04:00,21.169317419173208,21.67221984125108,21.169317419173208,21.643753051757812,39100,0.0,0.0
2022-09-08 00:00:00-04:00,21.453980975895416,21.814551278675967,21.302161710532197,21.577333450317383,48000,0.0,0.0
2022-09-09 00:00:00-04:00,21.805055462746555,21.890453998774706,21.387553519750952,21.491928100585938,136900,0.0,0.0
2022-09-12 00:00:00-04:00,21.60579812577163,21.947390534478366,21.359091391255074,21.86199378967285,72300,0.0,0.0
2022-09-13 00:00:00-04:00,21.70068902054743,21.748131865099243,21.207275473963143,21.36858367919922,53600,0.0,0.0
2022-09-14 00:00:00-04:00,21.397041715758643,21.56783879642398,21.311643175425978,21.425508499145508,43500,0.0,0.0
2022-09-15 00:00:00-04:00,21.321133310939956,21.80505779696061,21.321133310939956,21.520397186279297,47200,0.0,0.0
2022-09-16 00:00:00-04:00,21.472956324058135,22.42182760644358,21.397046693860432,22.288986206054688,222900,0.0,0.0
2022-09-19 00:00:00-04:00,21.918924306235535,22.421824866147404,21.909435377391976,22.222562789916992,71300,0.0,0.0
2022-09-20 00:00:00-04:00,22.15614417748741,22.71597836300848,21.975858132193768,22.69700050354004,61000,0.0,0.0
2022-09-21 00:00:00-04:00,22.829841236432703,22.829841236432703,22.108698886052135,22.488248825073242,108500,0.0,0.0
2022-09-22 00:00:00-04:00,22.4123407134084,22.507226394745896,21.899949347009784,22.45978355407715,80300,0.0,0.0
2022-09-23 00:00:00-04:00,22.364892971416836,22.364892971416836,21.99483379783439,22.21307373046875,62800,0.0,0.0
2022-09-26 00:00:00-04:00,22.02329959938444,22.374382738371388,22.013812480069387,22.127676010131836,49600,0.0,0.0
2022-09-27 00:00:00-04:00,22.213072530749358,22.35540283522247,21.330622109256836,21.510908126831055,39300,0.0,0.0
2022-09-28 00:00:00-04:00,21.444492045581665,21.76710843693561,21.340115621958798,21.577333450317383,37400,0.0,0.0
2022-09-29 00:00:00-04:00,21.10289434069782,21.434999608025716,21.026984720436708,21.29266929626465,33100,0.0,0.0
2022-09-30 00:00:00-04:00,21.406534525243647,21.463468102341253,20.95107676743231,20.970054626464844,39800,0.0,0.0
2022-10-03 00:00:00-04:00,21.10289975752821,21.34011760796332,21.00801225538845,21.273696899414062,35300,0.0,0.0
2022-10-04 00:00:00-04:00,21.425511304768673,21.96636759114755,21.425511304768673,21.956878662109375,38600,0.0,0.0
2022-10-05 00:00:00-04:00,21.80506031178047,21.89045886679965,21.26420400321115,21.41602325439453,32400,0.0,0.0
2022-10-06 00:00:00-04:00,21.577328118883653,21.605794902791192,21.008005109528536,21.15033721923828,33900,0.0,0.0
2022-10-07 00:00:00-04:00,20.88465378660259,21.017495165645677,20.48612783964528,20.789766311645508,47800,0.0,0.0
2022-10-10 00:00:00-04:00,20.770789789905287,21.083917210512915,20.713858025202487,20.89414405822754,34200,0.0,0.0
2022-10-11 00:00:00-04:00,20.979543339648227,20.979543339648227,20.476640939441285,20.647438049316406,36800,0.0,0.0
2022-10-12 00:00:00-04:00,20.884650335626727,20.97004886799406,20.495613381432328,20.666410446166992,38600,0.0,0.0
2022-10-13 00:00:00-04:00,20.505106590637816,21.41602204635498,20.448173017284397,21.321134567260742,55600,0.0,0.0
2022-10-14 00:00:00-04:00,21.453978435646896,21.52988805934046,21.14085101168241,21.216760635375977,42400,0.0,0.0
2022-10-17 00:00:00-04:00,21.47295241372995,21.615284528031076,21.264201421157917,21.510908126831055,49300,0.0,0.0
2022-10-18 00:00:00-04:00,21.672218094547535,21.738638788183582,21.216760358333378,21.34960174560547,42000,0.0,0.0
2022-10-19 00:00:00-04:00,21.21675914659423,21.482441905964638,21.055450981335888,21.406532287597656,46900,0.0,0.0
2022-10-20 00:00:00-04:00,21.520398226579985,21.558352131919115,20.732835235140826,20.846698760986328,44700,0.0,0.0
2022-10-21 00:00:00-04:00,20.960567020241427,21.27369447473377,20.68539347638203,21.23573875427246,40600,0.0,0.0
2022-10-24 00:00:00-04:00,21.425508499145508,21.615283435402084,21.150336832384184,21.425508499145508,41700,0.0,0.0
2022-10-25 00:00:00-04:00,21.501420974731445,21.60579738455373,20.89414399357234,21.501420974731445,33300,0.0,0.0
2022-10-26 00:00:00-04:00,21.77659238444559,22.412336091372246,21.681704912848122,21.93790054321289,46200,0.0,0.0
2022-10-27 00:00:00-04:00,22.260518298407916,22.858308189801296,22.260518298407916,22.507225036621094,59400,0.0,0.0
2022-10-28 00:00:00-04:00,22.659042477571067,22.858306362045084,22.478758260461365,22.820350646972656,68300,0.0,0.0
2022-10-31 00:00:00-04:00,22.84881918041358,23.000638432655936,22.72546671665226,22.801376342773438,233200,0.0,0.0
2022-11-01 00:00:00-04:00,22.8393280782463,22.972169458864286,21.62477417584628,22.78239631652832,73800,0.0,0.0
2022-11-02 00:00:00-04:00,22.915239637269813,22.99114926259672,22.573647228212852,22.630578994750977,54000,0.0,0.0
2022-11-03 00:00:00-04:00,22.58313476888161,22.74444295193769,22.051767381684982,22.668533325195312,52800,0.0,0.0
2022-11-04 00:00:00-04:00,22.858307479068305,23.418141634947396,22.564157912195153,23.361209869384766,57700,0.0,0.0
2022-11-07 00:00:00-05:00,22.820349383251152,23.731266586436355,22.81086226483652,23.47507095336914,44000,0.0,0.0
2022-11-08 00:00:00-05:00,23.52251847224613,23.58893916824227,23.04808286104144,23.3991641998291,44800,0.0,0.0
2022-11-09 00:00:00-05:00,23.38967201746713,23.6458676462456,22.583131228624545,23.14296531677246,42200,0.0,0.0
2022-11-10 00:00:00-05:00,23.7976900674067,24.27212567625438,23.484562637960355,23.9969539642334,47500,0.0,0.0
2022-11-11 00:00:00-05:00,24.167747986919025,24.167747986919025,23.34223108462153,23.446605682373047,38300,0.0,0.0
2022-11-14 00:00:00-05:00,23.4466089205026,23.4466089205026,22.915241500020095,22.934219360351562,48800,0.0,0.0
2022-11-15 00:00:00-05:00,23.057570517169673,23.513030089994242,23.057570517169673,23.285301208496094,31100,0.0,0.0
2022-11-16 00:00:00-05:00,23.33293654152016,23.371047559581616,23.056638929508026,23.247188568115234,53500,0.1,0.0
2022-11-17 00:00:00-05:00,23.00900121797541,23.31388210759301,23.00900121797541,23.294828414916992,25800,0.0,0.0
2022-11-18 00:00:00-05:00,23.609235763549805,23.933172145295607,23.3424640911611,23.609235763549805,45000,0.0,0.0
2022-11-21 00:00:00-05:00,23.74261992043808,23.790256873817132,23.54254071833282,23.752147674560547,24800,0.0,0.0
2022-11-22 00:00:00-05:00,23.856957207879958,24.21900287025921,23.856957207879958,24.199947357177734,39700,0.0,0.0
2022-11-23 00:00:00-05:00,24.104663848876953,24.199939566378013,23.70450728915903,24.104663848876953,30400,0.0,0.0
2022-11-25 00:00:00-05:00,24.190414615886397,24.23805338877349,23.895061492919922,23.895061492919922,21000,0.0,0.0
2022-11-28 00:00:00-05:00,23.923643504488282,23.942697195412475,23.65687184198352,23.81884002685547,37800,0.0,0.0
2022-11-29 00:00:00-05:00,23.84742603723547,24.0093942407724,23.761678057878648,23.999866485595703,19600,0.0,0.0
2022-11-30 00:00:00-05:00,24.057029257610004,24.514350565777082,23.437739758979582,24.390493392944336,61800,0.0,0.0
2022-12-01 00:00:00-05:00,24.333331444943163,24.676321556372415,24.199944685333435,24.504825592041016,29600,0.0,0.0
2022-12-02 00:00:00-05:00,24.32380337890263,24.52388078991243,24.171362927495107,24.38096809387207,35800,0.0,0.0
2022-12-05 00:00:00-05:00,24.142779003842772,24.18088820703995,23.590181928232617,23.74262237548828,53200,0.0,0.0
2022-12-06 00:00:00-05:00,23.818837852522456,23.828365605731438,23.466318252722555,23.790254592895508,42700,0.0,0.0
2022-12-07 00:00:00-05:00,23.818840838239304,23.866477793022447,23.733092865842977,23.8378963470459,27000,0.0,0.0
2022-12-08 00:00:00-05:00,23.69498394879095,23.818841123048117,23.69498394879095,23.799785614013672,33300,0.0,0.0
2022-12-09 00:00:00-05:00,23.723566020693802,23.818841751145065,23.542542314559746,23.56159782409668,26600,0.0,0.0
2022-12-12 00:00:00-05:00,23.675928950004394,23.81884163637597,23.294827847269058,23.6282901763916,29900,0.0,0.0
2022-12-13 00:00:00-05:00,23.876006578220128,24.104667242071148,23.11380436538339,23.494905471801758,57200,0.0,0.0
2022-12-14 00:00:00-05:00,23.456795327108644,23.70450967340052,23.418684309381682,23.609235763549805,48000,0.0,0.0
2022-12-15 00:00:00-05:00,23.45679808914327,23.45679808914327,22.789869738257465,22.847034454345703,51600,0.0,0.0
2022-12-16 00:00:00-05:00,22.59931394693557,23.52348606962357,22.55167699549593,22.856557846069336,89600,0.0,0.0
2022-12-19 00:00:00-05:00,22.85656303405528,23.05664227342885,22.751759536419904,23.028059005737305,41400,0.0,0.0
2022-12-20 00:00:00-05:00,22.942309948814525,23.275774120713326,22.942309948814525,23.209081649780273,25400,0.0,0.0
2022-12-21 00:00:00-05:00,23.380572635586645,23.580650005788087,23.342461621891236,23.390098571777344,35100,0.0,0.0
2022-12-22 00:00:00-05:00,23.085217395652304,23.39962598513756,22.970887990693914,23.2662410736084,35500,0.0,0.0
2022-12-23 00:00:00-05:00,23.237661885188608,23.4186855948616,23.237661885188608,23.294828414916992,20900,0.0,0.0
2022-12-27 00:00:00-05:00,23.42821163001068,23.47584858405398,22.761283370004612,22.93277931213379,26500,0.0,0.0
2022-12-28 00:00:00-05:00,22.866086959838867,23.028055148493728,22.818450005565865,22.866086959838867,25300,0.0,0.0
2022-12-29 00:00:00-05:00,23.113800431390903,23.19954839289482,22.87561205326515,23.008996963500977,22400,0.0,0.0
2022-12-30 00:00:00-05:00,22.99947573804576,23.17097170972778,22.93278326399911,23.028059005737305,25100,0.0,0.0
2023-01-03 00:00:00-05:00,23.037582035387764,23.037582035387764,22.599314440197773,22.685062408447266,26200,0.0,0.0
2023-01-04 00:00:00-05:00,22.86608718229776,22.97089066339796,22.59931551096695,22.732702255249023,26800,0.0,0.0
2023-01-05 00:00:00-05:00,22.62790009533524,22.770812785122246,22.49451516049849,22.580263137817383,25000,0.0,0.0
2023-01-06 00:00:00-05:00,22.666008223077565,22.989942763886898,21.98002449205419,22.856557846069336,22900,0.0,0.0
2023-01-09 00:00:00-05:00,22.866089534229772,22.96136527073577,22.599317835459686,22.78986930847168,26100,0.0,0.0
2023-01-10 00:00:00-05:00,22.751759245693506,22.85656274198968,22.494517108691184,22.675539016723633,27200,0.0,0.0
2023-01-11 00:00:00-05:00,22.837503586813877,22.93277931213379,22.694590907450667,22.93277931213379,21000,0.0,0.0
2023-01-12 00:00:00-05:00,22.932783593013248,23.475852966308594,22.86609111800977,23.475852966308594,32200,0.0,0.0
2023-01-13 00:00:00-05:00,23.170967955195543,23.447267379742474,23.094747737602138,23.351991653442383,33000,0.0,0.0
2023-01-17 00:00:00-05:00,23.504432928088598,23.504432928088598,23.170968782745295,23.304353713989258,24000,0.0,0.0
2023-01-18 00:00:00-05:00,23.332932477184904,23.34246023004064,22.818446543606417,22.989940643310547,32500,0.0,0.0
2023-01-19 00:00:00-05:00,22.83750617506723,23.094750117415344,22.80892472629534,23.018529891967773,24700,0.0,0.0
2023-01-20 00:00:00-05:00,23.08522114743684,23.161441368874033,22.980419478731587,23.104276657104492,28400,0.0,0.0
2023-01-23 00:00:00-05:00,23.237658909286093,23.237658909286093,22.818448648364267,22.856557846069336,32500,0.0,0.0
2023-01-24 00:00:00-05:00,23.21860958635181,24.866873130564976,23.009002599231685,24.276165008544922,172400,0.0,0.0
2023-01-25 00:00:00-05:00,24.276160048801874,24.600096401593355,24.10466411882601,24.523876190185547,117000,0.0,0.0
2023-01-26 00:00:00-05:00,24.82875982177695,25.305136650836854,24.42860321267729,25.25749969482422,89600,0.0,0.0
2023-01-27 00:00:00-05:00,25.095530652086996,25.58143521937372,24.64773710210903,25.076475143432617,60600,0.0,0.0
2023-01-30 00:00:00-05:00,25.057420147938682,25.53379697065412,24.981199928993547,25.457576751708984,61300,0.0,0.0
2023-01-31 00:00:00-05:00,25.257499006548407,25.724348068237305,24.96214588940509,25.724348068237305,59000,0.0,0.0
2023-02-01 00:00:00-05:00,25.457576939672542,26.486550811645884,25.457576939672542,26.267417907714844,85600,0.0,0.0
2023-02-02 00:00:00-05:00,26.219781396964745,26.715213740790837,26.20072588745603,26.553245544433594,36500,0.0,0.0
2023-02-03 00:00:00-05:00,26.505608090276027,27.00104045876783,26.419860110451157,26.886709213256836,75200,0.0,0.0
2023-02-06 00:00:00-05:00,26.69615692795691,26.877178807751847,26.39127605963563,26.63899040222168,49200,0.0,0.0
2023-02-07 00:00:00-05:00,26.47702483710591,26.677102231570668,26.372221353967202,26.65804672241211,43300,0.0,0.0
2023-02-08 00:00:00-05:00,26.46749759249773,26.677102745580406,26.381749616865406,26.48655128479004,66200,0.0,0.0
2023-02-09 00:00:00-05:00,26.534191338765304,26.667576277413765,25.933955480380227,26.23883819580078,32500,0.0,0.0
2023-02-10 00:00:00-05:00,26.067341545817335,26.324583661078165,25.905373345791322,26.15308952331543,28300,0.0,0.0
2023-02-13 00:00:00-05:00,26.353167963423502,26.648521110192064,26.2674199825498,26.5246639251709,60200,0.0,0.0
2023-02-14 00:00:00-05:00,26.34363733531498,26.572297986964983,26.26741711809831,26.47702407836914,43900,0.0,0.0
2023-02-15 00:00:00-05:00,26.486587503494185,26.773445114488073,26.390967691897483,26.687387466430664,72200,0.1,0.0
2023-02-16 00:00:00-05:00,26.44833437989781,26.47702086566802,26.08498134578794,26.32402992248535,108900,0.0,0.0
2023-02-17 00:00:00-05:00,26.381401161779173,26.84993615487651,26.35271467590941,26.840373992919922,93100,0.0,0.0
2023-02-21 00:00:00-05:00,27.653141106885617,29.44122537178519,27.289788050680382,28.05474281311035,173000,0.0,0.0
2023-02-22 00:00:00-05:00,27.95912022891509,27.95912022891509,26.677819761533563,27.37584114074707,87900,0.0,0.0
2023-02-23 00:00:00-05:00,27.50015002071757,27.60533198396389,26.916870877327607,27.48102569580078,57200,0.0,0.0
2023-02-24 00:00:00-05:00,27.299350182166844,27.452341144699915,27.01249258336636,27.36628532409668,58100,0.0,0.0
2023-02-27 00:00:00-05:00,27.538399400919563,27.605334544336497,27.10811299315917,27.270666122436523,36800,0.0,0.0
2023-02-28 00:00:00-05:00,28.68583550926599,28.77189316169749,27.98781394958496,27.98781394958496,145700,0.0,0.0
2023-03-01 00:00:00-05:00,27.882626249508156,28.102550505588106,27.366282264633675,27.844379425048828,70200,0.0,0.0
2023-03-02 00:00:00-05:00,27.68183002701305,28.064307441839233,27.42365708808181,27.700952529907227,48400,0.0,0.0
2023-03-03 00:00:00-05:00,27.796574242696813,27.796574242696813,27.394972473684014,27.614896774291992,48500,0.0,0.0
2023-03-06 00:00:00-05:00,27.748762664739644,28.121677907056693,27.299350117541017,27.452341079711914,62200,0.0,0.0
2023-03-07 00:00:00-05:00,27.261102039706106,27.366284005302376,26.916871478697256,27.328035354614258,100100,0.0,0.0
2023-03-08 00:00:00-05:00,27.394971841391232,27.528840310503266,26.68738813589944,27.165485382080078,47100,0.0,0.0
2023-03-09 00:00:00-05:00,26.964684072169664,26.974244411676786,26.247538238588515,26.52483367919922,99800,0.0,0.0
2023-03-10 00:00:00-05:00,26.27622218123967,26.27622218123967,24.861054879647714,25.817249298095703,138000,0.0,0.0
2023-03-13 00:00:00-04:00,24.870617359285795,24.870617359285795,23.33114374237258,23.36939239501953,105900,0.0,0.0
2023-03-14 00:00:00-04:00,24.469013724065412,24.96623522706149,23.76143011924607,23.971792221069336,93600,0.0,0.0
2023-03-15 00:00:00-04:00,23.531948695366307,24.010045975166214,23.18771807029553,23.981359481811523,90600,0.0,0.0
2023-03-16 00:00:00-04:00,23.684934801150842,24.813244440913753,23.570190675159694,24.631567001342773,100000,0.0,0.0
2023-03-17 00:00:00-04:00,24.50726380237601,24.50726380237601,23.675375623303296,23.75187110900879,141900,0.0,0.0
2023-03-20 00:00:00-04:00,23.990916088244298,24.83236630328144,23.990916088244298,24.69849967956543,130600,0.0,0.0
2023-03-21 00:00:00-04:00,25.272218719022355,25.47301867105823,24.62200622401762,25.214847564697266,141900,0.0,0.0
2023-03-22 00:00:00-04:00,25.176595410752096,25.329586350203254,24.25864977404514,24.34470558166504,75200,0.0,0.0
2023-03-23 00:00:00-04:00,24.526388766132662,25.214849979141707,23.713623069550476,23.885738372802734,46000,0.0,0.0
2023-03-24 00:00:00-04:00,23.7805563936502,24.54551121189788,23.627563606204518,24.51682472229004,55100,0.0,0.0
2023-03-27 00:00:00-04:00,24.889739239643042,26.26665777129021,24.43076457196469,24.66981315612793,55400,0.0,0.0
2023-03-28 00:00:00-04:00,24.622003438035435,24.765432219517237,24.13434412196058,24.277772903442383,40900,0.0,0.0
2023-03-29 00:00:00-04:00,24.26821454030298,24.65069378251997,23.38851556603705,24.048290252685547,37500,0.0,0.0
2023-03-30 00:00:00-04:00,24.086539520377816,24.210844000609455,23.235525190928957,23.43632698059082,38200,0.0,0.0
2023-03-31 00:00:00-04:00,23.455451945023707,23.76143389587045,23.178154662196167,23.5128231048584,68300,0.0,0.0
2023-04-03 00:00:00-04:00,23.51281866672382,23.665809613269563,23.13034130035946,23.522380828857422,38100,0.0,0.0
2023-04-04 00:00:00-04:00,23.570193554571954,23.74230885268684,22.91998101671404,23.006038665771484,35700,0.0,0.0
2023-04-05 00:00:00-04:00,22.719177806902906,22.9486642303509,22.441880572030765,22.594871520996094,67300,0.0,0.0
2023-04-06 00:00:00-04:00,22.547065762605317,22.833923377050656,22.480132440821155,22.719181060791016,51100,0.0,0.0
2023-04-10 00:00:00-04:00,22.604433059692383,22.75742400443715,22.470566438989692,22.604433059692383,70100,0.0,0.0
2023-04-11 00:00:00-04:00,22.566190028488133,22.61399902283347,21.963786486477957,22.00203514099121,37600,0.0,0.0
2023-04-12 00:00:00-04:00,22.06896510780223,22.116774094879936,21.390068007559844,21.418752670288086,38700,0.0,0.0
2023-04-13 00:00:00-04:00,21.54306153566128,21.88729029621109,21.30401292404239,21.7247371673584,42000,0.0,0.0
2023-04-14 00:00:00-04:00,21.935101042031594,21.935101042031594,21.045839917871422,21.09364891052246,43700,0.0,0.0
2023-04-17 00:00:00-04:00,21.03627719017666,21.370945601143237,20.806790748775718,21.36138343811035,36100,0.0,0.0
2023-04-18 00:00:00-04:00,21.332697485383342,21.332697485383342,20.548618334933536,20.778104782104492,31900,0.0,0.0
2023-04-19 00:00:00-04:00,20.682486884524753,21.581310253522233,20.682486884524753,21.409194946289062,41300,0.0,0.0
2023-04-20 00:00:00-04:00,21.313573166028213,21.495248781347993,21.227515527699477,21.35181999206543,24900,0.0,0.0
2023-04-21 00:00:00-04:00,21.294451370371878,21.39007118251622,20.931096448982633,21.19883155822754,30800,0.0,0.0
2023-04-24 00:00:00-04:00,21.246641183319444,21.418756485530967,20.816354751586914,20.816354751586914,15700,0.0,0.0
2023-04-25 00:00:00-04:00,20.663359155875373,20.84503475753779,20.147013364718937,20.223508834838867,26800,0.0,0.0
2023-04-26 00:00:00-04:00,20.02271262927637,20.386065723896444,19.563737899498108,19.73585319519043,41000,0.0,0.0
2023-04-27 00:00:00-04:00,19.89840703410306,20.223513310002936,19.78366471543032,19.869722366333008,37600,0.0,0.0
2023-04-28 00:00:00-04:00,20.08008067344118,20.31912925288691,19.71672763515388,19.95577621459961,34100,0.0,0.0
2023-05-01 00:00:00-04:00,20.02271718901135,20.23307936287611,19.707173016315892,19.783668518066406,38700,0.0,0.0
2023-05-02 00:00:00-04:00,19.95577664556689,19.95577664556689,19.076077781256693,19.14301109313965,61200,0.0,0.0
2023-05-03 00:00:00-04:00,19.248194415411632,20.23307540354403,19.248194415411632,19.582862854003906,56100,0.0,0.0
2023-05-04 00:00:00-04:00,19.343814189873374,19.343814189873374,18.167695399115424,18.34937286376953,86600,0.0,0.0
2023-05-05 00:00:00-04:00,18.731849045942567,19.06651746149371,18.215503177870037,18.741411209106445,38700,0.0,0.0
2023-05-08 00:00:00-04:00,19.009145718738747,19.037832210095956,18.282439508985345,18.32068634033203,34400,0.0,0.0
2023-05-09 00:00:00-04:00,18.30155814031479,18.30155814031479,17.7087187014087,18.14856719970703,28900,0.0,0.0
2023-05-10 00:00:00-04:00,18.454551624147655,18.454551624147655,17.536605853998836,17.622663497924805,40000,0.0,0.0
2023-05-11 00:00:00-04:00,17.479234000746235,17.823462738896687,17.37405203486346,17.43142318725586,37700,0.0,0.0
2023-05-12 00:00:00-04:00,17.335804076906207,17.880836429702704,17.2306239306159,17.622663497924805,41600,0.0,0.0
2023-05-15 00:00:00-04:00,17.565294855068036,18.263316445576624,17.565294855068036,18.15813446044922,33600,0.0,0.0
2023-05-16 00:00:00-04:00,18.339808095956414,18.4641125601462,18.091197343780834,18.100759506225586,25000,0.0,0.0
2023-05-17 00:00:00-04:00,18.542949109631472,19.17738887127379,18.331467966762727,19.148550033569336,30200,0.1,0.0
2023-05-18 00:00:00-04:00,19.129321458967297,19.7060852977942,19.02358273584425,19.494606018066406,30900,0.0,0.0
2023-05-19 00:00:00-04:00,19.811823797775336,19.811823797775336,19.129319473193018,19.263898849487305,43100,0.0,0.0
2023-05-22 00:00:00-04:00,19.46576672621771,19.763760666429388,19.28312445096722,19.667633056640625,29100,0.0,0.0
2023-05-23 00:00:00-04:00,19.63879477073271,20.59045419499304,19.63879477073271,20.388586044311523,36500,0.0,0.0
2023-05-24 00:00:00-04:00,20.321297599391738,20.715419129927184,19.379251103647572,19.55228042602539,36800,0.0,0.0
2023-05-25 00:00:00-04:00,19.533054917763543,20.407812657016105,19.225448042441535,19.37925148010254,23400,0.0,0.0
2023-05-26 00:00:00-04:00,19.14854680097695,19.55228129327243,19.14854680097695,19.436927795410156,25600,0.0,0.0
2023-05-30 00:00:00-04:00,19.456153583691776,19.456153583691776,19.090870870393577,19.206222534179688,22600,0.0,0.0
2023-05-31 00:00:00-04:00,19.042806717258138,19.18699721803252,18.687136937580114,18.831327438354492,29200,0.0,0.0
2023-06-01 00:00:00-04:00,18.792877414648927,19.39848014131009,18.687138682067,19.254289627075195,19100,0.0,0.0
2023-06-02 00:00:00-04:00,19.54267264139169,20.86922807402647,19.0620363227805,20.830778121948242,36300,0.0,0.0
2023-06-05 00:00:00-04:00,20.773096918156323,20.773096918156323,19.917563244966658,20.215559005737305,32300,0.0,0.0
2023-06-06 00:00:00-04:00,20.148270077794102,21.359473609210305,20.148270077794102,21.292184829711914,44400,0.0,0.0
2023-06-07 00:00:00-04:00,21.513274317702898,22.215004524412343,21.513274317702898,22.061201095581055,51600,0.0,0.0
2023-06-08 00:00:00-04:00,21.92662430314414,22.714867427127952,21.071092400305375,21.263347625732422,38700,0.0,0.0
2023-06-09 00:00:00-04:00,21.60940207400398,21.60940207400398,21.167217671314507,21.436372756958008,24700,0.0,0.0
2023-06-12 00:00:00-04:00,21.24412175698456,21.77282087719633,20.773098471063847,21.05186653137207,31100,0.0,0.0
2023-06-13 00:00:00-04:00,21.205669576490916,22.27268257479848,21.205669576490916,21.87856101989746,36700,0.0,0.0
2023-06-14 00:00:00-04:00,22.061202351404546,22.349583338508793,21.532501430404626,21.993911743164062,38100,0.0,0.0
2023-06-15 00:00:00-04:00,22.032367856912092,22.339974792645002,21.830499659411146,22.272686004638672,30800,0.0,0.0
2023-06-16 00:00:00-04:00,22.513001088799715,22.513001088799715,21.301797569060298,21.484439849853516,88400,0.0,0.0
2023-06-20 00:00:00-04:00,21.522892234547154,21.522892234547154,20.90767837706274,21.099933624267578,30800,0.0,0.0
2023-06-21 00:00:00-04:00,21.080702897147372,21.503663243885974,21.06147701014073,21.20566749572754,29400,0.0,0.0
2023-06-22 00:00:00-04:00,21.14799550466192,21.14799550466192,20.513555786200612,20.763486862182617,27100,0.0,0.0
2023-06-23 00:00:00-04:00,20.484715636414258,20.80193547529603,20.263623410356413,20.609682083129883,176100,0.0,0.0
2023-06-26 00:00:00-04:00,20.523167899695633,20.907676526591775,20.43665322945878,20.446266174316406,22300,0.0,0.0
2023-06-27 00:00:00-04:00,20.503940303119432,20.88844889800696,20.40781269602715,20.475101470947266,31700,0.0,0.0
2023-06-28 00:00:00-04:00,20.023305024090405,20.542393026226524,19.792599856523804,20.359750747680664,29800,0.0,0.0
2023-06-29 00:00:00-04:00,20.52316514299327,20.830772003191967,20.494326312294078,20.57122802734375,19000,0.0,0.0
2023-06-30 00:00:00-04:00,20.638524113018494,20.638524113018494,20.03292312156548,20.08098602294922,37800,0.0,0.0
2023-07-03 00:00:00-04:00,20.04253007016785,20.43665161070387,20.04253007016785,20.263622283935547,9700,0.0,0.0
2023-07-05 00:00:00-04:00,20.04253165770502,20.552004900786745,19.792600591852086,20.446266174316406,29800,0.0,0.0
2023-07-06 00:00:00-04:00,20.350136463443423,20.41742523703523,19.907950212940523,19.994464874267578,29000,0.0,0.0
2023-07-07 00:00:00-04:00,20.08097890634651,20.609679801609342,20.08097890634651,20.57122802734375,48000,0.0,0.0
2023-07-10 00:00:00-04:00,20.43665554991318,20.744262486356934,19.63879937095645,20.273239135742188,21100,0.0,0.0
2023-07-11 00:00:00-04:00,20.205948053321098,20.84038774607017,20.205948053321098,20.446266174316406,21800,0.0,0.0
2023-07-12 00:00:00-04:00,20.849997799308703,21.042251169352895,20.5712279375446,20.773096084594727,20300,0.0,0.0
2023-07-13 00:00:00-04:00,20.81154576984696,21.06147679797103,20.705807059338625,20.965349197387695,14700,0.0,0.0
2023-07-14 00:00:00-04:00,21.051863923019976,21.080702753333195,20.378974383711544,20.753870010375977,19700,0.0,0.0
2023-07-17 00:00:00-04:00,21.10954398432722,21.74398554410425,20.859614738740998,21.013418197631836,24900,0.0,0.0
2023-07-18 00:00:00-04:00,21.17683465164768,22.445714107219516,21.17683465164768,22.349586486816406,35100,0.0,0.0
2023-07-19 00:00:00-04:00,22.426487306251417,23.233956351294992,22.426487306251417,23.128215789794922,25200,0.0,0.0
2023-07-20 00:00:00-04:00,23.16666438291251,23.16666438291251,22.320743674242923,22.551448822021484,32800,0.0,0.0
2023-07-21 00:00:00-04:00,22.686029726340482,22.686029726340482,22.368809897616927,22.503387451171875,18300,0.0,0.0
2023-07-24 00:00:00-04:00,22.455322478648764,22.99363447638197,22.330356047534767,22.695640563964844,15300,0.0,0.0
2023-07-25 00:00:00-04:00,22.7917728253339,23.531953179041537,22.33036241009356,22.782161712646484,23400,0.0,0.0
2023-07-26 00:00:00-04:00,22.195785415630393,24.512452332536665,22.195785415630393,23.974140167236328,44500,0.0,0.0
2023-07-27 00:00:00-04:00,24.848890912722553,24.848890912722553,23.5511728579359,23.839553833007812,32200,0.0,0.0
2023-07-28 00:00:00-04:00,23.781880481514946,24.070263320102757,23.205116637821043,23.685752868652344,26300,0.0,0.0
2023-07-31 00:00:00-04:00,23.743433549879867,24.060653429149525,23.2916342621296,23.3685359954834,23700,0.0,0.0
2023-08-01 00:00:00-04:00,23.368534272062483,23.656917125982552,22.96479974335983,23.387760162353516,22800,0.0,0.0
2023-08-02 00:00:00-04:00,22.91673266072906,23.743427457262072,22.91673266072906,23.551172256469727,38200,0.0,0.0
2023-08-03 00:00:00-04:00,23.560790806789115,23.88762362582598,23.282020882647473,23.762657165527344,19300,0.0,0.0
2023-08-04 00:00:00-04:00,23.781883963207893,23.88762453618546,23.406988234988496,23.416601181030273,18200,0.0,0.0
2023-08-07 00:00:00-04:00,23.637690724131417,24.368258038043667,23.637690724131417,23.99336051940918,29500,0.0,0.0
2023-08-08 00:00:00-04:00,23.791494541168213,24.08948850487461,23.455048797122,24.03181266784668,27600,0.0,0.0
2023-08-09 00:00:00-04:00,24.060653584490424,24.224069998107538,23.48388966387225,23.608854293823242,17000,0.0,0.0
2023-08-10 00:00:00-04:00,23.628076082149057,23.810718355879605,23.320469200170226,23.358919143676758,26500,0.0,0.0
2023-08-11 00:00:00-04:00,23.474275905082628,23.49350179624993,23.12821719799874,23.29163360595703,21800,0.0,0.0
2023-08-14 00:00:00-04:00,23.166667477485795,23.320470929883033,22.974412245248356,23.118602752685547,15400,0.0,0.0
2023-08-15 00:00:00-04:00,22.897512789709793,22.907125735623126,22.493778228759766,22.493778228759766,14500,0.0,0.0
2023-08-16 00:00:00-04:00,22.445506995663923,22.445506995663923,22.223465863007362,22.281389236450195,12100,0.1,0.0
2023-08-17 00:00:00-04:00,22.571006567262835,22.628931778520705,22.34896544815984,22.474468231201172,14000,0.0,0.0
2023-08-18 00:00:00-04:00,22.223463854115035,23.140590909234316,22.223463854115035,22.793048858642578,35600,0.0,0.0
2023-08-21 00:00:00-04:00,22.715818113461708,23.256440537633697,22.320005037024085,22.339311599731445,26100,0.0,0.0
2023-08-22 00:00:00-04:00,22.5034287991886,22.7833951271074,21.84695780813141,21.982114791870117,23300,0.0,0.0
2023-08-23 00:00:00-04:00,22.165540279113547,22.26208046081124,21.91453838459067,22.136579513549805,18000,0.0,0.0
2023-08-24 00:00:00-04:00,22.001426889052077,22.445509197936964,21.953155871987835,22.097965240478516,22300,0.0,0.0
2023-08-25 00:00:00-04:00,22.175194741795796,22.493776056193358,21.91453864190749,21.953153610229492,20700,0.0,0.0
2023-08-28 00:00:00-04:00,22.223464947365372,22.223464947365372,21.8276518693376,21.943498611450195,15600,0.0,0.0
2023-08-29 00:00:00-04:00,22.29104281029005,22.513083936684865,22.184848427513923,22.320005416870117,22300,0.0,0.0
2023-08-30 00:00:00-04:00,22.262078963044384,22.81235556794323,21.924189270510677,22.165538787841797,26600,0.0,0.0
2023-08-31 00:00:00-04:00,22.23312295164461,22.609627689924885,21.96281077156967,22.059350967407227,60600,0.0,0.0
2023-09-01 00:00:00-04:00,22.291045288719612,23.208174344200717,22.291045288719612,23.00543975830078,34800,0.0,0.0
2023-09-05 00:00:00-04:00,22.957167103074084,22.957167103074084,22.31035031306489,22.426197052001953,37700,0.0,0.0
2023-09-06 00:00:00-04:00,22.686856096999907,22.686856096999907,21.92419068903961,21.972461700439453,28900,0.0,0.0
2023-09-07 00:00:00-04:00,21.933843911396178,22.387582191529336,21.72145699477794,22.31035041809082,93500,0.0,0.0
2023-09-08 00:00:00-04:00,22.175194796641527,22.503430314269117,22.06900225248025,22.117271423339844,22100,0.0,0.0
2023-09-11 00:00:00-04:00,22.329657084260777,22.49377483374954,22.252425310463167,22.358619689941406,34900,0.0,0.0
2023-09-12 00:00:00-04:00,22.484123544477555,22.599970290018195,22.38758336229314,22.464815139770508,16200,0.0,0.0
2023-09-13 00:00:00-04:00,22.53239494534078,23.295058593255817,22.252428573427622,22.44550895690918,42000,0.0,0.0
2023-09-14 00:00:00-04:00,22.55170075273199,23.14059235591032,22.55170075273199,22.764087677001953,25300,0.0,0.0
2023-09-15 00:00:00-04:00,22.764087990364843,22.92820574726244,22.204157144717307,22.300697326660156,98400,0.0,0.0
2023-09-18 00:00:00-04:00,22.320006099907914,22.320006099907914,21.721458435058594,21.721458435058594,37500,0.0,0.0
2023-09-19 00:00:00-04:00,21.682844351629644,21.818001362117343,21.431842420761946,21.451148986816406,27000,0.0,0.0
2023-09-20 00:00:00-04:00,21.470452393916986,21.808342079417677,21.277373888881343,21.296680450439453,19300,0.0,0.0
2023-09-21 00:00:00-04:00,21.325645292041983,21.402877070428634,21.007063976028196,21.113258361816406,27000,0.0,0.0
2023-09-22 00:00:00-04:00,21.084294516139924,21.122909482389982,20.75605901693613,20.958791732788086,16800,0.0,0.0
2023-09-25 00:00:00-04:00,20.94914396896146,21.47045809650529,20.86225797414563,21.412534713745117,24700,0.0,0.0
2023-09-26 00:00:00-04:00,21.441490952901184,21.441490952901184,20.987754508030935,21.007062911987305,15300,0.0,0.0
2023-09-27 00:00:00-04:00,21.190488895691367,21.383567409643124,20.900868362737633,20.958791732788086,15900,0.0,0.0
2023-09-28 00:00:00-04:00,20.92017714577634,21.547685549858727,20.842945370525445,20.939485549926758,23600,0.0,0.0
2023-09-29 00:00:00-04:00,21.01671572441639,21.093947493784842,20.82363538031994,20.920175552368164,21600,0.0,0.0
2023-10-02 00:00:00-04:00,21.509069335250345,21.509069335250345,20.311975967624836,20.505054473876953,23900,0.0,0.0
2023-10-03 00:00:00-04:00,20.44713355050239,21.248413958547392,19.61689053444942,19.694122314453125,46700,0.0,0.0
2023-10-04 00:00:00-04:00,19.703775029387643,19.85823857773227,19.45277130298994,19.5589656829834,72200,0.0,0.0
2023-10-05 00:00:00-04:00,19.69411858129911,19.925813877390805,19.414154122361435,19.85823631286621,99200,0.0,0.0
2023-10-06 00:00:00-04:00,19.74239171190528,20.57263281865299,19.655505736343784,20.234743118286133,32600,0.0,0.0
2023-10-09 00:00:00-04:00,20.022359554199944,20.21543994141695,19.5010454548757,19.761701583862305,99100,0.0,0.0
2023-10-10 00:00:00-04:00,19.549311375051484,20.476092660094466,19.549311375051484,19.67481231689453,195700,0.0,0.0
2023-10-11 00:00:00-04:00,19.848585549832677,20.437479013573736,19.587929447427566,20.157512664794922,70800,0.0,0.0
2023-10-12 00:00:00-04:00,20.23474536165018,20.23474536165018,19.684468682987024,20.051321029663086,62100,0.0,0.0
2023-10-13 00:00:00-04:00,20.215436427267495,20.215436427267495,19.616888804024118,19.74239158630371,29200,0.0,0.0
2023-10-16 00:00:00-04:00,19.88720231952302,20.15751262389104,19.742392964847173,19.82927894592285,41600,0.0,0.0
2023-10-17 00:00:00-04:00,19.694123292115368,20.398863549802968,19.694123292115368,20.08028221130371,95300,0.0,0.0
2023-10-18 00:00:00-04:00,19.993395449028846,20.12855244651698,19.732739339528592,19.906511306762695,45200,0.0,0.0
2023-10-19 00:00:00-04:00,20.022358374833036,20.138206968609673,19.703777043635945,19.887203216552734,33700,0.0,0.0
2023-10-20 00:00:00-04:00,19.887201763555193,19.887201763555193,19.298308317472266,19.356231689453125,39400,0.0,0.0
2023-10-23 00:00:00-04:00,19.05695644713084,19.530001249844837,18.98937888122178,19.04730224609375,28600,0.0,0.0
2023-10-24 00:00:00-04:00,19.25004054082349,19.25004054082349,18.69976386380525,18.99903678894043,23000,0.0,0.0
2023-10-25 00:00:00-04:00,18.921802923051214,19.3658851603865,18.892840317479063,19.34657859802246,30800,0.0,0.0
2023-10-26 00:00:00-04:00,19.25003947727085,20.505056325996335,19.25003947727085,20.340938568115234,39000,0.0,0.0
2023-10-27 00:00:00-04:00,20.215437026652125,20.62090430826466,19.752044532415823,19.819623947143555,20100,0.0,0.0
2023-10-30 00:00:00-04:00,20.051321082752736,20.147861271152095,19.829279938379873,19.93547248840332,23100,0.0,0.0
2023-10-31 00:00:00-04:00,19.877545997709735,19.916160962209148,19.72308245701078,19.896854400634766,24800,0.0,0.0
2023-11-01 00:00:00-04:00,19.84858342838133,19.858237629860895,19.520347943478612,19.781005859375,21200,0.0,0.0
2023-11-02 00:00:00-04:00,20.032012800487426,20.75606145592673,20.032012800487426,20.707792282104492,37000,0.0,0.0
2023-11-03 00:00:00-04:00,21.238758087158203,21.721457134593617,20.765713241633584,21.238758087158203,31400,0.0,0.0
2023-11-06 00:00:00-05:00,21.20979760260059,21.83730790010402,20.891216273086187,21.17118263244629,27800,0.0,0.0
2023-11-07 00:00:00-05:00,21.142219073500765,21.142219073500765,20.65951999948773,20.949140548706055,26200,0.0,0.0
2023-11-08 00:00:00-05:00,20.81398732150877,20.81398732150877,20.340942364355293,20.78502655029297,16200,0.0,0.0
2023-11-09 00:00:00-05:00,21.007060436649937,21.016714637490534,20.65951657179058,20.813980102539062,22800,0.0,0.0
2023-11-10 00:00:00-05:00,20.85259860841248,21.06498552019435,20.649864056908743,20.881559371948242,23600,0.0,0.0
2023-11-13 00:00:00-05:00,20.75605949488951,21.093949203774145,20.736751090644496,20.987754821777344,18800,0.0,0.0
2023-11-14 00:00:00-05:00,21.72145432938523,22.78339246486972,21.20013854163175,22.69650650024414,45700,0.0,0.0
2023-11-15 00:00:00-05:00,22.551019667290596,22.948693414498194,20.446257757676538,22.269737243652344,25000,0.11,0.0
2023-11-16 00:00:00-05:00,22.027250289916992,22.104846962190667,21.74596975295089,22.027250289916992,12900,0.0,0.0
2023-11-17 00:00:00-05:00,22.298834865068212,22.502522445961812,22.201840867023957,22.260038375854492,27600,0.0,0.0
2023-11-20 00:00:00-05:00,22.192141586028736,22.211540755904487,21.77507053374003,21.87206268310547,24900,0.0,0.0
2023-11-21 00:00:00-05:00,21.687774658203125,22.06604919526268,21.639276736781042,21.687774658203125,21700,0.0,0.0
2023-11-22 00:00:00-05:00,21.969055475596207,22.3376322829609,21.697474512281765,21.939958572387695,15800,0.0,0.0
2023-11-24 00:00:00-05:00,21.84296743715604,21.99815710793457,21.765372601766778,21.90116310119629,10100,0.0,0.0
2023-11-27 00:00:00-05:00,21.881762305794364,22.531619697699927,21.881762305794364,22.357030868530273,40600,0.0,0.0
2023-11-28 00:00:00-05:00,22.463723149742844,22.463723149742844,21.998154198972532,22.22123908996582,104000,0.0,0.0
2023-11-29 00:00:00-05:00,22.366728450517027,22.919591793373563,22.366728450517027,22.793500900268555,19200,0.0,0.0
2023-11-30 00:00:00-05:00,23.016589555458722,24.01562467992911,22.260040372856288,22.386131286621094,46300,0.0,0.0
2023-12-01 00:00:00-05:00,22.822600809422173,23.317268522844305,22.48312274922974,23.084482192993164,72200,0.0,0.0
2023-12-04 00:00:00-05:00,22.987489666201817,24.00592197989156,22.735306021381966,23.83133316040039,30500,0.0,0.0
2023-12-05 00:00:00-05:00,23.850736388501073,23.850736388501073,23.365768185156206,23.394866943359375,19500,0.0,0.0
2023-12-06 00:00:00-05:00,23.676144764096385,24.587885397516978,23.676144764096385,23.763439178466797,23400,0.0,0.0
2023-12-07 00:00:00-05:00,23.72464094797446,24.170812606811523,23.656745703153025,24.170812606811523,16900,0.0,0.0
2023-12-08 00:00:00-05:00,24.035021973474677,24.568486193888067,24.035021973474677,24.32600212097168,25400,0.0,0.0
2023-12-11 00:00:00-05:00,24.083517791601277,25.66451311617792,23.95742688903037,24.07381820678711,40900,0.0,0.0
2023-12-12 00:00:00-05:00,23.85073226115172,24.08351673647327,23.744038682876884,23.90892791748047,15400,0.0,0.0
2023-12-13 00:00:00-05:00,23.870133104629602,25.60631813196392,23.870133104629602,25.189245223999023,97900,0.0,0.0
2023-12-14 00:00:00-05:00,25.73241085468353,26.440463913800553,25.509324098380798,26.033090591430664,66800,0.0,0.0
2023-12-15 00:00:00-05:00,26.217378603713414,26.450163091481414,25.519023290402753,25.93609619140625,143100,0.0,0.0
2023-12-18 00:00:00-05:00,26.01369364704513,26.20768166477379,25.392934950324367,25.722713470458984,54600,0.0,0.0
2023-12-19 00:00:00-05:00,25.848802423877267,26.518058999206584,25.848802423877267,26.285274505615234,35900,0.0,0.0
2023-12-20 00:00:00-05:00,26.362869735045653,27.36190297054892,26.353170149748653,26.38226890563965,36000,0.0,0.0
2023-12-21 00:00:00-05:00,26.556853762413834,26.68294651116165,26.2658736268531,26.61505126953125,25600,0.0,0.0
2023-12-22 00:00:00-05:00,26.896332877633885,27.109720045437633,26.605352730637243,26.77994155883789,20600,0.0,0.0
2023-12-26 00:00:00-05:00,26.98363074542435,26.98363074542435,26.63445304433109,26.88663673400879,28200,0.0,0.0
2023-12-27 00:00:00-05:00,27.051525582260055,27.051525582260055,26.750845816503595,26.867238998413086,23100,0.0,0.0
2023-12-28 00:00:00-05:00,26.96422585551572,27.01272377594322,26.440461264944286,26.605350494384766,24600,0.0,0.0
2023-12-29 00:00:00-05:00,25.616019483236414,27.08062362962829,25.616019483236414,26.110687255859375,26300,0.0,0.0
2024-01-02 00:00:00-05:00,25.906997680664062,26.22707843561694,25.431729115744346,25.906997680664062,33800,0.0,0.0
2024-01-03 00:00:00-05:00,25.83910449902997,25.848804084803696,25.25714415266083,25.266841888427734,35500,0.0,0.0
2024-01-04 00:00:00-05:00,25.34443306263581,26.06218750613001,25.34443306263581,25.39293098449707,26100,0.0,0.0
2024-01-05 00:00:00-05:00,25.160149425829474,25.926398179985696,25.160149425829474,25.557823181152344,41500,0.0,0.0
2024-01-08 00:00:00-05:00,25.354131393616886,25.693609429837252,25.25713925470232,25.460824966430664,16000,0.0,0.0
2024-01-09 00:00:00-05:00,25.14075270790202,25.247446308767252,24.772177673105592,25.218347549438477,37500,0.0,0.0
2024-01-10 00:00:00-05:00,25.101951505212767,25.33473785333507,25.03405625784657,25.257143020629883,21100,0.0,0.0
2024-01-11 00:00:00-05:00,24.9952599507569,25.664514694020223,24.937062438293932,25.50932502746582,48500,0.0,0.0
2024-01-12 00:00:00-05:00,25.674212218909386,25.95549462321873,25.266838914396732,25.664512634277344,23500,0.0,0.0
2024-01-16 00:00:00-05:00,25.237743547915606,25.751808614682805,23.55005456927036,25.286239624023438,52200,0.0,0.0
2024-01-17 00:00:00-05:00,25.03405635057771,25.732411697517996,24.791572266224943,25.38323402404785,37100,0.0,0.0
2024-01-18 00:00:00-05:00,25.3056375322681,25.49962552703708,25.218343119622723,25.35413360595703,16200,0.0,0.0
2024-01-19 00:00:00-05:00,25.548124313354492,25.848804072165784,25.10195261801523,25.548124313354492,24000,0.0,0.0
2024-01-22 00:00:00-05:00,25.87790221247004,26.653850555419922,25.87790221247004,26.653850555419922,22600,0.0,0.0
2024-01-23 00:00:00-05:00,26.81873978599226,26.81873978599226,25.84880343315343,25.96519660949707,29800,0.0,0.0
2024-01-24 00:00:00-05:00,26.33376942013862,26.760541897907014,26.11068452153497,26.479259490966797,16500,0.0,0.0
2024-01-25 00:00:00-05:00,26.925434112548828,27.381303544837348,26.130086577489063,26.925434112548828,37000,0.0,0.0
2024-01-26 00:00:00-05:00,27.148514361249774,30.05832299825412,26.857534237551942,28.215444564819336,136800,0.0,0.0
2024-01-29 00:00:00-05:00,28.02146012743281,29.214483225542644,27.643185548767622,27.96326446533203,34000,0.0,0.0
2024-01-30 00:00:00-05:00,27.89536759935497,28.04085767116877,27.643183944874615,27.652883529663086,15400,0.0,0.0
2024-01-31 00:00:00-05:00,27.352204999270313,27.681983496496063,26.27557509067997,26.333770751953125,27000,0.0,0.0
2024-02-01 00:00:00-05:00,26.207678873809783,26.207678873809783,25.460827490098627,26.091285705566406,27600,0.0,0.0
2024-02-02 00:00:00-05:00,25.64511712743257,26.217379711120103,25.606318786162422,25.819705963134766,24400,0.0,0.0
2024-02-05 00:00:00-05:00,25.48992624507372,25.79060597553122,24.86916576444341,25.325037002563477,84900,0.0,0.0
2024-02-06 00:00:00-05:00,25.325039562620322,25.77120941098182,24.791573441745292,25.111652374267578,32100,0.0,0.0
2024-02-07 00:00:00-05:00,24.98555844603738,25.286238170638452,24.277505415522402,25.024354934692383,38700,0.0,0.0
2024-02-08 00:00:00-05:00,25.160146956147877,25.79060515148175,25.034054207077148,25.13104820251465,18300,0.0,0.0
2024-02-09 00:00:00-05:00,25.218345565217078,25.848803834346146,25.043756722995255,25.780908584594727,23300,0.0,0.0
2024-02-12 00:00:00-05:00,26.071888283334353,26.76054405408451,26.071888283334353,26.527759552001953,38500,0.0,0.0
2024-02-13 00:00:00-05:00,25.780906229368608,25.780906229368608,24.791570780497327,25.198944091796875,78300,0.0,0.0
2024-02-14 00:00:00-05:00,25.559347344404298,25.559347344404298,24.702174920280477,25.198945999145508,29300,0.11,0.0
2024-02-15 00:00:00-05:00,25.50090372117697,26.533407312101367,25.403497301382686,26.260669708251953,45800,0.0,0.0
2024-02-16 00:00:00-05:00,26.056118226239914,26.12430216359096,25.539865495353045,25.549606323242188,45000,0.0,0.0
2024-02-20 00:00:00-05:00,25.364536428611473,25.569088242774644,24.994392396497684,25.004133224487305,21700,0.0,0.0
2024-02-21 00:00:00-05:00,25.500904159197237,25.54960644099446,25.257389034465213,25.354795455932617,34300,0.0,0.0
2024-02-22 00:00:00-05:00,25.306089370032346,25.48142054361478,25.169721505189482,25.384014129638672,45500,0.0,0.0
2024-02-23 00:00:00-05:00,25.335315618746577,25.724939474712166,25.3255747901133,25.491165161132812,20500,0.0,0.0
2024-02-26 00:00:00-05:00,25.286609585087277,25.588569676524237,25.286609585087277,25.500904083251953,24100,0.0,0.0
2024-02-27 00:00:00-05:00,25.802858444707287,25.841821750480364,25.325569096223187,25.461936950683594,17700,0.0,0.0
2024-02-28 00:00:00-05:00,25.228166546079592,25.56908809221708,24.994392249324076,25.325572967529297,22900,0.0,0.0
2024-02-29 00:00:00-05:00,25.793121450036832,26.134042994707123,24.994392141758,25.569087982177734,40500,0.0,0.0
2024-03-01 00:00:00-05:00,25.345056575436193,25.491165289927366,25.169725374897542,25.247650146484375,31500,0.0,0.0
2024-03-04 00:00:00-05:00,25.7346767431325,25.7346767431325,24.74113465446505,24.789838790893555,18200,0.0,0.0
2024-03-05 00:00:00-05:00,25.306089383656214,25.78337876873601,25.237905451198074,25.442459106445312,14200,0.0,0.0
2024-03-06 00:00:00-05:00,25.4327203269748,25.5106450928972,24.867765309569144,25.072317123413086,34900,0.0,0.0
2024-03-07 00:00:00-05:00,25.452202107047906,25.617792479761874,24.848285588589743,25.01387596130371,17500,0.0,0.0
2024-03-08 00:00:00-05:00,25.42297961868068,25.49116355694964,24.80932045851408,24.867765426635742,40900,0.0,0.0
2024-03-11 00:00:00-04:00,24.819061206962626,25.062576333069888,24.585286908844413,24.99439239501953,20500,0.0,0.0
2024-03-12 00:00:00-04:00,24.799577683447247,25.043092791216555,24.624248366466524,24.887243270874023,12900,0.0,0.0
2024-03-13 00:00:00-04:00,24.750877197781726,25.286609730528895,24.750877197781726,25.169723510742188,28400,0.0,0.0
2024-03-14 00:00:00-04:00,25.306087777502754,25.306087777502754,24.429433822631836,24.429433822631836,31300,0.0,0.0
2024-03-15 00:00:00-04:00,24.22488586062503,24.994392702496377,24.18592254818952,24.36125373840332,100800,0.0,0.0
2024-03-18 00:00:00-04:00,24.273588295222712,24.50736259767995,24.01059150825594,24.02033233642578,31000,0.0,0.0
2024-03-19 00:00:00-04:00,24.000850637221884,24.458660271021905,24.000850637221884,24.069034576416016,15900,0.0,0.0
2024-03-20 00:00:00-04:00,24.000851940231314,25.296352428871682,24.000851940231314,25.20868682861328,23400,0.0,0.0
2024-03-21 00:00:00-04:00,25.208684924309313,25.442461079253967,24.984651455183062,25.228166580200195,29400,0.0,0.0
2024-03-22 00:00:00-04:00,25.306089537027503,25.306089537027503,24.896984081926405,25.033353805541992,19700,0.0,0.0
2024-03-25 00:00:00-04:00,24.984651424419155,25.38401608032567,24.984651424419155,25.345054626464844,26200,0.0,0.0
2024-03-26 00:00:00-04:00,25.461940995769847,25.461940995769847,25.02361488342285,25.02361488342285,17900,0.0,0.0
2024-03-27 00:00:00-04:00,25.247647986682253,25.919750245294605,25.247647986682253,25.812602996826172,34600,0.0,0.0
2024-03-28 00:00:00-04:00,25.91974803965581,26.82562451594503,25.715194387974638,26.63081169128418,36400,0.0,0.0
2024-04-01 00:00:00-04:00,26.494446235089214,26.494446235089214,25.189205021782918,25.500904083251953,36800,0.0,0.0
2024-04-02 00:00:00-04:00,25.07231719599162,25.07231719599162,24.49762134894793,24.89698600769043,18400,0.0,0.0
2024-04-03 00:00:00-04:00,24.799581529113468,24.926210445198613,24.721656756858422,24.819063186645508,13700,0.0,0.0
2024-04-04 00:00:00-04:00,25.140499144341028,25.364534454923582,24.7800978261337,25.052833557128906,23100,0.0,0.0
2024-04-05 00:00:00-04:00,24.789838714064565,25.150240033154354,24.585285057444477,24.887243270874023,15500,0.0,0.0
2024-04-08 00:00:00-04:00,24.88724514942499,25.33531394763573,24.88724514942499,25.02361488342285,9300,0.0,0.0
2024-04-09 00:00:00-04:00,24.98465164422223,24.98465164422223,24.672952579101594,24.848283767700195,5700,0.0,0.0
2024-04-10 00:00:00-04:00,24.614507988874657,24.70217357790293,22.939122827776885,23.74759292602539,112800,0.0,0.0
2024-04-11 00:00:00-04:00,23.572265461321873,24.098257179021843,23.377452613063802,23.83526039123535,22500,0.0,0.0
2024-04-12 00:00:00-04:00,23.494337046331943,23.87421999780183,23.494337046331943,23.543039321899414,18600,0.0,0.0
2024-04-15 00:00:00-04:00,23.883964693207595,23.883964693207595,23.484600023672655,23.533302307128906,23900,0.0,0.0
2024-04-16 00:00:00-04:00,23.591747518924567,23.591747518924567,23.20212364297222,23.231346130371094,21200,0.0,0.0
2024-04-17 00:00:00-04:00,23.270303764056457,23.513818878733893,23.20211982920644,23.21186065673828,25100,0.0,0.0
2024-04-18 00:00:00-04:00,23.17290296762741,23.854744284727538,23.17290296762741,23.328752517700195,34800,0.0,0.0
2024-04-19 00:00:00-04:00,23.221603153543892,23.961889378323164,23.221603153543892,23.66967010498047,48700,0.0,0.0
2024-04-22 00:00:00-04:00,23.825523170887244,24.497625555492416,23.825523170887244,24.18592643737793,38900,0.0,0.0
2024-04-23 00:00:00-04:00,24.273588027609666,24.780099939619298,24.273588027609666,24.58528709411621,38000,0.0,0.0
2024-04-24 00:00:00-04:00,24.711915559850908,25.6080512889942,24.517102717825992,25.539865493774414,40600,0.0,0.0
2024-04-25 00:00:00-04:00,25.04309449597567,25.520385774622262,24.82880185538535,25.413238525390625,32100,0.0,0.0
2024-04-26 00:00:00-04:00,25.539865571029015,25.63727199233611,25.0917986340385,25.40349769592285,17200,0.0,0.0
2024-04-29 00:00:00-04:00,25.53012683544445,25.53012683544445,24.887247003152225,25.10154151916504,13800,0.0,0.0
2024-04-30 00:00:00-04:00,25.072315256665853,25.2476464314053,24.789838697931167,25.033353805541992,75000,0.0,0.0
2024-05-01 00:00:00-04:00,25.549604476036215,25.744417303988435,25.325571024402134,25.384014129638672,24400,0.0,0.0
2024-05-02 00:00:00-04:00,25.559347081049356,25.84182551544111,25.325572785969772,25.724937438964844,27500,0.0,0.0
2024-05-03 00:00:00-04:00,26.348335445956714,26.348335445956714,25.88078685780663,25.948970794677734,30400,0.0,0.0
2024-05-06 00:00:00-04:00,26.241193818584215,26.289896106797926,25.9197538859034,26.153528213500977,42600,0.0,0.0
2024-05-07 00:00:00-04:00,26.153524182528464,26.71847918494924,26.153524182528464,26.601591110229492,49500,0.0,0.0
2024-05-08 00:00:00-04:00,26.49444746677193,27.108104790332877,26.49444746677193,26.981477737426758,25200,0.0,0.0
2024-05-09 00:00:00-04:00,27.06914317372221,27.302917479300884,26.952255091996356,27.293176651000977,22700,0.0,0.0
2024-05-10 00:00:00-04:00,27.410060994272015,27.429542649535207,26.99121469547787,27.21525001525879,17700,0.0,0.0
2024-05-13 00:00:00-04:00,27.137328786448226,27.828910917507216,27.069144842019664,27.67306137084961,29100,0.0,0.0
2024-05-14 00:00:00-04:00,28.00423837203876,28.00423837203876,27.04965956211615,27.468505859375,21600,0.0,0.0
2024-05-15 00:00:00-04:00,27.54673759149281,27.96722412109375,27.3609408275683,27.96722412109375,19800,0.11,0.0
2024-05-16 00:00:00-04:00,27.85965536905668,28.03567314753367,27.664081510308723,27.830318450927734,23400,0.0,0.0
2024-05-17 00:00:00-04:00,28.0258960351554,28.377931615477166,28.00633808843787,28.309480667114258,38900,0.0,0.0
2024-05-20 00:00:00-04:00,28.17257696045999,29.140672943093907,27.84009932620408,27.94766616821289,45800,0.0,0.0
2024-05-21 00:00:00-04:00,27.644525378789787,28.397489540503543,27.624967432087193,28.24102783203125,29900,0.0,0.0
2024-05-22 00:00:00-04:00,27.928108145383572,28.583284438732818,27.928108145383572,28.24102783203125,43400,0.0,0.0
2024-05-23 00:00:00-04:00,28.162798095928864,28.241028018106228,27.458728796332608,27.478286743164062,50400,0.0,0.0
2024-05-24 00:00:00-04:00,27.615188628717217,27.70319752427216,27.321826886966388,27.576074600219727,26100,0.0,0.0
2024-05-28 00:00:00-04:00,27.615184821078717,27.624963793141863,26.871999730613577,27.038238525390625,52500,0.0,0.0
2024-05-29 00:00:00-04:00,26.65687185460086,26.813331700287193,26.33417318972923,26.431961059570312,26700,0.0,0.0
2024-05-30 00:00:00-04:00,26.62753291176114,27.253374112122753,26.62753291176114,26.950231552124023,19500,0.0,0.0
2024-05-31 00:00:00-04:00,26.969789516037405,27.22403721242835,26.81332968212734,26.999126434326172,35800,0.0,0.0
2024-06-03 00:00:00-04:00,27.33160594186223,27.33160594186223,26.549304852946946,27.01868438720703,43100,0.0,0.0
2024-06-04 00:00:00-04:00,26.83288768471923,27.087135381650885,26.55908204222013,26.58841896057129,35300,0.0,0.0
2024-06-05 00:00:00-04:00,26.87200353404994,27.018684405461762,26.637313766761334,26.940454483032227,23100,0.0,0.0
2024-06-06 00:00:00-04:00,26.783992740258267,27.28270915983817,26.783992740258267,27.048019409179688,14300,0.0,0.0
2024-06-07 00:00:00-04:00,26.81332966383321,27.136028304196092,26.79377171832071,26.950231552124023,25100,0.0,0.0
2024-06-10 00:00:00-04:00,26.8915596117728,26.8915596117728,26.55908199826992,26.69598388671875,53200,0.0,0.0
2024-06-11 00:00:00-04:00,26.48085206688034,27.067577376575144,26.431959068217587,26.88178062438965,23300,0.0,0.0
2024-06-12 00:00:00-04:00,27.673860503701864,28.44638261407247,27.673860503701864,28.065011978149414,56600,0.0,0.0
2024-06-13 00:00:00-04:00,27.644523608129063,27.752088577806767,27.321824968799273,27.722753524780273,61300,0.0,0.0
2024-06-14 00:00:00-04:00,27.302267092552956,27.527177870351732,26.891559562805988,27.126249313354492,37400,0.0,0.0
2024-06-17 00:00:00-04:00,26.92089643495141,27.468505851960106,26.92089643495141,27.44894790649414,18200,0.0,0.0
2024-06-18 00:00:00-04:00,27.693416597881487,28.01611523710962,27.595628735811196,27.810762405395508,23100,0.0,0.0
2024-06-20 00:00:00-04:00,27.556512855770013,27.986778300837358,27.39027406098137,27.41961097717285,16100,0.0,0.0
2024-06-21 00:00:00-04:00,27.419614834444296,27.439170916174806,27.008907275728063,27.145809173583984,59100,0.0,0.0
2024-06-24 00:00:00-04:00,27.29249003266675,27.752090593226303,27.18492319002896,27.24359703063965,44000,0.0,0.0
2024-06-25 00:00:00-04:00,27.370719921695994,27.527179766170512,27.126251181561003,27.272932052612305,23500,0.0,0.0
2024-06-26 00:00:00-04:00,27.067573543908615,27.918323537126987,27.028457658398395,27.712970733642578,31800,0.0,0.0
2024-06-27 00:00:00-04:00,27.38049871374788,28.182355877655315,27.38049871374788,28.172576904296875,33300,0.0,0.0
2024-06-28 00:00:00-04:00,28.358373460378118,29.48292927629446,28.338815513804303,29.365585327148438,331600,0.0,0.0
2024-07-01 00:00:00-04:00,29.355806331742677,29.56115917516771,29.10155862191994,29.29713249206543,70400,0.0,0.0
2024-07-02 00:00:00-04:00,29.46337129268453,29.795848923427737,29.46337129268453,29.512266159057617,24800,0.0,0.0
2024-07-03 00:00:00-04:00,29.678505087405195,29.698063034028877,28.563726376785038,28.808195114135742,15100,0.0,0.0
2024-07-05 00:00:00-04:00,28.66151440863064,29.101558884437292,27.996559140811012,28.12368392944336,27400,0.0,0.0
2024-07-08 00:00:00-04:00,28.46594050435593,28.544170426060564,28.113904924110862,28.2899227142334,26600,0.0,0.0
2024-07-09 00:00:00-04:00,28.241027765927267,28.671293266634926,27.898773025175274,28.5637264251709,31400,0.0,0.0
2024-07-10 00:00:00-04:00,28.397485667256102,29.09177589416504,28.16279406913242,29.09177589416504,25400,0.0,0.0
2024-07-11 00:00:00-04:00,29.795848731398333,31.04752932525578,29.189567313467013,30.597707748413086,57100,0.0,0.0
2024-07-12 00:00:00-04:00,31.12575721707921,31.83960729381059,30.70527072212942,31.018190383911133,43900,0.0,0.0
2024-07-15 00:00:00-04:00,31.399566409649243,32.485008241383404,31.399566409649243,32.19164276123047,41000,0.0,0.0
2024-07-16 00:00:00-04:00,32.63168320457488,34.82212454377441,32.63168320457488,34.352745056152344,91900,0.0,0.0
2024-07-17 00:00:00-04:00,34.10828017128711,34.978588302159075,33.70735158076305,34.21584701538086,107200,0.0,0.0
2024-07-18 00:00:00-04:00,33.85403460508882,34.58744092332045,33.16952129534648,33.443328857421875,47300,0.0,0.0
2024-07-19 00:00:00-04:00,33.55089194947634,34.049606548581394,33.18907552060126,33.218414306640625,29900,0.0,0.0
2024-07-22 00:00:00-04:00,33.20862583035342,34.078933766656974,32.885929100512136,33.68778610229492,43400,0.0,0.0
2024-07-23 00:00:00-04:00,33.46287901472771,34.70478053871373,33.384647235123914,34.606990814208984,49100,0.0,0.0
2024-07-24 00:00:00-04:00,34.323402424559276,34.440750081027815,32.993495890581215,33.140174865722656,51000,0.0,0.0
2024-07-25 00:00:00-04:00,33.44332499199519,34.4700929727847,33.345535256021854,33.41398620605469,65400,0.0,0.0
2024-07-26 00:00:00-04:00,33.932258615199984,34.088718444635454,33.13040152305612,34.059383392333984,91100,0.0,0.0
2024-07-29 00:00:00-04:00,34.34296038823611,34.34296038823611,33.27707675492221,33.42375946044922,49100,0.0,0.0
2024-07-30 00:00:00-04:00,33.433540298973135,34.11805345068662,33.433540298973135,34.04960250854492,57400,0.0,0.0
2024-07-31 00:00:00-04:00,34.28430162184133,35.58487353750547,32.88593996007253,34.68523025512695,98300,0.0,0.0
2024-08-01 00:00:00-04:00,34.694995929019505,34.694995929019505,33.081504818226485,33.23796463012695,55700,0.0,0.0
2024-08-02 00:00:00-04:00,31.976509029647275,33.286861506076505,31.223544931297226,32.5534553527832,58400,0.0,0.0
2024-08-05 00:00:00-04:00,30.98886087134552,31.89828310154924,30.656383204976944,31.565805435180664,46700,0.0,0.0
2024-08-06 00:00:00-04:00,31.546245601972945,32.41655747834065,31.48757548984049,31.64403533935547,53200,0.0,0.0
2024-08-07 00:00:00-04:00,32.06452379988217,32.70014034450334,31.487577370898382,31.565805435180664,30800,0.0,0.0
2024-08-08 00:00:00-04:00,32.13297259234487,32.88593677815863,31.92761974084031,32.43611145019531,37000,0.0,0.0
2024-08-09 00:00:00-04:00,32.338325617507664,32.925049119327724,31.546245532783235,31.849388122558594,25100,0.0,0.0
2024-08-12 00:00:00-04:00,32.00584421454956,32.00584421454956,31.48757172443885,31.614696502685547,28300,0.0,0.0
2024-08-13 00:00:00-04:00,32.11340902805452,32.11340902805452,31.536462738814734,31.89827537536621,16700,0.0,0.0
2024-08-14 00:00:00-04:00,31.996068979480164,31.996068979480164,31.526689459598153,31.820051193237305,23200,0.0,0.0
2024-08-15 00:00:00-04:00,32.61481687278579,33.213340722925636,32.42838803647615,32.536319732666016,24600,0.11,0.0
2024-08-16 00:00:00-04:00,32.408766065349035,33.34089908460018,32.408766065349035,33.007293701171875,72800,0.0,0.0
2024-08-19 00:00:00-04:00,33.30165233560304,33.6941305998198,33.105416946444784,33.409584045410156,28200,0.0,0.0
2024-08-20 00:00:00-04:00,33.10541349454806,33.10541349454806,32.703125,32.703125,16700,0.0,0.0
2024-08-21 00:00:00-04:00,32.61481760102488,33.16428262233341,32.497071888216134,33.15447235107422,21800,0.0,0.0
2024-08-22 00:00:00-04:00,33.53712912039044,34.322081650231425,32.654055184976265,33.12502670288086,37300,0.0,0.0
2024-08-23 00:00:00-04:00,33.4488285961806,35.32290478359207,33.066164393230295,35.018733978271484,49300,0.0,0.0
2024-08-26 00:00:00-04:00,35.04817198438731,35.175724222337685,34.38096126684054,34.8224983215332,32800,0.0,0.0
2024-08-27 00:00:00-04:00,34.46926567572079,35.244404278727444,34.39076854263442,34.86174011230469,44500,0.0,0.0
2024-08-28 00:00:00-04:00,34.62625499753905,35.597632656609036,34.57719616253689,35.20515823364258,29600,0.0,0.0
2024-08-29 00:00:00-04:00,35.61726394141809,35.61726394141809,34.83231119821726,35.264034271240234,21000,0.0,0.0
2024-08-30 00:00:00-04:00,35.20516076624464,35.84293315305139,35.20516076624464,35.77425003051758,19400,0.0,0.0
2024-09-03 00:00:00-04:00,35.764439661806925,35.764439661806925,34.82249648997245,34.87155532836914,33300,0.0,0.0
2024-09-04 00:00:00-04:00,34.596822171403524,34.84212012814134,34.28284108621511,34.47908020019531,15700,0.0,0.0
2024-09-05 00:00:00-04:00,34.665508030634186,34.665508030634186,33.841306770342314,34.11603927612305,20800,0.0,0.0
2024-09-06 00:00:00-04:00,33.90017863820046,34.23378402645706,33.32127528043018,33.52732467651367,22300,0.0,0.0
2024-09-09 00:00:00-04:00,33.56657408381198,34.25340916410278,33.29184154887568,33.7922477722168,48000,0.0,0.0
2024-09-10 00:00:00-04:00,33.782432447936124,34.20434520231995,33.21333943301858,34.13566207885742,30700,0.0,0.0
2024-09-11 00:00:00-04:00,33.76281109389455,33.76281109389455,32.63443897973831,33.419395446777344,23300,0.0,0.0
2024-09-12 00:00:00-04:00,33.63525560357715,33.70393873401551,33.04654198754845,33.48807907104492,19900,0.0,0.0
2024-09-13 00:00:00-04:00,33.94923412571405,34.63606912100992,33.90998929911541,34.626258850097656,19700,0.0,0.0
2024-09-16 00:00:00-04:00,34.56738516610416,34.97948765057042,34.28283865813335,34.81268310546875,34200,0.0,0.0
2024-09-17 00:00:00-04:00,35.273848006154715,35.666322503167144,34.822500650262974,35.06779861450195,36500,0.0,0.0
2024-09-18 00:00:00-04:00,34.98929991837265,36.09804771561177,34.17491265953222,35.08741760253906,44900,0.0,0.0
2024-09-19 00:00:00-04:00,35.98029962184432,35.98029962184432,35.057980725691394,35.872371673583984,43700,0.0,0.0
2024-09-20 00:00:00-04:00,35.52895326646036,35.52895326646036,34.45945408223265,34.52813720703125,274400,0.0,0.0
2024-09-23 00:00:00-04:00,34.56738860655006,34.822500584931916,33.851119001470046,34.39077377319336,50800,0.0,0.0
2024-09-24 00:00:00-04:00,34.636072753660336,34.636072753660336,33.645070597802736,33.85111999511719,35800,0.0,0.0
2024-09-25 00:00:00-04:00,33.67450036380622,33.7824320545475,33.439016441233846,33.713748931884766,25000,0.0,0.0
2024-09-26 00:00:00-04:00,34.204344910754386,34.204344910754386,33.27221200220212,33.36051940917969,33200,0.0,0.0
2024-09-27 00:00:00-04:00,33.72356102609473,33.72356102609473,33.08578860360214,33.43901824951172,25300,0.0,0.0
2024-09-30 00:00:00-04:00,33.193720300180026,33.998297274551994,32.83067664024537,33.43901824951172,65900,0.0,0.0
2024-10-01 00:00:00-04:00,33.232965357826785,33.232965357826785,32.10459702884813,32.281211853027344,51600,0.0,0.0
2024-10-02 00:00:00-04:00,32.04572550365647,32.418579452732104,31.61400243937669,31.761178970336914,41400,0.0,0.0
2024-10-03 00:00:00-04:00,31.692495518673887,31.70230953307478,31.113592186365008,31.33926773071289,55000,0.0,0.0
2024-10-04 00:00:00-04:00,32.12421972677703,32.13402999743572,31.46681930415987,31.849483489990234,35600,0.0,0.0
2024-10-07 00:00:00-04:00,31.65324769350696,31.70231028076893,31.11359292017435,31.555130004882812,60600,0.0,0.0
2024-10-08 00:00:00-04:00,31.761177912359017,32.035914164976255,31.545318258884425,31.800426483154297,41600,0.0,0.0
2024-10-09 00:00:00-04:00,31.859295467189934,32.60499950691927,31.859295467189934,32.37932586669922,50800,0.0,0.0
2024-10-10 00:00:00-04:00,32.134034384407556,32.752186322881705,32.02610267767953,32.59519577026367,41000,0.0,0.0
2024-10-11 00:00:00-04:00,32.693313077347156,33.84130952100516,32.58538137188914,33.52732467651367,30700,0.0,0.0
2024-10-14 00:00:00-04:00,33.51751214500048,33.75299982675587,33.19372079340527,33.5077018737793,48900,0.0,0.0
2024-10-15 00:00:00-04:00,33.65488149201826,34.87156109746889,33.36052466999071,34.017921447753906,54000,0.0,0.0
2024-10-16 00:00:00-04:00,34.479077494059005,34.91080425952077,34.204345001819334,34.263214111328125,35000,0.0,0.0
2024-10-17 00:00:00-04:00,33.86093221910358,34.40059078072834,33.81187337066957,34.1258544921875,42900,0.0,0.0
2024-10-18 00:00:00-04:00,34.312279154034485,34.312279154034485,33.62544413122654,33.70393753051758,39500,0.0,0.0
2024-10-21 00:00:00-04:00,33.72356626302115,33.72356626302115,32.36952406736502,32.418582916259766,27000,0.0,0.0
2024-10-22 00:00:00-04:00,32.536316266801826,32.58537510267597,32.27139406154235,32.50688171386719,40000,0.0,0.0
2024-10-23 00:00:00-04:00,32.477448710054595,33.056352050777676,32.43820388073004,32.9386100769043,77800,0.0,0.0
2024-10-24 00:00:00-04:00,32.938610430849906,32.96804498889708,32.34008279755807,32.909175872802734,38900,0.0,0.0
2024-10-25 00:00:00-04:00,33.095597379711926,33.095597379711926,32.084971071860394,32.42838668823242,58100,0.0,0.0
2024-10-28 00:00:00-04:00,32.428393188858614,32.958237740002446,32.22234377773054,32.418582916259766,52900,0.0,0.0
2024-10-29 00:00:00-04:00,32.29102241277678,32.74236974840223,32.202714999897914,32.477447509765625,28800,0.0,0.0
2024-10-30 00:00:00-04:00,32.42838937856358,33.26240468357947,32.222339991646045,32.86992645263672,28000,0.0,0.0
2024-10-31 00:00:00-04:00,33.007297939667424,33.0956053684719,32.398959953986804,32.52651596069336,72100,0.0,0.0
2024-11-01 00:00:00-04:00,32.595193068166665,32.860115305551034,32.04572430807874,32.153656005859375,35700,0.0,0.0
2024-11-04 00:00:00-05:00,32.07516169021534,32.300835376841874,31.6532488760592,32.016292572021484,41200,0.0,0.0
2024-11-05 00:00:00-05:00,32.03591599637714,32.70312676624052,31.829862859397323,32.6540641784668,31500,0.0,0.0
2024-11-06 00:00:00-05:00,35.37196014429584,37.89362252155105,34.95986142565459,37.04979705810547,153400,0.0,0.0
2024-11-07 00:00:00-05:00,37.098865606505456,37.098865606505456,34.95986705039888,35.165916442871094,63100,0.0,0.0
2024-11-08 00:00:00-05:00,35.116855526139375,36.29428643827772,35.01873410007386,36.1471061706543,49700,0.0,0.0
2024-11-11 00:00:00-05:00,36.63769871546814,37.55020730805212,36.21578597941536,37.246036529541016,59900,0.0,0.0
2024-11-12 00:00:00-05:00,37.206794101710585,37.87400487611657,36.883002729309126,37.26566696166992,68300,0.0,0.0
2024-11-13 00:00:00-05:00,37.71701361895647,37.71701361895647,36.42184066772461,36.42184066772461,70600,0.0,0.0
2024-11-14 00:00:00-05:00,36.78605679736355,36.953402336691475,36.402151522849245,36.7663688659668,48000,0.12,0.0
2024-11-15 00:00:00-05:00,36.96324459500559,37.15027806659128,36.60886933841057,36.756526947021484,42300,0.0,0.0
2024-11-18 00:00:00-05:00,36.845121536575114,37.11090298461475,36.41199830000445,36.4415283203125,42100,0.0,0.0
2024-11-19 00:00:00-05:00,36.205270956560646,36.60886410665231,35.94933539397821,36.589176177978516,30100,0.0,0.0
2024-11-20 00:00:00-05:00,36.539963944814964,36.776215370736715,36.13637073164411,36.46121597290039,39000,0.0,0.0
2024-11-21 00:00:00-05:00,36.75652549679948,37.396370102083196,36.75652549679948,36.85496139526367,39600,0.0,0.0
2024-11-22 00:00:00-05:00,37.00261941466756,37.3176187994062,36.795901772511996,37.09121322631836,58100,0.0,0.0
2024-11-25 00:00:00-05:00,37.475117705512005,38.380743733951334,37.07152451759035,37.671993255615234,128900,0.0,0.0
2024-11-26 00:00:00-05:00,37.652311231935606,37.75074714488531,33.89200227989847,37.26840591430664,28400,0.0,0.0
2024-11-27 00:00:00-05:00,37.35700005054911,37.632623613185814,36.48090765066294,36.72700119018555,39100,0.0,0.0
2024-11-29 00:00:00-05:00,37.17980784285422,37.45543137169513,36.254497599539064,36.510433197021484,33900,0.0,0.0
2024-12-02 00:00:00-05:00,36.5596524992417,37.071527468216125,35.99855957759627,36.67777633666992,37000,0.0,0.0
2024-12-03 00:00:00-05:00,36.73683955130002,36.73683955130002,35.988716919313646,36.1954345703125,33300,0.0,0.0
2024-12-04 00:00:00-05:00,36.16590210102881,36.47105563514611,35.93949277849893,36.36277389526367,40000,0.0,0.0
2024-12-05 00:00:00-05:00,36.37262231155076,36.82543347847134,36.03793498054662,36.18558883666992,34800,0.0,0.0
2024-12-06 00:00:00-05:00,36.45137180944896,36.45137180944896,35.7524670979816,36.34309005737305,32700,0.0,0.0
2024-12-09 00:00:00-05:00,36.52027092927581,36.579334716306555,35.949336008332594,36.01824188232422,33200,0.0,0.0
2024-12-10 00:00:00-05:00,36.20527379920902,37.03214809298797,35.7918385298639,36.65808868408203,49900,0.0,0.0
2024-12-11 00:00:00-05:00,37.19949507861783,37.53418239527586,36.86480776195979,37.08136749267578,36800,0.0,0.0
2024-12-12 00:00:00-05:00,36.71715439768234,36.96324793085058,36.234813175522625,36.53012466430664,35300,0.0,0.0
2024-12-13 00:00:00-05:00,36.46121816469586,36.46121816469586,35.66387377875427,36.04777908325195,41400,0.0,0.0
2024-12-16 00:00:00-05:00,36.08715333300682,36.65809209726796,35.870589835516164,36.42184066772461,22600,0.0,0.0
2024-12-17 00:00:00-05:00,36.15605704228414,36.559650237359286,35.55558829361624,35.7819938659668,29800,0.0,0.0
2024-12-18 00:00:00-05:00,35.801683449904665,35.96902899246644,33.43918796297483,33.83293533325195,46800,0.0,0.0
2024-12-19 00:00:00-05:00,34.21683984590473,35.368559420899324,33.30137544692506,33.360435485839844,38600,0.0,0.0
2024-12-20 00:00:00-05:00,33.035594517709995,34.098716540604485,32.79934309312844,33.58684158325195,80700,0.0,0.0
2024-12-23 00:00:00-05:00,33.46871522157305,33.84277838429782,33.30137344790777,33.49824523925781,28200,0.0,0.0
2024-12-24 00:00:00-05:00,33.65575117793346,33.69512704555417,33.429345571748456,33.5966911315918,15700,0.0,0.0
2024-12-26 00:00:00-05:00,33.33090621574468,33.83293533325195,33.04543683760867,33.83293533325195,23000,0.0,0.0
2024-12-27 00:00:00-05:00,33.537627401820245,33.60653329275902,32.996222363691516,33.330909729003906,26100,0.0,0.0
2024-12-30 00:00:00-05:00,33.13403079947221,33.47856021937321,33.05528282710443,33.30137634277344,23300,0.0,0.0
2024-12-31 00:00:00-05:00,33.340750587773506,33.567156186085604,33.0651270341917,33.15372085571289,25100,0.0,0.0
2025-01-02 00:00:00-05:00,33.675441891325455,33.675441891325455,32.33669232243557,32.63200759887695,33900,0.0,0.0
2025-01-03 00:00:00-05:00,32.85840703061608,33.06512468109125,32.287468275868655,33.05528259277344,26000,0.0,0.0
2025-01-06 00:00:00-05:00,33.01590812593369,33.2127836964191,32.42528141447747,32.43512725830078,33800,0.0,0.0
2025-01-07 00:00:00-05:00,32.50403319957631,32.50403319957631,31.805128490508025,32.16934585571289,31200,0.0,0.0
2025-01-08 00:00:00-05:00,31.834658620933734,32.435127424195294,31.65747098209953,32.15950012207031,32400,0.0,0.0
2025-01-10 00:00:00-05:00,31.55903328308105,32.01184444325628,30.682939104953054,31.106220245361328,37700,0.0,0.0
2025-01-13 00:00:00-05:00,30.623877182006254,31.677157111167617,30.623877182006254,31.499969482421875,25400,0.0,0.0
2025-01-14 00:00:00-05:00,31.62793986158417,32.395750433124796,31.62793986158417,32.238250732421875,26800,0.0,0.0
2025-01-15 00:00:00-05:00,33.25215084110444,33.3013725426927,32.53355830796152,33.03559112548828,19500,0.0,0.0
2025-01-16 00:00:00-05:00,32.98637788690872,32.98637788690872,32.53356665479664,32.97653579711914,28800,0.0,0.0
2025-01-17 00:00:00-05:00,33.16355890082736,33.71480969586175,32.710747759418126,33.69512176513672,34500,0.0,0.0
2025-01-21 00:00:00-05:00,33.9510612960431,34.64012009976161,33.66559193159466,34.4727783203125,43600,0.0,0.0
2025-01-22 00:00:00-05:00,34.256218294635715,34.689345306516024,33.86247090348633,33.97074890136719,63100,0.0,0.0
2025-01-23 00:00:00-05:00,34.1282437786892,35.44730505028637,34.1282437786892,35.35871124267578,50300,0.0,0.0
2025-01-24 00:00:00-05:00,35.28980919465771,36.6580923173678,35.27012501757589,36.146217346191406,53000,0.0,0.0
2025-01-27 00:00:00-05:00,35.93949599606901,37.06168560115382,35.811530069377646,36.40215301513672,65300,0.0,0.0
2025-01-28 00:00:00-05:00,36.27417876398323,37.32745859613082,35.95917939857957,37.24871063232422,64400,0.0,0.0
2025-01-29 00:00:00-05:00,36.92386769093847,37.465276403853814,36.30371476447178,37.09121322631836,52100,0.0,0.0
2025-01-30 00:00:00-05:00,37.56370799434486,37.62277178036624,36.382458559536346,36.589176177978516,93600,0.0,0.0
2025-01-31 00:00:00-05:00,36.71715161952551,37.0715268812887,36.14621661842073,36.1954345703125,37100,0.0,0.0
2025-02-03 00:00:00-05:00,35.634341297032925,36.057622438180005,35.122466341341365,35.69340133666992,23500,0.0,0.0
2025-02-04 00:00:00-05:00,35.565436501422,36.66793441772461,35.50637270489023,36.66793441772461,31400,0.0,0.0
2025-02-05 00:00:00-05:00,36.66793637844408,36.81559400012455,36.24465520172201,36.79590606689453,32000,0.0,0.0
2025-02-06 00:00:00-05:00,36.923868209730415,37.4948069495216,36.923868209730415,37.31761932373047,21600,0.0,0.0
2025-02-07 00:00:00-05:00,37.2782458639601,37.2782458639601,36.08715411222096,36.62855911254883,30200,0.0,0.0
2025-02-10 00:00:00-05:00,36.70731224490412,37.05184168870612,36.224967268492,36.79590606689453,62400,0.0,0.0
2025-02-11 00:00:00-05:00,36.47105599796222,37.21918234181667,36.10683866889795,37.13058853149414,38400,0.0,0.0
2025-02-12 00:00:00-05:00,36.53011842147064,36.96324161399573,36.20527321076031,36.431678771972656,32800,0.0,0.0
2025-02-13 00:00:00-05:00,36.599575736854064,36.97485198458487,36.21441785001832,36.91559982299805,22600,0.12,0.0
2025-02-14 00:00:00-05:00,36.95509798296668,37.3600078239084,36.62919981018714,36.767459869384766,19000,0.0,0.0
2025-02-18 00:00:00-05:00,36.73782974436629,37.310621893291106,36.313171742280666,36.97484588623047,57700,0.0,0.0
2025-02-19 00:00:00-05:00,36.510695997660726,37.231626224465714,36.41193611003398,37.22174835205078,23100,0.0,0.0
2025-02-20 00:00:00-05:00,37.06373311331413,37.448887223690996,36.02677886984467,36.73783493041992,29100,0.0,0.0
2025-02-21 00:00:00-05:00,37.142737314653964,37.142737314653964,36.03665314968219,36.09590530395508,93500,0.0,0.0
2025-02-24 00:00:00-05:00,36.78721462950414,36.78721462950414,35.7996383978396,36.293426513671875,38700,0.0,0.0
2025-02-25 00:00:00-05:00,36.57982284412174,37.0439810899085,36.283550741697304,36.30329895019531,51000,0.0,0.0
2025-02-26 00:00:00-05:00,36.076154996394045,36.777336915208124,35.17746086447582,36.08603286743164,27300,0.0,0.0
2025-02-27 00:00:00-05:00,35.90826789251995,36.540315998921876,35.68112583973826,35.97739791870117,25700,0.0,0.0
2025-02-28 00:00:00-05:00,36.25391988873058,36.41193192346095,35.71075375480142,36.263797760009766,39500,0.0,0.0
2025-03-03 00:00:00-05:00,36.42181045129958,36.708204679389524,35.809510509290654,36.145286560058594,28200,0.0,0.0
2025-03-04 00:00:00-05:00,35.61199685205147,36.04652899604837,34.96019675240412,35.078704833984375,38800,0.0,0.0
2025-03-05 00:00:00-05:00,35.11820960820116,35.562615866387915,34.565165602334346,34.82193374633789,40900,0.0,0.0
2025-03-06 00:00:00-05:00,34.68367473564819,35.15771085474016,34.46641053562949,34.8614387512207,40200,0.0,0.0
2025-03-07 00:00:00-05:00,35.41448640615573,35.41448640615573,34.25902018642219,34.634300231933594,38700,0.0,0.0
2025-03-10 00:00:00-04:00,34.27876938037193,34.52566343312708,32.827034911938554,32.935665130615234,52900,0.0,0.0
2025-03-11 00:00:00-04:00,32.98504847133957,33.33069865416468,32.32337042054006,32.629520416259766,37700,0.0,0.0
2025-03-12 00:00:00-04:00,32.88628290855345,33.508456897544725,32.77764893633074,33.281314849853516,50200,0.0,0.0
2025-03-13 00:00:00-04:00,33.34057316283844,33.370203012656845,32.81715894613536,33.15293502807617,31800,0.0,0.0
2025-03-14 00:00:00-04:00,33.57758737282179,33.57758737282179,33.13317737472073,33.37019729614258,28100,0.0,0.0
2025-03-17 00:00:00-04:00,33.044301370969485,33.40970730643519,32.955419355221686,33.31094741821289,24100,0.0,0.0
2025-03-18 00:00:00-04:00,33.29119510288042,33.29119510288042,32.698650848775216,33.15293502807617,45800,0.0,0.0
2025-03-19 00:00:00-04:00,33.33069440228444,33.57758843489396,32.93566244318763,33.40970230102539,37700,0.0,0.0
2025-03-20 00:00:00-04:00,33.19243409827515,33.64671821072242,33.14305604558374,33.61709213256836,62500,0.0,0.0
2025-03-21 00:00:00-04:00,33.23194129839616,34.05162760171363,33.23194129839616,33.59734344482422,120200,0.0,0.0
2025-03-24 00:00:00-04:00,34.18988541149983,34.268893312160124,33.80473131404102,34.091129302978516,32700,0.0,0.0
2025-03-25 00:00:00-04:00,33.92323708954697,34.2293870328187,33.646716990658824,33.71584701538086,27800,0.0,0.0
2025-03-26 00:00:00-04:00,33.92324109886222,34.67380112355684,33.63684686286709,34.012123107910156,52800,0.0,0.0
2025-03-27 00:00:00-04:00,34.13063326695856,34.90094146218424,33.80473132756058,34.52566146850586,40600,0.0,0.0
2025-03-28 00:00:00-04:00,34.46640741111511,34.49603348859007,34.051623489946294,34.30839538574219,30400,0.0,0.0
2025-03-31 00:00:00-04:00,33.952870597535515,34.4762847747098,33.83435874182102,33.85411071777344,45400,0.0,0.0
2025-04-01 00:00:00-04:00,33.676344122504595,34.01212015337285,33.49858011985058,33.75535202026367,21700,0.0,0.0
2025-04-02 00:00:00-04:00,33.370199415164734,33.97262147669981,33.340569568540595,33.88373947143555,20900,0.0,0.0
2025-04-03 00:00:00-04:00,33.10354784476903,33.71584390756934,31.80982193351511,31.948081970214844,63000,0.0,0.0
2025-04-04 00:00:00-04:00,31.4938022082419,32.066598172408135,30.565482001525265,31.750574111938477,75600,0.0,0.0
2025-04-07 00:00:00-04:00,31.128399538031484,32.9949177890844,30.664237559321684,31.513553619384766,41200,0.0,0.0
2025-04-08 00:00:00-04:00,31.92833754589869,32.076471702486316,31.158025615888228,31.513553619384766,36100,0.0,0.0
2025-04-09 00:00:00-04:00,31.33578925244968,34.91081368548309,31.108647201152646,33.30106735229492,52100,0.0,0.0
2025-04-10 00:00:00-04:00,32.629518994245295,32.629518994245295,31.10865072148627,31.56293487548828,51200,0.0,0.0
2025-04-11 00:00:00-04:00,31.345668697766886,31.997470729709566,31.167904678478166,31.632064819335938,36600,0.0,0.0
2025-04-14 00:00:00-04:00,31.799955607151063,32.31349570282755,30.911135486306296,31.809829711914062,43300,0.0,0.0
2025-04-15 00:00:00-04:00,31.612312608260176,32.84678286231649,31.612312608260176,32.70852279663086,24500,0.0,0.0
2025-04-16 00:00:00-04:00,33.16280705144885,33.16280705144885,32.511003212667006,33.004791259765625,31400,0.0,0.0
2025-04-17 00:00:00-04:00,32.985044024926765,33.63684411560836,32.43200003965295,33.113426208496094,42800,0.0,0.0
2025-04-21 00:00:00-04:00,32.95541174832829,33.231935604217895,32.61963574048664,32.876407623291016,32000,0.0,0.0
2025-04-22 00:00:00-04:00,33.31094236912209,34.278766523175904,33.31094236912209,33.91336441040039,46900,0.0,0.0
2025-04-23 00:00:00-04:00,34.68367244200897,34.91081449859641,33.439328182594345,34.48615646362305,28900,0.0,0.0
2025-04-24 00:00:00-04:00,34.910817658559196,35.246593722016954,33.71585134375234,34.170135498046875,36600,0.0,0.0
2025-04-25 00:00:00-04:00,33.705975672005025,33.962743818096506,33.39982570366539,33.67634582519531,34300,0.0,0.0
2025-04-28 00:00:00-04:00,34.01211912649373,34.01211912649373,33.172680958319006,33.21218490600586,23200,0.0,0.0
2025-04-29 00:00:00-04:00,33.00479206076809,34.071376076692154,33.00479206076809,33.75535202026367,24800,0.0,0.0
2025-04-30 00:00:00-04:00,33.33069294412843,34.26889098046095,33.182555024121896,33.71584701538086,40300,0.0,0.0
2025-05-01 00:00:00-04:00,33.50845722355061,34.21951321788711,33.4788311462212,33.942989349365234,38000,0.0,0.0
2025-05-02 00:00:00-04:00,33.94299191133522,35.10833209343217,33.94299191133522,34.97994613647461,48800,0.0,0.0
2025-05-05 00:00:00-04:00,35.246588551344686,35.44410451863325,34.7429264136974,34.772552490234375,54400,0.0,0.0
2025-05-06 00:00:00-04:00,34.496035915913204,34.92069397035357,34.25901597752393,34.545413970947266,23100,0.0,0.0
2025-05-07 00:00:00-04:00,34.89106780344079,35.355226040363874,34.347897897513604,34.61454391479492,49500,0.0,0.0
2025-05-08 00:00:00-04:00,35.444109560165586,35.71075558883704,35.0392034649173,35.17746353149414,18000,0.0,0.0
2025-05-09 00:00:00-04:00,35.108331967511354,35.32559992969041,34.7231778653242,35.11820983886719,24700,0.0,0.0
2025-05-12 00:00:00-04:00,36.19466784440265,36.73783398004455,35.661375812767005,35.691001892089844,34800,0.0,0.0
2025-05-13 00:00:00-04:00,36.23416835333434,36.599574249018666,35.71075418830559,36.35268020629883,36200,0.0,0.0
2025-05-14 00:00:00-04:00,36.03665599211608,36.34280219281717,35.64162401838707,35.987274169921875,30500,0.0,0.0
2025-05-15 00:00:00-04:00,36.165626408747954,36.45297064899883,35.53149000250543,36.145809173583984,49700,0.12,0.0
2025-05-16 00:00:00-04:00,36.15571762169523,36.19534831001477,35.7692872276347,35.78910446166992,39600,0.0,0.0
2025-05-19 00:00:00-04:00,35.51167125411481,36.026908007169325,35.33331992499013,35.87828063964844,22400,0.0,0.0
2025-05-20 00:00:00-04:00,36.06654650264223,36.3043457815248,35.72966104109909,35.90801239013672,14800,0.0,0.0
2025-05-21 00:00:00-04:00,35.561214903253905,35.799017951742144,34.79826833819948,34.966712951660156,61800,0.0,0.0
2025-05-22 00:00:00-04:00,34.69918294123506,35.531487869399356,34.61991400533803,35.10542678833008,44900,0.0,0.0
2025-05-23 00:00:00-04:00,34.5604654577649,35.05588495890358,34.5604654577649,34.99643325805664,69500,0.0,0.0
2025-05-27 00:00:00-04:00,35.26396569866164,36.22508088910504,35.26396569866164,35.95755386352539,30300,0.0,0.0
2025-05-28 00:00:00-04:00,35.739565862425444,36.2647093733749,35.57112503051758,35.57112503051758,29100,0.0,0.0
2025-05-29 00:00:00-04:00,35.57112692859358,35.90801239013672,35.47204074593302,35.90801239013672,58600,0.0,0.0
2025-05-30 00:00:00-04:00,35.8089253555494,36.225079753320294,35.6702084828762,35.75938415527344,35800,0.0,0.0
2025-06-02 00:00:00-04:00,35.541396819496704,36.15571977186965,35.333321519379,35.49185562133789,56900,0.0,0.0
2025-06-03 00:00:00-04:00,35.37295838281922,36.22508065590177,35.3333239097104,35.91791915893555,51000,0.0,0.0
2025-06-04 00:00:00-04:00,35.9674591129673,36.274620599280084,35.62066693467163,35.69993209838867,33800,0.0,0.0
2025-06-05 00:00:00-04:00,35.57112173230694,35.84855544372578,35.333318708411625,35.66029739379883,58900,0.0,0.0
2025-06-06 00:00:00-04:00,35.977364944576166,36.31425035102685,35.67020349818706,36.21516418457031,24900,0.0,0.0
2025-06-09 00:00:00-04:00,36.363798430106,36.413339632839836,35.98727848577615,36.076454162597656,28600,0.0,0.0
2025-06-10 00:00:00-04:00,36.6214103284696,36.997930225261236,36.29443540790789,36.61150360107422,27900,0.0,0.0
2025-06-11 00:00:00-04:00,36.66104438638997,36.809671753910855,35.69002258323948,35.87828063964844,48600,0.0,0.0
2025-06-12 00:00:00-04:00,35.69002309269545,36.08635644549031,35.52157848845059,35.96745681762695,55100,0.0,0.0
2025-06-13 00:00:00-04:00,35.4423116428011,36.14580642882148,34.92707490691621,35.006343841552734,57000,0.0,0.0
2025-06-16 00:00:00-04:00,35.36304573481323,35.54139707325928,34.79826775631776,34.86762619018555,41000,0.0,0.0
2025-06-17 00:00:00-04:00,34.69918414110923,34.95680063218097,34.471291612151255,34.64964294433594,47600,0.0,0.0
2025-06-18 00:00:00-04:00,34.342482526710086,35.25405645016303,34.342482526710086,34.8379020690918,46700,0.0,0.0
2025-06-20 00:00:00-04:00,35.09551414806994,36.145804806354754,34.79826321602727,35.39276885986328,96200,0.0,0.0
2025-06-23 00:00:00-04:00,35.21442305271065,36.40343074660925,35.21442305271065,36.37370300292969,47400,0.0,0.0
2025-06-24 00:00:00-04:00,36.690770602608225,37.10692498938844,36.68086387471519,36.938480377197266,27800,0.0,0.0
2025-06-25 00:00:00-04:00,36.93848280109764,36.93848280109764,36.472790964542405,36.690773010253906,28600,0.0,0.0
2025-06-26 00:00:00-04:00,36.87903052984494,37.46362571862207,36.87903052984494,37.26545715332031,51400,0.0,0.0
2025-06-27 00:00:00-04:00,36.700677632153784,37.41407914513082,36.700677632153784,36.98802185058594,196000,0.0,0.0
2025-06-30 00:00:00-04:00,37.285277075284704,37.59243478287838,36.96820885984856,37.067291259765625,47200,0.0,0.0
2025-07-01 00:00:00-04:00,36.78985329603165,38.30583576342178,36.641225933453825,37.65188217163086,86500,0.0,0.0
2025-07-02 00:00:00-04:00,37.57261512166086,38.10766911807875,37.54289115955465,37.97886276245117,56000,0.0,0.0
2025-07-03 00:00:00-04:00,37.651884413597934,38.71208190917969,37.592432709076604,38.71208190917969,43900,0.0,0.0
2025-07-07 00:00:00-04:00,38.63281678737112,38.920157243461034,37.830235784427664,38.048221588134766,41800,0.0,0.0
2025-07-08 00:00:00-04:00,38.2166633605957,38.49409709599711,38.028405294394915,38.2166633605957,41800,0.0,0.0
2025-07-09 00:00:00-04:00,38.276115300656976,38.276115300656976,37.721244046710645,38.25629806518555,33600,0.0,0.0
2025-07-10 00:00:00-04:00,37.26545664071843,38.71208072194564,37.26545664071843,38.504005432128906,38200,0.0,0.0
2025-07-11 00:00:00-04:00,38.345469946113575,38.513910761350694,37.46362384339966,37.60234069824219,33200,0.0,0.0
2025-07-14 00:00:00-04:00,37.52307539729792,38.55354896126032,37.52307539729792,38.24638748168945,29800,0.0,0.0
2025-07-15 00:00:00-04:00,38.37519751914481,38.37519751914481,37.11683142071673,37.55280303955078,77800,0.0,0.0
2025-07-16 00:00:00-04:00,37.80051182201345,38.137397255128484,37.29518178246536,38.048221588134766,45300,0.0,0.0
2025-07-17 00:00:00-04:00,38.14730382955561,38.93006759449713,38.14730382955561,38.692264556884766,40900,0.0,0.0
2025-07-18 00:00:00-04:00,38.80125702106708,38.80125702106708,37.879776402798356,38.612998962402344,57300,0.0,0.0
2025-07-21 00:00:00-04:00,38.55354796814462,39.12823644161851,38.315744928836196,38.74180603027344,31300,0.0,0.0
2025-07-22 00:00:00-04:00,39.09850903871099,41.39725539305607,39.09850903871099,40.13888931274414,116100,0.0,0.0
2025-07-23 00:00:00-04:00,40.376694619355966,40.5748632016589,39.74255817978764,40.53522872924805,86800,0.0,0.0
2025-07-24 00:00:00-04:00,40.65412642502795,41.37743850309857,40.4856855949538,40.862205505371094,45700,0.0,0.0
2025-07-25 00:00:00-04:00,40.95137807173629,40.95137807173629,40.25779000922384,40.3271484375,40800,0.0,0.0
2025-07-28 00:00:00-04:00,40.277611790561195,40.72348637132098,39.96054357414249,40.455963134765625,47900,0.0,0.0
2025-07-29 00:00:00-04:00,40.88201615177345,40.88201615177345,39.64346738132799,39.71282958984375,27500,0.0,0.0
2025-07-30 00:00:00-04:00,39.762374241222,40.23797655684667,38.652631725013215,38.979610443115234,37700,0.0,0.0
2025-07-31 00:00:00-04:00,38.830980347590774,38.830980347590774,38.1869372439079,38.504005432128906,34600,0.0,0.0
2025-08-01 00:00:00-04:00,38.21666484040756,38.226575348342024,36.95829869507333,37.800514221191406,61000,0.0,0.0
2025-08-04 00:00:00-04:00,37.94913724360593,39.029152027159334,37.83023760846509,38.37519836425781,71900,0.0,0.0
2025-08-05 00:00:00-04:00,38.38510922102942,38.444557149264696,37.51316973598284,38.43465042114258,38800,0.0,0.0
2025-08-06 00:00:00-04:00,38.305835521777446,38.305835521777446,37.46362388515159,37.612247467041016,52500,0.0,0.0
2025-08-07 00:00:00-04:00,37.74105984128031,38.038310802500675,37.13664741160665,37.334815979003906,49500,0.0,0.0
2025-08-08 00:00:00-04:00,37.651883937529774,37.81041803449775,37.00783704248741,37.29518127441406,34400,0.0,0.0
2025-08-11 00:00:00-04:00,37.27536419869748,37.55280170438719,37.16637129786414,37.32490539550781,35900,0.0,0.0
2025-08-12 00:00:00-04:00,37.64197991892941,39.37594838293883,37.64197991892941,39.11832809448242,54600,0.0,0.0
2025-08-13 00:00:00-04:00,39.33631286479346,40.019990480282075,39.33631286479346,39.60383987426758,39900,0.0,0.0
2025-08-14 00:00:00-04:00,39.25600034835669,39.802602126626184,38.93797735768597,39.61377716064453,36000,0.12,0.0
2025-08-15 00:00:00-04:00,39.69328171029239,39.69328171029239,38.64976851687016,39.05723571777344,100100,0.0,0.0
2025-08-18 00:00:00-04:00,38.93797790679982,39.524333514955366,38.76902605811103,39.10692596435547,26500,0.0,0.0
2025-08-19 00:00:00-04:00,39.325563758281255,39.35537722598427,38.72927165742468,39.04729461669922,26000,0.0,0.0
2025-08-20 00:00:00-04:00,39.35538248791021,39.415013222421756,38.778967218831546,39.37525939941406,36800,0.0,0.0
2025-08-21 00:00:00-04:00,39.15661608051251,39.56408323778253,38.86840658628589,39.20630645751953,25500,0.0,0.0
2025-08-22 00:00:00-04:00,39.46470002175227,41.3132109212779,38.97772900309704,41.0746955871582,57800,0.0,0.0
2025-08-25 00:00:00-04:00,40.93556058877583,41.07469896812018,40.597660678348795,40.657291412353516,27400,0.0,0.0
2025-08-26 00:00:00-04:00,40.54796621676095,41.55172928697026,40.54796621676095,41.064754486083984,40900,0.0,0.0
2025-08-27 00:00:00-04:00,41.06475703701519,41.70080301072906,41.06475703701519,41.25358200073242,31700,0.0,0.0
2025-08-28 00:00:00-04:00,41.52191636691057,41.52191636691057,40.955437660611906,41.17407989501953,27600,0.0,0.0
2025-08-29 00:00:00-04:00,41.382780429429964,41.462288072489905,40.79642483082867,41.10451126098633,26600,0.0,0.0
2025-09-02 00:00:00-04:00,40.7864883058982,41.04488056379787,40.309453820529775,40.796424865722656,48000,0.0,0.0
2025-09-03 00:00:00-04:00,40.587722266199634,41.28339896664436,40.52809153491591,40.7864875793457,53100,0.0,0.0
2025-09-04 00:00:00-04:00,41.044879403288604,41.43246967474585,40.30945268081409,41.24364471435547,71100,0.0,0.0
2025-09-05 00:00:00-04:00,41.19395733118697,42.00889175382701,40.63741517793852,40.97531509399414,64000,0.0,0.0
2025-09-08 00:00:00-04:00,41.144266081742785,41.18401611310504,40.36908170761459,41.01506805419922,43100,0.0,0.0
2025-09-09 00:00:00-04:00,41.05481983122683,41.144264031818594,40.51815462767623,40.62747573852539,81600,0.0,0.0
2025-09-10 00:00:00-04:00,40.677167326740054,41.154201813686704,40.46846544953836,40.746734619140625,43600,0.0,0.0
2025-09-11 00:00:00-04:00,40.706981954651674,41.333091395188745,40.359145482760646,41.17407989501953,52000,0.0,0.0
2025-09-12 00:00:00-04:00,40.746730704388405,40.746730704388405,40.309450081149095,40.488338470458984,29500,0.0,0.0
2025-09-15 00:00:00-04:00,40.637409600795394,40.925619093698295,40.38895392576864,40.488338470458984,64600,0.0,0.0
2025-09-16 00:00:00-04:00,40.299511815537805,40.627475143280186,39.921858108446465,40.25975799560547,58900,0.0,0.0
2025-09-17 00:00:00-04:00,40.31939150192648,41.73062187763934,39.812543531852526,40.657291412353516,81300,0.0,0.0
2025-09-18 00:00:00-04:00,40.68710283930377,42.436233037551645,40.06099722381473,42.32691192626953,80600,0.0,0.0
2025-09-19 00:00:00-04:00,42.48592416067519,42.69462603615394,41.00512653937416,41.46228790283203,196600,0.0,0.0
2025-09-22 00:00:00-04:00,41.42253535365463,42.36666778889292,41.382781531066385,41.83993911743164,95200,0.0,0.0
2025-09-23 00:00:00-04:00,41.80018518142883,42.436231118895066,41.23370653142716,41.58154296875,93200,0.0,0.0
2025-09-24 00:00:00-04:00,41.492101793215525,42.15796124775796,41.26352300473977,41.87969207763672,97300,0.0,0.0
2025-09-25 00:00:00-04:00,41.919443470403316,42.05857804740185,41.37284172170927,41.64117431640625,146000,0.0,0.0
2025-09-26 00:00:00-04:00,41.77037182346881,42.197715938459474,41.68092761821185,41.83993911743164,113100,0.0,0.0
2025-09-29 00:00:00-04:00,41.849879857311365,42.15796250739851,41.03494544234986,41.1243896484375,119300,0.0,0.0
2025-09-30 00:00:00-04:00,41.02500316852148,41.20389157231365,40.229945702296845,40.687103271484375,68400,0.0,0.0
2025-10-01 00:00:00-04:00,40.45852379019962,40.716919831731225,39.703220158075716,40.36907958984375,45900,0.0,0.0
2025-10-02 00:00:00-04:00,40.17031580935896,40.6871041209781,39.60383711590075,40.080875396728516,55600,0.0,0.0
2025-10-03 00:00:00-04:00,40.24982020779134,41.31321021616335,39.76284540631468,40.448585510253906,73900,0.0,0.0
2025-10-06 00:00:00-04:00,40.64735289292473,41.17407774894383,40.07093386539719,40.52809143066406,56000,0.0,0.0
2025-10-07 00:00:00-04:00,40.49827676835096,40.92562085103769,39.931798108256075,40.100746154785156,52800,0.0,0.0
2025-10-08 00:00:00-04:00,40.20013134740042,40.56784470659999,39.71315652754184,39.852291107177734,38900,0.0,0.0
2025-10-09 00:00:00-04:00,39.74297299194223,39.94173450679208,39.15661742441625,39.275875091552734,43100,0.0,0.0
2025-10-10 00:00:00-04:00,39.30568739449619,40.06099477659677,38.06340900787411,38.23236083984375,67900,0.0,0.0
2025-10-13 00:00:00-04:00,38.61995264843551,39.10692367260922,38.14291818365736,38.81871795654297,58900,0.0,0.0
2025-10-14 00:00:00-04:00,38.3118664842329,40.26969852664694,38.23236263514482,39.90198516845703,76200,0.0,0.0
2025-10-15 00:00:00-04:00,39.9814911839621,40.498279500002404,39.74297583264082,40.23988723754883,87400,0.0,0.0
2025-10-16 00:00:00-04:00,40.03117988234195,41.27345834235637,38.4510015295583,38.82865524291992,131600,0.0,0.0
2025-10-17 00:00:00-04:00,38.94791178656803,39.47464041634317,38.58019843456115,38.96778869628906,90200,0.0,0.0
2025-10-20 00:00:00-04:00,39.19637002837107,40.5777869106034,38.72927588842086,40.03118133544922,149500,0.0,0.0
2025-10-21 00:00:00-04:00,39.95167592531033,40.85605449013383,39.65352985393183,39.75291061401367,68000,0.0,0.0
2025-10-22 00:00:00-04:00,40.01130499469925,40.577787488945035,39.39513590890073,40.39889907836914,96800,0.0,0.0
2025-10-23 00:00:00-04:00,40.180255088701706,40.30945311094375,39.05723429165356,39.60383605957031,74200,0.0,0.0
2025-10-24 00:00:00-04:00,40.13056612188776,40.647354437928065,39.05723566754256,40.23988723754883,43500,0.0,0.0
2025-10-27 00:00:00-04:00,40.379020207964615,41.24364495637623,40.011303053436585,40.26969909667969,80600,0.0,0.0
2025-10-28 00:00:00-04:00,40.1504416396137,40.79642416889563,39.8324186548001,40.47840118408203,66600,0.0,0.0
2025-10-29 00:00:00-04:00,40.15043924986653,40.79642174069969,39.355378044021414,39.62371063232422,83200,0.0,0.0
2025-10-30 00:00:00-04:00,39.42494642937308,40.458522992864374,39.28581185181327,39.79266357421875,64500,0.0,0.0
2025-10-31 00:00:00-04:00,39.56408823393338,39.941738179782604,39.0075460842294,39.067176818847656,67400,0.0,0.0
2025-11-03 00:00:00-05:00,39.26593423884292,39.68334175518049,38.58019792266391,39.474639892578125,45100,0.0,0.0
2025-11-04 00:00:00-05:00,39.186430037022646,39.633651017926844,38.85846672064863,39.31562805175781,44800,0.0,0.0
2025-11-05 00:00:00-05:00,39.305692394339445,40.11069025607735,39.305692394339445,39.84235763549805,49200,0.0,0.0
2025-11-06 00:00:00-05:00,39.613776678957464,40.259759212281764,39.37525754328817,39.50445556640625,31100,0.0,0.0
2025-11-07 00:00:00-05:00,39.613776678957464,39.643590149241234,39.26593643073695,39.50445556640625,45000,0.0,0.0
2025-11-10 00:00:00-05:00,39.7529124330458,40.22994692730637,39.504456730339264,39.931800842285156,45000,0.0,0.0
2025-11-11 00:00:00-05:00,40.001365927600375,40.20013123702001,39.6932795084433,39.90198516845703,43300,0.0,0.0
2025-11-12 00:00:00-05:00,39.98148726379047,40.55790625670998,39.98148726379047,40.289573669433594,40700,0.0,0.0
2025-11-13 00:00:00-05:00,39.961613451561796,40.57778631060037,39.752911575661514,39.971553802490234,48000,0.0,0.0
2025-11-14 00:00:00-05:00,39.90176136638851,40.27066713642882,39.632558624977456,40.24075698852539,45900,0.13,0.0
2025-11-17 00:00:00-05:00,40.041343690638875,40.430190793711226,38.94459525615651,38.984474182128906,55500,0.0,0.0
2025-11-18 00:00:00-05:00,38.9745068359983,39.71232214332684,38.9745068359983,39.243709564208984,60000,0.0,0.0
2025-11-19 00:00:00-05:00,39.383293908696125,39.77214101215781,39.333442398610906,39.49296951293945,53600,0.0,0.0
2025-11-20 00:00:00-05:00,40.021402589479756,40.37037076887767,39.26364974304466,39.37332534790039,60700,0.0,0.0
2025-11-21 00:00:00-05:00,39.612615056740864,40.70936732783447,38.99444794606087,40.420223236083984,71900,0.0,0.0
2025-11-24 00:00:00-05:00,39.84193570775842,40.87886389999531,39.7821154142929,40.06128692626953,72200,0.0,0.0
2025-11-25 00:00:00-05:00,40.49001797743848,41.855969234453376,40.49001797743848,41.4571533203125,39600,0.0,0.0
2025-11-26 00:00:00-05:00,41.028423153581855,41.576797408636885,40.82901329626365,41.108184814453125,42000,0.0,0.0
2025-11-28 00:00:00-05:00,41.09821452667905,41.257741646000824,40.659512095974264,40.888832092285156,22300,0.0,0.0
2025-12-01 00:00:00-05:00,41.69643968896225,41.69643968896225,40.99850712542508,41.207889556884766,39800,0.0,0.0
2025-12-02 00:00:00-05:00,41.52694536549133,41.52694536549133,40.769188678032634,40.87886428833008,32900,0.0,0.0
2025-12-03 00:00:00-05:00,41.24777123558439,41.925762479292175,41.24777123558439,41.7662353515625,34300,0.0,0.0
2025-12-04 00:00:00-05:00,41.576797931138046,42.43425766598343,41.576797931138046,41.84600067138672,45100,0.0,0.0
2025-12-05 00:00:00-05:00,41.65655989501767,41.83602838981791,41.57679823256576,41.68647384643555,38900,0.0,0.0
2025-12-08 00:00:00-05:00,41.78617575146818,42.22487439172125,41.646589993361594,41.776206970214844,64300,0.0,0.0
2025-12-09 00:00:00-05:00,41.97561234387197,42.51401780508464,41.86594053815229,42.13513946533203,39300,0.0,0.0
2025-12-10 00:00:00-05:00,42.61372460029858,43.949765667781925,42.404342163259514,43.700504302978516,64800,0.0,0.0
2025-12-11 00:00:00-05:00,43.76032460695025,44.85707689440717,43.76032460695025,44.71748733520508,61800,0.0,0.0
2025-12-12 00:00:00-05:00,44.867046951076134,45.684623946799384,44.81719543737139,45.564979553222656,74200,0.0,0.0
2025-12-15 00:00:00-05:00,45.71453131736408,47.499243544937464,45.335656793481746,45.5151252746582,84700,0.0,0.0
2025-12-16 00:00:00-05:00,45.874060990762764,47.20013330855014,45.674654936941316,45.68462371826172,97200,0.0,0.0
2025-12-17 00:00:00-05:00,45.63477168126036,46.46231744472004,45.32568621590042,45.45530319213867,90100,0.0,0.0
2025-12-18 00:00:00-05:00,45.80426751349654,46.52214146885091,45.44533433924598,45.49518585205078,154900,0.0,0.0
2025-12-19 00:00:00-05:00,45.38551015719028,45.6347715241761,43.5708877098076,44.51808166503906,204800,0.0,0.0
2025-12-22 00:00:00-05:00,44.388463574284046,45.13624765645845,44.32863947847654,44.60781478881836,93200,0.0,0.0
2025-12-23 00:00:00-05:00,44.23890640714771,44.8171946049769,43.26180230366111,43.461212158203125,67200,0.0,0.0
2025-12-24 00:00:00-05:00,42.91283894764883,44.02952883526847,42.91283894764883,43.41136169433594,30200,0.0,0.0
2025-12-26 00:00:00-05:00,43.49112170588186,43.59082853349223,42.972657612587646,43.27177429199219,63800,0.0,0.0
2025-12-29 00:00:00-05:00,43.40138835949579,43.8999110975683,42.87295547423547,43.30168533325195,54300,0.0,0.0
2025-12-30 00:00:00-05:00,43.20198116933763,43.48115267821007,42.8829231262207,42.8829231262207,43100,0.0,0.0
2025-12-31 00:00:00-05:00,42.683516257524815,43.23189048372483,42.64363352747444,42.81312942504883,72400,0.0,0.0
2026-01-02 00:00:00-05:00,42.57384087266386,42.902863888721726,42.165052396091056,42.693485260009766,73900,0.0,0.0
2026-01-05 00:00:00-05:00,42.454196721454316,43.86003064172429,42.454196721454316,43.082332611083984,64000,0.0,0.0
2026-01-06 00:00:00-05:00,42.843045552403396,43.33159570836531,42.4841085705549,43.18204116821289,73600,0.0,0.0
2026-01-07 00:00:00-05:00,42.37443229199581,43.60079775838826,42.37443229199581,43.0324821472168,68200,0.0,0.0
2026-01-08 00:00:00-05:00,42.823101571386026,44.26881819180394,42.823101571386026,44.109291076660156,47100,0.0,0.0
2026-01-09 00:00:00-05:00,43.919850269125384,44.039494655325505,43.062390593933856,43.44126892089844,36100,0.0,0.0
2026-01-12 00:00:00-05:00,42.98262847513249,43.590826787197685,42.9527183297609,43.17206573486328,66600,0.0,0.0
2026-01-13 00:00:00-05:00,43.321626775354304,43.620739658038374,42.683518278047835,42.75331115722656,63500,0.0,0.0
2026-01-14 00:00:00-05:00,42.773252083148854,43.63070799044134,42.733369351620844,43.501094818115234,54100,0.0,0.0
2026-01-15 00:00:00-05:00,44.099319025462535,44.64769325268207,44.039494930275744,44.3386116027832,39200,0.0,0.0
2026-01-16 00:00:00-05:00,44.2189627969082,44.82716111084876,43.660619796642585,44.149169921875,67600,0.0,0.0
2026-01-20 00:00:00-05:00,43.570885492716016,44.08934956607584,42.952718399005875,43.13218307495117,49000,0.0,0.0
2026-01-21 00:00:00-05:00,43.29171125050384,45.21600925714937,43.29171125050384,45.15618896484375,84300,0.0,0.0
2026-01-22 00:00:00-05:00,45.19607371849573,45.794299488890125,43.91985290973344,44.07938003540039,67100,0.0,0.0
2026-01-23 00:00:00-05:00,43.62073988604122,43.690532765584756,41.72635194676248,42.12517166137695,81700,0.0,0.0
2026-01-26 00:00:00-05:00,42.01549537188425,42.484107958482504,41.14806688053197,41.97561264038086,93500,0.0,0.0
2026-01-27 00:00:00-05:00,41.85596692454723,42.66357509651008,41.646588295921255,42.184993743896484,64800,0.0,0.0
2026-01-28 00:00:00-05:00,41.9855854517145,42.20493667274112,41.20789120033157,41.8559684753418,75500,0.0,0.0
2026-01-29 00:00:00-05:00,41.92576238969499,42.892897738916844,41.79614541012077,42.82310485839844,87600,0.0,0.0
2026-01-30 00:00:00-05:00,42.49407675362815,43.271774804493646,42.464166606704076,42.99259948730469,77000,0.0,0.0
2026-02-02 00:00:00-05:00,43.241859838346066,44.338612108726544,42.34452122086371,44.0594367980957,70900,0.0,0.0
2026-02-03 00:00:00-05:00,43.8301173273397,45.066455366129496,43.471180354677294,44.28875732421875,69100,0.0,0.0
2026-02-04 00:00:00-05:00,44.66763763420695,44.926871594096276,44.089353222054974,44.268821716308594,56000,0.0,0.0
2026-02-05 00:00:00-05:00,44.2887556719414,44.58787234028534,43.780264181924295,44.149169921875,50500,0.0,0.0
2026-02-06 00:00:00-05:00,44.577900224436966,45.8541209600779,43.999615853312214,44.418373107910156,75200,0.0,0.0
2026-02-09 00:00:00-05:00,44.099320138973816,44.867045597836885,43.60079741010897,44.248878479003906,113800,0.0,0.0
2026-02-10 00:00:00-05:00,44.26881855466915,44.85707550972617,43.8101747668732,43.909881591796875,54100,0.0,0.0
2026-02-11 00:00:00-05:00,44.01955719749968,44.39843172193022,43.730413110360736,43.909881591796875,67700,0.0,0.0
2026-02-12 00:00:00-05:00,44.468224668676235,44.468224668676235,42.96268774247603,43.869998931884766,75700,0.0,0.0
2026-02-13 00:00:00-05:00,43.8999101265631,44.21896436759833,43.48115286148932,43.82014846801758,112300,0.0,0.0
2026-02-17 00:00:00-05:00,43.85005756686819,44.43831452286461,43.31165212169997,43.869998931884766,166500,0.0,0.0
2026-02-18 00:00:00-05:00,43.849998474121094,44.56999969482422,43.63999938964844,43.84000015258789,73600,0.13,0.0
2026-02-19 00:00:00-05:00,43.7599983215332,43.81999969482422,43.04999923706055,43.7400016784668,83300,0.0,0.0
2026-02-20 00:00:00-05:00,43.86000061035156,44.2400016784668,43.189998626708984,43.84000015258789,49500,0.0,0.0
2026-02-23 00:00:00-05:00,43.709999084472656,44.29999923706055,42.2599983215332,42.470001220703125,88700,0.0,0.0
2026-02-24 00:00:00-05:00,42.65999984741211,42.86000061035156,42.15999984741211,42.619998931884766,73000,0.0,0.0
2026-02-25 00:00:00-05:00,43.02000045776367,43.689998626708984,42.560001373291016,43.599998474121094,47000,0.0,0.0
2026-02-26 00:00:00-05:00,43.900001525878906,44.11000061035156,43.290000915527344,43.790000915527344,44200,0.0,0.0
2026-02-27 00:00:00-05:00,43.220001220703125,43.5,41.90999984741211,42.13999938964844,98900,0.0,0.0
2026-03-02 00:00:00-05:00,41.45000076293945,43.349998474121094,41.45000076293945,42.83000183105469,82000,0.0,0.0
2026-03-03 00:00:00-05:00,42.06999969482422,43.06999969482422,41.790000915527344,42.900001525878906,52999,0.0,0.0
