Date,Open,High,Low,Close,Volume,Dividends,Stock Splits
2022-01-03 00:00:00-05:00,18.10233419981396,18.337429551929635,17.846494674682617,17.846494674682617,91000,0.0,0.0
2022-01-04 00:00:00-05:00,17.825748901849845,18.081587066243188,17.652884778235954,17.881065368652344,56400,0.0,0.0
2022-01-05 00:00:00-05:00,17.977868827617105,18.161104376328574,17.7980899810791,17.7980899810791,55500,0.0,0.0
2022-01-06 00:00:00-05:00,17.78564755365363,18.08850536823089,17.78564755365363,18.005531311035156,29200,0.0,0.0
2022-01-07 00:00:00-05:00,18.123076421971966,18.448061860306794,18.0746746721388,18.399660110473633,53800,0.0,0.0
2022-01-10 00:00:00-05:00,18.496461959293633,18.814531326293945,18.37891429782642,18.814531326293945,73900,0.0,0.0
2022-01-11 00:00:00-05:00,18.876762955899437,18.945908873454663,18.676241245722828,18.79378890991211,55400,0.0,0.0
2022-01-12 00:00:00-05:00,18.828364099289487,18.828364099289487,18.351259964508458,18.358173370361328,23700,0.0,0.0
2022-01-13 00:00:00-05:00,18.372003009987598,18.91133967266867,18.372003009987598,18.77996253967285,52200,0.0,0.0
2022-01-14 00:00:00-05:00,18.821447809586296,18.835277257839888,18.669327835343136,18.800704956054688,16900,0.0,0.0
2022-01-18 00:00:00-05:00,18.82145162842734,18.82145162842734,18.522051794197168,18.71773338317871,36900,0.0,0.0
2022-01-19 00:00:00-05:00,18.696984891681257,18.768204037365138,18.44460210186363,18.496461868286133,23100,0.0,0.0
2022-01-20 00:00:00-05:00,18.49646459051162,18.65549929663529,18.04701805114746,18.04701805114746,24100,0.0,0.0
2022-01-21 00:00:00-05:00,18.24753922134778,18.607096969268127,18.082280872658494,18.212966918945312,83100,0.0,0.0
2022-01-24 00:00:00-05:00,18.067757975632052,18.155573511349033,17.825749252885696,18.07467269897461,69700,0.0,0.0
2022-01-25 00:00:00-05:00,18.047016351142595,18.433540575978498,17.846493317124406,18.302854537963867,46900,0.0,0.0
2022-01-26 00:00:00-05:00,18.59326651856625,18.59326651856625,18.21988066112018,18.406574249267578,41600,0.0,0.0
2022-01-27 00:00:00-05:00,18.268283258589125,18.441147407016786,18.261368534390165,18.275197982788086,27700,0.0,0.0
2022-01-28 00:00:00-05:00,18.171481350855665,18.321526790698513,17.93638598287196,18.157651901245117,19700,0.0,0.0
2022-01-31 00:00:00-05:00,18.2682815488213,18.524121044843135,18.141053536935296,18.454975128173828,50100,0.0,0.0
2022-02-01 00:00:00-05:00,18.586350202680674,18.627838542392244,18.378913779517283,18.524120330810547,66000,0.0,0.0
2022-02-02 00:00:00-05:00,18.602247943198375,18.672631290494436,18.327754365439482,18.588171005249023,42400,0.471,0.0
2022-02-03 00:00:00-05:00,18.74301622534135,18.74301622534135,18.36294823844959,18.412216186523438,28500,0.0,0.0
2022-02-04 00:00:00-05:00,18.391098512340474,18.419252389174567,18.29960109753114,18.327754974365234,30400,0.0,0.0
2022-02-07 00:00:00-05:00,18.37701830639575,18.75004768371582,18.295373158018613,18.75004768371582,50600,0.0,0.0
2022-02-08 00:00:00-05:00,19.003430889397656,19.003430889397656,18.804950901188846,18.947124481201172,68400,0.0,0.0
2022-02-09 00:00:00-05:00,19.003431405764328,19.28496345439662,18.97879743541217,19.158273696899414,60200,0.0,0.0
2022-02-10 00:00:00-05:00,19.144196803016502,19.347603576894596,18.95416217965814,18.98935317993164,59500,0.0,0.0
2022-02-11 00:00:00-05:00,19.031583898370233,19.313115926536828,19.031583898370233,19.277923583984375,43900,0.0,0.0
2022-02-14 00:00:00-05:00,19.320156713926917,19.320156713926917,18.8978579497658,18.91897201538086,35000,0.0,0.0
2022-02-15 00:00:00-05:00,18.97527836548467,19.31311818117504,18.926715209258987,19.087892532348633,35300,0.0,0.0
2022-02-16 00:00:00-05:00,19.179390872608533,19.355348587036133,19.179390872608533,19.355348587036133,52000,0.0,0.0
2022-02-17 00:00:00-05:00,19.355343833039417,19.355343833039417,19.010466958562954,19.270883560180664,39600,0.0,0.0
2022-02-18 00:00:00-05:00,19.270888363766804,19.28496530316059,18.91193580638113,19.003433227539062,51400,0.0,0.0
2022-02-22 00:00:00-05:00,19.21457957294111,19.21457957294111,18.855627059936523,18.855627059936523,87000,0.0,0.0
2022-02-23 00:00:00-05:00,18.77116596827945,18.841549311064963,18.222177505493164,18.222177505493164,99700,0.0,0.0
2022-02-24 00:00:00-05:00,17.813956828144562,18.172910690307617,17.77172735684617,18.172910690307617,65800,0.0,0.0
2022-02-25 00:00:00-05:00,18.299598941294466,18.65151430555013,18.229215599953218,18.489633560180664,66200,0.0,0.0
2022-02-28 00:00:00-05:00,18.46148342471453,18.581134726486276,18.25737317019264,18.517789840698242,75700,0.0,0.0
2022-03-01 00:00:00-05:00,18.552981333960698,18.552981333960698,18.243295389109168,18.313678741455078,44400,0.0,0.0
2022-03-02 00:00:00-05:00,18.50371084926519,18.623360786637797,18.341828758362773,18.482595443725586,75900,0.0,0.0
2022-03-03 00:00:00-05:00,18.489633830652085,18.623360704461014,18.412212019799107,18.41925048828125,16400,0.0,0.0
2022-03-04 00:00:00-05:00,18.369984385318563,18.52201156084877,18.313677974290684,18.447404861450195,37900,0.0,0.0
2022-03-07 00:00:00-05:00,18.552979414248906,18.64870017285659,18.285522971498825,18.405174255371094,49400,0.0,0.0
2022-03-08 00:00:00-05:00,18.42628911882235,18.644476273885356,18.351682426215945,18.545940399169922,68400,0.0,0.0
2022-03-09 00:00:00-05:00,18.496675773736133,18.700786028258022,18.47556036432317,18.517789840698242,40800,0.0,0.0
2022-03-10 00:00:00-05:00,18.41925185337143,18.757090310848653,18.405174915363872,18.65151596069336,31200,0.0,0.0
2022-03-11 00:00:00-05:00,18.813398069373186,18.813398069373186,18.384062168964288,18.468521118164062,50800,0.0,0.0
2022-03-14 00:00:00-04:00,18.588168639954965,18.721896848555865,18.378426855531057,18.440364837646484,95400,0.0,0.0
2022-03-15 00:00:00-04:00,18.4403649555332,18.64095659849165,18.32775215044953,18.334789276123047,46200,0.0,0.0
2022-03-16 00:00:00-04:00,18.334791328536014,18.600839546624282,18.334791328536014,18.369983673095703,43800,0.0,0.0
2022-03-17 00:00:00-04:00,18.369982964738117,18.945715738046985,18.369982964738117,18.827472686767578,81800,0.0,0.0
2022-03-18 00:00:00-04:00,18.933045279157202,18.933045279157202,18.341827392578125,18.341827392578125,119400,0.0,0.0
2022-03-21 00:00:00-04:00,18.545941610538062,18.73597624628801,18.440367260382768,18.65151596069336,165000,0.0,0.0
2022-03-22 00:00:00-04:00,18.700783901269116,18.82747365843575,18.59872811439036,18.65151596069336,67500,0.0,0.0
2022-03-23 00:00:00-04:00,18.61632495812516,18.749348397679704,18.61632495812516,18.65151596069336,35900,0.0,0.0
2022-03-24 00:00:00-04:00,18.820434456026515,19.140677399740227,18.7007831725263,19.017507553100586,72000,0.0,0.0
2022-03-25 00:00:00-04:00,19.09492903750025,19.28496367592905,19.070295066865114,19.256811141967773,61300,0.0,0.0
2022-03-28 00:00:00-04:00,19.214580952975417,19.214580952975417,18.904896357064487,19.087892532348633,66600,0.0,0.0
2022-03-29 00:00:00-04:00,19.15123390113113,19.284962118386147,19.080851900686955,19.249771118164062,71900,0.0,0.0
2022-03-30 00:00:00-04:00,19.263849389780887,19.277924985374476,19.010469874786473,19.158273696899414,28500,0.0,0.0
2022-03-31 00:00:00-04:00,19.073815097477816,19.193466388110455,18.9844280159805,19.059738159179688,23700,0.0,0.0
2022-04-01 00:00:00-04:00,19.059735366512744,19.256808446458855,19.059735366512744,19.20754051208496,39100,0.0,0.0
2022-04-04 00:00:00-04:00,19.28496523277493,19.496115295558546,19.130122927360937,19.355348587036133,128500,0.0,0.0
2022-04-05 00:00:00-04:00,19.47499655065915,19.594647829672798,19.383499145507812,19.383499145507812,39100,0.0,0.0
2022-04-06 00:00:00-04:00,19.42573088438723,19.467960357666016,19.207543706254306,19.467960357666016,133100,0.0,0.0
2022-04-07 00:00:00-04:00,19.411655001954934,19.44614256362825,19.187836230743482,19.355348587036133,25500,0.0,0.0
2022-04-08 00:00:00-04:00,19.39757413858618,19.636876689194146,19.39757413858618,19.552417755126953,108300,0.0,0.0
2022-04-11 00:00:00-04:00,19.446846007860124,19.60168965572494,19.355348587036133,19.355348587036133,45300,0.0,0.0
2022-04-12 00:00:00-04:00,19.425726727399827,19.672067729970298,19.355343392029628,19.474994659423828,28200,0.0,0.0
2022-04-13 00:00:00-04:00,19.62984087362936,20.164752450658995,19.491187192016124,19.953603744506836,98600,0.0,0.0
2022-04-14 00:00:00-04:00,20.002870299864504,20.326631805848386,20.002870299864504,20.164751052856445,143100,0.0,0.0
2022-04-18 00:00:00-04:00,20.27032142703199,20.565930342705183,20.19993943861725,20.389972686767578,107800,0.0,0.0
2022-04-19 00:00:00-04:00,20.481474544383524,20.62857490943926,20.368861734798713,20.404052734375,101500,0.0,0.0
2022-04-20 00:00:00-04:00,20.558896028280213,20.650394779622772,20.418130680565692,20.55185890197754,57700,0.0,0.0
2022-04-21 00:00:00-04:00,20.481471874073694,20.69262052890367,19.77693779069291,19.80579376220703,83300,0.0,0.0
2022-04-22 00:00:00-04:00,19.805797623507868,19.876180969656467,18.992873935721025,19.010469436645508,77100,0.0,0.0
2022-04-25 00:00:00-04:00,18.85562854510612,18.954164431539127,18.384061836182674,18.890819549560547,88000,0.0,0.0
2022-04-26 00:00:00-04:00,18.855624808513006,18.882369107429998,18.510746589439993,18.602245330810547,30900,0.0,0.0
2022-04-27 00:00:00-04:00,18.651514154318928,18.93304617495061,18.602246218514704,18.80635643005371,29900,0.0,0.0
2022-04-28 00:00:00-04:00,18.91193378845098,19.242733774203092,18.60224786708582,19.200504302978516,43100,0.0,0.0
2022-04-29 00:00:00-04:00,19.228652159755498,19.520742508942696,19.179384231567383,19.179384231567383,60700,0.0,0.0
2022-05-02 00:00:00-04:00,19.235693133700238,19.425727746433466,18.475556025217866,18.658552169799805,68800,0.0,0.0
2022-05-03 00:00:00-04:00,18.34886817739387,19.573533570668936,18.34886817739387,19.425729751586914,48200,0.0,0.0
2022-05-04 00:00:00-04:00,19.53130407053307,20.00709409484364,19.446843786576796,19.777645111083984,52200,0.0,0.0
2022-05-05 00:00:00-04:00,19.848029795050465,19.965569413909154,19.261738589154895,19.594650268554688,57200,0.0,0.0
2022-05-06 00:00:00-04:00,19.566494566194127,19.826912537741993,19.503149690478445,19.65799331665039,40500,0.0,0.0
2022-05-09 00:00:00-04:00,19.77764490019702,19.851546808839085,19.116043600687902,19.235694885253906,72400,0.0,0.0
2022-05-10 00:00:00-04:00,19.249771664147374,19.53130370126101,18.834511405985772,19.109004974365234,58100,0.0,0.0
2022-05-11 00:00:00-04:00,19.109720003758532,19.725700913762182,18.995119094848633,18.995119094848633,63500,0.471,0.0
2022-05-12 00:00:00-04:00,18.909164850402636,18.909164850402636,18.32899766663147,18.51522445678711,96600,0.0,0.0
2022-05-13 00:00:00-04:00,18.622663310665082,19.431316444461785,18.608337857165388,19.152692794799805,56000,0.0,0.0
2022-05-16 00:00:00-04:00,19.030930102234336,19.811649596159125,18.99869851336036,19.61109733581543,31600,0.0,0.0
2022-05-17 00:00:00-04:00,19.582452754033476,20.270058335989617,19.582452754033476,19.93341827392578,38000,0.0,0.0
2022-05-18 00:00:00-04:00,19.911927850175783,19.911927850175783,19.389060993535967,19.740026473999023,47500,0.0,0.0
2022-05-19 00:00:00-04:00,19.381891481935096,19.514399856358693,18.730098479746847,18.909162521362305,47700,0.0,0.0
2022-05-20 00:00:00-04:00,19.167016990246893,19.19781548371434,18.13560763052432,18.536710739135742,116400,0.0,0.0
2022-05-23 00:00:00-04:00,18.443602276267317,19.045257760785177,18.386301818987075,18.80889320373535,43800,0.0,0.0
2022-05-24 00:00:00-04:00,18.93781716338241,19.58746133955866,18.804592899936107,19.51798439025879,41900,0.0,0.0
2022-05-25 00:00:00-04:00,19.389061719701886,19.69705220919339,19.20283488033142,19.4606876373291,38100,0.0,0.0
2022-05-26 00:00:00-04:00,19.596777804240936,20.0122065095694,19.51440847266685,19.70421600341797,25000,0.0,0.0
2022-05-27 00:00:00-04:00,19.718539979352208,20.318046533834664,19.718539979352208,19.911928176879883,32300,0.0,0.0
2022-05-31 00:00:00-04:00,19.761512518718174,19.976388874136454,18.944980728748046,18.980792999267578,68600,0.0,0.0
2022-06-01 00:00:00-04:00,19.224321672498192,19.34608531379642,18.95214347846656,19.06674575805664,40500,0.0,0.0
2022-06-02 00:00:00-04:00,19.252971279530453,19.854626760092405,19.121180092037367,19.7686767578125,30800,0.0,0.0
2022-06-03 00:00:00-04:00,19.768678873829238,19.800193240501493,19.346087446625816,19.489337921142578,20500,0.0,0.0
2022-06-06 00:00:00-04:00,19.48933909730484,19.59677866736478,19.346088614143056,19.482177734375,16600,0.0,0.0
2022-06-07 00:00:00-04:00,19.482174876596293,19.675563068804742,19.45710601156648,19.625425338745117,10000,0.0,0.0
2022-06-08 00:00:00-04:00,19.85462792085132,19.85462792085132,19.184928535485998,19.36757469177246,19500,0.0,0.0
2022-06-09 00:00:00-04:00,19.245811351496194,19.467850467768955,19.088234058660056,19.167022705078125,18800,0.0,0.0
2022-06-10 00:00:00-04:00,19.088231806990976,19.124045444843098,18.765917263225443,18.9521427154541,33400,0.0,0.0
2022-06-13 00:00:00-04:00,18.859033815776044,18.866196544799763,18.08547684117575,18.64415740966797,139000,0.0,0.0
2022-06-14 00:00:00-04:00,18.62266698722365,18.801731092870032,18.31467650692776,18.45076560974121,49000,0.0,0.0
2022-06-15 00:00:00-04:00,18.271700433664893,18.3719758897841,17.935060426585682,18.22872543334961,56300,0.0,0.0
2022-06-16 00:00:00-04:00,18.142771798258813,18.142771798258813,16.996761459310296,17.09703826904297,154600,0.0,0.0
2022-06-17 00:00:00-04:00,17.04690179150774,17.04690179150774,15.81494127402345,16.77472496032715,237200,0.0,0.0
2022-06-21 00:00:00-04:00,16.83202584096826,17.132853591495422,16.609986733673427,16.674449920654297,40600,0.0,0.0
2022-06-22 00:00:00-04:00,16.58133801481948,16.853516255002585,16.329216235732233,16.803377151489258,50100,0.0,0.0
2022-06-23 00:00:00-04:00,16.789050635334863,17.039740652101028,16.581335620652688,16.889326095581055,46600,0.0,0.0
2022-06-24 00:00:00-04:00,16.93946408393403,17.77032142302719,16.88932635304662,17.727346420288086,43500,0.0,0.0
2022-06-27 00:00:00-04:00,17.72734840796651,18.171428039898714,17.511754774826514,18.1356143951416,112200,0.0,0.0
2022-06-28 00:00:00-04:00,18.042499128756376,18.192912317256106,17.906410030006143,18.164262771606445,54200,0.0,0.0
2022-06-29 00:00:00-04:00,18.04966000589526,18.135610000181607,17.777481836303927,17.84910774230957,21300,0.0,0.0
2022-06-30 00:00:00-04:00,17.763157012176386,17.985197465287758,17.4265170180003,17.84194564819336,26600,0.0,0.0
2022-07-01 00:00:00-04:00,17.763161244596184,17.842665762458466,17.591259842814388,17.741674423217773,15700,0.0,0.0
2022-07-05 00:00:00-04:00,17.612746235073434,17.734509886359675,16.960952974114942,17.4265193939209,31500,0.0,0.0
2022-07-06 00:00:00-04:00,17.390705698610795,17.397868426472595,16.746073852555313,16.989601135253906,47400,0.0,0.0
2022-07-07 00:00:00-04:00,16.94662245809192,17.448002370450993,16.94662245809192,17.3835391998291,21700,0.0,0.0
2022-07-08 00:00:00-04:00,17.426520135767163,17.512471514631418,17.261781472940726,17.498146057128906,20800,0.0,0.0
2022-07-11 00:00:00-04:00,17.319083332254497,17.57693612347248,17.11853100951263,17.190156936645508,37400,0.0,0.0
2022-07-12 00:00:00-04:00,17.025414891263406,17.269658038577145,16.939463522483305,17.068389892578125,27800,0.0,0.0
2022-07-13 00:00:00-04:00,17.018249476736205,17.37279557237525,16.97527448220581,17.311914443969727,24300,0.0,0.0
2022-07-14 00:00:00-04:00,17.09704261386762,17.4408453930767,16.918694358615706,17.03257942199707,20600,0.0,0.0
2022-07-15 00:00:00-04:00,17.11853100951263,17.36922107140223,17.054067811708137,17.190156936645508,18700,0.0,0.0
2022-07-18 00:00:00-04:00,17.225966035394762,17.576932876905026,17.104202391604645,17.204479217529297,25600,0.0,0.0
2022-07-19 00:00:00-04:00,17.390707117839963,17.598420778180753,17.331257701271035,17.4265193939209,26000,0.0,0.0
2022-07-20 00:00:00-04:00,17.63423104313194,17.67720603942871,17.448004237645275,17.67720603942871,13000,0.0,0.0
2022-07-21 00:00:00-04:00,17.741669208434235,17.79896965885259,17.435827729865505,17.655717849731445,19900,0.0,0.0
2022-07-22 00:00:00-04:00,17.84194969376138,17.884924702173823,17.46949597778449,17.6055850982666,23200,0.0,0.0
2022-07-25 00:00:00-04:00,17.54828315672698,17.88492319893971,17.261780847806488,17.856273651123047,39800,0.0,0.0
2022-07-26 00:00:00-04:00,17.8849237266321,17.8849237266321,17.448008204943754,17.770322799682617,31000,0.0,0.0
2022-07-27 00:00:00-04:00,17.806847730516907,17.808996685190742,17.541116438360092,17.72018051147461,23300,0.0,0.0
2022-07-28 00:00:00-04:00,17.89208666372314,17.906412121296377,17.831205518263133,17.884923934936523,16100,0.0,0.0
2022-07-29 00:00:00-04:00,17.940792458038416,18.457929721338573,17.793242705873574,18.142776489257812,59300,0.0,0.0
2022-08-01 00:00:00-04:00,18.243048071549914,18.46437128648695,17.980182951611145,18.436437606811523,27100,0.0,0.0
2022-08-02 00:00:00-04:00,18.171426053270526,18.780242919921875,18.171426053270526,18.780242919921875,34900,0.0,0.0
2022-08-03 00:00:00-04:00,18.629826702106335,18.804592869356657,17.798969495586178,17.89208221435547,93300,0.0,0.0
2022-08-04 00:00:00-04:00,17.827623270338496,18.321840621851468,17.748835986873246,17.81329917907715,27900,0.0,0.0
2022-08-05 00:00:00-04:00,17.69153292945282,18.114124298095703,17.69153292945282,18.114124298095703,24400,0.0,0.0
2022-08-08 00:00:00-04:00,17.920735183524236,18.336163834564697,17.920735183524236,18.32183837890625,24700,0.0,0.0
2022-08-09 00:00:00-04:00,18.422115536885947,18.44360372235734,18.063987309267358,18.18575096130371,27100,0.0,0.0
2022-08-10 00:00:00-04:00,18.186484766809077,18.536785903896977,18.157292309398592,18.46380615234375,29400,0.471,0.0
2022-08-11 00:00:00-04:00,18.2448625954903,18.624356071549908,18.2448625954903,18.551376342773438,27700,0.0,0.0
2022-08-12 00:00:00-04:00,18.361630913876862,18.617059286819572,18.295949292492377,18.390823364257812,27000,0.0,0.0
2022-08-15 00:00:00-04:00,18.34703707369335,18.536783849917537,18.098906781090403,18.36163330078125,17600,0.0,0.0
2022-08-16 00:00:00-04:00,18.390822693328566,18.52948265166157,18.062414598387036,18.288650512695312,40300,0.0,0.0
2022-08-17 00:00:00-04:00,18.062413930335925,18.90167732951258,18.062413930335925,18.638952255249023,36900,0.0,0.0
2022-08-18 00:00:00-04:00,18.682741330510762,18.799508350728672,18.434611064554527,18.6170597076416,15100,0.0,0.0
2022-08-19 00:00:00-04:00,18.675440902198368,18.726526293213084,18.339734716716286,18.471097946166992,21300,0.0,0.0
2022-08-22 00:00:00-04:00,18.478398159088577,18.500292497144002,18.01862819570597,18.069713592529297,24900,0.0,0.0
2022-08-23 00:00:00-04:00,18.149992138970365,18.96736130356225,18.011330776558758,18.865190505981445,36800,0.0,0.0
2022-08-24 00:00:00-04:00,18.748418858358267,18.87978207540429,18.47839431310007,18.82869529724121,19700,0.0,0.0
2022-08-25 00:00:00-04:00,18.996554356914345,19.120619497321904,18.711933510113028,18.857892990112305,42100,0.0,0.0
2022-08-26 00:00:00-04:00,18.923571098829896,19.149806997993732,18.347032791187132,18.558673858642578,47300,0.0,0.0
2022-08-29 00:00:00-04:00,18.36163008696129,18.507589548347458,17.901860149948266,18.186479568481445,40600,0.0,0.0
2022-08-30 00:00:00-04:00,18.106197764552505,18.16823100926144,17.631831706780172,17.741300582885742,47500,0.0,0.0
2022-08-31 00:00:00-04:00,17.70481611663378,17.86902017032342,17.515069364811602,17.522367477416992,31200,0.0,0.0
2022-09-01 00:00:00-04:00,17.51506777410813,17.657377477057153,17.15017052881421,17.391002655029297,38000,0.0,0.0
2022-09-02 00:00:00-04:00,17.405602473856195,17.634027996145004,17.0625981015736,17.099088668823242,33200,0.0,0.0
2022-09-06 00:00:00-04:00,17.11368292742603,17.485876926755548,17.074273397723587,17.354515075683594,21900,0.0,0.0
2022-09-07 00:00:00-04:00,17.193961297209302,17.515071327974553,17.147255041666956,17.43479347229004,11400,0.0,0.0
2022-09-08 00:00:00-04:00,17.33262062072754,17.442089525200764,17.069894136413687,17.33262062072754,20900,0.0,0.0
2022-09-09 00:00:00-04:00,17.463984563542304,17.770498343548297,17.13922619738757,17.51506996154785,53500,0.0,0.0
2022-09-12 00:00:00-04:00,17.522366007745145,17.992353005936785,17.42019522378447,17.58074951171875,63400,0.0,0.0
2022-09-13 00:00:00-04:00,17.507770381565532,17.60264444874497,17.34721608814909,17.40559959411621,11900,0.0,0.0
2022-09-14 00:00:00-04:00,17.631835999669942,17.631835999669942,17.150171713954975,17.208555221557617,17900,0.0,0.0
2022-09-15 00:00:00-04:00,17.01151098055422,17.312186821236075,16.785275054356546,16.86555290222168,39700,0.0,0.0
2022-09-16 00:00:00-04:00,16.785277160593225,16.935614403812316,16.42037983101511,16.632020950317383,41400,0.0,0.0
2022-09-19 00:00:00-04:00,16.602825599576256,16.80643778398791,16.49335669819335,16.661209106445312,18500,0.0,0.0
2022-09-20 00:00:00-04:00,16.449567709365958,16.639313043024558,16.27441581495847,16.340097427368164,41800,0.0,0.0
2022-09-21 00:00:00-04:00,16.28901644737224,16.45322052284431,16.05548238091101,16.084674835205078,40300,0.0,0.0
2022-09-22 00:00:00-04:00,16.070073932214264,16.084670155114296,15.581111600842615,15.712474822998047,53900,0.0,0.0
2022-09-23 00:00:00-04:00,15.449752379747883,15.449752379747883,14.822128552233485,14.94619369506836,114400,0.0,0.0
2022-09-26 00:00:00-04:00,14.705361754171047,15.101641102131666,14.384251722020204,14.544807434082031,100600,0.0,0.0
2022-09-27 00:00:00-04:00,14.595891239888532,15.17972633269501,14.595891239888532,15.05566120147705,297300,0.0,0.0
2022-09-28 00:00:00-04:00,15.172424560362469,16.259817928650556,15.062954298933226,15.982495307922363,29400,0.0,0.0
2022-09-29 00:00:00-04:00,15.807350038943985,16.661209728780467,15.464347097272892,16.318206787109375,58500,0.0,0.0
2022-09-30 00:00:00-04:00,16.369293395685016,16.42037879588992,15.573817155992973,15.690584182739258,14400,0.0,0.0
2022-10-03 00:00:00-04:00,15.880330064221866,16.624720862225864,15.712477646624693,16.52254867553711,40300,0.0,0.0
2022-10-04 00:00:00-04:00,16.902043325872178,17.039975300003064,16.677266170382484,16.763381958007812,27600,0.0,0.0
2022-10-05 00:00:00-04:00,16.66850854958267,16.77067934676749,16.24522774299492,16.500656127929688,24400,0.0,0.0
2022-10-06 00:00:00-04:00,16.493358110078663,16.850957294259867,16.41308025927194,16.69040298461914,33700,0.0,0.0
2022-10-07 00:00:00-04:00,16.57363573160379,16.797683500690443,16.27442003829857,16.39848518371582,23300,0.0,0.0
2022-10-10 00:00:00-04:00,16.391185023459027,16.609394831293432,15.902224008311274,16.128459930419922,22100,0.0,0.0
2022-10-11 00:00:00-04:00,16.055474394988025,16.683097930405005,15.810993975756425,16.44956398010254,28700,0.0,0.0
2022-10-12 00:00:00-04:00,16.310911689074697,16.639318466186523,16.310911689074697,16.639318466186523,9400,0.0,0.0
2022-10-13 00:00:00-04:00,16.21603599177627,16.951669939204514,16.21603599177627,16.763381958007812,20400,0.0,0.0
2022-10-14 00:00:00-04:00,16.785275167061503,16.785275167061503,16.347398145178406,16.52254867553711,15100,0.0,0.0
2022-10-17 00:00:00-04:00,16.610125133812417,16.785275669413043,16.610125133812417,16.69040298461914,13100,0.0,0.0
2022-10-18 00:00:00-04:00,16.89474498853387,16.91663932800293,16.449571221778307,16.91663932800293,37700,0.0,0.0
2022-10-19 00:00:00-04:00,16.69770186036297,16.858257582695153,16.617425391169775,16.814470291137695,8300,0.0,0.0
2022-10-20 00:00:00-04:00,16.82541183014413,16.8611716034891,16.478759176406818,16.65390968322754,11200,0.0,0.0
2022-10-21 00:00:00-04:00,16.785275838356313,16.785275838356313,16.201440713811273,16.62472152709961,38400,0.0,0.0
2022-10-24 00:00:00-04:00,16.529845198335668,16.602824926958565,16.055479050245644,16.391183853149414,36900,0.0,0.0
2022-10-25 00:00:00-04:00,16.318207201181007,16.715945301666874,16.318207201181007,16.544443130493164,25800,0.0,0.0
2022-10-26 00:00:00-04:00,16.66850678229917,16.78527379297948,16.58458058037098,16.602825164794922,21600,0.0,0.0
2022-10-27 00:00:00-04:00,16.661209690781906,17.029025936154156,16.58093184403175,16.82176399230957,14500,0.0,0.0
2022-10-28 00:00:00-04:00,16.77067756652832,17.042160935924308,16.639314331536458,16.77067756652832,24200,0.0,0.0
2022-10-31 00:00:00-04:00,16.916640097524823,17.055301469857614,16.76484267770215,16.843660354614258,29500,0.0,0.0
2022-11-01 00:00:00-04:00,17.084493594068785,17.25234603881836,16.945832213114702,17.25234603881836,36700,0.0,0.0
2022-11-02 00:00:00-04:00,17.398301290676194,17.42019562716298,16.931233248072022,16.93852996826172,28100,0.0,0.0
2022-11-03 00:00:00-04:00,17.21585570007648,17.358165432418065,16.61742431691043,17.099088668823242,43800,0.0,0.0
2022-11-04 00:00:00-04:00,17.179363841692368,17.49755346497147,16.950207569467683,17.33991813659668,31400,0.0,0.0
2022-11-07 00:00:00-05:00,17.442090410876784,17.51507014822225,17.142874740535802,17.281536102294922,200900,0.0,0.0
2022-11-08 00:00:00-05:00,17.449392857326863,17.515074498052407,17.113687930927927,17.17207145690918,83200,0.0,0.0
2022-11-09 00:00:00-05:00,16.94195645893265,17.195155042720543,16.189807891845703,16.189807891845703,82400,0.471,0.0
2022-11-10 00:00:00-05:00,16.539814242983187,17.671760494986263,16.539814242983187,17.299409866333008,102700,0.0,0.0
2022-11-11 00:00:00-05:00,17.35898600116121,17.77601973013203,17.30685714014109,17.493032455444336,61000,0.0,0.0
2022-11-14 00:00:00-05:00,17.649420458909628,17.65463334501164,17.41111486218133,17.493032455444336,36400,0.0,0.0
2022-11-15 00:00:00-05:00,17.493030323967815,17.65686407012621,16.92705726395958,16.98663330078125,34200,0.0,0.0
2022-11-16 00:00:00-05:00,16.956848124995638,17.20483378230773,16.904719263771764,17.076000213623047,20100,0.0,0.0
2022-11-17 00:00:00-05:00,17.042487369611038,17.128127838354228,16.55545327801599,16.800458908081055,27500,0.0,0.0
2022-11-18 00:00:00-05:00,16.57705135880968,16.793014000460733,16.57705135880968,16.785568237304688,38200,0.0,0.0
2022-11-21 00:00:00-05:00,16.763227479122754,16.7855690308622,16.547263406856718,16.703651428222656,31000,0.0,0.0
2022-11-22 00:00:00-05:00,16.837694947293492,17.299408905759467,16.651519643304507,16.75577735900879,30800,0.0,0.0
2022-11-23 00:00:00-05:00,16.860038114235135,17.119939578616275,16.725991643932435,16.837697982788086,50500,0.0,0.0
2022-11-25 00:00:00-05:00,16.83769505538742,16.994081629947807,16.73418163115797,16.88982391357422,10500,0.0,0.0
2022-11-28 00:00:00-05:00,17.031319251985817,17.031319251985817,16.666414367257502,16.74088478088379,50400,0.0,0.0
2022-11-29 00:00:00-05:00,16.897273835763713,17.15791958936071,16.86003791644695,17.120683670043945,36500,0.0,0.0
2022-11-30 00:00:00-05:00,17.128130822202394,17.27707165838358,16.763227336004086,17.239835739135742,20400,0.0,0.0
2022-12-01 00:00:00-05:00,17.195151502025944,17.388773992135953,17.12812827774152,17.277069091796875,18800,0.0,0.0
2022-12-02 00:00:00-05:00,17.068554771810938,17.619633593033186,17.068554771810938,17.239835739135742,23100,0.0,0.0
2022-12-05 00:00:00-05:00,17.18770672932483,17.370159181105684,16.755780012485843,16.852590560913086,19700,0.0,0.0
2022-12-06 00:00:00-05:00,16.77811867578862,17.165362223245456,16.547260279329844,16.606836318969727,21900,0.0,0.0
2022-12-07 00:00:00-05:00,16.51002285438175,16.89726775345359,16.30150604248047,16.30150604248047,31900,0.0,0.0
2022-12-08 00:00:00-05:00,16.487685143729358,16.520452464469653,16.286616886672952,16.48023796081543,41200,0.0,0.0
2022-12-09 00:00:00-05:00,16.33874766810818,16.45566547075611,16.30895893294931,16.361087799072266,20200,0.0,0.0
2022-12-12 00:00:00-05:00,16.323852420365217,16.614285470479054,16.227041877128936,16.308958053588867,48500,0.0,0.0
2022-12-13 00:00:00-05:00,16.47279155152234,16.644072490602806,16.413215510955013,16.457897186279297,40300,0.0,0.0
2022-12-14 00:00:00-05:00,16.420661017544486,16.606836318969727,16.420661017544486,16.606836318969727,19600,0.0,0.0
2022-12-15 00:00:00-05:00,16.5323676935249,16.733435943920274,16.5323676935249,16.651519775390625,38800,0.0,0.0
2022-12-16 00:00:00-05:00,16.67386150479823,16.7669491664738,15.936607394776328,16.368534088134766,84500,0.0,0.0
2022-12-19 00:00:00-05:00,16.234485757134532,16.38566086361075,16.056503350299153,16.13022804260254,47300,0.0,0.0
2022-12-20 00:00:00-05:00,16.04831260170926,16.24193511202638,16.03341965507334,16.10044288635254,63800,0.0,0.0
2022-12-21 00:00:00-05:00,16.07065578422848,16.264278314207758,16.07065578422848,16.189807891845703,37900,0.0,0.0
2022-12-22 00:00:00-05:00,16.011076968954576,16.143633417245535,15.775751383936903,16.137676239013672,46600,0.0,0.0
2022-12-23 00:00:00-05:00,16.0483115822289,16.323851673362274,16.00809849825896,16.152570724487305,33500,0.0,0.0
2022-12-27 00:00:00-05:00,15.951502862941107,16.524177526679374,15.925438429504682,16.39087677001953,77300,0.0,0.0
2022-12-28 00:00:00-05:00,16.338747903146682,16.42066408520183,15.772774710632016,16.39087677001953,74800,0.0,0.0
2022-12-29 00:00:00-05:00,16.301508275621067,17.22493756270501,16.301508275621067,17.180255889892578,57600,0.0,0.0
2022-12-30 00:00:00-05:00,16.971741557850113,17.589843516265436,16.569602215543707,17.500478744506836,97600,0.0,0.0
2023-01-03 00:00:00-05:00,17.485584322001674,17.585374865105578,16.79301195945172,16.88982391357422,27900,0.0,0.0
2023-01-04 00:00:00-05:00,16.94195162826619,17.098338192271285,16.793010826009635,16.98663330078125,18900,0.0,0.0
2023-01-05 00:00:00-05:00,16.979188362292515,17.321751684587692,16.815354594484788,17.150470733642578,77200,0.0,0.0
2023-01-06 00:00:00-05:00,17.061109366400842,17.567506557717298,17.061109366400842,17.537717819213867,24100,0.0,0.0
2023-01-09 00:00:00-05:00,17.627078151188165,17.627078151188165,17.232385988384145,17.336645126342773,33800,0.0,0.0
2023-01-10 00:00:00-05:00,17.291962862741904,17.727613841397318,17.291962862741904,17.686655044555664,42100,0.0,0.0
2023-01-11 00:00:00-05:00,17.76112844188255,18.327101668931974,17.752191252498964,18.26007843017578,37200,0.0,0.0
2023-01-12 00:00:00-05:00,18.2526263949126,18.610082626342773,18.16326162685266,18.610082626342773,44200,0.0,0.0
2023-01-13 00:00:00-05:00,18.42391095696904,18.770197193246926,18.341993355146933,18.714344024658203,30800,0.0,0.0
2023-01-17 00:00:00-05:00,18.721794053974428,18.98988703129893,18.714346869003712,18.900522232055664,65900,0.0,0.0
2023-01-18 00:00:00-05:00,18.900517902322466,19.064353093336184,18.766472864772567,18.83349609375,66300,0.0,0.0
2023-01-19 00:00:00-05:00,18.840940730344013,18.840940730344013,18.669659786709314,18.751577377319336,20000,0.0,0.0
2023-01-20 00:00:00-05:00,18.863285048344686,19.04201320104012,18.751580130460678,18.922861099243164,18900,0.0,0.0
2023-01-23 00:00:00-05:00,19.027115229570043,19.15818308488511,18.915410332842406,19.07179832458496,29200,0.0,0.0
2023-01-24 00:00:00-05:00,18.95264892547857,19.08669396826436,18.878178510327558,18.989883422851562,33300,0.0,0.0
2023-01-25 00:00:00-05:00,19.079246296358487,19.13137515562753,18.900516749714786,18.93030548095703,32800,0.0,0.0
2023-01-26 00:00:00-05:00,19.012222901738593,19.362231968280998,19.012222901738593,19.332443237304688,29800,0.0,0.0
2023-01-27 00:00:00-05:00,19.30265719780763,19.353297475640055,19.2207396026334,19.25052833557129,18000,0.0,0.0
2023-01-30 00:00:00-05:00,19.235635569560838,19.362234854270348,19.027118682861328,19.027118682861328,50200,0.0,0.0
2023-01-31 00:00:00-05:00,19.161162330647613,19.23414273310698,18.87072930511878,19.034563064575195,66300,0.0,0.0
2023-02-01 00:00:00-05:00,18.89117065146605,19.16657271902243,18.731848217642707,18.85323715209961,62100,0.471,0.0
2023-02-02 00:00:00-05:00,18.853238904883398,19.05428907494359,18.45113711769264,18.549766540527344,48600,0.0,0.0
2023-02-03 00:00:00-05:00,18.648400407503814,18.739442869107023,17.973174002617167,17.995933532714844,54600,0.0,0.0
2023-02-06 00:00:00-05:00,18.071797901700954,18.19318685819884,17.75315152912638,17.836606979370117,63300,0.0,0.0
2023-02-07 00:00:00-05:00,17.980757459467657,18.333544577321796,17.55589465162082,18.2614688873291,37700,0.0,0.0
2023-02-08 00:00:00-05:00,18.253878243098058,18.39802814716272,18.246291253718837,18.33733367919922,15100,0.0,0.0
2023-02-09 00:00:00-05:00,18.33733469711418,18.583147088950987,18.178010805446927,18.208358764648438,23500,0.0,0.0
2023-02-10 00:00:00-05:00,18.30698703099155,18.42761771072917,18.264501045085545,18.3676815032959,14600,0.0,0.0
2023-02-13 00:00:00-05:00,18.322161604018458,18.64991292272923,18.299402080586464,18.45113754272461,20500,0.0,0.0
2023-02-14 00:00:00-05:00,18.352511154790303,18.784959502311434,18.27664269361261,18.633222579956055,31000,0.0,0.0
2023-02-15 00:00:00-05:00,18.527003798348996,18.80012962367879,18.398027874951065,18.51941680908203,22600,0.0,0.0
2023-02-16 00:00:00-05:00,18.70150333976842,18.70150333976842,17.96558262256746,18.01869010925293,64600,0.0,0.0
2023-02-17 00:00:00-05:00,17.866955383828977,18.21974252815665,17.866955383828977,17.950410842895508,41100,0.0,0.0
2023-02-21 00:00:00-05:00,18.496658790688326,18.496658790688326,17.78349905071871,17.82901954650879,51600,0.0,0.0
2023-02-22 00:00:00-05:00,17.768323897641928,18.003514798624703,17.426916584061786,17.654521942138672,71100,0.0,0.0
2023-02-23 00:00:00-05:00,17.82143343385197,17.94054615135615,17.646936985502876,17.737977981567383,44500,0.0,0.0
2023-02-24 00:00:00-05:00,17.760737638410497,17.878333817275433,17.557411218720187,17.82143211364746,76400,0.0,0.0
2023-02-27 00:00:00-05:00,17.821434743542554,18.05662568890893,17.244836420168014,17.874542236328125,90100,0.0,0.0
2023-02-28 00:00:00-05:00,17.957992933511793,17.957992933511793,17.138616890605448,17.404155731201172,99800,0.0,0.0
2023-03-01 00:00:00-05:00,17.404158671387304,17.419331205673185,17.153793767288935,17.275182723999023,48600,0.0,0.0
2023-03-02 00:00:00-05:00,17.191729498906756,17.240285956118246,16.880670076189816,17.093101501464844,108300,0.0,0.0
2023-03-03 00:00:00-05:00,17.047576321837667,17.320702181580305,17.047576321837667,17.184139251708984,128300,0.0,0.0
2023-03-06 00:00:00-05:00,17.14620827177081,17.261528224822516,16.32683201899234,16.93377685546875,105200,0.0,0.0
2023-03-07 00:00:00-05:00,17.024816496565492,17.07792398011431,16.85866532071831,16.91860008239746,26600,0.0,0.0
2023-03-08 00:00:00-05:00,16.827561590362095,17.099927773688425,16.728932151659542,16.888256072998047,17100,0.0,0.0
2023-03-09 00:00:00-05:00,16.918597716308888,17.131029067865743,16.766862276971302,16.797208786010742,29600,0.0,0.0
2023-03-10 00:00:00-05:00,16.88066836371345,16.88066836371345,16.55443499077107,16.615129470825195,54600,0.0,0.0
2023-03-13 00:00:00-04:00,16.053702573351742,16.364761914227806,14.096304099196615,16.000595092773438,179200,0.0,0.0
2023-03-14 00:00:00-04:00,16.137159204631818,16.653062963336932,16.137159204631818,16.395111083984375,53600,0.0,0.0
2023-03-15 00:00:00-04:00,16.273724201021547,16.273724201021547,15.85644836810756,16.03094482421875,62800,0.0,0.0
2023-03-16 00:00:00-04:00,15.90196583367245,16.275237625294952,15.886793301262442,16.190265655517578,14400,0.0,0.0
2023-03-17 00:00:00-04:00,16.228202220277208,16.65306504349905,16.091639273318087,16.364765167236328,63200,0.0,0.0
2023-03-20 00:00:00-04:00,16.516501654753615,16.979296527316535,16.410285228253947,16.463394165039062,37200,0.0,0.0
2023-03-21 00:00:00-04:00,16.721340283564807,16.937564386622107,16.508908951144452,16.577190399169922,16400,0.0,0.0
2023-03-22 00:00:00-04:00,16.584779589303544,16.782036971223825,16.470976196105887,16.622713088989258,15000,0.0,0.0
2023-03-23 00:00:00-04:00,16.50891627717743,16.842736677097705,16.34200680075265,16.425460815429688,23100,0.0,0.0
2023-03-24 00:00:00-04:00,16.258550289711074,16.668237686157227,16.21302978945497,16.668237686157227,18200,0.0,0.0
2023-03-27 00:00:00-04:00,16.637890587768528,16.89584249200297,16.53167560852043,16.690998077392578,12200,0.0,0.0
2023-03-28 00:00:00-04:00,16.789625315311653,16.89963450865662,16.789625315311653,16.865493774414062,24800,0.0,0.0
2023-03-29 00:00:00-04:00,17.032404384405957,17.052887666947004,16.615128589969117,16.81997299194336,30400,0.0,0.0
2023-03-30 00:00:00-04:00,16.880666289885262,17.05516271771977,16.85031833005124,16.873079299926758,9700,0.0,0.0
2023-03-31 00:00:00-04:00,16.888255947970915,17.047578421059313,16.698585510253906,16.698585510253906,42300,0.0,0.0
2023-04-03 00:00:00-04:00,16.69099864266355,16.97929707341667,16.601474172245226,16.888256072998047,28000,0.0,0.0
2023-04-04 00:00:00-04:00,16.675823377264432,16.804799323826753,16.349590015543825,16.52408790588379,34000,0.0,0.0
2023-04-05 00:00:00-04:00,16.28889494572925,16.539259839127414,16.08405199445472,16.220613479614258,51100,0.0,0.0
2023-04-06 00:00:00-04:00,16.1295720647744,16.410283465126007,16.1295720647744,16.319242477416992,18700,0.0,0.0
2023-04-10 00:00:00-04:00,16.31924262880943,16.546846547263844,16.275238664335287,16.395111083984375,21800,0.0,0.0
2023-04-11 00:00:00-04:00,16.319245850975484,16.594646559857804,16.258551364265745,16.31165885925293,50400,0.0,0.0
2023-04-12 00:00:00-04:00,16.607541753623106,16.8123861574986,16.23578789866599,16.782039642333984,84600,0.0,0.0
2023-04-13 00:00:00-04:00,16.782040681124904,16.94136315150964,16.622716763669594,16.653064727783203,29700,0.0,0.0
2023-04-14 00:00:00-04:00,16.65306455578022,16.842734988319535,16.65306455578022,16.804800033569336,16300,0.0,0.0
2023-04-17 00:00:00-04:00,16.89584070906216,17.13103161560886,16.819972254575042,17.1082706451416,48700,0.0,0.0
2023-04-18 00:00:00-04:00,17.275181834853953,17.480026231410427,17.07033743829748,17.373809814453125,49300,0.0,0.0
2023-04-19 00:00:00-04:00,17.41174491632473,17.51416566841742,17.305528498449743,17.449678421020508,27800,0.0,0.0
2023-04-20 00:00:00-04:00,17.502786657720485,17.54072161111505,16.857906920718,17.055164337158203,35100,0.0,0.0
2023-04-21 00:00:00-04:00,17.517960926142354,17.517960926142354,17.25318030127027,17.320703506469727,17000,0.0,0.0
2023-04-24 00:00:00-04:00,17.44209245344462,17.540721886749836,17.26759600629912,17.434505462646484,29400,0.0,0.0
2023-04-25 00:00:00-04:00,17.260009171576865,17.442092611167013,17.260009171576865,17.39657211303711,40100,0.0,0.0
2023-04-26 00:00:00-04:00,17.480024423679076,17.480024423679076,16.88066527656896,17.00205421447754,35000,0.0,0.0
2023-04-27 00:00:00-04:00,16.895840289632392,17.252420135678424,16.895840289632392,17.206899642944336,16300,0.0,0.0
2023-04-28 00:00:00-04:00,17.222075843789458,17.30173707811459,16.94136296707684,17.024818420410156,21300,0.0,0.0
2023-05-01 00:00:00-04:00,17.024818283221887,17.131033261466172,16.64547742141168,16.728931427001953,44600,0.0,0.0
2023-05-02 00:00:00-04:00,16.819976096163213,16.819976096163213,16.281311248640012,16.66065216064453,43300,0.0,0.0
2023-05-03 00:00:00-04:00,16.660645847681938,16.783552754392513,16.44821594357748,16.569604873657227,84100,0.0,0.0
2023-05-04 00:00:00-04:00,16.311653107997493,16.573397718320088,15.939899327091556,16.084049224853516,56800,0.0,0.0
2023-05-05 00:00:00-04:00,16.16750728747125,16.622716615627294,16.09163882493348,16.470979690551758,22400,0.0,0.0
2023-05-08 00:00:00-04:00,16.54684948305958,16.690999428760485,16.326832515793583,16.493741989135742,43000,0.0,0.0
2023-05-09 00:00:00-04:00,16.425459649543647,16.64547805232681,16.243376202621686,16.364765167236328,49800,0.0,0.0
2023-05-10 00:00:00-04:00,16.50891304321158,16.50891304321158,16.159918728235006,16.395111083984375,55600,0.0,0.0
2023-05-11 00:00:00-04:00,16.194235226114024,16.519981409249418,16.17872463020313,16.411399841308594,45300,0.471,0.0
2023-05-12 00:00:00-04:00,16.349352280872704,16.675098449287105,16.32220689011424,16.512226104736328,53700,0.0,0.0
2023-05-15 00:00:00-04:00,16.481201572914784,16.53549235317081,16.295061120902933,16.44242286682129,46800,0.0,0.0
2023-05-16 00:00:00-04:00,16.543248774469067,16.57427292351465,16.312900532988273,16.512226104736328,24200,0.0,0.0
2023-05-17 00:00:00-04:00,16.56651493457144,16.675096484813427,16.48895605040745,16.5820255279541,22200,0.0,0.0
2023-05-18 00:00:00-04:00,16.473447000655124,16.737146367614976,16.412175337783836,16.644075393676758,21000,0.0,0.0
2023-05-19 00:00:00-04:00,16.760412216186523,17.007824314189886,16.690609364993165,16.760412216186523,24300,0.0,0.0
2023-05-22 00:00:00-04:00,16.837970367313687,16.875975392725675,16.5432483554105,16.65958595275879,21500,0.0,0.0
2023-05-23 00:00:00-04:00,16.65182918762149,16.75265618574425,16.59753840985358,16.70612144470215,18800,0.0,0.0
2023-05-24 00:00:00-04:00,16.450179690637256,16.837972722242807,16.450179690637256,16.566518783569336,46500,0.0,0.0
2023-05-25 00:00:00-04:00,16.45018003973702,16.628565962339106,16.403645289164455,16.59754180908203,26000,0.0,0.0
2023-05-26 00:00:00-04:00,16.6828544865485,16.962065910707373,16.29506149935578,16.512226104736328,38400,0.0,0.0
2023-05-30 00:00:00-04:00,16.512223798414073,16.935693314411417,16.512223798414073,16.60529327392578,47100,0.0,0.0
2023-05-31 00:00:00-04:00,16.488956825852405,16.884505822309297,16.488956825852405,16.667341232299805,25800,0.0,0.0
2023-06-01 00:00:00-04:00,16.66734200142064,17.44292795669929,16.66734200142064,17.21025276184082,50800,0.0,0.0
2023-06-02 00:00:00-04:00,17.29556699504969,17.65233731989402,17.078403864487196,17.093915939331055,68400,0.0,0.0
2023-06-05 00:00:00-04:00,17.10166934692891,17.218008421118277,16.840296968576485,17.086158752441406,46800,0.0,0.0
2023-06-06 00:00:00-04:00,17.235071589051906,17.318834720298888,16.95430984549139,17.024112701416016,45300,0.0,0.0
2023-06-07 00:00:00-04:00,16.931043151997848,17.81521076202284,16.931043151997848,17.72214126586914,24400,0.0,0.0
2023-06-08 00:00:00-04:00,17.4700714340372,17.612779246018274,17.357611127799704,17.411903381347656,15800,0.0,0.0
2023-06-09 00:00:00-04:00,17.18698578619303,17.256788645125088,17.008601359727958,17.12493896484375,32500,0.0,0.0
2023-06-12 00:00:00-04:00,17.070648587842037,17.20249827126513,16.892264157126366,16.938798904418945,34200,0.0,0.0
2023-06-13 00:00:00-04:00,16.938795452310746,17.142774914019956,16.876748642128067,16.91552734375,31100,0.0,0.0
2023-06-14 00:00:00-04:00,17.031868018041333,17.045053134020016,16.8147048826581,16.868995666503906,27000,0.0,0.0
2023-06-15 00:00:00-04:00,16.868998351399604,16.99697077310122,16.816257879090614,16.900022506713867,27700,0.0,0.0
2023-06-16 00:00:00-04:00,16.907774753348598,16.962067017721708,16.837971892753256,16.938798904418945,23400,0.0,0.0
2023-06-20 00:00:00-04:00,16.721633923134785,16.915530425191168,16.681303415203548,16.81470489501953,49900,0.0,0.0
2023-06-21 00:00:00-04:00,16.837966200016545,17.06288678129449,16.76040880718789,16.884502410888672,14700,0.0,0.0
2023-06-22 00:00:00-04:00,17.016356647869426,17.016356647869426,16.844951627258904,16.931041717529297,15800,0.0,0.0
2023-06-23 00:00:00-04:00,16.91552963658217,16.97757645517505,16.55876079950134,16.783679962158203,25500,0.0,0.0
2023-06-26 00:00:00-04:00,16.70611914580185,16.96206240528262,16.674319843395708,16.853479385375977,30300,0.0,0.0
2023-06-27 00:00:00-04:00,16.72938767667411,16.97757492873125,16.72938767667411,16.74489974975586,18500,0.0,0.0
2023-06-28 00:00:00-04:00,16.760414098812287,16.954310600726128,16.760414098812287,16.868995666503906,14600,0.0,0.0
2023-06-29 00:00:00-04:00,16.806948080296117,17.053585034901946,16.806948080296117,16.931041717529297,16900,0.0,0.0
2023-06-30 00:00:00-04:00,16.931039817779325,17.062889477459475,16.791434121728265,16.822458267211914,16900,0.0,0.0
2023-07-03 00:00:00-04:00,17.055135347921155,17.667848975912946,16.962065859690025,17.334346771240234,66800,0.0,0.0
2023-07-05 00:00:00-04:00,17.63682366677058,17.771000291468315,17.442927186512357,17.528242111206055,59700,0.0,0.0
2023-07-06 00:00:00-04:00,17.466196031665525,17.71438330014962,16.977576052438756,17.22576332092285,54900,0.0,0.0
2023-07-07 00:00:00-04:00,17.41966097172958,17.652337660944212,17.233520507945617,17.380882263183594,38500,0.0,0.0
2023-07-10 00:00:00-04:00,17.295564651489258,17.660090964361963,17.226538442619084,17.295564651489258,41600,0.0,0.0
2023-07-11 00:00:00-04:00,17.272299942845304,17.466196435748426,17.257563028307484,17.38863754272461,21300,0.0,0.0
2023-07-12 00:00:00-04:00,17.590290443327735,17.65233726319098,17.132694592093983,17.36536979675293,39300,0.0,0.0
2023-07-13 00:00:00-04:00,17.396393583171054,18.0323738433207,17.33822404356424,17.737651824951172,109400,0.0,0.0
2023-07-14 00:00:00-04:00,17.815210774434465,17.815210774434465,17.427417755126953,17.427417755126953,30500,0.0,0.0
2023-07-17 00:00:00-04:00,17.481707754272453,17.784185796741472,17.427415495984494,17.598045349121094,47600,0.0,0.0
2023-07-18 00:00:00-04:00,17.50497360908371,17.70585096169316,17.06288988068331,17.148204803466797,74700,0.0,0.0
2023-07-19 00:00:00-04:00,17.15596007239531,17.56624447635955,17.09391326205064,17.373123168945312,34700,0.0,0.0
2023-07-20 00:00:00-04:00,17.45844190674178,17.590291592478852,17.272301434991732,17.427417755126953,32400,0.0,0.0
2023-07-21 00:00:00-04:00,17.489463068136583,17.59882127002458,17.28005598007897,17.38863754272461,23800,0.0,0.0
2023-07-24 00:00:00-04:00,17.45068319454094,17.621311564334974,17.373124306702653,17.48946189880371,23000,0.0,0.0
2023-07-25 00:00:00-04:00,17.489462674810603,17.691115200412366,17.47395208000494,17.574777603149414,18900,0.0,0.0
2023-07-26 00:00:00-04:00,17.48171000827362,17.731447623759323,17.373126957010346,17.72214126586914,43100,0.0,0.0
2023-07-27 00:00:00-04:00,17.76867560864424,17.825293352628737,17.551510990384163,17.76091957092285,23800,0.0,0.0
2023-07-28 00:00:00-04:00,17.605803650039388,17.869503021240234,17.605803650039388,17.869503021240234,20200,0.0,0.0
2023-07-31 00:00:00-04:00,17.86950262245815,17.955591238759055,17.60580325714211,17.613557815551758,38700,0.0,0.0
2023-08-01 00:00:00-04:00,17.660091395022732,17.88501053801536,17.660091395022732,17.71438217163086,13000,0.0,0.0
2023-08-02 00:00:00-04:00,17.714385596016356,17.834601966968297,17.53600115858806,17.69887351989746,65700,0.0,0.0
2023-08-03 00:00:00-04:00,17.683359147552057,17.985838675340826,17.53599888149664,17.885011672973633,43000,0.0,0.0
2023-08-04 00:00:00-04:00,17.947058139150567,18.032373065744935,17.760917691473313,17.799697875976562,20800,0.0,0.0
2023-08-07 00:00:00-04:00,17.939303213167374,18.00135003290213,17.760918791344057,17.877256393432617,34500,0.0,0.0
2023-08-08 00:00:00-04:00,17.993595116598463,17.993595116598463,17.760918437740845,17.846233367919922,34200,0.0,0.0
2023-08-09 00:00:00-04:00,17.916033549350146,18.024615095688215,17.69111294129258,17.853986740112305,74600,0.0,0.0
2023-08-10 00:00:00-04:00,17.696423641267643,17.96563109699903,17.696423641267643,17.79143714904785,44500,0.471,0.0
2023-08-11 00:00:00-04:00,17.783519952164912,17.785895516504453,17.543609096847167,17.69642448425293,19300,0.0,0.0
2023-08-14 00:00:00-04:00,17.617242589993776,17.736010215524306,17.561817798760345,17.577653884887695,39700,0.0,0.0
2023-08-15 00:00:00-04:00,17.577654321656873,17.648122339313666,17.340117554481203,17.48263931274414,24200,0.0,0.0
2023-08-16 00:00:00-04:00,17.522227161403077,17.846860878345463,17.371788877453582,17.648914337158203,29700,0.0,0.0
2023-08-17 00:00:00-04:00,17.767684129458765,17.767684129458765,17.35278799556818,17.46680450439453,18300,0.0,0.0
2023-08-18 00:00:00-04:00,17.72809389330215,17.846863040573737,17.46680448768706,17.664751052856445,32700,0.0,0.0
2023-08-21 00:00:00-04:00,17.73601474231043,17.73601474231043,17.46680725028449,17.522232055664062,23900,0.0,0.0
2023-08-22 00:00:00-04:00,17.688503041310753,17.81518870685362,17.504017021986296,17.648914337158203,33500,0.0,0.0
2023-08-23 00:00:00-04:00,17.712260366580253,17.973549787695603,17.482641612460302,17.783519744873047,36700,0.0,0.0
2023-08-24 00:00:00-04:00,17.85477785294831,17.965628945701305,17.672667392999365,17.751846313476562,39100,0.0,0.0
2023-08-25 00:00:00-04:00,17.94979520373122,17.957713247834235,17.82310951850801,17.8785343170166,34200,0.0,0.0
2023-08-28 00:00:00-04:00,17.92604064443465,18.013137617280698,17.712259499595422,17.775602340698242,29500,0.0,0.0
2023-08-29 00:00:00-04:00,17.736014617138927,18.028976242351124,17.656835677064333,17.965633392333984,36600,0.0,0.0
2023-08-30 00:00:00-04:00,17.91416451205378,18.25067307559853,17.815191227456797,18.211084365844727,24100,0.0,0.0
2023-08-31 00:00:00-04:00,18.211085005941488,18.290263938444607,18.13982411770993,18.203166961669922,40500,0.0,0.0
2023-09-01 00:00:00-04:00,18.13982395218245,18.274427683145728,17.870616490255898,17.918123245239258,36100,0.0,0.0
2023-09-05 00:00:00-04:00,17.81519171709536,18.044810468573264,17.672669941724596,17.720176696777344,34100,0.0,0.0
2023-09-06 00:00:00-04:00,17.720177546644813,17.83736249228852,17.561821185469967,17.625164031982422,22700,0.0,0.0
2023-09-07 00:00:00-04:00,17.64100140429904,17.692466432562615,17.53015028217994,17.609329223632812,23300,0.0,0.0
2023-09-08 00:00:00-04:00,17.926038955243627,17.926038955243627,17.593488693237305,17.593488693237305,26000,0.0,0.0
2023-09-11 00:00:00-04:00,17.59349231988538,17.78035394858125,17.26094198932854,17.379711151123047,74600,0.0,0.0
2023-09-12 00:00:00-04:00,17.53014887409274,17.53806691862329,17.062994818278316,17.16592788696289,53800,0.0,0.0
2023-09-13 00:00:00-04:00,17.110502243041992,17.40821345371278,17.10258419890128,17.110502243041992,27500,0.0,0.0
2023-09-14 00:00:00-04:00,17.118419446988835,17.268857747641167,17.11050140323675,17.205514907836914,17800,0.0,0.0
2023-09-15 00:00:00-04:00,17.16592576973775,17.319532492217082,17.102582931518555,17.102582931518555,19700,0.0,0.0
2023-09-18 00:00:00-04:00,17.173845291137695,17.30844902271297,17.110502447467717,17.173845291137695,22500,0.0,0.0
2023-09-19 00:00:00-04:00,17.07883029612105,17.355955803922214,17.062994207626694,17.1263370513916,19300,0.0,0.0
2023-09-20 00:00:00-04:00,17.062994207626694,17.260940783168593,17.062994207626694,17.1263370513916,25300,0.0,0.0
2023-09-21 00:00:00-04:00,17.205514899702298,17.205514899702298,17.02340442412773,17.055076599121094,23300,0.0,0.0
2023-09-22 00:00:00-04:00,17.102580006388568,17.332197189331055,16.952140225018717,17.332197189331055,87300,0.0,0.0
2023-09-25 00:00:00-04:00,17.221351378440076,17.55390167236328,17.142172449370275,17.55390167236328,61800,0.0,0.0
2023-09-26 00:00:00-04:00,17.522225879686278,17.56973413344891,17.30844477860302,17.44304847717285,33800,0.0,0.0
2023-09-27 00:00:00-04:00,17.5143108501114,17.5143108501114,17.158006467385977,17.268856048583984,28900,0.0,0.0
2023-09-28 00:00:00-04:00,17.195221495737233,17.37970904785793,17.195221495737233,17.292612075805664,22700,0.0,0.0
2023-09-29 00:00:00-04:00,17.292608679208673,17.36941202815914,17.12079033302645,17.22134780883789,26000,0.0,0.0
2023-10-02 00:00:00-04:00,17.316360663160587,17.316360663160587,16.99964505172321,17.134248733520508,34800,0.0,0.0
2023-10-03 00:00:00-04:00,16.99965114776964,17.229269897381442,16.99965114776964,17.086748123168945,33400,0.0,0.0
2023-10-04 00:00:00-04:00,17.14217571481546,17.204727216615275,16.94422910953996,16.96798324584961,42000,0.0,0.0
2023-10-05 00:00:00-04:00,16.94422721862793,17.05507833215631,16.92047459518173,16.94422721862793,15600,0.0,0.0
2023-10-06 00:00:00-04:00,17.023403605781176,17.03923969251659,16.88879988895488,16.928388595581055,22100,0.0,0.0
2023-10-09 00:00:00-04:00,16.928390475849703,17.146132917115807,16.880883720579153,17.1263370513916,30000,0.0,0.0
2023-10-10 00:00:00-04:00,17.18176378654357,17.24510663187685,17.03924200699055,17.07883071899414,33500,0.0,0.0
2023-10-11 00:00:00-04:00,17.102581672005375,17.16038202650136,17.062991457151245,17.07090950012207,19200,0.0,0.0
2023-10-12 00:00:00-04:00,17.142169524874106,17.205512355281016,16.90463428840125,16.991729736328125,35500,0.0,0.0
2023-10-13 00:00:00-04:00,17.07091162192242,17.07091162192242,16.944225939067568,16.96006202697754,29900,0.0,0.0
2023-10-16 00:00:00-04:00,17.078831158333273,17.11842138156785,16.967981553701655,17.007570266723633,20100,0.0,0.0
2023-10-17 00:00:00-04:00,16.983816961548598,17.249064650620955,16.967980872890166,17.2371883392334,21900,0.0,0.0
2023-10-18 00:00:00-04:00,17.237187941527967,17.237187941527967,17.003610924949157,17.086748123168945,12600,0.0,0.0
2023-10-19 00:00:00-04:00,17.094665753787382,17.11841988565234,16.9046372295051,16.96006202697754,27000,0.0,0.0
2023-10-20 00:00:00-04:00,16.904637241474585,17.05507705630092,16.841294400002308,16.936307907104492,23000,0.0,0.0
2023-10-23 00:00:00-04:00,16.865044060788286,16.924428624960747,16.70668774001539,16.79378318786621,47600,0.0,0.0
2023-10-24 00:00:00-04:00,16.85712986395002,16.85712986395002,16.73836071914988,16.746278762817383,37700,0.0,0.0
2023-10-25 00:00:00-04:00,16.793786592760444,16.85713094616714,16.55625130833537,16.66710090637207,105800,0.0,0.0
2023-10-26 00:00:00-04:00,16.61959308456215,16.785868981154902,16.61959308456215,16.746278762817383,26000,0.0,0.0
2023-10-27 00:00:00-04:00,16.73044286078835,16.85713005065918,16.62117748147637,16.85713005065918,23200,0.0,0.0
2023-10-30 00:00:00-04:00,16.8492124439629,16.99965074857677,16.730443294766474,16.936307907104492,44700,0.0,0.0
2023-10-31 00:00:00-04:00,17.023403585263775,17.060618238025906,16.87771490994075,16.97589683532715,31600,0.0,0.0
2023-11-01 00:00:00-04:00,17.023401296875818,17.514309347604655,17.023401296875818,17.44304847717285,34700,0.0,0.0
2023-11-02 00:00:00-04:00,16.983815064857605,18.060643299761715,16.983815064857605,18.005218505859375,59100,0.0,0.0
2023-11-03 00:00:00-04:00,18.084398768472138,18.084398768472138,17.30053053195777,17.41929817199707,40000,0.0,0.0
2023-11-06 00:00:00-05:00,17.4747216873832,17.59428218019878,17.26885708832607,17.43513298034668,75300,0.0,0.0
2023-11-07 00:00:00-05:00,17.530148455100463,17.546775895153427,17.023405698957642,17.189680099487305,53300,0.0,0.0
2023-11-08 00:00:00-05:00,17.189675450160895,17.332197189331055,16.983812393817477,17.332197189331055,51200,0.0,0.0
2023-11-09 00:00:00-05:00,17.187354715834495,17.430114891902303,17.171170395412293,17.252090454101562,41000,0.471,0.0
2023-11-10 00:00:00-05:00,17.34919229806927,17.357284457097908,17.11857116772841,17.2197208404541,56000,0.0,0.0
2023-11-13 00:00:00-05:00,17.154983930532442,17.31682246969812,17.14284492111449,17.227811813354492,55800,0.0,0.0
2023-11-14 00:00:00-05:00,17.227817670933245,17.349197002432682,17.18735686481881,17.276369094848633,56700,0.0,0.0
2023-11-15 00:00:00-05:00,17.373469192629003,17.632413680507206,17.3006412965729,17.51912498474121,32100,0.0,0.0
2023-11-16 00:00:00-05:00,17.478665087650075,17.75379234190382,17.478665087650075,17.648595809936523,31100,0.0,0.0
2023-11-17 00:00:00-05:00,17.753793997372348,17.891357637326468,17.632414678217955,17.85089683532715,24500,0.0,0.0
2023-11-20 00:00:00-05:00,17.883266529192788,17.94800227277902,17.7861621421025,17.794254302978516,12500,0.0,0.0
2023-11-21 00:00:00-05:00,17.535310884084154,17.680966689316026,17.535310884084154,17.5838623046875,11800,0.0,0.0
2023-11-22 00:00:00-05:00,17.624320554892886,17.826619912092855,17.527216184331394,17.71333122253418,23800,0.0,0.0
2023-11-24 00:00:00-05:00,17.72951769107596,18.020829294657737,17.72951769107596,17.96418571472168,12700,0.0,0.0
2023-11-27 00:00:00-05:00,18.10983816436518,18.231219016015835,17.972274536793194,18.17457389831543,62900,0.0,0.0
2023-11-28 00:00:00-05:00,18.150298415730287,18.29595419858416,17.964183379159937,18.053194046020508,41100,0.0,0.0
2023-11-29 00:00:00-05:00,18.18266860646852,18.336416574932787,18.097703233141637,18.27168083190918,30300,0.0,0.0
2023-11-30 00:00:00-05:00,18.17457540460042,18.328323364257812,18.17457540460042,18.328323364257812,19800,0.0,0.0
2023-12-01 00:00:00-05:00,18.32023001752197,18.425426551735818,18.1761932769715,18.336414337158203,26400,0.0,0.0
2023-12-04 00:00:00-05:00,18.053197359118126,18.391442894211742,17.705242156982422,17.705242156982422,36300,0.0,0.0
2023-12-05 00:00:00-05:00,17.616228314396768,17.697148365589015,17.44629605255089,17.575767517089844,37900,0.0,0.0
2023-12-06 00:00:00-05:00,17.68177538065148,17.721425887405058,17.446298599243164,17.446298599243164,39100,0.0,0.0
2023-12-07 00:00:00-05:00,17.680965536852465,17.680965536852465,17.397746105520117,17.43011474609375,23800,0.0,0.0
2023-12-08 00:00:00-05:00,17.543402112241534,17.680965749490397,17.49080384238768,17.616230010986328,22600,0.0,0.0
2023-12-11 00:00:00-05:00,17.519124527670375,17.82662042375624,17.42202169774343,17.761884689331055,83500,0.0,0.0
2023-12-12 00:00:00-05:00,17.875171516015676,17.92372293010264,17.729515730333155,17.82662010192871,30900,0.0,0.0
2023-12-13 00:00:00-05:00,17.713330671710608,17.996550071667734,17.62432000683724,17.980365753173828,44100,0.0,0.0
2023-12-14 00:00:00-05:00,18.012737022059458,18.279772142540022,17.948001282046647,17.988460540771484,44400,0.0,0.0
2023-12-15 00:00:00-05:00,18.19075865106032,18.20694297078889,17.95609218868276,18.08556365966797,14700,0.0,0.0
2023-12-18 00:00:00-05:00,18.206943584050443,18.206943584050443,17.892165808809022,18.117931365966797,24800,0.0,0.0
2023-12-19 00:00:00-05:00,18.198852616985473,18.228793457112502,18.061288972484114,18.109840393066406,35200,0.0,0.0
2023-12-20 00:00:00-05:00,18.279773465307496,18.33803609856158,17.9480025808064,17.95609474182129,19600,0.0,0.0
2023-12-21 00:00:00-05:00,17.95609474182129,18.085566231215772,17.82662325242681,17.95609474182129,40600,0.0,0.0
2023-12-22 00:00:00-05:00,18.004649807654534,18.196429277905374,17.624327423529333,17.63241958618164,43100,0.0,0.0
2023-12-26 00:00:00-05:00,17.616230357418228,17.952046525192774,17.616230357418228,17.85089683532715,20100,0.0,0.0
2023-12-27 00:00:00-05:00,17.85089847062959,18.011929853521767,17.753795623779297,17.753795623779297,25100,0.0,0.0
2023-12-28 00:00:00-05:00,17.931817949350794,17.99412589032621,17.39774767895883,17.49485206604004,50700,0.0,0.0
2023-12-29 00:00:00-05:00,17.405837832396912,17.721424353025572,17.405837832396912,17.51912498474121,53000,0.0,0.0
2024-01-02 00:00:00-05:00,17.616231530515012,17.74570301869101,17.51103498173334,17.54340362548828,25200,0.0,0.0
2024-01-03 00:00:00-05:00,17.705242352118823,17.705242352118823,17.478668017754227,17.591955184936523,24000,0.0,0.0
2024-01-04 00:00:00-05:00,17.689063181325583,17.854948657142366,17.55959166573308,17.63241958618164,51600,0.0,0.0
2024-01-05 00:00:00-05:00,17.661545734478725,17.83390428008446,17.64050580814293,17.672874450683594,20400,0.0,0.0
2024-01-08 00:00:00-05:00,17.705241284774456,17.91563282787396,17.65668986511205,17.875173568725586,48600,0.0,0.0
2024-01-09 00:00:00-05:00,17.846848284904457,17.924530232472783,17.680962885395285,17.810434341430664,18300,0.0,0.0
2024-01-10 00:00:00-05:00,17.713331093695434,17.98845834095997,17.713331093695434,17.891355514526367,23400,0.0,0.0
2024-01-11 00:00:00-05:00,18.061286314454915,18.069378473931366,17.802343384894808,18.028919219970703,22700,0.0,0.0
2024-01-12 00:00:00-05:00,18.004643647567086,18.61963390793054,18.004643647567086,18.611541748046875,44900,0.0,0.0
2024-01-16 00:00:00-05:00,18.64391395938344,18.716740325445144,18.441614553800314,18.587268829345703,22700,0.0,0.0
2024-01-17 00:00:00-05:00,18.40924184270409,18.562179492793025,18.36311823048028,18.490161895751953,17900,0.0,0.0
2024-01-18 00:00:00-05:00,18.595355987548828,18.627724624575634,18.384964477139274,18.595355987548828,14100,0.0,0.0
2024-01-19 00:00:00-05:00,18.668186321570168,19.01614149805656,18.381730328749242,18.943313598632812,84600,0.0,0.0
2024-01-22 00:00:00-05:00,18.85430070029677,18.93926760884898,18.732921386764378,18.77338218688965,21100,0.0,0.0
2024-01-23 00:00:00-05:00,18.732922648562184,18.92712987197961,18.660094746852923,18.676279067993164,11500,0.0,0.0
2024-01-24 00:00:00-05:00,18.81384212760171,18.84216391700823,18.660094168379345,18.716737747192383,11000,0.0,0.0
2024-01-25 00:00:00-05:00,18.740203500608157,18.862391558684706,18.732920094061704,18.805747985839844,13400,0.0,0.0
2024-01-26 00:00:00-05:00,18.93522017589543,18.959496655225408,18.749105131297256,18.813840866088867,37900,0.0,0.0
2024-01-29 00:00:00-05:00,18.902856430654953,19.13752293208498,18.854303463389208,19.129430770874023,40900,0.0,0.0
2024-01-30 00:00:00-05:00,19.113246604509705,19.16098927179352,18.813842835124696,18.951406478881836,39300,0.0,0.0
2024-01-31 00:00:00-05:00,19.016141244310894,19.129428400382043,18.87048544740699,18.919036865234375,47100,0.0,0.0
2024-02-01 00:00:00-05:00,18.878572603050184,19.50620686010193,18.878572603050184,19.332780838012695,50000,0.471,0.0
2024-02-02 00:00:00-05:00,19.233679120891104,19.28322873145343,18.44087747612527,18.556493759155273,125000,0.0,0.0
2024-02-05 00:00:00-05:00,18.55649493856125,18.55649493856125,18.16835341003853,18.333520889282227,47800,0.0,0.0
2024-02-06 00:00:00-05:00,18.449139167218167,18.46565623195271,18.08577161882811,18.151838302612305,35500,0.0,0.0
2024-02-07 00:00:00-05:00,18.110546520978904,18.296359554227415,18.110546520978904,18.250938415527344,15500,0.0,0.0
2024-02-08 00:00:00-05:00,18.300489836544003,18.358297991440782,18.110548306124848,18.118806838989258,33400,0.0,0.0
2024-02-09 00:00:00-05:00,18.118806034856963,18.24268087201723,18.102288969861192,18.160097122192383,13500,0.0,0.0
2024-02-12 00:00:00-05:00,18.13531939707087,18.4185808854156,18.131190918883284,18.21790313720703,25700,0.0,0.0
2024-02-13 00:00:00-05:00,18.12706184387207,18.34590740914677,18.12706184387207,18.12706184387207,22300,0.0,0.0
2024-02-14 00:00:00-05:00,18.333520579761185,18.333520579761185,17.961894545313864,18.077510833740234,15900,0.0,0.0
2024-02-15 00:00:00-05:00,18.209645590627844,18.738180610995144,18.14357890997617,18.374813079833984,21700,0.0,0.0
2024-02-16 00:00:00-05:00,18.358295503808336,18.672113409515788,18.17991562853982,18.424362182617188,17600,0.0,0.0
2024-02-20 00:00:00-05:00,18.581271106896533,18.589529638629177,18.027962082040574,18.10228729248047,55500,0.0,0.0
2024-02-21 00:00:00-05:00,18.12706508487651,18.432622920251806,18.06017144228004,18.11054801940918,32600,0.0,0.0
2024-02-22 00:00:00-05:00,18.0527358696831,18.936378199599417,18.0527358696831,18.67211151123047,41700,0.0,0.0
2024-02-23 00:00:00-05:00,18.60191649566757,18.606046549076858,18.362425378006066,18.473913192749023,16900,0.0,0.0
2024-02-26 00:00:00-05:00,18.473913444268835,18.91986313415836,18.38719964818559,18.73818016052246,32500,0.0,0.0
2024-02-27 00:00:00-05:00,18.746437967172575,18.746437967172575,18.341777801513672,18.341777801513672,47100,0.0,0.0
2024-02-28 00:00:00-05:00,18.482170429449294,18.51520455660898,18.234420776367188,18.234420776367188,43700,0.0,0.0
2024-02-29 00:00:00-05:00,18.242681327350383,18.47969633297812,18.242681327350383,18.36655616760254,37100,0.0,0.0
2024-03-01 00:00:00-05:00,18.556495603594982,18.57301266714206,18.407846757132912,18.490428924560547,14100,0.0,0.0
2024-03-04 00:00:00-05:00,18.399588099258523,18.563103246884644,18.358295440673828,18.358295440673828,14300,0.0,0.0
2024-03-05 00:00:00-05:00,18.366553395886815,18.49042821744489,18.30048671937892,18.341777801513672,20300,0.0,0.0
2024-03-06 00:00:00-05:00,18.53172232699445,18.556496348155225,18.300488153518963,18.383071899414062,28900,0.0,0.0
2024-03-07 00:00:00-05:00,18.556498433493832,18.738183009911154,18.45739918740631,18.581274032592773,21700,0.0,0.0
2024-03-08 00:00:00-05:00,18.490430544826314,18.672115109456936,18.465656522488693,18.4821720123291,21400,0.0,0.0
2024-03-11 00:00:00-04:00,18.49868976084632,18.853798795577543,18.49868976084632,18.630823135375977,20300,0.0,0.0
2024-03-12 00:00:00-04:00,18.7794680750115,18.994185139520162,18.7794680750115,18.82076072692871,15600,0.0,0.0
2024-03-13 00:00:00-04:00,18.771211021870098,19.002445165343126,18.63907767564372,18.680370330810547,11100,0.0,0.0
2024-03-14 00:00:00-04:00,18.63907807283648,18.895086239711322,18.43261951806398,18.57301139831543,17400,0.0,0.0
2024-03-15 00:00:00-04:00,18.366552409261633,18.746436960140535,18.366552409261633,18.688627243041992,16700,0.0,0.0
2024-03-18 00:00:00-04:00,18.787727900369,18.837277510931326,18.482168555734923,18.556493759155273,11300,0.0,0.0
2024-03-19 00:00:00-04:00,18.614304386319155,18.936379233458748,18.457395440850778,18.903345108032227,19700,0.0,0.0
2024-03-20 00:00:00-04:00,18.969411671810363,18.969411671810363,18.300486387408004,18.51520347595215,27000,0.0,0.0
2024-03-21 00:00:00-04:00,18.52346402456416,18.58953070706862,18.25093876233902,18.32526397705078,33600,0.0,0.0
2024-03-22 00:00:00-04:00,18.292226687685243,18.46565268376608,18.250935608936977,18.40784454345703,22600,0.0,0.0
2024-03-25 00:00:00-04:00,17.96189484856082,18.47969358861214,17.96189484856082,18.333520889282227,29100,0.0,0.0
2024-03-26 00:00:00-04:00,18.399586407298365,18.54988757532545,18.250936000370547,18.300485610961914,14800,0.0,0.0
2024-03-27 00:00:00-04:00,18.30874582552606,18.548236944701834,18.29222876209218,18.358295440673828,27900,0.0,0.0
2024-03-28 00:00:00-04:00,18.341777845605975,18.473912774093222,18.24267861818281,18.333520889282227,26400,0.0,0.0
2024-04-01 00:00:00-04:00,18.25919621037829,18.614305198437346,18.25919621037829,18.358295440673828,23500,0.0,0.0
2024-04-02 00:00:00-04:00,18.341777801513672,18.64733716483382,18.317003782294346,18.341777801513672,20100,0.0,0.0
2024-04-03 00:00:00-04:00,18.341776841705123,18.519331320870165,18.168352415629723,18.176610946655273,33600,0.0,0.0
2024-04-04 00:00:00-04:00,18.168355197456272,18.47391459157215,18.161749001685823,18.275712966918945,31200,0.0,0.0
2024-04-05 00:00:00-04:00,18.17661591149875,18.432624142603192,18.17661591149875,18.283973693847656,10200,0.0,0.0
2024-04-08 00:00:00-04:00,18.30874853188164,18.424364842701188,18.193132221062093,18.317007064819336,19700,0.0,0.0
2024-04-09 00:00:00-04:00,18.217900768134893,18.329388566547664,18.208816857180423,18.259193420410156,17400,0.0,0.0
2024-04-10 00:00:00-04:00,18.168352415629723,18.465653231934674,18.168352415629723,18.176610946655273,20000,0.0,0.0
2024-04-11 00:00:00-04:00,18.168354034423828,18.39958819828098,18.102287355486624,18.168354034423828,23400,0.0,0.0
2024-04-12 00:00:00-04:00,18.16835536734685,18.242680583498316,18.10228868356266,18.151838302612305,31900,0.0,0.0
2024-04-15 00:00:00-04:00,18.317001877277253,18.317001877277253,18.08576774597168,18.08576774597168,37600,0.0,0.0
2024-04-16 00:00:00-04:00,18.08576774597168,18.25093520764047,18.003184015137286,18.08576774597168,27900,0.0,0.0
2024-04-17 00:00:00-04:00,18.234422165576813,18.24268069799592,17.92060580942077,17.961896896362305,24700,0.0,0.0
2024-04-18 00:00:00-04:00,17.92886438463772,18.098161951776294,17.92060742662748,17.95363998413086,25400,0.0,0.0
2024-04-19 00:00:00-04:00,17.920605235891696,18.1394508249551,17.920605235891696,17.94537925720215,16800,0.0,0.0
2024-04-22 00:00:00-04:00,17.920602648638628,18.1518352149735,17.920602648638628,18.044477462768555,11600,0.0,0.0
2024-04-23 00:00:00-04:00,18.01970620631211,18.118807026556837,17.9784151167167,18.069255828857422,16100,0.0,0.0
2024-04-24 00:00:00-04:00,18.019706019770435,18.1435808624284,18.019706019770435,18.118806838989258,17200,0.0,0.0
2024-04-25 00:00:00-04:00,18.08577161882811,18.222035040157127,17.9709806966848,18.151838302612305,21700,0.0,0.0
2024-04-26 00:00:00-04:00,18.060996208971133,18.220381303464876,18.00318648684265,18.10228729248047,13500,0.0,0.0
2024-04-29 00:00:00-04:00,18.085769365078374,18.16835310330598,18.05273681487961,18.077510833740234,13200,0.0,0.0
2024-04-30 00:00:00-04:00,17.978412977147517,18.193130082829686,17.96189591321337,18.052738189697266,31400,0.0,0.0
2024-05-01 00:00:00-04:00,18.094029578077645,18.25093853777785,18.052738492703142,18.13532066345215,13600,0.0,0.0
2024-05-02 00:00:00-04:00,18.135321579064396,18.54823875427246,18.135321579064396,18.54823875427246,30800,0.0,0.0
2024-05-03 00:00:00-04:00,18.267455479628083,18.424362863123335,18.204691896168413,18.250938415527344,18800,0.0,0.0
2024-05-06 00:00:00-04:00,18.23442233802882,18.581272827141625,18.23442233802882,18.4821720123291,25100,0.0,0.0
2024-05-07 00:00:00-04:00,18.58127230105834,18.746439796018223,18.209646224975586,18.209646224975586,550100,0.0,0.0
2024-05-08 00:00:00-04:00,18.209645118076878,18.622562255222874,18.168354034423828,18.168354034423828,1089400,0.0,0.0
2024-05-09 00:00:00-04:00,18.432621395173705,18.544109215122813,18.250938415527344,18.250938415527344,1056000,0.0,0.0
2024-05-10 00:00:00-04:00,18.302413560059183,18.95215222134753,18.302413560059183,18.90152359008789,553400,0.471,0.0
2024-05-13 00:00:00-04:00,18.901520442636908,18.907427142124543,18.724319458007812,18.724319458007812,535800,0.0,0.0
2024-05-14 00:00:00-04:00,18.834013987858285,18.876205845657896,18.682126518689298,18.749631881713867,546300,0.0,0.0
2024-05-15 00:00:00-04:00,18.969025625112707,18.969025625112707,18.751321100555298,18.834014892578125,39600,0.0,0.0
2024-05-16 00:00:00-04:00,18.82557726836266,18.943712871113917,18.72432001966724,18.758071899414062,29700,0.0,0.0
2024-05-17 00:00:00-04:00,18.89307914266149,18.89307914266149,18.783383541956006,18.808698654174805,14500,0.0,0.0
2024-05-20 00:00:00-04:00,18.808703519154754,18.87536392916678,18.724321399387488,18.77495002746582,22600,0.0,0.0
2024-05-21 00:00:00-04:00,18.774949015761184,18.89308301139656,18.648376647658285,18.859331130981445,22500,0.0,0.0
2024-05-22 00:00:00-04:00,18.690569051554338,18.85511330997026,18.690569051554338,18.850894927978516,28900,0.0,0.0
2024-05-23 00:00:00-04:00,18.850892758513922,18.859331130981445,18.647533293248028,18.859331130981445,38500,0.0,0.0
2024-05-24 00:00:00-04:00,18.817137526104435,19.078722220008988,18.782542294482713,19.019655227661133,29300,0.0,0.0
2024-05-28 00:00:00-04:00,18.893081085589117,19.13778903383883,18.893081085589117,19.129350662231445,35600,0.0,0.0
2024-05-29 00:00:00-04:00,19.104038662798338,19.104038662798338,18.876209030064917,18.93527603149414,37100,0.0,0.0
2024-05-30 00:00:00-04:00,18.9437126454187,18.9437126454187,18.74963330373066,18.817138671875,21000,0.0,0.0
2024-05-31 00:00:00-04:00,18.766510840309618,19.75209118816658,18.766510840309618,19.72002601623535,173600,0.0,0.0
2024-06-03 00:00:00-04:00,19.677832352353427,19.677832352353427,19.35802562618699,19.551259994506836,35100,0.0,0.0
2024-06-04 00:00:00-04:00,19.50906880487587,19.576574166437872,19.053406407241276,19.14622688293457,37200,0.0,0.0
2024-06-05 00:00:00-04:00,19.171542707442338,19.29811668395996,19.04497034037968,19.29811668395996,33900,0.0,0.0
2024-06-06 00:00:00-04:00,19.32343292236328,19.382499928042495,19.23905079591218,19.32343292236328,16800,0.0,0.0
2024-06-07 00:00:00-04:00,19.1040367067653,19.302334427935786,19.1040367067653,19.20529556274414,19400,0.0,0.0
2024-06-10 00:00:00-04:00,19.227234529644555,19.374058667441194,19.120913935265257,19.13779067993164,22700,0.0,0.0
2024-06-11 00:00:00-04:00,19.061848211858326,19.217954086814,18.994342838137893,19.044971466064453,30200,0.0,0.0
2024-06-12 00:00:00-04:00,19.17997972498691,19.21373321219529,18.960586886497,19.01121711730957,26700,0.0,0.0
2024-06-13 00:00:00-04:00,19.02809130082091,19.03652967220143,18.563992141075925,18.876205444335938,24400,0.0,0.0
2024-06-14 00:00:00-04:00,18.741197027773246,18.783388893492038,18.60618627638333,18.70744514465332,36200,0.0,0.0
2024-06-17 00:00:00-04:00,18.648376501998413,18.782543887110617,18.648376501998413,18.699005126953125,19900,0.0,0.0
2024-06-18 00:00:00-04:00,18.724321628030157,18.80870374882781,18.6745363537996,18.715883255004883,10300,0.0,0.0
2024-06-20 00:00:00-04:00,18.774948869112674,18.859330983673836,18.20115242144273,18.699005126953125,17200,0.0,0.0
2024-06-21 00:00:00-04:00,18.648378824334525,18.90152359008789,18.648378824334525,18.90152359008789,43700,0.0,0.0
2024-06-24 00:00:00-04:00,18.850892533961296,18.96058815582245,18.82557741686028,18.918397903442383,40400,0.0,0.0
2024-06-25 00:00:00-04:00,18.977465618905143,18.977465618905143,18.707444130759757,18.791826248168945,17600,0.0,0.0
2024-06-26 00:00:00-04:00,18.64837642551804,18.977464900556463,18.64837642551804,18.918397903442383,21500,0.0,0.0
2024-06-27 00:00:00-04:00,18.985901924570896,19.036530545722396,18.884643072813052,18.9521484375,27400,0.0,0.0
2024-06-28 00:00:00-04:00,18.985900402443807,19.120911120993696,18.90826996353224,19.05340576171875,14700,0.0,0.0
2024-07-01 00:00:00-04:00,19.146231486795656,19.212891900630627,18.931056988576227,19.12091636657715,27900,0.0,0.0
2024-07-02 00:00:00-04:00,19.20529556274414,19.272800930245065,18.90152060426253,19.20529556274414,25200,0.0,0.0
2024-07-03 00:00:00-04:00,19.43313016958627,19.43313016958627,19.213737284595485,19.32343292236328,10700,0.0,0.0
2024-07-05 00:00:00-04:00,19.31499025450249,19.60188845497751,19.281238377099164,19.390933990478516,15700,0.0,0.0
2024-07-08 00:00:00-04:00,19.559700659219054,19.559700659219054,19.272802422758588,19.374059677124023,32900,0.0,0.0
2024-07-09 00:00:00-04:00,19.500632341454036,19.500632341454036,19.331868116309636,19.416250228881836,24900,0.0,0.0
2024-07-10 00:00:00-04:00,19.416251363495864,19.416251363495864,19.07028613024235,19.163105010986328,34500,0.0,0.0
2024-07-11 00:00:00-04:00,19.196857934711247,19.525946412852132,19.196857934711247,19.450002670288086,23500,0.0,0.0
2024-07-12 00:00:00-04:00,19.53438527642236,19.53438527642236,19.087162791695768,19.382497787475586,43100,0.0,0.0
2024-07-15 00:00:00-04:00,19.22217381321739,19.829722168332705,19.196858694875278,19.703149795532227,54700,0.0,0.0
2024-07-16 00:00:00-04:00,19.66095960282133,19.829723853870384,19.66095960282133,19.762218475341797,22800,0.0,0.0
2024-07-17 00:00:00-04:00,19.73690081662454,19.829721303710052,19.644081938994002,19.669395446777344,12800,0.0,0.0
2024-07-18 00:00:00-04:00,19.74534034729004,19.914104586535153,19.68627334639077,19.74534034729004,24400,0.0,0.0
2024-07-19 00:00:00-04:00,19.779090235752996,19.88878584466046,19.64407951273391,19.686269760131836,17500,0.0,0.0
2024-07-22 00:00:00-04:00,19.88035061709212,19.88035061709212,19.450003265869775,19.49219512939453,24400,0.0,0.0
2024-07-23 00:00:00-04:00,19.424689495878276,19.60189049193318,19.239048517776943,19.500633239746094,62600,0.0,0.0
2024-07-24 00:00:00-04:00,19.445783989227333,19.576576345951647,19.38249700158058,19.407812118530273,14900,0.0,0.0
2024-07-25 00:00:00-04:00,19.458441865889135,19.576577475683486,19.40781323852301,19.433128356933594,15900,0.0,0.0
2024-07-26 00:00:00-04:00,19.525946975271253,19.5470437117228,19.196858487651408,19.441566467285156,12600,0.0,0.0
2024-07-29 00:00:00-04:00,19.492196909843287,19.509073656794737,19.32343265923912,19.331871032714844,26600,0.0,0.0
2024-07-30 00:00:00-04:00,19.40781230622627,19.40781230622627,19.27280156676544,19.29811668395996,20500,0.0,0.0
2024-07-31 00:00:00-04:00,19.24748458918488,19.43312554509142,19.222171083892032,19.348743438720703,21800,0.0,0.0
2024-08-01 00:00:00-04:00,19.399375356734453,19.399375356734453,19.323431609035538,19.365623474121094,19800,0.0,0.0
2024-08-02 00:00:00-04:00,19.35718211307519,19.441564220765756,19.260143252540235,19.390933990478516,28900,0.0,0.0
2024-08-05 00:00:00-04:00,19.1546688079834,19.32343143847072,18.86692560184156,19.1546688079834,52000,0.0,0.0
2024-08-06 00:00:00-04:00,19.2390478911089,19.568137973635082,19.2154210924045,19.407812118530273,23900,0.0,0.0
2024-08-07 00:00:00-04:00,19.525943938175292,19.525943938175292,18.496486771991066,19.14622688293457,33100,0.0,0.0
2024-08-08 00:00:00-04:00,19.154665340497168,19.394308328974933,19.154665340497168,19.24748420715332,16600,0.0,0.0
2024-08-09 00:00:00-04:00,19.4162485398982,19.466877159255457,19.298114558246333,19.357181549072266,46000,0.0,0.0
2024-08-12 00:00:00-04:00,19.50450194719838,19.50450194719838,19.31066434583263,19.366661071777344,30900,0.471,0.0
2024-08-13 00:00:00-04:00,19.336506109892795,19.426963865187705,19.3149687838501,19.349428176879883,18800,0.0,0.0
2024-08-14 00:00:00-04:00,19.349429814806562,19.47004180860221,19.332200938429573,19.40973663330078,18400,0.0,0.0
2024-08-15 00:00:00-04:00,19.383888244628906,19.504498578996085,19.30893730210179,19.383888244628906,18900,0.0,0.0
2024-08-16 00:00:00-04:00,19.45281022611346,19.607881607382637,18.996211341620075,19.530345916748047,26900,0.0,0.0
2024-08-19 00:00:00-04:00,19.444193411812495,19.590649522055173,19.340813594695646,19.383888244628906,23700,0.0,0.0
2024-08-20 00:00:00-04:00,19.418350955046687,19.52173078108582,19.340815263920984,19.375274658203125,17300,0.0,0.0
2024-08-21 00:00:00-04:00,19.590649522055173,19.590649522055173,19.340813594695646,19.383888244628906,16500,0.0,0.0
2024-08-22 00:00:00-04:00,19.470040217723774,19.685416765169407,19.470040217723774,19.59065055847168,29600,0.0,0.0
2024-08-23 00:00:00-04:00,19.646650599075805,19.71126258291292,19.55619283578817,19.5820369720459,17700,0.0,0.0
2024-08-26 00:00:00-04:00,19.340815330065464,19.978329736796077,19.314969551870938,19.8663330078125,54300,0.0,0.0
2024-08-27 00:00:00-04:00,19.719875391943535,19.814641594958445,19.625110832121216,19.6423397064209,29300,0.0,0.0
2024-08-28 00:00:00-04:00,19.65095525759932,19.797411372077917,19.504499143120725,19.57341957092285,13100,0.0,0.0
2024-08-29 00:00:00-04:00,19.668190002441406,19.806030887670467,19.607884820552815,19.668190002441406,15600,0.0,0.0
2024-08-30 00:00:00-04:00,19.556191165340557,19.64234046976469,19.51311486993584,19.59065055847168,28400,0.0,0.0
2024-09-03 00:00:00-04:00,19.185744879627993,19.59926749167958,19.185744879627993,19.5820369720459,28900,0.0,0.0
2024-09-04 00:00:00-04:00,19.478654446313158,19.51311383762125,19.340813594695646,19.383888244628906,15500,0.0,0.0
2024-09-05 00:00:00-04:00,19.297740702648422,19.388198469366294,19.18574560716813,19.289125442504883,25200,0.0,0.0
2024-09-06 00:00:00-04:00,19.24605018127698,19.310663808730318,19.13405344611691,19.1771297454834,32000,0.0,0.0
2024-09-09 00:00:00-04:00,19.065133745508685,19.233128854726985,19.039289608085,19.13405418395996,26800,0.0,0.0
2024-09-10 00:00:00-04:00,19.047904266738797,19.202975659155076,18.255318427983326,19.022058486938477,29000,0.0,0.0
2024-09-11 00:00:00-04:00,19.03928657035135,19.15989690759939,18.315621260477897,19.082361221313477,9900,0.0,0.0
2024-09-12 00:00:00-04:00,19.090978556988222,19.21158890735706,19.090978556988222,19.168514251708984,7700,0.0,0.0
2024-09-13 00:00:00-04:00,19.20297279794422,19.358042524062558,19.20297279794422,19.306352615356445,10200,0.0,0.0
2024-09-16 00:00:00-04:00,19.306352615356445,19.44419346736779,19.280506839407103,19.306352615356445,15100,0.0,0.0
2024-09-17 00:00:00-04:00,19.306353258934273,19.34253636055397,19.013441027847783,19.09097671508789,17200,0.0,0.0
2024-09-18 00:00:00-04:00,19.27189589444304,19.306355290624605,19.142668639981974,19.25466537475586,19300,0.0,0.0
2024-09-19 00:00:00-04:00,19.37527395404671,19.43557912424331,19.294292490755172,19.349428176879883,17800,0.0,0.0
2024-09-20 00:00:00-04:00,19.383890042331853,19.435579955684112,19.194359264578434,19.220203399658203,12900,0.0,0.0
2024-09-23 00:00:00-04:00,19.220204635978313,19.29774033259046,19.14266893936616,19.185745239257812,11900,0.0,0.0
2024-09-24 00:00:00-04:00,19.142668068385674,19.344261527682004,19.004827201389716,19.073747634887695,24300,0.0,0.0
2024-09-25 00:00:00-04:00,19.00482836547008,19.227959165803057,19.00482836547008,19.116825103759766,23800,0.0,0.0
2024-09-26 00:00:00-04:00,19.142665315588484,19.330474003900427,19.09959066704385,19.271892547607422,18500,0.0,0.0
2024-09-27 00:00:00-04:00,19.24605011491227,19.383890986024127,19.177129679356337,19.25466537475586,15300,0.0,0.0
2024-09-30 00:00:00-04:00,19.12543711328877,19.42696295006823,19.12543711328877,19.306352615356445,15100,0.0,0.0
2024-10-01 00:00:00-04:00,19.194359202560175,19.358044201512232,19.194359202560175,19.297739028930664,15600,0.0,0.0
2024-10-02 00:00:00-04:00,19.22020659801287,19.38389326792494,19.211591337155077,19.358047485351562,9800,0.0,0.0
2024-10-03 00:00:00-04:00,19.383887910542015,19.383887910542015,19.202972412109375,19.202972412109375,8300,0.0,0.0
2024-10-04 00:00:00-04:00,19.220201285870193,19.249492836052394,19.16420457056059,19.202972412109375,13500,0.0,0.0
2024-10-07 00:00:00-04:00,19.208144037801233,19.280510251434787,19.168515155553266,19.211589813232422,14900,0.0,0.0
2024-10-08 00:00:00-04:00,19.185741895156017,19.228816544346873,19.16678766923031,19.202972412109375,12700,0.0,0.0
2024-10-09 00:00:00-04:00,19.15989810356344,19.383889917571835,19.15989810356344,19.375274658203125,28300,0.0,0.0
2024-10-10 00:00:00-04:00,19.383888300011897,19.383888300011897,19.20297279794422,19.306352615356445,22200,0.0,0.0
2024-10-11 00:00:00-04:00,19.366659570546638,19.51311569472787,19.319276465194957,19.46142578125,37300,0.0,0.0
2024-10-14 00:00:00-04:00,19.297740198211045,19.417489517648164,19.254665541812166,19.340816497802734,18700,0.0,0.0
2024-10-15 00:00:00-04:00,19.306353524794492,19.470040160465743,19.27620093969619,19.349428176879883,16700,0.0,0.0
2024-10-16 00:00:00-04:00,19.34943222449377,19.513118894405842,19.323588085113386,19.358047485351562,24200,0.0,0.0
2024-10-17 00:00:00-04:00,19.49588423519512,19.49588423519512,19.33219924321393,19.426963806152344,20600,0.0,0.0
2024-10-18 00:00:00-04:00,19.340814502243358,19.513114753253973,19.340814502243358,19.426963806152344,33800,0.0,0.0
2024-10-21 00:00:00-04:00,19.478657810052468,19.54757824776299,19.34081693463143,19.366661071777344,39000,0.0,0.0
2024-10-22 00:00:00-04:00,19.409735695677973,19.409735695677973,19.29773896707742,19.375274658203125,27000,0.0,0.0
2024-10-23 00:00:00-04:00,19.375275296162997,19.547577202825128,19.34770745119103,19.478656768798828,19600,0.0,0.0
2024-10-24 00:00:00-04:00,19.61649868547351,19.61649868547351,19.332201674518508,19.366661071777344,9900,0.0,0.0
2024-10-25 00:00:00-04:00,19.478655419521353,19.538960589717956,19.332199301961317,19.349428176879883,14200,0.0,0.0
2024-10-28 00:00:00-04:00,19.34942726541278,19.50449863472368,19.297737356706666,19.306352615356445,22300,0.0,0.0
2024-10-29 00:00:00-04:00,19.40112167403829,19.426965810600493,19.297740198211045,19.340816497802734,12800,0.0,0.0
2024-10-30 00:00:00-04:00,19.45281005293862,19.556191520595302,19.319275999547212,19.444194793701172,16300,0.0,0.0
2024-10-31 00:00:00-04:00,19.556190130747076,19.556190130747076,19.334783077977285,19.383888244628906,11800,0.0,0.0
2024-11-01 00:00:00-04:00,19.470041941267237,19.470041941267237,19.185744939199928,19.25466537475586,36500,0.0,0.0
2024-11-04 00:00:00-05:00,19.27189413176471,19.418350249324746,19.15989740723446,19.349428176879883,23800,0.0,0.0
2024-11-05 00:00:00-05:00,19.59926772258163,19.66646444947473,19.297740198211045,19.340816497802734,34700,0.0,0.0
2024-11-06 00:00:00-05:00,19.719875228187824,19.719875228187824,19.202972853252778,19.228816986083984,55500,0.0,0.0
2024-11-07 00:00:00-05:00,19.25466288511438,19.51225304131781,19.25466288511438,19.39250373840332,29900,0.0,0.0
2024-11-08 00:00:00-05:00,19.340814211033475,19.579450145465692,19.340814211033475,19.49588394165039,77800,0.0,0.0
2024-11-11 00:00:00-05:00,19.71987741299067,19.87494879992887,19.556192409616134,19.806028366088867,140500,0.0,0.0
2024-11-12 00:00:00-05:00,20.070764683874003,20.114741950165936,19.600218838698012,19.877269744873047,63900,0.471,0.0
2024-11-13 00:00:00-05:00,19.806909030072834,20.032946992452842,19.789318122460383,19.886066436767578,35400,0.0,0.0
2024-11-14 00:00:00-05:00,20.01799688420136,20.01799688420136,19.613414356591232,19.7629337310791,42000,0.0,0.0
2024-11-15 00:00:00-05:00,19.93883576647858,19.93883576647858,19.718954472925688,19.83329200744629,19600,0.0,0.0
2024-11-18 00:00:00-05:00,19.921245432742786,19.921245432742786,19.798112441634963,19.85088348388672,39800,0.0,0.0
2024-11-19 00:00:00-05:00,19.9212453336038,19.9212453336038,19.727750394602843,19.877269744873047,35600,0.0,0.0
2024-11-20 00:00:00-05:00,19.87727145786646,20.141128368112117,19.835932991745675,19.974018096923828,110000,0.0,0.0
2024-11-21 00:00:00-05:00,20.00919781065807,20.317031958641962,19.965222222758005,20.290645599365234,50100,0.0,0.0
2024-11-22 00:00:00-05:00,20.334623097393848,20.58088907654859,20.185103748237967,20.55450439453125,38500,0.0,0.0
2024-11-25 00:00:00-05:00,20.563299747782327,20.765591831615104,20.457757656493424,20.580890655517578,45000,0.0,0.0
2024-11-26 00:00:00-05:00,20.695230822124405,20.80077291822698,20.413781318207672,20.712820053100586,29600,0.0,0.0
2024-11-27 00:00:00-05:00,20.80956797273785,21.011858384349537,20.75679692570031,20.86233901977539,29600,0.0,0.0
2024-11-29 00:00:00-05:00,21.08222273384,21.08222273384,20.756799282996106,20.90631866455078,24900,0.0,0.0
2024-12-02 00:00:00-05:00,20.879929295599045,21.05231717112398,20.734808501250647,20.96788215637207,19500,0.0,0.0
2024-12-03 00:00:00-05:00,21.051434438117674,21.407642735278582,20.9696382350948,20.994266510009766,59500,0.0,0.0
2024-12-04 00:00:00-05:00,21.072542139897944,21.078698788929664,20.827155220616255,20.932697296142578,17300,0.0,0.0
2024-12-05 00:00:00-05:00,20.897516039013478,21.196554699515495,20.822755535107497,21.11739730834961,20900,0.0,0.0
2024-12-06 00:00:00-05:00,21.10860687286879,21.172812178512295,20.923907367960638,21.029449462890625,20300,0.0,0.0
2024-12-09 00:00:00-05:00,21.12619714558088,21.240534691241816,21.000425342085457,21.134992599487305,17500,0.0,0.0
2024-12-10 00:00:00-05:00,21.231738905716124,21.310896312076295,21.07342409299578,21.161376953125,37700,0.0,0.0
2024-12-11 00:00:00-05:00,21.108605141721146,21.266919948693847,20.946772488880793,21.196557998657227,16500,0.0,0.0
2024-12-12 00:00:00-05:00,21.32848572731018,21.32848572731018,20.844747546787403,21.108604431152344,36400,0.0,0.0
2024-12-13 00:00:00-05:00,21.258122959494187,21.263400566694997,20.712816627934004,21.04703712463379,77600,0.0,0.0
2024-12-16 00:00:00-05:00,21.064629716724582,21.28451102200329,20.53691424854344,20.783180236816406,62200,0.0,0.0
2024-12-17 00:00:00-05:00,20.783179424961116,21.091013575838595,20.53691344630806,20.72161293029785,90500,0.0,0.0
2024-12-18 00:00:00-05:00,20.642455526444852,20.747999286968184,20.325827599997176,20.45775604248047,76100,0.0,0.0
2024-12-19 00:00:00-05:00,20.440168351254105,20.645097577508317,20.237877929123187,20.343420028686523,60900,0.0,0.0
2024-12-20 00:00:00-05:00,20.34341749978218,20.572094257157676,20.185104370117188,20.185104370117188,54800,0.0,0.0
2024-12-23 00:00:00-05:00,20.185104749205298,20.48414346234621,20.079560983218578,20.299442291259766,37000,0.0,0.0
2024-12-24 00:00:00-05:00,20.352214813232422,20.629265751197938,20.22028635434073,20.352214813232422,21900,0.0,0.0
2024-12-26 00:00:00-05:00,20.3170332269237,20.686433892051813,20.229080368072008,20.66004753112793,45300,0.0,0.0
2024-12-27 00:00:00-05:00,20.78317966719163,20.915988830851287,20.273055120028957,20.501731872558594,40200,0.0,0.0
2024-12-30 00:00:00-05:00,20.352215483243704,20.6160740872749,20.237877929123187,20.343420028686523,51900,0.0,0.0
2024-12-31 00:00:00-05:00,20.281852856652762,20.413781315544455,20.27305740238513,20.352214813232422,34100,0.0,0.0
2025-01-02 00:00:00-05:00,20.580888014601364,20.639815702635488,20.10594530962281,20.22907829284668,81400,0.0,0.0
2025-01-03 00:00:00-05:00,20.2290809702756,20.36100942369992,20.088357062948152,20.193899154663086,60800,0.0,0.0
2025-01-06 00:00:00-05:00,20.193897859957012,20.528118376602553,20.193897859957012,20.308237075805664,40500,0.0,0.0
2025-01-07 00:00:00-05:00,20.290647470036195,20.435769943095856,20.123537200999362,20.193899154663086,32600,0.0,0.0
2025-01-08 00:00:00-05:00,20.123534537539737,20.33110252500916,20.123534537539737,20.22907829284668,25300,0.0,0.0
2025-01-10 00:00:00-05:00,20.246671147535423,20.413779732981293,20.185104649996287,20.325828552246094,26200,0.0,0.0
2025-01-13 00:00:00-05:00,20.404986374078515,20.550107167307164,20.357491259256715,20.536914825439453,27900,0.0,0.0
2025-01-14 00:00:00-05:00,20.44896063601495,20.853541417562656,20.44896063601495,20.818361282348633,33000,0.0,0.0
2025-01-15 00:00:00-05:00,20.9766788482666,21.020654442467947,20.763833214594584,20.9766788482666,33600,0.0,0.0
2025-01-16 00:00:00-05:00,21.01185579007219,21.09980864264968,20.80076995042289,20.871131896972656,26500,0.0,0.0
2025-01-17 00:00:00-05:00,20.818359768062223,21.00305923901381,20.800768862954154,20.932697296142578,20900,0.0,0.0
2025-01-21 00:00:00-05:00,21.07342423043658,21.284511767147936,21.00746084308041,21.231739044189453,42900,0.0,0.0
2025-01-22 00:00:00-05:00,21.231736371496147,21.328484673846543,21.126194293987606,21.266918182373047,19300,0.0,0.0
2025-01-23 00:00:00-05:00,21.32848729582513,21.36366911102704,21.19655884394053,21.354873657226562,26800,0.0,0.0
2025-01-24 00:00:00-05:00,21.52198322745151,21.592345183500257,21.328488267707794,21.58355140686035,31200,0.0,0.0
2025-01-27 00:00:00-05:00,21.583551075860246,21.63632212269718,21.419958649836012,21.609935760498047,30100,0.0,0.0
2025-01-28 00:00:00-05:00,21.636322021484375,21.636322021484375,21.434031611587972,21.636322021484375,17000,0.0,0.0
2025-01-29 00:00:00-05:00,21.548369022480735,21.68909293087162,21.529020030284414,21.565959930419922,43300,0.0,0.0
2025-01-30 00:00:00-05:00,21.51758372605914,21.66270450885327,21.39884762510331,21.495595932006836,24900,0.0,0.0
2025-01-31 00:00:00-05:00,21.530778750095656,21.61873161482652,21.37246392909238,21.460416793823242,31600,0.0,0.0
2025-02-03 00:00:00-05:00,21.460415594165283,21.548368453979492,21.3284871432246,21.548368453979492,34200,0.0,0.0
2025-02-04 00:00:00-05:00,21.460414824561454,21.952948473272233,21.460414824561454,21.8474063873291,54100,0.0,0.0
2025-02-05 00:00:00-05:00,21.86499729417336,21.926563790567055,21.768248984091144,21.8474063873291,32800,0.0,0.0
2025-02-06 00:00:00-05:00,21.970542777346044,21.970542777346044,21.803434169169783,21.90018081665039,38200,0.0,0.0
2025-02-07 00:00:00-05:00,21.865218036003967,21.88314810491607,21.488695138377203,21.6231689453125,55800,0.471,0.0
2025-02-10 00:00:00-05:00,21.58730500458899,21.702055031543992,21.20181714041514,21.291465759277344,43900,0.0,0.0
2025-02-11 00:00:00-05:00,21.130097848906274,21.425937083879695,20.98666074770129,21.139062881469727,16000,0.0,0.0
2025-02-12 00:00:00-05:00,20.99562808694221,21.202714719222545,20.977698019845427,21.03148651123047,26400,0.0,0.0
2025-02-13 00:00:00-05:00,21.031485676917548,21.27353644340612,21.031485676917548,21.11216926574707,23300,0.0,0.0
2025-02-14 00:00:00-05:00,21.219747457226966,21.273535945218605,21.11216877133848,21.12113380432129,99300,0.0,0.0
2025-02-18 00:00:00-05:00,21.183888293238237,21.51738137977803,21.12382445040469,21.434904098510742,24700,0.0,0.0
2025-02-19 00:00:00-05:00,21.488690102414456,21.73970587864088,21.354218036898725,21.676952362060547,22700,0.0,0.0
2025-02-20 00:00:00-05:00,21.694884406803315,21.79349635189885,21.43490357449409,21.641094207763672,22100,0.0,0.0
2025-02-21 00:00:00-05:00,21.748670645339637,21.832939896561765,21.633920626463638,21.712810516357422,31100,0.0,0.0
2025-02-24 00:00:00-05:00,21.936934282220278,22.447930932751525,21.61420162545433,21.89211082458496,61500,0.0,0.0
2025-02-25 00:00:00-05:00,21.89211086170347,22.143126670640633,21.641095052766303,21.69488525390625,40600,0.0,0.0
2025-02-26 00:00:00-05:00,21.52455302907191,21.820392295614536,21.381115912560656,21.56041145324707,112800,0.0,0.0
2025-02-27 00:00:00-05:00,21.556824211822533,21.641093468887878,21.479726297088867,21.488691329956055,98200,0.0,0.0
2025-02-28 00:00:00-05:00,21.354221571088296,21.605237388858615,21.246644584833422,21.515588760375977,117800,0.0,0.0
2025-03-03 00:00:00-05:00,21.667989408968737,21.667989408968737,21.3004315966658,21.408008575439453,22300,0.0,0.0
2025-03-04 00:00:00-05:00,21.327327722407013,21.34525607979502,21.12113536834428,21.192853927612305,26000,0.0,0.0
2025-03-05 00:00:00-05:00,21.300431442224806,21.54248220756838,21.20181778747626,21.34525489807129,20400,0.0,0.0
2025-03-06 00:00:00-05:00,21.443869437296165,21.675161488437134,21.312087035351595,21.56041145324707,22400,0.0,0.0
2025-03-07 00:00:00-05:00,21.641094362375824,21.73970801808113,21.53530936404276,21.703847885131836,18100,0.0,0.0
2025-03-10 00:00:00-04:00,21.70384934127469,22.03285907254667,21.345256537249497,21.515588760375977,40500,0.0,0.0
2025-03-11 00:00:00-04:00,21.623166570551884,21.623166570551884,21.170441784721845,21.300432205200195,27300,0.0,0.0
2025-03-12 00:00:00-04:00,21.22871334061022,21.452834044442834,21.085276226949766,21.174924850463867,21900,0.0,0.0
2025-03-13 00:00:00-04:00,21.309395258240333,21.309395258240333,20.932872436958032,21.00459098815918,24200,0.0,0.0
2025-03-14 00:00:00-04:00,20.816329617711872,21.09424051173407,20.816329617711872,20.88804817199707,29200,0.0,0.0
2025-03-17 00:00:00-04:00,20.843224716783276,20.98307615412519,20.76254112947428,20.88804817199707,45500,0.0,0.0
2025-03-18 00:00:00-04:00,20.76254197021375,20.97680165141456,20.76254197021375,20.94183921813965,16100,0.0,0.0
2025-03-19 00:00:00-04:00,20.897013374805418,21.21078269356693,20.897013374805418,21.085275650024414,13800,0.0,0.0
2025-03-20 00:00:00-04:00,21.139063057923185,21.14802809056147,20.89701230640489,21.00459098815918,25000,0.0,0.0
2025-03-21 00:00:00-04:00,20.97769647688096,20.992040871484384,20.704268958434895,20.762540817260742,28200,0.0,0.0
2025-03-24 00:00:00-04:00,20.977699479244972,21.05659109599712,20.735648686315063,20.84322738647461,26400,0.0,0.0
2025-03-25 00:00:00-04:00,20.72668273345885,21.017142622194918,20.663927502212992,20.69082260131836,15600,0.0,0.0
2025-03-26 00:00:00-04:00,20.646000177992885,20.977697867345526,20.619105077543225,20.968732833862305,15000,0.0,0.0
2025-03-27 00:00:00-04:00,20.843226546599045,21.02252380300505,20.763438942616354,20.92391014099121,25600,0.0,0.0
2025-03-28 00:00:00-04:00,20.91494329748078,20.932873363551025,20.619104046942596,20.69082260131836,26200,0.0,0.0
2025-03-31 00:00:00-04:00,20.681857074250633,20.825294179575845,20.619103554408998,20.699787139892578,13500,0.0,0.0
2025-04-01 00:00:00-04:00,20.61910337706584,20.870119164178586,20.61910337706584,20.834259033203125,19600,0.0,0.0
2025-04-02 00:00:00-04:00,20.869222454821166,20.8790851882413,20.726683044170006,20.816329956054688,11500,0.0,0.0
2025-04-03 00:00:00-04:00,20.61910410506077,21.024314023921256,20.61910410506077,20.986661911010742,21900,0.0,0.0
2025-04-04 00:00:00-04:00,20.78943550978305,20.879084127016387,20.323264068093827,20.538419723510742,90800,0.0,0.0
2025-04-07 00:00:00-04:00,20.21568515262141,20.439805838171118,19.74055039359532,19.848127365112305,118400,0.0,0.0
2025-04-08 00:00:00-04:00,20.081213977979022,20.35015983856447,19.211626294868054,19.37299346923828,74100,0.0,0.0
2025-04-09 00:00:00-04:00,19.256449814624386,20.448771850476415,19.193696293248784,20.35912322998047,70500,0.0,0.0
2025-04-10 00:00:00-04:00,20.143968224946466,20.35016057179614,19.51912096177065,19.72262191772461,21000,0.0,0.0
2025-04-11 00:00:00-04:00,19.848128829105242,20.484632512165426,19.749516882925267,20.15293312072754,41500,0.0,0.0
2025-04-14 00:00:00-04:00,20.16189983853169,20.37257386325919,19.91088401566287,20.126041412353516,43000,0.0,0.0
2025-04-15 00:00:00-04:00,20.260509088554493,20.753573882938294,20.260509088554493,20.5653133392334,36100,0.0,0.0
2025-04-16 00:00:00-04:00,20.439808614383477,20.816331485643953,20.439808614383477,20.59221076965332,22400,0.0,0.0
2025-04-17 00:00:00-04:00,20.53842003814084,20.798400861109666,20.43980638668298,20.66392707824707,15100,0.0,0.0
2025-04-21 00:00:00-04:00,20.708753810852976,20.817228493690767,20.672893676732414,20.735647201538086,22200,0.0,0.0
2025-04-22 00:00:00-04:00,20.73564608867109,21.291466168372153,20.73564608867109,21.183887481689453,25400,0.0,0.0
2025-04-23 00:00:00-04:00,21.354220387586796,21.354220387586796,21.067346160265892,21.174924850463867,18600,0.0,0.0
2025-04-24 00:00:00-04:00,21.282502554173668,21.331809384277683,21.067346876369598,21.192853927612305,15300,0.0,0.0
2025-04-25 00:00:00-04:00,21.201818466186523,21.291467090654546,21.10948187060206,21.201818466186523,14300,0.0,0.0
2025-04-28 00:00:00-04:00,21.20181606499011,21.32642710881729,21.112167450675173,21.21078109741211,11600,0.0,0.0
2025-04-29 00:00:00-04:00,21.121136355554203,21.33629204341473,21.121136355554203,21.309398651123047,16400,0.0,0.0
2025-04-30 00:00:00-04:00,21.309397266603465,21.336290657147828,20.852190818391044,20.968732833862305,25800,0.0,0.0
2025-05-01 00:00:00-04:00,21.201816383607756,21.336288452148438,20.897012116299482,21.336288452148438,26300,0.0,0.0
2025-05-02 00:00:00-04:00,20.44877159118419,21.025209700103186,20.260511029444555,20.861154556274414,34500,0.0,0.0
2025-05-05 00:00:00-04:00,20.861154469134455,21.035072345389462,20.625379062879038,20.762540817260742,26800,0.0,0.0
2025-05-06 00:00:00-04:00,20.619103890982885,20.753575965682167,20.435324989915983,20.628068923950195,19900,0.0,0.0
2025-05-07 00:00:00-04:00,20.74461016801084,20.74461016801084,20.43980589797896,20.67289161682129,17900,0.0,0.0
2025-05-08 00:00:00-04:00,20.699787227364013,20.99114481060871,20.601173575821775,20.79840087890625,15100,0.0,0.0
2025-05-09 00:00:00-04:00,20.879081523346546,20.879081523346546,20.50255874584392,20.681854248046875,38900,0.0,0.0
2025-05-12 00:00:00-04:00,20.950803797993267,21.14802939851808,20.813640329058877,21.11216926574707,64100,0.0,0.0
2025-05-13 00:00:00-04:00,21.131379568007652,21.239323437822634,21.039901386930325,21.09478759765625,19600,0.471,0.0
2025-05-14 00:00:00-04:00,21.094788128960275,21.094788128960275,20.774615359526194,20.893537521362305,22800,0.0,0.0
2025-05-15 00:00:00-04:00,20.838650280673473,20.954826119648406,20.719728124707274,20.774614334106445,23600,0.0,0.0
2025-05-16 00:00:00-04:00,20.87524137075046,20.884389363496418,20.536774363155967,20.802059173583984,49500,0.0,0.0
2025-05-19 00:00:00-04:00,20.847799486937266,20.948423919227913,20.50018273596597,20.792911529541016,57900,0.0,0.0
2025-05-20 00:00:00-04:00,20.655695310375894,20.948424106568797,20.491034926317074,20.60080909729004,27700,0.0,0.0
2025-05-21 00:00:00-04:00,20.491036665573002,20.651123939129885,20.353820248810962,20.555070877075195,32200,0.0,0.0
2025-05-22 00:00:00-04:00,20.41785203620402,20.655694611261026,20.41785203620402,20.619104385375977,21000,0.0,0.0
2025-05-23 00:00:00-04:00,20.63739864135201,20.743513960580522,20.3080796289355,20.381261825561523,21600,0.0,0.0
2025-05-27 00:00:00-04:00,20.38126341755867,20.62367913566744,20.152568817138672,20.152568817138672,48100,0.0,0.0
2025-05-28 00:00:00-04:00,20.289784875700512,20.427915560489794,20.16171646002816,20.207454681396484,42300,0.0,0.0
2025-05-29 00:00:00-04:00,20.271488376100706,20.381262547327797,20.15256795667251,20.170862197875977,42000,0.0,0.0
2025-05-30 00:00:00-04:00,20.15256932307181,20.42059873148925,20.15256932307181,20.234899520874023,52200,0.0,0.0
2025-06-02 00:00:00-04:00,20.234899012873978,20.335523450593872,20.061090628010408,20.152568817138672,44100,0.0,0.0
2025-06-03 00:00:00-04:00,20.0336462995545,20.360222504320305,20.0336462995545,20.207454681396484,40700,0.0,0.0
2025-06-04 00:00:00-04:00,20.216601281755178,20.390409651622182,20.216601281755178,20.289783477783203,31200,0.0,0.0
2025-06-05 00:00:00-04:00,20.353819945257285,20.483718662996473,20.262341753846417,20.280637741088867,23000,0.0,0.0
2025-06-06 00:00:00-04:00,20.353817681207577,20.47914151579511,20.26233949997225,20.289783477783203,22700,0.0,0.0
2025-06-09 00:00:00-04:00,20.289785537101334,20.491036160404104,20.262341556504946,20.472740173339844,25300,0.0,0.0
2025-06-10 00:00:00-04:00,20.536774211491974,20.536774211491974,20.262339665543486,20.381261825561523,29800,0.0,0.0
2025-06-11 00:00:00-04:00,20.280636693046034,20.45444507326465,20.234898472104906,20.353818893432617,50500,0.0,0.0
2025-06-12 00:00:00-04:00,20.427001444337463,20.427001444337463,20.205624542828776,20.34467124938965,20900,0.0,0.0
2025-06-13 00:00:00-04:00,20.180011559138293,20.30808172505362,20.180011559138293,20.234899520874023,29300,0.0,0.0
2025-06-16 00:00:00-04:00,20.19830754638354,20.372115935610594,20.180011559138293,20.234899520874023,24000,0.0,0.0
2025-06-17 00:00:00-04:00,20.22574910758955,20.451699114153016,20.147992043500246,20.198305130004883,52000,0.0,0.0
2025-06-18 00:00:00-04:00,20.12512328196023,20.381261842768158,20.12512328196023,20.189157485961914,20200,0.0,0.0
2025-06-20 00:00:00-04:00,20.216604083262023,20.266917177153626,20.033647695438273,20.079387664794922,54500,0.0,0.0
2025-06-23 00:00:00-04:00,20.180010540944256,20.23489849991058,20.033646139969964,20.115976333618164,37200,0.0,0.0
2025-06-24 00:00:00-04:00,20.24404353035234,20.24404353035234,19.987906716457626,20.097679138183594,48100,0.0,0.0
2025-06-25 00:00:00-04:00,20.134270240284067,20.27148663392431,19.96046187777917,20.02449607849121,28200,0.0,0.0
2025-06-26 00:00:00-04:00,19.987908048990565,20.445297241210938,19.987908048990565,20.445297241210938,40900,0.0,0.0
2025-06-27 00:00:00-04:00,20.545920998039602,20.55964385981759,20.189157998234315,20.271488189697266,34700,0.0,0.0
2025-06-30 00:00:00-04:00,20.21660267463041,20.33277852461853,20.088532514156753,20.207454681396484,37900,0.0,0.0
2025-07-01 00:00:00-04:00,20.30350615191574,20.408705457726548,20.0976806645462,20.34467124938965,30200,0.0,0.0
2025-07-02 00:00:00-04:00,20.234899320709918,20.532201258898006,20.234899320709918,20.472740173339844,20500,0.0,0.0
2025-07-03 00:00:00-04:00,20.527625178706298,20.582511387194504,20.383089344432648,20.54591941833496,8300,0.0,0.0
2025-07-07 00:00:00-04:00,20.582513648825266,20.645633580682897,20.325460797185354,20.49103546142578,29100,0.0,0.0
2025-07-08 00:00:00-04:00,20.536774543523798,20.69228693196852,20.40870438875676,20.609956741333008,32300,0.0,0.0
2025-07-09 00:00:00-04:00,20.652951087312832,20.669416777036954,20.491035272889945,20.637399673461914,38700,0.0,0.0
2025-07-10 00:00:00-04:00,20.673991296338265,20.673991296338265,20.51847890526063,20.60080909729004,21000,0.0,0.0
2025-07-11 00:00:00-04:00,20.513903176300598,20.60721165391587,20.31265257355595,20.527626037597656,27300,0.0,0.0
2025-07-14 00:00:00-04:00,20.36296411421848,20.491032511258513,20.25318995618342,20.326372146606445,35400,0.0,0.0
2025-07-15 00:00:00-04:00,20.390409485887286,20.448040268500794,20.15256691452911,20.244043350219727,20900,0.0,0.0
2025-07-16 00:00:00-04:00,20.180008453175123,20.313565998866693,20.097678268044582,20.262338638305664,17800,0.0,0.0
2025-07-17 00:00:00-04:00,20.180011559138293,20.30808172505362,20.125125342203944,20.234899520874023,27900,0.0,0.0
2025-07-18 00:00:00-04:00,20.381263926120962,20.381263926120962,20.225751524162895,20.280637741088867,44800,0.0,0.0
2025-07-21 00:00:00-04:00,20.353818568320712,20.41785277453599,20.05194177844778,20.170862197875977,39200,0.0,0.0
2025-07-22 00:00:00-04:00,20.079384373600192,20.35381716555235,20.079384373600192,20.253190994262695,75600,0.0,0.0
2025-07-23 00:00:00-04:00,20.189160047124332,20.4919511408015,20.120552710476776,20.408706665039062,16000,0.0,0.0
2025-07-24 00:00:00-04:00,20.353817863107807,20.38949381322005,20.070237069065023,20.14341926574707,29000,0.0,0.0
2025-07-25 00:00:00-04:00,20.225749456706417,20.481886272713144,20.079385063330804,20.189157485961914,26100,0.0,0.0
2025-07-28 00:00:00-04:00,20.14341910123707,20.185498471405317,20.07938489776339,20.097679138183594,19300,0.0,0.0
2025-07-29 00:00:00-04:00,20.115976495009395,20.170862709614784,20.079386266872902,20.16171646118164,18800,0.0,0.0
2025-07-30 00:00:00-04:00,20.125125376041268,20.13427336967927,20.033647184462623,20.088533401489258,29600,0.0,0.0
2025-07-31 00:00:00-04:00,20.106828850173873,20.253193254858566,20.015350661045606,20.152568817138672,43800,0.0,0.0
2025-08-01 00:00:00-04:00,19.987906547790928,20.09767896859059,19.896428367257098,19.96046257019043,49600,0.0,0.0
2025-08-04 00:00:00-04:00,20.088531678153604,20.2166018332975,19.920212448217,19.942167282104492,27800,0.0,0.0
2025-08-05 00:00:00-04:00,19.942165372436214,20.26233811243426,19.919296264893724,20.13426971435547,26500,0.0,0.0
2025-08-06 00:00:00-04:00,20.246788100634042,20.246788100634042,19.96961072928174,20.05194091796875,32500,0.0,0.0
2025-08-07 00:00:00-04:00,20.189159586705905,20.253193797370542,20.015351197186618,20.088533401489258,24800,0.0,0.0
2025-08-08 00:00:00-04:00,20.088533913864826,20.29893428330257,19.997057464754377,20.079387664794922,52400,0.0,0.0
2025-08-11 00:00:00-04:00,20.189157815253765,20.49103459961483,20.125123610207666,20.4178524017334,63800,0.0,0.0
2025-08-12 00:00:00-04:00,20.512237832839634,20.624376627598267,20.41878764893144,20.493547439575195,45200,0.471,0.0
2025-08-13 00:00:00-04:00,20.48419980571349,20.596340369543537,20.456164219152534,20.46550941467285,29500,0.0,0.0
2025-08-14 00:00:00-04:00,20.41878764893144,20.582324133960277,20.33935436876457,20.493547439575195,29900,0.0,0.0
2025-08-15 00:00:00-04:00,20.58699745795738,20.58699745795738,20.372061501972482,20.558961868286133,39700,0.0,0.0
2025-08-18 00:00:00-04:00,20.558961218955876,20.652411399161192,20.37673434788318,20.484201431274414,27600,0.0,0.0
2025-08-19 00:00:00-04:00,20.465510671349126,20.56830604597096,20.390750885009766,20.390750885009766,23600,0.0,0.0
2025-08-20 00:00:00-04:00,20.465512044951073,20.694464908590014,20.353373249122466,20.65241241455078,33000,0.0,0.0
2025-08-21 00:00:00-04:00,20.652410951358036,20.657082658180734,20.52157998894181,20.56830596923828,20000,0.0,0.0
2025-08-22 00:00:00-04:00,20.661755825419398,20.792585003382854,20.64399941845929,20.699134826660156,24200,0.0,0.0
2025-08-25 00:00:00-04:00,20.596342370395398,20.783240951716863,20.558961584682727,20.577651977539062,25800,0.0,0.0
2025-08-26 00:00:00-04:00,20.54961546304649,20.9327595872812,20.54961546304649,20.857999801635742,37700,0.0,0.0
2025-08-27 00:00:00-04:00,20.93275880676281,20.93275880676281,20.652410066649157,20.736515045166016,45400,0.0,0.0
2025-08-28 00:00:00-04:00,20.736517355033932,20.9449100724419,20.6804461748343,20.764551162719727,22800,0.0,0.0
2025-08-29 00:00:00-04:00,20.82062157214776,20.839310182441775,20.64306640625,20.64306640625,39800,0.0,0.0
2025-09-02 00:00:00-04:00,20.62437682438662,20.767354947637205,20.568307426472312,20.65241241455078,17500,0.0,0.0
2025-09-03 00:00:00-04:00,20.558962152405662,20.671102730226405,20.480464639138148,20.540271759033203,27000,0.0,0.0
2025-09-04 00:00:00-04:00,20.512237183513456,20.568306579117863,20.344027214286285,20.418787002563477,64300,0.0,0.0
2025-09-05 00:00:00-04:00,20.40009592001242,20.605684885218725,20.334681330283768,20.456165313720703,20500,0.0,0.0
2025-09-08 00:00:00-04:00,20.409441763441887,20.5542896327314,20.334681975321416,20.530925750732422,35200,0.0,0.0
2025-09-09 00:00:00-04:00,20.54961467514632,20.56830506644454,20.381404718289964,20.446819305419922,50700,0.0,0.0
2025-09-10 00:00:00-04:00,20.49354544295613,20.549614834872788,20.325335484792326,20.381404876708984,32800,0.0,0.0
2025-09-11 00:00:00-04:00,20.35337321961556,20.452429096373425,20.32533762949204,20.428133010864258,36300,0.0,0.0
2025-09-12 00:00:00-04:00,20.465512392138766,20.505696916963846,20.166473221637393,20.231887817382812,59500,0.0,0.0
2025-09-15 00:00:00-04:00,20.30664606396197,20.4113094091861,20.23282026192113,20.325336456298828,29100,0.0,0.0
2025-09-16 00:00:00-04:00,20.470183828373433,20.470183828373433,20.101056609507673,20.185161590576172,25600,0.0,0.0
2025-09-17 00:00:00-04:00,20.091711695149474,20.278612051790844,20.091711695149474,20.166471481323242,28000,0.0,0.0
2025-09-18 00:00:00-04:00,20.241232001109573,20.241232001109573,19.98144160105898,20.063676834106445,39200,0.0,0.0
2025-09-19 00:00:00-04:00,20.091712840625046,20.143110530752423,19.699223495232555,19.755292892456055,65300,0.0,0.0
2025-09-22 00:00:00-04:00,19.764636871689536,19.764636871689536,19.58708171193503,19.717912673950195,55900,0.0,0.0
2025-09-23 00:00:00-04:00,19.73660322779059,19.862758919203678,19.624462656917512,19.652498245239258,44700,0.0,0.0
2025-09-24 00:00:00-04:00,19.596427474049356,19.680532458340835,19.27869792948465,19.344114303588867,71700,0.0,0.0
2025-09-25 00:00:00-04:00,19.316078552492414,19.51699581523343,19.29738816004815,19.409528732299805,41700,0.0,0.0
2025-09-26 00:00:00-04:00,19.32542286895797,19.717912180350464,19.32542286895797,19.57773780822754,45400,0.0,0.0
2025-09-29 00:00:00-04:00,19.615118585847956,20.056201885890825,19.484289397670498,19.867433547973633,115000,0.0,0.0
2025-09-30 00:00:00-04:00,19.802016463920307,20.016950612446532,19.36280118898592,19.615116119384766,100700,0.0,0.0
2025-10-01 00:00:00-04:00,19.531012111179784,19.897335592595024,19.46746727422427,19.55904769897461,48600,0.0,0.0
2025-10-02 00:00:00-04:00,19.587082076136824,19.848742222618565,19.437562501694096,19.811363220214844,52000,0.0,0.0
2025-10-03 00:00:00-04:00,19.895467719451652,20.044987290255577,19.81136273807271,20.007606506347656,62000,0.0,0.0
2025-10-06 00:00:00-04:00,20.007607279496465,20.01695247583457,19.745947129271393,19.792673110961914,32400,0.0,0.0
2025-10-07 00:00:00-04:00,19.689876999927495,19.73940493450127,19.577738212876913,19.605772018432617,33800,0.0,0.0
2025-10-08 00:00:00-04:00,19.658104749011542,19.847808851238582,19.54970367803465,19.66184425354004,38000,0.0,0.0
2025-10-09 00:00:00-04:00,19.81136313626106,19.864628793745165,19.689877368532457,19.699222564697266,35500,0.0,0.0
2025-10-10 00:00:00-04:00,19.764635108923738,19.764635108923738,19.250661849975586,19.250661849975586,73800,0.0,0.0
2025-10-13 00:00:00-04:00,19.26000851043689,19.474942669082346,19.26000851043689,19.334768295288086,34300,0.0,0.0
2025-10-14 00:00:00-04:00,19.325425575447316,19.54970495873667,19.175905986587743,19.29738998413086,33000,0.0,0.0
2025-10-15 00:00:00-04:00,19.297388360167385,19.39083854094388,19.222628572028977,19.278697967529297,27800,0.0,0.0
2025-10-16 00:00:00-04:00,19.297389022219246,19.297389022219246,18.92359006870298,19.017040252685547,46500,0.0,0.0
2025-10-17 00:00:00-04:00,19.017038901941632,19.11609477094104,18.61520438704793,18.643239974975586,69800,0.0,0.0
2025-10-20 00:00:00-04:00,18.727346222818348,18.89555441451807,18.549791052096754,18.5684814453125,94800,0.0,0.0
2025-10-21 00:00:00-04:00,18.65258338853759,18.75724851401919,18.45353588325147,18.643239974975586,49900,0.0,0.0
2025-10-22 00:00:00-04:00,18.66192773729288,18.9553611738899,18.514277925370248,18.74603271484375,80400,0.0,0.0
2025-10-23 00:00:00-04:00,18.886208046776495,18.886208046776495,18.06385040283203,18.06385040283203,239300,0.0,0.0
2025-10-24 00:00:00-04:00,18.250751890300805,18.678752269905807,18.232061497085056,18.5684814453125,48400,0.0,0.0
2025-10-27 00:00:00-04:00,18.56848128611543,18.68996527614824,18.30682113058032,18.344200134277344,54700,0.0,0.0
2025-10-28 00:00:00-04:00,18.316167571401113,18.325512768563723,17.904987808316793,18.045162200927734,113300,0.0,0.0
2025-10-29 00:00:00-04:00,18.035815095743175,18.090950505479885,17.690051749375684,17.708742141723633,126100,0.0,0.0
2025-10-30 00:00:00-04:00,17.71808555548369,18.15916883337738,16.9275012092357,17.708742141723633,128200,0.0,0.0
2025-10-31 00:00:00-04:00,17.718086003032134,18.12926573300361,17.56856642529959,17.624637603759766,114100,0.0,0.0
2025-11-03 00:00:00-05:00,17.62463768733585,17.69005228010229,17.185422366051522,17.44708251953125,189200,0.0,0.0
2025-11-04 00:00:00-05:00,17.325598329940426,17.834898162703187,17.288217544555664,17.288217544555664,133600,0.0,0.0
2025-11-05 00:00:00-05:00,17.391014215785965,17.662017800331498,17.38166901874452,17.4377384185791,45300,0.0,0.0
2025-11-06 00:00:00-05:00,17.503151631580526,17.746121388205573,17.288217463863194,17.46577262878418,81900,0.0,0.0
2025-11-07 00:00:00-05:00,17.334941662962112,17.568566223284588,17.288217463863194,17.46577262878418,176700,0.0,0.0
2025-11-10 00:00:00-05:00,17.447558551926544,17.792673836869355,17.437971762276305,17.620115280151367,134800,0.471,0.0
2025-11-11 00:00:00-05:00,17.620116469557995,18.01796003867925,17.294174741913693,17.399625778198242,134100,0.0,0.0
2025-11-12 00:00:00-05:00,17.399625823991325,18.35828291433237,17.399625823991325,18.26241683959961,154700,0.0,0.0
2025-11-13 00:00:00-05:00,18.26241610774833,18.35828217863934,17.914424592600355,18.00358009338379,54000,0.0,0.0
2025-11-14 00:00:00-05:00,18.003579819394552,18.13012251906678,17.735155190683415,17.773502349853516,71000,0.0,0.0
2025-11-17 00:00:00-05:00,17.725566625539898,17.826225165539906,17.17913246154785,17.17913246154785,131400,0.0,0.0
2025-11-18 00:00:00-05:00,17.17913337177139,17.429342539525553,17.01616160997277,17.15995979309082,79700,0.0,0.0
2025-11-19 00:00:00-05:00,17.19830649457784,17.390036790822023,17.150372549147,17.169546127319336,47800,0.0,0.0
2025-11-20 00:00:00-05:00,17.24623860239232,17.437970727028137,17.12161400132418,17.131200790405273,71900,0.0,0.0
2025-11-21 00:00:00-05:00,17.112029017427492,17.553010390719656,17.112029017427492,17.447559356689453,57600,0.0,0.0
2025-11-24 00:00:00-05:00,17.514664871615658,17.7255687659148,17.495491291635766,17.687223434448242,47300,0.0,0.0
2025-11-25 00:00:00-05:00,17.50507693365646,18.192433091570987,17.50507693365646,17.94605827331543,56600,0.0,0.0
2025-11-26 00:00:00-05:00,18.022752117141906,18.45894100921948,17.85978034271219,18.272003173828125,149200,0.0,0.0
2025-11-28 00:00:00-05:00,18.406215308128807,18.406215308128807,18.120535197570995,18.176136016845703,30800,0.0,0.0
2025-12-01 00:00:00-05:00,18.099444341453193,18.39662934415777,18.032338640356425,18.04192543029785,75700,0.0,0.0
2025-12-02 00:00:00-05:00,18.02275104165239,18.224069964401824,17.974818922589407,18.176136016845703,50200,0.0,0.0
2025-12-03 00:00:00-05:00,18.070685074745647,18.367868237027754,18.070685074745647,18.2144832611084,41400,0.0,0.0
2025-12-04 00:00:00-05:00,18.137792131234367,18.26241674781531,18.041926056983414,18.14737892150879,49200,0.0,0.0
2025-12-05 00:00:00-05:00,18.310349514031625,18.387042002769732,18.06109846850948,18.367868423461914,64300,0.0,0.0
2025-12-08 00:00:00-05:00,18.396629987523585,18.396629987523585,18.137792135532656,18.18572425842285,52700,0.0,0.0
2025-12-09 00:00:00-05:00,18.09944460427837,18.387042821217783,18.09944460427837,18.233657836914062,34500,0.0,0.0
2025-12-10 00:00:00-05:00,18.329523276302908,18.564393225442053,18.094651498670583,18.52125358581543,75500,0.0,0.0
2025-12-11 00:00:00-05:00,18.46373467858771,18.96511299445759,18.444561099085618,18.914302825927734,73800,0.0,0.0
2025-12-12 00:00:00-05:00,19.048516597740665,19.17314121107563,18.88554482430679,18.943063735961914,38100,0.0,0.0
2025-12-15 00:00:00-05:00,18.933475752345313,18.943062541765677,18.281588699705665,18.415800094604492,81200,0.0,0.0
2025-12-16 00:00:00-05:00,18.358281272706915,18.69381159002131,18.332397123999808,18.454147338867188,52900,0.0,0.0
2025-12-17 00:00:00-05:00,18.482907620547024,18.521252949735352,18.35828118657544,18.415800094604492,47900,0.0,0.0
2025-12-18 00:00:00-05:00,18.35828047373942,18.66505040930691,18.348693684691305,18.58835792541504,97600,0.0,0.0
2025-12-19 00:00:00-05:00,18.693812880714518,18.74366309228026,18.22407113543883,18.31035041809082,66500,0.0,0.0
2025-12-22 00:00:00-05:00,18.31035041809082,18.693812880714518,18.214484345311583,18.31035041809082,89700,0.0,0.0
2025-12-23 00:00:00-05:00,18.214484716479873,18.53467583358307,18.119576772231383,18.26241683959961,74800,0.0,0.0
2025-12-24 00:00:00-05:00,18.20489820971547,18.377456781223547,18.051513219151254,18.099445343017578,40900,0.0,0.0
2025-12-26 00:00:00-05:00,18.166551687964315,18.291176298960483,17.83102135736866,17.888540267944336,68800,0.0,0.0
2025-12-29 00:00:00-05:00,17.783087225830283,17.821434384816392,17.572183336886205,17.73515510559082,105900,0.0,0.0
2025-12-30 00:00:00-05:00,17.715981701741413,18.027545971866424,17.57218351110418,17.850194931030273,123300,0.0,0.0
2025-12-31 00:00:00-05:00,17.96523221811616,18.25283041933481,17.92784501879061,18.2144832611084,72900,0.0,0.0
2026-01-02 00:00:00-05:00,18.262415830910417,18.617119739282266,17.974819451090248,18.16655158996582,33000,0.0,0.0
2026-01-05 00:00:00-05:00,18.204897191765113,18.56439358614079,18.03904920001166,18.396629333496094,40700,0.0,0.0
2026-01-06 00:00:00-05:00,18.473322087582076,19.153967726283526,18.415801347147656,19.058101654052734,83700,0.0,0.0
2026-01-07 00:00:00-05:00,19.07727413549443,19.144379833643246,18.78488345485192,18.92388916015625,36700,0.0,0.0
2026-01-08 00:00:00-05:00,18.933475954508932,19.336111971997706,18.933475954508932,19.278593063354492,41400,0.0,0.0
2026-01-09 00:00:00-05:00,19.44156357173169,19.573856870211557,19.17313896792328,19.460735321044922,30000,0.0,0.0
2026-01-12 00:00:00-05:00,19.412803649902344,19.642881103370907,19.27859225916895,19.412803649902344,84900,0.0,0.0
2026-01-13 00:00:00-05:00,19.53743026047748,19.757922775988742,19.455945287294266,19.489498138427734,57800,0.0,0.0
2026-01-14 00:00:00-05:00,19.614122468945695,20.179730277713286,19.614122468945695,20.04551887512207,44500,0.0,0.0
2026-01-15 00:00:00-05:00,19.74833435500563,20.285181757299984,19.74833435500563,20.074277877807617,27200,0.0,0.0
2026-01-16 00:00:00-05:00,19.892132896000103,20.1174178777714,19.892132896000103,19.987998962402344,33400,0.0,0.0
2026-01-20 00:00:00-05:00,19.94006592416531,20.122211275785567,19.719575241331594,19.968826293945312,27300,0.0,0.0
2026-01-21 00:00:00-05:00,20.03593145823033,20.333114624023438,20.03593145823033,20.333114624023438,18800,0.0,0.0
2026-01-22 00:00:00-05:00,20.38104965859513,20.52484785432058,20.378173438691565,20.42898178100586,45300,0.0,0.0
2026-01-23 00:00:00-05:00,20.448154171402805,20.532515360193926,19.960197002008062,20.218076705932617,41800,0.0,0.0
2026-01-26 00:00:00-05:00,20.409807922849485,20.409807922849485,20.045517247546925,20.23724937438965,41800,0.0,0.0
2026-01-27 00:00:00-05:00,20.37146323265871,20.47979231799473,20.189317872953282,20.304357528686523,50900,0.0,0.0
2026-01-28 00:00:00-05:00,20.36187526109281,20.582365940922887,20.156721982141892,20.52484703063965,39000,0.0,0.0
2026-01-29 00:00:00-05:00,20.553606319326708,20.79327056614747,20.443360985208326,20.78368377685547,62000,0.0,0.0
2026-01-30 00:00:00-05:00,20.735750467769485,20.745337257356162,20.469243934136493,20.572778701782227,48300,0.0,0.0
2026-02-02 00:00:00-05:00,20.67823263288767,21.15660303570132,20.59099522015837,21.02334976196289,79700,0.0,0.0
2026-02-03 00:00:00-05:00,21.04252279504025,21.37805129681403,20.869964234989048,20.95624351501465,100500,0.0,0.0
2026-02-04 00:00:00-05:00,20.86037636608134,21.320531283419367,20.7597178207561,20.89872169494629,65500,0.0,0.0
2026-02-05 00:00:00-05:00,20.89872296025515,20.948573170742925,20.51526050592347,20.71657943725586,82000,0.0,0.0
2026-02-06 00:00:00-05:00,20.629355551666446,20.629355551666446,20.051145415589847,20.26675033569336,78000,0.471,0.0
2026-02-09 00:00:00-05:00,20.335352168746248,20.81556026071217,20.335352168746248,20.79595947265625,41800,0.0,0.0
2026-02-10 00:00:00-05:00,20.727358461643927,20.972362703198193,20.590156684528427,20.756759643554688,26500,0.0,0.0
2026-02-11 00:00:00-05:00,20.717557305401073,21.119364097227443,20.717557305401073,21.070363998413086,88700,0.0,0.0
2026-02-12 00:00:00-05:00,21.24676751443225,21.266368301807955,20.727357864379883,20.727357864379883,69800,0.0,0.0
2026-02-13 00:00:00-05:00,20.805759278235772,20.97236223353103,20.6881582916944,20.89396095275879,23300,0.0,0.0
2026-02-17 00:00:00-05:00,20.972362262175558,20.972362262175558,20.590156251543107,20.766559600830078,13800,0.0,0.0
2026-02-18 00:00:00-05:00,20.68815742815217,21.099764602334073,20.64895585478537,20.91356086730957,38700,0.0,0.0
2026-02-19 00:00:00-05:00,20.844960457600905,20.991962622604504,20.364752388331052,20.521554946899414,61200,0.0,0.0
2026-02-20 00:00:00-05:00,20.550953775703636,21.060563013699195,20.54605451365329,20.786157608032227,63700,0.0,0.0
2026-02-23 00:00:00-05:00,20.795958599973638,20.97236194660628,20.580355548108155,20.81555938720703,78300,0.0,0.0
2026-02-24 00:00:00-05:00,20.942963712351865,21.70737576143811,20.93316331823101,21.638774871826172,52800,0.0,0.0
2026-02-25 00:00:00-05:00,21.854377206649453,21.854377206649453,21.14876567656351,21.570173263549805,94600,0.0,0.0
2026-02-26 00:00:00-05:00,21.364369631828605,21.452571310457103,21.07036528255633,21.423171997070312,71300,0.0,0.0
2026-02-27 00:00:00-05:00,21.266368102686148,21.668174893956046,21.15856564236312,21.579973220825195,55900,0.0,0.0
2026-03-02 00:00:00-05:00,21.27616675982591,21.83477798288539,21.27616675982591,21.7465763092041,29200,0.0,0.0
2026-03-03 00:00:00-05:00,21.52117129457815,21.903379175621108,21.16836646415217,21.570173263549805,57800,0.0,0.0
2026-03-04 00:00:00-05:00,21.707374572753906,21.893578312385646,21.383969061411378,21.707374572753906,22200,0.0,0.0
2026-03-05 00:00:00-05:00,21.53097231908569,22.28558584024841,21.521171925004275,22.275785446166992,76100,0.0,0.0
2026-03-06 00:00:00-05:00,22.10918168234663,22.10918168234663,21.590753378134707,21.658374786376953,24100,0.0,0.0
2026-03-09 00:00:00-04:00,21.550572813518066,21.560373207465908,21.09976590732156,21.266368865966797,49200,0.0,0.0
2026-03-10 00:00:00-04:00,21.158566931442472,21.79557760012634,21.129165748862945,21.677976608276367,25500,0.0,0.0
2026-03-11 00:00:00-04:00,21.75637769888301,21.766176223754883,21.413371382112043,21.766176223754883,19100,0.0,0.0
2026-03-12 00:00:00-04:00,21.815178139744653,22.275785446166992,21.662295356695825,22.275785446166992,31100,0.0,0.0
2026-03-13 00:00:00-04:00,22.05038101942641,22.19738318570913,21.58977373327817,22.001380920410156,50400,0.0,0.0
2026-03-16 00:00:00-04:00,21.84457779874755,22.128781730354685,21.54077121111045,21.589773178100586,51700,0.0,0.0
2026-03-17 00:00:00-04:00,21.41826921033574,22.001380470570247,21.41826921033574,21.883777618408203,14800,0.0,0.0
2026-03-18 00:00:00-04:00,21.755395488735726,22.10918166423071,21.673074424589654,21.913179397583008,27400,0.0,0.0
2026-03-19 00:00:00-04:00,21.795576392227186,22.09938111844266,21.722076243702805,22.001380920410156,25900,0.0,0.0
2026-03-20 00:00:00-04:00,22.29538584282022,22.29538584282022,21.545673466480267,21.775976181030273,16000,0.0,0.0
2026-03-23 00:00:00-04:00,21.844578806587844,22.143482407465534,21.609373092651367,21.609373092651367,35200,0.0,0.0
2026-03-24 00:00:00-04:00,21.609373503372662,22.020980706733763,21.609373503372662,21.85437774658203,23500,0.0,0.0
2026-03-25 00:00:00-04:00,21.96217962045717,22.050381295176596,21.687774202526295,21.95237922668457,20700,0.0,0.0
2026-03-26 00:00:00-04:00,21.766175664256714,22.099381578356724,21.70737517036671,21.73677635192871,29800,0.0,0.0
2026-03-27 00:00:00-04:00,21.78577617440494,21.918078685897356,21.276166915893555,21.276166915893555,57000,0.0,0.0
2026-03-30 00:00:00-04:00,21.266368988285553,21.780877523485326,21.080165240673644,21.30556869506836,61500,0.0,0.0
2026-03-31 00:00:00-04:00,21.266368812270954,21.971980351627618,21.246768024424767,21.648574829101562,34200,0.0,0.0
2026-04-01 00:00:00-04:00,21.73677660379254,22.05038173381829,21.570173644812108,21.94257926940918,23900,0.0,0.0
2026-04-02 00:00:00-04:00,21.78577672875425,21.94257929394244,21.579974062907507,21.687774658203125,5600,0.0,0.0
2026-04-06 00:00:00-04:00,21.62897360520042,21.9523791212064,21.423170944666605,21.658374786376953,32500,0.0,0.0
2026-04-07 00:00:00-04:00,21.560372821950452,22.265984350471868,21.560372821950452,21.95237922668457,33200,0.0,0.0
2026-04-08 00:00:00-04:00,21.63877423272871,22.285585271729335,21.63877423272871,22.118982315063477,35600,0.0,0.0
2026-04-09 00:00:00-04:00,22.334586210378884,22.39338670142028,22.050380410083314,22.226783752441406,29000,0.0,0.0
2026-04-10 00:00:00-04:00,22.158183738303922,22.38358718717712,22.069982063660674,22.207183837890625,19000,0.0,0.0
2026-04-13 00:00:00-04:00,21.67797608554024,22.265984769079175,21.67797608554024,22.197383880615234,29800,0.0,0.0
2026-04-14 00:00:00-04:00,21.707375706094393,22.197384195483583,21.707375706094393,22.14838409423828,6900,0.0,0.0
2026-04-15 00:00:00-04:00,22.011180312697302,22.285585738016046,21.78577685756085,21.85437774658203,10400,0.0,0.0
2026-04-16 00:00:00-04:00,22.01117899478599,22.14838263384736,21.726975061681426,21.883777618408203,21800,0.0,0.0
2026-04-17 00:00:00-04:00,22.01118015794806,22.05038173381829,21.756377391727654,21.94257926940918,24900,0.0,0.0
2026-04-20 00:00:00-04:00,21.942579584339263,22.4717896507787,21.72697652166063,21.893579483032227,24200,0.0,0.0
2026-04-21 00:00:00-04:00,21.805376340044813,22.050380568584643,21.79557594659515,21.883777618408203,8200,0.0,0.0
2026-04-22 00:00:00-04:00,22.02097936377569,22.07390111449831,21.805376315824336,22.011178970336914,21200,0.0,0.0
2026-04-23 00:00:00-04:00,21.971979265815722,22.050380544092025,21.756376217864364,22.011178970336914,19700,0.0,0.0
2026-04-24 00:00:00-04:00,21.824978408001645,22.192484772382855,21.805377619951813,22.109182357788086,20100,0.0,0.0
2026-04-27 00:00:00-04:00,22.079782485961914,22.2463854416996,22.050381304631504,22.079782485961914,22400,0.0,0.0
2026-04-28 00:00:00-04:00,22.236585585284924,22.45512895101033,22.221884059647458,22.36398696899414,24900,0.0,0.0
2026-04-29 00:00:00-04:00,22.442388412545505,22.491390382964514,22.050381995363626,22.403188705444336,13000,0.0,0.0
2026-04-30 00:00:00-04:00,22.491389602058042,22.85399482439877,22.099381329252743,22.58938980102539,36600,0.0,0.0
2026-05-01 00:00:00-04:00,22.618791734765242,23.02059854544789,22.344386308519077,22.530590057373047,19000,0.0,0.0
2026-05-04 00:00:00-04:00,22.540389306092774,22.80499432482392,22.216983795166016,22.216983795166016,32900,0.0,0.0
2026-05-05 00:00:00-04:00,22.314986453223543,23.128400448890027,22.069982215140456,22.118982315063477,59800,0.0,0.0
2026-05-06 00:00:00-04:00,22.09938090128694,22.98139762878418,22.09938090128694,22.98139762878418,70000,0.0,0.0
2026-05-07 00:00:00-04:00,23.059798479177385,23.059798479177385,22.736392974853516,22.736392974853516,35600,0.0,0.0
2026-05-08 00:00:00-04:00,22.746191785939338,23.00099640911103,22.638391195960725,22.814794540405273,42500,0.0,0.0
2026-05-11 00:00:00-04:00,22.991197557011105,23.402804765232396,22.74619331090877,23.246002197265625,52600,0.0,0.0
2026-05-12 00:00:00-04:00,23.108798856337604,23.22640170898428,22.9421959054746,23.069599151611328,30400,0.0,0.0
2026-05-13 00:00:00-04:00,23.118599810893294,23.295003159527482,23.010797349120406,23.0989990234375,38200,0.0,0.0
2026-05-14 00:00:00-04:00,23.209999084472656,23.350000381469727,22.809999465942383,23.0,25700,0.471,0.0
2026-05-15 00:00:00-04:00,22.80500030517578,22.899999618530273,22.6200008392334,22.649999618530273,15400,0.0,0.0
2026-05-18 00:00:00-04:00,22.559999465942383,22.86400032043457,22.34000015258789,22.709999084472656,30900,0.0,0.0
2026-05-19 00:00:00-04:00,22.709999084472656,22.709999084472656,22.020000457763672,22.469999313354492,37900,0.0,0.0
2026-05-20 00:00:00-04:00,22.389999389648438,22.540000915527344,22.329999923706055,22.3799991607666,14400,0.0,0.0
2026-05-21 00:00:00-04:00,22.420000076293945,22.709999084472656,22.270000457763672,22.559999465942383,15100,0.0,0.0
2026-05-22 00:00:00-04:00,22.700000762939453,22.799999237060547,22.420000076293945,22.5,18400,0.0,0.0
2026-05-26 00:00:00-04:00,22.459999084472656,22.8700008392334,22.329999923706055,22.709999084472656,46900,0.0,0.0
2026-05-27 00:00:00-04:00,22.670000076293945,22.8700008392334,22.670000076293945,22.75,17700,0.0,0.0
2026-05-28 00:00:00-04:00,22.75,22.850000381469727,22.6200008392334,22.770000457763672,22500,0.0,0.0
2026-05-29 00:00:00-04:00,22.790000915527344,23.239999771118164,22.780000686645508,22.93000030517578,44200,0.0,0.0
2026-06-01 00:00:00-04:00,23.06999969482422,23.489999771118164,23.059999465942383,23.18000030517578,47600,0.0,0.0
2026-06-02 00:00:00-04:00,23.1200008392334,23.489999771118164,23.110000610351562,23.270000457763672,15400,0.0,0.0
2026-06-03 00:00:00-04:00,23.211999893188477,23.274999618530273,22.950000762939453,23.149999618530273,34300,0.0,0.0
2026-06-04 00:00:00-04:00,23.1200008392334,23.149999618530273,22.8799991607666,23.010000228881836,28500,0.0,0.0
2026-06-05 00:00:00-04:00,23.010000228881836,23.299999237060547,22.899999618530273,23.139999389648438,21000,0.0,0.0
2026-06-08 00:00:00-04:00,23.139999389648438,23.549999237060547,22.937000274658203,23.31999969482422,27600,0.0,0.0
2026-06-09 00:00:00-04:00,23.360000610351562,23.399999618530273,23.020000457763672,23.209999084472656,16600,0.0,0.0
2026-06-10 00:00:00-04:00,23.209999084472656,23.3799991607666,23.209999084472656,23.280000686645508,14200,0.0,0.0
2026-06-11 00:00:00-04:00,23.280000686645508,23.42799949645996,23.270000457763672,23.290000915527344,18100,0.0,0.0
2026-06-12 00:00:00-04:00,23.290000915527344,23.40999984741211,23.25,23.329999923706055,27400,0.0,0.0
2026-06-15 00:00:00-04:00,23.280000686645508,23.450000762939453,22.992000579833984,23.25,17400,0.0,0.0
2026-06-16 00:00:00-04:00,23.25,23.389999389648438,23.25,23.31999969482422,15700,0.0,0.0
2026-06-17 00:00:00-04:00,23.43000030517578,23.43000030517578,22.6299991607666,22.770000457763672,31400,0.0,0.0
2026-06-18 00:00:00-04:00,22.700000762939453,22.75,22.579999923706055,22.600000381469727,31200,0.0,0.0
2026-06-22 00:00:00-04:00,22.260000228881836,22.766000747680664,22.260000228881836,22.56999969482422,39800,0.0,0.0
2026-06-23 00:00:00-04:00,22.6200008392334,23.0,22.565000534057617,22.690000534057617,20900,0.0,0.0
2026-06-24 00:00:00-04:00,22.6299991607666,22.88599967956543,22.6299991607666,22.649999618530273,10000,0.0,0.0
2026-06-25 00:00:00-04:00,22.81999969482422,22.825000762939453,22.530000686645508,22.530000686645508,11300,0.0,0.0
2026-06-26 00:00:00-04:00,22.40999984741211,22.926000595092773,22.40999984741211,22.65999984741211,10500,0.0,0.0
2026-06-29 00:00:00-04:00,22.510000228881836,22.84000015258789,22.399999618530273,22.530000686645508,28800,0.0,0.0
2026-06-30 00:00:00-04:00,22.520000457763672,22.959999084472656,22.260000228881836,22.260000228881836,24100,0.0,0.0
2026-07-01 00:00:00-04:00,22.3700008392334,22.886999130249023,22.270000457763672,22.290000915527344,18400,0.0,0.0
2026-07-02 00:00:00-04:00,22.4950008392334,22.520000457763672,22.260000228881836,22.360000610351562,10500,0.0,0.0
2026-07-06 00:00:00-04:00,22.190000534057617,22.44540023803711,22.020000457763672,22.100000381469727,53279,0.0,0.0
