Date,Open,High,Low,Close,Volume,Dividends,Stock Splits
2022-01-04 00:00:00-05:00,1.5276988195059096,1.5437798445769502,1.487496256828308,1.487496256828308,2407300,0.0,0.0
2022-01-05 00:00:00-05:00,1.5357391229855801,1.5598607531590014,1.4874960543396516,1.4955365657806396,1164800,0.0,0.0
2022-01-06 00:00:00-05:00,1.5357393523867413,1.5518203776708217,1.511617814460621,1.5196583271026611,879200,0.0,0.0
2022-01-07 00:00:00-05:00,1.5035774127541242,1.5035774127541242,1.4392532110214233,1.4392532110214233,1433700,0.0,0.0
2022-01-10 00:00:00-05:00,1.4392531264203976,1.4553341519456913,1.4231721008951042,1.4472936391830444,635500,0.0,0.0
2022-01-11 00:00:00-05:00,1.4714150314576755,1.511617588662616,1.4714150314576755,1.4955365657806396,1311200,0.0,0.0
2022-01-12 00:00:00-05:00,1.5357392976675832,1.5839824676513672,1.5196582729564778,1.5839824676513672,1461000,0.0,0.0
2022-01-13 00:00:00-05:00,1.6000634923624726,1.6000634923624726,1.559860930584709,1.5839824676513672,413900,0.0,0.0
2022-01-14 00:00:00-05:00,1.583982621097103,1.5920231342315674,1.5679015948281745,1.5920231342315674,90200,0.0,0.0
2022-01-17 00:00:00-05:00,1.5679015788207593,1.6161446571350098,1.551820456865533,1.6161446571350098,245600,0.0,0.0
2022-01-18 00:00:00-05:00,1.6322256999038889,1.6483067261728175,1.5920231342315674,1.5920231342315674,1669000,0.0,0.0
2022-01-19 00:00:00-05:00,1.608104075100654,1.6322256132230504,1.5920230496857228,1.6000635623931885,1046200,0.0,0.0
2022-01-20 00:00:00-05:00,1.583982665884019,1.6000636926076366,1.535739489862686,1.5518205165863037,1773000,0.0,0.0
2022-01-21 00:00:00-05:00,1.5276988744735718,1.5518204129480424,1.5196583616487482,1.5276988744735718,851700,0.0,0.0
2022-01-24 00:00:00-05:00,1.4714151971111997,1.4794557094573975,1.415131514837348,1.4794557094573975,613200,0.0,0.0
2022-01-25 00:00:00-05:00,1.4794558465754253,1.535739438215251,1.463374820392618,1.51161789894104,1513900,0.0,0.0
2022-01-26 00:00:00-05:00,1.55182025306624,1.6161444448880729,1.5357392290733975,1.567901372909546,554100,0.0,0.0
2022-01-27 00:00:00-05:00,1.583982665884019,1.6000636926076366,1.5276989765008773,1.5518205165863037,506100,0.0,0.0
2022-01-28 00:00:00-05:00,1.5518204896550243,1.6402662309504579,1.5518204896550243,1.6241852045059204,441500,0.0,0.0
2022-01-31 00:00:00-05:00,1.6161444284903428,1.672428011894226,1.5920228927458213,1.672428011894226,323800,0.0,0.0
2022-02-01 00:00:00-05:00,1.648306677151225,1.6724282158372294,1.6322256513605553,1.6643877029418945,633600,0.0,0.0
2022-02-02 00:00:00-05:00,1.6804689168930054,1.6965499444842516,1.6483068617105125,1.6804689168930054,294700,0.0,0.0
2022-02-03 00:00:00-05:00,1.664387889301759,1.6965499444842516,1.6402663479148893,1.6804689168930054,551300,0.0,0.0
2022-02-04 00:00:00-05:00,1.7126310716414832,1.8332387720874581,1.7126310716414832,1.8171577453613281,616900,0.0,0.0
2022-02-07 00:00:00-05:00,1.8091170152190874,1.8573600896167048,1.7769549656206758,1.849319577217102,552100,0.0,0.0
2022-02-08 00:00:00-05:00,1.8251981711872274,1.8251981711872274,1.7608740673677146,1.7689145803451538,293200,0.0,0.0
2022-02-09 00:00:00-05:00,1.7608741352251054,1.8091172149488446,1.7528336219378156,1.784995675086975,420300,0.0,0.0
2022-02-10 00:00:00-05:00,1.7608740673677146,1.80107663225491,1.7447930414128365,1.7689145803451538,440500,0.0,0.0
2022-02-11 00:00:00-05:00,1.7849954780202788,1.849319577217102,1.7849954780202788,1.849319577217102,319700,0.0,0.0
2022-02-14 00:00:00-05:00,1.8091169375144833,1.8171574495687326,1.7608738651889866,1.7769548892974854,322700,0.0,0.0
2022-02-15 00:00:00-05:00,1.7689145803451538,1.7849956063000318,1.7447930414128365,1.7689145803451538,546600,0.0,0.0
2022-02-16 00:00:00-05:00,1.7689147773977023,1.8814819716215447,1.7689147773977023,1.873441457748413,562500,0.0,0.0
2022-02-17 00:00:00-05:00,1.8171577970120119,1.833238824195227,1.7930362562371889,1.8010767698287964,364100,0.0,0.0
2022-02-18 00:00:00-05:00,1.776955039092208,1.776955039092208,1.7045902328027864,1.7287119626998901,329100,0.0,0.0
2022-02-22 00:00:00-05:00,1.8332385667762376,1.8573601041639718,1.7930360044633475,1.8251980543136597,499900,0.0,0.0
2022-02-23 00:00:00-05:00,1.8493194679020668,2.2915480071415506,1.8493194679020668,2.1548593044281006,2242400,0.0,0.0
2022-02-24 00:00:00-05:00,2.09053501733261,2.178980840201062,2.0181704100137248,2.1548593044281006,2337000,0.0,0.0
2022-02-25 00:00:00-05:00,2.1226973804909903,2.291548140746272,2.0744541144314015,2.2111430168151855,1149200,0.0,0.0
2022-02-28 00:00:00-05:00,2.227224018045156,2.363912918983249,2.227224018045156,2.3317508697509766,1512000,0.0,0.0
2022-03-01 00:00:00-05:00,1.9056031983826733,2.066413640975952,1.8975626858380565,2.066413640975952,4273100,0.0,0.0
2022-03-02 00:00:00-05:00,1.9538464340085462,1.9779679712554494,1.8734411181512642,1.9216843843460083,1838300,0.0,0.0
2022-03-03 00:00:00-05:00,1.8171574495687326,1.825197961622982,1.752833353134737,1.7769548892974854,1760600,0.0,0.0
2022-03-04 00:00:00-05:00,1.8251981763066851,2.0422922190074133,1.8251981763066851,2.0101301670074463,2059500,0.0,0.0
2022-03-07 00:00:00-05:00,1.969927565005632,2.0020896164014874,1.905603270512973,1.9458060264587402,1483300,0.0,0.0
2022-03-08 00:00:00-05:00,1.9860083834506075,2.042291967519795,1.9136437753616522,1.9538463354110718,1133500,0.0,0.0
2022-03-09 00:00:00-05:00,1.9136443201600282,1.9297253487579291,1.857360528366393,1.897563099861145,770500,0.0,0.0
2022-03-10 00:00:00-05:00,1.9136441659347487,1.9216846795856946,1.8493198650262161,1.8895224332809448,399200,0.0,0.0
2022-03-11 00:00:00-05:00,1.8895225855621947,1.9216848344589788,1.8493200140674424,1.897563099861145,546600,0.0,0.0
2022-03-14 00:00:00-04:00,1.8734411077492117,1.8734411077492117,1.7689144469263351,1.7930359840393066,1452500,0.0,0.0
2022-03-15 00:00:00-04:00,1.7689145803451538,1.8332386841646664,1.7447930414128365,1.7689145803451538,2515600,0.0,0.0
2022-03-16 00:00:00-04:00,1.8113422156456416,1.827660598212051,1.7134317257167195,1.754227876663208,1310500,0.032,0.0
2022-03-17 00:00:00-04:00,1.8113425746575427,1.8521385391594123,1.778705803056047,1.786864995956421,924100,0.0,0.0
2022-03-18 00:00:00-04:00,1.8439790945632162,1.892934245283276,1.7950239438431561,1.819501519203186,1732200,0.0,0.0
2022-03-21 00:00:00-04:00,1.925571235349046,1.9663673935357857,1.9010936571553017,1.9174120426177979,1013300,0.0,0.0
2022-03-22 00:00:00-04:00,1.9663673282171852,1.982685713137619,1.892934401544741,1.9337303638458252,1171600,0.0,0.0
2022-03-23 00:00:00-04:00,1.9582079892133988,1.9663671810630179,1.9010934517355857,1.909252643585205,1392500,0.0,0.0
2022-03-24 00:00:00-04:00,1.941889759187499,1.941889759187499,1.8766160246945665,1.901093602180481,1162600,0.0,0.0
2022-03-25 00:00:00-04:00,1.8684567213058472,1.9092526813611204,1.8439791452726835,1.8684567213058472,1549200,0.0,0.0
2022-03-28 00:00:00-04:00,1.8358201533586644,1.8521385391594123,1.770546610155673,1.786864995956421,1190500,0.0,0.0
2022-03-29 00:00:00-04:00,1.819501519203186,1.8602974781365693,1.7868647520564795,1.819501519203186,2336900,0.0,0.0
2022-03-30 00:00:00-04:00,1.8602974726310602,1.917411814968768,1.8439790891060006,1.8521382808685303,1494700,0.0,0.0
2022-03-31 00:00:00-04:00,1.8439793036595402,1.8766160745070632,1.819501725523898,1.8276609182357788,957400,0.0,0.0
2022-04-01 00:00:00-04:00,1.8358199283541616,1.884775079756291,1.8276607364538069,1.8439791202545166,1162700,0.0,0.0
2022-04-04 00:00:00-04:00,1.8684566643935898,1.8847750479186491,1.835819897343471,1.8521382808685303,409400,0.0,0.0
2022-04-05 00:00:00-04:00,1.8521385156709997,1.8684569012648014,1.7542282021081894,1.7623873949050903,1057700,0.0,0.0
2022-04-06 00:00:00-04:00,1.8113423014916517,1.827660684831448,1.7787055348120593,1.7950239181518555,717600,0.0,0.0
2022-04-07 00:00:00-04:00,1.8031831098217537,1.827660684831448,1.7623871514722629,1.7950239181518555,660800,0.0,0.0
2022-04-08 00:00:00-04:00,1.7950239438431561,1.8358199027765394,1.7868647520564795,1.819501519203186,251300,0.0,0.0
2022-04-11 00:00:00-04:00,1.786864551187237,1.786864551187237,1.7297500205705172,1.7460685968399048,409300,0.0,0.0
2022-04-12 00:00:00-04:00,1.778705803056047,1.8439793462590384,1.778705803056047,1.786864995956421,574200,0.0,0.0
2022-04-13 00:00:00-04:00,1.7950239688523872,1.8521383121548713,1.7950239688523872,1.8439791202545166,331900,0.0,0.0
2022-04-14 00:00:00-04:00,1.835819897343471,1.8521382808685303,1.8113423220558817,1.8521382808685303,269800,0.0,0.0
2022-04-18 00:00:00-04:00,1.8521386059159572,1.892934571888234,1.843979412721502,1.8602977991104126,578400,0.0,0.0
2022-04-19 00:00:00-04:00,1.843979412721502,1.8602977991104126,1.8358202195270465,1.8602977991104126,385400,0.0,0.0
2022-04-20 00:00:00-04:00,1.8521384784028467,1.9092528268319156,1.8439792857701227,1.8929344415664673,494900,0.0,0.0
2022-04-21 00:00:00-04:00,1.9010934370699526,1.9092526288566294,1.819501519203186,1.819501519203186,794500,0.0,0.0
2022-04-22 00:00:00-04:00,1.8276605325264772,1.8684564874763068,1.770546195596716,1.8031829595565796,677600,0.0,0.0
2022-04-25 00:00:00-04:00,1.7297504922624045,1.7297504922624045,1.6318401751292908,1.705272912979126,1151000,0.0,0.0
2022-04-26 00:00:00-04:00,2.088754930541784,2.088754930541784,1.9826854430102112,2.015322208404541,1998500,0.0,0.0
2022-04-27 00:00:00-04:00,2.0887550373128927,2.1458695742029663,2.0642774620159225,2.1132326126098633,1539300,0.0,0.0
2022-04-28 00:00:00-04:00,2.1621878984906906,2.2193022392853643,2.154028706948594,2.202983856201172,1374500,0.0,0.0
2022-04-29 00:00:00-04:00,2.1948246108080447,2.243779758859485,2.137710076884231,2.1540286540985107,553300,0.0,0.0
2022-05-02 00:00:00-04:00,2.1295510276550482,2.1377102195414475,2.039799916904654,2.1050734519958496,475700,0.0,0.0
2022-05-03 00:00:00-04:00,2.121391372265655,2.1785058975219727,2.121391372265655,2.1785058975219727,573000,0.0,0.0
2022-05-04 00:00:00-04:00,2.2437797670176876,2.3416900634765625,2.202983810159823,2.3416900634765625,1198400,0.0,0.0
2022-05-05 00:00:00-04:00,2.2927349310948917,2.2927349310948917,2.162187868247362,2.2111430168151855,681600,0.0,0.0
2022-05-06 00:00:00-04:00,2.2193025579672394,2.2682577142495575,2.154029016257482,2.2437801361083984,431800,0.0,0.0
2022-05-09 00:00:00-04:00,2.1948246126038224,2.1948246126038224,2.0071630170559587,2.015322208404541,771000,0.0,0.0
2022-05-10 00:00:00-04:00,2.039799813684606,2.0479590051581256,1.9500487074758899,2.0071630477905273,484500,0.0,0.0
2022-05-11 00:00:00-04:00,2.0479589737988713,2.096914121890366,1.9826854430102112,2.015322208404541,587000,0.0,0.0
2022-05-12 00:00:00-04:00,2.0071629898290184,2.03164056354273,1.9418894599257863,1.9908446073532104,571300,0.0,0.0
2022-05-13 00:00:00-04:00,1.9745265478772545,2.0153225107403183,1.9663673553046417,1.9990041255950928,453100,0.0,0.0
2022-05-16 00:00:00-04:00,2.0153225884223955,2.0398001670837402,1.990845009761051,2.0398001670837402,258600,0.0,0.0
2022-05-17 00:00:00-04:00,2.039800040024285,2.08875519429755,2.039800040024285,2.072436809539795,347100,0.0,0.0
2022-05-18 00:00:00-04:00,2.05611820103512,2.064277392526114,1.9582079031431956,1.974526286125183,241100,0.0,0.0
2022-05-19 00:00:00-04:00,1.9418895160023701,2.0071630477905273,1.9418895160023701,2.0071630477905273,207000,0.0,0.0
2022-05-20 00:00:00-04:00,1.9990041255950928,2.0153225107403183,1.9337303904836949,1.9990041255950928,282700,0.0,0.0
2022-05-24 00:00:00-04:00,2.0234816864036302,2.0642776489257812,2.0234816864036302,2.0642776489257812,332300,0.0,0.0
2022-05-25 00:00:00-04:00,2.0642775233495088,2.1050734833899174,2.056118331341427,2.096914291381836,170900,0.0,0.0
2022-05-26 00:00:00-04:00,2.113232533119057,2.145869493484497,2.1050733416603142,2.145869493484497,297300,0.0,0.0
2022-05-27 00:00:00-04:00,2.1377101074952853,2.1540286849432397,2.088754958742829,2.145869493484497,438800,0.0,0.0
2022-05-30 00:00:00-04:00,2.137710129333931,2.202983856201172,2.137710129333931,2.202983856201172,309900,0.0,0.0
2022-05-31 00:00:00-04:00,2.194824277729367,2.2029834678330644,2.154028327210881,2.1785058975219727,363300,0.0,0.0
2022-06-01 00:00:00-04:00,2.202983441431199,2.260097771472587,2.1866650614193732,2.251938581466675,606200,0.0,0.0
2022-06-02 00:00:00-04:00,2.2029839692328785,2.2437799290365374,2.186665585311415,2.2356207370758057,534500,0.0,0.0
2022-06-03 00:00:00-04:00,2.194824603485147,2.2356205600585675,2.1621878382264104,2.219302177429199,469000,0.0,0.0
2022-06-06 00:00:00-04:00,2.2356205910990976,2.251938973955039,2.2111430168151855,2.2111430168151855,381500,0.0,0.0
2022-06-07 00:00:00-04:00,2.219301821443024,2.260097771472587,2.219301821443024,2.251938581466675,517400,0.0,0.0
2022-06-08 00:00:00-04:00,2.2437799290365374,2.268257504918733,2.219302353154342,2.2356207370758057,452200,0.0,0.0
2022-06-09 00:00:00-04:00,2.2193022392853643,2.2274614308274607,2.194824664659076,2.202983856201172,434300,0.0,0.0
2022-06-10 00:00:00-04:00,2.1621878944761495,2.1703470860030967,2.1050733592570494,2.1295509338378906,480000,0.0,0.0
2022-06-13 00:00:00-04:00,2.015322212194909,2.031640594922765,1.9500486812834843,1.9826854467391968,751600,0.0,0.0
2022-06-14 00:00:00-04:00,2.015322208404541,2.031640591101706,1.9745262516616287,2.015322208404541,364100,0.0,0.0
2022-06-15 00:00:00-04:00,1.9745264685964583,1.982685660841465,1.9174119283509248,1.9582080841064453,448500,0.0,0.0
2022-06-16 00:00:00-04:00,1.876615881919861,1.8929342656689527,1.8358199225471317,1.8766158819198608,603400,0.0,0.0
2022-06-17 00:00:00-04:00,1.8684564874763068,1.8766156784662726,1.7379094316368526,1.8031829595565796,1319700,0.0,0.0
2022-06-20 00:00:00-04:00,1.7950239385308224,1.8521382808685303,1.7623871714807036,1.8521382808685303,153500,0.0,0.0
2022-06-21 00:00:00-04:00,1.852138496371421,1.852138496371421,1.8113425328120172,1.8276609182357788,255700,0.0,0.0
2022-06-22 00:00:00-04:00,1.7787055132910712,1.7868647048622492,1.7297501693335309,1.7379095554351807,472100,0.0,0.0
2022-06-23 00:00:00-04:00,1.7052726433701284,1.7297502187834246,1.6563174925435358,1.7134318351745605,1289500,0.0,0.0
2022-06-24 00:00:00-04:00,1.7297500205705172,1.7787053603177705,1.7215908297010507,1.7460685968399048,415700,0.0,0.0
2022-06-27 00:00:00-04:00,1.7460686226268185,1.8195013415365113,1.729750046116429,1.8031829595565796,446800,0.0,0.0
2022-06-28 00:00:00-04:00,1.827660684831448,1.8439790681712442,1.7868647264819573,1.7950239181518555,282000,0.0,0.0
2022-06-29 00:00:00-04:00,1.8276609372802972,1.8276609372802972,1.7542282021081894,1.7623873949050903,354800,0.0,0.0
2022-06-30 00:00:00-04:00,1.7215911547688594,1.7215911547688594,1.672636000308435,1.6807951927185059,333900,0.0,0.0
2022-07-04 00:00:00-04:00,1.7134317257167195,1.7542278766632082,1.7134317257167195,1.754227876663208,131200,0.0,0.0
2022-07-05 00:00:00-04:00,1.6807951685453515,1.6807951685453515,1.6318400147889989,1.6563175916671753,415600,0.0,0.0
2022-07-06 00:00:00-04:00,1.6481582275661757,1.6563174190083658,1.5828846960286538,1.6073622703552246,433700,0.0,0.0
2022-07-07 00:00:00-04:00,1.6481583993744497,1.6807951685453515,1.6481583993744497,1.6563175916671753,325800,0.0,0.0
2022-07-08 00:00:00-04:00,1.6971136242819749,1.74606897462126,1.6807952390123786,1.729750394821167,192900,0.0,0.0
2022-07-11 00:00:00-04:00,1.6971135455889863,1.705272737845453,1.6644767765631192,1.6889543533325195,169600,0.0,0.0
2022-07-12 00:00:00-04:00,1.6644768078983643,1.6807951927185059,1.6318400382580813,1.6807951927185059,159000,0.0,0.0
2022-07-13 00:00:00-04:00,1.6563175843066527,1.6971135455889863,1.639999199793719,1.6889543533325195,152400,0.0,0.0
2022-07-14 00:00:00-04:00,1.6481582859867436,1.6726358611809458,1.5747254631388996,1.6236807107925415,894000,0.0,0.0
2022-07-15 00:00:00-04:00,1.6318400147889989,1.6644767839599006,1.615521630203548,1.6563175916671753,181000,0.0,0.0
2022-07-18 00:00:00-04:00,1.7052728169167728,1.74606897462126,1.7052728169167728,1.729750394821167,156300,0.0,0.0
2022-07-19 00:00:00-04:00,1.7379094041994887,1.778705358505249,1.7379094041994887,1.778705358505249,91400,0.0,0.0
2022-07-20 00:00:00-04:00,1.7460686226268185,1.8113421505465455,1.7460686226268185,1.8031829595565796,251000,0.0,0.0
2022-07-21 00:00:00-04:00,1.7623871514722629,1.8031831098217537,1.7379095764625685,1.7950239181518555,173500,0.0,0.0
2022-07-22 00:00:00-04:00,1.8031831666620786,1.8276607424433602,1.8031831666620786,1.8113423585891724,165700,0.0,0.0
2022-07-25 00:00:00-04:00,1.868456690045315,1.8929342656689527,1.8521383062962233,1.8766158819198608,313600,0.0,0.0
2022-07-26 00:00:00-04:00,1.9092528453545863,1.9092528453545863,1.8031833401001365,1.8276609182357788,375600,0.0,0.0
2022-07-27 00:00:00-04:00,1.876616047660862,1.941889782952624,1.8602976624705454,1.9255712032318115,163500,0.0,0.0
2022-07-28 00:00:00-04:00,1.9337303721617005,1.941889759187499,1.8847752171898713,1.901093602180481,135100,0.0,0.0
2022-07-29 00:00:00-04:00,1.9174119789253914,1.9582081357569685,1.9174119789253914,1.9337303638458252,353800,0.0,0.0
2022-08-02 00:00:00-04:00,1.999003999814259,2.0316407680511475,1.999003999814259,2.0316407680511475,707800,0.0,0.0
2022-08-03 00:00:00-04:00,2.0397997862866935,2.0397997862866935,1.9337301040251613,1.9826854467391968,479000,0.0,0.0
2022-08-04 00:00:00-04:00,1.9582081441781087,1.9582081441781087,1.8847752171898713,1.901093602180481,447800,0.0,0.0
2022-08-05 00:00:00-04:00,1.8766160789615574,1.933730428080294,1.8684568862303093,1.9174120426177979,129700,0.0,0.0
2022-08-08 00:00:00-04:00,1.9255710272844435,1.9418896055141601,1.9010934517355857,1.909252643585205,115500,0.0,0.0
2022-08-09 00:00:00-04:00,1.9663670904229291,2.0071630477905273,1.9663670904229291,2.0071630477905273,352900,0.0,0.0
2022-08-10 00:00:00-04:00,2.0071630477905273,2.015322239264047,1.9745262818964489,2.0071630477905273,138600,0.0,0.0
2022-08-11 00:00:00-04:00,2.047959058208314,2.080595824947813,2.031640674838564,2.0561182498931885,664200,0.0,0.0
2022-08-12 00:00:00-04:00,2.0642774925638525,2.1050734519958496,2.039799916904654,2.1050734519958496,545100,0.0,0.0
2022-08-15 00:00:00-04:00,2.03979996011037,2.03979996011037,1.9745264236365925,2.0316407680511475,523700,0.0,0.0
2022-08-16 00:00:00-04:00,2.0397997514678607,2.080595707591125,2.015322177793902,2.0234813690185547,334900,0.0,0.0
2022-08-17 00:00:00-04:00,1.9990037985911144,2.0234813723048264,1.9582078424015943,1.9908446073532104,544700,0.0,0.0
2022-08-18 00:00:00-04:00,2.0071628965666504,2.056118041719385,1.9908445148490725,2.0479588508605957,278400,0.0,0.0
2022-08-19 00:00:00-04:00,2.015322208404541,2.023481399753124,1.9826854430102112,2.015322208404541,557800,0.0,0.0
2022-08-22 00:00:00-04:00,1.9908446381031248,1.9908446381031248,1.9418894899195562,1.9826854467391968,303200,0.0,0.0
2022-08-23 00:00:00-04:00,1.999003999814259,2.0479591521695917,1.990844807755037,2.0316407680511475,534500,0.0,0.0
2022-08-24 00:00:00-04:00,2.0398000088822608,2.096914354662428,2.023481624373642,2.0805959701538086,290300,0.0,0.0
2022-08-25 00:00:00-04:00,2.0969144339539465,2.1295512042052924,2.0969144339539465,2.121392011642456,460500,0.0,0.0
2022-08-26 00:00:00-04:00,2.1295509338378906,2.1621878944761495,2.1132325507839966,2.1295509338378906,332100,0.0,0.0
2022-08-29 00:00:00-04:00,2.1295505623693525,2.2437794183515507,2.1050729920582607,2.1785058975219727,633900,0.0,0.0
2022-08-30 00:00:00-04:00,2.105073579055305,2.12139196381306,2.072436809539795,2.072436809539795,465000,0.0,0.0
2022-08-31 00:00:00-04:00,2.0397999473252635,2.121391867406081,2.0316407553171816,2.096914291381836,663000,0.0,0.0
2022-09-01 00:00:00-04:00,2.0397997514678607,2.0397997514678607,1.999003795344596,2.0234813690185547,358000,0.0,0.0
2022-09-02 00:00:00-04:00,2.0398000860140906,2.1295512042052924,2.0234817008884174,2.121392011642456,896900,0.0,0.0
2022-09-06 00:00:00-04:00,2.1213921848311696,2.154029152277466,2.0724370254574915,2.1377105712890625,940500,0.0,0.0
2022-09-07 00:00:00-04:00,2.039800088458157,2.0561184736033824,1.9990041255950928,1.9990041255950928,1331500,0.0,0.0
2022-09-08 00:00:00-04:00,2.026297149910329,2.0428383350372314,2.001485372219976,2.0428383350372314,370400,0.033,0.0
2022-09-09 00:00:00-04:00,2.100732189807721,2.183438301086426,2.100732189807721,2.183438301086426,546500,0.0,0.0
2022-09-12 00:00:00-04:00,2.199979483904876,2.2082500753141012,2.1751677096772006,2.183438301086426,566200,0.0,0.0
2022-09-13 00:00:00-04:00,2.1751680045136665,2.224791559695318,2.158626622266636,2.199979782104492,539700,0.0,0.0
2022-09-14 00:00:00-04:00,2.216520934386466,2.249603304018335,2.208250341978499,2.2247915267944336,547100,0.0,0.0
2022-09-15 00:00:00-04:00,2.2082501659913314,2.216520757740171,2.1668970100606706,2.1751677989959717,276000,0.0,0.0
2022-09-16 00:00:00-04:00,2.1503556229545295,2.241332320764015,2.142085031988798,2.2165205478668213,1473600,0.0,0.0
2022-09-19 00:00:00-04:00,2.150356029736361,2.199979782104492,2.142085437206086,2.199979782104492,556800,0.0,0.0
2022-09-20 00:00:00-04:00,2.166897366173932,2.166897366173932,2.0759208419853867,2.1172738075256348,686100,0.0,0.0
2022-09-21 00:00:00-04:00,2.1338146341948305,2.150355817623747,2.084191083908081,2.084191083908081,604800,0.0,0.0
2022-09-22 00:00:00-04:00,2.117273450765914,2.150355817623747,2.0759204921936227,2.084191083908081,405700,0.0,0.0
2022-09-23 00:00:00-04:00,2.0262968836770385,2.0511086581073954,1.935320180245941,1.9684027433395386,598200,0.0,0.0
2022-09-26 00:00:00-04:00,1.927049846542765,1.9601322168752016,1.8939674762103285,1.9187792539596558,1032500,0.0,0.0
2022-09-27 00:00:00-04:00,1.9766733058847656,2.0345674453748983,1.9766733058847656,2.026296854019165,760900,0.0,0.0
2022-09-28 00:00:00-04:00,2.0428377544071474,2.1586260173852874,2.026296573981699,2.142084836959839,648000,0.0,0.0
2022-09-29 00:00:00-04:00,2.1172731537608183,2.150355515977951,2.0759202009894024,2.1338143348693848,728900,0.0,0.0
2022-09-30 00:00:00-04:00,2.125544400633684,2.191709342684575,2.109003214417585,2.1172738075256348,1536000,0.0,0.0
2022-10-03 00:00:00-04:00,2.1999797495705318,2.2661444888342697,2.1999797495705318,2.2247915267944336,1669700,0.0,0.0
2022-10-04 00:00:00-04:00,2.3323090739481844,2.456368149054706,2.324038482086847,2.4398269653320312,2865200,0.0,0.0
2022-10-05 00:00:00-04:00,2.3984736645211395,2.43155602725609,2.3240381511810653,2.3571205139160156,1761500,0.0,0.0
2022-10-06 00:00:00-04:00,2.36539174943838,2.5390743983316066,2.36539174943838,2.4977214336395264,1538100,0.0,0.0
2022-10-07 00:00:00-04:00,2.5142621989416423,2.605238903232526,2.4977210158317464,2.5804269313812256,1326000,0.0,0.0
2022-10-11 00:00:00-04:00,2.464638650063085,2.572156340297088,2.4315562838372378,2.5142621994018555,1379300,0.0,0.0
2022-10-12 00:00:00-04:00,2.5059915606952954,2.5969682632911097,2.4646386036910406,2.588697671890259,1039900,0.0,0.0
2022-10-13 00:00:00-04:00,2.5473447423464184,2.7375685585280247,2.5473447423464184,2.721027374267578,1571300,0.0,0.0
2022-10-14 00:00:00-04:00,2.6631330441171612,2.6631330441171612,2.5638857482713298,2.5804269313812256,900700,0.0,0.0
2022-10-17 00:00:00-04:00,2.6217802157622967,2.671403767541569,2.5886978479094482,2.6383213996887207,1017200,0.0,0.0
2022-10-18 00:00:00-04:00,2.6052388546919607,2.630050628894514,2.5556151091004016,2.588697671890259,791900,0.0,0.0
2022-10-19 00:00:00-04:00,2.5886979932058325,2.671403917480006,2.5886979932058325,2.646592140197754,897900,0.0,0.0
2022-10-20 00:00:00-04:00,2.6548627326251713,2.6879451023348406,2.630050955342919,2.646592140197754,690000,0.0,0.0
2022-10-21 00:00:00-04:00,2.6548622864995477,2.704485832725263,2.638321104424309,2.6879446506500244,1169700,0.0,0.0
2022-10-24 00:00:00-04:00,2.679674502558186,2.7292980569865932,2.646592132939248,2.712756872177124,1081500,0.0,0.0
2022-10-25 00:00:00-04:00,2.7292977868623094,2.7871919279655475,2.7292977868623094,2.7375683784484863,1275600,0.0,0.0
2022-10-26 00:00:00-04:00,2.7706506850129125,2.7954626564225507,2.745838910789727,2.787191867828369,911000,0.0,0.0
2022-10-27 00:00:00-04:00,2.8450862963128016,2.8450862963128016,2.7623801823908085,2.778921365737915,1086700,0.0,0.0
2022-10-28 00:00:00-04:00,2.737568649391328,2.7954629934109465,2.7044862797723894,2.712756872177124,1139700,0.0,0.0
2022-10-31 00:00:00-04:00,2.7044862160871563,2.7954629275833938,2.7044862160871563,2.762380361557007,897600,0.0,0.0
2022-11-01 00:00:00-04:00,2.7541099167607164,2.787192287371364,2.7541099167607164,2.77065110206604,719900,0.0,0.0
2022-11-02 00:00:00-04:00,2.7706508045772464,2.795462777057618,2.7375684375187004,2.7541096210479736,1141900,0.0,0.0
2022-11-03 00:00:00-04:00,2.72929813880273,2.778921694718702,2.712756953497406,2.77065110206604,583200,0.0,0.0
2022-11-04 00:00:00-04:00,2.770650842983762,2.845086367083771,2.7623802511044793,2.820274591445923,1245500,0.0,0.0
2022-11-07 00:00:00-05:00,2.8285454478211567,2.8285454478211567,2.7458393241080543,2.77065110206604,1200700,0.0,0.0
2022-11-08 00:00:00-05:00,2.7458386421203613,2.7541092327188452,2.7210268703249088,2.7458386421203613,1029100,0.0,0.0
2022-11-09 00:00:00-05:00,2.721027134303875,2.721027134303875,2.572156291902104,2.588697671890259,1191700,0.0,0.0
2022-11-10 00:00:00-05:00,2.663133054880741,2.704486012822617,2.6052389137621152,2.671403646469116,527300,0.0,0.0
2022-11-11 00:00:00-05:00,2.729297966397801,2.787192111309364,2.6796744136164614,2.721027374267578,1115000,0.0,0.0
2022-11-14 00:00:00-05:00,2.75410968717369,2.7871920550265386,2.6383213996887207,2.6383213996887207,1093600,0.0,0.0
2022-11-15 00:00:00-05:00,2.572156280144785,2.621780025509514,2.5638856887817383,2.5638856887817383,1295800,0.0,0.0
2022-11-16 00:00:00-05:00,2.563885959216624,2.5804271436874555,2.522532998039544,2.539074182510376,1258900,0.0,0.0
2022-11-17 00:00:00-05:00,2.497721221333296,2.547344774745792,2.472909444627048,2.539074182510376,1233700,0.0,0.0
2022-11-18 00:00:00-05:00,2.37366215226119,2.4232859031036216,2.3240385986052323,2.4067447185516357,1542300,0.0,0.0
2022-11-21 00:00:00-05:00,2.365391403206267,2.4067445590318046,2.2744148942002975,2.373661994934082,1058000,0.0,0.0
2022-11-22 00:00:00-05:00,2.3902030877564364,2.406744269220237,2.3488499369104976,2.381932497024536,913300,0.0,0.0
2022-11-23 00:00:00-05:00,2.340579492846161,2.3984738287837293,2.3323089015960017,2.3902032375335693,1084300,0.0,0.0
2022-11-24 00:00:00-05:00,2.3819327945129123,2.415015161572293,2.373662005561606,2.3984739780426025,432100,0.0,0.0
2022-11-25 00:00:00-05:00,2.398473967303989,2.398473967303989,2.365391403206267,2.373661994934082,298600,0.0,0.0
2022-11-28 00:00:00-05:00,2.315767944978021,2.3323091290917843,2.290956168807376,2.299226760864258,480600,0.0,0.0
2022-11-29 00:00:00-05:00,2.3488499369104976,2.3902030877564364,2.3488499369104976,2.381932497024536,402100,0.0,0.0
2022-11-30 00:00:00-05:00,2.4067445698074477,2.4067445698074477,2.3405796385022253,2.3984739780426025,556600,0.0,0.0
2022-12-01 00:00:00-05:00,2.398473967303989,2.423285742487435,2.365391403206267,2.373661994934082,693500,0.0,0.0
2022-12-02 00:00:00-05:00,2.3653914137967607,2.3984739780426025,2.3571208220319155,2.3984739780426025,261200,0.0,0.0
2022-12-05 00:00:00-05:00,2.3984740012809134,2.3984740012809134,2.2744149264197935,2.2826855182647705,791500,0.0,0.0
2022-12-06 00:00:00-05:00,2.2744150217273438,2.290956206110443,2.2082502841949463,2.2082502841949463,524700,0.0,0.0
2022-12-07 00:00:00-05:00,2.208250307250355,2.2247914918061538,2.1586265563964844,2.1586265563964844,524900,0.0,0.0
2022-12-08 00:00:00-05:00,2.1834380753815164,2.208249847044366,2.1255437443151015,2.1338143348693848,641100,0.0,0.0
2022-12-09 00:00:00-05:00,2.125544134246781,2.1586265025328832,2.0593793976745753,2.075920581817627,806000,0.0,0.0
2022-12-12 00:00:00-05:00,2.09246167393299,2.183438379905032,2.09246167393299,2.150355815887451,1051000,0.0,0.0
2022-12-13 00:00:00-05:00,2.1917085754226093,2.2165203460607823,2.133814246747115,2.142084836959839,600700,0.0,0.0
2022-12-14 00:00:00-05:00,2.150356122242555,2.1751680980872474,2.0841913791540114,2.1007325649261475,723900,0.0,0.0
2022-12-15 00:00:00-05:00,2.1007322370029895,2.125544011788089,2.0676498706228568,2.1090028285980225,864000,0.0,0.0
2022-12-16 00:00:00-05:00,2.0593796557692876,2.150356179957833,2.0428384695531885,2.1172738075256348,15569600,0.0,0.0
2022-12-19 00:00:00-05:00,2.0924614302101805,2.0924614302101805,2.009755522765682,2.018026113510132,528400,0.0,0.0
2022-12-20 00:00:00-05:00,2.0014850799519652,2.0345674453748983,1.9684027145290324,2.026296854019165,659300,0.0,0.0
2022-12-21 00:00:00-05:00,2.042838270601643,2.0924618244171143,2.026297085996486,2.0924618244171143,754400,0.0,0.0
2022-12-22 00:00:00-05:00,2.092461890417938,2.092461890417938,2.001485372219976,2.0428383350372314,518700,0.0,0.0
2022-12-23 00:00:00-05:00,2.0593794552068,2.100732416719693,2.0593794552068,2.0924618244171143,607600,0.0,0.0
2022-12-28 00:00:00-05:00,2.0345674453748983,2.059379219442098,2.0097556713076985,2.026296854019165,667600,0.0,0.0
2022-12-29 00:00:00-05:00,2.009755642522723,2.06764978118366,2.009755642522723,2.0511085987091064,275200,0.0,0.0
2022-12-30 00:00:00-05:00,2.0511087473813787,2.0593793392181396,2.0262969718710955,2.0593793392181396,191700,0.0,0.0
2023-01-03 00:00:00-05:00,2.0511089661073636,2.0593795588260835,1.960132249014961,1.984944224357605,633500,0.0,0.0
2023-01-04 00:00:00-05:00,1.9353204679657559,1.9684030359776656,1.918779282553043,1.9270498752593994,784900,0.0,0.0
2023-01-05 00:00:00-05:00,1.9270497245612992,1.968402882045688,1.9105085404421311,1.9518615007400513,296700,0.0,0.0
2023-01-06 00:00:00-05:00,1.960132303758295,1.9684030938944892,1.9353205249091825,1.9435911178588867,415800,0.0,0.0
2023-01-09 00:00:00-05:00,1.9601322460848252,1.976673628684022,1.9270498752593994,1.9270498752593994,514600,0.0,0.0
2023-01-10 00:00:00-05:00,1.9353205249091825,1.9435911178588867,1.902238153110366,1.9435911178588867,526100,0.0,0.0
2023-01-11 00:00:00-05:00,1.9435909086804672,1.9518615007400513,1.9105085404421311,1.9518615007400513,432400,0.0,0.0
2023-01-12 00:00:00-05:00,1.9684025690434328,2.018026113510132,1.943590599623646,2.018026113510132,397600,0.0,0.0
2023-01-13 00:00:00-05:00,2.0180265573468783,2.0511089276006826,2.001485372219976,2.0428383350372314,539100,0.0,0.0
2023-01-16 00:00:00-05:00,2.0345675637078564,2.075920522891662,2.0345675637078564,2.0593793392181396,550000,0.0,0.0
2023-01-17 00:00:00-05:00,2.0841912321145357,2.100732416719693,2.0511088629042216,2.0924618244171143,662300,0.0,0.0
2023-01-18 00:00:00-05:00,2.150356122242555,2.166897308014691,2.0924619720400797,2.1007325649261475,782000,0.0,0.0
2023-01-19 00:00:00-05:00,2.092461645407956,2.150355786573188,2.07592046221789,2.1090028285980225,705300,0.0,0.0
2023-01-20 00:00:00-05:00,2.133814925530851,2.1751680869356713,2.1255443326871846,2.1668972969055176,936200,0.0,0.0
2023-01-23 00:00:00-05:00,2.1834383017712424,2.274414807301253,2.1834383017712424,2.249603033065796,779000,0.0,0.0
2023-01-24 00:00:00-05:00,2.257873857603432,2.324038595729504,2.257873857603432,2.315768003463745,838200,0.0,0.0
2023-01-25 00:00:00-05:00,2.2909565178961677,2.348850671116069,2.2496035513105235,2.3323094844818115,1265700,0.0,0.0
2023-01-26 00:00:00-05:00,2.32403826713562,2.332308858232007,2.2826853116536854,2.32403826713562,1204700,0.0,0.0
2023-01-27 00:00:00-05:00,2.299226787392158,2.348850340305992,2.2909561952398523,2.3405797481536865,1072300,0.0,0.0
2023-01-30 00:00:00-05:00,2.3074972937997016,2.332309069334633,2.2826855182647705,2.2826855182647705,1096000,0.0,0.0
2023-01-31 00:00:00-05:00,2.266144245792363,2.2992266118761786,2.2413324712295015,2.2909560203552246,526600,0.0,0.0
2023-02-01 00:00:00-05:00,2.257873624477615,2.266144215889434,2.2082500760067,2.249603033065796,715000,0.0,0.0
2023-02-02 00:00:00-05:00,2.241332381656736,2.2578735640375904,2.1999794257045995,2.2330617904663086,777900,0.0,0.0
2023-02-03 00:00:00-05:00,2.241332440951002,2.299226580815578,2.183438301086426,2.183438301086426,771600,0.0,0.0
2023-02-06 00:00:00-05:00,2.1834382121047065,2.2165205763934006,2.175167621032533,2.19170880317688,440700,0.0,0.0
2023-02-07 00:00:00-05:00,2.1917088064791703,2.282685308410155,2.1917088064791703,2.25787353515625,619200,0.0,0.0
2023-02-08 00:00:00-05:00,2.2578738005798495,2.3074973529211396,2.241332616466086,2.299226760864258,362200,0.0,0.0
2023-02-09 00:00:00-05:00,2.307497084942846,2.332308858232007,2.307497084942846,2.32403826713562,320600,0.0,0.0
2023-02-10 00:00:00-05:00,2.348850084096321,2.406744420033889,2.340579492846161,2.3902032375335693,682900,0.0,0.0
2023-02-13 00:00:00-05:00,2.3488500720098453,2.4067444076495064,2.3488500720098453,2.365391254425049,521800,0.0,0.0
2023-02-14 00:00:00-05:00,2.348850084096321,2.3902032375335693,2.340579492846161,2.3902032375335693,281100,0.0,0.0
2023-02-15 00:00:00-05:00,2.3736618137139414,2.3736618137139414,2.315767676039233,2.32403826713562,383700,0.0,0.0
2023-02-16 00:00:00-05:00,2.3240388911646828,2.365391857750327,2.3240388911646828,2.3323094844818115,186600,0.0,0.0
2023-02-17 00:00:00-05:00,2.315767944978021,2.315767944978021,2.266144392636731,2.299226760864258,463800,0.0,0.0
2023-02-21 00:00:00-05:00,2.315767676039233,2.340579449328394,2.315767676039233,2.32403826713562,564900,0.0,0.0
2023-02-22 00:00:00-05:00,2.3240381511810653,2.390203073837402,2.3240381511810653,2.3571205139160156,560300,0.0,0.0
2023-02-23 00:00:00-05:00,2.3736618578468005,2.3984738287837293,2.340579492846161,2.3902032375335693,538700,0.0,0.0
2023-02-24 00:00:00-05:00,2.348850219750636,2.41501515075962,2.3405796280228204,2.373661994934082,882800,0.0,0.0
2023-02-27 00:00:00-05:00,2.373662005561606,2.4067445698074477,2.3571208220319155,2.3984739780426025,969500,0.0,0.0
2023-02-28 00:00:00-05:00,2.1007322724077095,2.357120813361242,2.0593793137356013,2.307497262954712,11903400,0.0,0.0
2023-03-01 00:00:00-05:00,2.266144449869191,2.324038595729504,2.2330620808061545,2.315768003463745,1428700,0.0,0.0
2023-03-02 00:00:00-05:00,2.315768006329239,2.4067447185516357,2.2661444526732817,2.4067447185516357,1427200,0.0,0.0
2023-03-03 00:00:00-05:00,2.3571211676750248,2.439827294637783,2.332309388742144,2.4315567016601562,1349100,0.0,0.0
2023-03-06 00:00:00-05:00,2.4232855760836856,2.497720896522651,2.3819326202842603,2.481179714202881,1310100,0.0,0.0
2023-03-07 00:00:00-05:00,2.472909329904486,2.5390740647183168,2.4563681462010285,2.5059916973114014,1692800,0.0,0.0
2023-03-08 00:00:00-05:00,2.5225328810148593,2.5390740647183168,2.4646387380527575,2.5059916973114014,1364600,0.0,0.0
2023-03-09 00:00:00-05:00,2.530803472866588,2.596968404866882,2.4977211054596724,2.5059916973114014,1442700,0.0,0.0
2023-03-10 00:00:00-05:00,2.5185426855125304,2.593847876956398,2.5018081985250045,2.577113389968872,1491800,0.035,0.0
2023-03-13 00:00:00-04:00,2.4432372167303273,2.4432372167303273,2.334462864167852,2.4014008045196533,2225300,0.0,0.0
2023-03-14 00:00:00-04:00,2.3930335198027533,2.510175112844793,2.376299035009718,2.493440628051758,1449600,0.0,0.0
2023-03-15 00:00:00-04:00,2.32609571496892,2.359564686487914,2.2256888004119393,2.2758922576904297,1650400,0.0,0.0
2023-03-16 00:00:00-04:00,2.225688744312616,2.292626685663407,2.1922195741464194,2.2675249576568604,600200,0.0,0.0
2023-03-17 00:00:00-04:00,2.2758921425360654,2.3093611123616142,2.250790415166904,2.259157657623291,1042600,0.0,0.0
2023-03-20 00:00:00-04:00,2.2507905750341872,2.351197491642452,2.2256888458821207,2.3177285194396973,591100,0.0,0.0
2023-03-21 00:00:00-04:00,2.384666385613717,2.4265027989854833,2.3595646572851394,2.3762991428375244,537200,0.0,0.0
2023-03-22 00:00:00-04:00,2.4014008909707045,2.526909733139481,2.4014008909707045,2.4432373046875,1110800,0.0,0.0
2023-03-23 00:00:00-04:00,2.4850735092157437,2.5352769660910184,2.4516045379655607,2.4767062664031982,473100,0.0,0.0
2023-03-24 00:00:00-04:00,2.4348699958953235,2.476706208988205,2.409768268039594,2.468338966369629,884300,0.0,0.0
2023-03-27 00:00:00-04:00,2.485073499776604,2.543644199241953,2.4599717714343114,2.5101752281188965,496700,0.0,0.0
2023-03-28 00:00:00-04:00,2.5185422255193712,2.5520111933815635,2.5018077415882756,2.5436439514160156,608900,0.0,0.0
2023-03-29 00:00:00-04:00,2.5352772279420037,2.5854806900024414,2.4934410095583055,2.5854806900024414,893100,0.0,0.0
2023-03-30 00:00:00-04:00,2.5854805303054853,2.5854805303054853,2.518542585026114,2.526909828186035,434400,0.0,0.0
2023-03-31 00:00:00-04:00,2.5352768898010254,2.5520113749225533,2.5269096472402617,2.5352768898010254,328600,0.0,0.0
2023-04-03 00:00:00-04:00,2.5771132654385434,2.6189496803765753,2.5520115361702107,2.5938477516174316,1050200,0.0,0.0
2023-04-04 00:00:00-04:00,2.593847876956398,2.593847876956398,2.5520116594875826,2.577113389968872,458300,0.0,0.0
2023-04-05 00:00:00-04:00,2.543644199241953,2.543644199241953,2.493440742557368,2.5101752281188965,714400,0.0,0.0
2023-04-06 00:00:00-04:00,2.5018078704482756,2.526909597637828,2.4850733856552405,2.493440628051758,398900,0.0,0.0
2023-04-10 00:00:00-04:00,2.50180812092581,2.5101753641600437,2.4599719047546387,2.4599719047546387,241000,0.0,0.0
2023-04-11 00:00:00-04:00,2.4683392169444365,2.476706460412418,2.4348702430725098,2.4348702430725098,333900,0.0,0.0
2023-04-12 00:00:00-04:00,2.4516046615204043,2.468339147988873,2.426502931817702,2.4599719047546387,613400,0.0,0.0
2023-04-13 00:00:00-04:00,2.434870061842302,2.4767062760682923,2.418135576151906,2.4432373046875,502000,0.0,0.0
2023-04-14 00:00:00-04:00,2.4516045861786657,2.4599718291557613,2.351197470962712,2.3846664428710938,686300,0.0,0.0
2023-04-17 00:00:00-04:00,2.3930338237210105,2.3930338237210105,2.334463119506836,2.334463119506836,342900,0.0,0.0
2023-04-18 00:00:00-04:00,2.334463107557184,2.4014010548878844,2.334463107557184,2.367932081222534,378600,0.0,0.0
2023-04-19 00:00:00-04:00,2.3428303629660037,2.3511976064251714,2.3093613891293328,2.334463119506836,262300,0.0,0.0
2023-04-20 00:00:00-04:00,2.309361219406128,2.3260957050945863,2.2758922480292108,2.309361219406128,502800,0.0,0.0
2023-04-21 00:00:00-04:00,2.309361104192568,2.326095589046146,2.275892134485411,2.2926266193389893,291300,0.0,0.0
2023-04-24 00:00:00-04:00,2.284259557723999,2.334463016258616,2.2591578284566904,2.284259557723999,1076200,0.0,0.0
2023-04-25 00:00:00-04:00,2.2758926139983378,2.2842598581880402,2.1838527284207707,2.1922199726104736,438500,0.0,0.0
2023-04-26 00:00:00-04:00,2.1922193207779914,2.2089540036723587,2.150383112269018,2.1671175956726074,416800,0.0,0.0
2023-04-27 00:00:00-04:00,2.1671179480338023,2.200587119773658,2.1671179480338023,2.183852434158325,265300,0.0,0.0
2023-04-28 00:00:00-04:00,2.1838527284207707,2.234056393049824,2.1838527284207707,2.1922199726104736,455800,0.0,0.0
2023-05-01 00:00:00-04:00,2.1754854842310682,2.267525369808635,2.1754854842310682,2.1922199726104736,660200,0.0,0.0
2023-05-02 00:00:00-04:00,2.1754851910960635,2.2256888489604423,2.158750704971541,2.183852434158325,829800,0.0,0.0
2023-05-03 00:00:00-04:00,2.1420159918484987,2.1671177183751467,2.116914265321851,2.150383234024048,498900,0.0,0.0
2023-05-04 00:00:00-04:00,2.1587506484384735,2.2005870621449843,2.150383405595332,2.175485134124756,395700,0.0,0.0
2023-05-05 00:00:00-04:00,2.234056043291688,2.2926267434499263,2.234056043291688,2.2758922576904297,556100,0.0,0.0
2023-05-08 00:00:00-04:00,2.275892314634896,2.3009940439022047,2.2591578284566904,2.284259557723999,485200,0.0,0.0
2023-05-09 00:00:00-04:00,2.2424232861714364,2.2758922576904297,2.2256888004119393,2.2758922576904297,485300,0.0,0.0
2023-05-10 00:00:00-04:00,2.2507909055832345,2.2507909055832345,2.200587439906268,2.225689172744751,368400,0.0,0.0
2023-05-11 00:00:00-04:00,2.217321605898181,2.234056092022704,2.158750704971541,2.183852434158325,570900,0.0,0.0
2023-05-12 00:00:00-04:00,2.2256888666223227,2.284259568522938,2.2173216234936635,2.250790596008301,588800,0.0,0.0
2023-05-15 00:00:00-04:00,2.2591575416095666,2.2675247836362735,2.225688573502738,2.2424230575561523,394600,0.0,0.0
2023-05-16 00:00:00-04:00,2.2424234769771094,2.2424234769771094,2.1336491107940674,2.1336491107940674,521600,0.0,0.0
2023-05-17 00:00:00-04:00,2.1420158705672234,2.1671175956726074,2.1420158705672234,2.1671175956726074,245900,0.0,0.0
2023-05-18 00:00:00-04:00,2.1420161724090576,2.158750658170784,2.1336489295281944,2.1420161724090576,339100,0.0,0.0
2023-05-19 00:00:00-04:00,2.158750704971541,2.1922196772205864,2.158750704971541,2.183852434158325,247300,0.0,0.0
2023-05-23 00:00:00-04:00,2.2926268904754963,2.367932081222534,2.2926268904754963,2.367932081222534,984600,0.0,0.0
2023-05-24 00:00:00-04:00,2.367931900061332,2.3762991428375244,2.3428301717327544,2.3762991428375244,406700,0.0,0.0
2023-05-25 00:00:00-04:00,2.3595645506468594,2.426502689321998,2.284259369064473,2.3260955810546875,884500,0.0,0.0
2023-05-26 00:00:00-04:00,2.384666692816063,2.4683393308478374,2.384666692816063,2.4516048431396484,946900,0.0,0.0
2023-05-29 00:00:00-04:00,2.4516045944159317,2.5018080524471853,2.4516045944159317,2.4850735664367676,130500,0.0,0.0
2023-05-30 00:00:00-04:00,2.4181353466041386,2.4516043148078026,2.3679316948078566,2.4097681045532227,444100,0.0,0.0
2023-05-31 00:00:00-04:00,2.3344630675459155,2.4683391594035813,2.309361337727131,2.4265029430389404,1677500,0.0,0.0
2023-06-01 00:00:00-04:00,2.4181353466041386,2.4516043148078026,2.3930334209606046,2.4097681045532227,200500,0.0,0.0
2023-06-02 00:00:00-04:00,2.4516045286535473,2.5101752281188965,2.443237285872783,2.5101752281188965,616000,0.0,0.0
2023-06-05 00:00:00-04:00,2.5018079368439343,2.5018079368439343,2.4432372385138996,2.468338966369629,424300,0.0,0.0
2023-06-06 00:00:00-04:00,2.4516045475326984,2.4683390332230943,2.426502818997104,2.4432373046875,335000,0.0,0.0
2023-06-07 00:00:00-04:00,2.4683390142150756,2.5101752281188965,2.4599717714343114,2.5101752281188965,558600,0.0,0.0
2023-06-08 00:00:00-04:00,2.5101752281188965,2.5101752281188965,2.4516045286535473,2.5101752281188965,442800,0.0,0.0
2023-06-09 00:00:00-04:00,2.4850735562685755,2.535277014094411,2.4767063132976026,2.518542528152466,612600,0.0,0.0
2023-06-12 00:00:00-04:00,2.4850735189134907,2.4850735189134907,2.434870061842302,2.4432373046875,197600,0.0,0.0
2023-06-13 00:00:00-04:00,2.459971973476455,2.4683392169444365,2.401401069709763,2.4348702430725098,447700,0.0,0.0
2023-06-14 00:00:00-04:00,2.443237471460391,2.4516047148767286,2.351197594389859,2.367932081222534,222200,0.0,0.0
2023-06-15 00:00:00-04:00,2.3679320244045323,2.3930337540512343,2.3511975379733974,2.359564781188965,238600,0.0,0.0
2023-06-16 00:00:00-04:00,2.367931727066625,2.367931727066625,2.3344627584070077,2.3511972427368164,400500,0.0,0.0
2023-06-19 00:00:00-04:00,2.359564781188965,2.3762992676200994,2.3511975379733974,2.359564781188965,26500,0.0,0.0
2023-06-20 00:00:00-04:00,2.351197433627274,2.351197433627274,2.3009939765618985,2.309361219406128,190600,0.0,0.0
2023-06-21 00:00:00-04:00,2.3344629850085212,2.401400928825285,2.3344629850085212,2.3846664428710938,460800,0.0,0.0
2023-06-22 00:00:00-04:00,2.34283029475783,2.3762992676200994,2.34283029475783,2.359564781188965,290400,0.0,0.0
2023-06-23 00:00:00-04:00,2.359564781188965,2.3762992676200994,2.34283029475783,2.359564781188965,296300,0.0,0.0
2023-06-26 00:00:00-04:00,2.317728379079902,2.4348699741863524,2.300993893991951,2.4014008045196533,432700,0.0,0.0
2023-06-27 00:00:00-04:00,2.384666510835667,2.401400997266802,2.34283029475783,2.359564781188965,344900,0.0,0.0
2023-06-28 00:00:00-04:00,2.334463119506836,2.3511976064251714,2.292626902210997,2.334463119506836,682600,0.0,0.0
2023-06-29 00:00:00-04:00,2.3260956861803694,2.384666385613717,2.292626715075599,2.3762991428375244,385100,0.0,0.0
2023-06-30 00:00:00-04:00,2.3679320244045323,2.3679320244045323,2.3093613218955604,2.359564781188965,434700,0.0,0.0
2023-07-04 00:00:00-04:00,2.3679317930449026,2.384666277840988,2.3177283386566447,2.3260955810546875,274600,0.0,0.0
2023-07-05 00:00:00-04:00,2.3428300738997248,2.3428300738997248,2.2842593769122,2.2926266193389893,211800,0.0,0.0
2023-07-06 00:00:00-04:00,2.284259557723999,2.3093612869913076,2.275892314634896,2.284259557723999,360700,0.0,0.0
2023-07-07 00:00:00-04:00,2.3009939670732016,2.359564666741276,2.3009939670732016,2.342830181121826,153600,0.0,0.0
2023-07-10 00:00:00-04:00,2.342830227985617,2.3846664428710938,2.3344629850085212,2.3846664428710938,109300,0.0,0.0
2023-07-11 00:00:00-04:00,2.3846661789096886,2.4097681045532227,2.3846661789096886,2.4097681045532227,290400,0.0,0.0
2023-07-12 00:00:00-04:00,2.426502931817702,2.485073634457341,2.426502931817702,2.4599719047546387,270800,0.0,0.0
2023-07-13 00:00:00-04:00,2.4683390235906524,2.4850735092157437,2.4432372951530152,2.4767062664031982,154100,0.0,0.0
2023-07-14 00:00:00-04:00,2.4683392169444365,2.4683392169444365,2.4097685126685646,2.4348702430725098,216900,0.0,0.0
2023-07-17 00:00:00-04:00,2.418135699766012,2.443237429584797,2.418135699766012,2.4265029430389404,522900,0.0,0.0
2023-07-18 00:00:00-04:00,2.4516045475326984,2.4934407617586887,2.4432373046875,2.4432373046875,638200,0.0,0.0
2023-07-19 00:00:00-04:00,2.459971916130653,2.476706402676509,2.4265029430389404,2.4265029430389404,206600,0.0,0.0
2023-07-20 00:00:00-04:00,2.4516044725496267,2.501807928085327,2.4432372299603435,2.501807928085327,857400,0.0,0.0
2023-07-21 00:00:00-04:00,2.4934408555463494,2.5352770713459565,2.4850736123864277,2.526909828186035,419200,0.0,0.0
2023-07-24 00:00:00-04:00,2.5269099971287416,2.560378972006077,2.510175509690074,2.552011728286743,219700,0.0,0.0
2023-07-25 00:00:00-04:00,2.5520116594875826,2.577113389968872,2.5269099290062935,2.577113389968872,276300,0.0,0.0
2023-07-26 00:00:00-04:00,2.5520113749225533,2.5520113749225533,2.5269096472402617,2.5352768898010254,132000,0.0,0.0
2023-07-27 00:00:00-04:00,2.543644132361789,2.5938475877263723,2.5352768898010254,2.5352768898010254,399600,0.0,0.0
2023-07-28 00:00:00-04:00,2.5352771725000567,2.593847876956398,2.5352771725000567,2.577113389968872,125200,0.0,0.0
2023-07-31 00:00:00-04:00,2.5854806213211594,2.6273170380843305,2.5771133778666893,2.6105823516845703,397900,0.0,0.0
2023-08-01 00:00:00-04:00,2.6022145504409604,2.6356837165754885,2.5771128254581472,2.627316474914551,315000,0.0,0.0
2023-08-02 00:00:00-04:00,2.6189498069285078,2.6189498069285078,2.5352771725000567,2.577113389968872,283000,0.0,0.0
2023-08-03 00:00:00-04:00,2.5938473087800227,2.6356837165754885,2.5687455837972095,2.627316474914551,154100,0.0,0.0
2023-08-04 00:00:00-04:00,2.627317120699688,2.652418851852417,2.627317120699688,2.652418851852417,178900,0.0,0.0
2023-08-08 00:00:00-04:00,2.610582310747331,2.677520456824238,2.585480580777547,2.6691532135009766,838600,0.0,0.0
2023-08-09 00:00:00-04:00,2.6858871615665714,2.6858871615665714,2.635683711693927,2.660785436630249,244100,0.0,0.0
2023-08-10 00:00:00-04:00,2.652418851852417,2.6691533392875697,2.627317120699688,2.652418851852417,546700,0.0,0.0
2023-08-11 00:00:00-04:00,2.618949291255625,2.652418258640615,2.610581849918596,2.63568377494812,394400,0.0,0.0
2023-08-14 00:00:00-04:00,2.635683711693927,2.6775199199211306,2.5938473039759464,2.660785436630249,658800,0.0,0.0
2023-08-15 00:00:00-04:00,2.6356839827469214,2.6356839827469214,2.5854803282205707,2.602214813232422,385200,0.0,0.0
2023-08-16 00:00:00-04:00,2.5520113664507487,2.5854803365826986,2.5520113664507487,2.5687458515167236,299600,0.0,0.0
2023-08-17 00:00:00-04:00,2.577113446325702,2.602215177355921,2.568746202648962,2.5854806900024414,417100,0.0,0.0
2023-08-18 00:00:00-04:00,2.560378972006077,2.560378972006077,2.518542753409408,2.552011728286743,453100,0.0,0.0
2023-08-21 00:00:00-04:00,2.577113389968872,2.602215120450161,2.5603789029813457,2.577113389968872,309000,0.0,0.0
2023-08-22 00:00:00-04:00,2.602214545621387,2.719356128148334,2.602214545621387,2.660785436630249,714600,0.0,0.0
2023-08-23 00:00:00-04:00,2.635684377655926,2.635684377655926,2.5938479593670807,2.6189498901367188,405600,0.0,0.0
2023-08-24 00:00:00-04:00,2.593847876956398,2.593847876956398,2.5520116594875826,2.577113389968872,665100,0.0,0.0
2023-08-25 00:00:00-04:00,2.602215190056133,2.6607860955699936,2.585480702620981,2.652418851852417,419500,0.0,0.0
2023-08-28 00:00:00-04:00,2.660786026533584,2.6942550005355077,2.6440515395326227,2.677520513534546,246300,0.0,0.0
2023-08-29 00:00:00-04:00,2.6858878135681152,2.7026223009213077,2.6691533262149227,2.6858878135681152,318400,0.0,0.0
2023-08-30 00:00:00-04:00,2.6691533262149227,2.7109895445979038,2.6691533262149227,2.6858878135681152,244800,0.0,0.0
2023-08-31 00:00:00-04:00,2.694254808156144,2.7193565368652344,2.6607858365440245,2.7193565368652344,881800,0.0,0.0
2023-09-01 00:00:00-04:00,2.7193563561332925,2.7360908408271567,2.677520144398631,2.7277235984802246,575500,0.0,0.0
2023-09-05 00:00:00-04:00,2.7360908902373575,2.7779271027275256,2.7026219202452233,2.769559860229492,1039500,0.0,0.0
2023-09-06 00:00:00-04:00,2.7611929238170725,2.7695601672426373,2.7444584369659424,2.7444584369659424,389600,0.0,0.0
2023-09-07 00:00:00-04:00,2.7562953093292943,2.7562953093292943,2.705565996038783,2.72247576713562,309100,0.034,0.0
2023-09-08 00:00:00-04:00,2.714020711385235,2.756295136476209,2.714020711385235,2.7393853664398193,602200,0.0,0.0
2023-09-11 00:00:00-04:00,2.7393853664398193,2.773204906512599,2.7393853664398193,2.7393853664398193,260400,0.0,0.0
2023-09-12 00:00:00-04:00,2.7478403008567125,2.7901147267076665,2.7478403008567125,2.7816598415374756,275600,0.0,0.0
2023-09-13 00:00:00-04:00,2.7732049563672847,2.7901147267076665,2.7647500711970943,2.7816598415374756,234800,0.0,0.0
2023-09-14 00:00:00-04:00,2.7816596715347433,2.8239340948020715,2.7816596715347433,2.798569440841675,310100,0.0,0.0
2023-09-15 00:00:00-04:00,2.8154795365087297,2.8154795365087297,2.764750222707579,2.7901148796081543,274500,0.0,0.0
2023-09-18 00:00:00-04:00,2.8154793876734976,2.8154793876734976,2.6548365691286127,2.6632914543151855,449200,0.0,0.0
2023-09-19 00:00:00-04:00,2.6717460952029497,2.697110748443378,2.5787421650743667,2.6125617027282715,589800,0.0,0.0
2023-09-20 00:00:00-04:00,2.5871972360958053,2.646381632839304,2.561832581025889,2.5702874660491943,392200,0.0,0.0
2023-09-21 00:00:00-04:00,2.604106988389739,2.6802011546611006,2.5871972184584053,2.5956521034240723,395800,0.0,0.0
2023-09-22 00:00:00-04:00,2.6210168934680045,2.67174640745812,2.6210168934680045,2.629471778869629,441500,0.0,0.0
2023-09-25 00:00:00-04:00,2.688656224941946,2.7732050804261315,2.688656224941946,2.72247576713562,559200,0.0,0.0
2023-09-26 00:00:00-04:00,2.7140205922070795,2.7140205922070795,2.6802010536193848,2.6802010536193848,285400,0.0,0.0
2023-09-27 00:00:00-04:00,2.5533776791251035,2.5533776791251035,2.392734663163768,2.4265542030334473,2299400,0.0,0.0
2023-09-28 00:00:00-04:00,2.1898172245678644,2.3335504707389285,2.1898172245678644,2.3081858158111572,1201900,0.0,0.0
2023-09-29 00:00:00-04:00,2.3673700106426243,2.3927346655703956,2.3081858158111572,2.3081858158111572,927100,0.0,0.0
2023-10-02 00:00:00-04:00,2.3335502605729035,2.358914913216264,2.232091649999462,2.2574563026428223,429500,0.0,0.0
2023-10-03 00:00:00-04:00,2.249001979827881,2.265911752477833,2.223637320852953,2.249001979827881,310500,0.0,0.0
2023-10-04 00:00:00-04:00,2.198272110271594,2.198272110271594,2.130633030441809,2.1390879154205322,353300,0.0,0.0
2023-10-05 00:00:00-04:00,2.1137232433346638,2.1898172075257833,2.0968134735144153,2.16445255279541,337800,0.0,0.0
2023-10-06 00:00:00-04:00,2.1644525356409434,2.198272075013403,2.139087881111599,2.189817190170288,332000,0.0,0.0
2023-10-10 00:00:00-04:00,2.265911340713501,2.2828211102905875,2.240546686347871,2.265911340713501,246600,0.0,0.0
2023-10-11 00:00:00-04:00,2.2828212841458466,2.2828212841458466,2.1729075719436137,2.198272228240967,688900,0.0,0.0
2023-10-12 00:00:00-04:00,2.2236369139031598,2.249001568236079,2.181362288434607,2.215181827545166,348500,0.0,0.0
2023-10-13 00:00:00-04:00,2.2490015193979587,2.2574564039919967,2.206726894847419,2.2236368656158447,197500,0.0,0.0
2023-10-16 00:00:00-04:00,2.2574563026428223,2.265911186857276,2.240546534213915,2.2574563026428223,178000,0.0,0.0
2023-10-17 00:00:00-04:00,2.249001788478861,2.2997311021125775,2.249001788478861,2.291276216506958,299700,0.0,0.0
2023-10-18 00:00:00-04:00,2.2912760458593096,2.3081858158111572,2.265911390931538,2.3081858158111572,260500,0.0,0.0
2023-10-19 00:00:00-04:00,2.2659114083544103,2.3166407186000173,2.257456523313476,2.2828211784362793,266400,0.0,0.0
2023-10-20 00:00:00-04:00,2.2743660007319138,2.282820884684881,2.240546464920044,2.240546464920044,177500,0.0,0.0
2023-10-23 00:00:00-04:00,2.2151819498545953,2.2151819498545953,2.1475428678988413,2.1559977531433105,234800,0.0,0.0
2023-10-24 00:00:00-04:00,2.16445255279541,2.1982720924359076,2.155997667885286,2.16445255279541,276400,0.0,0.0
2023-10-25 00:00:00-04:00,2.164452620171564,2.189817275691501,2.1559977349982518,2.1813623905181885,223200,0.0,0.0
2023-10-26 00:00:00-04:00,2.164452467869128,2.1898171216042726,2.139087814133984,2.1729073524475098,299200,0.0,0.0
2023-10-27 00:00:00-04:00,2.164452620171564,2.206727046038125,2.164452620171564,2.1813623905181885,204800,0.0,0.0
2023-10-30 00:00:00-04:00,2.1729074377055344,2.1982720924359076,2.155997667885286,2.16445255279541,159300,0.0,0.0
2023-10-31 00:00:00-04:00,2.181362322615659,2.1898172075257833,2.1475427829751617,2.16445255279541,335800,0.0,0.0
2023-11-01 00:00:00-04:00,2.1813624573760646,2.198272228240967,2.1644526865111624,2.198272228240967,224500,0.0,0.0
2023-11-02 00:00:00-04:00,2.189817021093866,2.215181673664798,2.181362136903555,2.2067267894744873,305700,0.0,0.0
2023-11-03 00:00:00-04:00,2.2151816114808076,2.240546464920044,2.1982718435748727,2.240546464920044,283300,0.0,0.0
2023-11-06 00:00:00-05:00,2.2997311021125775,2.308185987718197,2.249001788478861,2.291276216506958,451300,0.0,0.0
2023-11-07 00:00:00-05:00,2.2490014120063804,2.265911180387002,2.1982719052841766,2.2067267894744873,393600,0.0,0.0
2023-11-08 00:00:00-05:00,2.1982720061826537,2.1982720061826537,2.155997583290747,2.1729073524475098,265500,0.0,0.0
2023-11-09 00:00:00-05:00,2.1982719052841766,2.2405465278160697,2.1982719052841766,2.2067267894744873,288800,0.0,0.0
2023-11-10 00:00:00-05:00,2.2236367594354483,2.2236367594354483,2.1644523685229338,2.2067267894744873,145500,0.0,0.0
2023-11-13 00:00:00-05:00,2.215181779441457,2.2320917502098827,2.189817125659343,2.2236368656158447,247100,0.0,0.0
2023-11-14 00:00:00-05:00,2.223636697014109,2.2659111167789465,2.2067267275278404,2.240546464920044,270000,0.0,0.0
2023-11-15 00:00:00-05:00,2.215181827545166,2.2405466834584393,2.172907403656967,2.215181827545166,904800,0.0,0.0
2023-11-16 00:00:00-05:00,2.206727046038125,2.206727046038125,2.130633079478315,2.1813623905181885,740700,0.0,0.0
2023-11-17 00:00:00-05:00,2.189817125659343,2.2405466348039207,2.172907356471267,2.2236368656158447,241600,0.0,0.0
2023-11-20 00:00:00-05:00,2.249001979827881,2.257456866152857,2.206727346622611,2.249001979827881,214700,0.0,0.0
2023-11-21 00:00:00-05:00,2.223637086118689,2.223637086118689,2.189817342808516,2.198272228240967,229700,0.0,0.0
2023-11-22 00:00:00-05:00,2.147542953491211,2.1644527246541045,2.1137234111654237,2.147542953491211,518100,0.0,0.0
2023-11-23 00:00:00-05:00,2.155997583290747,2.1898171216042726,2.139087814133984,2.1729073524475098,70600,0.0,0.0
2023-11-24 00:00:00-05:00,2.1982719052841766,2.232091643625759,2.1982719052841766,2.2067267894744873,77900,0.0,0.0
2023-11-27 00:00:00-05:00,2.2151818446996323,2.2151818446996323,2.1644525356409434,2.189817190170288,143600,0.0,0.0
2023-11-28 00:00:00-05:00,2.1813624088767183,2.206727064610126,2.1559977531433105,2.1559977531433105,212900,0.0,0.0
2023-11-29 00:00:00-05:00,2.1729073524475098,2.1898171216042726,2.155997583290747,2.1729073524475098,327900,0.0,0.0
2023-11-30 00:00:00-05:00,2.130633030441809,2.1475428003992554,2.1137232604843628,2.1390879154205322,393500,0.0,0.0
2023-12-01 00:00:00-05:00,2.1306331823283173,2.1559978390726577,2.1137234111654237,2.147542953491211,186600,0.0,0.0
2023-12-04 00:00:00-05:00,2.1475427829751617,2.16445255279541,2.1221781282447885,2.16445255279541,408900,0.0,0.0
2023-12-05 00:00:00-05:00,2.139087847115238,2.1475427318239797,2.1137231929890117,2.122178077697754,340400,0.0,0.0
2023-12-06 00:00:00-05:00,2.113723402470468,2.113723402470468,2.0460843180971318,2.054539203643799,344400,0.0,0.0
2023-12-07 00:00:00-05:00,2.0799038410186768,2.1052684974237375,2.0629940700819698,2.0799038410186768,332300,0.0,0.0
2023-12-08 00:00:00-05:00,2.0883587264870305,2.1052684974237375,2.0629940700819698,2.0799038410186768,226100,0.0,0.0
2023-12-11 00:00:00-05:00,2.0714489070018067,2.0714489070018067,2.0376293659210205,2.0376293659210205,181600,0.0,0.0
2023-12-12 00:00:00-05:00,2.0291746907642723,2.0376295769099406,1.9615354000185388,1.9784451723098755,487300,0.0,0.0
2023-12-13 00:00:00-05:00,1.969990229296893,2.046084403991699,1.9446255715920844,2.046084403991699,307500,0.0,0.0
2023-12-14 00:00:00-05:00,2.071448955550323,2.0968136119553837,2.054539184613616,2.0799038410186768,210200,0.0,0.0
2023-12-15 00:00:00-05:00,2.0629937648773193,2.0629937648773193,2.012264459572223,2.0629937648773193,307600,0.0,0.0
2023-12-18 00:00:00-05:00,2.0799034342744505,2.13063273716399,2.0799034342744505,2.096813201904297,314400,0.0,0.0
2023-12-19 00:00:00-05:00,2.0968134905269165,2.1390879154205322,2.0968134905269165,2.1390879154205322,283200,0.0,0.0
2023-12-20 00:00:00-05:00,2.139087847115238,2.139087847115238,2.10526830828027,2.122178077697754,212200,0.0,0.0
2023-12-21 00:00:00-05:00,2.130633030441809,2.1644525703567017,2.122178145463086,2.1390879154205322,219400,0.0,0.0
2023-12-22 00:00:00-05:00,2.147542953491211,2.1559978390726577,2.1221782967468705,2.147542953491211,137900,0.0,0.0
2023-12-27 00:00:00-05:00,2.1475428678988413,2.16445263838778,2.1221782121654336,2.1559977531433105,121200,0.0,0.0
2023-12-28 00:00:00-05:00,2.1475425760082545,2.1475425760082545,2.113723039627075,2.113723039627075,153700,0.0,0.0
2023-12-29 00:00:00-05:00,2.1137231244093995,2.122178008843823,2.0968133555405517,2.1052682399749756,94400,0.0,0.0
2024-01-02 00:00:00-05:00,2.1137231244093995,2.1475426621470945,2.1052682399749756,2.1052682399749756,155500,0.0,0.0
2024-01-03 00:00:00-05:00,2.096813201904297,2.1137229695341437,2.071448550459527,2.096813201904297,263600,0.0,0.0
2024-01-04 00:00:00-05:00,2.1052681859648996,2.1052681859648996,2.0460839964422872,2.0629937648773193,194200,0.0,0.0
2024-01-05 00:00:00-05:00,2.054539184613616,2.0799038410186768,2.0460842991452624,2.0799038410186768,89000,0.0,0.0
2024-01-08 00:00:00-05:00,2.046084251191217,2.046084251191217,2.029174480650824,2.0376293659210205,142200,0.0,0.0
2024-01-09 00:00:00-05:00,2.0376291431652627,2.0460840275111623,2.0122644901275635,2.0122644901275635,146300,0.0,0.0
2024-01-10 00:00:00-05:00,2.1137233269209643,2.1559977531433105,2.1137233269209643,2.1559977531433105,761200,0.0,0.0
2024-01-11 00:00:00-05:00,2.181362322615659,2.1898172075257833,2.155997667885286,2.16445255279541,321900,0.0,0.0
2024-01-12 00:00:00-05:00,2.1982723962107653,2.240547028183591,2.172907737975301,2.2320921421051025,426200,0.0,0.0
2024-01-15 00:00:00-05:00,2.215182232947587,2.249001979827881,2.206727346622611,2.249001979827881,167700,0.0,0.0
2024-01-16 00:00:00-05:00,2.2151817753394165,2.2151817753394165,2.1729073524475098,2.1729073524475098,275200,0.0,0.0
2024-01-17 00:00:00-05:00,2.16445263838778,2.16445263838778,2.1137233269209643,2.1559977531433105,273400,0.0,0.0
2024-01-18 00:00:00-05:00,2.1559978390726577,2.1559978390726577,2.1306331823283173,2.147542953491211,163800,0.0,0.0
2024-01-19 00:00:00-05:00,2.1306331823283173,2.1559978390726577,2.1306331823283173,2.147542953491211,138900,0.0,0.0
2024-01-22 00:00:00-05:00,2.1306329295556026,2.181362237025891,2.1221780449772214,2.1729073524475098,213200,0.0,0.0
2024-01-23 00:00:00-05:00,2.1729076102355513,2.1982722669798918,2.147542953491211,2.147542953491211,237900,0.0,0.0
2024-01-24 00:00:00-05:00,2.181362322615659,2.1898172075257833,2.155997667885286,2.16445255279541,204300,0.0,0.0
2024-01-25 00:00:00-05:00,2.1729075719436137,2.2067271136734177,2.1644526865111624,2.198272228240967,148000,0.0,0.0
2024-01-26 00:00:00-05:00,2.189817510132277,2.240547028183591,2.189817510132277,2.2320921421051025,181500,0.0,0.0
2024-01-29 00:00:00-05:00,2.2236369139031598,2.2405466834584393,2.2067269427675265,2.215181827545166,131800,0.0,0.0
2024-01-30 00:00:00-05:00,2.198272228240967,2.215181999105869,2.189817342808516,2.198272228240967,258800,0.0,0.0
2024-01-31 00:00:00-05:00,2.21518188022904,2.21518188022904,2.1390879154205322,2.1390879154205322,153300,0.0,0.0
2024-02-01 00:00:00-05:00,2.1475425760082545,2.1898169964847285,2.113723039627075,2.113723039627075,183000,0.0,0.0
2024-02-02 00:00:00-05:00,2.1306331735638016,2.1306331735638016,2.0460843180971318,2.054539203643799,216600,0.0,0.0
2024-02-05 00:00:00-05:00,2.071448955550323,2.1052684974237375,2.037629413676909,2.0799038410186768,225500,0.0,0.0
2024-02-06 00:00:00-05:00,2.0629939181025105,2.0968134574844606,2.0629939181025105,2.071448802947998,322600,0.0,0.0
2024-02-07 00:00:00-05:00,2.046084251225416,2.046084251225416,1.9699900822120098,1.9868998527526855,1054200,0.0,0.0
2024-02-08 00:00:00-05:00,1.9699899466844792,1.9953546007505047,1.953080177307129,1.953080177307129,211600,0.0,0.0
2024-02-09 00:00:00-05:00,1.9699901535944182,1.9699901535944182,1.9192608401342193,1.9446254968643188,315900,0.0,0.0
2024-02-12 00:00:00-05:00,1.9446254968643186,1.9699901535944182,1.927715725710919,1.9446254968643188,851800,0.0,0.0
2024-02-13 00:00:00-05:00,1.9192605169455823,1.9277154010985451,1.8938958644866941,1.8938958644866943,331800,0.0,0.0
2024-02-14 00:00:00-05:00,1.919260655170369,1.9530801942178966,1.919260655170369,1.927715539932251,188500,0.0,0.0
2024-02-15 00:00:00-05:00,1.927715725710919,1.9530803824410186,1.9108059545575193,1.9446254968643188,237000,0.0,0.0
2024-02-16 00:00:00-05:00,1.9361704416606043,1.9699899810044892,1.9277155568246331,1.961535096168518,211400,0.0,0.0
2024-02-20 00:00:00-05:00,1.944625033336371,1.9615348004590967,1.9108054990909198,1.9192603826522827,283100,0.0,0.0
2024-02-21 00:00:00-05:00,1.9361701497750083,1.953079916897734,1.9192603826522827,1.9192603826522827,289000,0.0,0.0
2024-02-22 00:00:00-05:00,1.927715539932251,1.9361704246941327,1.910805770408487,1.927715539932251,232400,0.0,0.0
2024-02-23 00:00:00-05:00,1.9108054990909198,1.9192603826522827,1.8854408484068312,1.9192603826522827,561300,0.0,0.0
2024-02-26 00:00:00-05:00,1.919260655170369,1.927715539932251,1.9023508856466051,1.927715539932251,199600,0.0,0.0
2024-02-27 00:00:00-05:00,1.6740690502858826,1.7755276828702953,1.6402495060910782,1.7670727968215942,1644100,0.0,0.0
2024-02-28 00:00:00-05:00,1.7501628405244112,1.8347118936932527,1.7501628405244112,1.8008923530578613,733000,0.0,0.0
2024-02-29 00:00:00-05:00,1.8093474286454836,1.8093474286454836,1.7163434805293878,1.7670727968215942,1040400,0.0,0.0
2024-03-01 00:00:00-05:00,1.7670726900578335,1.8516217470169067,1.7501629189820933,1.8516217470169067,429500,0.0,0.0
2024-03-04 00:00:00-05:00,1.8516214545118304,1.8516214545118304,1.8008921492984395,1.8093470335006714,310900,0.0,0.0
2024-03-05 00:00:00-05:00,1.7839821577072144,1.8093470115870476,1.7839821577072144,1.7839821577072144,306400,0.0,0.0
2024-03-06 00:00:00-05:00,1.81780207157135,1.8600764961608416,1.81780207157135,1.81780207157135,282800,0.0,0.0
2024-03-07 00:00:00-05:00,1.838419795036316,1.8727827474038328,1.838419795036316,1.838419795036316,152400,0.034,0.0
2024-03-08 00:00:00-05:00,1.8470107035329217,1.8470107035329217,1.7954660654067993,1.7954660654067993,178400,0.0,0.0
2024-03-11 00:00:00-04:00,1.786875326522341,1.821238282060175,1.786875326522341,1.7954660654067993,293500,0.0,0.0
2024-03-12 00:00:00-04:00,1.821238241030835,1.8384199232320497,1.7954660249580627,1.8040567636489868,370800,0.0,0.0
2024-03-13 00:00:00-04:00,1.8126474218240292,1.8470105798807168,1.8126474218240292,1.8212381601333618,367100,0.0,0.0
2024-03-14 00:00:00-04:00,1.8384199646484631,1.8384199646484631,1.786875326522341,1.7954660654067993,390300,0.0,0.0
2024-03-15 00:00:00-04:00,1.7954660654067993,1.821238282060175,1.7954660654067993,1.7954660654067993,290900,0.0,0.0
2024-03-18 00:00:00-04:00,1.8298290959055947,1.881373525554366,1.8212381528114427,1.8556013107299805,345800,0.0,0.0
2024-03-19 00:00:00-04:00,1.8813734069294696,1.9586900465276358,1.8813734069294696,1.932917833328247,699300,0.0,0.0
2024-03-20 00:00:00-04:00,1.9415088081185696,1.9844625020288407,1.9415088081185696,1.9586902856826782,300800,0.0,0.0
2024-03-21 00:00:00-04:00,1.97587172252989,1.9930531997399388,1.9586902453198414,1.9672809839248657,216700,0.0,0.0
2024-03-22 00:00:00-04:00,1.9672809451021875,1.9758716835376808,1.9500994682312012,1.9500994682312012,167600,0.0,0.0
2024-03-25 00:00:00-04:00,1.9758716821670532,2.001643897455655,1.9672809437375192,1.9758716821670532,239400,0.0,0.0
2024-03-26 00:00:00-04:00,2.0016440561807642,2.0360070126237924,1.9930533170700073,1.9930533170700073,351200,0.0,0.0
2024-03-27 00:00:00-04:00,1.9930530391776824,2.053188409387655,1.9930530391776824,2.0274159908294678,239600,0.0,0.0
2024-03-28 00:00:00-04:00,2.0360067287424144,2.061779147300601,2.0188252529165216,2.0274159908294678,248700,0.0,0.0
2024-04-01 00:00:00-04:00,2.0188254033612805,2.0617793009463248,2.010234664808144,2.0531885623931885,214800,0.0,0.0
2024-04-02 00:00:00-04:00,2.0789608146142706,2.11332376943114,2.0789608146142706,2.096142292022705,421800,0.0,0.0
2024-04-03 00:00:00-04:00,2.1133236485364915,2.13909586317482,2.1133236485364915,2.1219143867492676,382900,0.0,0.0
2024-04-04 00:00:00-04:00,2.1219143853776337,2.1734588146209717,2.1219143853776337,2.1734588146209717,350800,0.0,0.0
2024-04-05 00:00:00-04:00,2.1906400935337866,2.233593780697324,2.182049356101079,2.216412305831909,568600,0.0,0.0
2024-04-08 00:00:00-04:00,2.207821726590155,2.2335939407348633,2.1906402504936833,2.2335939407348633,315700,0.0,0.0
2024-04-09 00:00:00-04:00,2.233594185212951,2.2421849242014864,2.1648682733046676,2.1820497512817383,335600,0.0,0.0
2024-04-10 00:00:00-04:00,2.1734588146209717,2.199231029242641,2.1562773382065257,2.1734588146209717,282900,0.0,0.0
2024-04-11 00:00:00-04:00,2.1820495931104125,2.190640331476227,2.15627737801297,2.164868116378784,274500,0.0,0.0
2024-04-12 00:00:00-04:00,2.1906403756555566,2.1906403756555566,2.1047329902648926,2.1047329902648926,487600,0.0,0.0
2024-04-15 00:00:00-04:00,2.1648679569420892,2.1648679569420892,2.1219142682764414,2.14768648147583,331200,0.0,0.0
2024-04-16 00:00:00-04:00,2.1219144268823382,2.1476866420081127,2.104732950131822,2.11332368850708,261900,0.0,0.0
2024-04-17 00:00:00-04:00,2.1219143867492676,2.1648680778131486,2.0961421721109392,2.1219143867492676,319900,0.0,0.0
2024-04-18 00:00:00-04:00,2.1305051249620437,2.147686601387596,2.1047329103237153,2.1219143867492676,215900,0.0,0.0
2024-04-19 00:00:00-04:00,2.0961423035704105,2.113323781073498,2.0360069274902344,2.0360069274902344,426300,0.0,0.0
2024-04-22 00:00:00-04:00,2.0274162735130354,2.0531886956646828,1.9930533170700073,1.9930533170700073,496000,0.0,0.0
2024-04-23 00:00:00-04:00,1.9844624949809706,2.0445978710611463,1.9758717562294266,2.0360069274902344,335700,0.0,0.0
2024-04-24 00:00:00-04:00,2.0016438961029053,2.0102346345266335,1.9844624192554488,2.0016438961029053,299500,0.0,0.0
2024-04-25 00:00:00-04:00,2.001643617805108,2.0789604576883027,2.001643617805108,2.0703697204589844,338500,0.0,0.0
2024-04-26 00:00:00-04:00,2.0875512791116555,2.173458654869608,2.0875512791116555,2.1562771797180176,402400,0.0,0.0
2024-04-29 00:00:00-04:00,2.1734589317554986,2.1992311477661133,2.156277454415089,2.1992311477661133,531400,0.0,0.0
2024-04-30 00:00:00-04:00,2.1648681600383575,2.1648681600383575,2.1047329902648926,2.1047329902648926,438100,0.0,0.0
2024-05-01 00:00:00-04:00,2.1219143069202673,2.1390957826994312,2.070369879582774,2.0875513553619385,322300,0.0,0.0
2024-05-02 00:00:00-04:00,2.1047330307269227,2.130505246839575,2.0789608146142706,2.096142292022705,276100,0.0,0.0
2024-05-03 00:00:00-04:00,2.113323569030685,2.1219143069202673,2.0875513553619385,2.0875513553619385,304600,0.0,0.0
2024-05-06 00:00:00-04:00,2.130504846572876,2.164867794933837,2.1219141094826357,2.130504846572876,245300,0.0,0.0
2024-05-07 00:00:00-04:00,2.1476866829602246,2.1476866829602246,2.1047329902648926,2.1047329902648926,189300,0.0,0.0
2024-05-08 00:00:00-04:00,2.0961422141760724,2.164868121257465,2.0531885222502018,2.061779260635376,455300,0.0,0.0
2024-05-09 00:00:00-04:00,2.0703698852135477,2.104732836865333,2.0188252529165216,2.0274159908294678,700100,0.0,0.0
2024-05-10 00:00:00-04:00,2.087551553318488,2.130505246839575,2.070370075910053,2.096142292022705,450100,0.0,0.0
2024-05-13 00:00:00-04:00,2.104732669376257,2.1133234066055753,2.0617789832296665,2.0703697204589844,486000,0.0,0.0
2024-05-14 00:00:00-04:00,2.087551553318488,2.1047330307269227,2.0617793372058357,2.096142292022705,490800,0.0,0.0
2024-05-15 00:00:00-04:00,2.087551475790898,2.0961422141760724,2.044597783865028,2.061779260635376,662600,0.0,0.0
2024-05-16 00:00:00-04:00,2.0703698852135477,2.113323574778279,2.0274159908294678,2.0274159908294678,586300,0.0,0.0
2024-05-17 00:00:00-04:00,2.0617793009463248,2.0789607780525974,2.0188254033612805,2.0531885623931885,383600,0.0,0.0
2024-05-21 00:00:00-04:00,2.0961420550770526,2.1648679569420892,2.0961420550770526,2.14768648147583,757800,0.0,0.0
2024-05-22 00:00:00-04:00,2.1305048810642115,2.1305048810642115,2.0617789832296665,2.0703697204589844,755100,0.0,0.0
2024-05-23 00:00:00-04:00,2.096141932146939,2.1133234066055753,2.0617789832296665,2.0703697204589844,271900,0.0,0.0
2024-05-24 00:00:00-04:00,2.0789606174723563,2.0961420932515207,2.070369879582774,2.0875513553619385,232800,0.0,0.0
2024-05-27 00:00:00-04:00,2.130505006009571,2.1820494324083484,2.113323530543312,2.14768648147583,298000,0.0,0.0
2024-05-28 00:00:00-04:00,2.147686442142222,2.1562771797180176,2.1133234918390413,2.1562771797180176,291500,0.0,0.0
2024-05-29 00:00:00-04:00,2.14768648147583,2.173458694675219,2.1219142682764414,2.14768648147583,373900,0.0,0.0
2024-05-30 00:00:00-04:00,2.147686442142222,2.1820493924454034,2.1219142294148363,2.1562771797180176,436500,0.0,0.0
2024-05-31 00:00:00-04:00,2.1562772600198254,2.242184638977051,2.1476865221241033,2.242184638977051,929300,0.0,0.0
2024-06-03 00:00:00-04:00,2.199231029242641,2.2250032438643097,2.1390958617920797,2.1734588146209717,776600,0.0,0.0
2024-06-04 00:00:00-04:00,2.164868118758629,2.164868118758629,2.104732950131822,2.11332368850708,631600,0.0,0.0
2024-06-05 00:00:00-04:00,2.1476863207533565,2.156277057843597,2.1133233723923954,2.130504846572876,307900,0.0,0.0
2024-06-06 00:00:00-04:00,2.1219142682764414,2.1562772192089597,2.1219142682764414,2.14768648147583,236900,0.0,0.0
2024-06-07 00:00:00-04:00,2.1390959036328545,2.164868118758629,2.104732950131822,2.11332368850708,261900,0.0,0.0
2024-06-10 00:00:00-04:00,2.1219143074501874,2.1562772590170978,2.11332356955846,2.1390957832336426,392000,0.0,0.0
2024-06-11 00:00:00-04:00,2.11332368850708,2.1305051652575964,2.096142211756564,2.11332368850708,239900,0.0,0.0
2024-06-12 00:00:00-04:00,2.1219144268823382,2.1390959036328545,2.104732950131822,2.11332368850708,565600,0.0,0.0
2024-06-13 00:00:00-04:00,2.08755155776355,2.08755155776355,2.018825443164104,2.044597864151001,460400,0.0,0.0
2024-06-14 00:00:00-04:00,2.044597956553926,2.044597956553926,1.9844625779592504,1.9930533170700073,321800,0.0,0.0
2024-06-17 00:00:00-04:00,2.010234515003575,2.0360067287424144,2.001643777090629,2.0274159908294678,346600,0.0,0.0
2024-06-18 00:00:00-04:00,2.036006849797818,2.0531885314646345,1.993053157679177,2.0016438961029053,254900,0.0,0.0
2024-06-19 00:00:00-04:00,2.0188253729503614,2.0445977930409063,1.993053157679177,2.0016438961029053,170600,0.0,0.0
2024-06-20 00:00:00-04:00,2.010234515003575,2.0445976714747087,2.001643777090629,2.0274159908294678,266000,0.0,0.0
2024-06-21 00:00:00-04:00,2.010234795291521,2.0188255344022785,1.9844625779592504,1.9930533170700073,781200,0.0,0.0
2024-06-24 00:00:00-04:00,2.0617793290428352,2.207821886436318,2.05318859037263,2.1992311477661133,927600,0.0,0.0
2024-06-25 00:00:00-04:00,2.156277421499291,2.156277421499291,2.1047329902648926,2.1047329902648926,605100,0.0,0.0
2024-06-26 00:00:00-04:00,2.104732993712006,2.104732993712006,2.044597823840052,2.0531885623931885,198400,0.0,0.0
2024-06-27 00:00:00-04:00,2.0875511949176206,2.0875511949176206,2.053188246000348,2.0703697204589844,235300,0.0,0.0
2024-06-28 00:00:00-04:00,2.1047330307269227,2.121914508135357,2.096142292022705,2.096142292022705,377300,0.0,0.0
2024-07-02 00:00:00-04:00,2.104733061236466,2.190640449523926,2.104733061236466,2.190640449523926,504900,0.0,0.0
2024-07-03 00:00:00-04:00,2.1648681930852938,2.233594102446933,2.1648681930852938,2.1992311477661133,319000,0.0,0.0
2024-07-04 00:00:00-04:00,2.1906402910354177,2.1906402910354177,2.1562773382065257,2.1734588146209717,38100,0.0,0.0
2024-07-05 00:00:00-04:00,2.164867794933837,2.164867794933837,2.130504846572876,2.130504846572876,180300,0.0,0.0
2024-07-08 00:00:00-04:00,2.130505045341915,2.14768652112537,2.130505045341915,2.1390957832336426,136500,0.0,0.0
2024-07-09 00:00:00-04:00,2.1305052058820917,2.1390959444211584,2.1047329902648926,2.1047329902648926,99600,0.0,0.0
2024-07-10 00:00:00-04:00,2.113323728803959,2.113323728803959,2.0875515131867597,2.1047329902648926,202700,0.0,0.0
2024-07-11 00:00:00-04:00,2.1047330307269227,2.1047330307269227,2.0789608146142706,2.096142292022705,174300,0.0,0.0
2024-07-12 00:00:00-04:00,2.113323728803959,2.1219144673430255,2.0961422517258264,2.1047329902648926,173100,0.0,0.0
2024-07-15 00:00:00-04:00,2.1047330307269227,2.11332376943114,2.087551553318488,2.096142292022705,188400,0.0,0.0
2024-07-16 00:00:00-04:00,2.0875513553619385,2.0961420932515207,2.0531884038036097,2.0875513553619385,448800,0.0,0.0
2024-07-17 00:00:00-04:00,2.0961420932515207,2.0961420932515207,2.044597665914028,2.0875513553619385,305700,0.0,0.0
2024-07-18 00:00:00-04:00,2.087551433898163,2.1219143867492676,2.0617792192598343,2.1219143867492676,514600,0.0,0.0
2024-07-19 00:00:00-04:00,2.0703699574726104,2.147686601387596,2.053188481047058,2.1219143867492676,537400,0.0,0.0
2024-07-22 00:00:00-04:00,2.113323728803959,2.113323728803959,2.0875515131867597,2.1047329902648926,831200,0.0,0.0
2024-07-23 00:00:00-04:00,2.104732635302155,2.156277057843597,2.0789604240314343,2.130504846572876,896600,0.0,0.0
2024-07-24 00:00:00-04:00,2.1133234066055753,2.1305048810642115,2.0703697204589844,2.0703697204589844,646300,0.0,0.0
2024-07-25 00:00:00-04:00,2.0617789832296665,2.0703697204589844,2.018825092263744,2.0703697204589844,509500,0.0,0.0
2024-07-26 00:00:00-04:00,2.07037008031853,2.07037008031853,2.0102347044415945,2.044597864151001,413200,0.0,0.0
2024-07-29 00:00:00-04:00,2.0102346345266335,2.0188253729503614,1.9758716808317207,2.0016438961029053,336200,0.0,0.0
2024-07-30 00:00:00-04:00,1.9844621419906616,2.0016436164375593,1.967280667543764,1.9844621419906616,294500,0.0,0.0
2024-07-31 00:00:00-04:00,2.0188252529165216,2.0360067287424144,2.010234515003575,2.0274159908294678,319100,0.0,0.0
2024-08-01 00:00:00-04:00,2.036006851173791,2.044597794422685,1.9758716821670532,1.9758716821670532,252300,0.0,0.0
2024-08-02 00:00:00-04:00,1.9500995543956992,1.9672810320258434,1.87278290506005,1.881373643875122,417900,0.0,0.0
2024-08-06 00:00:00-04:00,1.7525123315034425,1.821238241030835,1.7439215928125185,1.8040567636489868,612100,0.0,0.0
2024-08-07 00:00:00-04:00,1.8040567636489868,1.8470106619229738,1.7954660249580627,1.8040567636489868,322200,0.0,0.0
2024-08-08 00:00:00-04:00,1.8040566835146967,1.8384198415713844,1.778284468586699,1.8212381601333618,185800,0.0,0.0
2024-08-09 00:00:00-04:00,1.8384198415713844,1.8384198415713844,1.8040566835146967,1.8212381601333618,169300,0.0,0.0
2024-08-12 00:00:00-04:00,1.8470106509021287,1.8813736054607864,1.8470106509021287,1.8641921281814575,261300,0.0,0.0
2024-08-13 00:00:00-04:00,1.872782866821122,1.872782866821122,1.8470106509021287,1.8641921281814575,274000,0.0,0.0
2024-08-14 00:00:00-04:00,1.872782866821122,1.8899643441004506,1.8470106509021287,1.8641921281814575,377500,0.0,0.0
2024-08-15 00:00:00-04:00,1.8470105798807168,1.881373533118047,1.8212381601333618,1.8212381601333618,366700,0.0,0.0
2024-08-16 00:00:00-04:00,1.8126472234725954,1.8298289030304888,1.7954657487340369,1.8126472234725952,202500,0.0,0.0
2024-08-19 00:00:00-04:00,1.804056804291258,1.821238282060175,1.786875326522341,1.7954660654067993,375400,0.0,0.0
2024-08-20 00:00:00-04:00,1.7954659067545604,1.8126473830052754,1.76110295425313,1.7782844305038452,219700,0.0,0.0
2024-08-21 00:00:00-04:00,1.7782846314206988,1.7782846314206988,1.7525124141327904,1.7611031532287598,296100,0.0,0.0
2024-08-22 00:00:00-04:00,1.7611029546955086,1.7782844309505397,1.7525122165679932,1.7525122165679932,292700,0.0,0.0
2024-08-23 00:00:00-04:00,1.7696935366261992,1.8212379608418745,1.7525120618876409,1.8126472234725952,330900,0.0,0.0
2024-08-26 00:00:00-04:00,1.8470107035329217,1.8470107035329217,1.7782845876378823,1.7954660654067993,277400,0.0,0.0
2024-08-27 00:00:00-04:00,1.80405680991372,1.80405680991372,1.735330898623863,1.7439216375350952,378500,0.0,0.0
2024-08-28 00:00:00-04:00,1.7439216375350952,1.7611031153575594,1.7095586818901667,1.7439216375350952,225300,0.0,0.0
2024-08-29 00:00:00-04:00,1.7439216347779962,1.7782845903685978,1.7439216347779962,1.7696938514709473,130700,0.0,0.0
2024-08-30 00:00:00-04:00,1.7696938514709475,1.7782845903685978,1.735330895880346,1.7696938514709473,694200,0.0,0.0
2024-09-03 00:00:00-04:00,1.7267400706924054,1.7267400706924054,1.6322418451309204,1.6322418451309204,704100,0.0,0.0
2024-09-04 00:00:00-04:00,1.63224180511537,1.6751955988137375,1.63224180511537,1.640832543373108,369100,0.0,0.0
2024-09-05 00:00:00-04:00,1.6666049014139845,1.6666049014139845,1.6322418451309204,1.6322418451309204,156500,0.0,0.0
2024-09-06 00:00:00-04:00,1.6580141038004799,1.6837864222877057,1.5978789329528809,1.5978789329528809,630400,0.0,0.0
2024-09-09 00:00:00-04:00,1.6188805764444765,1.6276312738049974,1.5751269853253311,1.583877682685852,506000,0.034,0.0
2024-09-10 00:00:00-04:00,1.583877744465085,1.6013792441853145,1.5313735582540313,1.557625651359558,658800,0.0,0.0
2024-09-11 00:00:00-04:00,1.575126980025214,1.6188805709971337,1.5576255853630623,1.5926284790039062,273500,0.0,0.0
2024-09-12 00:00:00-04:00,1.6101299115740595,1.645132701722449,1.6013792140369623,1.6276313066482544,442500,0.0,0.0
2024-09-13 00:00:00-04:00,1.6451325416564941,1.6713846317135448,1.6276311482851271,1.6451325416564941,346300,0.0,0.0
2024-09-16 00:00:00-04:00,1.653883360321437,1.6626340576525127,1.5838776773562897,1.5926284790039062,615900,0.0,0.0
2024-09-17 00:00:00-04:00,1.5926285164998648,1.6276313066482544,1.5838777146462244,1.6276313066482544,432700,0.0,0.0
2024-09-18 00:00:00-04:00,1.6101298533332422,1.6101298533332422,1.5663762629138456,1.601379156112671,408700,0.0,0.0
2024-09-19 00:00:00-04:00,1.6188806295394897,1.6188806295394897,1.5663763393378214,1.6188806295394897,1000400,0.0,0.0
2024-09-20 00:00:00-04:00,1.6013791422261767,1.6013791422261767,1.4963706721733694,1.548874855041504,12047600,0.0,0.0
2024-09-23 00:00:00-04:00,1.5663761895570405,1.5926283843058469,1.5488747959355258,1.5751268863677979,707800,0.0,0.0
2024-09-24 00:00:00-04:00,1.6013792342444484,1.6276313271870104,1.5838777346328627,1.6188806295394897,329700,0.0,0.0
2024-09-25 00:00:00-04:00,1.5926285464834724,1.5926285464834724,1.557625651359558,1.557625651359558,204600,0.0,0.0
2024-09-26 00:00:00-04:00,1.5488748150726621,1.5576255119915388,1.5051213304782791,1.5138720273971558,564900,0.0,0.0
2024-09-27 00:00:00-04:00,1.5226227834156805,1.5401241779327393,1.5138720861571509,1.5401241779327393,279900,0.0,0.0
2024-09-30 00:00:00-04:00,1.5401241981976455,1.5401241981976455,1.513872106076633,1.5313735008239746,359700,0.0,0.0
2024-10-01 00:00:00-04:00,1.540124235707931,1.57512702605512,1.5313735381211337,1.5663763284683228,345700,0.0,0.0
2024-10-02 00:00:00-04:00,1.5838777236419173,1.6013792231320554,1.5313735381211337,1.5663763284683228,491600,0.0,0.0
2024-10-03 00:00:00-04:00,1.5663762433485562,1.6363819245552405,1.5663762433485562,1.6101298332214355,790300,0.0,0.0
2024-10-04 00:00:00-04:00,1.6363819245552405,1.6451326216665088,1.6101298332214355,1.6101298332214355,171600,0.0,0.0
2024-10-07 00:00:00-04:00,1.6276312863291642,1.645132681184874,1.6188805889013091,1.636381983757019,185900,0.0,0.0
2024-10-08 00:00:00-04:00,1.6188805764444765,1.6188805764444765,1.5663762879648102,1.583877682685852,483500,0.0,0.0
2024-10-09 00:00:00-04:00,1.5926283843058469,1.5926283843058469,1.5663761895570405,1.5751268863677979,401100,0.0,0.0
2024-10-10 00:00:00-04:00,1.566376282694138,1.5926284790039062,1.566376282694138,1.5926284790039062,251600,0.0,0.0
2024-10-11 00:00:00-04:00,1.5838776573549884,1.6188805505538137,1.5838776573549884,1.601379156112671,447500,0.0,0.0
2024-10-15 00:00:00-04:00,1.557625651359558,1.5663763490614004,1.5138721628503466,1.557625651359558,812400,0.0,0.0
2024-10-16 00:00:00-04:00,1.557625552186193,1.5663762493308822,1.5313734607521257,1.548874855041504,440300,0.0,0.0
2024-10-17 00:00:00-04:00,1.557625552186193,1.5663762493308822,1.548874855041504,1.548874855041504,154500,0.0,0.0
2024-10-18 00:00:00-04:00,1.5663761486277068,1.680135308511565,1.5663761486277068,1.6538832187652588,795200,0.0,0.0
2024-10-21 00:00:00-04:00,1.65388336588656,1.65388336588656,1.583877682685852,1.583877682685852,439200,0.0,0.0
2024-10-22 00:00:00-04:00,1.592628484362914,1.6013791817234349,1.5663762879648102,1.583877682685852,278600,0.0,0.0
2024-10-23 00:00:00-04:00,1.583877583178555,1.583877583178555,1.5488747959355258,1.5751268863677979,359300,0.0,0.0
2024-10-24 00:00:00-04:00,1.592628484362914,1.592628484362914,1.5576255906042893,1.583877682685852,144100,0.0,0.0
2024-10-25 00:00:00-04:00,1.5838776375710926,1.6101298332214355,1.5838776375710926,1.6101298332214355,108700,0.0,0.0
2024-10-28 00:00:00-04:00,1.575126946475571,1.575126946475571,1.5401241578968148,1.548874855041504,303000,0.0,0.0
2024-10-29 00:00:00-04:00,1.548874855041504,1.557625552186193,1.5401241578968148,1.548874855041504,451500,0.0,0.0
2024-10-30 00:00:00-04:00,1.5663763490614004,1.5663763490614004,1.5401242559558734,1.557625651359558,305300,0.0,0.0
2024-10-31 00:00:00-04:00,1.5576256308815255,1.5663763284683228,1.5313735381211337,1.5663763284683228,598400,0.0,0.0
2024-11-01 00:00:00-04:00,1.5576255929449871,1.5838776850659997,1.5313735008239746,1.5313735008239746,374000,0.0,0.0
2024-11-04 00:00:00-05:00,1.5751269404598245,1.6276312274439722,1.5751269404598245,1.6101298332214355,455900,0.0,0.0
2024-11-05 00:00:00-05:00,1.6188804515994437,1.6538832383421778,1.61012975491376,1.6451325416564941,459600,0.0,0.0
2024-11-06 00:00:00-05:00,1.6188804910098544,1.7063875643135153,1.6101297941111419,1.6801353693008423,915000,0.0,0.0
2024-11-07 00:00:00-05:00,1.6801353693008423,1.6801353693008423,1.6363818848072795,1.6801353693008423,227700,0.0,0.0
2024-11-08 00:00:00-05:00,1.6451326216665088,1.6451326216665088,1.592628438998899,1.6101298332214355,346700,0.0,0.0
2024-11-11 00:00:00-05:00,1.61888061830565,1.61888061830565,1.5576256308815255,1.5663763284683228,426800,0.0,0.0
2024-11-12 00:00:00-05:00,1.5576255724497983,1.575126966966857,1.5226227834156805,1.5401241779327393,223200,0.0,0.0
2024-11-13 00:00:00-05:00,1.5401242559558734,1.583877744465085,1.5051214651485043,1.557625651359558,621200,0.0,0.0
2024-11-14 00:00:00-05:00,1.6276312738049974,1.645132668526039,1.5576255906042893,1.583877682685852,298100,0.0,0.0
2024-11-15 00:00:00-05:00,1.6188804324368506,1.6713846119294629,1.6188804324368506,1.6538832187652588,986100,0.0,0.0
2024-11-18 00:00:00-05:00,1.6801353650289952,1.7588917412337008,1.6801353650289952,1.741390347480774,492800,0.0,0.0
2024-11-19 00:00:00-05:00,1.71513831615448,1.7501411048705995,1.71513831615448,1.71513831615448,348500,0.0,0.0
2024-11-20 00:00:00-05:00,1.7238889926799836,1.7938945692735015,1.7238889926799836,1.776393175125122,674600,0.0,0.0
2024-11-21 00:00:00-05:00,1.793894490183411,1.8288972769369503,1.7763930968066415,1.8113958835601807,664100,0.0,0.0
2024-11-22 00:00:00-05:00,1.793894490183411,1.8113958835601807,1.7763930968066415,1.8113958835601807,215700,0.0,0.0
2024-11-25 00:00:00-05:00,1.7938945698804485,1.8201466611119,1.7238889932632446,1.7238889932632446,656600,0.0,0.0
2024-11-26 00:00:00-05:00,1.7326397895812988,1.7501411847380322,1.7063876968461988,1.7326397895812988,490300,0.0,0.0
2024-11-27 00:00:00-05:00,1.7151382961860941,1.7413903874175456,1.7063875991089437,1.7238889932632446,279400,0.0,0.0
2024-11-28 00:00:00-05:00,1.70638761897545,1.7326397105125397,1.70638761897545,1.71513831615448,149100,0.0,0.0
2024-11-29 00:00:00-05:00,1.7238889932632446,1.7238889932632446,1.7063875991089437,1.7238889932632446,189100,0.0,0.0
2024-12-02 00:00:00-05:00,1.7063877272813697,1.715138425015814,1.6538834365581583,1.6626341342926025,296700,0.0,0.0
2024-12-03 00:00:00-05:00,1.6801354035609546,1.7238889932632446,1.6801354035609546,1.7238889932632446,497700,0.0,0.0
2024-12-04 00:00:00-05:00,1.715138483239242,1.7326398793022468,1.6801355867966836,1.688886284828186,307600,0.0,0.0
2024-12-05 00:00:00-05:00,1.6713847654625904,1.7063876593228902,1.6713847654625904,1.6976369619369507,363500,0.0,0.0
2024-12-06 00:00:00-05:00,1.6626341342926025,1.680135529761491,1.6451327388237138,1.6626341342926025,306000,0.0,0.0
2024-12-09 00:00:00-05:00,1.6801354231218215,1.7413904076915696,1.6801354231218215,1.71513831615448,442200,0.0,0.0
2024-12-10 00:00:00-05:00,1.7063875025744026,1.7063875025744026,1.6538832187652588,1.6538832187652588,228900,0.0,0.0
2024-12-11 00:00:00-05:00,1.6626341342926025,1.6888862274959355,1.6626341342926025,1.6626341342926025,193600,0.0,0.0
2024-12-12 00:00:00-05:00,1.680135529761491,1.680135529761491,1.6538834365581583,1.6626341342926025,224300,0.0,0.0
2024-12-13 00:00:00-05:00,1.6713847654625904,1.7063876593228902,1.6363819759188318,1.6976369619369507,692400,0.0,0.0
2024-12-16 00:00:00-05:00,1.688886005093667,1.688886005093667,1.6538832187652588,1.6538832187652588,329800,0.0,0.0
2024-12-17 00:00:00-05:00,1.636382024834531,1.636382024834531,1.610129931891969,1.6188806295394897,469900,0.0,0.0
2024-12-18 00:00:00-05:00,1.6538833992595463,1.671384794333741,1.6013792140369623,1.6276313066482544,309600,0.0,0.0
2024-12-19 00:00:00-05:00,1.6363819711655183,1.65388336588656,1.583877682685852,1.583877682685852,398200,0.0,0.0
2024-12-20 00:00:00-05:00,1.5838777346328627,1.636382024834531,1.5838777346328627,1.6188806295394897,249300,0.0,0.0
2024-12-23 00:00:00-05:00,1.610129891473454,1.6538833786127292,1.610129891473454,1.636381983757019,320100,0.0,0.0
2024-12-24 00:00:00-05:00,1.636381983757019,1.6626340760405842,1.636381983757019,1.636381983757019,168000,0.0,0.0
2024-12-27 00:00:00-05:00,1.6451327185219975,1.6888862066542805,1.6451327185219975,1.6713848114013672,217700,0.0,0.0
2024-12-30 00:00:00-05:00,1.68013546284853,1.7063876593228902,1.6713847654625904,1.6976369619369507,287500,0.0,0.0
2024-12-31 00:00:00-05:00,1.7063875991089437,1.750141084494696,1.7063875991089437,1.7238889932632446,279900,0.0,0.0
2025-01-02 00:00:00-05:00,1.785144048988391,1.8026454448699951,1.7763933510475889,1.8026454448699951,324800,0.0,0.0
2025-01-03 00:00:00-05:00,1.8026454448699951,1.8201468407515993,1.793894746929193,1.8026454448699951,206100,0.0,0.0
2025-01-06 00:00:00-05:00,1.8288975386924013,1.8551496325148076,1.8026454448699951,1.8026454448699951,285600,0.0,0.0
2025-01-07 00:00:00-05:00,1.828897317440169,1.8551494080867088,1.8113959236758093,1.8463987112045288,248900,0.0,0.0
2025-01-08 00:00:00-05:00,1.8376482366332034,1.8376482366332034,1.793894746929193,1.8026454448699951,281100,0.0,0.0
2025-01-09 00:00:00-05:00,1.8113959431667472,1.855149428048442,1.8113959431667472,1.8376480340957642,212000,0.0,0.0
2025-01-10 00:00:00-05:00,1.855149428048442,1.8726510306341928,1.828897337119425,1.8376480340957642,223800,0.0,0.0
2025-01-13 00:00:00-05:00,1.8551495307783352,1.8551495307783352,1.793894648551941,1.793894648551941,370000,0.0,0.0
2025-01-14 00:00:00-05:00,1.8026453280408532,1.8026453280408532,1.7413904464251573,1.7501411437988281,628400,0.0,0.0
2025-01-15 00:00:00-05:00,1.8113961371642522,1.863900533278492,1.793894741337204,1.8551496267318726,1648300,0.0,0.0
2025-01-16 00:00:00-05:00,1.8376480546444505,1.8376480546444505,1.776393175125122,1.776393175125122,359300,0.0,0.0
2025-01-17 00:00:00-05:00,1.7938947315806062,1.7938947315806062,1.7413905443850202,1.7588919401168823,858200,0.0,0.0
2025-01-20 00:00:00-05:00,1.7413904464251573,1.758891841172499,1.7413904464251573,1.7501411437988281,153300,0.0,0.0
2025-01-21 00:00:00-05:00,1.7501411437988281,1.758891841172499,1.7238890516778156,1.7501411437988281,389500,0.0,0.0
2025-01-22 00:00:00-05:00,1.7501411847380322,1.7588918823163988,1.7063876968461988,1.7326397895812988,330800,0.0,0.0
2025-01-23 00:00:00-05:00,1.7326396506043107,1.7501410443572374,1.715138256851384,1.741390347480774,234000,0.0,0.0
2025-01-24 00:00:00-05:00,1.7326398793022468,1.7326398793022468,1.688886284828186,1.688886284828186,256000,0.0,0.0
2025-01-27 00:00:00-05:00,1.688886284828186,1.6976370871762374,1.6538834927021768,1.688886284828186,424400,0.0,0.0
2025-01-28 00:00:00-05:00,1.688886284828186,1.7063877852077398,1.6713848887651814,1.688886284828186,366900,0.0,0.0
2025-01-29 00:00:00-05:00,1.6626340760405842,1.6888861683241494,1.636381983757019,1.636381983757019,281700,0.0,0.0
2025-01-30 00:00:00-05:00,1.6538832786047046,1.6801353693008423,1.6538832786047046,1.6801353693008423,217000,0.0,0.0
2025-01-31 00:00:00-05:00,1.6713848320270468,1.680135529761491,1.6451327388237138,1.6626341342926025,339400,0.0,0.0
2025-02-03 00:00:00-05:00,1.6451325416564941,1.6626339350278612,1.6363818449708107,1.6451325416564941,494500,0.0,0.0
2025-02-04 00:00:00-05:00,1.6363819372266721,1.7326397105125397,1.6363819372266721,1.71513831615448,524000,0.0,0.0
2025-02-05 00:00:00-05:00,1.6888862274959355,1.6976370295469252,1.6538834365581583,1.6626341342926025,1179000,0.0,0.0
2025-02-06 00:00:00-05:00,1.680135410111582,1.6888861072228503,1.6101298332214355,1.6101298332214355,1090900,0.0,0.0
2025-02-07 00:00:00-05:00,1.6451325416564941,1.6538832383421778,1.6276311482851271,1.6451325416564941,788700,0.0,0.0
2025-02-10 00:00:00-05:00,1.6626341342926025,1.6888862274959355,1.6626341342926025,1.6626341342926025,195900,0.0,0.0
2025-02-11 00:00:00-05:00,1.6976368059923006,1.6976368059923006,1.6538832187652588,1.6538832187652588,527800,0.0,0.0
2025-02-12 00:00:00-05:00,1.6626341342926025,1.680135529761491,1.6451327388237138,1.6626341342926025,345500,0.0,0.0
2025-02-13 00:00:00-05:00,1.6626341342926025,1.6976370295469252,1.6538834365581583,1.6626341342926025,367800,0.0,0.0
2025-02-14 00:00:00-05:00,1.6801355867966836,1.715138483239242,1.6713848887651814,1.688886284828186,657900,0.0,0.0
2025-02-18 00:00:00-05:00,1.6801353283992282,1.6888860250849118,1.6451325416564941,1.6451325416564941,519800,0.0,0.0
2025-02-19 00:00:00-05:00,1.6626341137749108,1.6713848114013672,1.6538834161484541,1.6713848114013672,1162100,0.0,0.0
2025-02-20 00:00:00-05:00,1.6626339153473608,1.6713846119294629,1.6363818256010547,1.6538832187652588,687300,0.0,0.0
2025-02-21 00:00:00-05:00,1.6626339350278612,1.6713846317135448,1.6363818449708107,1.6451325416564941,671700,0.0,0.0
2025-02-24 00:00:00-05:00,1.6713848114013672,1.6801355090278238,1.6538834161484541,1.6713848114013672,1177600,0.0,0.0
2025-02-25 00:00:00-05:00,1.6713847130003137,1.6713847130003137,1.6101298332214355,1.6101298332214355,530400,0.0,0.0
2025-02-26 00:00:00-05:00,1.645132701722449,1.6538833992595463,1.6276313066482544,1.6276313066482544,350400,0.0,0.0
2025-02-27 00:00:00-05:00,1.6451325416564941,1.6713846317135448,1.6276311482851271,1.6451325416564941,326600,0.0,0.0
2025-02-28 00:00:00-05:00,1.6801353693008423,1.715138261212228,1.6538832786047046,1.6801353693008423,4488700,0.0,0.0
2025-03-03 00:00:00-05:00,1.715138386335771,1.741390478947063,1.6013792140369623,1.6276313066482544,933800,0.0,0.0
2025-03-04 00:00:00-05:00,1.6101297358547486,1.688886005093667,1.5663761486277068,1.6538832187652588,567000,0.0,0.0
2025-03-05 00:00:00-05:00,1.636382096639172,1.688886284828186,1.636382096639172,1.688886284828186,696500,0.0,0.0
2025-03-06 00:00:00-05:00,1.6888862066542805,1.6976370085972812,1.636382020895541,1.6713848114013672,606100,0.0,0.0
2025-03-07 00:00:00-05:00,1.6888862274959355,1.7063877272813697,1.6538834365581583,1.6626341342926025,512500,0.0,0.0
2025-03-10 00:00:00-04:00,1.6626340760405842,1.6626340760405842,1.610129891473454,1.636381983757019,382400,0.0,0.0
2025-03-11 00:00:00-04:00,1.6276312477743853,1.6276312477743853,1.5838776573549884,1.601379156112671,364800,0.0,0.0
2025-03-12 00:00:00-04:00,1.6188804324368506,1.6626339153473608,1.6013790392726466,1.6538832187652588,308100,0.0,0.0
2025-03-13 00:00:00-04:00,1.6538832187652588,1.680135308511565,1.6451325221831568,1.6538832187652588,270400,0.0,0.0
2025-03-14 00:00:00-04:00,1.671384706483804,1.7238889932632446,1.6626340094066538,1.7238889932632446,582900,0.0,0.0
2025-03-17 00:00:00-04:00,1.7238889926799836,1.7851438721993118,1.7063875985316042,1.776393175125122,604100,0.0,0.0
2025-03-18 00:00:00-04:00,1.793894741337204,1.8551496267318726,1.793894741337204,1.8551496267318726,354700,0.0,0.0
2025-03-19 00:00:00-04:00,1.8201467785545111,1.846398871479845,1.8113960809127332,1.828897476196289,326400,0.0,0.0
2025-03-20 00:00:00-04:00,1.8288974050195135,1.8814017974599109,1.8288974050195135,1.8726511001586914,746900,0.0,0.0
2025-03-21 00:00:00-04:00,1.872651137892851,1.9076539278030396,1.846398836827125,1.9076539278030396,485900,0.0,0.0
2025-03-24 00:00:00-04:00,1.8901524042484992,1.8901524042484992,1.837648014322349,1.8463987112045288,514200,0.0,0.0
2025-03-25 00:00:00-04:00,1.8551496267318726,1.872651231192016,1.8463989288183484,1.8551496267318726,292500,0.0,0.0
2025-03-26 00:00:00-04:00,1.881401817841966,1.8989032126340053,1.8463988196248047,1.8639004230499268,815700,0.0,0.0
2025-03-27 00:00:00-04:00,1.8755665207376822,1.8755665207376822,1.8306965492285319,1.866592526435852,553800,0.053,0.0
2025-03-28 00:00:00-04:00,1.8576184891043332,1.8576184891043332,1.8306965068224614,1.848644495010376,407500,0.0,0.0
2025-03-31 00:00:00-04:00,1.8396705009164187,1.9024884595741198,1.8217225127285042,1.848644495010376,956700,0.0,0.0
2025-04-01 00:00:00-04:00,1.8576183319091797,1.875566318578302,1.8576183319091797,1.8576183319091797,296700,0.0,0.0
2025-04-02 00:00:00-04:00,1.866592526435852,1.8755665207376822,1.848644537832192,1.866592526435852,101200,0.0,0.0
2025-04-03 00:00:00-04:00,1.8037743868358167,1.8127483802446764,1.758904419791519,1.7678784132003784,653200,0.0,0.0
2025-04-04 00:00:00-04:00,1.6691645159657968,1.6691645159657968,1.5435284909333324,1.6153204441070557,1407800,0.0,0.0
2025-04-07 00:00:00-04:00,1.5166064561042745,1.5883984067980517,1.4807103737789409,1.543528437614441,1098200,0.0,0.0
2025-04-08 00:00:00-04:00,1.5704504128873562,1.5704504128873562,1.4986583555002655,1.5166064500808716,1048000,0.0,0.0
2025-04-09 00:00:00-04:00,1.471736308821586,1.5883983300398081,1.426866341806285,1.5614763498306274,1832500,0.0,0.0
2025-04-10 00:00:00-04:00,1.5345543802862562,1.5435283737516836,1.4717363190498236,1.498658299446106,1181500,0.0,0.0
2025-04-11 00:00:00-04:00,1.5076323120518078,1.5435283933476798,1.4986583184724502,1.5255804061889648,647400,0.0,0.0
2025-04-14 00:00:00-04:00,1.5435284066297876,1.5973723685692616,1.5255804193166296,1.5794243812561035,494900,0.0,0.0
2025-04-15 00:00:00-04:00,1.5883984128902935,1.5883984128902935,1.5525024374057272,1.5704504251480103,325100,0.0,0.0
2025-04-16 00:00:00-04:00,1.579424467520194,1.624294438253771,1.579424467520194,1.6153204441070557,294400,0.0,0.0
2025-04-17 00:00:00-04:00,1.633268518889733,1.6781384890604203,1.6242944178771481,1.6512165069580078,338800,0.0,0.0
2025-04-21 00:00:00-04:00,1.642242431640625,1.6512164252305923,1.6153203438922814,1.642242431640625,142100,0.0,0.0
2025-04-22 00:00:00-04:00,1.678138450724365,1.696086438382629,1.660190463066101,1.660190463066101,210500,0.0,0.0
2025-04-23 00:00:00-04:00,1.696086278921169,1.714034264892012,1.6691642999649048,1.6691642999649048,416900,0.0,0.0
2025-04-24 00:00:00-04:00,1.6871124885547584,1.7050604766811204,1.6691645004283961,1.6781384944915771,604000,0.0,0.0
2025-04-25 00:00:00-04:00,1.642242431640625,1.6601904188205594,1.633268438050658,1.642242431640625,165300,0.0,0.0
2025-04-28 00:00:00-04:00,1.6153204441070557,1.6422425335256505,1.6063464499603402,1.6153204441070557,388100,0.0,0.0
2025-04-29 00:00:00-04:00,1.6153204062785915,1.6512164890032677,1.6063464123420341,1.624294400215149,190300,0.0,0.0
2025-04-30 00:00:00-04:00,1.6153204441070557,1.624294438253771,1.579424467520194,1.6153204441070557,439300,0.0,0.0
2025-05-01 00:00:00-04:00,1.6063464065859803,1.6332684952776284,1.5973724126815796,1.5973724126815796,167300,0.0,0.0
2025-05-02 00:00:00-04:00,1.6242944178771481,1.6691644950262827,1.6153204238430106,1.6512165069580078,278400,0.0,0.0
2025-05-05 00:00:00-04:00,1.6332685393789352,1.6422425335256505,1.6153204441070557,1.6153204441070557,290100,0.0,0.0
2025-05-06 00:00:00-04:00,1.64224249506671,1.660190482939825,1.6063464123420341,1.624294400215149,367600,0.0,0.0
2025-05-07 00:00:00-04:00,1.6153204004903812,1.6153204004903812,1.579424424872778,1.5973724126815796,245700,0.0,0.0
2025-05-08 00:00:00-04:00,1.6332684952776284,1.6332684952776284,1.588398418777179,1.5973724126815796,220200,0.0,0.0
2025-05-09 00:00:00-04:00,1.6332685011301527,1.660190482939825,1.624294400215149,1.624294400215149,198700,0.0,0.0
2025-05-12 00:00:00-04:00,1.6871122859357477,1.7050602719065906,1.651216313994062,1.6691642999649048,375600,0.0,0.0
2025-05-13 00:00:00-04:00,1.6781384944915771,1.7140344707443016,1.6691645004283961,1.6781384944915771,360200,0.0,0.0
2025-05-14 00:00:00-04:00,1.6871124830945579,1.6960864771286952,1.6512165069580078,1.6512165069580078,425700,0.0,0.0
2025-05-15 00:00:00-04:00,1.714034264892012,1.714034264892012,1.6691642999649048,1.6691642999649048,312100,0.0,0.0
2025-05-16 00:00:00-04:00,1.6871124505996704,1.6871124505996704,1.6691644628770854,1.6871124505996704,267300,0.0,0.0
2025-05-20 00:00:00-04:00,1.651216444676138,1.7499304823067245,1.633268457284839,1.723008394241333,286500,0.0,0.0
2025-05-21 00:00:00-04:00,1.723008266590886,1.7409563596309292,1.6960862874984741,1.6960862874984741,244500,0.0,0.0
2025-05-22 00:00:00-04:00,1.696086444460963,1.7050604383222554,1.678138456738378,1.6871124505996704,200300,0.0,0.0
2025-05-23 00:00:00-04:00,1.723008394241333,1.740956488611075,1.7050604068500343,1.723008394241333,326800,0.0,0.0
2025-05-26 00:00:00-04:00,1.7589044124091984,1.7678784057803931,1.7050603452035906,1.740956425666809,361100,0.0,0.0
2025-05-27 00:00:00-04:00,1.7589045588928427,1.7678785530114023,1.7230084754401562,1.7319824695587158,245900,0.0,0.0
2025-05-28 00:00:00-04:00,1.742121762527834,1.8066448396060781,1.7329041957855225,1.7329041957855225,260600,0.051,0.0
2025-05-29 00:00:00-04:00,1.732904276023625,1.732904276023625,1.6960340073471867,1.7052515745162964,188700,0.0,0.0
2025-05-30 00:00:00-04:00,1.6775988380823876,1.6960339720367985,1.6315108933142943,1.6591635942459106,788300,0.0,0.0
2025-06-02 00:00:00-04:00,1.6960339679477456,1.7144691018577105,1.6683811572007328,1.6775988340377808,746100,0.0,0.0
2025-06-03 00:00:00-04:00,1.686816405059593,1.6960339720367985,1.6499460272687052,1.6591635942459106,975000,0.0,0.0
2025-06-04 00:00:00-04:00,1.6683811077131163,1.6775987842767492,1.6315108409868349,1.6499459743499756,415500,0.0,0.0
2025-06-05 00:00:00-04:00,1.659163541031546,1.659163541031546,1.6315108409868349,1.6499459743499756,138100,0.0,0.0
2025-06-06 00:00:00-04:00,1.6499460272687052,1.6683811612231163,1.6407284602914998,1.6591635942459106,360400,0.0,0.0
2025-06-09 00:00:00-04:00,1.686816405059593,1.686816405059593,1.6499460272687052,1.6591635942459106,357100,0.0,0.0
2025-06-10 00:00:00-04:00,1.6591636468722717,1.6868164585630627,1.649946079602698,1.6683812141418457,580000,0.0,0.0
2025-06-11 00:00:00-04:00,1.6775988380823876,1.6775988380823876,1.6499460272687052,1.6591635942459106,294900,0.0,0.0
2025-06-12 00:00:00-04:00,1.6775988380823876,1.686816405059593,1.6499460272687052,1.6591635942459106,1042000,0.0,0.0
2025-06-13 00:00:00-04:00,1.7052514976796733,1.723686631187227,1.622293287013618,1.631510853767395,2358700,0.0,0.0
2025-06-16 00:00:00-04:00,1.6499460272687052,1.6591635942459106,1.6499460272687052,1.6591635942459106,364500,0.0,0.0
2025-06-17 00:00:00-04:00,1.6591636468722717,1.6683812141418457,1.6407285123331241,1.6683812141418457,1207500,0.0,0.0
2025-06-18 00:00:00-04:00,1.6683811748203143,1.6868164188070371,1.64072847366333,1.64072847366333,863500,0.0,0.0
2025-06-19 00:00:00-04:00,1.659163541031546,1.659163541031546,1.6407284076684052,1.6499459743499756,140000,0.0,0.0
2025-06-20 00:00:00-04:00,1.6499459743499756,1.6499459743499756,1.6222932743052645,1.6499459743499756,309200,0.0,0.0
2025-06-23 00:00:00-04:00,1.6499459872749487,1.6591635540287255,1.6130757202598411,1.631510853767395,472600,0.0,0.0
2025-06-24 00:00:00-04:00,1.6130756798115233,1.6130756798115233,1.5854229802435917,1.6038581132888794,415200,0.0,0.0
2025-06-25 00:00:00-04:00,1.5946406126022339,1.6130757464086307,1.576205478795837,1.5946406126022339,429600,0.0,0.0
2025-06-26 00:00:00-04:00,1.576205478795837,1.6038581795054323,1.576205478795837,1.5946406126022339,243500,0.0,0.0
2025-06-27 00:00:00-04:00,1.5946405721315098,1.6038581388007735,1.5577703054544545,1.5669878721237183,282400,0.0,0.0
2025-06-30 00:00:00-04:00,1.56698782143119,1.56698782143119,1.539335012435913,1.539335012435913,250200,0.0,0.0
2025-07-02 00:00:00-04:00,1.5577702550601171,1.5762053878022628,1.5208998796937676,1.539335012435913,1779200,0.0,0.0
2025-07-03 00:00:00-04:00,1.5485525788069858,1.56698782143119,1.5301174460648403,1.539335012435913,982200,0.0,0.0
2025-07-04 00:00:00-04:00,1.5485525911876334,1.5485525911876334,1.5024647589637985,1.5208998918533325,2003400,0.0,0.0
2025-07-07 00:00:00-04:00,1.5116824959887785,1.557770443295297,1.5116824959887785,1.5301176309585571,3351900,0.0,0.0
2025-07-08 00:00:00-04:00,1.5301174582980994,1.5301174582980994,1.5116823254085654,1.5208998918533325,1114000,0.0,0.0
2025-07-09 00:00:00-04:00,1.5393351984434465,1.5393351984434465,1.5116824959887785,1.5301176309585571,730500,0.0,0.0
2025-07-10 00:00:00-04:00,1.5393350247428665,1.5485525911876334,1.5116823254085654,1.5208998918533325,3189500,0.0,0.0
2025-07-11 00:00:00-04:00,1.5485525788069858,1.5946405205444083,1.5301174460648403,1.539335012435913,5912900,0.0,0.0
2025-07-14 00:00:00-04:00,1.5669878755932563,1.576205442282929,1.5208999322628296,1.5485526323318481,4692600,0.0,0.0
2025-07-15 00:00:00-04:00,1.5577703352774053,1.5577703352774053,1.4840296906294947,1.511682391166687,3407800,0.0,0.0
2025-07-16 00:00:00-04:00,1.5301174460648403,1.56698782143119,1.5208998796937676,1.539335012435913,1181900,0.0,0.0
2025-07-17 00:00:00-04:00,1.5393351274356197,1.5854230726161522,1.5393351274356197,1.5577703714370728,760700,0.0,0.0
2025-07-18 00:00:00-04:00,1.5669878755932563,1.5854230089726018,1.5485526323318481,1.5485526323318481,381000,0.0,0.0
2025-07-21 00:00:00-04:00,1.5577703714370728,1.5854230726161522,1.5393351274356197,1.5577703714370728,756300,0.0,0.0
2025-07-22 00:00:00-04:00,1.5669879118926386,1.6315108802150275,1.5577703449894404,1.5946406126022339,732900,0.0,0.0
2025-07-23 00:00:00-04:00,1.6038581663571807,1.6315108668400822,1.6038581663571807,1.6130757331848145,594200,0.0,0.0
2025-07-24 00:00:00-04:00,1.6130757593598832,1.6591635942459106,1.6130757593598832,1.6591635942459106,467600,0.0,0.0
2025-07-25 00:00:00-04:00,1.6683811207825026,1.6775987974183426,1.622293287013618,1.631510853767395,742100,0.0,0.0
2025-07-28 00:00:00-04:00,1.622293339558674,1.6591636077679863,1.622293339558674,1.64072847366333,382900,0.0,0.0
2025-07-29 00:00:00-04:00,1.6591635942459106,1.6683811612231163,1.6499460272687052,1.6591635942459106,355700,0.0,0.0
2025-07-30 00:00:00-04:00,1.649946040715658,1.6591636077679863,1.631510906611002,1.64072847366333,591000,0.0,0.0
2025-07-31 00:00:00-04:00,1.622293339558674,1.6591636077679863,1.622293339558674,1.64072847366333,621300,0.0,0.0
2025-08-01 00:00:00-04:00,1.6407284205211718,1.6499459872749487,1.622293287013618,1.631510853767395,381100,0.0,0.0
2025-08-05 00:00:00-04:00,1.649946040715658,1.6591636077679863,1.622293339558674,1.64072847366333,291200,0.0,0.0
2025-08-06 00:00:00-04:00,1.6499460544682234,1.677598865737765,1.6222933530807495,1.6222933530807495,2131900,0.0,0.0
2025-08-07 00:00:00-04:00,1.64072847366333,1.6591636077679863,1.631510906611002,1.64072847366333,214100,0.0,0.0
2025-08-08 00:00:00-04:00,1.640728379379455,1.640728379379455,1.6038581132888794,1.6038581132888794,312300,0.0,0.0
2025-08-11 00:00:00-04:00,1.6222933810683005,1.6222933810683005,1.5854231119155884,1.5854231119155884,419100,0.0,0.0
2025-08-12 00:00:00-04:00,1.5946406126022339,1.6130757464086307,1.5854230456990355,1.5946406126022339,458900,0.0,0.0
2025-08-13 00:00:00-04:00,1.5854230726161522,1.5854230726161522,1.5577703714370728,1.5577703714370728,766400,0.0,0.0
2025-08-14 00:00:00-04:00,1.576205442282929,1.576205442282929,1.5208999322628296,1.5485526323318481,783500,0.0,0.0
2025-08-15 00:00:00-04:00,1.5577704100510545,1.5854231119155884,1.5485527328808069,1.5854231119155884,725300,0.0,0.0
2025-08-18 00:00:00-04:00,1.5946406792037664,1.5946406792037664,1.5485527328808069,1.5854231119155884,778400,0.0,0.0
2025-08-19 00:00:00-04:00,1.5854230456990355,1.5946406126022339,1.5577703449894404,1.5946406126022339,1097100,0.0,0.0
2025-08-20 00:00:00-04:00,1.6145854610295987,1.6335805654525757,1.60508790881811,1.6335805654525757,642900,0.051,0.0
2025-08-21 00:00:00-04:00,1.6145854045511259,1.6525756120681763,1.6145854045511259,1.6525756120681763,412700,0.0,0.0
2025-08-22 00:00:00-04:00,1.6715707311410422,1.7665463640235504,1.6715707311410422,1.7285561561584473,1273900,0.0,0.0
2025-08-25 00:00:00-04:00,1.7285562080561665,1.7380537603075943,1.7000634380821293,1.7095609903335571,650100,0.0,0.0
2025-08-26 00:00:00-04:00,1.7285562672442611,1.7475513723975349,1.6810683911413198,1.6905659437179565,1088800,0.0,0.0
2025-08-27 00:00:00-04:00,1.6905658858307016,1.7285562080561665,1.6905658858307016,1.7095609903335571,268100,0.0,0.0
2025-08-28 00:00:00-04:00,1.7190584909724211,1.7285561561584473,1.690565835073594,1.7285561561584473,228100,0.0,0.0
2025-08-29 00:00:00-04:00,1.70956104887123,1.719058601447867,1.6905659437179565,1.6905659437179565,312000,0.0,0.0
2025-09-02 00:00:00-04:00,1.7095609574063642,1.7190585094748632,1.6715707491323675,1.6810683012008667,856200,0.0,0.0
2025-09-03 00:00:00-04:00,1.6810683593796512,1.6905659117768437,1.6525757021880736,1.6620732545852661,985500,0.0,0.0
2025-09-04 00:00:00-04:00,1.6620732545852661,1.6620732545852661,1.6335805973936885,1.6620732545852661,730600,0.0,0.0
2025-09-05 00:00:00-04:00,1.6620732545852661,1.6715708069824586,1.643078149790881,1.6620732545852661,323400,0.0,0.0
2025-09-08 00:00:00-04:00,1.6620732545852661,1.6715708069824586,1.643078149790881,1.6620732545852661,284600,0.0,0.0
2025-09-09 00:00:00-04:00,1.6525756408047914,1.6620731928492067,1.6335805367159606,1.643078088760376,356000,0.0,0.0
2025-09-10 00:00:00-04:00,1.6525756734292425,1.6715707778930664,1.6525756734292425,1.6715707778930664,284900,0.0,0.0
2025-09-11 00:00:00-04:00,1.6620732256611546,1.6810683301249785,1.6620732256611546,1.6715707778930664,381700,0.0,0.0
2025-09-12 00:00:00-04:00,1.6905659437179565,1.70956104887123,1.6810683911413198,1.6905659437179565,269500,0.0,0.0
2025-09-15 00:00:00-04:00,1.719058632850647,1.7380538515706718,1.7095610801005143,1.719058632850647,540100,0.0,0.0
2025-09-16 00:00:00-04:00,1.7475513251445194,1.7950390867436552,1.7475513251445194,1.7855415344238281,593000,0.0,0.0
2025-09-17 00:00:00-04:00,1.776043978891278,1.7950390834965717,1.7380537696806906,1.7475513219833374,347800,0.0,0.0
2025-09-18 00:00:00-04:00,1.776043978891278,1.785541531193925,1.7380537696806906,1.7475513219833374,471200,0.0,0.0
2025-09-19 00:00:00-04:00,1.7475514043208045,1.7665465098210698,1.7095610801005143,1.719058632850647,628900,0.0,0.0
2025-09-22 00:00:00-04:00,1.719058632850647,1.7285562988205392,1.7095610801005143,1.719058632850647,204200,0.0,0.0
2025-09-23 00:00:00-04:00,1.7285561888533834,1.7760439495829738,1.7285561888533834,1.7570488452911377,287700,0.0,0.0
2025-09-24 00:00:00-04:00,1.7950390577316284,1.823531714230602,1.7855415055653037,1.7950390577316284,435600,0.0,0.0
2025-09-25 00:00:00-04:00,1.795039147606864,1.8140342528905729,1.7855415949650095,1.8045367002487183,262200,0.0,0.0
2025-09-26 00:00:00-04:00,1.8140342235565186,1.8425269942410945,1.8140342235565186,1.8140342235565186,232900,0.0,0.0
2025-09-29 00:00:00-04:00,1.804536609897953,1.8330292663969265,1.7855415055653037,1.7950390577316284,312300,0.0,0.0
2025-09-30 00:00:00-04:00,1.776043978891278,1.785541531193925,1.7475513219833374,1.7475513219833374,169900,0.0,0.0
2025-10-01 00:00:00-04:00,1.738053712626314,1.785541472580687,1.738053712626314,1.766546368598938,168000,0.0,0.0
2025-10-02 00:00:00-04:00,1.7665463640235504,1.7760439159898262,1.7095609390061455,1.7285561561584473,555800,0.0,0.0
2025-10-03 00:00:00-04:00,1.7285561888533834,1.7665463974370559,1.719058523487713,1.7570488452911377,205800,0.0,0.0
2025-10-06 00:00:00-04:00,1.7950391160659709,1.8140342210159142,1.7760440111160278,1.7760440111160278,391400,0.0,0.0
2025-10-07 00:00:00-04:00,1.7855415635909992,1.7855415635909992,1.7475513536911131,1.7760440111160278,146600,0.0,0.0
2025-10-08 00:00:00-04:00,1.766546368598938,1.766546368598938,1.7475512646171887,1.766546368598938,238400,0.0,0.0
2025-10-09 00:00:00-04:00,1.7475512600909988,1.7570488120572745,1.7190584909724211,1.7285561561584473,334200,0.0,0.0
2025-10-10 00:00:00-04:00,1.7095610165712287,1.7095610165712287,1.6620732545852661,1.6620732545852661,705100,0.0,0.0
2025-10-14 00:00:00-04:00,1.6620731639474389,1.6810682677059638,1.6430780601889137,1.6525756120681763,635100,0.0,0.0
2025-10-15 00:00:00-04:00,1.6620732220870416,1.6810683265100186,1.6335805654525757,1.6335805654525757,665600,0.0,0.0
2025-10-16 00:00:00-04:00,1.6430780263022582,1.6430780263022582,1.6145853712520997,1.6240829229354858,571300,0.0,0.0
2025-10-17 00:00:00-04:00,1.614585518836975,1.6240830713885066,1.5955903005141547,1.614585518836975,687300,0.0,0.0
2025-10-20 00:00:00-04:00,1.6335805654525757,1.6430781176640643,1.6145854610295987,1.6335805654525757,420800,0.0,0.0
2025-10-21 00:00:00-04:00,1.6240830713885066,1.6430781764915698,1.5955903005141547,1.614585518836975,717800,0.0,0.0
2025-10-22 00:00:00-04:00,1.6240830132410873,1.6430781176640643,1.60508790881811,1.6335805654525757,937800,0.0,0.0
2025-10-23 00:00:00-04:00,1.6525757021880736,1.6905659117768437,1.6525757021880736,1.6620732545852661,377500,0.0,0.0
2025-10-24 00:00:00-04:00,1.6715707491323675,1.6905658532693657,1.6620731970638685,1.6810683012008667,113100,0.0,0.0
2025-10-27 00:00:00-04:00,1.6905658823568905,1.6905658823568905,1.6525756734292425,1.6715707778930664,230100,0.0,0.0
2025-10-28 00:00:00-04:00,1.6525756120681763,1.6715707158267015,1.6430780601889137,1.6525756120681763,211800,0.0,0.0
2025-10-29 00:00:00-04:00,1.6525756120681763,1.6525756120681763,1.633580508309651,1.6525756120681763,241300,0.0,0.0
2025-10-30 00:00:00-04:00,1.6525756120681763,1.6715707158267015,1.633580508309651,1.6525756120681763,484100,0.0,0.0
2025-10-31 00:00:00-04:00,1.6715707311410422,1.7285561561584473,1.6620731791747665,1.7285561561584473,983600,0.0,0.0
2025-11-03 00:00:00-05:00,1.7095609390061455,1.7475512600909988,1.690565835073594,1.7285561561584473,487200,0.0,0.0
2025-11-04 00:00:00-05:00,1.7190585094748632,1.7190585094748632,1.6810683012008667,1.6810683012008667,375100,0.0,0.0
2025-11-05 00:00:00-05:00,1.6905659146126328,1.7095610194388808,1.681068362199509,1.7000634670257568,1019400,0.0,0.0
2025-11-06 00:00:00-05:00,1.7000634345888026,1.7000634345888026,1.6715707778930664,1.6715707778930664,368900,0.0,0.0
2025-11-07 00:00:00-05:00,1.6810683911413198,1.70956104887123,1.6715708385646828,1.6905659437179565,256600,0.0,0.0
2025-11-10 00:00:00-05:00,1.6525757049601373,1.7095610194388808,1.6525757049601373,1.7000634670257568,999700,0.0,0.0
2025-11-11 00:00:00-05:00,1.7095609390061455,1.7665463640235504,1.7095609390061455,1.7285561561584473,1301100,0.0,0.0
2025-11-12 00:00:00-05:00,1.7380537567362042,1.7380537567362042,1.6525756734292425,1.6715707778930664,1506700,0.0,0.0
2025-11-13 00:00:00-05:00,1.6810683866976963,1.7000634918007596,1.6050879662854434,1.614585518836975,2570600,0.0,0.0
2025-11-14 00:00:00-05:00,1.7000633870398696,1.738053708124723,1.681068283107318,1.7285561561584473,1213200,0.0,0.0
2025-11-17 00:00:00-05:00,1.7095609903335571,1.7380537603075943,1.7000634380821293,1.7095609903335571,776400,0.0,0.0
2025-11-18 00:00:00-05:00,1.6905658071981378,1.7475512312759198,1.6810682553884657,1.7380536794662476,580300,0.0,0.0
2025-11-19 00:00:00-05:00,1.7285561561584473,1.7285561561584473,1.690565835073594,1.7285561561584473,676100,0.0,0.0
2025-11-20 00:00:00-05:00,1.7475512312759198,1.7760438867049364,1.7190584626271546,1.7380536794662476,828200,0.0,0.0
2025-11-21 00:00:00-05:00,1.7204581106045296,1.7302334315089063,1.6911321478913997,1.7009074687957764,596300,0.052,0.0
2025-11-24 00:00:00-05:00,1.6911321485454405,1.6911321485454405,1.671581506729126,1.671581506729126,608200,0.0,0.0
2025-11-25 00:00:00-05:00,1.6715815046725955,1.6813568255687261,1.6324801045570554,1.642255425453186,626000,0.0,0.0
2025-11-26 00:00:00-05:00,1.652030862880334,1.6715815046725955,1.642255425453186,1.642255425453186,504600,0.0,0.0
2025-11-27 00:00:00-05:00,1.6813569089672347,1.6813569089672347,1.6520309448242188,1.6520309448242188,531100,0.0,0.0
2025-11-28 00:00:00-05:00,1.671581506729126,1.671581506729126,1.6422554274736372,1.671581506729126,685500,0.0,0.0
2025-12-01 00:00:00-05:00,1.6911321485454405,1.7009074694535977,1.671581506729126,1.671581506729126,451700,0.0,0.0
2025-12-02 00:00:00-05:00,1.6813568276372832,1.6813568276372832,1.6520308649128115,1.671581506729126,981400,0.0,0.0
2025-12-03 00:00:00-05:00,1.7009075076545674,1.7302334710376759,1.6911321865268647,1.7204581499099731,659700,0.0,0.0
2025-12-04 00:00:00-05:00,1.7693347542173201,1.7888855129890364,1.7497841119766235,1.7497841119766235,1600000,0.0,0.0
2025-12-05 00:00:00-05:00,1.769334715857172,1.7986607951134312,1.769334715857172,1.788885474205017,611400,0.0,0.0
2025-12-08 00:00:00-05:00,1.7888855530276222,1.8182115170450366,1.779110231688484,1.7986608743667603,677800,0.0,0.0
2025-12-09 00:00:00-05:00,1.808436194962318,1.808436194962318,1.7595594717557015,1.7693347930908203,435100,0.0,0.0
2025-12-10 00:00:00-05:00,1.7693347938183235,1.7986608743667603,1.7595594724791852,1.7986608743667603,390900,0.0,0.0
2025-12-11 00:00:00-05:00,1.7888855143805156,1.8084361566364195,1.7791101932525635,1.7791101932525635,325600,0.0,0.0
2025-12-12 00:00:00-05:00,1.7986608355084677,1.7986608355084677,1.7595594344656398,1.7791101932525635,471700,0.0,0.0
2025-12-15 00:00:00-05:00,1.7791101512544814,1.7791101512544814,1.7400087511346902,1.7595593929290771,478000,0.0,0.0
2025-12-16 00:00:00-05:00,1.7302334723845723,1.7400087935198847,1.6813568667080103,1.6911321878433228,788100,0.0,0.0
2025-12-17 00:00:00-05:00,1.7106828287822704,1.7302334710376759,1.681356865399162,1.7204581499099731,1184500,0.0,0.0
2025-12-18 00:00:00-05:00,1.7302334723845723,1.7302334723845723,1.6911321878433228,1.6911321878433228,286600,0.0,0.0
2025-12-19 00:00:00-05:00,1.6911321878433228,1.7106828301139476,1.6911321878433228,1.6911321878433228,411800,0.0,0.0
2025-12-22 00:00:00-05:00,1.7106828287822704,1.7302334710376759,1.7009075076545674,1.7204581499099731,725000,0.0,0.0
2025-12-23 00:00:00-05:00,1.720458188332149,1.7497841523701803,1.7106828669861385,1.74000883102417,303800,0.0,0.0
2025-12-24 00:00:00-05:00,1.74000883102417,1.7497841523701803,1.7302335096781594,1.74000883102417,143100,0.0,0.0
2025-12-29 00:00:00-05:00,1.7302335096781594,1.7595594737161906,1.7302335096781594,1.74000883102417,353000,0.0,0.0
2025-12-30 00:00:00-05:00,1.7595594344656398,1.7888855143805156,1.7595594344656398,1.7791101932525635,534800,0.0,0.0
2025-12-31 00:00:00-05:00,1.7595593929290771,1.7791101512544814,1.7497840720318838,1.7595593929290771,161700,0.0,0.0
2026-01-02 00:00:00-05:00,1.7986608724472917,1.8377621577621168,1.7986608724472917,1.8279868364334106,1412800,0.0,0.0
2026-01-05 00:00:00-05:00,1.8279868383841749,1.8279868383841749,1.7497841511400472,1.7986608743667603,739800,0.0,0.0
2026-01-06 00:00:00-05:00,1.7888855129890364,1.7888855129890364,1.7400087908562751,1.7497841119766235,622100,0.0,0.0
2026-01-07 00:00:00-05:00,1.7595594330969717,1.7693347542173201,1.730233469735927,1.7497841119766235,1035500,0.0,0.0
2026-01-08 00:00:00-05:00,1.749784074040344,1.7986607951134312,1.749784074040344,1.788885474205017,492400,0.0,0.0
2026-01-09 00:00:00-05:00,1.779110231688484,1.8084361957058985,1.779110231688484,1.7986608743667603,509500,0.0,0.0
2026-01-12 00:00:00-05:00,1.7986608341983819,1.8084361553192139,1.7888855130775498,1.8084361553192139,214300,0.0,0.0
2026-01-13 00:00:00-05:00,1.8182114739161999,1.8670880794525146,1.8182114739161999,1.8670880794525146,798500,0.0,0.0
2026-01-14 00:00:00-05:00,1.867088080853639,1.915964802957652,1.867088080853639,1.8964141607284546,516400,0.0,0.0
2026-01-15 00:00:00-05:00,1.8768633604049683,1.8866386813030918,1.8475373977105978,1.8768633604049683,326100,0.0,0.0
2026-01-16 00:00:00-05:00,1.8768634019682378,1.9061894818430534,1.8768634019682378,1.8964141607284546,337300,0.0,0.0
2026-01-19 00:00:00-05:00,1.876863439257896,1.8964141984065488,1.8670881179490806,1.8866387605667114,311500,0.0,0.0
2026-01-20 00:00:00-05:00,1.8768634005597775,1.8866387216670406,1.8573127583452518,1.8670880794525146,584300,0.0,0.0
2026-01-21 00:00:00-05:00,1.8768634007235068,1.9355154439032205,1.8768634007235068,1.925740122795105,477500,0.0,0.0
2026-01-22 00:00:00-05:00,1.9257400834981864,1.9257400834981864,1.8866386833326128,1.9061894416809082,575500,0.0,0.0
2026-01-23 00:00:00-05:00,1.935515442658101,1.9746167270654098,1.935515442658101,1.9550660848617554,444700,0.0,0.0
2026-01-26 00:00:00-05:00,1.9746167659759521,2.0039427298593124,1.9648414446814988,1.9746167659759521,299100,0.0,0.0
2026-01-27 00:00:00-05:00,1.9941674050013123,2.033268690109253,1.9941674050013123,2.033268690109253,494700,0.0,0.0
2026-01-28 00:00:00-05:00,2.062594655742509,2.1016961739466598,2.062594655742509,2.091920852661133,590900,0.0,0.0
2026-01-29 00:00:00-05:00,2.150572778559618,2.170123421114175,2.1114714934505048,2.121246814727783,761900,0.0,0.0
2026-01-30 00:00:00-05:00,2.1114714152450387,2.1212467361602547,2.0625945776069226,2.0821454524993896,660200,0.0,0.0
2026-02-02 00:00:00-05:00,2.052819334456982,2.1016961739466598,2.052819334456982,2.091920852661133,892100,0.0,0.0
2026-02-03 00:00:00-05:00,2.1114715716112595,2.1407975365286593,2.091920928332993,2.1310222148895264,382400,0.0,0.0
2026-02-04 00:00:00-05:00,2.1310222177800537,2.1310222177800537,2.082145609518091,2.101696252822876,548000,0.0,0.0
2026-02-05 00:00:00-05:00,2.0821456099507434,2.0919209316051672,2.0234934469621484,2.043044090270996,561800,0.0,0.0
2026-02-06 00:00:00-05:00,2.0234932893353332,2.05281925201416,2.0234932893353332,2.05281925201416,494100,0.0,0.0
2026-02-09 00:00:00-05:00,2.05281941192542,2.0723700552342676,2.043044090270996,2.043044090270996,260900,0.0,0.0
2026-02-10 00:00:00-05:00,2.0528192532745235,2.0528192532745235,1.9941673278808594,1.9941673278808594,401900,0.0,0.0
2026-02-11 00:00:00-05:00,2.043044081755573,2.1994494606365076,2.0234934385282126,2.189674139022827,2880200,0.0,0.0
2026-02-12 00:00:00-05:00,2.1798988146836447,2.248326065893852,2.160348171480728,2.2190001010894775,1191300,0.0,0.0
2026-02-13 00:00:00-05:00,2.1994493783285938,2.3460794301086505,2.1603480933371233,2.326528787612915,2906800,0.0,0.0
2026-02-17 00:00:00-05:00,2.248325985943121,2.248325985943121,2.082145524627727,2.2092247009277344,2915000,0.0,0.0
2026-02-18 00:00:00-05:00,2.2092246216691365,2.2385505843785722,2.189673979862846,2.199449300765991,674500,0.0,0.0
2026-02-19 00:00:00-05:00,2.2189999425722817,2.2385505843785722,2.199449300765991,2.199449300765991,536600,0.0,0.0
2026-02-20 00:00:00-05:00,2.2092246210319897,2.267876546433946,2.2092246210319897,2.2287752628326416,1008500,0.0,0.0
2026-02-23 00:00:00-05:00,2.248325904001712,2.277651866694452,2.2287752622065518,2.258101224899292,480100,0.0,0.0
2026-02-24 00:00:00-05:00,2.2581012255336197,2.2581012255336197,2.2189999419323154,2.2287752628326416,388200,0.0,0.0
2026-02-25 00:00:00-05:00,2.150572864625189,2.150572864625189,2.0039428065358607,2.0137181282043457,2972500,0.0,0.0
2026-02-26 00:00:00-05:00,2.062594730696886,2.0919209286812195,2.0332687657746042,2.0723700523376465,833200,0.0,0.0
2026-02-27 00:00:00-05:00,2.121246893250393,2.1407975365286593,2.1114715716112595,2.1310222148895264,1221000,0.0,0.0
2026-03-02 00:00:00-05:00,2.218999943904814,2.24832590663186,2.131022055723675,2.1407973766326904,1818500,0.0,0.0
2026-03-03 00:00:00-05:00,2.1505728581677928,2.160348179806926,2.0821456066938597,2.1310222148895264,494900,0.0,0.0
2026-03-04 00:00:00-05:00,2.0919209311704834,2.121246896127661,2.082145609518091,2.101696252822876,467200,0.0,0.0
2026-03-05 00:00:00-05:00,2.1016960929966286,2.150572697541706,2.0919207720876134,2.1407973766326904,610000,0.0,0.0
2026-03-06 00:00:00-05:00,2.1701233380565554,2.228775263475427,2.150572696250265,2.199449300765991,813100,0.0,0.0
2026-03-09 00:00:00-04:00,2.1994494663634594,2.2385507529199926,2.1114715716112595,2.1310222148895264,1162800,0.0,0.0
2026-03-10 00:00:00-04:00,2.101696252822876,2.1114715744752686,2.0625947331512537,2.101696252822876,686300,0.0,0.0
2026-03-11 00:00:00-04:00,2.111471568825007,2.1603481769561768,2.1016962471987726,2.1603481769561768,366900,0.0,0.0
2026-03-12 00:00:00-04:00,2.170123338699341,2.170123338699341,2.1407973759812187,2.170123338699341,481600,0.0,0.0
2026-03-13 00:00:00-04:00,2.1798988146836447,2.2287754226909358,2.1798988146836447,2.2190001010894775,782400,0.0,0.0
2026-03-16 00:00:00-04:00,2.2287752641355847,2.2287752641355847,2.1603480177933,2.170123338699341,743100,0.0,0.0
2026-03-17 00:00:00-04:00,2.170123339359737,2.199449302086783,2.1407973766326904,2.1407973766326904,828100,0.0,0.0
2026-03-18 00:00:00-04:00,2.1701234193329433,2.179898740602198,2.1114714917174147,2.1505727767944336,1861300,0.0,0.0
2026-03-19 00:00:00-04:00,2.1701234930821864,2.248326065893852,2.15057284987927,2.2190001010894775,1399800,0.0,0.0
2026-03-20 00:00:00-04:00,2.200000047683716,2.2200000286102295,2.1500000953674316,2.190000057220459,1313000,0.051,0.0
2026-03-23 00:00:00-04:00,2.1500000953674316,2.1600000858306885,2.0899999141693115,2.119999885559082,826800,0.0,0.0
2026-03-24 00:00:00-04:00,2.1500000953674316,2.25,2.1500000953674316,2.240000009536743,1967300,0.0,0.0
2026-03-25 00:00:00-04:00,2.2200000286102295,2.25,2.200000047683716,2.2200000286102295,1226200,0.0,0.0
2026-03-26 00:00:00-04:00,2.25,2.2899999618530273,2.240000009536743,2.2699999809265137,1467700,0.0,0.0
2026-03-27 00:00:00-04:00,2.2699999809265137,2.4100000858306885,2.2699999809265137,2.4100000858306885,1976000,0.0,0.0
2026-03-30 00:00:00-04:00,2.430000066757202,2.4800000190734863,2.4200000762939453,2.450000047683716,1443900,0.0,0.0
2026-03-31 00:00:00-04:00,2.440000057220459,2.5799999237060547,2.4000000953674316,2.440000057220459,2306600,0.0,0.0
2026-04-01 00:00:00-04:00,2.4000000953674316,2.430000066757202,2.2799999713897705,2.299999952316284,1240000,0.0,0.0
2026-04-02 00:00:00-04:00,2.4000000953674316,2.4600000381469727,2.359999895095825,2.390000104904175,921000,0.0,0.0
2026-04-06 00:00:00-04:00,2.4100000858306885,2.4700000286102295,2.369999885559082,2.440000057220459,608100,0.0,0.0
2026-04-07 00:00:00-04:00,2.430000066757202,2.4800000190734863,2.430000066757202,2.4600000381469727,1006700,0.0,0.0
2026-04-08 00:00:00-04:00,2.259999990463257,2.380000114440918,2.25,2.359999895095825,1852700,0.0,0.0
2026-04-09 00:00:00-04:00,2.369999885559082,2.4200000762939453,2.319999933242798,2.3499999046325684,2328400,0.0,0.0
2026-04-10 00:00:00-04:00,2.3399999141693115,2.4100000858306885,2.3399999141693115,2.390000104904175,352200,0.0,0.0
2026-04-13 00:00:00-04:00,2.4100000858306885,2.4700000286102295,2.4000000953674316,2.4700000286102295,944000,0.0,0.0
2026-04-14 00:00:00-04:00,2.4100000858306885,2.430000066757202,2.369999885559082,2.390000104904175,1105000,0.0,0.0
2026-04-15 00:00:00-04:00,2.3499999046325684,2.440000057220459,2.3299999237060547,2.4000000953674316,877900,0.0,0.0
2026-04-16 00:00:00-04:00,2.430000066757202,2.490000009536743,2.4100000858306885,2.4600000381469727,708400,0.0,0.0
2026-04-17 00:00:00-04:00,2.3499999046325684,2.369999885559082,2.259999990463257,2.309999942779541,1885100,0.0,0.0
2026-04-20 00:00:00-04:00,2.3499999046325684,2.390000104904175,2.3299999237060547,2.369999885559082,1066700,0.0,0.0
2026-04-21 00:00:00-04:00,2.390000104904175,2.440000057220459,2.390000104904175,2.4100000858306885,454500,0.0,0.0
2026-04-22 00:00:00-04:00,2.4200000762939453,2.450000047683716,2.4000000953674316,2.4100000858306885,419200,0.0,0.0
2026-04-23 00:00:00-04:00,2.430000066757202,2.4600000381469727,2.4200000762939453,2.450000047683716,460800,0.0,0.0
2026-04-24 00:00:00-04:00,2.450000047683716,2.450000047683716,2.390000104904175,2.4000000953674316,365100,0.0,0.0
2026-04-27 00:00:00-04:00,2.4200000762939453,2.4600000381469727,2.4000000953674316,2.440000057220459,438700,0.0,0.0
2026-04-28 00:00:00-04:00,2.450000047683716,2.4800000190734863,2.430000066757202,2.450000047683716,998800,0.0,0.0
2026-04-29 00:00:00-04:00,2.4800000190734863,2.5399999618530273,2.4600000381469727,2.5299999713897705,909800,0.0,0.0
2026-04-30 00:00:00-04:00,2.5299999713897705,2.5299999713897705,2.4700000286102295,2.490000009536743,430943,0.0,0.0
