Date,Open,High,Low,Close,Volume,Dividends,Stock Splits
2022-01-03 00:00:00-05:00,21.47392556605721,21.855463893270628,21.44074921439267,21.78081512451172,9000,0.0,0.0
2022-01-04 00:00:00-05:00,21.764222521583918,21.764222521583918,21.5651596988207,21.75592803955078,4400,0.0,0.0
2022-01-05 00:00:00-05:00,21.772517029254065,21.979874334294582,21.689573790835723,21.93010902404785,8900,0.0,0.0
2022-01-06 00:00:00-05:00,21.789105256291414,22.212114334106445,21.789105256291414,22.212114334106445,5900,0.0,0.0
2022-01-07 00:00:00-05:00,23.887560052899268,23.887560052899268,22.39458814284705,22.975189208984375,9700,0.0,0.0
2022-01-10 00:00:00-05:00,23.12448955493614,23.58897112944211,22.809307098388672,22.809307098388672,9800,0.0,0.0
2022-01-11 00:00:00-05:00,23.356723077934777,23.638729095458984,23.116189464170276,23.638729095458984,6400,0.0,0.0
2022-01-12 00:00:00-05:00,23.54749183584644,23.55578631675571,22.98347979009986,23.439666748046875,2300,0.0,0.0
2022-01-13 00:00:00-05:00,23.506690196063637,23.556955118377772,23.205108651390205,23.347522735595703,7900,0.28,0.0
2022-01-14 00:00:00-05:00,23.53181852030981,23.53181852030981,22.836503195623973,22.99567222595215,8600,0.0,0.0
2022-01-18 00:00:00-05:00,22.886767451171924,23.875288420371877,22.886767451171924,23.866910934448242,25900,0.0,0.0
2022-01-19 00:00:00-05:00,23.850158466025206,23.850158466025206,23.12133469043097,23.64072608947754,2000,0.0,0.0
2022-01-20 00:00:00-05:00,23.305635030046894,23.305635030046894,23.163220947493045,23.171598434448242,1000,0.0,0.0
2022-01-21 00:00:00-05:00,22.886769590287596,23.448048416894597,22.878392103580957,23.004051208496094,2200,0.0,0.0
2022-01-24 00:00:00-05:00,23.121335529444,23.665859408658843,22.78624403437658,23.305635452270508,9300,0.0,0.0
2022-01-25 00:00:00-05:00,23.16322139365444,23.45642705136496,22.844884872436523,22.844884872436523,9300,0.0,0.0
2022-01-26 00:00:00-05:00,22.618699551706907,23.339147530219,22.618699551706907,22.94541358947754,6800,0.0,0.0
2022-01-27 00:00:00-05:00,22.786241916932372,23.263747452760846,22.735976998961483,22.953786849975586,9400,0.0,0.0
2022-01-28 00:00:00-05:00,23.280503954304294,23.280503954304294,23.037561628350144,23.10457992553711,3700,0.0,0.0
2022-01-31 00:00:00-05:00,23.037561184383947,23.28887939453125,22.844883783414865,23.28887939453125,3700,0.0,0.0
2022-02-01 00:00:00-05:00,24.29415576822038,24.29415576822038,23.37265298847806,24.034460067749023,27400,0.0,0.0
2022-02-02 00:00:00-05:00,23.875288665670254,24.08472102238666,23.45642395223744,24.076343536376953,16800,0.0,0.0
2022-02-03 00:00:00-05:00,23.699369430541992,23.699369430541992,23.699369430541992,23.699369430541992,300,0.0,0.0
2022-02-04 00:00:00-05:00,23.58208718386462,23.78314208984375,23.540201344309853,23.78314208984375,1100,0.0,0.0
2022-02-07 00:00:00-05:00,23.489937240620407,23.724500490919436,23.48155975341797,23.48155975341797,1400,0.0,0.0
2022-02-08 00:00:00-05:00,23.540198884807957,24.05959027152695,23.540198884807957,23.690990447998047,1300,0.0,0.0
2022-02-09 00:00:00-05:00,23.866914337222784,23.87529182434082,23.866914337222784,23.87529182434082,900,0.0,0.0
2022-02-10 00:00:00-05:00,23.799897529525843,23.900425783399527,23.657483435279516,23.741256713867188,2700,0.0,0.0
2022-02-11 00:00:00-05:00,23.875291622863475,23.950687408447266,23.79151835023234,23.950687408447266,1900,0.0,0.0
2022-02-14 00:00:00-05:00,23.959065097678895,24.009328422544822,23.87529182434082,23.87529182434082,4400,0.0,0.0
2022-02-15 00:00:00-05:00,24.1936294452705,24.1936294452705,23.917178749179136,24.176876068115234,1800,0.0,0.0
2022-02-16 00:00:00-05:00,24.118234157237005,24.118234157237005,23.87529182434082,23.87529182434082,1500,0.0,0.0
2022-02-17 00:00:00-05:00,23.87528777614668,24.126605955706154,23.70774125787902,23.98419189453125,4900,0.0,0.0
2022-02-18 00:00:00-05:00,23.825027403265324,23.833404889997905,23.699368297961037,23.716121673583984,1800,0.0,0.0
2022-02-22 00:00:00-05:00,24.017703139858114,24.017703139858114,23.749629974365234,23.749629974365234,1500,0.0,0.0
2022-02-23 00:00:00-05:00,23.892042435619246,23.892042435619246,23.314008712768555,23.314008712768555,4200,0.0,0.0
2022-02-24 00:00:00-05:00,23.037559629873453,24.04283559831386,22.551676617957078,23.749629974365234,6900,0.0,0.0
2022-02-25 00:00:00-05:00,23.66585854988646,23.85853595282818,23.64072608947754,23.64072608947754,3600,0.0,0.0
2022-02-28 00:00:00-05:00,23.540200775052263,23.69936983762754,23.47318247467988,23.5485782623291,3500,0.0,0.0
2022-03-01 00:00:00-05:00,23.45642702451142,23.808273493792782,23.305635452270508,23.305635452270508,4200,0.0,0.0
2022-03-02 00:00:00-05:00,22.937031253127955,23.741252342513196,22.937031253127955,23.213481903076172,4800,0.0,0.0
2022-03-03 00:00:00-05:00,23.44805062548577,23.44805062548577,23.037563325249675,23.179977416992188,4200,0.0,0.0
2022-03-04 00:00:00-05:00,23.43966780090775,23.43966780090775,23.288876256003917,23.314008712768555,2300,0.0,0.0
2022-03-07 00:00:00-05:00,23.2805045397427,23.2805045397427,22.43439751782868,22.45115089416504,4200,0.0,0.0
2022-03-08 00:00:00-05:00,22.99567492172666,22.99567492172666,22.618696015662085,22.694091796875,4800,0.0,0.0
2022-03-09 00:00:00-05:00,22.82812775073264,23.037560115418263,22.82812775073264,22.953786849975586,4900,0.0,0.0
2022-03-10 00:00:00-05:00,22.945409363647105,22.953786849975586,22.702468651489696,22.953786849975586,1500,0.0,0.0
2022-03-11 00:00:00-05:00,22.844884013714513,23.037561416625977,22.844884013714513,23.037561416625977,1500,0.0,0.0
2022-03-14 00:00:00-04:00,22.995676598394216,23.03756243641441,22.744356776746134,22.802997589111328,5700,0.0,0.0
2022-03-15 00:00:00-04:00,22.794618622579673,23.037560941288422,22.786242733793063,22.93703269958496,7000,0.0,0.0
2022-03-16 00:00:00-04:00,23.037561416625977,23.037561416625977,22.911902310285555,23.037561416625977,3600,0.0,0.0
2022-03-17 00:00:00-04:00,22.81137167570128,23.875288420371877,22.81137167570128,23.866910934448242,5900,0.0,0.0
2022-03-18 00:00:00-04:00,23.456427055492735,23.87529182434082,23.456427055492735,23.87529182434082,5000,0.0,0.0
2022-03-21 00:00:00-04:00,23.87529399884558,23.87529399884558,23.62397575378418,23.62397575378418,1800,0.0,0.0
2022-03-22 00:00:00-04:00,24.185252456339008,24.185252456339008,23.456427055492735,23.87529182434082,5100,0.0,0.0
2022-03-23 00:00:00-04:00,24.185252456339008,24.185252456339008,23.816651012356854,23.87529182434082,3800,0.0,0.0
2022-03-24 00:00:00-04:00,24.04283771733296,24.17687431189274,23.48155887842306,24.134986877441406,6000,0.0,0.0
2022-03-25 00:00:00-04:00,23.71612170174207,24.160118912042734,23.71612170174207,24.00094985961914,1500,0.0,0.0
2022-03-28 00:00:00-04:00,24.00094985961914,24.00094985961914,24.00094985961914,24.00094985961914,0,0.0,0.0
2022-03-29 00:00:00-04:00,24.076348021290016,24.076348021290016,23.95906639099121,23.95906639099121,1600,0.0,0.0
2022-03-30 00:00:00-04:00,24.168498992919922,24.168498992919922,24.168498992919922,24.168498992919922,400,0.0,0.0
2022-03-31 00:00:00-04:00,23.950687408447266,23.96744238254195,23.950687408447266,23.950687408447266,800,0.0,0.0
2022-04-01 00:00:00-04:00,23.799894744353065,23.799894744353065,23.79151725769043,23.79151725769043,1200,0.0,0.0
2022-04-04 00:00:00-04:00,24.193627281794807,24.193627281794807,23.682613372802734,23.682613372802734,2400,0.0,0.0
2022-04-05 00:00:00-04:00,23.975819668533436,24.19362793856871,23.665859041750185,24.02608299255371,9600,0.0,0.0
2022-04-06 00:00:00-04:00,23.665858122351864,23.665858122351864,23.506689071655273,23.506689071655273,2200,0.0,0.0
2022-04-07 00:00:00-04:00,23.682610123466862,23.758005896027107,23.456422805786133,23.456422805786133,1900,0.0,0.0
2022-04-08 00:00:00-04:00,23.45642454205579,23.67423439025879,23.347520416875348,23.67423439025879,1000,0.0,0.0
2022-04-11 00:00:00-04:00,23.96744151049125,24.00094985961914,23.87529075416566,24.00094985961914,1700,0.0,0.0
2022-04-12 00:00:00-04:00,23.59884095038513,24.10985647556571,23.473181840313163,24.093101501464844,4800,0.0,0.0
2022-04-13 00:00:00-04:00,24.059261054087113,24.059261054087113,23.76317278444288,23.898527145385742,2500,0.28,0.0
2022-04-14 00:00:00-04:00,24.143858820063116,24.397647852766887,23.247134128933638,23.94928550720215,3500,0.0,0.0
2022-04-18 00:00:00-04:00,24.135400285570913,24.135400285570913,23.50092605568941,23.61090087890625,7700,0.0,0.0
2022-04-19 00:00:00-04:00,23.560141633220006,24.08463938717226,23.534762085041177,23.71241569519043,4200,0.0,0.0
2022-04-20 00:00:00-04:00,24.016961323900976,24.533000823067407,23.906986512932527,24.473783493041992,7300,0.0,0.0
2022-04-21 00:00:00-04:00,24.4484078698914,24.533004760742188,24.4484078698914,24.533004760742188,1700,0.0,0.0
2022-04-22 00:00:00-04:00,24.448404557612225,24.533001437001797,24.10155880431113,24.363807678222656,4400,0.0,0.0
2022-04-25 00:00:00-04:00,24.245373284001833,24.363807948329484,24.16077640367439,24.321510314941406,2700,0.0,0.0
2022-04-26 00:00:00-04:00,24.321511204288054,24.321511204288054,24.16923713684082,24.16923713684082,1300,0.0,0.0
2022-04-27 00:00:00-04:00,23.898527145385742,24.07617913904153,23.873147597627234,23.898527145385742,4700,0.0,0.0
2022-04-28 00:00:00-04:00,24.338433294652297,24.338433294652297,23.526305393001973,23.534765243530273,3000,0.0,0.0
2022-04-29 00:00:00-04:00,23.48400535340575,23.703956604003906,23.154079284284176,23.703956604003906,12900,0.0,0.0
2022-05-02 00:00:00-04:00,24.363809362579737,24.363809362579737,23.484005951337554,23.797012329101562,19900,0.0,0.0
2022-05-03 00:00:00-04:00,23.636277528113983,24.110017776489258,23.636277528113983,24.110017776489258,15000,0.0,0.0
2022-05-04 00:00:00-04:00,23.813932899459264,24.11002120184129,23.813932899459264,24.093101501464844,6300,0.0,0.0
2022-05-05 00:00:00-04:00,23.272513062131505,23.923906939341975,23.272513062131505,23.81393051147461,4900,0.0,0.0
2022-05-06 00:00:00-04:00,23.940825302242825,23.940825302242825,23.568601608276367,23.568601608276367,5500,0.0,0.0
2022-05-09 00:00:00-04:00,23.63628356612507,24.101564084372345,22.841075307334524,23.171001434326172,26000,0.0,0.0
2022-05-10 00:00:00-04:00,23.3148136696189,23.399410560258854,21.352173551819106,21.74977684020996,23000,0.0,0.0
2022-05-11 00:00:00-04:00,21.656723320957095,22.3165755671369,21.495989378160033,22.0797061920166,9700,0.0,0.0
2022-05-12 00:00:00-04:00,22.468845793100677,22.468845793100677,20.776914599960993,21.225276947021484,17000,0.0,0.0
2022-05-13 00:00:00-04:00,21.40293123733671,22.71417902041914,21.40293123733671,22.35887336730957,8000,0.0,0.0
2022-05-16 00:00:00-04:00,21.859751124978196,22.206596890178787,21.63134002685547,21.63134002685547,3300,0.0,0.0
2022-05-17 00:00:00-04:00,21.868210820913202,22.384248733520508,21.673639122494855,22.384248733520508,8000,0.0,0.0
2022-05-18 00:00:00-04:00,22.215055588231806,22.418087127077303,22.189676040794406,22.274272918701172,9400,0.0,0.0
2022-05-19 00:00:00-04:00,22.37579508491639,22.621124317228848,22.105084685274463,22.418092727661133,5400,0.0,0.0
2022-05-20 00:00:00-04:00,22.671876786484713,22.87490994460601,22.502684639452013,22.612659454345703,3100,0.0,0.0
2022-05-23 00:00:00-04:00,23.01026741673228,23.6278219832688,22.29119625741849,22.621122360229492,25000,0.0,0.0
2022-05-24 00:00:00-04:00,22.917208125920368,22.917208125920368,20.89535086771125,20.97994613647461,56200,0.0,0.0
2022-05-25 00:00:00-04:00,21.14914191797577,21.665181497110847,21.14914191797577,21.529827117919922,11400,0.0,0.0
2022-05-26 00:00:00-04:00,21.402925649061142,21.631336712183362,21.3690878694603,21.50444221496582,7600,0.0,0.0
2022-05-27 00:00:00-04:00,21.648262817642845,22.265817403530285,21.57212577406203,22.105083465576172,6100,0.0,0.0
2022-05-31 00:00:00-04:00,21.99510575373569,22.240436553955078,21.715937168326484,22.240436553955078,4800,0.0,0.0
2022-06-01 00:00:00-04:00,22.05432180265135,22.138918681022588,21.927427291870117,21.927427291870117,7000,0.0,0.0
2022-06-02 00:00:00-04:00,21.99510597970593,22.113540649414062,21.834372061136772,22.113540649414062,3700,0.0,0.0
2022-06-03 00:00:00-04:00,22.113540422227068,22.248894790089025,22.02048530279156,22.240436553955078,5200,0.0,0.0
2022-06-06 00:00:00-04:00,22.248894146646077,22.248894146646077,21.580582176349303,21.656719207763672,14800,0.0,0.0
2022-06-07 00:00:00-04:00,21.65672221131079,21.99510816810987,21.343714192801944,21.82591438293457,29200,0.0,0.0
2022-06-08 00:00:00-04:00,21.825913302472102,21.825913302472102,21.402930474024572,21.453689575195312,9400,0.0,0.0
2022-06-09 00:00:00-04:00,21.436770615328367,21.436770615328367,21.402931213378906,21.402931213378906,1100,0.0,0.0
2022-06-10 00:00:00-04:00,21.182978042737517,21.4198473629044,21.1575984954834,21.1575984954834,8000,0.0,0.0
2022-06-13 00:00:00-04:00,21.14913742655763,21.360628800823207,20.497743606567383,20.497743606567383,8500,0.0,0.0
2022-06-14 00:00:00-04:00,20.726156611372108,20.988405488129803,20.294713973999023,20.294713973999023,10200,0.0,0.0
2022-06-15 00:00:00-04:00,20.43852818645672,20.666939279222106,20.294713973999023,20.294713973999023,5200,0.0,0.0
2022-06-16 00:00:00-04:00,20.294714341708353,20.387771073087993,20.066303244804505,20.26933479309082,8800,0.0,0.0
2022-06-17 00:00:00-04:00,20.38777568822191,20.38777568822191,19.86327619292236,20.303178787231445,11000,0.0,0.0
2022-06-21 00:00:00-04:00,20.303179819308852,20.472373629890463,19.897116610175097,20.21012306213379,46000,0.0,0.0
2022-06-22 00:00:00-04:00,20.176279452693496,20.396230697631836,20.176279452693496,20.396230697631836,2800,0.0,0.0
2022-06-23 00:00:00-04:00,20.353930938287977,20.63309950877199,20.320093154907227,20.320093154907227,5000,0.0,0.0
2022-06-24 00:00:00-04:00,20.1001460325589,20.709240780132834,19.457211881121733,19.829437255859375,31500,0.0,0.0
2022-06-27 00:00:00-04:00,20.193202140536755,20.624643231277208,20.193202140536755,20.607725143432617,6300,0.0,0.0
2022-06-28 00:00:00-04:00,20.82767372670945,21.081462760615647,20.616182327270508,20.616182327270508,4700,0.0,0.0
2022-06-29 00:00:00-04:00,20.861511092327056,20.861511092327056,20.556962966918945,20.556962966918945,1700,0.0,0.0
2022-06-30 00:00:00-04:00,20.362390786507707,20.590801875133604,20.007085186495615,20.52312469482422,6200,0.0,0.0
2022-07-01 00:00:00-04:00,20.675399275139867,20.920728454864477,20.345471600956706,20.396230697631836,3400,0.0,0.0
2022-07-05 00:00:00-04:00,20.531586217898283,20.768455561516326,20.286255410806586,20.404691696166992,11500,0.0,0.0
2022-07-06 00:00:00-04:00,20.387772639561188,20.650021541220056,20.33701515197754,20.33701515197754,1400,0.0,0.0
2022-07-07 00:00:00-04:00,20.751537301625664,20.82767433673779,20.362392276213534,20.709238052368164,2400,0.0,0.0
2022-07-08 00:00:00-04:00,20.709232988624883,20.920724342545196,20.48928178692164,20.844587326049805,1100,0.0,0.0
2022-07-11 00:00:00-04:00,20.743077196506526,21.648260143309844,20.743077196506526,21.242197036743164,7200,0.0,0.0
2022-07-12 00:00:00-04:00,21.470607292983352,21.656720766974146,20.84459291126752,20.988407135009766,14000,0.0,0.0
2022-07-13 00:00:00-04:00,21.013788500336172,21.538286340313178,20.62464343219211,20.97149085998535,1300,0.0,0.0
2022-07-14 00:00:00-04:00,21.262404147491544,22.143701933432983,20.535118378521975,20.714799880981445,7000,0.28,0.0
2022-07-15 00:00:00-04:00,20.826030252981433,21.347964973025718,20.552228967707183,20.7490234375,1200,0.0,0.0
2022-07-18 00:00:00-04:00,20.99715665561962,21.022824505858992,20.67201640872298,20.96293067932129,2200,0.0,0.0
2022-07-19 00:00:00-04:00,21.236732186470327,21.236732186470327,21.04849421079094,21.057050704956055,1300,0.0,0.0
2022-07-20 00:00:00-04:00,21.039937971301516,21.039937971301516,20.706242854744755,20.731910705566406,2000,0.0,0.0
2022-07-21 00:00:00-04:00,20.894481054091532,20.894481054091532,20.71479793651407,20.826030731201172,4000,0.0,0.0
2022-07-22 00:00:00-04:00,20.962931017455183,21.69021670568214,20.962931017455183,21.64743423461914,12400,0.0,0.0
2022-07-25 00:00:00-04:00,21.4335287290973,21.4335287290973,21.04849624633789,21.04849624633789,3000,0.0,0.0
2022-07-26 00:00:00-04:00,21.288069392734318,21.97257423400879,21.288069392734318,21.97257423400879,4400,0.0,0.0
2022-07-27 00:00:00-04:00,21.784337480364748,22.049583936687934,21.784337480364748,21.81856346130371,2800,0.0,0.0
2022-07-28 00:00:00-04:00,22.083808186905767,22.083808186905767,21.519092559814453,21.519092559814453,4500,0.0,0.0
2022-07-29 00:00:00-04:00,21.54475994803052,22.246376165994374,21.54475994803052,22.23781967163086,5300,0.0,0.0
2022-08-01 00:00:00-04:00,22.639963840043333,22.90521025442401,22.25493140727142,22.503063201904297,8900,0.0,0.0
2022-08-02 00:00:00-04:00,22.44317198302681,22.66563595383342,21.784336565482384,22.366165161132812,7500,0.0,0.0
2022-08-03 00:00:00-04:00,22.2207060698716,22.34049535567158,21.86134147644043,21.86134147644043,2100,0.0,0.0
2022-08-04 00:00:00-04:00,21.767223521611136,22.451726738775093,21.51909008539895,21.64743423461914,7900,0.0,0.0
2022-08-05 00:00:00-04:00,21.56187321473506,21.621767044067383,21.330852759895134,21.621767044067383,1600,0.0,0.0
2022-08-08 00:00:00-04:00,21.43352901086011,21.484867981490567,21.228178024291992,21.228178024291992,1500,0.0,0.0
2022-08-09 00:00:00-04:00,21.356520453842297,21.64743473586925,21.07416266622607,21.12550163269043,5700,0.0,0.0
2022-08-10 00:00:00-04:00,20.971487097938482,21.476308822631836,20.971487097938482,21.476308822631836,7900,0.0,0.0
2022-08-11 00:00:00-04:00,21.390745065751016,21.750109648135005,21.288068771362305,21.288068771362305,15100,0.0,0.0
2022-08-12 00:00:00-04:00,21.3907470703125,21.81856201171875,21.202509083608163,21.3907470703125,22400,0.0,0.0
2022-08-15 00:00:00-04:00,21.3907470703125,21.604654541015623,21.14261362094432,21.3907470703125,10300,0.0,0.0
2022-08-16 00:00:00-04:00,21.544762141730377,22.16081511077038,21.544762141730377,21.81856346130371,12100,0.0,0.0
2022-08-17 00:00:00-04:00,21.86989933504106,21.91268180834755,21.698774337768555,21.698774337768555,1500,0.0,0.0
2022-08-18 00:00:00-04:00,21.86989972463025,22.331940652664212,21.673105239868164,21.673105239868164,3700,0.0,0.0
2022-08-19 00:00:00-04:00,21.852789793007435,22.160815466479338,21.852789793007435,22.100921630859375,4900,0.0,0.0
2022-08-22 00:00:00-04:00,21.84423033754013,22.06669429111452,21.64743423461914,21.64743423461914,10400,0.0,0.0
2022-08-23 00:00:00-04:00,21.981135011011737,22.408950008171253,21.946909027886317,22.246379852294922,16500,0.0,0.0
2022-08-24 00:00:00-04:00,22.03247072058282,22.46028568603103,21.912683052492387,22.229265213012695,4900,0.0,0.0
2022-08-25 00:00:00-04:00,22.331938739345947,22.331938739345947,21.91268032130112,22.17792510986328,2900,0.0,0.0
2022-08-26 00:00:00-04:00,22.39183295442418,22.39183295442418,21.784334920034066,22.15225601196289,4500,0.0,0.0
2022-08-29 00:00:00-04:00,21.878453491358524,22.2806005375361,21.878453491358524,22.1265869140625,12100,0.0,0.0
2022-08-30 00:00:00-04:00,21.981130471927937,22.152255456263767,21.647433733301995,21.989686965942383,2600,0.0,0.0
2022-08-31 00:00:00-04:00,21.81000696606897,21.97257711155986,21.81000696606897,21.81856346130371,5300,0.0,0.0
2022-09-01 00:00:00-04:00,21.707329140383912,22.143698910204506,21.707329140383912,22.083805084228516,4300,0.0,0.0
2022-09-02 00:00:00-04:00,22.229265440663713,22.27204791683742,21.81856346130371,21.81856346130371,4400,0.0,0.0
2022-09-06 00:00:00-04:00,22.083809696418587,22.451730855093324,22.075253200637235,22.246379852294922,16900,0.0,0.0
2022-09-07 00:00:00-04:00,22.229268039501683,22.45173204565958,22.023917025813965,22.383281707763672,20400,0.0,0.0
2022-09-08 00:00:00-04:00,22.35761004375339,22.460286356599653,22.049584369183854,22.203598022460938,8100,0.0,0.0
2022-09-09 00:00:00-04:00,22.246375565724534,22.597183665240667,22.246375565724534,22.47739601135254,20900,0.0,0.0
2022-09-12 00:00:00-04:00,22.44317146640766,22.63996594805808,22.39183413032157,22.400390625,6700,0.0,0.0
2022-09-13 00:00:00-04:00,22.37472048097996,22.80253541037531,22.37472048097996,22.426057815551758,8500,0.0,0.0
2022-09-14 00:00:00-04:00,22.41750519842402,22.631412684546447,22.41750519842402,22.51162338256836,4000,0.0,0.0
2022-09-15 00:00:00-04:00,22.47739815392131,22.811093296980342,22.47739815392131,22.768312454223633,3600,0.0,0.0
2022-09-16 00:00:00-04:00,22.52018092951061,23.99186554722854,22.374723766875338,23.966196060180664,60500,0.0,0.0
2022-09-19 00:00:00-04:00,23.35869265111022,23.65816340448021,23.196124165782084,23.435699462890625,3400,0.0,0.0
2022-09-20 00:00:00-04:00,23.392921942087632,23.392921942087632,23.102007641231875,23.161901473999023,3800,0.0,0.0
2022-09-21 00:00:00-04:00,23.02499657727661,23.39291763305664,23.02499657727661,23.39291763305664,6200,0.0,0.0
2022-09-22 00:00:00-04:00,23.00788365947554,23.256017072530323,23.00788365947554,23.18756675720215,2600,0.0,0.0
2022-09-23 00:00:00-04:00,22.554406737468703,23.14479024713288,22.374723593495286,22.776870727539062,4900,0.0,0.0
2022-09-26 00:00:00-04:00,22.40894789182518,22.86243070151623,22.40894789182518,22.85387420654297,7000,0.0,0.0
2022-09-27 00:00:00-04:00,22.982222382756962,22.982222382756962,22.665638563849992,22.930883407592773,9000,0.0,0.0
2022-09-28 00:00:00-04:00,22.580073583187975,22.93088172785556,22.520179748535156,22.520179748535156,6100,0.0,0.0
2022-09-29 00:00:00-04:00,22.682751627296497,22.9308834801025,22.605744796291425,22.83676528930664,10700,0.0,0.0
2022-09-30 00:00:00-04:00,22.605746490525572,22.97366768135003,22.605746490525572,22.742647171020508,6800,0.0,0.0
2022-10-03 00:00:00-04:00,22.785421634483406,23.401476156003383,22.785421634483406,23.076335906982422,5300,0.0,0.0
2022-10-04 00:00:00-04:00,23.136233046568922,23.44425869772027,23.110563562312766,23.290245056152344,13300,0.0,0.0
2022-10-05 00:00:00-04:00,23.17045745354364,23.444258758379714,23.102007127334623,23.19612693786621,8100,0.0,0.0
2022-10-06 00:00:00-04:00,23.298799066456528,23.298799066456528,22.81964683532715,22.81964683532715,800,0.0,0.0
2022-10-07 00:00:00-04:00,23.09345356497661,23.09345356497661,22.74264539461156,22.930883407592773,4400,0.0,0.0
2022-10-10 00:00:00-04:00,22.297713904295193,23.050669102086026,22.297713904295193,23.024999618530273,3400,0.0,0.0
2022-10-11 00:00:00-04:00,22.9308799388842,23.435701694409005,22.922325076302297,23.016443252563477,9500,0.0,0.0
2022-10-12 00:00:00-04:00,23.110564030035,23.38436533970396,23.102007535109777,23.367252349853516,2600,0.0,0.0
2022-10-13 00:00:00-04:00,23.030100027775106,23.496927181852193,23.030100027775106,23.341318130493164,2400,0.28,0.0
2022-10-14 00:00:00-04:00,23.09925930131399,23.90323829650879,23.021454776044166,23.90323829650879,6200,0.0,0.0
2022-10-17 00:00:00-04:00,23.548797747504093,24.03291354313525,23.514218872261225,23.860015869140625,2300,0.0,0.0
2022-10-18 00:00:00-04:00,23.730339558294258,24.084781646728516,23.730339558294258,24.084781646728516,1700,0.0,0.0
2022-10-19 00:00:00-04:00,23.946461105021204,23.946461105021204,23.6871121686245,23.81678581237793,2800,0.0,0.0
2022-10-20 00:00:00-04:00,23.894594192504883,23.894594192504883,23.894594192504883,23.894594192504883,600,0.0,0.0
2022-10-21 00:00:00-04:00,23.5228580071289,23.81678581237793,23.5142145265832,23.81678581237793,800,0.0,0.0
2022-10-24 00:00:00-04:00,23.738983154296875,23.816787676416332,23.55744036861146,23.738983154296875,2300,0.0,0.0
2022-10-25 00:00:00-04:00,23.687110018177055,23.730335661430495,23.678464889526367,23.678464889526367,2400,0.0,0.0
2022-10-26 00:00:00-04:00,23.9896896068246,24.119363274921298,23.756276014916455,24.015625,9100,0.0,0.0
2022-10-27 00:00:00-04:00,23.756276014916455,24.205812936615814,23.756276014916455,24.015625,10200,0.0,0.0
2022-10-28 00:00:00-04:00,24.197164724781246,24.30090463538456,24.015621942337873,24.257678985595703,13400,0.0,0.0
2022-10-31 00:00:00-04:00,24.421935375938087,24.55160903930664,24.11936239548473,24.55160903930664,8000,0.0,0.0
2022-11-01 00:00:00-04:00,25.070303252635448,25.502549860439508,24.689925776078688,25.035722732543945,20600,0.0,0.0
2022-11-02 00:00:00-04:00,25.243201760305027,25.243201760305027,25.070302463072704,25.18268585205078,8800,0.0,0.0
2022-11-03 00:00:00-04:00,25.130815940152747,25.407453488001238,25.130815940152747,25.329648971557617,9600,0.0,0.0
2022-11-04 00:00:00-04:00,25.50255188640783,25.71867520747908,25.459327881749612,25.51984214782715,17100,0.0,0.0
2022-11-07 00:00:00-05:00,25.50255188640783,25.614935287853243,24.430580411761227,25.51984214782715,23300,0.0,0.0
2022-11-08 00:00:00-05:00,25.122170810671253,25.54577226192548,25.122170810671253,25.329648971557617,5600,0.0,0.0
2022-11-09 00:00:00-05:00,25.35558436000211,25.493903133926352,25.329648971557617,25.329648971557617,2100,0.0,0.0
2022-11-10 00:00:00-05:00,25.606288412156022,25.761895797635326,25.303715472981505,25.718671798706055,8700,0.0,0.0
2022-11-11 00:00:00-05:00,25.761897978851387,26.02989207135106,25.511195795833313,25.934797286987305,10200,0.0,0.0
2022-11-14 00:00:00-05:00,25.72731735737547,25.978019523348475,25.72731735737547,25.917505264282227,6500,0.0,0.0
2022-11-15 00:00:00-05:00,25.91750545484428,26.27194753102972,25.900215195301115,25.97801971435547,17400,0.0,0.0
2022-11-16 00:00:00-05:00,26.0817608248294,26.3238195229205,26.047180304149247,26.280593872070312,6000,0.0,0.0
2022-11-17 00:00:00-05:00,26.25465872410741,26.28059246433839,26.116338297685992,26.168209075927734,8400,0.0,0.0
2022-11-18 00:00:00-05:00,26.280594101425475,26.453493408555182,26.01260165937543,26.418912887573242,9200,0.0,0.0
2022-11-21 00:00:00-05:00,26.531297726428622,26.773354775867837,26.159565373201275,26.609102249145508,2400,0.0,0.0
2022-11-22 00:00:00-05:00,26.62639048760593,26.972189094343378,26.349752921327944,26.954898834228516,21500,0.0,0.0
2022-11-23 00:00:00-05:00,26.79928992050268,27.20560114182604,26.79928992050268,27.188312530517578,7900,0.0,0.0
2022-11-25 00:00:00-05:00,27.19695630187193,27.231536822637707,27.153732299804688,27.153732299804688,2000,0.0,0.0
2022-11-28 00:00:00-05:00,27.12779724103401,27.27476115830614,27.01541384495062,27.196956634521484,4000,0.0,0.0
2022-11-29 00:00:00-05:00,27.447658585794446,27.663781881745585,27.127795382275213,27.525463104248047,6200,0.0,0.0
2022-11-30 00:00:00-05:00,27.6464900970459,27.6464900970459,27.36120742808538,27.6464900970459,6100,0.0,0.0
2022-12-01 00:00:00-05:00,27.663783247651217,27.663783247651217,27.309341156701883,27.560043334960938,8400,0.0,0.0
2022-12-02 00:00:00-05:00,27.534110634144717,27.879907608032227,27.490884981852506,27.879907608032227,6900,0.0,0.0
2022-12-05 00:00:00-05:00,28.052807025803993,28.052807025803993,27.499530216595783,27.784812927246094,10200,0.0,0.0
2022-12-06 00:00:00-05:00,27.9231316114344,27.9231316114344,27.672427774809684,27.879907608032227,5400,0.0,0.0
2022-12-07 00:00:00-05:00,27.689720376565642,29.539735579928294,27.66378663188796,28.5628604888916,21500,0.0,0.0
2022-12-08 00:00:00-05:00,28.519633032429976,28.960523127527363,28.519633032429976,28.934589385986328,8900,0.0,0.0
2022-12-09 00:00:00-05:00,28.960526264496966,29.82501958582523,28.85678798931606,29.608896255493164,16400,0.0,0.0
2022-12-12 00:00:00-05:00,29.643480048110412,30.04114622829822,29.22852360385609,29.349552154541016,33900,0.0,0.0
2022-12-13 00:00:00-05:00,29.522447960562864,30.015208885192184,28.986459732055664,28.986459732055664,33800,0.0,0.0
2022-12-14 00:00:00-05:00,29.168006434278972,29.358192724577794,28.614727932392338,28.81356430053711,18700,0.0,0.0
2022-12-15 00:00:00-05:00,28.813559540865683,28.90865102141689,28.35537590870534,28.614723205566406,24700,0.0,0.0
2022-12-16 00:00:00-05:00,28.554212349350387,28.649307139014912,27.387147725493527,28.4158935546875,13900,0.0,0.0
2022-12-19 00:00:00-05:00,28.312157004336775,28.398605019589006,28.191128463871497,28.35538101196289,8000,0.0,0.0
2022-12-20 00:00:00-05:00,28.398603147110983,28.649306991704698,28.182479825450226,28.433183670043945,13400,0.0,0.0
2022-12-21 00:00:00-05:00,28.52827386232167,28.65794915353499,28.268926577674677,28.44182586669922,29600,0.0,0.0
2022-12-22 00:00:00-05:00,28.44182586669922,28.580144638362928,27.957708516986422,28.44182586669922,11600,0.0,0.0
2022-12-23 00:00:00-05:00,28.39860293203442,28.787625567633555,28.268930918688145,28.62337303161621,13500,0.0,0.0
2022-12-27 00:00:00-05:00,28.528278645899185,29.19393887670379,28.528278645899185,28.822206497192383,16700,0.0,0.0
2022-12-28 00:00:00-05:00,28.951878173295054,29.202578690256793,28.63201332092285,28.63201332092285,13800,0.0,0.0
2022-12-29 00:00:00-05:00,28.865425447090875,29.600246595525803,28.865425447090875,28.908649444580078,11200,0.0,0.0
2022-12-30 00:00:00-05:00,28.91729622274569,29.435990788175364,28.908649444580078,28.908649444580078,28400,0.0,0.0
2023-01-03 00:00:00-05:00,29.021031473309172,29.021031473309172,28.4850467047892,28.701169967651367,56300,0.0,0.0
2023-01-04 00:00:00-05:00,28.78762838290014,28.995108241436746,28.519637550441765,28.925947189331055,10800,0.0,0.0
2023-01-05 00:00:00-05:00,28.78762235169355,29.56566753597437,28.701174352453364,29.133420944213867,27700,0.0,0.0
2023-01-06 00:00:00-05:00,29.22851595471421,29.522443771362305,29.072906916619353,29.522443771362305,8700,0.0,0.0
2023-01-09 00:00:00-05:00,29.487862305581416,29.582957081117492,29.22851501634284,29.574310302734375,15900,0.0,0.0
2023-01-10 00:00:00-05:00,29.461930509673156,30.0152056426244,29.358188948909856,29.652116775512695,10100,0.0,0.0
2023-01-11 00:00:00-05:00,29.703995759548075,30.015213932230413,29.60890095147505,29.989276885986328,11800,0.0,0.0
2023-01-12 00:00:00-05:00,30.032861463935987,30.242087078873706,29.858504567767095,29.989273071289062,9800,0.29,0.0
2023-01-13 00:00:00-05:00,29.893373308966506,30.16362330886414,29.42261073900306,30.076446533203125,34400,0.0,0.0
2023-01-17 00:00:00-05:00,30.20721502227547,30.250803410105977,29.78004084014253,30.076446533203125,20000,0.0,0.0
2023-01-18 00:00:00-05:00,29.989272087997037,30.093884892035838,29.70158271991398,29.90209197998047,10600,0.0,0.0
2023-01-19 00:00:00-05:00,29.701580591071153,29.98926993853425,29.422610916575277,29.893373489379883,17500,0.0,0.0
2023-01-20 00:00:00-05:00,29.8933754625062,30.198497524881777,29.8933754625062,30.154909133911133,7400,0.0,0.0
2023-01-23 00:00:00-05:00,30.198495320060832,30.198495320060832,29.81491285171139,30.006702423095703,16900,0.0,0.0
2023-01-24 00:00:00-05:00,29.814912192166954,30.198494652031055,29.814912192166954,30.137470245361328,10900,0.0,0.0
2023-01-25 00:00:00-05:00,29.97183304519789,30.137470245361328,29.97183304519789,30.137470245361328,4800,0.0,0.0
2023-01-26 00:00:00-05:00,29.727734160706706,30.093883951774046,29.649273728733775,29.95439910888672,6900,0.0,0.0
2023-01-27 00:00:00-05:00,30.059008743046036,30.059008743046036,29.43132535338682,29.823627471923828,4100,0.0,0.0
2023-01-30 00:00:00-05:00,29.84106542831909,30.0415746740142,29.640556182623982,29.893373489379883,4900,0.0,0.0
2023-01-31 00:00:00-05:00,29.936964270203095,29.945680618286133,29.675430595157582,29.945680618286133,116300,0.0,0.0
2023-02-01 00:00:00-05:00,30.067730185869355,30.20721502227547,29.902089656300276,30.076446533203125,19700,0.0,0.0
2023-02-02 00:00:00-05:00,30.189781348063523,30.207217369666836,29.832351219148293,29.90209197998047,22900,0.0,0.0
2023-02-03 00:00:00-05:00,29.719016611424752,30.120035102814967,29.719016611424752,29.893373489379883,7500,0.0,0.0
2023-02-06 00:00:00-05:00,29.90209197998047,30.03286047921478,29.64927465510404,29.90209197998047,11600,0.0,0.0
2023-02-07 00:00:00-05:00,30.006707415344803,30.041579461609405,29.745173719523045,29.87594223022461,25600,0.0,0.0
2023-02-08 00:00:00-05:00,29.832349080932715,30.03285832662782,29.753888652131945,29.893373489379883,7900,0.0,0.0
2023-02-09 00:00:00-05:00,29.736453325829082,30.05901139594706,29.640556874436488,29.83234977722168,7700,0.0,0.0
2023-02-10 00:00:00-05:00,29.640559712001515,30.041578251142038,29.640559712001515,29.814916610717773,7600,0.0,0.0
2023-02-13 00:00:00-05:00,29.72773458439431,29.963115883667818,29.68414619391722,29.78004264831543,8200,0.0,0.0
2023-02-14 00:00:00-05:00,29.68414785051809,29.88465711836746,29.640559457608436,29.7364559173584,8000,0.0,0.0
2023-02-15 00:00:00-05:00,29.893372512476386,29.893372512476386,29.701579620435368,29.841064453125,4100,0.0,0.0
2023-02-16 00:00:00-05:00,29.657993329672134,29.86721893070201,29.605685266624178,29.6928653717041,5800,0.0,0.0
2023-02-17 00:00:00-05:00,29.85850185407735,30.06773077558049,29.684144973754883,29.684144973754883,4800,0.0,0.0
2023-02-21 00:00:00-05:00,29.640554141390684,29.85849939243032,29.5272216796875,29.5272216796875,4400,0.0,0.0
2023-02-22 00:00:00-05:00,29.893381096818597,29.893381096818597,29.535950902561073,29.596975326538086,3200,0.0,0.0
2023-02-23 00:00:00-05:00,29.61440734114751,29.814916610717773,29.509791206569012,29.814916610717773,3300,0.0,0.0
2023-02-24 00:00:00-05:00,29.640555213982452,29.858500472908794,29.509786728394353,29.841064453125,4400,0.0,0.0
2023-02-27 00:00:00-05:00,29.675431756861013,29.814916610717773,29.64927606042577,29.814916610717773,4100,0.0,0.0
2023-02-28 00:00:00-05:00,29.69286327333384,29.858500472908794,29.675427253550044,29.841064453125,3000,0.0,0.0
2023-03-01 00:00:00-05:00,29.75389168292159,29.8585044901184,29.579534787206125,29.657995223999023,4900,0.0,0.0
2023-03-02 00:00:00-05:00,29.65799759644895,29.86722322757928,29.55338478088379,29.55338478088379,4800,0.0,0.0
2023-03-03 00:00:00-05:00,29.535944048594995,29.806194056185547,29.030309423741457,29.762605667114258,4100,0.0,0.0
2023-03-06 00:00:00-05:00,29.596964845031458,29.893370510342493,29.509784751951443,29.61440086364746,15300,0.0,0.0
2023-03-07 00:00:00-05:00,29.588247223621806,29.719015709514817,29.03902756426494,29.36158561706543,22500,0.0,0.0
2023-03-08 00:00:00-05:00,29.230822819153165,29.727737841311345,29.039033214925645,29.326719284057617,13900,0.0,0.0
2023-03-09 00:00:00-05:00,29.20466940387915,29.379026304242444,28.385196295427324,28.821086883544922,30500,0.0,0.0
2023-03-10 00:00:00-05:00,28.489804688278284,28.78621037526598,27.77494450064573,28.332883834838867,21100,0.0,0.0
2023-03-13 00:00:00-04:00,27.513409736077335,28.638006436703243,25.29036870239028,25.726259231567383,20000,0.0,0.0
2023-03-14 00:00:00-04:00,26.17086803970847,27.08623749526754,25.804719924926758,25.804719924926758,12400,0.0,0.0
2023-03-15 00:00:00-04:00,25.412420658103457,25.8047228479469,24.331412211723396,24.976530075073242,22400,0.0,0.0
2023-03-16 00:00:00-04:00,20.45198287289526,26.327788681537594,20.05096438336731,25.17703628540039,34800,0.0,0.0
2023-03-17 00:00:00-04:00,25.02011925473021,25.29908895205224,24.183208499973567,25.29037094116211,14600,0.0,0.0
2023-03-20 00:00:00-04:00,25.394984729744458,26.502147213810527,25.29037192059259,25.421138763427734,9100,0.0,0.0
2023-03-21 00:00:00-04:00,26.162148782835303,26.162148782835303,25.49087699392419,25.70882225036621,11100,0.0,0.0
2023-03-22 00:00:00-04:00,25.150882761032822,26.14471259179819,24.898065467078638,25.26421356201172,31200,0.0,0.0
2023-03-23 00:00:00-04:00,25.412416401932024,25.534466875436607,24.985243901641816,25.26421356201172,7900,0.0,0.0
2023-03-24 00:00:00-04:00,25.264217856092447,25.673956069344218,25.054990575253306,25.27293586730957,19800,0.0,0.0
2023-03-27 00:00:00-04:00,25.848309481765714,26.406250520765692,25.28165209495415,25.71754264831543,45300,0.0,0.0
2023-03-28 00:00:00-04:00,25.499597371634792,25.900615882587726,25.10729520849344,25.71754264831543,15700,0.0,0.0
2023-03-29 00:00:00-04:00,25.708826482781294,25.769850898584988,25.316525954275868,25.421138763427734,8300,0.0,0.0
2023-03-30 00:00:00-04:00,25.612926461705875,25.76984731641129,25.37754684243814,25.534467697143555,3100,0.0,0.0
2023-03-31 00:00:00-04:00,25.482159673251363,25.761129342994938,25.22934403359265,25.647798538208008,20200,0.0,0.0
2023-04-03 00:00:00-04:00,25.5867793405816,25.691392156640692,25.40370441829209,25.490882873535156,13000,0.0,0.0
2023-04-04 00:00:00-04:00,25.36011428539142,25.490881127905666,24.863199286162914,25.124732971191406,19200,0.0,0.0
2023-04-05 00:00:00-04:00,25.020120077921987,25.22062934662037,24.409872597859263,24.714996337890625,28500,0.0,0.0
2023-04-06 00:00:00-04:00,24.706275627933675,24.863196486396653,24.479612350463867,24.479612350463867,14200,0.0,0.0
2023-04-10 00:00:00-04:00,24.514483910130878,24.671403102723023,24.157052149098195,24.47089385986328,41700,0.0,0.0
2023-04-11 00:00:00-04:00,24.409868240356445,25.002679592240124,24.14833460289732,24.409868240356445,46300,0.0,0.0
2023-04-12 00:00:00-04:00,24.4098700675587,24.627815336019047,23.92167313178885,24.14833641052246,39400,0.0,0.0
2023-04-13 00:00:00-04:00,24.377397812521856,24.377397812521856,24.024996301900845,24.14833641052246,11300,0.29,0.0
2023-04-14 00:00:00-04:00,23.94570575196325,24.765040314396444,23.699023854337067,24.14833641052246,22600,0.0,0.0
2023-04-17 00:00:00-04:00,24.007374107078128,24.641696781299803,24.007374107078128,24.430255889892578,20200,0.0,0.0
2023-04-18 00:00:00-04:00,24.192385924439062,24.500737875805452,24.0514253204515,24.077856063842773,14500,0.0,0.0
2023-04-19 00:00:00-04:00,24.562409539153577,24.562409539153577,23.989756837890184,24.236438751220703,13700,0.0,0.0
2023-04-20 00:00:00-04:00,24.13952620711868,24.888380468805344,24.016186098270154,24.21881675720215,15900,0.0,0.0
2023-04-21 00:00:00-04:00,24.236436773269432,24.245247020924698,23.65497387108533,23.804744720458984,14800,0.0,0.0
2023-04-24 00:00:00-04:00,24.403828234200073,24.403828234200073,23.461151895191403,23.65497398376465,12500,0.0,0.0
2023-04-25 00:00:00-04:00,23.628543239323378,23.628543239323378,22.02511512694318,22.35108757019043,19600,0.0,0.0
2023-04-26 00:00:00-04:00,22.765158336299102,23.029459036458668,22.139644214693252,22.157264709472656,32200,0.0,0.0
2023-04-27 00:00:00-04:00,22.32465338851262,22.75634537686276,22.025111734492903,22.553714752197266,23800,0.0,0.0
2023-04-28 00:00:00-04:00,22.509668003355625,23.68140411376953,22.439187698984224,23.68140411376953,20300,0.0,0.0
2023-05-01 00:00:00-04:00,24.0514270920911,24.694561785588768,23.936897223058487,24.58884048461914,31700,0.0,0.0
2023-05-02 00:00:00-04:00,24.58883832475545,24.668128873422084,23.813555013816384,23.875225067138672,24000,0.0,0.0
2023-05-03 00:00:00-04:00,24.218819130548667,24.218819130548667,23.839986838666498,23.91046714782715,10900,0.0,0.0
2023-05-04 00:00:00-04:00,24.007374762277326,24.007374762277326,22.906119039237083,23.24090003967285,16500,0.0,0.0
2023-05-05 00:00:00-04:00,23.143991966903254,23.302573068708956,23.108750975220666,23.267332077026367,6800,0.0,0.0
2023-05-08 00:00:00-04:00,23.26733239193613,23.293763136055794,22.641819904551,22.747539520263672,9700,0.0,0.0
2023-05-09 00:00:00-04:00,22.421566311867405,22.950167693841255,22.421566311867405,22.84444808959961,36200,0.0,0.0
2023-05-10 00:00:00-04:00,22.712298821697043,22.712298821697043,22.456806685289354,22.58014678955078,12900,0.0,0.0
2023-05-11 00:00:00-04:00,22.52728811469668,22.89731012642097,22.518477866752892,22.685869216918945,16300,0.0,0.0
2023-05-12 00:00:00-04:00,22.50085915741761,22.90612048244629,22.12202689596203,22.17488670349121,17400,0.0,0.0
2023-05-15 00:00:00-04:00,22.166075926977804,23.135181337281313,22.166075926977804,22.994220733642578,17700,0.0,0.0
2023-05-16 00:00:00-04:00,22.91492920466175,23.21447089468736,22.73872761745273,22.809207916259766,13700,0.0,0.0
2023-05-17 00:00:00-04:00,22.826826662176153,23.161609316147285,22.809206168728675,23.020647048950195,11900,0.0,0.0
2023-05-18 00:00:00-04:00,22.95897860460049,23.20566048893318,22.69467790597342,22.888498306274414,13100,0.0,0.0
2023-05-19 00:00:00-04:00,22.809208687739822,23.091129892503425,22.130836418920996,22.35108757019043,21400,0.0,0.0
2023-05-22 00:00:00-04:00,22.4656196429407,22.63301100490517,22.025117297000683,22.122028350830078,10500,0.0,0.0
2023-05-23 00:00:00-04:00,22.465615871314128,22.59776621683353,22.033923846413245,22.262985229492188,10500,0.0,0.0
2023-05-24 00:00:00-04:00,22.254178551453396,22.289417865064813,22.06916669374843,22.201318740844727,5200,0.0,0.0
2023-05-25 00:00:00-04:00,22.606576624607232,22.606576624607232,21.892963409423828,21.892963409423828,7000,0.0,0.0
2023-05-26 00:00:00-04:00,21.478888338133476,21.752000934966574,21.152917623746802,21.38197898864746,12900,0.0,0.0
2023-05-30 00:00:00-04:00,21.707952114255022,21.92820325723369,21.14410972595215,21.14410972595215,7800,0.0,0.0
2023-05-31 00:00:00-04:00,21.34674151876665,21.381982510116558,21.029580998532257,21.249832153320312,14800,0.0,0.0
2023-06-01 00:00:00-04:00,21.144107506056177,22.077971783733172,21.144107506056177,21.813671112060547,17300,0.0,0.0
2023-06-02 00:00:00-04:00,21.699143636420274,22.55371921631181,21.699143636420274,22.236557006835938,19600,0.0,0.0
2023-06-05 00:00:00-04:00,22.395135665480623,23.276140213012695,22.351086110257146,23.276140213012695,15000,0.0,0.0
2023-06-06 00:00:00-04:00,23.35543213203985,24.66812878351676,23.35543213203985,24.386207580566406,13400,0.0,0.0
2023-06-07 00:00:00-04:00,24.50073360995976,26.289173272191576,24.50073360995976,26.209882736206055,20800,0.0,0.0
2023-06-08 00:00:00-04:00,26.342039276181467,26.377280269537582,25.60199521953354,25.90153694152832,25400,0.0,0.0
2023-06-09 00:00:00-04:00,25.61961168868195,26.06011395408596,25.549131393432617,25.549131393432617,14400,0.0,0.0
2023-06-12 00:00:00-04:00,25.76938379645405,25.804624786007338,25.117440613164064,25.214351654052734,14300,0.0,0.0
2023-06-13 00:00:00-04:00,25.320072196467116,26.042495705144212,25.020530495740083,25.681283950805664,16300,0.0,0.0
2023-06-14 00:00:00-04:00,26.183456919316882,26.183456919316882,25.240782236934802,25.293642044067383,18300,0.0,0.0
2023-06-15 00:00:00-04:00,25.20554324646893,26.051306892887418,25.08220145441232,25.79581642150879,18200,0.0,0.0
2023-06-16 00:00:00-04:00,25.857484343367844,27.91022491455078,25.742952808794747,27.91022491455078,156100,0.0,0.0
2023-06-20 00:00:00-04:00,27.62830654006776,28.747182856082212,27.31114432629786,27.364004135131836,93200,0.0,0.0
2023-06-21 00:00:00-04:00,27.319952242651564,28.755988969482356,26.97636099398285,28.26262855529785,56100,0.0,0.0
2023-06-22 00:00:00-04:00,29.443170093739997,29.443170093739997,27.64592170715332,27.64592170715332,62400,0.0,0.0
2023-06-23 00:00:00-04:00,28.31548913696059,28.31548913696059,26.65039087302942,27.073272705078125,837600,0.0,0.0
2023-06-26 00:00:00-04:00,27.284710034243087,27.97189418127199,26.738488159749156,26.844207763671875,36600,0.0,0.0
2023-06-27 00:00:00-04:00,27.08208411951727,27.08208411951727,25.97201800229987,26.095359802246094,25100,0.0,0.0
2023-06-28 00:00:00-04:00,25.79581305697144,25.97201295346878,24.765037697103143,25.267210006713867,43500,0.0,0.0
2023-06-29 00:00:00-04:00,24.897192588255837,25.972017698521896,24.897192588255837,25.954397201538086,14300,0.0,0.0
2023-06-30 00:00:00-04:00,25.989634855455208,26.139405699803657,25.610802620904263,26.01606559753418,15000,0.0,0.0
2023-07-03 00:00:00-04:00,26.112972863354155,26.62395540655128,26.112972863354155,26.60633659362793,8800,0.0,0.0
2023-07-05 00:00:00-04:00,26.509431403910217,26.57991171228673,25.97201800229987,26.095359802246094,16400,0.0,0.0
2023-07-06 00:00:00-04:00,25.936773755804357,26.121783899964928,25.231969125691613,25.698902130126953,17800,0.0,0.0
2023-07-07 00:00:00-04:00,25.39936195749291,26.87063967234134,25.39936195749291,26.368467330932617,39000,0.0,0.0
2023-07-10 00:00:00-04:00,26.35084965171531,26.57110082010503,25.56675602997049,25.751766204833984,10700,0.0,0.0
2023-07-11 00:00:00-04:00,25.839865981282795,26.236318740780835,25.628425069678173,25.79581642150879,11100,0.0,0.0
2023-07-12 00:00:00-04:00,26.201075750938394,26.24512698773668,25.831053763747104,26.01606559753418,10300,0.0,0.0
2023-07-13 00:00:00-04:00,26.24739765801693,26.31857697361435,25.677963133237586,26.194013595581055,11900,0.29,0.0
2023-07-14 00:00:00-04:00,26.30078365908877,26.30078365908877,25.437734181723435,25.535606384277344,7600,0.0,0.0
2023-07-17 00:00:00-04:00,25.41103923774637,25.793628692626953,25.41103923774637,25.793628692626953,6700,0.0,0.0
2023-07-18 00:00:00-04:00,25.784730242572564,26.274089502948954,25.740243808469565,26.25629425048828,7600,0.0,0.0
2023-07-19 00:00:00-04:00,26.32747704346906,27.359578063938265,26.158425516843387,26.89691162109375,13700,0.0,0.0
2023-07-20 00:00:00-04:00,26.959191581682862,28.115857614389142,26.959191581682862,28.08916473388672,16100,0.0,0.0
2023-07-21 00:00:00-04:00,27.991291904673297,28.364983738038013,27.2528058645774,27.261703491210938,16900,0.0,0.0
2023-07-24 00:00:00-04:00,27.493038517242514,27.83114156356166,26.772347682581625,27.243911743164062,39600,0.0,0.0
2023-07-25 00:00:00-04:00,27.1371417486246,27.759962074133888,26.84352684020996,26.84352684020996,19500,0.0,0.0
2023-07-26 00:00:00-04:00,27.181629046120545,27.929012781522747,27.03037277354989,27.039270401000977,25500,0.0,0.0
2023-07-27 00:00:00-04:00,27.404066189422633,27.937911987304688,27.39517025851789,27.937911987304688,90900,0.0,0.0
2023-07-28 00:00:00-04:00,27.92901218438146,28.91662674870041,27.768858287783914,28.044679641723633,21300,0.0,0.0
2023-07-31 00:00:00-04:00,28.409474305027572,28.45396074495762,27.991294302669957,28.338294982910156,15000,0.0,0.0
2023-08-01 00:00:00-04:00,28.69419267275067,29.503858128682975,28.22262858533063,29.343704223632812,26900,0.0,0.0
2023-08-02 00:00:00-04:00,29.165751821603628,29.761880933946465,27.154935695377645,27.804447174072266,42800,0.0,0.0
2023-08-03 00:00:00-04:00,27.154937167972243,27.80444868188945,27.021476153708946,27.243911743164062,12400,0.0,0.0
2023-08-04 00:00:00-04:00,28.124755676799637,28.124755676799637,27.19052520933177,27.19942283630371,21700,0.0,0.0
2023-08-07 00:00:00-04:00,27.475244967559135,27.93791142962471,27.466349036831968,27.89342498779297,12300,0.0,0.0
2023-08-08 00:00:00-04:00,27.475243062628728,27.920114238297938,27.1994234088875,27.63539695739746,68000,0.0,0.0
2023-08-09 00:00:00-04:00,27.857836269237648,27.857836269237648,27.261708746269267,27.4930419921875,14500,0.0,0.0
2023-08-10 00:00:00-04:00,27.582014089040353,27.582014089040353,27.10155238387358,27.190526962280273,19900,0.0,0.0
2023-08-11 00:00:00-04:00,27.10155047166893,27.68878196890021,27.06596166104665,27.323986053466797,14400,0.0,0.0
2023-08-14 00:00:00-04:00,27.190524738247774,27.33288337323477,26.256295984014525,26.514320373535156,28500,0.0,0.0
2023-08-15 00:00:00-04:00,26.416448988123435,26.416448988123435,25.259782996272275,25.393245697021484,7600,0.0,0.0
2023-08-16 00:00:00-04:00,25.44663209048872,25.87370802027803,24.80601649875586,24.903888702392578,14300,0.0,0.0
2023-08-17 00:00:00-04:00,25.13521968435664,25.13521968435664,24.12091401714085,24.886091232299805,10500,0.0,0.0
2023-08-18 00:00:00-04:00,24.717043186199877,25.38434995119076,23.880684898904292,25.135221481323242,15000,0.0,0.0
2023-08-21 00:00:00-04:00,26.33637508833421,26.33637508833421,25.072940826416016,25.072940826416016,11600,0.0,0.0
2023-08-22 00:00:00-04:00,24.939480145867872,24.948377773536198,24.530197758369667,24.56578826904297,9600,0.0,0.0
2023-08-23 00:00:00-04:00,24.73483453162511,25.215296174037274,23.871785137018357,24.058631896972656,14200,0.0,0.0
2023-08-24 00:00:00-04:00,23.925170210456898,24.432323056426384,23.925170210456898,24.263273239135742,9900,0.0,0.0
2023-08-25 00:00:00-04:00,24.84160568243816,24.84160568243816,23.9518633609999,24.023042678833008,5500,0.0,0.0
2023-08-28 00:00:00-04:00,24.877197389476287,24.894992645268804,23.951866149902344,23.951866149902344,13000,0.0,0.0
2023-08-29 00:00:00-04:00,24.058634470149013,24.903888702392578,24.058634470149013,24.903888702392578,7200,0.0,0.0
2023-08-30 00:00:00-04:00,24.672553147015357,24.69924602649344,24.476810455322266,24.476810455322266,7100,0.0,0.0
2023-08-31 00:00:00-04:00,24.788221290439612,25.357655825572294,24.05863286803867,24.138708114624023,15100,0.0,0.0
2023-09-01 00:00:00-04:00,24.459018422186215,24.743735719238458,24.307762145996094,24.307762145996094,11300,0.0,0.0
2023-09-05 00:00:00-04:00,24.29886014240055,24.779321767437583,24.192092023758086,24.530193328857422,12200,0.0,0.0
2023-09-06 00:00:00-04:00,24.46791383490888,24.46791383490888,23.364633560180664,23.364633560180664,7600,0.0,0.0
2023-09-07 00:00:00-04:00,23.40911983322728,24.01414487897449,23.40911983322728,23.48919677734375,22400,0.0,0.0
2023-09-08 00:00:00-04:00,23.8006061882009,23.942964818422503,23.46250486568678,23.702733993530273,5900,0.0,0.0
2023-09-11 00:00:00-04:00,24.031940719894802,24.378939688180793,23.400222778320312,23.400222778320312,9000,0.0,0.0
2023-09-12 00:00:00-04:00,23.38243095217191,24.2276852164453,23.38243095217191,24.174301147460938,4000,0.0,0.0
2023-09-13 00:00:00-04:00,23.880682869633098,24.37004044355683,23.80950355529785,23.80950355529785,20400,0.0,0.0
2023-09-14 00:00:00-04:00,24.156503415066428,24.503504070505112,23.85399089342695,24.263273239135742,12800,0.0,0.0
2023-09-15 00:00:00-04:00,24.325557903595648,25.900402394613163,24.245480950015168,25.526710510253906,50500,0.0,0.0
2023-09-18 00:00:00-04:00,25.50891488909751,25.50891488909751,24.316659927368164,24.316659927368164,8900,0.0,0.0
2023-09-19 00:00:00-04:00,24.28106830542572,24.405631685005435,23.82729952646548,23.86288833618164,10100,0.0,0.0
2023-09-20 00:00:00-04:00,24.192098475018266,24.272175433878406,23.925174713134766,23.925174713134766,10300,0.0,0.0
2023-09-21 00:00:00-04:00,24.09422330932609,24.09422330932609,23.80950602248218,23.853992462158203,4700,0.0,0.0
2023-09-22 00:00:00-04:00,23.978555601768655,24.031939664456857,23.1955814294475,23.329042434692383,19500,0.0,0.0
2023-09-25 00:00:00-04:00,24.13870858890954,24.13870858890954,23.008737123184662,23.373531341552734,12200,0.0,0.0
2023-09-26 00:00:00-04:00,23.044328566622838,23.498097408958934,23.044328566622838,23.159996032714844,5500,0.0,0.0
2023-09-27 00:00:00-04:00,23.186682831058945,23.5781699008121,22.964247265956946,23.515888214111328,8900,0.0,0.0
2023-09-28 00:00:00-04:00,23.266762527758516,23.3735323583629,22.937558802738693,23.053224563598633,8400,0.0,0.0
2023-09-29 00:00:00-04:00,22.95535237725864,23.097711020137076,22.804096107069196,22.919763565063477,5700,0.0,0.0
2023-10-02 00:00:00-04:00,23.062120091584017,23.09770890051328,22.457095066347986,22.519376754760742,5500,0.0,0.0
2023-10-03 00:00:00-04:00,22.38591549507422,22.724018509798224,22.34142906015992,22.62614631652832,5400,0.0,0.0
2023-10-04 00:00:00-04:00,22.52827467780988,23.115504457787008,22.465992988577266,22.804094314575195,10200,0.0,0.0
2023-10-05 00:00:00-04:00,22.830788378480264,24.02304325349153,22.830788378480264,23.93406867980957,14300,0.0,0.0
2023-10-06 00:00:00-04:00,23.59596703467313,23.84509380133967,22.804095205779124,23.257863998413086,18000,0.0,0.0
2023-10-09 00:00:00-04:00,23.035427652506,23.409119487175744,21.958840281819825,22.154582977294922,28900,0.0,0.0
2023-10-10 00:00:00-04:00,22.45709470236155,23.284555285402295,22.038916446190388,23.00873565673828,9900,0.0,0.0
2023-10-11 00:00:00-04:00,22.759607756191947,23.320144653320312,22.56386506293496,23.320144653320312,7300,0.0,0.0
2023-10-12 00:00:00-04:00,23.581058231278522,23.581058231278522,23.302152633666992,23.302152633666992,7900,0.29,0.0
2023-10-13 00:00:00-04:00,23.428114533264402,23.428114533264402,21.60172870694988,22.384464263916016,12100,0.0,0.0
2023-10-16 00:00:00-04:00,22.429447231086957,22.969265792260956,22.26750149113117,22.717350006103516,7600,0.0,0.0
2023-10-17 00:00:00-04:00,23.014249037829522,24.03990306185587,23.014249037829522,23.41011619567871,12400,0.0,0.0
2023-10-18 00:00:00-04:00,23.31114947810822,23.81497932508321,23.041241060523443,23.75200080871582,18800,0.0,0.0
2023-10-19 00:00:00-04:00,23.787986990189516,24.174856939459115,23.635038445502367,23.85096549987793,6200,0.0,0.0
2023-10-20 00:00:00-04:00,24.066895165888646,24.28282224369568,22.88829255601181,23.02324676513672,14100,0.0,0.0
2023-10-23 00:00:00-04:00,23.527075818581274,23.796985943749092,22.906284418334685,23.347137451171875,11000,0.0,0.0
2023-10-24 00:00:00-04:00,23.113216901920172,23.12221407803577,22.05157414478193,22.438444137573242,14600,0.0,0.0
2023-10-25 00:00:00-04:00,22.672364124734333,22.672364124734333,21.754672811810888,21.83564567565918,9300,0.0,0.0
2023-10-26 00:00:00-04:00,21.772668741671744,22.429447159589156,21.76367156547667,22.357471466064453,13000,0.0,0.0
2023-10-27 00:00:00-04:00,22.492427825927734,22.591395057493358,21.979600746062353,22.492427825927734,8700,0.0,0.0
2023-10-30 00:00:00-04:00,22.690359712667565,22.942275512538988,22.44744280554568,22.52841567993164,11000,0.0,0.0
2023-10-31 00:00:00-04:00,22.492424973650138,23.05023786805243,22.492424973650138,23.041240692138672,9800,0.0,0.0
2023-11-01 00:00:00-04:00,23.500085255679213,24.264826295772885,22.654369636192794,23.662029266357422,25900,0.0,0.0
2023-11-02 00:00:00-04:00,23.23017659496137,25.083551960762026,23.23017659496137,24.77765655517578,24100,0.0,0.0
2023-11-03 00:00:00-04:00,25.48841390741289,26.45108934602678,25.398443871385226,26.181180953979492,13300,0.0,0.0
2023-11-06 00:00:00-05:00,25.308476476751558,26.010240771766203,24.85862796569917,24.984586715698242,9700,0.0,0.0
2023-11-07 00:00:00-05:00,24.73266963679828,24.984585407570886,24.35479683865727,24.813642501831055,5700,0.0,0.0
2023-11-08 00:00:00-05:00,23.590055407464174,23.91394688600395,22.987258331312866,23.302152633666992,19800,0.0,0.0
2023-11-09 00:00:00-05:00,23.769993946882728,23.94093685117539,23.14020538330078,23.14020538330078,6700,0.0,0.0
2023-11-10 00:00:00-05:00,22.99625510363988,23.68002503741781,22.987257927612237,23.392122268676758,11100,0.0,0.0
2023-11-13 00:00:00-05:00,23.167199272203263,23.734007664389697,23.167199272203263,23.41911506652832,8800,0.0,0.0
2023-11-14 00:00:00-05:00,23.84196992578791,25.191515393285343,23.814978398665076,25.173521041870117,17900,0.0,0.0
2023-11-15 00:00:00-05:00,25.191519593726383,25.58738681068933,24.201852409337057,24.651700973510742,7900,0.0,0.0
2023-11-16 00:00:00-05:00,24.714676115795903,24.912610555208655,24.192851921406035,24.705678939819336,4700,0.0,0.0
2023-11-17 00:00:00-05:00,25.011575199705177,25.011575199705177,24.62470694221728,24.741666793823242,10500,0.0,0.0
2023-11-20 00:00:00-05:00,24.74166932910908,25.353463608903716,24.309815149031447,24.642702102661133,8600,0.0,0.0
2023-11-21 00:00:00-05:00,24.68768759639471,25.08355306387354,24.27382605998473,24.876623153686523,13900,0.0,0.0
2023-11-22 00:00:00-05:00,25.524407681722973,25.524407681722973,25.18252182006836,25.18252182006836,1700,0.0,0.0
2023-11-24 00:00:00-05:00,25.37145931250128,25.37145931250128,24.750667823075016,25.10154914855957,4000,0.0,0.0
2023-11-27 00:00:00-05:00,24.723674536023807,25.02057449404896,24.588720321655273,24.588720321655273,8900,0.0,0.0
2023-11-28 00:00:00-05:00,24.597717746837947,25.101547619725743,24.597717746837947,24.795650482177734,9000,0.0,0.0
2023-11-29 00:00:00-05:00,25.281487777763164,25.290484954304763,24.840636423440774,25.155529022216797,11100,0.0,0.0
2023-11-30 00:00:00-05:00,25.09254876178633,25.09254876178633,24.471759067804232,24.93060302734375,6600,0.0,0.0
2023-12-01 00:00:00-05:00,25.05656322877922,26.397111629659296,25.05656322877922,26.118206024169922,15000,0.0,0.0
2023-12-04 00:00:00-05:00,26.136196925518675,26.837961196899414,25.524404412561424,26.837961196899414,16300,0.0,0.0
2023-12-05 00:00:00-05:00,26.88294783635349,26.88294783635349,25.101548040337654,26.30714225769043,9900,0.0,0.0
2023-12-06 00:00:00-05:00,26.676012776150017,27.377776976826684,26.676012776150017,27.017898559570312,11400,0.0,0.0
2023-12-07 00:00:00-05:00,27.224832922548252,27.224832922548252,26.81097138745851,26.99091148376465,19600,0.0,0.0
2023-12-08 00:00:00-05:00,26.954923192061393,27.026900604518023,26.71200628916412,26.900941848754883,7800,0.0,0.0
2023-12-11 00:00:00-05:00,26.36112068341463,27.269814834169207,26.36112068341463,26.568052291870117,23900,0.0,0.0
2023-12-12 00:00:00-05:00,26.523065187440242,27.260816398336427,26.523065187440242,26.68501091003418,10900,0.0,0.0
2023-12-13 00:00:00-05:00,26.765988559257693,27.89060992729373,26.72999985178325,27.665685653686523,32100,0.0,0.0
2023-12-14 00:00:00-05:00,27.890604998511566,28.781304758668778,27.449753706072283,28.36744499206543,51700,0.0,0.0
2023-12-15 00:00:00-05:00,28.43942307953549,30.59869384765625,28.268480166879147,30.59869384765625,77900,0.0,0.0
2023-12-18 00:00:00-05:00,30.418755406451915,30.796626481677535,28.313462669964984,30.229816436767578,23400,0.0,0.0
2023-12-19 00:00:00-05:00,30.058877998462222,30.859607815712444,30.058877998462222,30.34678077697754,16300,0.0,0.0
2023-12-20 00:00:00-05:00,30.427756135149377,31.039550447521368,29.285140387986168,29.67201042175293,28200,0.0,0.0
2023-12-21 00:00:00-05:00,30.04987913764561,30.463738905918998,29.72598769045028,30.184831619262695,7700,0.0,0.0
2023-12-22 00:00:00-05:00,30.004892482658974,30.589696884155273,30.004892482658974,30.589696884155273,11000,0.0,0.0
2023-12-26 00:00:00-05:00,29.788967223566136,31.030550003051758,29.788967223566136,31.030550003051758,9800,0.0,0.0
2023-12-27 00:00:00-05:00,30.42775265103577,30.769638476348458,30.040882661567352,30.59869384765625,9600,0.0,0.0
2023-12-28 00:00:00-05:00,30.598696343259263,30.598696343259263,30.364776611328125,30.364776611328125,5400,0.0,0.0
2023-12-29 00:00:00-05:00,29.896932551250817,30.56270987817537,29.582039956668048,29.60902976989746,8300,0.0,0.0
2024-01-02 00:00:00-05:00,29.474074524019702,29.474074524019702,28.16051762458413,28.493406295776367,14900,0.0,0.0
2024-01-03 00:00:00-05:00,28.484410109586676,28.547388632155492,27.305807386558158,27.800640106201172,10800,0.0,0.0
2024-01-04 00:00:00-05:00,27.96258543964359,28.025563961267657,27.593709770671744,27.890609741210938,13300,0.0,0.0
2024-01-05 00:00:00-05:00,27.620697223492677,28.799298038809663,27.26981424390235,28.3404541015625,34000,0.0,0.0
2024-01-08 00:00:00-05:00,28.38543817340261,28.78130531311035,28.38543817340261,28.78130531311035,4500,0.0,0.0
2024-01-09 00:00:00-05:00,28.25948087980559,28.44841813042461,27.035892486572266,27.035892486572266,12200,0.0,0.0
2024-01-10 00:00:00-05:00,27.080881947824533,27.45875478304203,26.298144747718307,26.900941848754883,9600,0.0,0.0
2024-01-11 00:00:00-05:00,25.901243012914147,26.75553010992802,25.901243012914147,26.673736572265625,6700,0.3,0.0
2024-01-12 00:00:00-05:00,26.81914626526139,26.81914626526139,26.12844626045199,26.501060485839844,7000,0.0,0.0
2024-01-16 00:00:00-05:00,26.16479838285523,26.16479838285523,25.719477274253606,26.010299682617188,5600,0.0,0.0
2024-01-17 00:00:00-05:00,25.901245017425456,26.246594188282714,25.501365661621094,25.501365661621094,5400,0.0,0.0
2024-01-18 00:00:00-05:00,25.446836014043594,25.728568355982055,25.301425661209027,25.419570922851562,5400,0.0,0.0
2024-01-19 00:00:00-05:00,25.774011581597307,26.3102129369807,25.219633497760313,26.301124572753906,8200,0.0,0.0
2024-01-22 00:00:00-05:00,26.355651161887426,27.491670608520508,26.355651161887426,27.491670608520508,6400,0.0,0.0
2024-01-23 00:00:00-05:00,26.401090661606755,27.71887388388394,26.401090661606755,26.919116973876953,7500,0.0,0.0
2024-01-24 00:00:00-05:00,27.664344912029197,27.664344912029197,27.146320343017578,27.146320343017578,6000,0.0,0.0
2024-01-25 00:00:00-05:00,27.528022312035116,27.528022312035116,26.719175338745117,26.719175338745117,6400,0.0,0.0
2024-01-26 00:00:00-05:00,26.80096922911525,26.80096922911525,26.128445958541544,26.48288345336914,6000,0.0,0.0
2024-01-29 00:00:00-05:00,26.128445803047512,26.173885884985953,24.54710703028313,25.15601348876953,15700,0.0,0.0
2024-01-30 00:00:00-05:00,26.146625465800128,26.146625465800128,24.89245895567495,25.355955123901367,5900,0.0,0.0
2024-01-31 00:00:00-05:00,25.01060687351572,25.346867690196774,24.419877053145765,24.892459869384766,12700,0.0,0.0
2024-02-01 00:00:00-05:00,25.419571249904724,26.810059716882247,25.010605277331212,26.10118293762207,27300,0.0,0.0
2024-02-02 00:00:00-05:00,26.037565042267225,26.800970239465745,25.05604432207314,25.892154693603516,8600,0.0,0.0
2024-02-05 00:00:00-05:00,25.019692515737052,25.455923560230747,24.983339061981873,25.092397689819336,13100,0.0,0.0
2024-02-06 00:00:00-05:00,25.01969500141034,25.4468377249013,24.50166863450226,25.137840270996094,21400,0.0,0.0
2024-02-07 00:00:00-05:00,24.93789655831265,25.0287784504536,23.620113455838656,24.53801727294922,10800,0.0,0.0
2024-02-08 00:00:00-05:00,24.53802029162792,24.53802029162792,24.11087759947445,24.35625648498535,6300,0.0,0.0
2024-02-09 00:00:00-05:00,24.219932665878368,24.538018436743982,23.556497768611344,24.09269905090332,8900,0.0,0.0
2024-02-12 00:00:00-05:00,23.929114322416655,24.992428627923623,23.75643887562748,24.647079467773438,17200,0.0,0.0
2024-02-13 00:00:00-05:00,23.683731341866892,24.983337778575855,23.411087386421205,23.56558609008789,18900,0.0,0.0
2024-02-14 00:00:00-05:00,23.99273083927347,24.628902435302734,23.99273083927347,24.628902435302734,7000,0.0,0.0
2024-02-15 00:00:00-05:00,24.23811175086252,25.628600221643335,24.219935023117582,25.174192428588867,12400,0.0,0.0
2024-02-16 00:00:00-05:00,25.22872242151827,25.85580569964907,25.22872242151827,25.54680824279785,7100,0.0,0.0
2024-02-20 00:00:00-05:00,25.046953755638967,25.328687798145022,24.556194305419922,24.556194305419922,7700,0.0,0.0
2024-02-21 00:00:00-05:00,24.283551081456526,24.283551081456526,23.438354068744736,23.54741096496582,6600,0.0,0.0
2024-02-22 00:00:00-05:00,23.62920621590009,24.338083026411258,23.26568031311035,23.26568031311035,8400,0.0,0.0
2024-02-23 00:00:00-05:00,22.911237569338756,23.856406506796304,22.811269044612725,23.683731079101562,12700,0.0,0.0
2024-02-26 00:00:00-05:00,23.38382552592568,24.083613970526006,23.38382552592568,23.656471252441406,8200,0.0,0.0
2024-02-27 00:00:00-05:00,23.85640904208934,24.06543621005441,23.611028418776517,23.7200870513916,7700,0.0,0.0
2024-02-28 00:00:00-05:00,23.383822676249768,24.71069422336564,23.383822676249768,24.2471981048584,7900,0.0,0.0
2024-02-29 00:00:00-05:00,24.75613517629623,25.174191227340415,24.492579570283485,25.092397689819336,8700,0.0,0.0
2024-03-01 00:00:00-05:00,24.86519257059753,24.86519257059753,23.892760265452818,24.09269905090332,6000,0.0,0.0
2024-03-04 00:00:00-05:00,23.17479276227828,24.474399065119197,23.17479276227828,24.05634307861328,10300,0.0,0.0
2024-03-05 00:00:00-05:00,24.229022199875004,24.52893125925961,23.94728986734476,24.038171768188477,6300,0.0,0.0
2024-03-06 00:00:00-05:00,23.75643406514444,24.05634307861328,23.71099398839345,24.05634307861328,5600,0.0,0.0
2024-03-07 00:00:00-05:00,23.747349742997628,24.465314865112305,23.69282129493452,24.465314865112305,5300,0.0,0.0
2024-03-08 00:00:00-05:00,24.54710817870716,24.71069525482371,22.72038871778581,24.183582305908203,5900,0.0,0.0
2024-03-11 00:00:00-04:00,24.356255149179127,24.71978274252678,24.25628662109375,24.25628662109375,5400,0.0,0.0
2024-03-12 00:00:00-04:00,24.129052526837835,24.129052526837835,23.938202090474903,24.0836124420166,4200,0.0,0.0
2024-03-13 00:00:00-04:00,23.774612322158035,24.17449161037589,23.56558518214131,23.901845932006836,9700,0.0,0.0
2024-03-14 00:00:00-04:00,23.64738185047669,23.64738185047669,23.04756370526395,23.056652069091797,19100,0.0,0.0
2024-03-15 00:00:00-04:00,22.82035927815749,23.93820200151572,22.82035927815749,23.82005500793457,25800,0.0,0.0
2024-03-18 00:00:00-04:00,23.66555914778193,25.774011070606555,23.66555914778193,24.819753646850586,47500,0.0,0.0
2024-03-19 00:00:00-04:00,25.174190572779064,25.437746171939022,24.53801901602931,24.919721603393555,13600,0.0,0.0
2024-03-20 00:00:00-04:00,24.083611318754173,24.73795787017302,24.083611318754173,24.27446174621582,8000,0.0,0.0
2024-03-21 00:00:00-04:00,24.274463793961193,25.328691482543945,24.274463793961193,25.328691482543945,8100,0.0,0.0
2024-03-22 00:00:00-04:00,26.301122617642527,26.355651065521666,24.728870391845703,24.728870391845703,11800,0.0,0.0
2024-03-25 00:00:00-04:00,25.90124252488137,25.90124252488137,24.110876560353493,24.283550262451172,3300,0.0,0.0
2024-03-26 00:00:00-04:00,25.901244201983268,25.901244201983268,23.6837336866992,24.129053115844727,6000,0.0,0.0
2024-03-27 00:00:00-04:00,24.119966996474464,24.42896270751953,23.920026453916343,24.42896270751953,8600,0.0,0.0
2024-03-28 00:00:00-04:00,24.692518671068974,25.646774309380415,24.356256153386713,24.728870391845703,8300,0.0,0.0
2024-04-01 00:00:00-04:00,24.538018221300742,25.910329818725586,23.838229878226116,25.910329818725586,24400,0.0,0.0
2024-04-02 00:00:00-04:00,25.683127247505592,25.80127250444106,22.029688377881765,22.193275451660156,83000,0.0,0.0
2024-04-03 00:00:00-04:00,22.147835459808565,24.08361179619022,22.147835459808565,22.993032455444336,21800,0.0,0.0
2024-04-04 00:00:00-04:00,23.39291041290842,23.39291041290842,22.50227165222168,22.50227165222168,6900,0.0,0.0
2024-04-05 00:00:00-04:00,23.12935722471412,23.256590851329015,22.765829605651867,23.065738677978516,5100,0.0,0.0
2024-04-08 00:00:00-04:00,23.302028406209374,23.302028406209374,22.493183181842102,22.629505157470703,7600,0.0,0.0
2024-04-09 00:00:00-04:00,22.99303309663847,23.02029818761727,22.493185229357334,22.638595581054688,5300,0.0,0.0
2024-04-10 00:00:00-04:00,22.493187012555563,22.502275376935664,21.811575284902364,22.10239601135254,13900,0.0,0.0
2024-04-11 00:00:00-04:00,22.1750993136473,22.44774502165908,22.1750993136473,22.23871612548828,6500,0.0,0.0
2024-04-12 00:00:00-04:00,22.34913038708282,22.34913038708282,21.852277755737305,21.852277755737305,9500,0.3,0.0
2024-04-15 00:00:00-04:00,22.073098246418553,22.073098246418553,21.622251510620117,21.622251510620117,6300,0.0,0.0
2024-04-16 00:00:00-04:00,21.83387417468595,21.85227651293593,21.622252549641868,21.677457809448242,3500,0.0,0.0
2024-04-17 00:00:00-04:00,22.422736540623195,22.422736540623195,22.036296215080842,22.07309913635254,4500,0.0,0.0
2024-04-18 00:00:00-04:00,22.441137420963102,22.441137420963102,21.668256759643555,21.668256759643555,10000,0.0,0.0
2024-04-19 00:00:00-04:00,21.622252169540282,22.34912872314453,21.622252169540282,22.34912872314453,6900,0.0,0.0
2024-04-22 00:00:00-04:00,23.287624640182166,23.287624640182166,22.13750486876937,22.634357452392578,3200,0.0,0.0
2024-04-23 00:00:00-04:00,22.634358494568158,23.204816944686716,22.18351173400879,22.18351173400879,3600,0.0,0.0
2024-04-24 00:00:00-04:00,22.25711974093664,22.66196066298299,21.870679402660684,22.27552032470703,9900,0.0,0.0
2024-04-25 00:00:00-04:00,22.542347344296505,22.542347344296505,21.990289507325038,22.12830352783203,7500,0.0,0.0
2024-04-26 00:00:00-04:00,22.25711958420947,22.54234881249355,22.137506138354354,22.42273712158203,4100,0.0,0.0
2024-04-29 00:00:00-04:00,22.542346561077945,22.542346561077945,22.31232261657715,22.31232261657715,4000,0.0,0.0
2024-04-30 00:00:00-04:00,22.06389852718274,22.312324833108974,22.045496188608144,22.165109634399414,9700,0.0,0.0
2024-05-01 00:00:00-04:00,22.54234642365953,23.103605406401925,22.18350963400766,22.707963943481445,26400,0.0,0.0
2024-05-02 00:00:00-04:00,22.919586889211654,23.462443567040623,22.919586889211654,23.26002311706543,11700,0.0,0.0
2024-05-03 00:00:00-04:00,23.462444374013607,23.462444374013607,23.33363151550293,23.33363151550293,2400,0.0,0.0
2024-05-06 00:00:00-04:00,23.122008608334237,23.46244485487427,23.122008608334237,23.29682731628418,3300,0.0,0.0
2024-05-07 00:00:00-04:00,23.462444614254174,23.600458643349302,23.204817139651297,23.315229415893555,9200,0.0,0.0
2024-05-08 00:00:00-04:00,22.615954032987936,22.75396804796662,22.321523666381836,22.321523666381836,4000,0.0,0.0
2024-05-09 00:00:00-04:00,22.35832611133764,22.993192672729492,22.35832611133764,22.993192672729492,4300,0.0,0.0
2024-05-10 00:00:00-04:00,22.367530645498114,22.569952864923426,21.65905814234046,21.741865158081055,13900,0.0,0.0
2024-05-13 00:00:00-04:00,21.999491000771123,22.83677805980942,21.999491000771123,22.23871612548828,8900,0.0,0.0
2024-05-14 00:00:00-04:00,22.31232224785431,22.86438005652186,22.119102980039536,22.72636604309082,7800,0.0,0.0
2024-05-15 00:00:00-04:00,22.97479213910192,23.398037131552623,22.358327865600586,22.358327865600586,31100,0.0,0.0
2024-05-16 00:00:00-04:00,22.109902042413854,22.919585549945708,22.109902042413854,22.707963943481445,31700,0.0,0.0
2024-05-17 00:00:00-04:00,22.864382889114474,22.864382889114474,22.496344889388897,22.53314781188965,8400,0.0,0.0
2024-05-20 00:00:00-04:00,22.698763460716624,22.95639091654756,22.46873951067083,22.790773391723633,3700,0.0,0.0
2024-05-21 00:00:00-04:00,22.90118478611466,23.269224524303258,22.90118478611466,23.241621017456055,3500,0.0,0.0
2024-05-22 00:00:00-04:00,22.901185273339063,23.278424433558992,22.901185273339063,22.956392288208008,4700,0.0,0.0
2024-05-23 00:00:00-04:00,23.296825410184262,23.296825410184262,22.404333114624023,22.404333114624023,10100,0.0,0.0
2024-05-24 00:00:00-04:00,22.753970611724995,22.753970611724995,22.514745473167466,22.53314781188965,5000,0.0,0.0
2024-05-28 00:00:00-04:00,22.6343570930564,22.910385131835938,22.6343570930564,22.910385131835938,4200,0.0,0.0
2024-05-29 00:00:00-04:00,22.56075009455881,22.615955352783203,22.56075009455881,22.615955352783203,6100,0.0,0.0
2024-05-30 00:00:00-04:00,22.422736336873566,23.59125671699284,22.422736336873566,23.36123275756836,5400,0.0,0.0
2024-05-31 00:00:00-04:00,23.287626266479492,23.287626266479492,23.287626266479492,23.287626266479492,4100,0.0,0.0
2024-06-03 00:00:00-04:00,23.591257461212923,23.591257461212923,22.82757796203002,23.057601928710938,4700,0.0,0.0
2024-06-04 00:00:00-04:00,22.98399404069891,23.076003977203577,22.40433442412357,22.956392288208008,16000,0.0,0.0
2024-06-05 00:00:00-04:00,23.158812929654893,23.324430465698242,23.002396562829908,23.324430465698242,5300,0.0,0.0
2024-06-06 00:00:00-04:00,23.333631311278072,23.370434232697477,22.671161176293168,23.214017868041992,3500,0.0,0.0
2024-06-07 00:00:00-04:00,23.30602682059775,23.30602682059775,23.029998779296875,23.029998779296875,3500,0.0,0.0
2024-06-10 00:00:00-04:00,22.71716487486963,23.342830274363294,22.71716487486963,22.72636604309082,4300,0.0,0.0
2024-06-11 00:00:00-04:00,23.195614545965583,23.278423309326172,23.195614545965583,23.278423309326172,4400,0.0,0.0
2024-06-12 00:00:00-04:00,23.3704359113875,23.600459890347896,23.112810178115815,23.232421875,8100,0.0,0.0
2024-06-13 00:00:00-04:00,23.066800262822508,23.066800262822508,22.65275822665307,22.993192672729492,5300,0.0,0.0
2024-06-14 00:00:00-04:00,22.39513353644959,23.057601928710938,22.39513353644959,23.057601928710938,8300,0.0,0.0
2024-06-17 00:00:00-04:00,23.076002862746666,23.609658362768535,23.020797605487434,23.278423309326172,9300,0.0,0.0
2024-06-18 00:00:00-04:00,23.09440442065552,23.48084471831382,22.551547770255926,22.818374633789062,19900,0.0,0.0
2024-06-20 00:00:00-04:00,22.523946046554418,23.085205078125,22.450338448556927,23.085205078125,10100,0.0,0.0
2024-06-21 00:00:00-04:00,22.91038644248389,23.361233200918836,22.91038644248389,22.956392288208008,19600,0.0,0.0
2024-06-24 00:00:00-04:00,22.818375200594936,23.168012588322046,22.717165855678957,22.910385131835938,5100,0.0,0.0
2024-06-25 00:00:00-04:00,22.634358909855603,22.67116183233999,22.22951623286564,22.27552032470703,5400,0.0,0.0
2024-06-26 00:00:00-04:00,22.2755190458598,22.84597922863818,22.23871612548828,22.23871612548828,11300,0.0,0.0
2024-06-27 00:00:00-04:00,22.717166650773486,22.993194699213923,22.717166650773486,22.983993530273438,9400,0.0,0.0
2024-06-28 00:00:00-04:00,23.002397938620497,23.416441803493143,22.956393844720733,23.352033615112305,72500,0.0,0.0
2024-07-01 00:00:00-04:00,23.14960783723784,23.14960783723784,22.560747146606445,22.560747146606445,7900,0.0,0.0
2024-07-02 00:00:00-04:00,22.726366161555283,23.186414045352407,22.65275857034548,22.717164993286133,10500,0.0,0.0
2024-07-03 00:00:00-04:00,22.965590177238113,23.223217631353137,22.542346954345703,22.542346954345703,13200,0.0,0.0
2024-07-05 00:00:00-04:00,22.49634406469131,22.49634406469131,21.695859909057617,21.695859909057617,28500,0.0,0.0
2024-07-08 00:00:00-04:00,21.9350836046033,22.441135583217967,21.66825498519101,22.30312156677246,17200,0.0,0.0
2024-07-09 00:00:00-04:00,22.082299290120353,22.652759460623592,22.082299290120353,22.523944854736328,5700,0.0,0.0
2024-07-10 00:00:00-04:00,22.220315626188427,22.88278579711914,22.16511036359209,22.88278579711914,11300,0.0,0.0
2024-07-11 00:00:00-04:00,23.14961019205019,24.57575798034668,22.827576310999653,24.57575798034668,28700,0.0,0.0
2024-07-12 00:00:00-04:00,24.80578266111431,24.814983829980342,23.931692678163774,24.272127151489258,17800,0.0,0.0
2024-07-15 00:00:00-04:00,24.365196529424814,25.416863882718165,24.365196529424814,25.388944625854492,10500,0.3,0.0
2024-07-16 00:00:00-04:00,25.593694493175853,27.25030517578125,25.575080471149413,27.25030517578125,19300,0.0,0.0
2024-07-17 00:00:00-04:00,26.905951279190724,26.980405587766818,25.32379500303528,25.872896194458008,24200,0.0,0.0
2024-07-18 00:00:00-04:00,25.361023252983895,26.077647088365648,25.258647912177718,25.55646514892578,8500,0.0,0.0
2024-07-19 00:00:00-04:00,25.76121500326668,26.27308814059826,25.593692369192873,25.63092041015625,12900,0.0,0.0
2024-07-22 00:00:00-04:00,25.798441476736635,26.059032440185547,25.08181943373087,26.059032440185547,7200,0.0,0.0
2024-07-23 00:00:00-04:00,25.798441476736635,26.07764646081705,25.798441476736635,26.059032440185547,17300,0.0,0.0
2024-07-24 00:00:00-04:00,26.06834041752631,26.552294321113767,25.6867618560791,25.6867618560791,13200,0.0,0.0
2024-07-25 00:00:00-04:00,26.79427174345067,27.445746524984603,26.580214044750033,27.436439514160156,13600,0.0,0.0
2024-07-26 00:00:00-04:00,27.455054386601137,27.455054386601137,26.08695570536677,27.44574737548828,10700,0.0,0.0
2024-07-29 00:00:00-04:00,27.538811854779105,27.538811854779105,25.62161221229883,25.64022445678711,5800,0.0,0.0
2024-07-30 00:00:00-04:00,26.24517014351348,26.49645233154297,26.021805437283827,26.49645233154297,5700,0.0,0.0
2024-07-31 00:00:00-04:00,26.62674909887226,27.436439514160156,26.542987776583058,27.436439514160156,19500,0.0,0.0
2024-08-01 00:00:00-04:00,27.464358470566452,27.68772138807643,25.64022531487229,25.947349548339844,29100,0.0,0.0
2024-08-02 00:00:00-04:00,24.839842691823062,25.59369278218912,24.839842691823062,25.1469669342041,8300,0.0,0.0
2024-08-05 00:00:00-04:00,24.132526844363614,24.93291201872613,23.35075569152832,23.35075569152832,16900,0.0,0.0
2024-08-06 00:00:00-04:00,23.369368017149633,24.22559341882707,23.266992681310057,23.62995719909668,7500,0.0,0.0
2024-08-07 00:00:00-04:00,24.30935649153094,24.30935649153094,23.499664306640625,23.499664306640625,6600,0.0,0.0
2024-08-08 00:00:00-04:00,24.197675453042084,24.737469680604708,24.113914126771082,24.663015365600586,4300,0.0,0.0
2024-08-09 00:00:00-04:00,24.560637053350746,25.025976909762125,24.076684951782227,24.076684951782227,3700,0.0,0.0
2024-08-12 00:00:00-04:00,24.21628816610531,24.21628816610531,23.35075569152832,23.35075569152832,4100,0.0,0.0
2024-08-13 00:00:00-04:00,23.043632480152812,23.425211063082816,23.043632480152812,23.341449737548828,4300,0.0,0.0
2024-08-14 00:00:00-04:00,23.415904484421716,23.415904484421716,23.015711871729632,23.15531349182129,5500,0.0,0.0
2024-08-15 00:00:00-04:00,23.71372093153996,24.18836784362793,23.546198283140576,24.18836784362793,5000,0.0,0.0
2024-08-16 00:00:00-04:00,24.15113997871378,24.793307721636086,23.79748068321123,24.08599090576172,15900,0.0,0.0
2024-08-19 00:00:00-04:00,24.272127901090304,24.61648019095441,23.797481013773666,24.21628761291504,2700,0.0,0.0
2024-08-20 00:00:00-04:00,24.020845119261597,24.030152130268892,23.825403213500977,23.825403213500977,3300,0.0,0.0
2024-08-21 00:00:00-04:00,23.583424567914445,24.709546192384607,23.508970260305926,23.95569610595703,9000,0.0,0.0
2024-08-22 00:00:00-04:00,23.732332117470936,23.732332117470936,23.51827621459961,23.51827621459961,2000,0.0,0.0
2024-08-23 00:00:00-04:00,23.508972553632265,25.1097412109375,23.508972553632265,25.1097412109375,11200,0.0,0.0
2024-08-26 00:00:00-04:00,24.95152186222952,25.12835149944739,24.607171372791726,24.728158950805664,5800,0.0,0.0
2024-08-27 00:00:00-04:00,24.9236041173586,24.942216363089948,24.430343215297903,24.616479873657227,5500,0.0,0.0
2024-08-28 00:00:00-04:00,23.881242541381035,24.40242271085647,23.881242541381035,24.048765182495117,2800,0.0,0.0
2024-08-29 00:00:00-04:00,24.20698078538826,25.314490197500742,24.20698078538826,24.942216873168945,12100,0.0,0.0
2024-08-30 00:00:00-04:00,25.37032910812236,25.37032910812236,24.46757042845137,25.351715087890625,5200,0.0,0.0
2024-09-03 00:00:00-04:00,24.002232323554022,25.137661013518926,23.862628936767578,23.862628936767578,15800,0.0,0.0
2024-09-04 00:00:00-04:00,23.723026815476715,23.83470916748047,23.723026815476715,23.83470916748047,2100,0.0,0.0
2024-09-05 00:00:00-04:00,23.84401649658651,24.569945581350293,23.583425521850586,23.583425521850586,12900,0.0,0.0
2024-09-06 00:00:00-04:00,23.5648106464813,24.756081348365754,23.546196625718093,24.318660736083984,19500,0.0,0.0
2024-09-09 00:00:00-04:00,24.54202638738854,25.361023806314734,24.54202638738854,25.22142219543457,8000,0.0,0.0
2024-09-10 00:00:00-04:00,25.12835270825157,25.174885984696047,24.663012843283948,25.16558074951172,18100,0.0,0.0
2024-09-11 00:00:00-04:00,25.351716694962676,25.351716694962676,24.663013878907005,25.156274795532227,10000,0.0,0.0
2024-09-12 00:00:00-04:00,25.361023252983895,25.612307212164108,25.342409231904455,25.55646514892578,8300,0.0,0.0
2024-09-13 00:00:00-04:00,25.82636606229842,26.23586569689946,25.44478746248755,26.226558685302734,15200,0.0,0.0
2024-09-16 00:00:00-04:00,26.235862810222354,27.194461822509766,25.519238972301896,27.194461822509766,9200,0.0,0.0
2024-09-17 00:00:00-04:00,27.073474041378613,27.45505259647166,26.617441177368164,26.617441177368164,13100,0.0,0.0
2024-09-18 00:00:00-04:00,26.46853212233684,26.924564978814722,25.83566961942689,26.273088455200195,16000,0.0,0.0
2024-09-19 00:00:00-04:00,26.97109889041977,27.45505278934814,26.477839756050763,27.34337043762207,14200,0.0,0.0
2024-09-20 00:00:00-04:00,26.682590083086463,27.045554639031742,26.049727531600748,26.189329147338867,55800,0.0,0.0
2024-09-23 00:00:00-04:00,26.20793944950278,26.319621791319534,26.0031905604911,26.10556411743164,5200,0.0,0.0
2024-09-24 00:00:00-04:00,26.291704616454,26.291704616454,25.9566593170166,25.9566593170166,4800,0.0,0.0
2024-09-25 00:00:00-04:00,25.63092146680129,25.63092146680129,25.621614456176758,25.621614456176758,4300,0.0,0.0
2024-09-26 00:00:00-04:00,25.89151042783273,26.152101397552663,25.277261933257158,25.55646514892578,8400,0.0,0.0
2024-09-27 00:00:00-04:00,25.733294382559354,26.04041862487793,25.41686312985164,26.04041862487793,3400,0.0,0.0
2024-09-30 00:00:00-04:00,25.91943200524304,26.068340626752672,25.640227008564384,25.668148040771484,3600,0.0,0.0
2024-10-01 00:00:00-04:00,25.230727911762546,25.556464395394695,24.85845460167317,24.867761611938477,7900,0.0,0.0
2024-10-02 00:00:00-04:00,24.63509316916155,25.24934168273921,24.63509316916155,24.75608253479004,5700,0.0,0.0
2024-10-03 00:00:00-04:00,24.849149156859013,25.20280666830288,24.588558197021484,24.588558197021484,7600,0.0,0.0
2024-10-04 00:00:00-04:00,25.146966831096822,25.379636764526367,24.802614548563575,25.379636764526367,5700,0.0,0.0
2024-10-07 00:00:00-04:00,25.454093950214137,25.686763909950773,25.26795727237246,25.305185317993164,4700,0.0,0.0
2024-10-08 00:00:00-04:00,25.15627550711467,25.696069717407227,25.15627550711467,25.696069717407227,3900,0.0,0.0
2024-10-09 00:00:00-04:00,25.68676352643217,26.105568382626558,25.16558332144029,26.00319480895996,12600,0.0,0.0
2024-10-10 00:00:00-04:00,25.593691182870497,26.124178316094554,25.593691182870497,25.64022445678711,4400,0.0,0.0
2024-10-11 00:00:00-04:00,25.723989326854472,26.78496551513672,25.723989326854472,26.78496551513672,4200,0.0,0.0
2024-10-14 00:00:00-04:00,26.51506680729053,26.524373818137153,26.24517059326172,26.24517059326172,3800,0.0,0.0
2024-10-15 00:00:00-04:00,26.524373900639347,26.85941919163665,26.524373900639347,26.608135223388672,6600,0.0,0.0
2024-10-16 00:00:00-04:00,27.05486232341071,27.455054933582172,27.05486232341071,27.40852165222168,10200,0.0,0.0
2024-10-17 00:00:00-04:00,27.110700297422888,27.57604017175314,26.98971271115455,27.213075637817383,5900,0.0,0.0
2024-10-18 00:00:00-04:00,27.513982075047196,27.513982075047196,26.63007374824318,26.949785232543945,6100,0.3,0.0
2024-10-21 00:00:00-04:00,26.376184553450962,26.799332628150466,25.981246948242188,25.981246948242188,4300,0.0,0.0
2024-10-22 00:00:00-04:00,25.37944056125147,25.567506790161133,25.37944056125147,25.567506790161133,1700,0.0,0.0
2024-10-23 00:00:00-04:00,25.558101120222783,26.291555404663086,25.558101120222783,26.291555404663086,2900,0.0,0.0
2024-10-24 00:00:00-04:00,26.00945762054149,26.30095863342285,26.00945762054149,26.30095863342285,4600,0.0,0.0
2024-10-25 00:00:00-04:00,26.056472433936623,26.291554293327025,25.482873916625977,25.482873916625977,3100,0.0,0.0
2024-10-28 00:00:00-04:00,25.67093819901381,25.746164321899414,25.67093819901381,25.746164321899414,3400,0.0,0.0
2024-10-29 00:00:00-04:00,26.094086443762723,26.59246063232422,26.094086443762723,26.59246063232422,5700,0.0,0.0
2024-10-30 00:00:00-04:00,26.08468234208338,27.0720272064209,25.953037077584597,27.0720272064209,3700,0.0,0.0
2024-10-31 00:00:00-04:00,27.36352858821414,27.598610445855957,27.119043241042778,27.579803466796875,6600,0.0,0.0
2024-11-01 00:00:00-04:00,27.974743187753624,28.209825063280967,27.354127179844035,27.899517059326172,18000,0.0,0.0
2024-11-04 00:00:00-05:00,27.626820508137868,27.95593548406871,27.42935259869876,27.59861183166504,5200,0.0,0.0
2024-11-05 00:00:00-05:00,27.316509960936166,28.48251750279534,26.76171665737697,28.473114013671875,13900,0.0,0.0
2024-11-06 00:00:00-05:00,28.219225682606442,32.44129552231586,28.219225682606442,30.551239013671875,42700,0.0,0.0
2024-11-07 00:00:00-05:00,30.222120726141885,30.372572960008775,29.441649090382864,29.488666534423828,10600,0.0,0.0
2024-11-08 00:00:00-05:00,29.545088254547533,29.921218872070312,29.25358725015891,29.921218872070312,7800,0.0,0.0
2024-11-11 00:00:00-05:00,29.845994324235,30.278545902371228,29.742557726380877,30.25973892211914,7200,0.0,0.0
2024-11-12 00:00:00-05:00,30.250333434287423,30.56064322575537,29.6109122518234,29.742557525634766,7800,0.0,0.0
2024-11-13 00:00:00-05:00,30.184510943136512,30.184510943136512,29.225378268042853,29.479267120361328,8300,0.0,0.0
2024-11-14 00:00:00-05:00,29.27239418029785,29.432249926462752,29.150152394892864,29.27239418029785,9500,0.0,0.0
2024-11-15 00:00:00-05:00,29.52628150759088,29.52628150759088,28.717601121937548,28.999698638916016,7400,0.0,0.0
2024-11-18 00:00:00-05:00,28.764617658689797,28.868054255067765,28.41669570312084,28.77402114868164,5600,0.0,0.0
2024-11-19 00:00:00-05:00,27.73966068713926,28.698795148125395,27.73966068713926,28.11579132080078,5500,0.0,0.0
2024-11-20 00:00:00-05:00,27.730256533612565,27.880708783477345,27.48577117919922,27.48577117919922,4600,0.0,0.0
2024-11-21 00:00:00-05:00,27.55159263483451,28.106385955034696,27.55159263483451,28.04996681213379,6800,0.0,0.0
2024-11-22 00:00:00-05:00,27.78667491460498,28.689390182495117,27.78667491460498,28.689390182495117,7800,0.0,0.0
2024-11-25 00:00:00-05:00,29.0373099481028,29.94002520417759,29.0373099481028,29.4228458404541,10100,0.0,0.0
2024-11-26 00:00:00-05:00,28.350872314556053,29.300603256147927,28.350872314556053,28.538938522338867,7400,0.0,0.0
2024-11-27 00:00:00-05:00,28.999697856845344,29.027908325195312,28.783422980092254,29.027908325195312,4500,0.0,0.0
2024-11-29 00:00:00-05:00,28.40729342985438,29.056119918823242,28.294455132183867,29.056119918823242,4600,0.0,0.0
2024-12-02 00:00:00-05:00,28.93387628596075,29.15015117065008,28.623568296853186,28.72700309753418,7100,0.0,0.0
2024-12-03 00:00:00-05:00,28.3978903075037,28.3978903075037,28.256839752197266,28.256839752197266,4200,0.0,0.0
2024-12-04 00:00:00-05:00,28.294453981610292,28.538939341331123,28.125194748454923,28.44490623474121,10000,0.0,0.0
2024-12-05 00:00:00-05:00,28.275647225813778,28.557746547820567,28.115791481402965,28.501325607299805,10500,0.0,0.0
2024-12-06 00:00:00-05:00,28.529533154880493,28.529533154880493,28.20982169881139,28.473114013671875,7300,0.0,0.0
2024-12-09 00:00:00-05:00,28.73640763863834,28.915070364216053,28.54834321645391,28.886859893798828,6400,0.0,0.0
2024-12-10 00:00:00-05:00,29.06552076447026,29.121939908171793,28.67058317149506,28.755212783813477,12200,0.0,0.0
2024-12-11 00:00:00-05:00,29.18776463282812,29.18776463282812,28.32266331526924,28.67998695373535,14400,0.0,0.0
2024-12-12 00:00:00-05:00,28.209823880989532,28.774020717315782,28.17220992158604,28.397890090942383,17100,0.0,0.0
2024-12-13 00:00:00-05:00,28.567148286580345,28.670584884155556,28.397890845365023,28.632972717285156,4800,0.0,0.0
2024-12-16 00:00:00-05:00,28.75521200224265,28.80222765512733,28.679985881507854,28.783422470092773,6700,0.0,0.0
2024-12-17 00:00:00-05:00,28.463710978856454,28.849245071411133,28.463710978856454,28.849245071411133,12100,0.0,0.0
2024-12-18 00:00:00-05:00,25.266599805356957,25.623923453350383,24.17581829454076,24.54254722595215,168000,0.0,0.0
2024-12-19 00:00:00-05:00,24.645980541925358,25.040918125653857,23.64923399005142,23.677444458007812,27100,0.0,0.0
2024-12-20 00:00:00-05:00,23.338926311426327,26.34797477722168,23.263700189458056,26.34797477722168,90500,0.0,0.0
2024-12-23 00:00:00-05:00,26.18812000997398,26.18812000997398,25.37003433404768,25.727359771728516,23300,0.0,0.0
2024-12-24 00:00:00-05:00,26.02826149055602,26.02826149055602,25.37003162420844,25.623920440673828,3800,0.0,0.0
2024-12-26 00:00:00-05:00,25.746163966720164,25.90601969983832,24.99390274824191,25.172565460205078,8800,0.0,0.0
2024-12-27 00:00:00-05:00,24.83404564671735,25.605113801553195,24.49552722028908,25.153757095336914,14500,0.0,0.0
2024-12-30 00:00:00-05:00,24.88106588238695,25.43585927524735,24.88106588238695,25.257198333740234,7800,0.0,0.0
2024-12-31 00:00:00-05:00,25.31361351405636,25.670937134563413,25.200773437640773,25.586307525634766,11600,0.0,0.0
2025-01-02 00:00:00-05:00,26.009456540161764,26.009456540161764,24.82464376451158,24.9656925201416,9000,0.0,0.0
2025-01-03 00:00:00-05:00,24.92808158241018,25.134952981279508,24.749418859935748,24.796436309814453,6400,0.0,0.0
2025-01-06 00:00:00-05:00,24.77762992123112,25.36063196538299,24.316869662616785,24.448514938354492,8400,0.0,0.0
2025-01-07 00:00:00-05:00,24.29806294214796,24.58956396734226,23.856109659206126,24.439111709594727,10600,0.0,0.0
2025-01-08 00:00:00-05:00,24.777630113808417,25.285406033837805,24.551951727847314,24.768226623535156,9400,0.0,0.0
2025-01-10 00:00:00-05:00,24.448513704960178,24.448513704960178,23.508186254769402,23.90312385559082,16800,0.0,0.0
2025-01-13 00:00:00-05:00,23.827897345547818,24.66478818873818,23.827897345547818,24.636579513549805,7600,0.0,0.0
2025-01-14 00:00:00-05:00,24.69299882090865,25.59571230355686,24.457916960610813,24.824644088745117,12600,0.0,0.0
2025-01-15 00:00:00-05:00,24.919794054253252,25.680993589365286,24.919794054253252,25.433603286743164,10600,0.31,0.0
2025-01-16 00:00:00-05:00,25.433604435112695,25.433604435112695,24.70094871520996,24.70094871520996,7300,0.0,0.0
2025-01-17 00:00:00-05:00,24.862703998396423,24.976884841918945,24.50113465445382,24.976884841918945,8500,0.0,0.0
2025-01-21 00:00:00-05:00,24.99591393975625,25.72856962458497,24.99591393975625,25.157669067382812,8300,0.0,0.0
2025-01-22 00:00:00-05:00,24.90076499422223,25.157670532147534,24.34889484692506,24.739009857177734,13900,0.0,0.0
2025-01-23 00:00:00-05:00,24.78658322215973,25.09106485654679,24.78658322215973,24.995914459228516,6000,0.0,0.0
2025-01-24 00:00:00-05:00,24.929309282364628,25.338452898326555,24.748523712158203,24.748523712158203,6400,0.0,0.0
2025-01-27 00:00:00-05:00,24.653374436202796,25.04348944263134,24.434529786712233,24.87221908569336,23400,0.0,0.0
2025-01-28 00:00:00-05:00,24.739009076512566,25.005429827603066,24.739009076512566,24.862703323364258,6500,0.0,0.0
2025-01-29 00:00:00-05:00,24.577254708262117,24.900764982194847,24.425014792863532,24.567739486694336,4400,0.0,0.0
2025-01-30 00:00:00-05:00,24.834159594378793,24.881733886126327,24.52016455025353,24.796098709106445,9600,0.0,0.0
2025-01-31 00:00:00-05:00,24.4535627495524,25.328943252563477,24.4535627495524,25.328943252563477,34800,0.0,0.0
2025-02-03 00:00:00-05:00,25.443117520156378,26.261408349770175,24.662887573242188,24.662887573242188,39400,0.0,0.0
2025-02-04 00:00:00-05:00,24.662889684179802,25.4050606267608,24.643859241201152,25.214759826660156,13100,0.0,0.0
2025-02-05 00:00:00-05:00,25.34796871918469,25.34796871918469,24.843674695662923,24.862703323364258,24500,0.0,0.0
2025-02-06 00:00:00-05:00,24.976886339350887,25.528756517302824,24.90076637738659,25.24330711364746,9100,0.0,0.0
2025-02-07 00:00:00-05:00,25.262334339757775,25.262334339757775,24.739009857177734,24.739009857177734,10500,0.0,0.0
2025-02-10 00:00:00-05:00,24.719979171713582,25.08155032854775,24.719979171713582,24.87221908569336,11400,0.0,0.0
2025-02-11 00:00:00-05:00,24.605800130156975,24.824644779527528,24.54870880131367,24.70094871520996,14500,0.0,0.0
2025-02-12 00:00:00-05:00,24.472588163869496,24.93882311406791,23.968294143676758,23.968294143676758,17100,0.0,0.0
2025-02-13 00:00:00-05:00,24.063444656459467,24.758039474487305,24.063444656459467,24.758039474487305,14800,0.0,0.0
2025-02-14 00:00:00-05:00,24.96736792359775,24.976883144481548,24.67240333557129,24.67240333557129,5100,0.0,0.0
2025-02-18 00:00:00-05:00,24.577253944572423,24.862703323364258,24.45355969772073,24.862703323364258,4700,0.0,0.0
2025-02-19 00:00:00-05:00,24.61531612788095,24.61531612788095,24.40598487854004,24.40598487854004,7400,0.0,0.0
2025-02-20 00:00:00-05:00,24.263258263773515,24.263258263773515,24.168107868397993,24.234712600708008,3200,0.0,0.0
2025-02-21 00:00:00-05:00,24.510648664150345,24.510648664150345,23.96829376762961,23.996837615966797,11700,0.0,0.0
2025-02-24 00:00:00-05:00,24.272775109353997,24.853190926632927,24.263259887695312,24.263259887695312,9500,0.0,0.0
2025-02-25 00:00:00-05:00,24.510649113068453,24.815128933194053,24.24422836303711,24.24422836303711,16200,0.0,0.0
2025-02-26 00:00:00-05:00,24.310834735499224,24.61531639099121,24.310834735499224,24.61531639099121,6400,0.0,0.0
2025-02-27 00:00:00-05:00,24.491619504833707,24.491619504833707,24.22519874572754,24.22519874572754,5900,0.0,0.0
2025-02-28 00:00:00-05:00,24.596284325252086,24.596284325252086,24.26325884093731,24.586769104003906,11900,0.0,0.0
2025-03-03 00:00:00-05:00,24.548709575463306,24.548709575463306,24.40598487854004,24.40598487854004,6800,0.0,0.0
2025-03-04 00:00:00-05:00,24.139564559145736,24.377439645474222,23.863628587880108,24.24422836303711,9700,0.0,0.0
2025-03-05 00:00:00-05:00,24.38695382801714,24.38695382801714,23.892175011987398,23.949264526367188,10100,0.0,0.0
2025-03-06 00:00:00-05:00,23.787509551875193,24.22519885650508,23.787509551875193,23.987323760986328,8500,0.0,0.0
2025-03-07 00:00:00-05:00,23.78751009524353,24.21568600289511,23.78751009524353,24.168109893798828,10000,0.0,0.0
2025-03-10 00:00:00-04:00,24.06344536996971,24.168109177192164,23.930234083292945,23.949264526367188,11500,0.0,0.0
2025-03-11 00:00:00-04:00,23.911202350821558,23.977808897989693,23.549633026123047,23.549633026123047,17000,0.0,0.0
2025-03-12 00:00:00-04:00,23.73041868565786,24.130048895964112,23.69235780141781,23.996837615966797,18500,0.0,0.0
2025-03-13 00:00:00-04:00,23.88266031205883,23.88266031205883,23.521089145123085,23.616239547729492,7900,0.0,0.0
2025-03-14 00:00:00-04:00,23.996839094519707,23.996839094519707,23.549634566201963,23.749448776245117,9500,0.0,0.0
2025-03-17 00:00:00-04:00,23.749448908621112,24.187140032575154,23.521089032366252,23.854114532470703,13400,0.0,0.0
2025-03-18 00:00:00-04:00,23.58769463308656,24.168108614596324,23.50205945608886,23.768478393554688,15700,0.0,0.0
2025-03-19 00:00:00-04:00,23.8255700996216,24.472588825767676,23.73993492126465,23.73993492126465,18400,0.0,0.0
2025-03-20 00:00:00-04:00,23.292728572938294,23.863629156703464,23.292728572938294,23.56866455078125,11700,0.0,0.0
2025-03-21 00:00:00-04:00,23.283214054603302,23.968295501747342,23.283214054603302,23.78750991821289,177100,0.0,0.0
2025-03-24 00:00:00-04:00,23.86363041459597,24.034900780237766,23.425941093371847,23.625755310058594,19000,0.0,0.0
2025-03-25 00:00:00-04:00,24.00635294666629,24.00635294666629,23.073883056640625,23.073883056640625,12900,0.0,0.0
2025-03-26 00:00:00-04:00,23.321272294306365,23.35933136213692,23.09291244279472,23.22612190246582,8100,0.0,0.0
2025-03-27 00:00:00-04:00,23.264184307736958,23.863628730332216,23.264184307736958,23.492544174194336,9500,0.0,0.0
2025-03-28 00:00:00-04:00,23.616239217922807,23.616239217922807,22.95970344543457,22.95970344543457,7900,0.0,0.0
2025-03-31 00:00:00-04:00,22.61716291712306,23.53060234815662,22.407831686379087,22.99776268005371,34600,0.0,0.0
2025-04-01 00:00:00-04:00,22.67425395953439,23.616239116986424,22.67425395953439,23.36884880065918,22700,0.0,0.0
2025-04-02 00:00:00-04:00,23.08340006205618,23.368849457853628,23.035823952861275,23.14048957824707,11200,0.0,0.0
2025-04-03 00:00:00-04:00,22.360260944732563,22.778921657811285,21.656150817871094,21.656150817871094,21400,0.0,0.0
2025-04-04 00:00:00-04:00,21.25651701690505,22.046262199616873,20.2764710467367,22.036746978759766,27100,0.0,0.0
2025-04-07 00:00:00-04:00,21.484877557437922,22.046262901992876,20.742706640523867,21.22797203063965,25200,0.0,0.0
2025-04-08 00:00:00-04:00,21.618089778563444,21.618089778563444,20.67610454178529,20.93301010131836,20100,0.0,0.0
2025-04-09 00:00:00-04:00,20.904461023623668,21.95111172089645,20.742705899364758,20.83785629272461,65800,0.0,0.0
2025-04-10 00:00:00-04:00,20.514347212500766,20.7997984088368,20.219382609645482,20.6190128326416,33300,0.0,0.0
2025-04-11 00:00:00-04:00,20.590469228793093,21.789360017739885,20.590469228793093,21.17088508605957,30500,0.0,0.0
2025-04-14 00:00:00-04:00,21.770326232704036,22.836007375421197,20.923491539948536,21.351667404174805,31400,0.0,0.0
2025-04-15 00:00:00-04:00,21.428852985386207,22.67348338202476,21.332371549589933,21.853378295898438,42100,0.31,0.0
2025-04-16 00:00:00-04:00,21.92091619698748,22.0559935205655,21.650765230362325,21.66041374206543,21300,0.0,0.0
2025-04-17 00:00:00-04:00,21.467449429772394,22.30685163292307,21.467449429772394,22.200719833374023,98300,0.0,0.0
2025-04-21 00:00:00-04:00,22.104234885056353,23.059415488404102,22.104234885056353,22.982229232788086,39700,0.0,0.0
2025-04-22 00:00:00-04:00,23.155897756632264,24.062837600708008,23.155897756632264,24.062837600708008,36300,0.0,0.0
2025-04-23 00:00:00-04:00,24.168969238389764,24.168969238389764,23.44534738286593,23.792686462402344,25100,0.0,0.0
2025-04-24 00:00:00-04:00,23.937409705364967,24.004947448626833,23.165547153421524,23.831279754638672,11700,0.0,0.0
2025-04-25 00:00:00-04:00,23.638312574331074,23.64796108600959,22.80855897263288,23.532180786132812,13800,0.0,0.0
2025-04-28 00:00:00-04:00,23.30062310823009,23.889169466081217,23.10765838649886,23.619016647338867,15600,0.0,0.0
2025-04-29 00:00:00-04:00,23.58042498480646,24.36193608247486,23.58042498480646,23.96635627746582,19800,0.0,0.0
2025-04-30 00:00:00-04:00,23.94705687255533,24.458416934668467,23.50323639017687,24.130374908447266,31100,0.0,0.0
2025-05-01 00:00:00-04:00,24.42947461858579,25.963553166743647,23.416404712564088,24.99872398376465,86000,0.0,0.0
2025-05-02 00:00:00-04:00,25.12415139880438,26.12757273587921,24.96977704514273,25.953903198242188,25300,0.0,0.0
2025-05-05 00:00:00-04:00,25.838124321622466,26.455614365367875,24.844349672237392,24.8539981842041,32900,0.0,0.0
2025-05-06 00:00:00-04:00,24.83470208853978,25.172392658934772,24.59349480115272,24.622440338134766,19100,0.0,0.0
2025-05-07 00:00:00-04:00,24.931185206516325,24.931185206516325,24.4680676594625,24.8636474609375,13700,0.0,0.0
2025-05-08 00:00:00-04:00,24.86364654203777,25.336412583882797,24.680328496337708,25.095205307006836,16100,0.0,0.0
2025-05-09 00:00:00-04:00,25.210984814518067,25.210984814518067,24.680329519498027,24.718923568725586,11000,0.0,0.0
2025-05-12 00:00:00-04:00,25.664454157942814,26.08897947274915,25.317115096713497,25.770584106445312,34200,0.0,0.0
2025-05-13 00:00:00-04:00,25.934607438401628,26.146871034869015,25.722345682199848,25.847774505615234,16100,0.0,0.0
2025-05-14 00:00:00-04:00,25.876717161475714,26.031089676183885,25.452191825895472,25.66445541381836,22000,0.0,0.0
2025-05-15 00:00:00-04:00,25.683751624663476,25.80917859879126,25.616212041385694,25.75128936767578,9700,0.0,0.0
2025-05-16 00:00:00-04:00,25.751290015069817,25.78023371122247,25.34606170654297,25.34606170654297,15200,0.0,0.0
2025-05-19 00:00:00-04:00,25.36535888872493,25.818827920506127,25.336413352126563,25.616212844848633,14100,0.0,0.0
2025-05-20 00:00:00-04:00,25.519730913645468,25.567971633451442,25.20133737823575,25.268875122070312,11900,0.0,0.0
2025-05-21 00:00:00-04:00,25.085557391629152,25.09520590376549,24.525956569580355,24.786460876464844,16500,0.0,0.0
2025-05-22 00:00:00-04:00,24.410176695701786,25.268875888359403,24.410176695701786,24.718923568725586,9500,0.0,0.0
2025-05-23 00:00:00-04:00,24.33298940759105,24.699625498672347,24.33298940759105,24.53560447692871,7900,0.0,0.0
2025-05-27 00:00:00-04:00,24.574198779273,25.4811387321313,24.574198779273,25.365360260009766,12100,0.0,0.0
2025-05-28 00:00:00-04:00,25.075909591873163,25.46184088696287,24.844350814819336,24.844350814819336,6800,0.0,0.0
2025-05-29 00:00:00-04:00,25.037318034411307,25.10485578277734,24.834702949047593,24.99872398376465,3900,0.0,0.0
2025-05-30 00:00:00-04:00,24.72857034186983,25.39430297164262,24.72857034186983,25.08555793762207,16100,0.0,0.0
2025-06-02 00:00:00-04:00,24.931183194188588,25.13379641457107,24.371582409933836,25.00836944580078,31500,0.0,0.0
2025-06-03 00:00:00-04:00,24.892591260279517,25.481137628924003,24.892591260279517,25.230281829833984,19500,0.0,0.0
2025-06-04 00:00:00-04:00,25.230281159909563,25.230281159909563,24.390880854728703,24.516307830810547,13300,0.0,0.0
2025-06-05 00:00:00-04:00,24.62243924374978,24.651382939179822,24.40052899088059,24.53560447692871,6400,0.0,0.0
2025-06-06 00:00:00-04:00,24.641736709126175,25.03731650272629,24.410176099943435,24.97942543029785,10000,0.0,0.0
2025-06-09 00:00:00-04:00,25.08555799043218,25.08555799043218,24.82505367732934,24.98907470703125,11000,0.0,0.0
2025-06-10 00:00:00-04:00,25.172392434221152,26.10827603843272,25.075909152074523,25.47148895263672,18400,0.0,0.0
2025-06-11 00:00:00-04:00,25.10485359320951,25.529377071703394,24.612790531974568,24.873294830322266,15300,0.0,0.0
2025-06-12 00:00:00-04:00,24.632087452668387,25.01801872253418,24.632087452668387,25.01801872253418,5600,0.0,0.0
2025-06-13 00:00:00-04:00,24.680328913936258,24.998722451189224,24.178617327881433,24.468067169189453,13800,0.0,0.0
2025-06-16 00:00:00-04:00,24.46806776388792,24.46806776388792,23.927762116420315,24.111080169677734,7400,0.0,0.0
2025-06-17 00:00:00-04:00,23.947059141029634,24.670681001489104,23.947059141029634,24.111080169677734,12800,0.0,0.0
2025-06-18 00:00:00-04:00,24.053189262706745,24.689976308387813,24.014595216173138,24.332988739013672,8200,0.0,0.0
2025-06-20 00:00:00-04:00,24.535605998916843,24.709275543332023,23.956708130954773,24.50666046142578,30700,0.0,0.0
2025-06-23 00:00:00-04:00,24.516307830810547,24.79610915938117,23.96635552598195,24.516307830810547,18200,0.0,0.0
2025-06-24 00:00:00-04:00,24.516308049230318,24.873295637093037,23.937410203102797,24.738218307495117,15900,0.0,0.0
2025-06-25 00:00:00-04:00,24.284749432542352,24.844350257945653,23.937410354614258,23.937410354614258,14200,0.0,0.0
2025-06-26 00:00:00-04:00,24.294397643977938,25.027667999267578,23.937410058275088,25.027667999267578,14100,0.0,0.0
2025-06-27 00:00:00-04:00,24.844350761777324,25.461840832602537,24.728570453364814,24.940834045410156,50900,0.0,0.0
2025-06-30 00:00:00-04:00,25.1337972884045,25.1337972884045,24.776811552386214,24.873294830322266,11600,0.0,0.0
2025-07-01 00:00:00-04:00,24.79610907496288,25.53902609740856,24.79610907496288,25.268875122070312,31000,0.0,0.0
2025-07-02 00:00:00-04:00,25.08555734071088,25.191689133729625,24.60314277646644,24.882944107055664,46300,0.0,0.0
2025-07-03 00:00:00-04:00,25.35571032609726,26.687173722459967,24.989074224309267,25.712696075439453,27400,0.0,0.0
2025-07-07 00:00:00-04:00,25.654804649025284,25.654804649025284,25.13379607743261,25.539024353027344,19000,0.0,0.0
2025-07-08 00:00:00-04:00,25.124149980032673,25.201336232371997,24.477714426591316,24.574195861816406,76800,0.0,0.0
2025-07-09 00:00:00-04:00,24.583845574875042,24.651383318939533,24.188265782269717,24.516307830810547,24800,0.0,0.0
2025-07-10 00:00:00-04:00,24.525956284600245,24.603142540528538,24.197914236838624,24.56454849243164,23700,0.0,0.0
2025-07-11 00:00:00-04:00,24.323340991873753,24.51630755007595,24.236508064974796,24.34263801574707,15400,0.0,0.0
2025-07-14 00:00:00-04:00,24.574196157471963,24.931183729002182,24.390879956126454,24.79610824584961,24000,0.0,0.0
2025-07-15 00:00:00-04:00,24.90353627058836,24.90353627058836,23.917160688891837,24.122249603271484,34700,0.31,0.0
2025-07-16 00:00:00-04:00,24.44452984105516,24.44452984105516,23.360492993313283,24.13201332092285,16800,0.0,0.0
2025-07-17 00:00:00-04:00,24.073418022355213,24.610554236028122,24.073418022355213,24.122249603271484,17300,0.0,0.0
2025-07-18 00:00:00-04:00,24.424996199534966,24.424996199534966,23.8585629407343,23.98552131652832,22200,0.0,0.0
2025-07-21 00:00:00-04:00,24.05388456539274,24.37616553745457,23.87809646832343,23.94645881652832,22800,0.0,0.0
2025-07-22 00:00:00-04:00,24.0148202629735,24.219907299887126,23.829263994289118,23.98552131652832,17400,0.0,0.0
2025-07-23 00:00:00-04:00,24.073416424549933,24.278505325317383,23.985521447468773,24.278505325317383,14200,0.0,0.0
2025-07-24 00:00:00-04:00,24.278507765818187,24.278507765818187,23.682775497436523,23.682775497436523,10700,0.0,0.0
2025-07-25 00:00:00-04:00,23.80973292708721,24.083184190332496,23.673008226831737,24.04412078857422,8600,0.0,0.0
2025-07-28 00:00:00-04:00,24.190611276221762,24.190611276221762,23.79020163759586,24.024587631225586,12000,0.0,0.0
2025-07-29 00:00:00-04:00,24.288273653648638,24.405465724312542,23.936693716188177,23.956226348876953,16800,0.0,0.0
2025-07-30 00:00:00-04:00,24.180844589202156,24.180844589202156,23.1456393342082,23.467920303344727,26100,0.0,0.0
2025-07-31 00:00:00-04:00,23.458152710919315,24.014819639792837,23.29212907750667,23.673006057739258,23900,0.0,0.0
2025-08-01 00:00:00-04:00,23.63394426365294,24.02458758562772,23.155404098657755,23.51675033569336,36800,0.0,0.0
2025-08-04 00:00:00-04:00,23.585113061492144,23.956225620355657,23.39955678206039,23.458154678344727,22000,0.0,0.0
2025-08-05 00:00:00-04:00,23.448388640417825,23.77066962286695,23.194470008376943,23.721839904785156,22700,0.0,0.0
2025-08-06 00:00:00-04:00,23.79020212367919,23.799968439788426,23.301897494623272,23.536283493041992,11700,0.0,0.0
2025-08-07 00:00:00-04:00,23.438622589830302,23.79996884102664,23.32142865727803,23.37026023864746,11100,0.0,0.0
2025-08-08 00:00:00-04:00,23.770669641001415,23.799968589513448,23.477687606818456,23.614412307739258,10700,0.0,0.0
2025-08-11 00:00:00-04:00,23.624177185990142,23.89762657118785,23.458153546662576,23.741369247436523,11200,0.0,0.0
2025-08-12 00:00:00-04:00,23.780435307009814,24.639850616455078,23.72183927432212,24.639850616455078,32600,0.0,0.0
2025-08-13 00:00:00-04:00,24.844938662937025,24.844938662937025,24.49335875354078,24.67891502380371,15800,0.0,0.0
2025-08-14 00:00:00-04:00,24.67891571464191,24.67891571464191,24.21990818391796,24.66914939880371,13300,0.0,0.0
2025-08-15 00:00:00-04:00,24.815639250539093,24.815639250539093,24.249205997549698,24.444528579711914,11500,0.0,0.0
2025-08-18 00:00:00-04:00,24.57148781419164,24.630083845797458,24.190610814652455,24.40546417236328,23100,0.0,0.0
2025-08-19 00:00:00-04:00,24.415231704711914,24.835173988070455,24.27850700324052,24.415231704711914,12700,0.0,0.0
2025-08-20 00:00:00-04:00,24.39569715638422,24.532423709852193,24.36640007278939,24.52265739440918,10900,0.0,0.0
2025-08-21 00:00:00-04:00,24.53242441403252,24.60078676136168,24.33710182503412,24.40546417236328,7300,0.0,0.0
2025-08-22 00:00:00-04:00,24.3664006085082,25.050025939941406,24.219907736376427,25.050025939941406,55800,0.0,0.0
2025-08-25 00:00:00-04:00,25.245348919555887,25.245348919555887,24.708212726447044,24.884002685546875,24400,0.0,0.0
2025-08-26 00:00:00-04:00,24.913302282940755,25.606693958886414,24.913302282940755,25.596927642822266,54800,0.0,0.0
2025-08-27 00:00:00-04:00,25.450436903784517,25.948507852060473,25.19651827156142,25.860612869262695,73800,0.0,0.0
2025-08-28 00:00:00-04:00,25.928973536250638,26.44657708326104,25.78248252867689,26.339149475097656,34000,0.0,0.0
2025-08-29 00:00:00-04:00,26.495406259423575,26.690728840706168,26.007101668951282,26.427043914794922,50000,0.0,0.0
2025-09-02 00:00:00-04:00,26.40751444973346,26.505173882458834,26.094997931715707,26.114530563354492,18900,0.0,0.0
2025-09-03 00:00:00-04:00,26.055934380182823,26.104764096262553,25.870378106158174,26.036401748657227,12600,0.0,0.0
2025-09-04 00:00:00-04:00,26.251255919990097,26.427045883694507,26.104764904481197,26.31962013244629,17200,0.0,0.0
2025-09-05 00:00:00-04:00,26.456343787206652,26.593068481251525,25.841078938536217,26.173126220703125,14600,0.0,0.0
2025-09-08 00:00:00-04:00,26.36844865523709,26.36844865523709,25.694587779148776,26.09499740600586,17500,0.0,0.0
2025-09-09 00:00:00-04:00,26.261022817489174,26.30008808261478,25.968040779984584,26.016870498657227,10800,0.0,0.0
2025-09-10 00:00:00-04:00,25.45043607566664,25.880144659503237,25.45043607566664,25.79224967956543,8400,0.0,0.0
2025-09-11 00:00:00-04:00,25.743421219340803,26.212193226729454,25.72388858668268,26.20242691040039,14600,0.0,0.0
2025-09-12 00:00:00-04:00,26.16336238333918,26.16336238333918,25.61645986882346,25.870378494262695,19000,0.0,0.0
2025-09-15 00:00:00-04:00,25.870379479904933,26.270789133770574,25.82154976123229,26.016870498657227,10400,0.0,0.0
2025-09-16 00:00:00-04:00,25.958272308898795,25.958272308898795,25.567629003741978,25.753185272216797,10600,0.0,0.0
2025-09-17 00:00:00-04:00,25.880145899486713,26.339151590138517,25.665292528641388,25.694589614868164,15900,0.0,0.0
2025-09-18 00:00:00-04:00,25.909442365582365,26.280553036522072,25.733652414129907,25.997337341308594,14100,0.0,0.0
2025-09-19 00:00:00-04:00,25.997339266060102,26.036402667755993,25.557864354891777,25.889911651611328,40300,0.0,0.0
2025-09-22 00:00:00-04:00,25.68482230821857,25.99733883021804,25.30394530008093,25.548097610473633,10000,0.0,0.0
2025-09-23 00:00:00-04:00,25.49926652510665,25.870377197385334,25.21604896613712,25.460201263427734,16200,0.0,0.0
2025-09-24 00:00:00-04:00,25.557863387003557,25.80201569224328,25.489501039573916,25.6359920501709,7600,0.0,0.0
2025-09-25 00:00:00-04:00,25.635991602952753,25.83131418883085,25.274645377898548,25.294178009033203,11200,0.0,0.0
2025-09-26 00:00:00-04:00,25.53833099303847,25.53833099303847,25.294178685528095,25.3918399810791,7800,0.0,0.0
2025-09-29 00:00:00-04:00,25.02072954582149,25.098858210504055,24.678915939309896,25.040260314941406,10700,0.0,0.0
2025-09-30 00:00:00-04:00,24.90353569311826,25.18675326766227,24.747278363278227,24.825407028198242,17200,0.0,0.0
2025-10-01 00:00:00-04:00,24.669150238042196,24.932835186441224,24.669150238042196,24.737512588500977,10500,0.0,0.0
2025-10-02 00:00:00-04:00,24.669150634646662,24.68868326730158,24.415231998335845,24.571489334106445,16500,0.0,0.0
2025-10-03 00:00:00-04:00,24.66915053150619,25.001197834314038,24.66915053150619,24.893770217895508,50300,0.0,0.0
2025-10-06 00:00:00-04:00,24.893768091726347,25.538330009716944,24.75704340085992,25.030492782592773,103800,0.0,0.0
2025-10-07 00:00:00-04:00,25.186752720542675,25.216049805042335,24.75704414144977,24.913301467895508,26900,0.0,0.0
2025-10-08 00:00:00-04:00,24.91330285046876,25.176987802004586,24.835174182910112,24.893770217895508,10900,0.0,0.0
2025-10-09 00:00:00-04:00,24.85470691939964,24.903536638302562,24.45429726364568,24.571489334106445,14000,0.0,0.0
2025-10-10 00:00:00-04:00,24.522659807367376,24.903536833451035,24.03435516357422,24.03435516357422,30200,0.0,0.0
2025-10-13 00:00:00-04:00,25.001196946580983,25.001196946580983,24.112482686132108,24.317569732666016,10800,0.0,0.0
2025-10-14 00:00:00-04:00,24.40546527186856,25.00119751869153,24.229675306397237,24.844940185546875,12500,0.0,0.0
2025-10-15 00:00:00-04:00,24.716413174635754,25.190967855017718,24.034239643016257,24.419816970825195,20200,0.31,0.0
2025-10-16 00:00:00-04:00,24.419816387811142,25.151421974028025,23.54979760883624,23.806848526000977,25200,0.0,0.0
2025-10-17 00:00:00-04:00,23.80684986523393,24.340725312234753,23.80684986523393,24.09356117248535,16300,0.0,0.0
2025-10-20 00:00:00-04:00,24.35060990960518,24.50879669189453,24.10344577299009,24.50879669189453,13800,0.0,0.0
2025-10-21 00:00:00-04:00,24.47913661768057,24.71641396546349,24.29129134354348,24.44947624206543,32000,0.0,0.0
2025-10-22 00:00:00-04:00,24.765844860539136,26.39712961319947,24.4395882871496,26.11041831970215,41200,0.0,0.0
2025-10-23 00:00:00-04:00,25.54688476078453,25.952233785239834,25.477679105737916,25.86325454711914,16600,0.0,0.0
2025-10-24 00:00:00-04:00,26.10053098016816,26.46633471148038,25.75450083124311,26.39712905883789,31700,0.0,0.0
2025-10-27 00:00:00-04:00,26.673953106423486,26.693726689875923,25.823709760808374,26.664066314697266,59300,0.0,0.0
2025-10-28 00:00:00-04:00,26.66406615472562,26.693726529726334,26.090645438034084,26.51576805114746,63000,0.0,0.0
2025-10-29 00:00:00-04:00,26.367469274693413,26.644293777164297,25.210741079162172,25.92257308959961,36100,0.0,0.0
2025-10-30 00:00:00-04:00,25.73473072118436,26.397130686292453,25.596317521653226,26.268604278564453,42800,0.0,0.0
2025-10-31 00:00:00-04:00,26.25871728647857,26.683839902207122,25.95223428576999,26.308151245117188,23800,0.0,0.0
2025-11-03 00:00:00-05:00,26.219171005287258,26.693725675842312,25.43813146000018,26.318037033081055,39700,0.0,0.0
2025-11-04 00:00:00-05:00,26.001665115356445,26.446561293266537,25.813821738650066,26.001665115356445,17400,0.0,0.0
2025-11-05 00:00:00-05:00,26.041212890661686,26.565201525178704,26.041212890661686,26.426788330078125,17500,0.0,0.0
2025-11-06 00:00:00-05:00,26.367468685257133,26.39712905883789,25.952232883689597,26.39712905883789,11900,0.0,0.0
2025-11-07 00:00:00-05:00,26.38724256553478,26.476221801568943,26.169736928245662,26.33780860900879,20400,0.0,0.0
2025-11-10 00:00:00-05:00,26.337808993123865,26.535541050686344,26.30815050448835,26.446561813354492,14800,0.0,0.0
2025-11-11 00:00:00-05:00,26.39713038184045,26.683839797973633,26.199398319483794,26.683839797973633,11500,0.0,0.0
2025-11-12 00:00:00-05:00,26.693725685369476,26.693725685369476,26.30815025111996,26.673952102661133,7300,0.0,0.0
2025-11-13 00:00:00-05:00,26.525653752629445,26.901342391967773,26.347695281364533,26.901342391967773,55100,0.0,0.0
2025-11-14 00:00:00-05:00,26.84202366182028,27.316578330380086,26.56520104801671,27.237485885620117,47200,0.0,0.0
2025-11-17 00:00:00-05:00,27.15839482793621,27.31657972553521,26.87168540818029,26.980438232421875,29400,0.0,0.0
2025-11-18 00:00:00-05:00,27.010096218369625,27.158394321388602,26.525654742794206,26.535541534423828,13600,0.0,0.0
2025-11-19 00:00:00-05:00,26.54542768550846,26.832137092998448,26.54542768550846,26.654178619384766,19300,0.0,0.0
2025-11-20 00:00:00-05:00,26.792592944814817,27.099075948032173,26.545428806736663,26.624521255493164,24600,0.0,0.0
2025-11-21 00:00:00-05:00,26.614633520738586,27.781248512848816,26.614633520738586,27.70215606689453,70100,0.0,0.0
2025-11-24 00:00:00-05:00,27.702156103322686,27.702156103322686,27.247373124203005,27.514310836791992,14100,0.0,0.0
2025-11-25 00:00:00-05:00,27.613177625654878,28.176711555041678,27.613177625654878,28.087732315063477,16600,0.0,0.0
2025-11-26 00:00:00-05:00,27.92954721958188,28.18659814594143,27.890000052889935,28.12727928161621,105300,0.0,0.0
2025-11-28 00:00:00-05:00,28.12727912083862,28.334896087646484,27.8306810294825,28.334896087646484,19900,0.0,0.0
2025-12-01 00:00:00-05:00,28.048185811842384,28.680925370154295,27.91965941048988,28.137163162231445,35700,0.0,0.0
2025-12-02 00:00:00-05:00,28.166823238435963,28.591945831825313,28.166823238435963,28.196483612060547,14500,0.0,0.0
2025-12-03 00:00:00-05:00,28.186598104314132,28.671039581298828,28.186598104314132,28.671039581298828,12200,0.0,0.0
2025-12-04 00:00:00-05:00,28.6117209803057,28.947864356932726,28.443649291992188,28.443649291992188,10900,0.0,0.0
2025-12-05 00:00:00-05:00,28.41398752876249,28.443647902561672,28.077844168555576,28.34478187561035,11700,0.0,0.0
2025-12-08 00:00:00-05:00,28.42387406865782,28.671038190993976,28.176709946321665,28.572172164916992,10700,0.0,0.0
2025-12-09 00:00:00-05:00,28.49308114286855,28.91820375621237,28.364556622554527,28.48319435119629,22200,0.0,0.0
2025-12-10 00:00:00-05:00,28.552398848938825,29.254345943492876,28.453534707652093,29.24445915222168,53300,0.0,0.0
2025-12-11 00:00:00-05:00,29.284007560731148,30.074932038884086,29.214800018894152,29.9068603515625,37200,0.0,0.0
2025-12-12 00:00:00-05:00,29.906859906480726,30.243003276121325,29.234573167199528,29.630035400390625,40300,0.0,0.0
2025-12-15 00:00:00-05:00,29.95629210135392,30.055158131485367,29.02695632097132,29.61026382446289,34400,0.0,0.0
2025-12-16 00:00:00-05:00,29.531171194225827,29.531171194225827,29.01706934930305,29.461963653564453,16000,0.0,0.0
2025-12-17 00:00:00-05:00,28.977522279306438,29.29389206624263,28.9676354877506,29.086275100708008,23300,0.0,0.0
2025-12-18 00:00:00-05:00,29.353211852804687,29.807992935180664,28.957749632105443,29.807992935180664,34000,0.0,0.0
2025-12-19 00:00:00-05:00,29.77833607832678,29.90686059995182,29.165368188382768,29.32355308532715,32300,0.0,0.0
2025-12-22 00:00:00-05:00,29.412532418166535,29.452079585383487,28.512855106820812,28.591947555541992,16300,0.0,0.0
2025-12-23 00:00:00-05:00,28.404101743249107,29.017069623481607,28.06795837113978,28.334896087646484,15500,0.0,0.0
2025-12-24 00:00:00-05:00,28.295350387190766,28.908316372618504,28.295350387190766,28.41398811340332,6600,0.0,0.0
2025-12-26 00:00:00-05:00,28.57217402242083,29.580604159682352,27.870228774494077,28.048187255859375,11200,0.0,0.0
2025-12-29 00:00:00-05:00,28.008639606028282,28.730358425164383,27.82079433607755,28.315122604370117,22500,0.0,0.0
2025-12-30 00:00:00-05:00,28.512854543319282,28.98740922626772,27.82079421640163,27.978979110717773,22600,0.0,0.0
2025-12-31 00:00:00-05:00,28.245917194201656,28.245917194201656,27.553858744000266,27.731815338134766,16000,0.0,0.0
2026-01-02 00:00:00-05:00,28.06795802331908,28.85888437142148,27.18805432319641,27.682382583618164,225100,0.0,0.0
2026-01-05 00:00:00-05:00,27.583517192517053,28.522741663331765,27.385787015201597,27.919660568237305,61000,0.0,0.0
2026-01-06 00:00:00-05:00,27.82079405561626,28.315122318925507,27.652722370662612,27.83068084716797,15900,0.0,0.0
2026-01-07 00:00:00-05:00,27.959206329277173,28.087730843784083,27.425330917373195,27.46487808227539,15000,0.0,0.0
2026-01-08 00:00:00-05:00,27.46487930589149,27.929547199918517,27.46487930589149,27.7713623046875,12700,0.0,0.0
2026-01-09 00:00:00-05:00,27.929547524247244,28.117392796657672,27.6131777301114,27.71204376220703,16400,0.0,0.0
2026-01-12 00:00:00-05:00,27.415444553421207,28.00863883621088,27.415444553421207,27.741701126098633,20400,0.0,0.0
2026-01-13 00:00:00-05:00,27.76147412313242,28.038298618783724,27.415443974996442,27.672494888305664,33600,0.0,0.0
2026-01-14 00:00:00-05:00,27.63295035511437,28.077844655542705,27.395671132030742,27.889999389648438,29600,0.0,0.0
2026-01-15 00:00:00-05:00,27.899999618530273,28.59000015258789,27.600000381469727,28.280000686645508,47700,0.32,0.0
2026-01-16 00:00:00-05:00,28.219999313354492,28.469999313354492,27.860000610351562,28.170000076293945,14700,0.0,0.0
2026-01-20 00:00:00-05:00,28.0,28.350000381469727,27.860000610351562,28.0,28400,0.0,0.0
2026-01-21 00:00:00-05:00,28.239999771118164,29.190000534057617,28.239999771118164,29.010000228881836,40000,0.0,0.0
2026-01-22 00:00:00-05:00,29.540000915527344,29.579999923706055,27.989999771118164,28.43000030517578,65100,0.0,0.0
2026-01-23 00:00:00-05:00,28.34000015258789,28.43000030517578,27.5,27.81999969482422,39400,0.0,0.0
2026-01-26 00:00:00-05:00,27.81999969482422,28.43000030517578,27.75,28.190000534057617,22700,0.0,0.0
2026-01-27 00:00:00-05:00,28.260000228881836,28.889999389648438,28.190000534057617,28.6200008392334,18400,0.0,0.0
2026-01-28 00:00:00-05:00,28.770000457763672,28.770000457763672,27.8799991607666,28.059999465942383,29800,0.0,0.0
2026-01-29 00:00:00-05:00,28.190000534057617,29.450000762939453,28.18000030517578,29.43000030517578,35500,0.0,0.0
2026-01-30 00:00:00-05:00,29.450000762939453,30.489999771118164,29.030000686645508,30.43000030517578,57400,0.0,0.0
2026-02-02 00:00:00-05:00,30.5,32.119998931884766,30.350000381469727,31.440000534057617,60400,0.0,0.0
2026-02-03 00:00:00-05:00,31.450000762939453,31.940000534057617,30.889999389648438,31.479999542236328,40400,0.0,0.0
2026-02-04 00:00:00-05:00,31.75,32.060001373291016,31.520000457763672,31.6200008392334,45200,0.0,0.0
2026-02-05 00:00:00-05:00,31.520000457763672,32.099998474121094,31.489999771118164,31.65999984741211,47000,0.0,0.0
2026-02-06 00:00:00-05:00,32.0,32.22999954223633,31.850000381469727,31.889999389648438,41000,0.0,0.0
2026-02-09 00:00:00-05:00,31.889999389648438,31.90999984741211,31.270000457763672,31.270000457763672,24200,0.0,0.0
2026-02-10 00:00:00-05:00,31.190000534057617,31.520000457763672,30.709999084472656,31.0,32800,0.0,0.0
2026-02-11 00:00:00-05:00,31.010000228881836,31.56999969482422,31.010000228881836,31.149999618530273,26400,0.0,0.0
2026-02-12 00:00:00-05:00,31.459999084472656,31.799999237060547,30.790000915527344,31.510000228881836,50400,0.0,0.0
2026-02-13 00:00:00-05:00,31.530000686645508,32.0,31.440000534057617,31.520000457763672,38200,0.0,0.0
2026-02-17 00:00:00-05:00,31.799999237060547,32.150001525878906,31.780000686645508,32.08000183105469,64700,0.0,0.0
2026-02-18 00:00:00-05:00,31.93000030517578,32.15999984741211,30.440000534057617,30.780000686645508,32600,0.0,0.0
2026-02-19 00:00:00-05:00,30.5,31.34000015258789,30.219999313354492,30.6299991607666,32100,0.0,0.0
2026-02-20 00:00:00-05:00,30.469999313354492,31.06999969482422,30.469999313354492,30.8799991607666,22100,0.0,0.0
2026-02-23 00:00:00-05:00,30.690000534057617,31.239999771118164,29.209999084472656,29.65999984741211,26200,0.0,0.0
2026-02-24 00:00:00-05:00,29.56999969482422,29.989999771118164,29.059999465942383,29.139999389648438,14100,0.0,0.0
2026-02-25 00:00:00-05:00,29.469999313354492,30.3799991607666,29.399999618530273,30.329999923706055,28200,0.0,0.0
2026-02-26 00:00:00-05:00,30.540000915527344,30.540000915527344,30.0,30.239999771118164,12000,0.0,0.0
2026-02-27 00:00:00-05:00,30.299999237060547,30.299999237060547,29.040000915527344,29.059999465942383,19600,0.0,0.0
2026-03-02 00:00:00-05:00,28.889999389648438,29.6299991607666,28.889999389648438,29.600000381469727,21000,0.0,0.0
2026-03-03 00:00:00-05:00,29.110000610351562,29.579999923706055,28.75,29.3700008392334,19500,0.0,0.0
2026-03-04 00:00:00-05:00,29.3700008392334,30.059999465942383,29.3700008392334,29.860000610351562,15000,0.0,0.0
2026-03-05 00:00:00-05:00,29.610000610351562,29.719999313354492,28.760000228881836,29.059999465942383,24100,0.0,0.0
2026-03-06 00:00:00-05:00,28.75,29.139999389648438,28.170000076293945,29.09000015258789,32900,0.0,0.0
2026-03-09 00:00:00-04:00,29.1200008392334,29.299999237060547,28.030000686645508,28.950000762939453,34000,0.0,0.0
2026-03-10 00:00:00-04:00,28.719999313354492,29.549999237060547,28.299999237060547,28.969999313354492,17300,0.0,0.0
2026-03-11 00:00:00-04:00,28.850000381469727,29.059999465942383,28.299999237060547,28.549999237060547,17600,0.0,0.0
2026-03-12 00:00:00-04:00,28.09000015258789,28.56999969482422,27.8700008392334,28.489999771118164,21900,0.0,0.0
2026-03-13 00:00:00-04:00,28.6200008392334,29.09000015258789,28.1299991607666,28.299999237060547,23000,0.0,0.0
2026-03-16 00:00:00-04:00,28.709999084472656,29.200000762939453,28.520000457763672,28.65999984741211,13000,0.0,0.0
2026-03-17 00:00:00-04:00,28.860000610351562,28.860000610351562,28.219999313354492,28.450000762939453,23300,0.0,0.0
2026-03-18 00:00:00-04:00,28.40999984741211,28.40999984741211,27.690000534057617,27.950000762939453,31400,0.0,0.0
2026-03-19 00:00:00-04:00,27.790000915527344,28.780000686645508,27.709999084472656,28.649999618530273,24200,0.0,0.0
2026-03-20 00:00:00-04:00,28.600000381469727,28.959999084472656,27.75,28.899999618530273,81900,0.0,0.0
2026-03-23 00:00:00-04:00,29.31999969482422,29.600000381469727,28.75,29.299999237060547,28800,0.0,0.0
2026-03-24 00:00:00-04:00,29.040000915527344,29.459999084472656,28.940000534057617,29.190000534057617,21100,0.0,0.0
2026-03-25 00:00:00-04:00,29.389999389648438,29.389999389648438,28.59000015258789,28.920000076293945,16300,0.0,0.0
2026-03-26 00:00:00-04:00,28.889999389648438,29.299999237060547,28.729999542236328,29.139999389648438,19200,0.0,0.0
2026-03-27 00:00:00-04:00,28.989999771118164,28.989999771118164,28.68000030517578,28.979999542236328,10300,0.0,0.0
2026-03-30 00:00:00-04:00,29.280000686645508,29.8799991607666,28.760000228881836,29.56999969482422,27000,0.0,0.0
2026-03-31 00:00:00-04:00,29.920000076293945,29.920000076293945,28.969999313354492,29.420000076293945,21600,0.0,0.0
2026-04-01 00:00:00-04:00,29.639999389648438,30.010000228881836,29.40999984741211,29.799999237060547,17100,0.0,0.0
2026-04-02 00:00:00-04:00,29.6200008392334,30.530000686645508,29.579999923706055,30.1200008392334,29500,0.0,0.0
2026-04-06 00:00:00-04:00,29.969999313354492,30.739999771118164,29.68000030517578,30.40999984741211,27800,0.0,0.0
2026-04-07 00:00:00-04:00,30.15999984741211,30.739999771118164,29.18000030517578,30.639999389648438,17300,0.0,0.0
2026-04-08 00:00:00-04:00,30.989999771118164,31.450000762939453,30.739999771118164,31.0,26400,0.0,0.0
2026-04-09 00:00:00-04:00,30.670000076293945,31.5,30.559999465942383,31.360000610351562,20600,0.0,0.0
2026-04-10 00:00:00-04:00,31.219999313354492,31.489999771118164,30.829999923706055,31.350000381469727,15600,0.0,0.0
2026-04-13 00:00:00-04:00,31.31999969482422,31.5,31.010000228881836,31.1200008392334,11117,0.0,0.0
