Date,Open,High,Low,Close,Volume,Dividends,Stock Splits
2022-01-03 00:00:00-05:00,41.948755629408915,42.924095813573366,41.693527462255,42.19486999511719,166900,0.0,0.0
2022-01-04 00:00:00-05:00,42.869403310800585,43.471015056030566,42.49567485508535,42.9879035949707,262400,0.0,0.0
2022-01-05 00:00:00-05:00,43.19755274694185,43.37986006109625,42.19486773492683,42.24955749511719,112900,0.0,0.0
2022-01-06 00:00:00-05:00,42.67798362414814,43.926783119260946,42.06725805668047,43.86297607421875,134700,0.0,0.0
2022-01-07 00:00:00-05:00,43.95413437317361,44.318745586387166,43.66244401171341,44.09086227416992,148000,0.0,0.0
2022-01-10 00:00:00-05:00,44.03616960552457,44.2458218216951,43.28871266883896,43.86297607421875,128400,0.0,0.0
2022-01-11 00:00:00-05:00,44.090855790348115,44.109086869911316,43.04259479463582,43.6533203125,77000,0.0,0.0
2022-01-12 00:00:00-05:00,43.48924739023287,43.8265171720386,43.042598077152206,43.36163330078125,146700,0.0,0.0
2022-01-13 00:00:00-05:00,43.425438912275695,44.21847178285369,43.425438912275695,43.70801544189453,81200,0.0,0.0
2022-01-14 00:00:00-05:00,43.188449748123624,44.391673454376736,43.06994944270097,44.30051803588867,70600,0.0,0.0
2022-01-18 00:00:00-05:00,44.11820543592927,44.628661769705374,43.18844121440754,43.31605529785156,108000,0.0,0.0
2022-01-19 00:00:00-05:00,43.57128456239998,43.57128456239998,42.01256368582652,42.067256927490234,120200,0.0,0.0
2022-01-20 00:00:00-05:00,42.28602655509694,42.577716914463046,40.91872669160957,41.055458068847656,105000,0.0,0.0
2022-01-21 00:00:00-05:00,40.590572682036424,42.14929711203844,40.07099903111017,40.891380310058594,185400,0.0,0.0
2022-01-24 00:00:00-05:00,40.280651644107685,42.07637319594425,40.280651644107685,41.894065856933594,146200,0.0,0.0
2022-01-25 00:00:00-05:00,41.584143525244116,42.258679621841374,40.68172760633659,41.821144104003906,104900,0.0,0.0
2022-01-26 00:00:00-05:00,41.821143934911035,42.6779838858921,40.544996071794124,41.21041488647461,151800,0.0,0.0
2022-01-27 00:00:00-05:00,42.82382304748657,42.94232331975554,39.92514761779927,40.143917083740234,172300,0.0,0.0
2022-01-28 00:00:00-05:00,40.05275972271727,40.18949106686476,38.26615583467321,39.37822723388672,134500,0.0,0.0
2022-01-31 00:00:00-05:00,39.05919845832975,40.05276984212461,38.77662537562536,40.02542495727539,278900,0.0,0.0
2022-02-01 00:00:00-05:00,39.961616300952436,40.19861340697065,39.15946609780347,39.761077880859375,131900,0.0,0.0
2022-02-02 00:00:00-05:00,39.879576011401106,39.879576011401106,39.050080969452885,39.31442642211914,205100,0.0,0.0
2022-02-03 00:00:00-05:00,39.223275110130125,40.134808371176874,38.92247094214088,39.10477828979492,173500,0.0,0.0
2022-02-04 00:00:00-05:00,39.28707843770357,39.943383436182636,38.922467254166506,39.8066520690918,135700,0.0,0.0
2022-02-07 00:00:00-05:00,39.92515723643412,40.91872865738945,39.29620052081458,40.6999626159668,230800,0.0,0.0
2022-02-08 00:00:00-05:00,41.091921803735495,42.240452202987015,41.091921803735495,42.13106918334961,147900,0.0,0.0
2022-02-09 00:00:00-05:00,41.98521876147304,42.21310205234187,40.49941873138583,40.845802307128906,156800,0.0,0.0
2022-02-10 00:00:00-05:00,40.8366848046629,41.401834389300866,40.55411175095544,40.946067810058594,203900,0.0,0.0
2022-02-11 00:00:00-05:00,40.97341311474667,41.73910104988038,40.6452606458004,41.02810287475586,179900,0.0,0.0
2022-02-14 00:00:00-05:00,41.25599736653012,41.52946014983258,40.27154316920194,40.535888671875,142300,0.0,0.0
2022-02-15 00:00:00-05:00,40.900492559769056,41.59325971952519,39.779307172576914,41.438297271728516,132300,0.0,0.0
2022-02-16 00:00:00-05:00,41.101030333827204,41.68441100001826,41.101030333827204,41.45652770996094,166800,0.0,0.0
2022-02-17 00:00:00-05:00,41.13750063134386,41.2833458267383,40.35358140213984,40.63615798950195,157000,0.0,0.0
2022-02-18 00:00:00-05:00,40.52676995895663,41.255995908468996,40.47208018600796,40.772884368896484,117800,0.0,0.0
2022-02-22 00:00:00-05:00,40.599690234590184,41.2742228665109,40.38092073299063,40.68172836303711,164500,0.0,0.0
2022-02-23 00:00:00-05:00,40.946074998076256,41.28334482952331,39.85223779765188,39.95250701904297,147600,0.0,0.0
2022-02-24 00:00:00-05:00,38.85866424655668,39.73373535061129,37.965362059848,39.296199798583984,199700,0.0,0.0
2022-02-25 00:00:00-05:00,39.51496124576542,41.02810615804551,39.42380932030712,40.845802307128906,105800,0.0,0.0
2022-02-28 00:00:00-05:00,40.43561684031883,41.14661168571126,39.9798502005086,40.90961456298828,165900,0.0,0.0
2022-03-01 00:00:00-05:00,40.4264951112888,40.654378406115065,38.284393530811236,38.785736083984375,232700,0.0,0.0
2022-03-02 00:00:00-05:00,39.31442213899218,40.86402904777149,39.31442213899218,40.554107666015625,108300,0.0,0.0
2022-03-03 00:00:00-05:00,40.88226563945938,40.88226563945938,40.071001588078005,40.51765441894531,88100,0.0,0.0
2022-03-04 00:00:00-05:00,39.8066561007791,39.8066561007791,38.82220198057638,39.19593048095703,108400,0.0,0.0
2022-03-07 00:00:00-05:00,39.07742389033113,39.432921250862385,37.582510129521324,37.62808609008789,155200,0.0,0.0
2022-03-08 00:00:00-05:00,38.10209357335407,39.34177949347941,38.02917271305341,38.284400939941406,185500,0.0,0.0
2022-03-09 00:00:00-05:00,39.23239388222162,39.8704678846687,39.04097272465457,39.268856048583984,123300,0.0,0.0
2022-03-10 00:00:00-05:00,38.77662071304683,39.49673273009152,38.60342719056447,39.442039489746094,88400,0.0,0.0
2022-03-11 00:00:00-05:00,39.60611483465666,40.034533037358656,38.85865795301507,39.669921875,111000,0.0,0.0
2022-03-14 00:00:00-04:00,39.94339038416446,40.590578216227364,39.41470285904469,39.93427658081055,124200,0.0,0.0
2022-03-15 00:00:00-04:00,40.08922936342037,40.39915078776245,39.38734838837439,39.88869094848633,107100,0.0,0.0
2022-03-16 00:00:00-04:00,40.371808566805896,40.9825341765967,40.24419446787787,40.83668899536133,162000,0.0,0.0
2022-03-17 00:00:00-04:00,40.49942190756375,40.49942190756375,39.80665470174714,39.94338607788086,86100,0.0,0.0
2022-03-18 00:00:00-04:00,39.770192820566976,40.78199518645987,39.05919458989401,40.33534240722656,423000,0.0,0.0
2022-03-21 00:00:00-04:00,40.50853942246178,40.864040337545724,39.715506408987004,39.95250701904297,143800,0.0,0.0
2022-03-22 00:00:00-04:00,40.380929741553224,40.9187345975232,39.861355971218984,40.235084533691406,146200,0.0,0.0
2022-03-23 00:00:00-04:00,39.94338313340812,39.94338313340812,38.47581417694623,38.49404525756836,101500,0.0,0.0
2022-03-24 00:00:00-04:00,38.6854735014959,38.98628117123689,38.18413086248463,38.612552642822266,208500,0.0,0.0
2022-03-25 00:00:00-04:00,38.576085872223196,39.77019565089092,38.39377853145528,39.7519645690918,139200,0.0,0.0
2022-03-28 00:00:00-04:00,39.46939096492347,39.46939096492347,38.37555031584269,39.059200286865234,203700,0.0,0.0
2022-03-29 00:00:00-04:00,39.597012865901256,40.10747286323406,39.095670150555684,39.770206451416016,231100,0.0,0.0
2022-03-30 00:00:00-04:00,39.880131394890306,40.08168613494809,38.41428827132191,38.8173942565918,176000,0.22,0.0
2022-03-31 00:00:00-04:00,38.71662079765333,39.19302073464963,38.12112349754248,38.26770782470703,279700,0.0,0.0
2022-04-01 00:00:00-04:00,38.689126320395694,38.93648795738874,37.818780596496815,37.98368835449219,226700,0.0,0.0
2022-04-04 00:00:00-04:00,37.910403162643384,38.11195439853362,37.10418773454589,37.507293701171875,154200,0.0,0.0
2022-04-05 00:00:00-04:00,37.69968933058116,37.947047512512256,36.939280824766236,36.9942512512207,194300,0.0,0.0
2022-04-06 00:00:00-04:00,36.902646747000084,36.94845719911556,36.31630930632888,36.79270935058594,375000,0.0,0.0
2022-04-07 00:00:00-04:00,36.975929026156145,36.975929026156145,36.06893618063634,36.151390075683594,269000,0.0,0.0
2022-04-08 00:00:00-04:00,36.53617000711012,36.84766205938407,35.65666077461329,35.720794677734375,246800,0.0,0.0
2022-04-11 00:00:00-04:00,35.78492953006902,36.58198148537233,35.78492953006902,35.940673828125,182400,0.0,0.0
2022-04-12 00:00:00-04:00,36.04144949897375,36.52700934046982,35.41846534637538,35.592533111572266,142100,0.0,0.0
2022-04-13 00:00:00-04:00,35.45510785106028,36.09641539774152,35.41846090671393,35.9681510925293,203400,0.0,0.0
2022-04-14 00:00:00-04:00,36.087257464317304,36.27964870945724,35.04284385373423,35.49176025390625,465600,0.0,0.0
2022-04-18 00:00:00-04:00,35.49176162452087,36.48120484834031,35.271883410980074,35.5650520324707,194200,0.0,0.0
2022-04-19 00:00:00-04:00,35.74828434178526,36.87515191893264,35.74828434178526,36.70108413696289,154300,0.0,0.0
2022-04-20 00:00:00-04:00,37.02173614501953,37.60807340376751,36.93928224958024,37.02173614501953,122100,0.0,0.0
2022-04-21 00:00:00-04:00,37.33322440700912,37.479808706604786,36.252163886924045,36.472042083740234,124300,0.0,0.0
2022-04-22 00:00:00-04:00,36.45372078537487,36.45372078537487,35.500921033707264,35.574214935302734,117700,0.0,0.0
2022-04-25 00:00:00-04:00,35.317689680143445,35.58337483044835,34.67638202227994,35.39098358154297,185700,0.0,0.0
2022-04-26 00:00:00-04:00,34.951230443172555,35.38181987929252,34.32824626448244,34.52063751220703,165700,0.0,0.0
2022-04-27 00:00:00-04:00,34.245801303808015,34.66723085963062,33.98927607843414,34.364898681640625,179100,0.0,0.0
2022-04-28 00:00:00-04:00,34.94206570216391,35.977319299370684,34.91458223771843,35.68415069580078,146000,0.0,0.0
2022-04-29 00:00:00-04:00,35.40014872115437,35.83074171739733,34.2641210429781,34.319087982177734,157900,0.0,0.0
2022-05-02 00:00:00-04:00,34.35572508639823,35.12529346812735,33.714417519149784,34.483985900878906,250200,0.0,0.0
2022-05-03 00:00:00-04:00,34.35573500637083,34.79548799507084,33.925142009273564,34.5023193359375,181900,0.0,0.0
2022-05-04 00:00:00-04:00,34.70386732026988,35.46427228921273,34.392375243934815,35.31768798828125,167600,0.0,0.0
2022-05-05 00:00:00-04:00,34.942066942486235,34.942066942486235,34.126691516436594,34.79548263549805,180700,0.0,0.0
2022-05-06 00:00:00-04:00,34.94207620852276,34.94207620852276,33.89766230741566,34.273284912109375,146300,0.0,0.0
2022-05-09 00:00:00-04:00,33.80604457713532,34.61225664072943,33.80604457713532,34.319087982177734,161100,0.0,0.0
2022-05-10 00:00:00-04:00,34.52979266743708,34.91457860385294,33.35711837520793,33.75106430053711,142300,0.0,0.0
2022-05-11 00:00:00-04:00,33.9342969598301,34.502310657166035,33.457897134861334,33.50370407104492,91900,0.0,0.0
2022-05-12 00:00:00-04:00,33.43042432080295,33.54036170163125,32.7158226083032,33.421260833740234,109000,0.0,0.0
2022-05-13 00:00:00-04:00,33.686939756960214,33.80604060263382,33.1738929173895,33.21969985961914,90700,0.0,0.0
2022-05-16 00:00:00-04:00,33.137237640740395,33.393762743502876,32.52341708041026,33.045623779296875,161900,0.0,0.0
2022-05-17 00:00:00-04:00,33.686933416164614,34.33740095998859,33.6777699325361,34.26411056518555,103000,0.0,0.0
2022-05-18 00:00:00-04:00,33.73274161079634,35.50091657393749,33.20137487036398,33.55867385864258,205000,0.0,0.0
2022-05-19 00:00:00-04:00,33.192219611549085,33.631972590314035,32.99982833862305,32.99982833862305,199500,0.0,0.0
2022-05-20 00:00:00-04:00,33.25634458013873,33.439575831609794,32.84407513804021,33.384605407714844,131800,0.0,0.0
2022-05-23 00:00:00-04:00,33.99843118309082,34.15417548255404,33.35712352004892,33.54951477050781,131700,0.0,0.0
2022-05-24 00:00:00-04:00,33.32964178917527,33.714424310122624,32.67001061629891,33.577003479003906,104100,0.0,0.0
2022-05-25 00:00:00-04:00,33.60448973432567,34.58477308932276,33.054799374553006,33.67778015136719,89200,0.0,0.0
2022-05-26 00:00:00-04:00,33.90681541908662,34.61225353251703,33.40293205087798,33.94346237182617,69600,0.0,0.0
2022-05-27 00:00:00-04:00,34.05339987034176,34.6397406319642,33.15557049373427,34.58477020263672,75400,0.0,0.0
2022-05-31 00:00:00-04:00,34.23662588745838,34.511471002238444,33.89765036239114,34.328243255615234,108600,0.0,0.0
2022-06-01 00:00:00-04:00,34.54812154396363,34.77715974591753,33.53119136811301,34.007591247558594,70000,0.0,0.0
2022-06-02 00:00:00-04:00,34.05339548934782,34.72219006149769,33.787713852226254,34.63973617553711,59600,0.0,0.0
2022-06-03 00:00:00-04:00,34.50230772742394,34.804639771284656,33.870163674140066,34.04423141479492,97200,0.0,0.0
2022-06-06 00:00:00-04:00,34.29159615346817,34.57560475120377,34.19081879637343,34.46566390991211,98100,0.0,0.0
2022-06-07 00:00:00-04:00,34.17249912014006,35.024521513180034,34.016754819938114,34.96955108642578,247500,0.0,0.0
2022-06-08 00:00:00-04:00,34.923750550654276,34.923750550654276,34.11753844612234,34.34657669067383,151100,0.0,0.0
2022-06-09 00:00:00-04:00,34.090046788495414,34.19998764703837,33.0914400398945,33.118927001953125,119300,0.0,0.0
2022-06-10 00:00:00-04:00,32.550908792655605,32.844077417417004,32.1478028073201,32.395164489746094,133600,0.0,0.0
2022-06-13 00:00:00-04:00,31.643916395791226,32.3951613610433,31.598109457879826,31.744693756103516,110300,0.0,0.0
2022-06-14 00:00:00-04:00,31.71720663886775,33.155566150133865,31.46984498156879,31.88211441040039,103800,0.0,0.0
2022-06-15 00:00:00-04:00,32.29438872023083,33.063957272081225,31.891282714917136,32.28522872924805,189700,0.0,0.0
2022-06-16 00:00:00-04:00,32.67916769033072,33.65945437134708,31.03009340017333,31.176677703857422,154400,0.0,0.0
2022-06-17 00:00:00-04:00,31.515660056097072,32.12948080011079,31.515660056097072,31.6439208984375,375200,0.0,0.0
2022-06-21 00:00:00-04:00,32.26690344878888,32.49594165386013,31.708049669239713,32.30354690551758,122100,0.0,0.0
2022-06-22 00:00:00-04:00,32.02870119990196,32.28522636160366,31.63475521446117,32.037864685058594,298700,0.0,0.0
2022-06-23 00:00:00-04:00,32.01954303239871,32.28522819953637,31.67140396838543,31.85463523864746,182400,0.0,0.0
2022-06-24 00:00:00-04:00,31.973732576468624,32.53258282185589,31.836308265155687,31.964569091796875,263700,0.0,0.0
2022-06-27 00:00:00-04:00,32.27606361853871,32.816593925303096,32.01954194578465,32.67000961303711,133500,0.0,0.0
2022-06-28 00:00:00-04:00,32.834917335583384,33.210539853442285,32.17528618428164,32.21193313598633,112100,0.0,0.0
2022-06-29 00:00:00-04:00,32.15661974951248,32.25803166725818,31.760193262061716,31.99989128112793,142800,0.22,0.0
2022-06-30 00:00:00-04:00,31.640336636197453,32.608353233626396,31.4743905318553,32.175052642822266,229300,0.0,0.0
2022-07-01 00:00:00-04:00,31.93535415216357,32.99556508321359,31.778629214919192,32.811180114746094,122600,0.0,0.0
2022-07-05 00:00:00-04:00,32.488510519386054,32.92181117040265,31.843164859137886,32.88493347167969,163100,0.0,0.0
2022-07-06 00:00:00-04:00,32.86649919910198,33.11541488138212,32.29490540101512,32.53460693359375,136500,0.0,0.0
2022-07-07 00:00:00-04:00,32.90337150461495,33.02322226406528,32.35022010489945,32.40553665161133,76600,0.0,0.0
2022-07-08 00:00:00-04:00,32.51616337722482,32.63601412616685,31.916913149365193,32.340999603271484,178700,0.0,0.0
2022-07-11 00:00:00-04:00,31.963010747230264,32.30412417065408,31.760190446569663,31.935354232788086,141500,0.0,0.0
2022-07-12 00:00:00-04:00,31.68643772628906,32.49772954794906,31.621903509244056,32.073646545410156,98200,0.0,0.0
2022-07-13 00:00:00-04:00,31.83394118826648,31.83394118826648,31.29000748358844,31.45595359802246,95000,0.0,0.0
2022-07-14 00:00:00-04:00,30.91202548223488,31.096410477926206,30.331217493556434,30.755300521850586,94500,0.0,0.0
2022-07-15 00:00:00-04:00,31.38219954995851,32.1289534963479,31.179375753729097,31.88925552368164,241800,0.0,0.0
2022-07-18 00:00:00-04:00,32.31333871854044,32.626792080425574,31.93535115128341,32.175052642822266,141200,0.0,0.0
2022-07-19 00:00:00-04:00,32.56226097530236,33.23526312172179,32.30412412923758,32.838836669921875,130800,0.0,0.0
2022-07-20 00:00:00-04:00,32.61757420011198,33.78841458775162,32.61757420011198,33.66856384277344,149000,0.0,0.0
2022-07-21 00:00:00-04:00,33.51183832155999,33.63168907697087,33.00478230276878,33.4749641418457,98400,0.0,0.0
2022-07-22 00:00:00-04:00,33.52105354670553,33.52105354670553,32.71898313164115,33.08774948120117,99200,0.0,0.0
2022-07-25 00:00:00-04:00,33.34589270359505,33.85295224683585,33.28135849206454,33.613250732421875,125900,0.0,0.0
2022-07-26 00:00:00-04:00,33.29979616315161,33.96358062039504,33.29979616315161,33.85295104980469,80300,0.0,0.0
2022-07-27 00:00:00-04:00,33.779194025520184,34.49829147487718,33.74231633148894,34.29547119140625,82500,0.0,0.0
2022-07-28 00:00:00-04:00,34.32312704647551,34.94081610069819,33.96357832867966,34.673458099365234,133800,0.0,0.0
2022-07-29 00:00:00-04:00,34.54440228188626,35.18974456607093,34.54440228188626,34.92238998413086,109600,0.0,0.0
2022-08-01 00:00:00-04:00,33.982026945913454,34.49830073350624,33.41965426998439,34.083438873291016,256300,0.0,0.0
2022-08-02 00:00:00-04:00,34.09265172847481,34.09265172847481,32.838838106701445,32.88493347167969,177800,0.0,0.0
2022-08-03 00:00:00-04:00,32.940244001453955,33.65012374634407,32.68210719125765,33.44729995727539,139800,0.0,0.0
2022-08-04 00:00:00-04:00,33.51184279136927,33.51184279136927,33.17073284477259,33.382774353027344,131700,0.0,0.0
2022-08-05 00:00:00-04:00,33.364335301225445,33.83451720018182,33.364335301225445,33.58559799194336,92100,0.0,0.0
2022-08-08 00:00:00-04:00,33.705455596285056,33.84374172877603,33.13386166139636,33.39200210571289,113400,0.0,0.0
2022-08-09 00:00:00-04:00,33.48417659025553,33.935919510662046,33.10618905148687,33.456520080566406,136600,0.0,0.0
2022-08-10 00:00:00-04:00,33.83451359905023,34.313913113872154,33.08775605381499,33.87139129638672,118700,0.0,0.0
2022-08-11 00:00:00-04:00,34.286254654597755,34.553612697270445,34.120308525825116,34.461421966552734,63400,0.0,0.0
2022-08-12 00:00:00-04:00,34.802527833152325,34.97769160783577,34.618142876361546,34.950035095214844,82900,0.0,0.0
2022-08-15 00:00:00-04:00,34.65502872999188,35.34646984310677,34.65502872999188,35.31881332397461,96200,0.0,0.0
2022-08-16 00:00:00-04:00,35.13442563894104,36.08400356966341,35.13442563894104,35.82586669921875,122400,0.0,0.0
2022-08-17 00:00:00-04:00,35.58616150780298,35.75210762657637,35.28192930128559,35.59538269042969,113000,0.0,0.0
2022-08-18 00:00:00-04:00,36.37901589623367,36.76622469486224,36.1393178908738,36.44355010986328,174700,0.0,0.0
2022-08-19 00:00:00-04:00,36.065565335316165,36.065565335316165,35.383345446960746,35.706016540527344,414600,0.0,0.0
2022-08-22 00:00:00-04:00,35.06988613719354,35.11598149756311,34.15718252773361,34.51673126220703,173800,0.0,0.0
2022-08-23 00:00:00-04:00,34.64580568152436,34.820969470241266,34.18484501104224,34.212501525878906,121600,0.0,0.0
2022-08-24 00:00:00-04:00,34.05577167706473,34.48907581499814,34.02811516335858,34.194061279296875,149400,0.0,0.0
2022-08-25 00:00:00-04:00,34.212509954676044,34.99614188081553,34.1203156877556,34.92238998413086,138400,0.0,0.0
2022-08-26 00:00:00-04:00,34.885511427362744,34.885511427362744,34.10187952031677,34.184852600097656,111500,0.0,0.0
2022-08-29 00:00:00-04:00,34.009676112695445,35.79820568118818,33.56715431177938,33.62247085571289,121700,0.0,0.0
2022-08-30 00:00:00-04:00,33.585592693250526,33.99123679257649,33.364330037440524,33.82529067993164,106600,0.0,0.0
2022-08-31 00:00:00-04:00,33.806859601828,34.06500001240822,33.53028385613979,33.567161560058594,105800,0.0,0.0
2022-09-01 00:00:00-04:00,33.428865397621564,33.82529184516834,33.004782435964785,33.244483947753906,94900,0.0,0.0
2022-09-02 00:00:00-04:00,33.502623645057774,33.8806112764475,32.86649914838268,33.30902099609375,118900,0.0,0.0
2022-09-06 00:00:00-04:00,33.345885482932005,33.345885482932005,32.21192291849134,32.691322326660156,134300,0.0,0.0
2022-09-07 00:00:00-04:00,32.51616588950604,33.15229034423828,32.51616588950604,33.15229034423828,120500,0.0,0.0
2022-09-08 00:00:00-04:00,33.02322579619432,33.899051870130315,32.83884080428392,33.69622802734375,117400,0.0,0.0
2022-09-09 00:00:00-04:00,33.83451336530927,34.415324785368675,33.83451336530927,34.360008239746094,114100,0.0,0.0
2022-09-12 00:00:00-04:00,34.44297539390607,34.89471479672086,34.36922001238928,34.69189453125,139000,0.0,0.0
2022-09-13 00:00:00-04:00,34.0742103643516,34.33235071951002,33.35511287657962,33.65012741088867,137000,0.0,0.0
2022-09-14 00:00:00-04:00,33.5671587814683,34.1110925602655,33.46574686251187,34.01890182495117,165700,0.0,0.0
2022-09-15 00:00:00-04:00,33.93593323875991,34.7564428487259,33.92671205389985,34.470645904541016,123500,0.0,0.0
2022-09-16 00:00:00-04:00,34.39689011748133,36.51730872148858,34.11109320563793,35.24505615234375,552800,0.0,0.0
2022-09-19 00:00:00-04:00,34.80252912372729,36.05634265617887,34.80252912372729,35.97336959838867,284000,0.0,0.0
2022-09-20 00:00:00-04:00,35.899620056152344,36.24073352534792,35.36490744303294,35.899620056152344,178400,0.0,0.0
2022-09-21 00:00:00-04:00,36.17619744274114,36.6371581447713,35.72445440733712,35.77054977416992,155100,0.0,0.0
2022-09-22 00:00:00-04:00,35.81664073091529,35.918052635571286,34.6734603000764,35.143638610839844,116700,0.0,0.0
2022-09-23 00:00:00-04:00,34.76565415901791,35.318809093361764,34.59970803039985,35.235836029052734,162500,0.0,0.0
2022-09-26 00:00:00-04:00,34.91316143813942,35.696796715913806,34.91316143813942,35.235836029052734,162900,0.0,0.0
2022-09-27 00:00:00-04:00,35.35568790572579,35.75211442969086,34.655029117352285,34.8855094909668,180800,0.0,0.0
2022-09-28 00:00:00-04:00,34.848623996082154,35.56772499244991,34.737994426198895,35.08832550048828,296200,0.0,0.0
2022-09-29 00:00:00-04:00,34.73596028412626,34.754506336542775,33.69740610988606,33.90140914916992,124100,0.22,0.0
2022-09-30 00:00:00-04:00,33.9663195710424,34.8101455258744,33.79940863164284,33.91995620727539,196700,0.0,0.0
2022-10-03 00:00:00-04:00,34.42996338237033,34.60614559546239,33.98486868300758,34.198143005371094,125900,0.0,0.0
2022-10-04 00:00:00-04:00,34.39286811357092,35.589061997949266,34.30014138620893,35.561241149902344,137800,0.0,0.0
2022-10-05 00:00:00-04:00,35.15323523342065,35.52414918197105,34.80086733602754,34.986324310302734,84100,0.0,0.0
2022-10-06 00:00:00-04:00,34.773050466020045,35.514874835168946,34.68032374636304,35.431419372558594,109900,0.0,0.0
2022-10-07 00:00:00-04:00,35.37577974508375,35.41286830531479,34.754499492027115,34.86577224731445,151100,0.0,0.0
2022-10-10 00:00:00-04:00,35.199602093645275,35.94142652723093,35.079058055079926,35.7096061706543,136700,0.0,0.0
2022-10-11 00:00:00-04:00,35.598333458108826,36.581253045303235,35.19960216104964,36.2567024230957,140800,0.0,0.0
2022-10-12 00:00:00-04:00,36.23815000139293,36.970699440983715,35.65396187094981,36.720333099365234,114100,0.0,0.0
2022-10-13 00:00:00-04:00,36.25671011403328,38.34309376979144,36.11761999269528,38.19472885131836,116300,0.0,0.0
2022-10-14 00:00:00-04:00,38.42653642502822,39.001453387255054,37.8423517433586,37.87944030761719,158400,0.0,0.0
2022-10-17 00:00:00-04:00,38.25035438299433,38.66763168372286,37.76816767296331,38.426536560058594,136600,0.0,0.0
2022-10-18 00:00:00-04:00,38.7974525343362,39.057090185144645,38.148354870017414,38.46363067626953,94900,0.0,0.0
2022-10-19 00:00:00-04:00,38.101993160078216,38.60272596887483,37.6383524565179,38.278175354003906,114400,0.0,0.0
2022-10-20 00:00:00-04:00,38.12981361278018,38.22254388351321,36.59980128731571,36.9892578125,118500,0.0,0.0
2022-10-21 00:00:00-04:00,37.31380173869673,38.13908154455404,37.156162075470306,37.805259704589844,117300,0.0,0.0
2022-10-24 00:00:00-04:00,37.85162914919018,38.38017930168745,37.61980878275109,38.13908767700195,90000,0.0,0.0
2022-10-25 00:00:00-04:00,37.972176856853096,38.80672805643894,37.972176856853096,38.287452697753906,182700,0.0,0.0
2022-10-26 00:00:00-04:00,38.491456331467525,38.547094498975255,37.527086189089374,37.71253967285156,147100,0.0,0.0
2022-10-27 00:00:00-04:00,39.604182250132034,41.143469019070444,38.79744853450639,39.910186767578125,170700,0.0,0.0
2022-10-28 00:00:00-04:00,40.021466892643225,41.21766080169748,39.27036765124446,41.18056869506836,175700,0.0,0.0
2022-10-31 00:00:00-04:00,41.06001745797391,41.63493444759571,40.716924345475384,41.32892990112305,150100,0.0,0.0
2022-11-01 00:00:00-04:00,41.67202137042307,41.67202137042307,41.06001583890782,41.11565399169922,101100,0.0,0.0
2022-11-02 00:00:00-04:00,40.90238410490605,41.57002786091836,40.37383397716227,40.689109802246094,151900,0.0,0.0
2022-11-03 00:00:00-04:00,40.31819035697199,40.642740933202944,39.67836753566128,40.550010681152344,80000,0.0,0.0
2022-11-04 00:00:00-04:00,40.95801678507246,42.26548692439188,40.9209282182836,42.219120025634766,143700,0.0,0.0
2022-11-07 00:00:00-05:00,42.51584530445808,42.64566765508368,41.95020669457042,42.423118591308594,117100,0.0,0.0
2022-11-08 00:00:00-05:00,42.580754868490814,42.90530544030822,42.05220481953113,42.57148361206055,115800,0.0,0.0
2022-11-09 00:00:00-05:00,42.321116392803845,43.32258185747853,41.77402030464948,42.30257034301758,108900,0.0,0.0
2022-11-10 00:00:00-05:00,43.28549339202998,44.10150196464898,42.923854234078824,43.7491340637207,160600,0.0,0.0
2022-11-11 00:00:00-05:00,43.804780528963605,44.435328707785,42.84040689992195,42.998043060302734,135100,0.0,0.0
2022-11-14 00:00:00-05:00,42.8589522510681,43.341139057671725,42.45094612539675,42.65494918823242,209700,0.0,0.0
2022-11-15 00:00:00-05:00,43.10003983307032,43.294768081667975,42.54367239784903,42.905311584472656,178700,0.0,0.0
2022-11-16 00:00:00-05:00,42.76621182932678,42.97021484375,42.20984447382374,42.97021484375,125700,0.0,0.0
2022-11-17 00:00:00-05:00,42.682759981265576,43.257676972833885,42.48803174410422,43.220584869384766,138200,0.0,0.0
2022-11-18 00:00:00-05:00,43.786228368775824,44.333324530380736,42.441669645784316,43.53586196899414,151600,0.0,0.0
2022-11-21 00:00:00-05:00,43.34113867351057,44.249874114990234,43.34113867351057,44.249874114990234,96200,0.0,0.0
2022-11-22 00:00:00-05:00,44.166415038949175,45.12151376991456,44.166415038949175,44.94533157348633,158500,0.0,0.0
2022-11-23 00:00:00-05:00,44.96387030937084,45.24205398272986,44.463137574946224,44.84332275390625,132600,0.0,0.0
2022-11-25 00:00:00-05:00,45.06587308271672,45.43678704494145,45.06587308271672,45.26060485839844,41100,0.0,0.0
2022-11-28 00:00:00-05:00,44.94533595153849,45.42752276153509,44.240600022582605,44.59296798706055,157700,0.0,0.0
2022-11-29 00:00:00-05:00,44.63005884202515,44.80624105066307,44.18496415391503,44.27769088745117,113700,0.0,0.0
2022-11-30 00:00:00-05:00,44.3518684113008,45.14932739634802,43.64713260849939,45.093692779541016,209000,0.0,0.0
2022-12-01 00:00:00-05:00,45.01950619142271,45.01950619142271,43.95313482392033,44.834049224853516,117700,0.0,0.0
2022-12-02 00:00:00-05:00,44.37041209573223,45.056601865265094,44.10150318704423,44.861873626708984,91600,0.0,0.0
2022-12-05 00:00:00-05:00,44.45386536936394,45.01023628576988,42.886761206280475,43.65640640258789,146000,0.0,0.0
2022-12-06 00:00:00-05:00,43.48022455357216,43.87895584106445,43.28549630729857,43.87895584106445,113800,0.0,0.0
2022-12-07 00:00:00-05:00,43.5173167714917,44.10150504912368,43.06294732504509,43.08149337768555,121300,0.0,0.0
2022-12-08 00:00:00-05:00,43.24839564210498,44.07367536398445,42.784755030954976,43.06293869018555,85000,0.0,0.0
2022-12-09 00:00:00-05:00,42.86821545419594,43.15567393987459,42.61784907066245,42.83112335205078,89800,0.0,0.0
2022-12-12 00:00:00-05:00,43.035132593604004,43.035132593604004,42.03367045209179,42.14494323730469,165100,0.0,0.0
2022-12-13 00:00:00-05:00,42.766210867570585,43.00730597688473,41.430927122013664,41.68129348754883,175800,0.0,0.0
2022-12-14 00:00:00-05:00,41.75548242209219,41.80184932427573,39.95655768852828,39.984375,180200,0.0,0.0
2022-12-15 00:00:00-05:00,39.72473604449044,39.79891671845315,38.32454266127668,38.723270416259766,229200,0.0,0.0
2022-12-16 00:00:00-05:00,38.519272112167755,38.86236525671204,37.91653775740526,38.491451263427734,475800,0.0,0.0
2022-12-19 00:00:00-05:00,38.4729013507748,39.97509601390758,38.4729013507748,39.76182174682617,149400,0.0,0.0
2022-12-20 00:00:00-05:00,39.761814290050225,40.197633998746696,39.279627696829394,39.335262298583984,112200,0.0,0.0
2022-12-21 00:00:00-05:00,39.669099166561175,40.327471682208554,39.381644181892064,39.984375,74200,0.0,0.0
2022-12-22 00:00:00-05:00,39.780373347918385,39.8545540202867,39.11272961011457,39.79891586303711,68000,0.0,0.0
2022-12-23 00:00:00-05:00,39.68764026240772,40.3367379016174,39.68764026240772,40.216190338134766,68700,0.0,0.0
2022-12-27 00:00:00-05:00,40.42947067713733,40.559293054267904,39.919466576096234,40.32747268676758,84000,0.0,0.0
2022-12-28 00:00:00-05:00,40.49437779582479,40.5314699014685,39.62273453698493,39.669097900390625,64800,0.0,0.0
2022-12-29 00:00:00-05:00,39.902116436357765,40.55456583691492,39.39879527971433,40.414756774902344,90400,0.22,0.0
2022-12-30 00:00:00-05:00,40.237659372785345,40.31222704857212,39.678416026714444,39.930076599121094,76600,0.0,0.0
2023-01-03 00:00:00-05:00,40.09784443354938,40.34950496904901,39.0352800984945,39.10984420776367,149200,0.0,0.0
2023-01-04 00:00:00-05:00,39.4454001072316,39.74366371988651,38.04728808956814,38.24302291870117,153700,0.0,0.0
2023-01-05 00:00:00-05:00,37.88883988647564,38.03797170376717,37.38551866977309,37.749027252197266,135800,0.0,0.0
2023-01-06 00:00:00-05:00,38.14981566082364,38.914116588412924,38.14049292320914,38.64381408691406,96900,0.0,0.0
2023-01-09 00:00:00-05:00,38.90480405755484,38.90480405755484,37.96340651017454,38.298954010009766,186000,0.0,0.0
2023-01-10 00:00:00-05:00,38.28030339320459,39.10984921518332,37.84222719507013,38.70905685424805,112200,0.0,0.0
2023-01-11 00:00:00-05:00,38.72770255648424,39.053930830475544,38.51332580501823,38.858192443847656,167300,0.0,0.0
2023-01-12 00:00:00-05:00,39.100529301850834,39.78094331788026,39.03528436576461,39.57588577270508,133400,0.0,0.0
2023-01-13 00:00:00-05:00,39.12848939738643,39.72501654377188,38.94207377524541,39.53860092163086,123700,0.0,0.0
2023-01-17 00:00:00-05:00,39.34286282546501,39.40810775441614,38.6624488838447,38.811580657958984,113100,0.0,0.0
2023-01-18 00:00:00-05:00,38.65313759724063,38.65313759724063,37.19909983599747,37.32027053833008,222600,0.0,0.0
2023-01-19 00:00:00-05:00,37.077925416850974,37.282982960922396,36.25770235172996,36.574607849121094,199500,0.0,0.0
2023-01-20 00:00:00-05:00,37.087244926627534,37.3016216333293,36.37886632088239,36.7516975402832,266500,0.0,0.0
2023-01-23 00:00:00-05:00,36.816948442996384,37.30162768461207,36.416156061575386,36.83559036254883,100700,0.0,0.0
2023-01-24 00:00:00-05:00,36.70510735432135,37.273673562596144,36.29499215853847,37.105899810791016,93000,0.0,0.0
2023-01-25 00:00:00-05:00,38.093892443523735,38.093892443523735,35.24174610339805,35.894195556640625,286700,0.0,0.0
2023-01-26 00:00:00-05:00,35.85691805019819,36.211103907821084,34.66385990981558,35.54933166503906,189300,0.0,0.0
2023-01-27 00:00:00-05:00,35.61457539695666,35.959445614987665,35.34427286571603,35.80099105834961,86800,0.0,0.0
2023-01-30 00:00:00-05:00,35.66117118017306,36.23905996867297,35.57728432736387,36.10857009887695,134000,0.0,0.0
2023-01-31 00:00:00-05:00,36.16449183648686,37.16181132074996,36.08992772137395,37.14316940307617,172300,0.0,0.0
2023-02-01 00:00:00-05:00,36.94743636916167,38.58788964714394,36.77966265765025,38.252342224121094,229100,0.0,0.0
2023-02-02 00:00:00-05:00,38.252343579755006,39.36151110687088,37.91679614484062,39.35219192504883,133600,0.0,0.0
2023-02-03 00:00:00-05:00,39.13781396302989,40.0698885617099,39.12849122591693,40.051246643066406,308900,0.0,0.0
2023-02-06 00:00:00-05:00,39.76230510849845,40.21902325928521,39.18441981115379,39.56657028198242,153700,0.0,0.0
2023-02-07 00:00:00-05:00,39.51064425695623,40.51728659614163,39.454722052945485,40.30290985107422,315900,0.0,0.0
2023-02-08 00:00:00-05:00,40.08851990214257,40.17240674355194,39.17508738211937,39.631805419921875,218700,0.0,0.0
2023-02-09 00:00:00-05:00,39.78094331788026,39.97667812613893,39.33354794661087,39.57588577270508,159400,0.0,0.0
2023-02-10 00:00:00-05:00,39.46403888799951,39.57588684495162,39.156452561903166,39.165775299072266,109100,0.0,0.0
2023-02-13 00:00:00-05:00,39.09120379681063,39.771617764658636,38.9234301000172,39.762298583984375,98300,0.0,0.0
2023-02-14 00:00:00-05:00,39.52928656141761,39.91143703340069,38.69041793726808,38.97004318237305,128500,0.0,0.0
2023-02-15 00:00:00-05:00,38.7556637147726,39.6597736622447,38.438758207403765,39.46403884887695,200300,0.0,0.0
2023-02-16 00:00:00-05:00,39.04461316305963,39.46404753804304,38.40148282514055,38.606536865234375,174800,0.0,0.0
2023-02-17 00:00:00-05:00,38.77430278401698,39.33354968957201,38.59720988616159,38.89547348022461,180300,0.0,0.0
2023-02-21 00:00:00-05:00,38.531968242584966,38.531968242584966,37.702422328427375,38.27098846435547,178900,0.0,0.0
2023-02-22 00:00:00-05:00,38.24302350298668,38.38283612912221,36.9660821695745,37.3575553894043,239800,0.0,0.0
2023-02-23 00:00:00-05:00,37.44143783902227,38.336232225703114,36.947439401025264,37.180458068847656,180600,0.0,0.0
2023-02-24 00:00:00-05:00,36.788991069341265,37.143176909980035,36.64917843632183,37.13385772705078,123400,0.0,0.0
2023-02-27 00:00:00-05:00,37.27366466406133,37.96339787407816,37.143171233912625,37.80494689941406,232000,0.0,0.0
2023-02-28 00:00:00-05:00,37.77698524689848,38.93275940244811,37.60921152180929,38.67177963256836,283400,0.0,0.0
2023-03-01 00:00:00-05:00,38.3641929053713,38.867514075662086,38.075248480445254,38.66245651245117,240000,0.0,0.0
2023-03-02 00:00:00-05:00,38.289621100374276,38.988676955906676,37.879506056222816,38.503997802734375,259700,0.0,0.0
2023-03-03 00:00:00-05:00,38.6811010781037,38.802271787887484,38.21506371571691,38.76498794555664,205500,0.0,0.0
2023-03-06 00:00:00-05:00,38.87682609920351,39.053922527760484,38.1870929681793,38.531959533691406,371300,0.0,0.0
2023-03-07 00:00:00-05:00,38.38283769011475,38.755669004583645,38.18710285003089,38.32691192626953,339200,0.0,0.0
2023-03-08 00:00:00-05:00,38.354870664662286,38.5133216377206,37.571927869616616,37.795623779296875,245900,0.0,0.0
2023-03-09 00:00:00-05:00,37.590570547492334,38.14049115139278,35.679814761700655,35.875553131103516,485200,0.0,0.0
2023-03-10 00:00:00-05:00,35.32562596832414,36.06196214184456,34.58928623922157,35.76369857788086,598300,0.0,0.0
2023-03-13 00:00:00-04:00,34.16053944346308,36.53732923587002,32.119293558981646,34.38423538208008,395300,0.0,0.0
2023-03-14 00:00:00-04:00,36.891516212266055,37.4507595778893,33.61061303017259,34.14189529418945,478700,0.0,0.0
2023-03-15 00:00:00-04:00,32.71581343639291,34.030038335499036,32.47347563152585,33.629249572753906,464400,0.0,0.0
2023-03-16 00:00:00-04:00,33.135251300392824,35.67049534876444,32.55736604427838,34.67317581176758,367400,0.0,0.0
2023-03-17 00:00:00-04:00,34.08596865880092,34.1512135979263,32.73445974512197,33.20981979370117,1837200,0.0,0.0
2023-03-20 00:00:00-04:00,33.508080804226985,34.96211482754872,33.32166518299588,33.41487121582031,338900,0.0,0.0
2023-03-21 00:00:00-04:00,34.57996253856509,35.97807428900166,34.08596419119709,34.682491302490234,296100,0.0,0.0
2023-03-22 00:00:00-04:00,34.62657021505238,34.81298227660452,32.902230201037774,32.93019485473633,251400,0.0,0.0
2023-03-23 00:00:00-04:00,33.26574282826653,33.377594345780906,32.342990920059826,32.799705505371094,242700,0.0,0.0
2023-03-24 00:00:00-04:00,32.454843168738556,34.263066940399504,32.34299519203351,34.020729064941406,238700,0.0,0.0
2023-03-27 00:00:00-04:00,34.673184581959376,34.673184581959376,33.498768298433205,33.666542053222656,210100,0.0,0.0
2023-03-28 00:00:00-04:00,33.5174089272823,33.89024026921104,33.30303215012739,33.75975036621094,180900,0.0,0.0
2023-03-29 00:00:00-04:00,33.81566660578695,34.22578172058726,33.1632172060275,33.67585754394531,187900,0.0,0.0
2023-03-30 00:00:00-04:00,34.07909772439053,34.07909772439053,32.93499919247964,33.07566833496094,205900,0.22,0.0
2023-03-31 00:00:00-04:00,33.38513291308893,33.61020280854983,33.00064134042356,33.31011199951172,202600,0.0,0.0
2023-04-03 00:00:00-04:00,33.507056201658905,33.703990184750744,32.916250675017665,33.47892379760742,210200,0.0,0.0
2023-04-04 00:00:00-04:00,33.47892101218194,33.47892101218194,32.297310057208755,32.803714752197266,161400,0.0,0.0
2023-04-05 00:00:00-04:00,32.39109358303678,32.74744929440055,31.978465908497615,32.07224655151367,233700,0.0,0.0
2023-04-06 00:00:00-04:00,32.034729220630396,32.77558008497505,32.034729220630396,32.541133880615234,144600,0.0,0.0
2023-04-10 00:00:00-04:00,32.24105083143533,32.89750107805575,31.987848440137483,32.55051803588867,238400,0.0,0.0
2023-04-11 00:00:00-04:00,32.74745267117426,33.76026225598969,32.156650657398046,32.25980758666992,133400,0.0,0.0
2023-04-12 00:00:00-04:00,32.44736001419596,32.58802919707213,31.819045772711792,32.0159797668457,102500,0.0,0.0
2023-04-13 00:00:00-04:00,31.987843327107534,32.456735774406404,31.875310141418137,32.21290969848633,123000,0.0,0.0
2023-04-14 00:00:00-04:00,32.447357340801446,33.06629525520258,31.031303662086856,31.23761749267578,202000,0.0,0.0
2023-04-17 00:00:00-04:00,31.190722527239366,31.481437118500278,30.66556530091681,31.41579246520996,280300,0.0,0.0
2023-04-18 00:00:00-04:00,31.509577169438746,31.509577169438746,30.56241581531352,30.759349822998047,174600,0.0,0.0
2023-04-19 00:00:00-04:00,30.796856385854646,32.015976045399455,30.506141777806487,31.715885162353516,233300,0.0,0.0
2023-04-20 00:00:00-04:00,31.518951975197158,31.781530610053057,31.209481232089338,31.584596633911133,249400,0.0,0.0
2023-04-21 00:00:00-04:00,31.462684544117888,31.715886911407424,30.646812634428745,30.80623435974121,171200,0.0,0.0
2023-04-24 00:00:00-04:00,30.618678472796272,30.965657884778174,30.309207738086236,30.356096267700195,216200,0.0,0.0
2023-04-25 00:00:00-04:00,30.121651786918044,30.2998332180831,29.643383033369414,29.746538162231445,213000,0.0,0.0
2023-04-26 00:00:00-04:00,30.084142779639105,30.12165145867474,29.230756833337733,29.483959197998047,185500,0.0,0.0
2023-04-27 00:00:00-04:00,27.674034136524615,28.846265326031673,27.32705291741007,28.077281951904297,259700,0.0,0.0
2023-04-28 00:00:00-04:00,28.171061980786522,30.337343019911707,28.171061980786522,28.865022659301758,251700,0.0,0.0
2023-05-01 00:00:00-04:00,28.76186342102661,29.315156664094914,28.71497489073924,29.005687713623047,204600,0.0,0.0
2023-05-02 00:00:00-04:00,28.874398751825254,29.108844983501587,26.78313700587341,27.10198402404785,380300,0.0,0.0
2023-05-03 00:00:00-04:00,27.233275100939302,28.171060026640802,26.63309153218604,26.6987361907959,346800,0.0,0.0
2023-05-04 00:00:00-04:00,26.08917446464625,26.370510995269605,24.626230586925875,26.14544105529785,251400,0.0,0.0
2023-05-05 00:00:00-04:00,26.933185014622648,27.69279216540699,26.492426701044415,27.270788192749023,233400,0.0,0.0
2023-05-08 00:00:00-04:00,27.617766197418806,27.96474561097955,26.595580506775093,26.63309097290039,188000,0.0,0.0
2023-05-09 00:00:00-04:00,26.483046342931555,27.55212059617748,25.714062982619026,25.948509216308594,134000,0.0,0.0
2023-05-10 00:00:00-04:00,26.3048660035965,26.3048660035965,25.629661512487353,25.779706954956055,167400,0.0,0.0
2023-05-11 00:00:00-04:00,25.376460671921695,25.995398606211282,25.132636366188997,25.77033042907715,145100,0.0,0.0
2023-05-12 00:00:00-04:00,25.92975106840665,25.94850719492459,25.301435139516993,25.59214973449707,90700,0.0,0.0
2023-05-15 00:00:00-04:00,25.704687226756512,26.64247224572226,25.704687226756512,26.314247131347656,93700,0.0,0.0
2023-05-16 00:00:00-04:00,26.39864606733488,26.717493094426818,26.098555168585488,26.164199829101562,141000,0.0,0.0
2023-05-17 00:00:00-04:00,26.57682539295413,28.424261084322005,26.229844177477514,28.32110595703125,254200,0.0,0.0
2023-05-18 00:00:00-04:00,28.33985985454563,29.212000122984332,27.92723577445127,29.015066146850586,197300,0.0,0.0
2023-05-19 00:00:00-04:00,29.352667196299944,29.418313643005114,28.161681710716373,28.302349090576172,194200,0.0,0.0
2023-05-22 00:00:00-04:00,28.555550249581987,29.221376654371177,28.105412148758752,29.12759780883789,158700,0.0,0.0
2023-05-23 00:00:00-04:00,29.127602512684234,30.637435193732017,29.080713976686866,30.00912094116211,214200,0.0,0.0
2023-05-24 00:00:00-04:00,29.784047887526228,29.924715261242227,29.427688632850813,29.727781295776367,125600,0.0,0.0
2023-05-25 00:00:00-04:00,29.540228205351603,29.95285411603537,28.865023633155154,29.296403884887695,148100,0.0,0.0
2023-05-26 00:00:00-04:00,29.07133167380614,29.437067209581997,28.846263514199244,29.390178680419922,128500,0.0,0.0
2023-05-30 00:00:00-04:00,29.343290481622706,29.587112982429897,28.72435079988193,28.996309280395508,163900,0.0,0.0
2023-05-31 00:00:00-04:00,28.761862538532277,28.968174569622366,27.617765621006424,28.227325439453125,255700,0.0,0.0
2023-06-01 00:00:00-04:00,28.480527790110877,29.09008760860116,28.05852387571152,28.78061866760254,157800,0.0,0.0
2023-06-02 00:00:00-04:00,29.127598330539655,31.200103878083187,29.090087864864117,31.1063232421875,200300,0.0,0.0
2023-06-05 00:00:00-04:00,30.94690618011204,30.94690618011204,29.08071417358967,29.558984756469727,180200,0.0,0.0
2023-06-06 00:00:00-04:00,29.64338408066131,31.865933503378194,29.521471030404232,31.134462356567383,215900,0.0,0.0
2023-06-07 00:00:00-04:00,31.622112696502075,33.49768277667675,31.087575509841578,33.04754638671875,289100,0.0,0.0
2023-06-08 00:00:00-04:00,32.841232353720116,32.841232353720116,31.162596282566874,31.631488800048828,229100,0.0,0.0
2023-06-09 00:00:00-04:00,31.612726180865046,31.87530836936311,30.553031884584687,30.70307731628418,163300,0.0,0.0
2023-06-12 00:00:00-04:00,30.824987931681438,32.428602791520156,30.72183102274478,31.040678024291992,245800,0.0,0.0
2023-06-13 00:00:00-04:00,31.293881277559688,32.353579221850765,31.293881277559688,32.11913299560547,140500,0.0,0.0
2023-06-14 00:00:00-04:00,32.11913056033396,32.44735382124529,31.01254417016827,31.200101852416992,166200,0.0,0.0
2023-06-15 00:00:00-04:00,31.01255057410142,31.950335601627597,30.956282184598095,31.82842254638672,177300,0.0,0.0
2023-06-16 00:00:00-04:00,32.04410679743905,32.07224277571435,31.443925062257435,31.922197341918945,565100,0.0,0.0
2023-06-20 00:00:00-04:00,31.828418058235577,31.828418058235577,30.74058772279569,30.749967575073242,138600,0.0,0.0
2023-06-21 00:00:00-04:00,30.59992550244928,30.993793484680214,30.3467231235726,30.384235382080078,121400,0.0,0.0
2023-06-22 00:00:00-04:00,30.32796649484238,30.374855028521576,29.21200186418495,29.4652042388916,165700,0.0,0.0
2023-06-23 00:00:00-04:00,29.043200580719567,29.37142568590936,28.142927846272855,28.311729431152344,403200,0.0,0.0
2023-06-26 00:00:00-04:00,28.433638726939154,29.015066169241237,28.414882599097812,28.461772918701172,136300,0.0,0.0
2023-06-27 00:00:00-04:00,28.48052861461721,29.50271252490922,28.133547409545724,29.155733108520508,173600,0.0,0.0
2023-06-28 00:00:00-04:00,29.0619564615646,29.0619564615646,28.358617723031042,28.508663177490234,185300,0.0,0.0
2023-06-29 00:00:00-04:00,28.338628520026134,29.17934058956937,28.338628520026134,28.99041748046875,219100,0.22,0.0
2023-06-30 00:00:00-04:00,29.273804014042643,29.273804014042643,28.102474212646484,28.102474212646484,135700,0.0,0.0
2023-07-03 00:00:00-04:00,28.102476053331735,28.78260255625476,28.083583200042348,28.62201690673828,80700,0.0,0.0
2023-07-05 00:00:00-04:00,28.537001577087675,28.735372938107485,27.989121430145943,28.385862350463867,150400,0.0,0.0
2023-07-06 00:00:00-04:00,27.95133344070547,28.234718998792502,27.384560522809956,27.998563766479492,143000,0.0,0.0
2023-07-07 00:00:00-04:00,28.083581096432003,29.07543419916984,28.083581096432003,28.754262924194336,135300,0.0,0.0
2023-07-10 00:00:00-04:00,28.565338008895264,29.47217507992067,28.47087555124573,28.754262924194336,124000,0.0,0.0
2023-07-11 00:00:00-04:00,28.754263468422206,29.23602039000361,28.55589212343148,28.980972290039062,109200,0.0,0.0
2023-07-12 00:00:00-04:00,29.557192281248888,30.038947411054295,29.462729819861355,29.75556182861328,172300,0.0,0.0
2023-07-13 00:00:00-04:00,29.953929437844064,30.341223882924094,29.70832957653795,30.246763229370117,132300,0.0,0.0
2023-07-14 00:00:00-04:00,30.492362305056123,30.492362305056123,29.6516502583802,29.963375091552734,118300,0.0,0.0
2023-07-17 00:00:00-04:00,29.717774647573023,30.558486728556645,29.613867566756237,30.19953155517578,123100,0.0,0.0
2023-07-18 00:00:00-04:00,30.19953604925199,31.408651711111613,30.19953604925199,31.30474281311035,192100,0.0,0.0
2023-07-19 00:00:00-04:00,31.503116650881978,32.4288486294214,31.25751671603791,32.381614685058594,243900,0.0,0.0
2023-07-20 00:00:00-04:00,32.343820344173245,32.343820344173245,31.57867613821562,32.25880432128906,140100,0.0,0.0
2023-07-21 00:00:00-04:00,32.466624651885276,32.466624651885276,31.5692339289328,31.692035675048828,152000,0.0,0.0
2023-07-24 00:00:00-04:00,31.56923207191559,32.608317333374806,31.436985708543705,32.48551559448242,146600,0.0,0.0
2023-07-25 00:00:00-04:00,32.4760701879216,33.15619484080456,32.07932750391707,32.41939163208008,182400,0.0,0.0
2023-07-26 00:00:00-04:00,32.41938993480096,33.82687670191209,32.41938993480096,33.486812591552734,173900,0.0,0.0
2023-07-27 00:00:00-04:00,33.27899947866273,33.817433194057806,31.975421408180427,32.296592712402344,222700,0.0,0.0
2023-07-28 00:00:00-04:00,32.62721132040676,33.042843277378395,32.22102398824306,32.447731018066406,146200,0.0,0.0
2023-07-31 00:00:00-04:00,31.59757472673406,32.1171155816306,31.068585643444077,31.248065948486328,179400,0.0,0.0
2023-08-01 00:00:00-04:00,31.1913851780295,31.314186914338507,30.388455183323625,30.917444229125977,162400,0.0,0.0
2023-08-02 00:00:00-04:00,30.482920343425416,30.81353625466216,30.237316863555396,30.79464340209961,138300,0.0,0.0
2023-08-03 00:00:00-04:00,30.6623937984272,31.32362915449091,30.38845287037408,31.23861312866211,116500,0.0,0.0
2023-08-04 00:00:00-04:00,31.125264896677304,31.975421695412166,30.926895337316843,31.86206817626953,119100,0.0,0.0
2023-08-07 00:00:00-04:00,31.673144069815045,32.239918887227105,31.607020881633495,32.20213317871094,106900,0.0,0.0
2023-08-08 00:00:00-04:00,31.597570762088335,31.597570762088335,30.10506976792665,30.97412109375,165900,0.0,0.0
2023-08-09 00:00:00-04:00,30.84187811250265,30.945783399050544,30.25621047863306,30.775754928588867,98700,0.0,0.0
2023-08-10 00:00:00-04:00,30.860765010963245,31.31418624246126,30.350672431553207,30.634057998657227,86400,0.0,0.0
2023-08-11 00:00:00-04:00,30.39790521136714,30.756862213829546,30.227873136697752,30.586830139160156,89700,0.0,0.0
2023-08-14 00:00:00-04:00,30.379012636529698,30.775755348873712,29.57608438863663,30.208980560302734,103800,0.0,0.0
2023-08-15 00:00:00-04:00,29.7838992231672,29.7838992231672,28.95263177761574,28.99041748046875,122500,0.0,0.0
2023-08-16 00:00:00-04:00,28.8865128014022,29.292700157551863,28.58423434149224,28.640911102294922,82000,0.0,0.0
2023-08-17 00:00:00-04:00,28.829834728025027,29.27380597058929,28.62201694500722,29.141559600830078,114300,0.0,0.0
2023-08-18 00:00:00-04:00,28.83927694298213,29.68943539904552,28.83927694298213,29.491064071655273,247900,0.0,0.0
2023-08-21 00:00:00-04:00,29.49106753603479,29.604422850962653,28.49921618773281,28.555892944335938,116000,0.0,0.0
2023-08-22 00:00:00-04:00,28.42364679898301,28.546446739529912,27.564041809989828,27.601825714111328,141600,0.0,0.0
2023-08-23 00:00:00-04:00,27.554593931819955,27.913549109810013,27.450685047947417,27.526254653930664,93500,0.0,0.0
2023-08-24 00:00:00-04:00,27.39400947015956,28.05524490219688,27.337332713668864,27.97967529296875,168600,0.0,0.0
2023-08-25 00:00:00-04:00,28.15915155508885,28.17804440753529,27.460132230064897,27.837980270385742,150800,0.0,0.0
2023-08-28 00:00:00-04:00,28.017458056106403,28.527554248920996,27.922995597986493,28.31973648071289,129700,0.0,0.0
2023-08-29 00:00:00-04:00,28.395306999292316,28.480323034159905,28.102474991260387,28.140260696411133,172100,0.0,0.0
2023-08-30 00:00:00-04:00,28.06469009415416,28.15915255802922,27.72462774661424,27.989120483398438,138500,0.0,0.0
2023-08-31 00:00:00-04:00,27.998563766479492,28.357520728559273,27.69628535739427,27.998563766479492,131200,0.0,0.0
2023-09-01 00:00:00-04:00,28.17804377023759,28.914848783490232,28.17804377023759,28.867616653442383,130900,0.0,0.0
2023-09-05 00:00:00-04:00,28.489770062042712,28.489770062042712,27.630165070649134,27.87576675415039,149500,0.0,0.0
2023-09-06 00:00:00-04:00,27.92299797480472,28.159153239345372,27.05394652922625,27.20508575439453,118700,0.0,0.0
2023-09-07 00:00:00-04:00,27.167303394323696,27.280656918786963,26.13766623821976,26.21323585510254,157300,0.0,0.0
2023-09-08 00:00:00-04:00,26.288802212017274,26.288802212017274,25.703136402510474,26.194339752197266,159100,0.0,0.0
2023-09-11 00:00:00-04:00,26.279355236031385,26.534403331692676,25.920400058291495,25.96763038635254,132000,0.0,0.0
2023-09-12 00:00:00-04:00,26.033755202278392,26.45883538842576,25.778708892311606,26.37381935119629,117100,0.0,0.0
2023-09-13 00:00:00-04:00,26.534403775779143,26.534403775779143,25.778707703825788,26.137662887573242,126400,0.0,0.0
2023-09-14 00:00:00-04:00,27.11062501691026,27.686842635666178,26.619421635575968,27.667951583862305,215700,0.0,0.0
2023-09-15 00:00:00-04:00,27.620717939822516,27.837980338322012,26.931145039338933,27.072837829589844,765500,0.0,0.0
2023-09-18 00:00:00-04:00,27.129514877327505,27.129514877327505,26.36437236036048,26.392711639404297,144500,0.0,0.0
2023-09-19 00:00:00-04:00,26.477730415053145,26.81779279016474,25.977080577128643,26.21323585510254,113300,0.0,0.0
2023-09-20 00:00:00-04:00,26.392712951876895,26.55329860433435,25.854279235320046,25.89206314086914,97700,0.0,0.0
2023-09-21 00:00:00-04:00,25.722032752381484,25.844834507361973,25.42920070867092,25.807048797607422,110400,0.0,0.0
2023-09-22 00:00:00-04:00,25.863723542610888,26.13766451179291,25.466982629751126,25.750370025634766,147800,0.0,0.0
2023-09-25 00:00:00-04:00,25.712584041549714,26.449389100835646,25.429198450443707,26.156557083129883,102200,0.0,0.0
2023-09-26 00:00:00-04:00,25.892062543501734,26.694990787264288,25.816492932425355,26.156557083129883,240000,0.0,0.0
2023-09-27 00:00:00-04:00,26.392713755138246,26.732776122316643,26.20378881647778,26.47772979736328,165100,0.0,0.0
2023-09-28 00:00:00-04:00,26.55389342890704,27.658322005451293,26.47772600348932,26.64910316467285,242500,0.22,0.0
2023-09-29 00:00:00-04:00,26.868085228995007,27.344132108561734,26.582457827644866,26.79191780090332,276900,0.0,0.0
2023-10-02 00:00:00-04:00,26.75383924985093,26.849049004101648,25.887433936521926,26.001684188842773,336300,0.0,0.0
2023-10-03 00:00:00-04:00,25.858867278939076,26.43964507392334,25.630364986480057,26.306350708007812,201000,0.0,0.0
2023-10-04 00:00:00-04:00,26.334915816997295,26.534856470345385,25.982642108489816,26.353958129882812,164700,0.0,0.0
2023-10-05 00:00:00-04:00,26.230181396259443,26.791916839263845,26.154013970901627,26.477725982666016,188700,0.0,0.0
2023-10-06 00:00:00-04:00,26.28730928139053,26.934733328418396,25.830302896681328,26.56341552734375,174900,0.0,0.0
2023-10-09 00:00:00-04:00,26.363477687623856,26.991859446941017,26.325393064162306,26.59197998046875,82600,0.0,0.0
2023-10-10 00:00:00-04:00,26.64910511626748,27.029942271245933,26.64910511626748,26.934734344482422,111400,0.0,0.0
2023-10-11 00:00:00-04:00,26.906169840358032,27.382216719735972,26.83000241229655,27.02042007446289,110700,0.0,0.0
2023-10-12 00:00:00-04:00,27.106105143322058,27.106105143322058,26.649100634210555,26.801435470581055,93200,0.0,0.0
2023-10-13 00:00:00-04:00,27.001375618822138,27.13466814438448,25.858862549510903,25.992155075073242,136100,0.0,0.0
2023-10-16 00:00:00-04:00,26.268264778764443,26.639580732884898,26.268264778764443,26.496767044067383,122400,0.0,0.0
2023-10-17 00:00:00-04:00,26.353955586241543,27.57263443769104,26.353955586241543,27.306049346923828,176000,0.0,0.0
2023-10-18 00:00:00-04:00,27.068024577962166,27.068024577962166,26.477725676288514,26.63958168029785,122300,0.0,0.0
2023-10-19 00:00:00-04:00,26.753835336738774,27.229882222389023,26.4967695826537,26.57293701171875,134000,0.0,0.0
2023-10-20 00:00:00-04:00,26.639583966349196,26.639583966349196,25.65892851905739,25.792221069335938,225700,0.0,0.0
2023-10-23 00:00:00-04:00,25.592279474408617,26.382517222712824,25.592279474408617,25.706531524658203,135100,0.0,0.0
2023-10-24 00:00:00-04:00,25.887428519386276,26.030242212890023,25.021023387358944,25.211441040039062,149100,0.0,0.0
2023-10-25 00:00:00-04:00,25.106712336101065,25.782698009420763,24.75443685869843,25.563716888427734,142700,0.0,0.0
2023-10-26 00:00:00-04:00,26.26826605244928,27.59167575082155,26.173056316629587,27.277484893798828,249500,0.0,0.0
2023-10-27 00:00:00-04:00,27.172758383571583,27.544074390744235,26.134975978728953,26.553895950317383,212800,0.0,0.0
2023-10-30 00:00:00-04:00,26.925211848317776,27.182275780147755,26.668146100513088,26.953773498535156,97900,0.0,0.0
2023-10-31 00:00:00-04:00,27.106108096141813,27.79161675045985,27.0585041355807,27.6297607421875,134600,0.0,0.0
2023-11-01 00:00:00-04:00,27.582154616469083,27.820178048210714,27.077546103400618,27.448862075805664,84500,0.0,0.0
2023-11-02 00:00:00-04:00,27.791617095420996,29.12454798339862,27.61071877428894,29.06742286682129,123800,0.0,0.0
2023-11-03 00:00:00-04:00,29.86718171967535,30.7050234201737,29.86718171967535,30.20993423461914,179200,0.0,0.0
2023-11-06 00:00:00-05:00,30.20041273756747,30.56220755924166,27.22036013448957,29.800533294677734,183700,0.0,0.0
2023-11-07 00:00:00-05:00,29.65771925542749,29.724365525812267,28.848439223666617,29.162630081176758,109900,0.0,0.0
2023-11-08 00:00:00-05:00,29.067422219402985,29.067422219402985,28.05820155849175,28.362873077392578,86500,0.0,0.0
2023-11-09 00:00:00-05:00,28.372395301452396,28.372395301452396,27.629763279054927,27.877307891845703,117700,0.0,0.0
2023-11-10 00:00:00-05:00,28.04868062518668,28.153411517386633,27.572633756604628,27.97251319885254,81900,0.0,0.0
2023-11-13 00:00:00-05:00,27.744010311312298,28.41047663909876,27.620238927224634,28.29622459411621,90700,0.0,0.0
2023-11-14 00:00:00-05:00,29.572028956328513,31.057294576802516,29.552988463021144,30.87639808654785,181100,0.0,0.0
2023-11-15 00:00:00-05:00,30.81927029468707,31.49525954342243,30.81927029468707,31.304840087890625,164900,0.0,0.0
2023-11-16 00:00:00-05:00,31.18106833242182,31.18106833242182,30.343226684655797,30.438434600830078,103900,0.0,0.0
2023-11-17 00:00:00-05:00,30.857357951304373,31.181069968005918,30.466999663395097,30.600292205810547,213400,0.0,0.0
2023-11-20 00:00:00-05:00,30.63837588298028,31.13346504808892,30.16232902790843,30.457477569580078,98100,0.0,0.0
2023-11-21 00:00:00-05:00,30.09568499387278,30.228977542080262,29.40065515370932,29.438739776611328,97600,0.0,0.0
2023-11-22 00:00:00-05:00,29.81005638595439,29.829098697798837,29.476823192575793,29.743410110473633,60500,0.0,0.0
2023-11-24 00:00:00-05:00,29.667238576194848,29.990950568882976,29.581550000720075,29.905261993408203,33400,0.0,0.0
2023-11-27 00:00:00-05:00,29.781492800044653,30.019516234717717,29.467301938915195,29.800533294677734,97000,0.0,0.0
2023-11-28 00:00:00-05:00,29.87669852959176,29.914783148013687,29.267359162637426,29.905261993408203,104300,0.0,0.0
2023-11-29 00:00:00-05:00,30.276580201159913,30.9525658847927,30.02903742685403,30.143287658691406,190800,0.0,0.0
2023-11-30 00:00:00-05:00,30.324185339860644,30.324185339860644,29.676761319818585,29.8386173248291,187400,0.0,0.0
2023-12-01 00:00:00-05:00,29.876702637402627,31.371491428442802,29.86718329746287,31.285802841186523,249000,0.0,0.0
2023-12-04 00:00:00-05:00,31.1239439866682,32.07603775522647,30.904962855733736,31.942745208740234,192600,0.0,0.0
2023-12-05 00:00:00-05:00,31.92370256455815,31.92370256455815,31.352447762161397,31.533344268798828,134300,0.0,0.0
2023-12-06 00:00:00-05:00,31.62855371537078,32.52352048131753,31.40957260131836,31.40957260131836,211700,0.0,0.0
2023-12-07 00:00:00-05:00,31.66663751851872,32.25693827700638,31.495263979545975,32.23789596557617,178000,0.0,0.0
2023-12-08 00:00:00-05:00,32.171252540528116,32.75203037875772,31.904663788846577,32.494964599609375,129600,0.0,0.0
2023-12-11 00:00:00-05:00,32.38070790733292,32.38070790733292,31.99987257394292,32.1236457824707,132500,0.0,0.0
2023-12-12 00:00:00-05:00,32.12363861101943,32.409265955284354,31.838007634805773,31.8570499420166,111900,0.0,0.0
2023-12-13 00:00:00-05:00,32.12364511439627,34.208729144795505,31.876098702488918,34.16112518310547,182200,0.0,0.0
2023-12-14 00:00:00-05:00,35.1417845300522,36.12244005207614,34.93232271682383,35.71303939819336,332300,0.0,0.0
2023-12-15 00:00:00-05:00,35.93201986790285,36.15100099545165,35.54166157410726,35.69399642944336,1076900,0.0,0.0
2023-12-18 00:00:00-05:00,35.78920451508684,35.846331448079155,34.71333755140292,34.84663009643555,170100,0.0,0.0
2023-12-19 00:00:00-05:00,35.04656974064952,35.836805608067266,34.75141939173853,35.27507019042969,172600,0.0,0.0
2023-12-20 00:00:00-05:00,34.98944824478761,36.08435760182616,34.57052826718186,34.580047607421875,223800,0.0,0.0
2023-12-21 00:00:00-05:00,34.97040800054852,35.43693560279455,34.722865188220986,35.38932800292969,151500,0.0,0.0
2023-12-22 00:00:00-05:00,35.69399642944336,36.036747129987496,35.60830784631996,35.69399642944336,134700,0.0,0.0
2023-12-26 00:00:00-05:00,35.94153731693704,36.46518812761514,35.67495224210801,36.3223762512207,89700,0.0,0.0
2023-12-27 00:00:00-05:00,36.24621194566279,36.66513192484164,35.98914617482018,36.3604621887207,115200,0.0,0.0
2023-12-28 00:00:00-05:00,36.22639657006113,36.45622097841591,36.00614300364755,36.111480712890625,93200,0.22,0.0
2023-12-29 00:00:00-05:00,35.99657018993258,36.20724561825831,35.335820418810876,35.44115447998047,99300,0.0,0.0
2024-01-02 00:00:00-05:00,34.99108089356093,35.97741832387366,34.99108089356093,35.613525390625,174800,0.0,0.0
2024-01-03 00:00:00-05:00,35.34539641317916,35.45073413180937,34.15795802088425,34.215415954589844,161700,0.0,0.0
2024-01-04 00:00:00-05:00,34.34947741969989,34.87616230781875,34.33990292485834,34.694217681884766,127800,0.0,0.0
2024-01-05 00:00:00-05:00,34.34947592200575,35.22090103431391,34.34947592200575,34.742095947265625,170000,0.0,0.0
2024-01-08 00:00:00-05:00,34.69421958437333,34.97192743891652,34.39735908610373,34.73252487182617,99100,0.0,0.0
2024-01-09 00:00:00-05:00,34.21541252977991,34.44524058860409,33.93770469082367,34.301597595214844,84100,0.0,0.0
2024-01-10 00:00:00-05:00,34.071773529052734,34.27287079940801,33.76533489656785,34.071773529052734,148700,0.0,0.0
2024-01-11 00:00:00-05:00,33.74618372432723,33.78448535454188,32.846027833914924,33.40144348144531,412300,0.0,0.0
2024-01-12 00:00:00-05:00,33.7557579840686,33.7557579840686,32.89390738285269,33.16204071044922,116400,0.0,0.0
2024-01-16 00:00:00-05:00,32.62577508174163,32.87475574782353,32.24272958915064,32.328914642333984,157000,0.0,0.0
2024-01-17 00:00:00-05:00,31.62985869303673,32.41509863957528,31.62985869303673,32.07036209106445,146800,0.0,0.0
2024-01-18 00:00:00-05:00,32.22359163760944,32.78858192352363,31.98418903600162,32.242740631103516,110400,0.0,0.0
2024-01-19 00:00:00-05:00,32.472562481243095,33.21949728543019,32.07036794144792,33.209922790527344,138200,0.0,0.0
2024-01-22 00:00:00-05:00,33.56423712351859,35.9008083733898,33.56423712351859,34.45481491088867,167400,0.0,0.0
2024-01-23 00:00:00-05:00,34.89531289702686,34.89531289702686,33.58338800135271,33.870670318603516,147200,0.0,0.0
2024-01-24 00:00:00-05:00,34.090926350546106,34.34948157848877,33.76533869161758,33.99516677856445,114400,0.0,0.0
2024-01-25 00:00:00-05:00,34.47396543231368,35.077260850217165,33.114160771475646,33.2386474609375,201400,0.0,0.0
2024-01-26 00:00:00-05:00,33.56423267603663,33.813213343273816,33.29610302177434,33.736602783203125,107300,0.0,0.0
2024-01-29 00:00:00-05:00,33.68873342222698,34.943204333674345,33.554668553658836,34.895320892333984,134600,0.0,0.0
2024-01-30 00:00:00-05:00,34.95277191516719,35.029382483760344,34.66548958892879,34.75167465209961,146400,0.0,0.0
2024-01-31 00:00:00-05:00,33.85151810949047,34.272868922967525,33.04712541911679,33.095008850097656,251300,0.0,0.0
2024-02-01 00:00:00-05:00,33.51635834602322,33.69830297625266,31.792660647397796,33.066280364990234,288000,0.0,0.0
2024-02-02 00:00:00-05:00,32.55874868327459,33.85152106685438,32.36722590159786,33.46847915649414,233200,0.0,0.0
2024-02-05 00:00:00-05:00,33.10458791604632,33.411022921077645,32.53002319486094,32.87476348876953,193600,0.0,0.0
2024-02-06 00:00:00-05:00,32.80772416572844,33.26738028086033,32.56832161338573,32.731117248535156,175300,0.0,0.0
2024-02-07 00:00:00-05:00,32.750267028808594,32.89390635586475,31.85011117275531,32.750267028808594,131000,0.0,0.0
2024-02-08 00:00:00-05:00,32.788575227716855,33.16204262547967,32.76942258514016,33.04712677001953,143600,0.0,0.0
2024-02-09 00:00:00-05:00,33.23865335425787,34.244143460378424,32.38638075332718,33.985591888427734,202800,0.0,0.0
2024-02-12 00:00:00-05:00,33.87067116163208,35.0868365328235,33.87067116163208,34.43566131591797,194800,0.0,0.0
2024-02-13 00:00:00-05:00,33.07585340252449,33.51635316743541,32.003327471011886,32.4917106628418,195600,0.0,0.0
2024-02-14 00:00:00-05:00,33.00882530487845,33.48763041273921,32.185279934879055,32.97052001953125,136900,0.0,0.0
2024-02-15 00:00:00-05:00,33.32483695907641,34.82828480398608,32.989674822820106,34.426090240478516,141800,0.0,0.0
2024-02-16 00:00:00-05:00,34.02388707712373,34.37820545878571,33.60253993094935,34.090919494628906,136000,0.0,0.0
2024-02-20 00:00:00-05:00,33.679149232303466,34.186685126132375,33.583389672784904,33.66957473754883,90300,0.0,0.0
2024-02-21 00:00:00-05:00,33.43974527676896,33.52593033791498,33.13331031558153,33.248226165771484,177300,0.0,0.0
2024-02-22 00:00:00-05:00,33.09500998276935,33.22907482692116,32.48213638337202,32.80772399902344,116000,0.0,0.0
2024-02-23 00:00:00-05:00,32.77899567746377,33.257800762415904,32.38637565392274,32.702388763427734,105400,0.0,0.0
2024-02-26 00:00:00-05:00,32.367219922191595,32.73111277485378,32.03205785591889,32.328914642333984,108200,0.0,0.0
2024-02-27 00:00:00-05:00,32.71196416244942,33.0567044176275,32.18527928503534,32.25231170654297,83500,0.0,0.0
2024-02-28 00:00:00-05:00,31.9267293927733,32.46299250683498,31.773511882040477,32.12782669067383,120900,0.0,0.0
2024-02-29 00:00:00-05:00,32.8747612044557,33.296108393847966,32.50129014334321,32.67366027832031,124000,0.0,0.0
2024-03-01 00:00:00-05:00,32.472560324073726,32.625777803292586,31.773505346825637,32.53959274291992,123000,0.0,0.0
2024-03-04 00:00:00-05:00,32.59705043396797,33.41101760155058,32.252310194947114,32.30018997192383,90900,0.0,0.0
2024-03-05 00:00:00-05:00,32.0512142131232,33.70787940268177,32.0512142131232,33.420597076416016,103900,0.0,0.0
2024-03-06 00:00:00-05:00,33.506786754641794,34.11965677588698,32.59705621867132,33.43975067138672,93500,0.0,0.0
2024-03-07 00:00:00-05:00,34.00473395977947,34.24413649122904,33.57381232556444,33.688724517822266,92500,0.0,0.0
2024-03-08 00:00:00-05:00,34.23456957046355,34.36863443325353,33.72703726047475,33.76533889770508,76900,0.0,0.0
2024-03-11 00:00:00-04:00,33.48763638528616,33.755766124551556,33.48763638528616,33.56424331665039,70500,0.0,0.0
2024-03-12 00:00:00-04:00,33.40144649987375,33.411020995044424,32.74069309030803,32.75984573364258,84800,0.0,0.0
2024-03-13 00:00:00-04:00,32.644930838156036,33.30568054031254,32.53001864060553,32.702388763427734,70000,0.0,0.0
2024-03-14 00:00:00-04:00,32.55874159569123,32.55874159569123,31.716043731553107,31.955446243286133,99700,0.0,0.0
2024-03-15 00:00:00-04:00,31.86926490056587,32.75026814579408,31.86926490056587,32.61620330810547,344400,0.0,0.0
2024-03-18 00:00:00-04:00,32.70239430840641,32.79815388043656,31.94588126919031,32.032066345214844,116800,0.0,0.0
2024-03-19 00:00:00-04:00,31.965031635555544,32.5683234717279,31.850115773718972,31.8692684173584,91500,0.0,0.0
2024-03-20 00:00:00-04:00,31.7830823239966,33.66000115729414,31.514952627665437,33.29610824584961,128000,0.0,0.0
2024-03-21 00:00:00-04:00,33.63126777872903,34.09092021692889,33.554660865525484,33.870670318603516,140300,0.0,0.0
2024-03-22 00:00:00-04:00,33.72703035710993,33.93770210423309,33.219494498011784,33.545082092285156,164400,0.0,0.0
2024-03-25 00:00:00-04:00,33.70788518656856,34.29202808690383,33.545089526855215,33.698307037353516,77700,0.0,0.0
2024-03-26 00:00:00-04:00,33.851523594703394,33.851523594703394,33.22907907401475,33.28653335571289,81200,0.0,0.0
2024-03-27 00:00:00-04:00,33.63347158738122,34.63572692871094,33.26726085474985,34.63572692871094,157500,0.22,0.0
2024-03-28 00:00:00-04:00,34.577904392676196,35.18503884495729,33.90330688054763,34.8091926574707,163200,0.0,0.0
2024-04-01 00:00:00-04:00,35.030845113939286,35.030845113939286,33.05524102118291,34.07677459716797,101700,0.0,0.0
2024-04-02 00:00:00-04:00,33.54673744365296,33.80693951515341,32.84322977311954,33.03596878051758,149800,0.0,0.0
2024-04-03 00:00:00-04:00,32.708306388727415,33.113066380498424,32.708306388727415,32.72758102416992,93900,0.0,0.0
2024-04-04 00:00:00-04:00,33.00705468011478,33.58527898502865,32.92995614545401,32.95886993408203,107300,0.0,0.0
2024-04-05 00:00:00-04:00,32.88176708950617,33.24797772862352,32.66011434579988,32.80467224121094,83000,0.0,0.0
2024-04-08 00:00:00-04:00,33.10342290767252,33.334714826559306,32.86249551045144,33.151611328125,95900,0.0,0.0
2024-04-09 00:00:00-04:00,33.19015856996018,33.76838655783172,33.09378907677852,33.25761795043945,78300,0.0,0.0
2024-04-10 00:00:00-04:00,32.3035493794386,32.53483764725971,31.00253908696713,31.551856994628906,198300,0.0,0.0
2024-04-11 00:00:00-04:00,31.59040140138877,31.628950669997344,31.04108719062868,31.49403190612793,130800,0.0,0.0
2024-04-12 00:00:00-04:00,31.22419420903725,31.494031735312547,30.694152797325955,30.838708877563477,181200,0.0,0.0
2024-04-15 00:00:00-04:00,31.09891415089771,31.397665497593717,30.250848539438138,30.64596939086914,117800,0.0,0.0
2024-04-16 00:00:00-04:00,30.33757900275892,30.549596299799525,29.971370148617368,30.10628890991211,124600,0.0,0.0
2024-04-17 00:00:00-04:00,30.53032182087619,30.53032182087619,29.749717523788526,29.855724334716797,157600,0.0,0.0
2024-04-18 00:00:00-04:00,29.87499983983397,30.405039424320826,29.711169122025794,30.125564575195312,168100,0.0,0.0
2024-04-19 00:00:00-04:00,29.9424572681318,31.18564354648451,29.9424572681318,31.13745880126953,155200,0.0,0.0
2024-04-22 00:00:00-04:00,31.46512437333959,32.274640699207225,31.233832418979883,32.01443862915039,107900,0.0,0.0
2024-04-23 00:00:00-04:00,32.081897304606464,33.199800427302876,31.99516328317912,32.87213897705078,140200,0.0,0.0
2024-04-24 00:00:00-04:00,32.39028476435097,33.34435534278822,32.39028476435097,33.24798583984375,147400,0.0,0.0
2024-04-25 00:00:00-04:00,32.58302266532521,32.58302266532521,30.308667437466152,30.40503692626953,256200,0.0,0.0
2024-04-26 00:00:00-04:00,30.530324467118202,30.829073968023607,30.260485081639832,30.376131057739258,179300,0.0,0.0
2024-04-29 00:00:00-04:00,30.337581772303686,30.588146521961242,29.85572690868464,29.903913497924805,122300,0.0,0.0
2024-04-30 00:00:00-04:00,29.624433941650487,29.874998667176634,29.13294180751808,29.30640983581543,142800,0.0,0.0
2024-05-01 00:00:00-04:00,29.441325519020435,30.568865746964583,29.277494824767693,30.115922927856445,202000,0.0,0.0
2024-05-02 00:00:00-04:00,30.356854120324215,30.60741885109935,29.961733308983117,30.549596786499023,130800,0.0,0.0
2024-05-03 00:00:00-04:00,31.050726212608573,31.050726212608573,30.299032021141134,30.69415283203125,183100,0.0,0.0
2024-05-06 00:00:00-04:00,30.790523397901165,30.89653204534827,30.270119315666552,30.31830406188965,114600,0.0,0.0
2024-05-07 00:00:00-04:00,30.462864242287424,30.79052568773675,30.443589607112667,30.578508377075195,120800,0.0,0.0
2024-05-08 00:00:00-04:00,30.2701209345331,30.694153708868836,30.2701209345331,30.67487907409668,108600,0.0,0.0
2024-05-09 00:00:00-04:00,30.64596304294137,30.99289907014142,30.636327564968123,30.742334365844727,283500,0.0,0.0
2024-05-10 00:00:00-04:00,30.85798671279927,30.867622192768387,30.405041952770702,30.64596939086914,145600,0.0,0.0
2024-05-13 00:00:00-04:00,30.723064981951136,30.83871095681658,30.46286475523211,30.588146209716797,110800,0.0,0.0
2024-05-14 00:00:00-04:00,31.021810975390437,31.03145013018165,30.241206707150965,30.55923080444336,111700,0.0,0.0
2024-05-15 00:00:00-04:00,31.03145335244812,31.070002623095053,30.356855821169965,30.65560531616211,145300,0.0,0.0
2024-05-16 00:00:00-04:00,30.626692754977253,31.28201376045729,30.520684107296102,31.079635620117188,128800,0.0,0.0
2024-05-17 00:00:00-04:00,31.224192175420438,31.74459255987785,31.224192175420438,31.41693115234375,117900,0.0,0.0
2024-05-20 00:00:00-04:00,31.51330612531732,31.686774155510268,31.03145130283926,31.05072593688965,93000,0.0,0.0
2024-05-21 00:00:00-04:00,30.915806801581383,31.31092760419307,30.838708266310565,31.262739181518555,151600,0.0,0.0
2024-05-22 00:00:00-04:00,31.30128910444296,31.32056373866418,30.877258180357934,30.983266830444336,113500,0.0,0.0
2024-05-23 00:00:00-04:00,31.002538353173215,31.002538353173215,30.1062899031233,30.27012062072754,114000,0.0,0.0
2024-05-24 00:00:00-04:00,30.395403985868164,30.60741945232084,30.077378028993657,30.597782135009766,127000,0.0,0.0
2024-05-28 00:00:00-04:00,30.703792879448372,30.790526903027754,30.250848125615946,30.347219467163086,108800,0.0,0.0
2024-05-29 00:00:00-04:00,29.662981770121444,29.990643176978686,29.47987643378824,29.894271850585938,158300,0.0,0.0
2024-05-30 00:00:00-04:00,30.405040141953837,30.539960749182292,30.087016016129514,30.356855392456055,233500,0.0,0.0
2024-05-31 00:00:00-04:00,30.511045569709456,30.70378822357656,30.02919077317187,30.40503692626953,136100,0.0,0.0
2024-06-03 00:00:00-04:00,30.77124717485535,30.77124717485535,29.69189163678134,29.817174911499023,102000,0.0,0.0
2024-06-04 00:00:00-04:00,29.605157653866794,29.65334423577417,29.16185212909983,29.238948822021484,74700,0.0,0.0
2024-06-05 00:00:00-04:00,29.547337303481196,29.817176663386462,29.113667231871,29.778627395629883,106000,0.0,0.0
2024-06-06 00:00:00-04:00,29.64370810143097,30.241207035866417,29.614796151133685,30.202659606933594,115800,0.0,0.0
2024-06-07 00:00:00-04:00,29.768991461536363,30.327943003059648,29.69189476057213,30.05810546875,96600,0.0,0.0
2024-06-10 00:00:00-04:00,29.653343480840107,29.672618113112353,28.776367931884117,29.007658004760742,159200,0.0,0.0
2024-06-11 00:00:00-04:00,28.805281392060216,28.94020199552636,28.55471665777203,28.708911895751953,161400,0.0,0.0
2024-06-12 00:00:00-04:00,29.788266899576417,30.2701217531291,29.28713741073033,29.711170196533203,152500,0.0,0.0
2024-06-13 00:00:00-04:00,29.768991393941263,29.768991393941263,29.190767057087626,29.441329956054688,97000,0.0,0.0
2024-06-14 00:00:00-04:00,28.930564880371094,28.978749628861834,28.67036282700831,28.930564880371094,92900,0.0,0.0
2024-06-17 00:00:00-04:00,28.747459446551748,29.537701083609566,28.622177997950278,29.508790969848633,78200,0.0,0.0
2024-06-18 00:00:00-04:00,29.335320236354214,29.70152906930617,29.26786085961018,29.277496337890625,100500,0.0,0.0
2024-06-20 00:00:00-04:00,29.277499513181596,29.556976205009118,28.901653323056646,29.373870849609375,129200,0.0,0.0
2024-06-21 00:00:00-04:00,29.393145650307755,29.393145650307755,28.96911287051206,29.123306274414062,426900,0.0,0.0
2024-06-24 00:00:00-04:00,29.354597606403686,29.672623583132125,29.10403469319473,29.364234924316406,327400,0.0,0.0
2024-06-25 00:00:00-04:00,29.181128576155608,29.393144035339358,28.88237726414591,28.91128921508789,115700,0.0,0.0
2024-06-26 00:00:00-04:00,28.63181370825555,29.817178011541795,28.45834750989862,29.585887908935547,163800,0.0,0.0
2024-06-27 00:00:00-04:00,29.634074067277165,30.135203565826327,29.277500659966684,30.04846954345703,127800,0.0,0.0
2024-06-28 00:00:00-04:00,30.446393854542315,31.174310230319406,30.30080872819512,30.980199813842773,391400,0.22,0.0
2024-07-01 00:00:00-04:00,30.74726658104613,31.29078019671733,29.85435347094836,30.718149185180664,139000,0.0,0.0
2024-07-02 00:00:00-04:00,30.718152459311383,31.776062407546902,30.261990982616066,31.620773315429688,165900,0.0,0.0
2024-07-03 00:00:00-04:00,31.679004462389255,31.679004462389255,31.09667129160075,31.1937255859375,109000,0.0,0.0
2024-07-05 00:00:00-04:00,31.08695900340191,31.688707386153965,30.824909856114537,30.941375732421875,108700,0.0,0.0
2024-07-08 00:00:00-04:00,31.116080737707914,31.630475126387733,30.844323919271417,30.921968460083008,198500,0.0,0.0
2024-07-09 00:00:00-04:00,30.65021346488237,31.23254848120557,30.621096066149015,31.028730392456055,230000,0.0,0.0
2024-07-10 00:00:00-04:00,31.13549820674176,32.2419335847387,31.13549820674176,32.21281433105469,136800,0.0,0.0
2024-07-11 00:00:00-04:00,33.125143436979776,34.16364013370824,32.80485754052357,34.0180549621582,188500,0.0,0.0
2024-07-12 00:00:00-04:00,34.56156136634231,34.88184349208293,33.79481987087803,34.0762825012207,236700,0.0,0.0
2024-07-15 00:00:00-04:00,34.687735987968466,35.784463591574266,34.687735987968466,34.94978332519531,333600,0.0,0.0
2024-07-16 00:00:00-04:00,35.454471032264685,36.94913075506132,35.454471032264685,36.78413772583008,273500,0.0,0.0
2024-07-17 00:00:00-04:00,36.298862660251004,37.84204968735928,36.298862660251004,37.69646453857422,385600,0.0,0.0
2024-07-18 00:00:00-04:00,37.3082422031714,38.21086129458868,36.73561292692157,37.08501434326172,306200,0.0,0.0
2024-07-19 00:00:00-04:00,37.12383346762267,38.16232995078767,34.79449341615159,37.02677917480469,164800,0.0,0.0
2024-07-22 00:00:00-04:00,36.745313272761436,37.89057159755351,36.45414671783102,37.67704772949219,142700,0.0,0.0
2024-07-23 00:00:00-04:00,37.46352906912822,39.103774097452984,37.46352906912822,38.50202560424805,254400,0.0,0.0
2024-07-24 00:00:00-04:00,38.1526242610892,39.30758658339754,38.14291661082011,38.181739807128906,178100,0.0,0.0
2024-07-25 00:00:00-04:00,40.76342380256959,44.07302544415906,40.33637974321038,42.85012435913086,869900,0.0,0.0
2024-07-26 00:00:00-04:00,43.01511575884517,43.5392177906871,40.95753452934212,41.91838455200195,422100,0.0,0.0
2024-07-29 00:00:00-04:00,41.831036323662644,42.19014534640243,40.43343453729469,40.60813522338867,247600,0.0,0.0
2024-07-30 00:00:00-04:00,40.637250770276374,41.11282568295085,40.32667259552794,40.60813522338867,178200,0.0,0.0
2024-07-31 00:00:00-04:00,40.77313312130131,41.85045291322789,40.200503849123415,40.56931686401367,246600,0.0,0.0
2024-08-01 00:00:00-04:00,40.55961032357121,40.55961032357121,38.31762052948184,38.8708381652832,236400,0.0,0.0
2024-08-02 00:00:00-04:00,37.1529514240012,38.39526792645051,36.47356392545571,38.02645492553711,198100,0.0,0.0
2024-08-05 00:00:00-04:00,36.036810673176845,37.822637100054244,35.39624269953517,37.415000915527344,260800,0.0,0.0
2024-08-06 00:00:00-04:00,37.259712989514576,37.70616868462751,36.920019243751284,37.16265869140625,113400,0.0,0.0
2024-08-07 00:00:00-04:00,37.67705456983999,38.04586758098187,36.68708514143869,37.07530975341797,118400,0.0,0.0
2024-08-08 00:00:00-04:00,37.851748904456784,38.783483373532874,37.851748904456784,38.75436782836914,243300,0.0,0.0
2024-08-09 00:00:00-04:00,38.62820051075941,38.62820051075941,37.44412248751367,37.92940139770508,137100,0.0,0.0
2024-08-12 00:00:00-04:00,38.39526835529543,39.064951912363334,37.50235324348733,37.764404296875,148200,0.0,0.0
2024-08-13 00:00:00-04:00,38.356445678613376,38.482619232499154,37.51206140774391,38.41468048095703,153500,0.0,0.0
2024-08-14 00:00:00-04:00,38.56996825337242,38.56996825337242,37.492648512702104,37.96821975708008,102200,0.0,0.0
2024-08-15 00:00:00-04:00,38.97760088575919,39.424056582734124,38.618495538399706,38.77378463745117,122100,0.0,0.0
2024-08-16 00:00:00-04:00,38.75437302411982,39.87051596856256,38.75437302411982,39.792869567871094,152400,0.0,0.0
2024-08-19 00:00:00-04:00,39.85110313071106,40.98665393767504,39.754045132861116,40.57902145385742,409600,0.0,0.0
2024-08-20 00:00:00-04:00,40.287847137658055,40.287847137658055,39.55992888723574,39.77345275878906,143300,0.0,0.0
2024-08-21 00:00:00-04:00,40.13255985206469,40.13255985206469,39.288175680516304,39.74433898925781,79700,0.0,0.0
2024-08-22 00:00:00-04:00,39.579340108206736,40.27814280672472,39.23964640886251,39.82197952270508,64400,0.0,0.0
2024-08-23 00:00:00-04:00,40.21020344591378,42.704536292247546,40.21020344591378,41.68545150756836,188300,0.0,0.0
2024-08-26 00:00:00-04:00,42.005736199279,42.141613685311775,40.99635900201391,41.025474548339844,129600,0.0,0.0
2024-08-27 00:00:00-04:00,40.831359982392456,40.831359982392456,40.17138048512175,40.29755401611328,103300,0.0,0.0
2024-08-28 00:00:00-04:00,40.34608583607372,41.132238955488,40.05491924819644,40.6857795715332,193100,0.0,0.0
2024-08-29 00:00:00-04:00,41.15164848558059,41.19046798026379,40.433434149375465,40.763423919677734,125000,0.0,0.0
2024-08-30 00:00:00-04:00,40.860477051630866,41.29722875029439,40.598429734816506,41.22929000854492,126200,0.0,0.0
2024-09-03 00:00:00-04:00,40.69548718157753,41.40399390224095,40.69548718157753,41.006065368652344,148500,0.0,0.0
2024-09-04 00:00:00-04:00,40.75372011890246,41.12252938522095,40.113152174516195,40.33638000488281,157400,0.0,0.0
2024-09-05 00:00:00-04:00,40.61784034608305,40.69548674320736,39.91904128388418,40.24903106689453,116100,0.0,0.0
2024-09-06 00:00:00-04:00,40.32666995157203,40.753717690640315,39.39493548841446,39.71521759033203,144700,0.0,0.0
2024-09-09 00:00:00-04:00,39.77345301349308,40.31696664348046,39.43375930874079,40.04520797729492,196800,0.0,0.0
2024-09-10 00:00:00-04:00,40.03550718963435,40.30726217488596,39.356116024121334,40.142269134521484,170600,0.0,0.0
2024-09-11 00:00:00-04:00,39.715218596838696,40.181089542607744,38.70584142069574,39.996681213378906,164000,0.0,0.0
2024-09-12 00:00:00-04:00,40.33638143761676,40.50137447803281,39.70551741893234,40.03550720214844,126200,0.0,0.0
2024-09-13 00:00:00-04:00,40.627549418797905,41.24870580799567,40.43343712157757,41.18076705932617,147000,0.0,0.0
2024-09-16 00:00:00-04:00,41.24870982666394,41.704873214215965,40.676080530386635,41.4525260925293,134700,0.0,0.0
2024-09-17 00:00:00-04:00,41.73398312274601,42.840418361990864,41.28752744767949,41.58839797973633,252600,0.0,0.0
2024-09-18 00:00:00-04:00,41.76310067934073,43.47128446963664,40.9963628361078,41.83103942871094,210400,0.0,0.0
2024-09-19 00:00:00-04:00,42.47160772266312,43.28687642321366,41.84074737374142,43.22864532470703,231900,0.0,0.0
2024-09-20 00:00:00-04:00,42.9374761577235,43.23834668837608,42.161027001807746,42.33572769165039,655400,0.0,0.0
2024-09-23 00:00:00-04:00,42.568667585997,42.70454509163434,41.7533988497886,41.966922760009766,155500,0.0,0.0
2024-09-24 00:00:00-04:00,41.87956571402742,42.015443197952635,40.83136163394649,40.90900802612305,140000,0.0,0.0
2024-09-25 00:00:00-04:00,40.928418152396645,40.928418152396645,40.093741605311074,40.1907958984375,136400,0.0,0.0
2024-09-26 00:00:00-04:00,40.714897967041715,40.74401351450285,40.151972700233344,40.1907958984375,118100,0.0,0.0
2024-09-27 00:00:00-04:00,40.569316697483735,40.753725055364065,39.90933707455105,40.08403778076172,123900,0.0,0.0
2024-09-30 00:00:00-04:00,40.113310460412364,40.95246081232187,39.83034046319415,40.58167266845703,151600,0.22,0.0
2024-10-01 00:00:00-04:00,40.415786252029704,40.415786252029704,39.03021539226574,39.34245681762695,135600,0.0,0.0
2024-10-02 00:00:00-04:00,39.40100601869952,40.2499122159438,39.40100601869952,39.63518524169922,111100,0.0,0.0
2024-10-03 00:00:00-04:00,39.547366274423354,40.07427509845698,39.137550781649345,40.03524398803711,202700,0.0,0.0
2024-10-04 00:00:00-04:00,40.57191588439529,41.079305473947954,40.26943033635915,40.71827697753906,124300,0.0,0.0
2024-10-07 00:00:00-04:00,40.60118439441199,40.67924289394748,40.15233778600101,40.40603256225586,124400,0.0,0.0
2024-10-08 00:00:00-04:00,40.54264199833517,40.62070422830433,40.07427978515625,40.07427978515625,111600,0.0,0.0
2024-10-09 00:00:00-04:00,39.937671684201796,40.728034954884656,39.927912045063394,40.37676239013672,87800,0.0,0.0
2024-10-10 00:00:00-04:00,40.27918200791325,40.454818278941715,39.830335414045614,40.34748458862305,199600,0.0,0.0
2024-10-11 00:00:00-04:00,40.52311811883377,42.035541875086,40.52311811883377,41.52814865112305,157100,0.0,0.0
2024-10-14 00:00:00-04:00,41.518394094601895,42.6405143629202,41.284214868549945,42.46487808227539,147600,0.0,0.0
2024-10-15 00:00:00-04:00,42.59172821766575,43.89924071057636,42.25997120536867,42.767364501953125,209300,0.0,0.0
2024-10-16 00:00:00-04:00,43.30402625821862,43.811419519492375,43.186932928701324,43.33329772949219,180000,0.0,0.0
2024-10-17 00:00:00-04:00,43.12839249727526,43.60651059290204,42.78687584961584,43.5382080078125,137100,0.0,0.0
2024-10-18 00:00:00-04:00,43.4503885825329,43.4503885825329,42.54293572492023,42.60148239135742,115200,0.0,0.0
2024-10-21 00:00:00-04:00,42.60148279849725,42.60148279849725,40.825608177258104,40.952457427978516,141700,0.0,0.0
2024-10-22 00:00:00-04:00,40.923185177859004,41.303732957401216,40.747548886443184,41.26470184326172,88500,0.0,0.0
2024-10-23 00:00:00-04:00,40.88415606952717,41.459851951174095,40.17185129412715,41.362274169921875,98500,0.0,0.0
2024-10-24 00:00:00-04:00,40.493850280334826,40.86463838536195,39.996216649602594,40.56215286254883,160800,0.0,0.0
2024-10-25 00:00:00-04:00,40.97197201842752,41.069546072245096,39.8693673436734,39.947425842285156,154400,0.0,0.0
2024-10-28 00:00:00-04:00,40.464575531845284,41.9184489180532,40.44505997819139,41.63547897338867,167600,0.0,0.0
2024-10-29 00:00:00-04:00,41.303730342670626,41.60621215257334,41.05979147805919,41.147605895996094,79300,0.0,0.0
2024-10-30 00:00:00-04:00,41.01099997969636,42.33802797454342,41.01099997969636,41.4598503112793,113100,0.0,0.0
2024-10-31 00:00:00-04:00,41.372028671117725,41.58669231878978,40.68899917602539,40.68899917602539,93600,0.0,0.0
2024-11-01 00:00:00-04:00,41.108576809766745,41.51839229873706,40.464578382662296,40.630455017089844,71000,0.0,0.0
2024-11-04 00:00:00-05:00,40.30845683541264,40.493849021055084,39.51809362295737,40.15233612060547,86500,0.0,0.0
2024-11-05 00:00:00-05:00,40.20112563240765,41.17688109085341,40.025489352110476,41.147605895996094,85500,0.0,0.0
2024-11-06 00:00:00-05:00,43.909000218479584,47.0411746740669,43.22597058174971,46.016632080078125,745800,0.0,0.0
2024-11-07 00:00:00-05:00,45.41166396222435,45.52875358541683,43.57724249521943,43.86996841430664,284600,0.0,0.0
2024-11-08 00:00:00-05:00,44.28954271782478,44.68960233449006,43.635788302240115,44.27002716064453,217700,0.0,0.0
2024-11-11 00:00:00-05:00,45.17747632385962,46.53377579579906,45.04087115721991,45.76293182373047,375100,0.0,0.0
2024-11-12 00:00:00-05:00,45.782447473832214,46.465477086184784,45.460450085939044,45.67511749267578,200500,0.0,0.0
2024-11-13 00:00:00-05:00,46.24104600911619,46.953346976702974,45.40189580225163,45.499473571777344,213900,0.0,0.0
2024-11-14 00:00:00-05:00,45.704383821754696,45.958078592071836,44.933536149996,45.4409294128418,116200,0.0,0.0
2024-11-15 00:00:00-05:00,45.63607902792817,45.714137521852315,44.32856668534948,44.64080810546875,164300,0.0,0.0
2024-11-18 00:00:00-05:00,44.64081408521357,45.01160221710242,44.348088179916836,44.38711929321289,128000,0.0,0.0
2024-11-19 00:00:00-05:00,43.606506438467974,44.3480826090919,43.362567594327984,44.22123336791992,121000,0.0,0.0
2024-11-20 00:00:00-05:00,44.211483431702376,44.221239349014496,43.2357279231677,43.87972640991211,120900,0.0,0.0
2024-11-21 00:00:00-05:00,44.074869094125106,45.72389808224099,43.967539128090934,45.55801773071289,325700,0.0,0.0
2024-11-22 00:00:00-05:00,45.82147392162033,47.02165264919664,45.65559728582571,46.95335006713867,181900,0.0,0.0
2024-11-25 00:00:00-05:00,47.65589526642494,49.11952840885542,47.431471964584325,48.00716781616211,408700,0.0,0.0
2024-11-26 00:00:00-05:00,47.84128959073712,48.231593268337654,47.39244296704471,47.40220260620117,252800,0.0,0.0
2024-11-27 00:00:00-05:00,47.529044219249855,47.91934786467378,46.680138070995945,46.69965362548828,170100,0.0,0.0
2024-11-29 00:00:00-05:00,47.002138783563865,47.002138783563865,45.79220409600574,46.15323257446289,110400,0.0,0.0
2024-12-02 00:00:00-05:00,46.11420146268058,46.56305180375378,45.35311339398397,46.15323257446289,167200,0.0,0.0
2024-12-03 00:00:00-05:00,46.17274775078186,46.51426067054038,45.57753632873558,45.6068115234375,123300,0.0,0.0
2024-12-04 00:00:00-05:00,45.6751140761527,46.56305138912928,45.64583888147081,46.484989166259766,157300,0.0,0.0
2024-12-05 00:00:00-05:00,46.68989909842652,47.24607943460501,46.38741727621019,46.4947509765625,136000,0.0,0.0
2024-12-06 00:00:00-05:00,46.806994524421015,46.8265100819196,46.045902670823956,46.76796340942383,93700,0.0,0.0
2024-12-09 00:00:00-05:00,47.148504520912475,47.44123042062589,46.865534538231074,47.15826416015625,207400,0.0,0.0
2024-12-10 00:00:00-05:00,47.09971956765506,47.86080768490382,46.28008477899797,46.90456771850586,289300,0.0,0.0
2024-12-11 00:00:00-05:00,47.470503406990666,47.72419818234619,46.875291996019655,46.885047912597656,194600,0.0,0.0
2024-12-12 00:00:00-05:00,46.79723367129074,47.13875033534385,45.76293520616485,46.18251037597656,145500,0.0,0.0
2024-12-13 00:00:00-05:00,46.05565647010943,46.40692901611328,45.61656578760462,46.40692901611328,268600,0.0,0.0
2024-12-16 00:00:00-05:00,46.27032428084286,46.894810930976206,46.02638540448528,46.77771759033203,284300,0.0,0.0
2024-12-17 00:00:00-05:00,46.738687209219556,47.01189754215555,45.91905248819996,46.20201873779297,241100,0.0,0.0
2024-12-18 00:00:00-05:00,46.680139504848654,46.680139504848654,42.46487638252215,42.825904846191406,233700,0.0,0.0
2024-12-19 00:00:00-05:00,43.2942712961621,44.35784495978656,42.347790974702974,42.4941520690918,222900,0.0,0.0
2024-12-20 00:00:00-05:00,42.357544364805904,43.93826716760356,42.357544364805904,43.606510162353516,551500,0.0,0.0
2024-12-23 00:00:00-05:00,43.3137792364296,43.86020357047636,43.011297461223876,43.3723258972168,113800,0.0,0.0
2024-12-24 00:00:00-05:00,43.528454601105096,43.84069607158136,43.225969048113484,43.830936431884766,49400,0.0,0.0
2024-12-26 00:00:00-05:00,43.4406322659543,44.24075142217146,43.255240073927446,44.07487106323242,103900,0.0,0.0
2024-12-27 00:00:00-05:00,43.66505646782758,43.948026442178936,42.806390628028694,43.323543548583984,124300,0.0,0.0
2024-12-30 00:00:00-05:00,43.12838832525776,43.45038566350127,42.19166405846218,43.16741943359375,103000,0.0,0.0
2024-12-31 00:00:00-05:00,43.40277339917254,43.68715759482358,42.892848019072346,43.11839294433594,84100,0.22,0.0
2025-01-02 00:00:00-05:00,43.304708244262784,45.275776885254956,42.137757530522556,42.16717529296875,129600,0.0,0.0
2025-01-03 00:00:00-05:00,42.18678968652723,42.75555430936111,41.40228482357656,42.539817810058594,228500,0.0,0.0
2025-01-06 00:00:00-05:00,42.53981610793746,43.25567700053751,42.26523661128062,42.34368896484375,159600,0.0,0.0
2025-01-07 00:00:00-05:00,42.62807522598838,42.63787990025759,41.333641255223974,41.804344177246094,135100,0.0,0.0
2025-01-08 00:00:00-05:00,41.67686384805436,41.961248052107166,41.23557865914734,41.47093200683594,105900,0.0,0.0
2025-01-10 00:00:00-05:00,40.578554409139365,40.58835908347147,39.6077270544306,40.16668701171875,152500,0.0,0.0
2025-01-13 00:00:00-05:00,39.61753604980136,40.55894191367266,39.41160047766784,40.46087646484375,148700,0.0,0.0
2025-01-14 00:00:00-05:00,40.83351835741406,42.226017827071786,40.83351835741406,42.216209411621094,168000,0.0,0.0
2025-01-15 00:00:00-05:00,43.74599570835378,44.128441603722415,42.53001033820401,42.873233795166016,146600,0.0,0.0
2025-01-16 00:00:00-05:00,42.64768981933594,43.02032730773578,42.28485326473663,42.64768981933594,201500,0.0,0.0
2025-01-17 00:00:00-05:00,43.00070725179348,43.52044470173851,42.60845673689186,43.285091400146484,240500,0.0,0.0
2025-01-21 00:00:00-05:00,43.60870825661878,45.39345828000702,43.3831633350713,43.598899841308594,155400,0.0,0.0
2025-01-22 00:00:00-05:00,43.3047139853062,44.03038339530121,42.85362411086277,43.04975128173828,175000,0.0,0.0
2025-01-23 00:00:00-05:00,42.46136701940395,43.42238597956432,42.46136701940395,42.951683044433594,168600,0.0,0.0
2025-01-24 00:00:00-05:00,42.86342526562866,43.49102916823293,42.76536355865212,43.08897018432617,162800,0.0,0.0
2025-01-27 00:00:00-05:00,43.27528841714201,44.46185216283983,42.70652009822399,43.69696044921875,192500,0.0,0.0
2025-01-28 00:00:00-05:00,43.41257549828862,43.82443910863299,43.118386670783515,43.27528762817383,158400,0.0,0.0
2025-01-29 00:00:00-05:00,43.55967311127937,43.677351648628424,42.44175319216374,43.08897018432617,208200,0.0,0.0
2025-01-30 00:00:00-05:00,39.8724955568637,43.67734862940736,39.8724955568637,42.73594284057617,194100,0.0,0.0
2025-01-31 00:00:00-05:00,41.76511357528335,43.58908954295446,41.76511357528335,43.27528762817383,331900,0.0,0.0
2025-02-03 00:00:00-05:00,43.96173574922713,43.96173574922713,41.971050182366504,42.402530670166016,193400,0.0,0.0
2025-02-04 00:00:00-05:00,42.157374034210015,43.82444554865377,41.93182536780393,43.804832458496094,118900,0.0,0.0
2025-02-05 00:00:00-05:00,44.19708328754295,44.62856001447302,43.638123355069,44.61875534057617,148300,0.0,0.0
2025-02-06 00:00:00-05:00,44.687399147462585,45.24635907827502,44.45204956649637,45.05023193359375,143500,0.0,0.0
2025-02-07 00:00:00-05:00,44.28533676467993,44.30494985171502,42.95167677280461,43.108577728271484,234400,0.0,0.0
2025-02-10 00:00:00-05:00,43.19683741232048,43.88328053760789,42.64768590474182,42.86342239379883,158100,0.0,0.0
2025-02-11 00:00:00-05:00,42.50059093400386,43.82444263469943,42.50059093400386,43.79502487182617,127500,0.0,0.0
2025-02-12 00:00:00-05:00,42.883034433591114,43.059548482658386,42.17697823732204,42.18678665161133,173300,0.0,0.0
2025-02-13 00:00:00-05:00,42.6574948934056,43.49103065361762,41.50034875565265,42.47117614746094,120300,0.0,0.0
2025-02-14 00:00:00-05:00,42.76536395441825,43.14780985230612,42.324078787311336,42.35349655151367,85000,0.0,0.0
2025-02-18 00:00:00-05:00,42.34369258059074,43.61851350833622,42.15737383618964,42.431949615478516,159200,0.0,0.0
2025-02-19 00:00:00-05:00,41.48073474711035,42.422140612328185,41.274802915496636,42.137760162353516,136700,0.0,0.0
2025-02-20 00:00:00-05:00,41.902401530180974,42.90264653837329,40.92176960930387,41.637630462646484,158300,0.0,0.0
2025-02-21 00:00:00-05:00,42.07891589190603,42.883033773812244,40.72564278348248,40.902156829833984,203700,0.0,0.0
2025-02-24 00:00:00-05:00,41.372859626408946,42.01027187486811,40.402036114168965,40.558937072753906,167100,0.0,0.0
2025-02-25 00:00:00-05:00,40.78448564337403,41.85337468909168,40.26475187261342,40.43145751953125,184400,0.0,0.0
2025-02-26 00:00:00-05:00,40.441264781786494,40.61777509786232,39.61753376323793,40.18629837036133,243000,0.0,0.0
2025-02-27 00:00:00-05:00,39.99017182275296,40.70603273492597,39.892110118931974,40.48048782348633,151800,0.0,0.0
2025-02-28 00:00:00-05:00,40.53932521366693,41.70627589470007,39.46063155831287,41.147315979003906,159300,0.0,0.0
2025-03-03 00:00:00-05:00,41.14731829360224,42.265238187879234,40.509909730788394,40.86293411254883,130300,0.0,0.0
2025-03-04 00:00:00-05:00,40.24513466379015,40.41184029364342,39.19585881467284,39.401790618896484,165900,0.0,0.0
2025-03-05 00:00:00-05:00,39.519465029768924,40.09803800344564,38.931087382998705,39.578304290771484,244800,0.0,0.0
2025-03-06 00:00:00-05:00,38.7938027175486,39.794047792287365,38.676124185828165,39.62733840942383,196800,0.0,0.0
2025-03-07 00:00:00-05:00,39.45082454467351,39.70579095716128,38.84283375774866,39.53908157348633,139500,0.0,0.0
2025-03-10 00:00:00-04:00,38.813416368797206,39.1566360725883,37.77394510175041,38.028907775878906,182700,0.0,0.0
2025-03-11 00:00:00-04:00,38.26426256312268,38.872253379119044,37.68568951119916,37.97007369995117,314600,0.0,0.0
2025-03-12 00:00:00-04:00,38.25444929374104,38.88205686056732,37.73471557672713,38.41135025024414,205600,0.0,0.0
2025-03-13 00:00:00-04:00,38.568253395861035,39.18604878302868,38.283869254636336,38.34270477294922,128100,0.0,0.0
2025-03-14 00:00:00-04:00,38.62709447545829,39.61753490554476,38.62709447545829,39.09779739379883,138300,0.0,0.0
2025-03-17 00:00:00-04:00,38.940894384890505,39.764625384119036,38.578061605710694,39.637142181396484,142500,0.0,0.0
2025-03-18 00:00:00-04:00,39.47043418267371,39.803849180060524,39.24488929338467,39.578304290771484,187700,0.0,0.0
2025-03-19 00:00:00-04:00,39.460634451715535,40.39223188564135,39.342955914972094,39.82346725463867,187700,0.0,0.0
2025-03-20 00:00:00-04:00,39.55869120377063,40.31377821964118,39.54888653067712,39.578304290771484,226600,0.0,0.0
2025-03-21 00:00:00-04:00,39.45082623138838,39.81365903610319,39.11741119059754,39.73521041870117,529800,0.0,0.0
2025-03-24 00:00:00-04:00,40.40204206617899,41.00022822791295,40.27455884954361,40.70603561401367,147700,0.0,0.0
2025-03-25 00:00:00-04:00,39.88230243736939,41.82395712789086,39.88230243736939,40.34320068359375,139900,0.0,0.0
2025-03-26 00:00:00-04:00,40.70603118728353,41.725889327829364,40.137266593280636,40.411842346191406,129900,0.0,0.0
2025-03-27 00:00:00-04:00,40.353007531289315,41.04925534029402,38.96050817246576,40.49029541015625,112000,0.0,0.0
2025-03-28 00:00:00-04:00,40.29417558483723,40.470689672818324,39.18606019713696,39.54889678955078,165400,0.0,0.0
2025-03-31 00:00:00-04:00,38.750219196300705,39.70665076506978,38.30651363546287,39.578468322753906,144500,0.22,0.0
2025-04-01 00:00:00-04:00,38.50371538280157,40.229234031620244,38.47413626673383,39.6179084777832,165500,0.0,0.0
2025-04-02 00:00:00-04:00,39.0460236404354,39.94329325972759,39.0460236404354,39.92357635498047,146100,0.0,0.0
2025-04-03 00:00:00-04:00,38.089596770094296,38.888263079660156,36.679601080236175,36.69932174682617,224300,0.0,0.0
2025-04-04 00:00:00-04:00,35.10198207488567,35.98939327665121,34.01737172724566,35.70344924926758,244600,0.0,0.0
2025-04-07 00:00:00-04:00,34.52023442899808,37.48812886932865,34.244152624811974,35.742889404296875,333100,0.0,0.0
2025-04-08 00:00:00-04:00,36.63029878933057,37.458547922804854,35.04282097006049,35.51610565185547,242500,0.0,0.0
2025-04-09 00:00:00-04:00,35.02309975365681,38.29665490555501,34.74701796728754,37.65574645996094,302100,0.0,0.0
2025-04-10 00:00:00-04:00,36.87680616404203,38.207919266202424,35.02310476969568,35.87107467651367,220600,0.0,0.0
2025-04-11 00:00:00-04:00,35.47666432137281,35.910507672685135,34.64841518789852,35.51610565185547,163500,0.0,0.0
2025-04-14 00:00:00-04:00,36.02883251554851,36.13729429627278,34.89491868603599,35.93022918701172,181200,0.0,0.0
2025-04-15 00:00:00-04:00,35.959812765675906,36.83736171939395,35.959812765675906,36.255615234375,138800,0.0,0.0
2025-04-16 00:00:00-04:00,36.36407456141606,36.7091767913703,35.87106922643446,36.30491256713867,326100,0.0,0.0
2025-04-17 00:00:00-04:00,36.147155391468544,36.84722214927147,35.98939381560686,36.6007194519043,207700,0.0,0.0
2025-04-21 00:00:00-04:00,36.36408010029164,36.7091823828109,36.08799451294345,36.531700134277344,176800,0.0,0.0
2025-04-22 00:00:00-04:00,37.0049847810958,37.92197514237524,36.51197937229321,37.76421356201172,150900,0.0,0.0
2025-04-23 00:00:00-04:00,38.40511641408037,39.51930952624824,37.97126931128993,38.10931396484375,231200,0.0,0.0
2025-04-24 00:00:00-04:00,40.387000035158145,40.7123853930758,38.276937599689646,39.88413619995117,424500,0.0,0.0
2025-04-25 00:00:00-04:00,39.45028828104087,39.677074062527744,38.86854179061616,39.49959182739258,216400,0.0,0.0
2025-04-28 00:00:00-04:00,39.81511696705494,40.012319878379834,39.32211156940905,39.87427520751953,205000,0.0,0.0
2025-04-29 00:00:00-04:00,40.465879982870554,41.07720556297464,39.39112817068811,40.41658020019531,252700,0.0,0.0
2025-04-30 00:00:00-04:00,39.8151106677377,40.199654215247996,39.32210534809227,39.89398956298828,211300,0.0,0.0
2025-05-01 00:00:00-04:00,39.91371194413226,41.165945961259794,39.52916838007976,40.69266128540039,259000,0.0,0.0
2025-05-02 00:00:00-04:00,41.21524674377565,42.10265788339083,41.027906063782375,41.76741409301758,251500,0.0,0.0
2025-05-05 00:00:00-04:00,41.27440569747316,41.95475168013527,41.27440569747316,41.52090835571289,169600,0.0,0.0
2025-05-06 00:00:00-04:00,41.19552930755494,41.51105245718873,40.81098570402205,40.870147705078125,94800,0.0,0.0
2025-05-07 00:00:00-04:00,41.382872285758395,41.52091318862708,40.505323322093936,40.791263580322266,154800,0.0,0.0
2025-05-08 00:00:00-04:00,41.15609060583689,41.87587800627672,40.909587916864375,41.570213317871094,123700,0.0,0.0
2025-05-09 00:00:00-04:00,41.29413077241228,41.65895369240343,41.1265069910115,41.215248107910156,88800,0.0,0.0
2025-05-12 00:00:00-04:00,42.78300219548283,43.414048419903125,42.10265619002948,42.17167663574219,183600,0.0,0.0
2025-05-13 00:00:00-04:00,41.70824989191783,42.28999632795193,41.08706212702293,41.93503189086914,149800,0.0,0.0
2025-05-14 00:00:00-04:00,41.82657564573207,42.112519675770145,41.25469134698856,41.5307731628418,129700,0.0,0.0
2025-05-15 00:00:00-04:00,41.68853637551562,41.87588083906087,41.49133722006368,41.69839859008789,114500,0.0,0.0
2025-05-16 00:00:00-04:00,41.609656288632955,41.91531722773723,41.24483334776687,41.73783874511719,155200,0.0,0.0
2025-05-19 00:00:00-04:00,41.32370829145155,43.62111502816376,41.32370829145155,41.64909362792969,153500,0.0,0.0
2025-05-20 00:00:00-04:00,41.708251014883565,42.122377456407605,41.451889893050385,41.86601257324219,128000,0.0,0.0
2025-05-21 00:00:00-04:00,41.35329046960171,41.94489919025937,40.59406172295723,40.6630859375,160000,0.0,0.0
2025-05-22 00:00:00-04:00,40.308118841763466,41.343429334066954,40.308118841763466,40.62364196777344,288100,0.0,0.0
2025-05-23 00:00:00-04:00,39.95315270876745,40.672940044868284,39.91371137933754,40.42643737792969,137400,0.0,0.0
2025-05-27 00:00:00-04:00,41.08706243181424,41.91531153737415,40.219375758433124,41.481468200683594,167200,0.0,0.0
2025-05-28 00:00:00-04:00,41.33356778132758,41.60965334199867,40.880003750604786,40.94902420043945,147200,0.0,0.0
2025-05-29 00:00:00-04:00,40.94902072740496,41.34342648843701,40.73210094403621,41.096923828125,151200,0.0,0.0
2025-05-30 00:00:00-04:00,40.92930448319095,41.03776626725419,40.65322267745359,40.791263580322266,195900,0.0,0.0
2025-06-02 00:00:00-04:00,40.61377856390112,40.74196100550186,39.96301166541371,40.061614990234375,133100,0.0,0.0
2025-06-03 00:00:00-04:00,39.943291060957144,40.8701435090142,39.78552950233734,40.69266128540039,172100,0.0,0.0
2025-06-04 00:00:00-04:00,40.57434303203977,40.88000395099666,40.209516353888255,40.43629837036133,218600,0.0,0.0
2025-06-05 00:00:00-04:00,40.4362983259961,40.68280100815278,40.04189629134486,40.40671920776367,159200,0.0,0.0
2025-06-06 00:00:00-04:00,40.761682489633294,41.2448293876335,40.45601781854481,41.04762649536133,111500,0.0,0.0
2025-06-09 00:00:00-04:00,41.205389567256844,41.560354034091176,40.95888688321439,41.156089782714844,177300,0.0,0.0
2025-06-10 00:00:00-04:00,41.25468672543318,42.063215176713115,41.23496606060535,41.71811294555664,131100,0.0,0.0
2025-06-11 00:00:00-04:00,41.9350366062434,41.94489882023362,41.06734984173213,41.11664962768555,133700,0.0,0.0
2025-06-12 00:00:00-04:00,41.02790927989502,41.02790927989502,40.08133983099364,40.870147705078125,181500,0.0,0.0
2025-06-13 00:00:00-04:00,40.38699926158399,40.77154285078833,40.00245567237965,40.130638122558594,262200,0.0,0.0
2025-06-16 00:00:00-04:00,40.554623590172746,40.59406116193881,39.60805040246884,39.76581573486328,235200,0.0,0.0
2025-06-17 00:00:00-04:00,39.45028625815676,39.963012270997126,39.44042780619143,39.755950927734375,161400,0.0,0.0
2025-06-18 00:00:00-04:00,39.57847307785492,40.33770184843121,39.52917328991261,40.0517578125,109700,0.0,0.0
2025-06-20 00:00:00-04:00,40.495458188661345,40.613778416685015,39.75595018118202,40.0024528503418,290200,0.0,0.0
2025-06-23 00:00:00-04:00,39.963011599964574,41.23496627807617,39.686929813583355,41.23496627807617,117900,0.0,0.0
2025-06-24 00:00:00-04:00,41.461752708878485,42.29000191777084,41.45189425602629,41.5307731628418,109200,0.0,0.0
2025-06-25 00:00:00-04:00,41.62937531730421,41.96461912476013,41.165949058409474,41.570213317871094,126500,0.0,0.0
2025-06-26 00:00:00-04:00,41.58993223397939,42.57594294837182,41.54063245052624,42.546363830566406,171900,0.0,0.0
2025-06-27 00:00:00-04:00,42.822443047314216,43.18726593648915,41.580067515675246,43.13796615600586,838900,0.0,0.0
2025-06-30 00:00:00-04:00,43.39568469533351,44.27787140088652,43.22717882178324,43.702964782714844,598100,0.23,0.0
2025-07-01 00:00:00-04:00,43.48489383153448,45.59619705841301,43.45515839126639,45.16006088256836,313400,0.0,0.0
2025-07-02 00:00:00-04:00,45.358304200415844,46.58742079578198,45.01137811122943,46.44865036010742,271800,0.0,0.0
2025-07-03 00:00:00-04:00,46.58741870249747,47.17223964171342,46.280138622160074,46.825313568115234,182000,0.0,0.0
2025-07-07 00:00:00-04:00,46.50812014699741,47.24162586554393,45.99268819270176,46.21075439453125,307600,0.0,0.0
2025-07-08 00:00:00-04:00,46.21075326331643,46.676628658875806,45.90347696514798,45.962947845458984,267600,0.0,0.0
2025-07-09 00:00:00-04:00,46.18101885963773,46.42882428305686,45.715143453622346,46.1909294128418,187900,0.0,0.0
2025-07-10 00:00:00-04:00,46.04225073954478,46.87487715529212,46.022425850930446,46.70636749267578,304600,0.0,0.0
2025-07-11 00:00:00-04:00,46.31978638863007,46.61715212185326,45.81426502027169,46.3891716003418,175700,0.0,0.0
2025-07-14 00:00:00-04:00,46.1215433054851,46.89469878283487,46.11163275247256,46.825313568115234,143800,0.0,0.0
2025-07-15 00:00:00-04:00,46.74601213491309,47.06320275547757,45.47724965265517,45.58628463745117,241900,0.0,0.0
2025-07-16 00:00:00-04:00,45.774618796867266,46.47838530234774,45.279007942662304,46.33961486816406,228000,0.0,0.0
2025-07-17 00:00:00-04:00,46.171109437505926,47.50925724426611,46.171109437505926,47.28127670288086,213100,0.0,0.0
2025-07-18 00:00:00-04:00,47.68767745599557,47.717412897546886,46.80549073200589,47.28127670288086,245900,0.0,0.0
2025-07-21 00:00:00-04:00,47.51916698178634,47.98504239121517,47.08303079460898,47.10285568237305,210300,0.0,0.0
2025-07-22 00:00:00-04:00,46.944257395411334,47.360568668521005,46.40899680323278,46.45855712890625,238400,0.0,0.0
2025-07-23 00:00:00-04:00,46.63697748631961,46.686537812163124,45.93321102819443,46.48829650878906,200300,0.0,0.0
2025-07-24 00:00:00-04:00,47.06320236762809,49.63046653124712,46.76583663595079,48.817665100097656,460500,0.0,0.0
2025-07-25 00:00:00-04:00,48.7383695086929,49.808890767025034,47.529081597612304,49.689945220947266,919700,0.0,0.0
2025-07-28 00:00:00-04:00,49.87827520327733,51.54352794714344,49.61064489288342,51.19660186767578,587100,0.0,0.0
2025-07-29 00:00:00-04:00,51.45431892305969,51.45431892305969,49.45205061090364,50.591957092285156,386000,0.0,0.0
2025-07-30 00:00:00-04:00,50.671252581142944,51.66247428771341,50.22520205694409,50.5324821472168,653200,0.0,0.0
2025-07-31 00:00:00-04:00,50.08642759747311,50.79019782629489,49.53134590638153,49.650291442871094,480000,0.0,0.0
2025-08-01 00:00:00-04:00,49.36283991215339,49.36283991215339,44.64462628308364,47.935482025146484,355600,0.0,0.0
2025-08-04 00:00:00-04:00,48.282408317076545,48.88705416179487,47.77688691153131,48.827579498291016,395900,0.0,0.0
2025-08-05 00:00:00-04:00,48.8275788139682,49.531349087996226,47.846271457777405,49.51152420043945,460400,0.0,0.0
2025-08-06 00:00:00-04:00,49.561086327138575,49.561086327138575,48.76810970214652,49.06547546386719,182700,0.0,0.0
2025-08-07 00:00:00-04:00,49.481788413711456,49.511527637716554,48.331971324068796,48.579776763916016,196300,0.0,0.0
2025-08-08 00:00:00-04:00,48.92670409521334,49.055563975948466,48.51038901176552,48.85731887817383,107600,0.0,0.0
2025-08-11 00:00:00-04:00,49.0357383662483,49.343014671125715,48.55003807291043,48.69872283935547,321100,0.0,0.0
2025-08-12 00:00:00-04:00,49.11503476416957,51.40475826571121,49.11503476416957,51.365108489990234,326100,0.0,0.0
2025-08-13 00:00:00-04:00,51.543525422160805,52.34641631401101,51.36510522397187,52.31667709350586,217800,0.0,0.0
2025-08-14 00:00:00-04:00,51.484051072988656,52.50501194238761,50.948794256402884,52.38606262207031,176500,0.0,0.0
2025-08-15 00:00:00-04:00,52.63386902449539,52.76272889999156,51.672386578376404,51.7615966796875,267200,0.0,0.0
2025-08-18 00:00:00-04:00,51.513795580896605,51.94002123608717,51.20651547702105,51.88054656982422,209500,0.0,0.0
2025-08-19 00:00:00-04:00,51.50388016708549,52.445541566531034,50.3045027816539,51.64265060424805,238900,0.0,0.0
2025-08-20 00:00:00-04:00,51.56335190269552,51.96975263753071,51.315546484351856,51.83098220825195,189700,0.0,0.0
2025-08-21 00:00:00-04:00,51.75168472780056,52.167999813486624,51.30563420071219,51.44440841674805,234900,0.0,0.0
2025-08-22 00:00:00-04:00,51.45431564608978,54.17026462796355,51.23624567333196,54.05131530761719,310400,0.0,0.0
2025-08-25 00:00:00-04:00,53.694476203400704,54.23965114843767,53.47641000659652,53.49623489379883,251800,0.0,0.0
2025-08-26 00:00:00-04:00,53.47641023893872,54.636137786232965,53.307900587592265,54.38833236694336,228600,0.0,0.0
2025-08-27 00:00:00-04:00,54.0909647759152,54.85420589505128,53.90263402491168,54.81455612182617,190500,0.0,0.0
2025-08-28 00:00:00-04:00,55.002894815616536,55.002894815616536,53.952198432917385,54.04140853881836,286700,0.0,0.0
2025-08-29 00:00:00-04:00,53.9918485192353,54.70552558933119,53.813428306408625,54.11079406738281,224300,0.0,0.0
2025-09-02 00:00:00-04:00,53.77377791148095,54.22973899181122,53.57553281270799,53.972023010253906,169100,0.0,0.0
2025-09-03 00:00:00-04:00,53.773778529955855,54.606404929410054,53.44667354603669,54.11079406738281,174600,0.0,0.0
2025-09-04 00:00:00-04:00,54.328864521004284,55.12184115078318,53.91254942711359,55.0623664855957,133600,0.0,0.0
2025-09-05 00:00:00-04:00,55.27051764875703,55.95446300857427,54.46763053065579,54.91368103027344,177600,0.0,0.0
2025-09-08 00:00:00-04:00,55.16149018118737,55.16149018118737,54.21982879178676,54.89385986328125,134600,0.0,0.0
2025-09-09 00:00:00-04:00,54.71543765053134,55.06236372705073,54.25947658390282,54.45771789550781,165100,0.0,0.0
2025-09-10 00:00:00-04:00,54.63613721894548,55.002891958157726,53.39711013536229,54.25947570800781,197000,0.0,0.0
2025-09-11 00:00:00-04:00,54.37842343521454,54.95333005887793,53.90263746973807,54.745174407958984,253800,0.0,0.0
2025-09-12 00:00:00-04:00,54.864119765861645,55.03262942165435,54.29912369747039,54.70552444458008,139000,0.0,0.0
2025-09-15 00:00:00-04:00,54.62622877890461,54.834384429507324,53.86298761215059,53.8828125,263600,0.0,0.0
2025-09-16 00:00:00-04:00,53.892720306161515,53.892720306161515,52.177907297312004,52.455448150634766,282600,0.0,0.0
2025-09-17 00:00:00-04:00,52.72307924211722,54.06123076473579,52.50501304603947,52.623958587646484,246400,0.0,0.0
2025-09-18 00:00:00-04:00,53.19886590452074,54.56675288561695,52.77264405960148,54.45771789550781,223900,0.0,0.0
2025-09-19 00:00:00-04:00,54.318948761764815,54.318948761764815,53.01053641163815,53.060096740722656,649300,0.0,0.0
2025-09-22 00:00:00-04:00,52.802381589771656,52.99071235573391,52.07879018638725,52.39598083496094,136300,0.0,0.0
2025-09-23 00:00:00-04:00,52.66360895876036,53.476410434505894,52.5149241941586,52.7528190612793,125500,0.0,0.0
2025-09-24 00:00:00-04:00,52.752823120898846,53.25834455326835,52.57440290213057,52.812294006347656,207500,0.0,0.0
2025-09-25 00:00:00-04:00,52.69334681338519,52.881677580126734,52.207646503815894,52.44554138183594,146000,0.0,0.0
2025-09-26 00:00:00-04:00,52.56448436419556,53.050184650054376,52.346418166300914,52.723079681396484,115000,0.0,0.0
2025-09-29 00:00:00-04:00,52.93123885651012,53.9521959698251,52.009402398021805,52.66360855102539,156600,0.0,0.0
2025-09-30 00:00:00-04:00,52.5142784105875,52.80298341186386,51.996601655845616,52.65365219116211,160800,0.23,0.0
2025-10-01 00:00:00-04:00,52.35499625731402,52.71338816742812,51.67803460435425,52.524234771728516,135400,0.0,0.0
2025-10-02 00:00:00-04:00,52.52423260769115,52.94235775148083,51.797495174413406,51.84727478027344,194700,0.0,0.0
2025-10-03 00:00:00-04:00,51.926916941984594,52.534191695070255,51.75767842923658,52.07624816894531,257900,0.0,0.0
2025-10-06 00:00:00-04:00,52.49437007953566,53.19124281658675,51.488885040079026,51.68798828125,369000,0.0,0.0
2025-10-07 00:00:00-04:00,51.69794521209435,52.28530888211875,50.84178761195871,51.10062789916992,276400,0.0,0.0
2025-10-08 00:00:00-04:00,51.39928600520253,51.39928600520253,50.37388610554032,50.443572998046875,189300,0.0,0.0
2025-10-09 00:00:00-04:00,50.44357246737124,50.93138450743605,49.716835026269166,50.13496017456055,173300,0.0,0.0
2025-10-10 00:00:00-04:00,50.4037557856685,51.41919826818442,48.94032341415279,48.97018814086914,302300,0.0,0.0
2025-10-13 00:00:00-04:00,49.68696975708008,49.796478813712184,48.75117165089339,49.68696975708008,237900,0.0,0.0
2025-10-14 00:00:00-04:00,49.40822377281171,51.0608057224112,49.059785508964005,50.96125030517578,352200,0.0,0.0
2025-10-15 00:00:00-04:00,51.130493824985734,51.130493824985734,48.92041287954774,49.06974411010742,242700,0.0,0.0
2025-10-16 00:00:00-04:00,48.880590302564656,49.09960842617868,45.75462230896879,46.113014221191406,405500,0.0,0.0
2025-10-17 00:00:00-04:00,46.44153920462168,47.566486900853,46.093100951970214,47.45697784423828,262500,0.0,0.0
2025-10-20 00:00:00-04:00,47.87510246633741,48.95027434266294,47.54657530007222,48.75117111206055,179100,0.0,0.0
2025-10-21 00:00:00-04:00,48.55206462519541,50.015496931875504,47.90496772557001,48.57197570800781,104500,0.0,0.0
2025-10-22 00:00:00-04:00,48.67152895808591,49.159341009236336,48.01447839382568,48.3828239440918,164300,0.0,0.0
2025-10-23 00:00:00-04:00,48.581930461782065,49.28875682836086,47.31760515665687,47.447025299072266,259400,0.0,0.0
2025-10-24 00:00:00-04:00,48.143897998024485,49.00005558984515,47.447025274613424,48.84077072143555,191600,0.0,0.0
2025-10-27 00:00:00-04:00,49.01996557640881,49.69692340376633,48.542107184220015,49.477909088134766,218000,0.0,0.0
2025-10-28 00:00:00-04:00,49.32858059000644,49.61728561024924,48.83081488516752,49.278804779052734,196500,0.0,0.0
2025-10-29 00:00:00-04:00,49.09960775503601,49.74670467633178,47.95474513971298,48.452510833740234,239700,0.0,0.0
2025-10-30 00:00:00-04:00,48.43260246787614,49.42813383373052,47.9846125937115,48.462467193603516,213400,0.0,0.0
2025-10-31 00:00:00-04:00,48.46246719791453,48.58192989848546,47.904968265832196,48.32309341430664,153900,0.0,0.0
2025-11-03 00:00:00-05:00,48.890546507574044,49.856213158028,48.33304756957935,49.39826583862305,236100,0.0,0.0
2025-11-04 00:00:00-05:00,49.16929408063118,49.56750815031516,48.91045759369217,49.32857894897461,262700,0.0,0.0
2025-11-05 00:00:00-05:00,49.28875729667573,50.66259167400194,49.07969661685351,50.47344207763672,140300,0.0,0.0
2025-11-06 00:00:00-05:00,50.34401974679933,50.61281366531483,49.90598732272817,50.28428649902344,157400,0.0,0.0
2025-11-07 00:00:00-05:00,50.27433340216212,50.881608136030174,49.71683447648883,50.87165069580078,147800,0.0,0.0
2025-11-10 00:00:00-05:00,51.07076048099107,51.5287040173256,50.6327280285386,50.74223709106445,117400,0.0,0.0
2025-11-11 00:00:00-05:00,50.65263911753195,51.06080684302799,50.334069370688745,50.672550201416016,129700,0.0,0.0
2025-11-12 00:00:00-05:00,50.53317152673194,51.34951075780699,50.443573550007294,50.543128967285156,154600,0.0,0.0
2025-11-13 00:00:00-05:00,50.5431273282914,50.63272530211059,49.62723650728951,49.756656646728516,222000,0.0,0.0
2025-11-14 00:00:00-05:00,49.60733029345883,50.7422354545778,49.0697424389338,50.72232437133789,242000,0.0,0.0
2025-11-17 00:00:00-05:00,50.44357248286497,50.483394648933675,47.616267049701214,47.97465515136719,177000,0.0,0.0
2025-11-18 00:00:00-05:00,47.92488151508281,48.86068347186409,47.88505934720893,48.233497619628906,181800,0.0,0.0
2025-11-19 00:00:00-05:00,48.06425526446668,49.20911790514413,47.94479255859673,49.000057220458984,176300,0.0,0.0
2025-11-20 00:00:00-05:00,49.627239273185566,50.463485809554726,48.76112800976246,48.790992736816406,121800,0.0,0.0
2025-11-21 00:00:00-05:00,48.820858549209184,50.7720990931163,47.98461205929889,50.174781799316406,240400,0.0,0.0
2025-11-24 00:00:00-05:00,50.03540641499564,50.07522858236975,49.47791126236172,49.527687072753906,163600,0.0,0.0
2025-11-25 00:00:00-05:00,49.856211539474224,51.85722787031242,49.328577344655635,51.32959747314453,323500,0.0,0.0
2025-11-26 00:00:00-05:00,51.03093828262478,51.777586838325,50.821877598464944,51.16035842895508,392000,0.0,0.0
2025-11-28 00:00:00-05:00,51.09067100141495,51.16035789540813,50.66259219679914,50.78205490112305,142000,0.0,0.0
2025-12-01 00:00:00-05:00,50.27433394768783,51.468972345578884,50.27433394768783,51.0408935546875,120800,0.0,0.0
2025-12-02 00:00:00-05:00,51.329598564044794,51.329598564044794,50.38384300744237,50.4137077331543,140600,0.0,0.0
2025-12-03 00:00:00-05:00,50.59290527685923,51.68798829417703,50.59290527685923,51.47892761230469,155600,0.0,0.0
2025-12-04 00:00:00-05:00,51.170314778063876,51.84727642460206,50.981161384158554,51.37937545776367,126900,0.0,0.0
2025-12-05 00:00:00-05:00,51.150403709954986,51.38932911606901,50.662591659525,50.75218963623047,114800,0.0,0.0
2025-12-08 00:00:00-05:00,51.04089355680094,51.49883707342206,50.762145989753435,50.97120666503906,230100,0.0,0.0
2025-12-09 00:00:00-05:00,51.01102883108893,51.73776627207047,50.56303895715489,50.97120666503906,154000,0.0,0.0
2025-12-10 00:00:00-05:00,50.891561257312794,52.942357193726615,50.8119207245471,52.514278411865234,269600,0.0,0.0
2025-12-11 00:00:00-05:00,52.38485934997027,53.3604796317103,52.38485934997027,53.131507873535156,186100,0.0,0.0
2025-12-12 00:00:00-05:00,53.131508971255975,53.22110694784093,52.414728956227215,53.12155532836914,201200,0.0,0.0
2025-12-15 00:00:00-05:00,53.469989246117144,53.788558982342636,53.0817326174455,53.23106384277344,203900,0.0,0.0
2025-12-16 00:00:00-05:00,53.450077059603295,53.60936192442815,53.031955713557075,53.31070327758789,212700,0.0,0.0
2025-12-17 00:00:00-05:00,53.141468053709836,54.06731257447662,52.623791261629954,52.86271667480469,235900,0.0,0.0
2025-12-18 00:00:00-05:00,53.38039182466307,53.54963413496857,51.907005829910304,52.982181549072266,145400,0.0,0.0
2025-12-19 00:00:00-05:00,52.81294036408125,53.191243361956445,51.52870393804637,52.06629180908203,983900,0.0,0.0
2025-12-22 00:00:00-05:00,52.12602450468349,53.23106496192062,52.12602450468349,52.59392547607422,168800,0.0,0.0
2025-12-23 00:00:00-05:00,52.554102217481166,52.92244776302768,51.93687003044009,52.04637908935547,109000,0.0,0.0
2025-12-24 00:00:00-05:00,51.83731678265795,52.14593286647834,51.7377651673098,51.88709259033203,96900,0.0,0.0
2025-12-26 00:00:00-05:00,51.88709422965685,52.693476010996285,51.648168826212384,51.837318420410156,87800,0.0,0.0
2025-12-29 00:00:00-05:00,51.83731732570826,51.95678002490769,51.319640565643134,51.7078971862793,108400,0.0,0.0
2025-12-30 00:00:00-05:00,51.61830087102865,51.69794520482116,51.110581534879394,51.2400016784668,134800,0.0,0.0
2025-12-31 00:00:00-05:00,51.2400016784668,51.310001373291016,50.630001068115234,50.790000915527344,255600,0.23,0.0
2026-01-02 00:00:00-05:00,50.83000183105469,51.220001220703125,49.97999954223633,50.90999984741211,197100,0.0,0.0
2026-01-05 00:00:00-05:00,50.720001220703125,52.72999954223633,50.709999084472656,51.959999084472656,183200,0.0,0.0
2026-01-06 00:00:00-05:00,51.68000030517578,52.63999938964844,50.959999084472656,52.349998474121094,196200,0.0,0.0
2026-01-07 00:00:00-05:00,53.189998626708984,54.15999984741211,52.04999923706055,52.540000915527344,173700,0.0,0.0
2026-01-08 00:00:00-05:00,52.2400016784668,54.150001525878906,52.2400016784668,53.779998779296875,229300,0.0,0.0
2026-01-09 00:00:00-05:00,53.779998779296875,54.220001220703125,53.369998931884766,53.65999984741211,226300,0.0,0.0
2026-01-12 00:00:00-05:00,53.18000030517578,53.68000030517578,52.72999954223633,53.5099983215332,239800,0.0,0.0
2026-01-13 00:00:00-05:00,53.470001220703125,54.540000915527344,53.43000030517578,54.279998779296875,250400,0.0,0.0
2026-01-14 00:00:00-05:00,54.2400016784668,55.470001220703125,53.84000015258789,55.41999816894531,310600,0.0,0.0
2026-01-15 00:00:00-05:00,55.41999816894531,57.66999816894531,55.41999816894531,57.529998779296875,333600,0.0,0.0
2026-01-16 00:00:00-05:00,57.56999969482422,58.790000915527344,57.54999923706055,57.91999816894531,373300,0.0,0.0
2026-01-20 00:00:00-05:00,57.099998474121094,58.27000045776367,56.349998474121094,57.75,262800,0.0,0.0
2026-01-21 00:00:00-05:00,58.130001068115234,60.77000045776367,57.959999084472656,60.5,416700,0.0,0.0
2026-01-22 00:00:00-05:00,60.5,62.310001373291016,60.060001373291016,60.95000076293945,620300,0.0,0.0
2026-01-23 00:00:00-05:00,60.560001373291016,60.83000183105469,57.72999954223633,57.77000045776367,590200,0.0,0.0
2026-01-26 00:00:00-05:00,57.90999984741211,58.72999954223633,56.560001373291016,57.529998779296875,303500,0.0,0.0
2026-01-27 00:00:00-05:00,57.65999984741211,58.439998626708984,56.599998474121094,56.68000030517578,209200,0.0,0.0
2026-01-28 00:00:00-05:00,57.150001525878906,57.79999923706055,56.70000076293945,56.79999923706055,262200,0.0,0.0
2026-01-29 00:00:00-05:00,57.09000015258789,58.189998626708984,57.02000045776367,58.060001373291016,370700,0.0,0.0
2026-01-30 00:00:00-05:00,57.630001068115234,58.47999954223633,57.279998779296875,57.93000030517578,346000,0.0,0.0
2026-02-02 00:00:00-05:00,58.150001525878906,59.439998626708984,57.59000015258789,58.68000030517578,247700,0.0,0.0
2026-02-03 00:00:00-05:00,58.720001220703125,60.099998474121094,58.720001220703125,59.540000915527344,216900,0.0,0.0
2026-02-04 00:00:00-05:00,60.0,61.88999938964844,60.0,60.52000045776367,215000,0.0,0.0
2026-02-05 00:00:00-05:00,60.2599983215332,62.0,59.849998474121094,60.939998626708984,349300,0.0,0.0
2026-02-06 00:00:00-05:00,61.279998779296875,62.4900016784668,60.88999938964844,62.22999954223633,310200,0.0,0.0
2026-02-09 00:00:00-05:00,61.779998779296875,62.63999938964844,61.52000045776367,61.7599983215332,175400,0.0,0.0
2026-02-10 00:00:00-05:00,61.439998626708984,62.119998931884766,60.33000183105469,60.849998474121094,231700,0.0,0.0
2026-02-11 00:00:00-05:00,61.22999954223633,61.70000076293945,59.86000061035156,60.54999923706055,156400,0.0,0.0
2026-02-12 00:00:00-05:00,61.11000061035156,61.83000183105469,59.25,59.869998931884766,190100,0.0,0.0
2026-02-13 00:00:00-05:00,60.0099983215332,61.13999938964844,59.34000015258789,60.93000030517578,158400,0.0,0.0
