Date,Open,High,Low,Close,Volume,Dividends,Stock Splits
2022-01-03 00:00:00-05:00,40.98703239084931,41.26995459907592,40.63110013366287,41.24257278442383,6024700,0.0,0.0
2022-01-04 00:00:00-05:00,41.233446915883434,42.28299376294444,41.160433387072345,42.136966705322266,10378100,0.0,0.0
2022-01-05 00:00:00-05:00,42.27387012494901,43.38730219524426,42.23736335640361,42.7210693359375,8367700,0.0,0.0
2022-01-06 00:00:00-05:00,42.9127229224272,43.28690858127332,42.30124675905802,43.00398635864258,7115600,0.0,0.0
2022-01-07 00:00:00-05:00,43.12262684324519,44.61936931314909,43.022234985621495,43.916629791259766,8672700,0.0,0.0
2022-01-10 00:00:00-05:00,44.07179217859997,45.24910945301411,43.94402195932601,44.81103515625,10633500,0.0,0.0
2022-01-11 00:00:00-05:00,44.820155048680476,45.3494892107246,43.19564231638514,43.54244613647461,8873500,0.0,0.0
2022-01-12 00:00:00-05:00,42.94009739256884,43.14088111194529,42.136965996539644,43.02223587036133,6787000,0.0,0.0
2022-01-13 00:00:00-05:00,43.13176024230807,45.769316944305366,43.03137184649592,45.157840728759766,12665700,0.0,0.0
2022-01-14 00:00:00-05:00,45.075703968715274,45.55028155501636,44.40034610159718,44.829288482666016,7060700,0.0,0.0
2022-01-18 00:00:00-05:00,44.64676470525875,44.82017015522613,44.062670199317374,44.3455924987793,7173100,0.0,0.0
2022-01-19 00:00:00-05:00,44.445976944662554,44.792784304987066,43.861882536627974,44.33646011352539,4956300,0.0,0.0
2022-01-20 00:00:00-05:00,44.318197591528886,44.57373797199294,42.99485701281211,43.1408805847168,7489900,0.0,0.0
2022-01-21 00:00:00-05:00,43.378165205108786,43.58807386062031,42.73018585790236,42.821449279785156,5832900,0.0,0.0
2022-01-24 00:00:00-05:00,42.92184895889583,44.199557987084255,42.70281531384909,43.551578521728516,8880200,0.0,0.0
2022-01-25 00:00:00-05:00,42.25561763835066,42.77582691600415,41.11480720814963,41.142189025878906,9981100,0.0,0.0
2022-01-26 00:00:00-05:00,41.105674063849705,41.37034286646013,40.32079608726787,40.503326416015625,9921800,0.0,0.0
2022-01-27 00:00:00-05:00,40.64935651640314,41.580258209314316,40.64935651640314,41.434234619140625,6770500,0.0,0.0
2022-01-28 00:00:00-05:00,39.81883697003947,40.3025393415841,39.14347585449829,39.672813415527344,10170300,0.0,0.0
2022-01-31 00:00:00-05:00,39.499418766652184,39.983124750895435,38.97008454349855,39.78234100341797,6861900,0.0,0.0
2022-02-01 00:00:00-05:00,39.70019622394252,40.49419917360793,39.38077075036349,40.27516555786133,5870600,0.0,0.0
2022-02-02 00:00:00-05:00,40.17477742406153,40.58546984350156,39.59068308595876,40.24778747558594,7003600,0.0,0.0
2022-02-03 00:00:00-05:00,40.22041572727818,41.388604594766996,40.21129077489731,41.16957092285156,5855200,0.0,0.0
2022-02-04 00:00:00-05:00,41.060040444828715,41.19693557392353,40.439439444798595,40.859256744384766,5992800,0.0,0.0
2022-02-07 00:00:00-05:00,41.08743057901079,41.288214337141085,40.31167736535657,40.768001556396484,5049300,0.0,0.0
2022-02-08 00:00:00-05:00,40.932263371377935,41.83578646657918,40.740608117736336,41.52548599243164,5041000,0.0,0.0
2022-02-09 00:00:00-05:00,41.33384397098377,41.68064783198338,41.014414964513044,41.20607376098633,3874000,0.0,0.0
2022-02-10 00:00:00-05:00,41.33384357864371,41.63501571628224,40.93227608648956,41.22432327270508,4799300,0.0,0.0
2022-02-11 00:00:00-05:00,41.479869573601285,42.593298229966,41.37947769474966,42.228240966796875,6226600,0.0,0.0
2022-02-14 00:00:00-05:00,42.16406846210171,42.338260999868325,40.9905499790592,41.88902282714844,5799700,0.21,0.0
2022-02-15 00:00:00-05:00,41.971527223161125,42.75081720036014,41.54062924485207,42.54911804199219,5780600,0.0,0.0
2022-02-16 00:00:00-05:00,42.38409750240776,43.0075281647833,40.577981892524186,40.8621940612793,8416000,0.0,0.0
2022-02-17 00:00:00-05:00,40.66049197476294,41.87067999831853,40.66049197476294,41.46728515625,11145200,0.0,0.0
2022-02-18 00:00:00-05:00,41.34809847768272,41.88901611041945,41.18307252211219,41.79733657836914,4525000,0.0,0.0
2022-02-22 00:00:00-05:00,41.668986334729766,42.035707982284535,41.100565507742246,41.293094635009766,5229800,0.0,0.0
2022-02-23 00:00:00-05:00,41.48561954180456,41.61397228025848,40.70633305984871,40.82551574707031,4070900,0.0,0.0
2022-02-24 00:00:00-05:00,40.74300003051758,41.540626561253745,39.55114875707047,40.74300003051758,6877700,0.0,0.0
2022-02-25 00:00:00-05:00,41.71482316997572,42.769155264420576,41.25641851975621,42.5949592590332,6691400,0.0,0.0
2022-02-28 00:00:00-05:00,41.95319094467993,43.24589188436974,41.95319094467993,42.906673431396484,8712800,0.0,0.0
2022-03-01 00:00:00-05:00,44.11686634864385,44.69445723680837,43.4842691360305,44.32773208618164,12129700,0.0,0.0
2022-03-02 00:00:00-05:00,44.089363522771016,45.37289806240623,44.089363522771016,45.26287841796875,9920000,0.0,0.0
2022-03-03 00:00:00-05:00,47.90328454443859,50.88291468356635,47.90328454443859,50.51618957519531,27439600,0.0,0.0
2022-03-04 00:00:00-05:00,49.76440811438315,54.07341256104576,49.70023174261721,54.036739349365234,21597500,0.0,0.0
2022-03-07 00:00:00-05:00,53.578335195143396,57.3739287030807,52.4964999219272,53.00991439819336,23454400,0.0,0.0
2022-03-08 00:00:00-05:00,52.60651262856702,53.945053214926226,51.02959969280987,51.075439453125,10915700,0.0,0.0
2022-03-09 00:00:00-05:00,50.51619696090548,51.38716659761427,49.93860955219731,50.73623275756836,10180400,0.0,0.0
2022-03-10 00:00:00-05:00,51.148789677996774,52.62485315261485,50.60787207234201,52.340641021728516,9926500,0.0,0.0
2022-03-11 00:00:00-05:00,51.79971740252763,52.70736000735255,51.21296010126074,51.24046325683594,5621000,0.0,0.0
2022-03-14 00:00:00-04:00,50.965437366715015,51.24047950171238,49.76441573049425,50.80957794189453,5524100,0.0,0.0
2022-03-15 00:00:00-04:00,51.102945409828976,51.55217995107623,50.11278981325633,51.515506744384766,6127900,0.0,0.0
2022-03-16 00:00:00-04:00,51.21296733882905,52.0289270448015,49.892759727053516,50.41534423828125,7093200,0.0,0.0
2022-03-17 00:00:00-04:00,50.74539372138644,51.51551367882469,50.14029971892424,51.029605865478516,5364800,0.0,0.0
2022-03-18 00:00:00-04:00,51.13046408991837,51.698884976816686,50.57120975880123,51.17630386352539,9908000,0.0,0.0
2022-03-21 00:00:00-04:00,51.32298904646452,52.81738932600517,50.99293710768496,51.04794692993164,6458600,0.0,0.0
2022-03-22 00:00:00-04:00,51.341318235844454,52.07476493974371,50.543695163938374,51.86389923095703,7006000,0.0,0.0
2022-03-23 00:00:00-04:00,52.019762720542744,52.441494171337105,51.49717818691491,51.75388717651367,5209300,0.0,0.0
2022-03-24 00:00:00-04:00,51.89141166710042,53.06493010050243,51.72638569204937,52.028934478759766,8267000,0.0,0.0
2022-03-25 00:00:00-04:00,51.90974061314927,52.59734757525286,51.790557924476545,52.25812911987305,5090400,0.0,0.0
2022-03-28 00:00:00-04:00,52.24896256587894,52.67069399660518,51.90974061314927,52.25812911987305,5879100,0.0,0.0
2022-03-29 00:00:00-04:00,52.21228988992072,52.487331978108955,50.323661488955025,51.698875427246094,9428400,0.0,0.0
2022-03-30 00:00:00-04:00,51.579692404283314,52.04726713050272,51.36882667382461,51.6805419921875,4083700,0.0,0.0
2022-03-31 00:00:00-04:00,51.66220137699211,53.11992826779528,51.62553166388594,52.597347259521484,8476600,0.0,0.0
2022-04-01 00:00:00-04:00,52.71653683223634,53.06492535925523,51.90974363711105,52.69820022583008,4232100,0.0,0.0
2022-04-04 00:00:00-04:00,52.80821507663429,54.045909748690555,52.33147731112001,52.66152572631836,4999900,0.0,0.0
2022-04-05 00:00:00-04:00,52.68903135894787,54.21093465037563,52.53317196000983,52.85405731201172,5848300,0.0,0.0
2022-04-06 00:00:00-04:00,52.808223537904226,54.22928099988378,52.51484479026536,53.84421920776367,7514500,0.0,0.0
2022-04-07 00:00:00-04:00,54.14676093178476,55.27443600139277,53.908388544638306,54.89854431152344,6436400,0.0,0.0
2022-04-08 00:00:00-04:00,56.842175818765064,57.55728594378466,56.035382666595595,56.53962707519531,10513400,0.0,0.0
2022-04-11 00:00:00-04:00,56.78717366994642,57.16306538863953,55.42112960579231,55.6044921875,4893700,0.0,0.0
2022-04-12 00:00:00-04:00,54.99022389880203,55.03606366641978,53.53249690551707,53.862548828125,8529700,0.0,0.0
2022-04-13 00:00:00-04:00,53.63334936630843,54.045914291673164,52.83572617550346,53.48666000366211,6504500,0.0,0.0
2022-04-14 00:00:00-04:00,53.596671683656645,54.21093574296327,53.358302800732424,53.468318939208984,5301300,0.0,0.0
2022-04-18 00:00:00-04:00,53.09242737656917,53.71585799155308,52.817385281099796,53.00991439819336,3172800,0.0,0.0
2022-04-19 00:00:00-04:00,53.17493954506947,53.541664665009925,52.76237465947394,52.9824104309082,5372200,0.0,0.0
2022-04-20 00:00:00-04:00,53.17494446045472,53.44998657715943,52.59735356722963,52.89990234375,6986500,0.0,0.0
2022-04-21 00:00:00-04:00,52.72571307761945,53.81671862654084,52.51484731121591,53.3399772644043,5673200,0.0,0.0
2022-04-22 00:00:00-04:00,53.917555180795674,54.064244526150446,52.23979251453497,52.25812911987305,5586700,0.0,0.0
2022-04-25 00:00:00-04:00,52.193950858832665,52.47816298525085,51.19462863688776,51.973915100097656,7862600,0.0,0.0
2022-04-26 00:00:00-04:00,51.90057349327254,52.056429390922084,50.864578035740834,51.08461380004883,5848800,0.0,0.0
2022-04-27 00:00:00-04:00,51.414669163150094,51.62553489042631,50.635379130329234,50.95626449584961,5304200,0.0,0.0
2022-04-28 00:00:00-04:00,51.011271898688655,51.130458093970674,50.51619400814808,50.87375259399414,4921800,0.0,0.0
2022-04-29 00:00:00-04:00,51.13045735481731,51.295483315945184,49.31517527976079,49.471031188964844,6856400,0.0,0.0
2022-05-02 00:00:00-04:00,50.103636307566376,50.314502054928866,48.792598554414475,49.25100326538086,7232700,0.0,0.0
2022-05-03 00:00:00-04:00,49.764408475866276,50.67205123612746,49.26016405232116,50.23198318481445,6058400,0.0,0.0
2022-05-04 00:00:00-04:00,49.736904463141045,51.322984130486404,49.736904463141045,51.130455017089844,6979500,0.0,0.0
2022-05-05 00:00:00-04:00,50.488686660997566,50.70872242655727,48.94844679412914,49.37017822265625,7047200,0.0,0.0
2022-05-06 00:00:00-04:00,49.18681916493131,50.562033081967414,48.93928024018283,49.37017822265625,5087800,0.0,0.0
2022-05-09 00:00:00-04:00,48.985119654283366,50.42450993069897,48.71924412619391,50.2778205871582,6677800,0.0,0.0
2022-05-10 00:00:00-04:00,50.11280124763563,50.66288548412394,49.89276545463014,50.59870910644531,6505200,0.0,0.0
2022-05-11 00:00:00-04:00,50.82790857339377,51.185467153928506,49.58105080820756,49.81025314331055,6442100,0.0,0.0
2022-05-12 00:00:00-04:00,50.675402490994855,51.34726990288004,49.681404559380994,49.90229415893555,4666100,0.21,0.0
2022-05-13 00:00:00-04:00,50.169195666114476,50.3440676153617,49.0187370986287,49.13838577270508,5355900,0.0,0.0
2022-05-16 00:00:00-04:00,49.58015260296205,49.7366167659271,48.45730762868479,48.96350860595703,4692300,0.0,0.0
2022-05-17 00:00:00-04:00,48.19960431304969,48.19960431304969,46.71781332688514,47.150386810302734,11792100,0.0,0.0
2022-05-18 00:00:00-04:00,45.668599803550265,45.89869150440984,43.57936673843486,44.0855712890625,10326900,0.0,0.0
2022-05-19 00:00:00-04:00,43.70821539625679,44.693007467900614,43.063958014855714,44.1776008605957,9137900,0.0,0.0
2022-05-20 00:00:00-04:00,44.45371682065836,45.199215210749315,43.86468261605746,44.78504943847656,8053000,0.0,0.0
2022-05-23 00:00:00-04:00,44.78505161851684,46.77304391127647,44.63779306019838,46.2208251953125,6268200,0.0,0.0
2022-05-24 00:00:00-04:00,45.82506767166106,47.41730194836699,45.696216870563156,47.40809631347656,5993900,0.0,0.0
2022-05-25 00:00:00-04:00,47.24242838075591,47.50933207796761,46.331263726101646,47.08596420288086,6797000,0.0,0.0
2022-05-26 00:00:00-04:00,47.997120671384245,48.39287859913832,47.693398001327374,47.9879150390625,5866700,0.0,0.0
2022-05-27 00:00:00-04:00,47.79464200329014,48.97271023093552,47.61056796499049,48.742618560791016,6215600,0.0,0.0
2022-05-31 00:00:00-04:00,48.429700564598754,49.21201445973935,48.16279685796846,48.7518310546875,18085900,0.0,0.0
2022-06-01 00:00:00-04:00,49.1015673388557,49.1015673388557,46.69020730771956,47.260833740234375,6045300,0.0,0.0
2022-06-02 00:00:00-04:00,47.52774230977175,48.68740647608326,47.343668242477136,48.66899871826172,4563300,0.0,0.0
2022-06-03 00:00:00-04:00,48.83466261916106,49.12917970793825,48.282440444513355,48.35607147216797,3623100,0.0,0.0
2022-06-06 00:00:00-04:00,48.71501634795382,48.76103398703839,47.98792571328685,47.99713134765625,3421100,0.0,0.0
2022-06-07 00:00:00-04:00,47.26083846544357,47.92350375069614,47.04915450174813,47.886688232421875,3389500,0.0,0.0
2022-06-08 00:00:00-04:00,48.079968042201266,48.10757792550059,47.095172236498954,47.14119338989258,4051200,0.0,0.0
2022-06-09 00:00:00-04:00,47.01232504993305,47.63817107376295,46.377269883570136,46.414085388183594,3876700,0.0,0.0
2022-06-10 00:00:00-04:00,46.14718865895912,47.3896858881272,46.01833787465737,47.02153778076172,4839900,0.0,0.0
2022-06-13 00:00:00-04:00,46.54294951534739,46.96631740727775,46.11958162341702,46.32206344604492,5447400,0.0,0.0
2022-06-14 00:00:00-04:00,46.43250827858638,47.04915238276337,46.11037777457614,46.37728500366211,5567500,0.0,0.0
2022-06-15 00:00:00-04:00,46.59817063616699,47.38968662160921,46.37728106614474,46.82826232910156,6177000,0.0,0.0
2022-06-16 00:00:00-04:00,44.490526466059436,46.85586860671767,44.48132434385453,45.85266876220703,13182700,0.0,0.0
2022-06-17 00:00:00-04:00,46.14719454011537,46.248435458089396,42.079174638795166,42.52095031738281,21124500,0.0,0.0
2022-06-21 00:00:00-04:00,42.410491938453816,44.77583367040046,42.244825680028626,44.54574203491211,8713900,0.0,0.0
2022-06-22 00:00:00-04:00,44.2604426904435,44.64699508860761,43.524149900425456,43.570167541503906,5212800,0.0,0.0
2022-06-23 00:00:00-04:00,44.343269584356904,44.56415563469715,43.606976898355306,43.92910385131836,6224800,0.0,0.0
2022-06-24 00:00:00-04:00,44.22362584738402,44.83106781980286,43.91990661663503,44.591773986816406,10800100,0.0,0.0
2022-06-27 00:00:00-04:00,44.70220880244524,45.28204078658363,44.490524890027785,44.82185745239258,4333700,0.0,0.0
2022-06-28 00:00:00-04:00,45.13479242845283,45.45691943059016,44.5089426720823,44.573368072509766,3684700,0.0,0.0
2022-06-29 00:00:00-04:00,44.978320079970196,45.61337535608731,44.17760202630119,44.27884292602539,4674200,0.0,0.0
2022-06-30 00:00:00-04:00,43.91990901625057,44.16840849730636,43.36768677693068,43.56096649169922,6448600,0.0,0.0
2022-07-01 00:00:00-04:00,43.81866800809992,44.306461334228516,43.34007680602688,44.306461334228516,4131000,0.0,0.0
2022-07-05 00:00:00-04:00,44.527348747518424,44.628589661768665,43.05475969546906,43.46892547607422,4416300,0.0,0.0
2022-07-06 00:00:00-04:00,43.43211319452707,43.8922966492681,43.24804262136756,43.62539291381836,4404000,0.0,0.0
2022-07-07 00:00:00-04:00,43.892289014797434,44.95071218097185,43.75423610894024,44.85867691040039,5002900,0.0,0.0
2022-07-08 00:00:00-04:00,45.10717168193078,45.328061240904646,43.9199012740726,44.19601058959961,4100000,0.0,0.0
2022-07-11 00:00:00-04:00,44.17760656503804,44.52734693340239,44.01194025954549,44.0855712890625,3411800,0.0,0.0
2022-07-12 00:00:00-04:00,44.08557254390659,44.610181355925135,43.662201133974456,43.8094596862793,4249700,0.0,0.0
2022-07-13 00:00:00-04:00,43.84627301528909,44.62858688801447,43.84627301528909,44.131587982177734,5326600,0.0,0.0
2022-07-14 00:00:00-04:00,43.54256165821877,44.10398254841321,42.97193162148928,43.717430114746094,5250900,0.0,0.0
2022-07-15 00:00:00-04:00,44.03955267629517,44.24203450820672,43.74503556310799,43.94751739501953,3684800,0.0,0.0
2022-07-18 00:00:00-04:00,44.16840466417297,44.53654928084926,43.62538810697375,43.745033264160156,3694400,0.0,0.0
2022-07-19 00:00:00-04:00,44.16840341002272,44.24203092689904,43.41369941878634,43.533348083496094,4363400,0.0,0.0
2022-07-20 00:00:00-04:00,43.53334615231115,43.69901244658456,43.045552903017494,43.44131088256836,5354400,0.0,0.0
2022-07-21 00:00:00-04:00,43.30325682516662,43.41369985705638,42.14359621302248,42.594573974609375,5211800,0.0,0.0
2022-07-22 00:00:00-04:00,42.612978087060426,42.95351278763167,42.373684286612615,42.55775833129883,4458500,0.0,0.0
2022-07-25 00:00:00-04:00,42.56696427453737,42.74183270167969,41.803058149341574,42.06996536254883,6041600,0.0,0.0
2022-07-26 00:00:00-04:00,41.287656450195044,42.428909350367285,40.80906527850575,42.355281829833984,7518500,0.0,0.0
2022-07-27 00:00:00-04:00,42.22642697116109,42.31846224069896,41.54535403945118,42.281646728515625,4764200,0.0,0.0
2022-07-28 00:00:00-04:00,42.226429198560005,42.640594955168204,42.18961368443468,42.373687744140625,3631100,0.0,0.0
2022-07-29 00:00:00-04:00,42.125188665208306,42.77864824760738,41.89509696625758,42.7418327331543,4180200,0.0,0.0
2022-08-01 00:00:00-04:00,42.576161421602805,43.59776900653882,42.576161421602805,43.017940521240234,4330600,0.0,0.0
2022-08-02 00:00:00-04:00,43.257245641720495,43.395302085371064,42.43811963706084,43.05476379394531,3863300,0.0,0.0
2022-08-03 00:00:00-04:00,43.09156548785163,43.432100159096194,42.658992046730106,43.22962188720703,3487500,0.0,0.0
2022-08-04 00:00:00-04:00,43.26644398323834,43.87388596253154,42.91670710883258,42.98113250732422,4882200,0.0,0.0
2022-08-05 00:00:00-04:00,43.19281050578011,43.54255084288565,43.09156960470321,43.487327575683594,3541600,0.0,0.0
2022-08-08 00:00:00-04:00,43.54255828328639,43.81866764463646,43.22042776927713,43.3400764465332,2975700,0.0,0.0
2022-08-09 00:00:00-04:00,43.32167021473338,43.79105930540328,42.90750440264851,43.137596130371094,4293700,0.0,0.0
2022-08-10 00:00:00-04:00,43.41369786581582,43.55175428253634,42.92590461233221,43.063961029052734,6233400,0.0,0.0
2022-08-11 00:00:00-04:00,43.20201432871486,43.98432817906245,42.99033039582191,43.432106018066406,3766800,0.0,0.0
2022-08-12 00:00:00-04:00,43.57092659020944,43.74676380122495,43.1452096876711,43.69123458862305,4063100,0.26,0.0
2022-08-15 00:00:00-04:00,43.60793886707864,44.1539637221049,43.27477068023263,43.978126525878906,4564700,0.0,0.0
2022-08-16 00:00:00-04:00,44.200241729178714,45.69949875424806,44.200241729178714,45.42185974121094,8608400,0.0,0.0
2022-08-17 00:00:00-04:00,45.273779652628235,45.671730179933235,44.848066284469404,44.931358337402344,7550800,0.0,0.0
2022-08-18 00:00:00-04:00,44.99614225253571,45.9771371852445,44.99614225253571,45.921607971191406,5697800,0.0,0.0
2022-08-19 00:00:00-04:00,46.00490146409367,46.54167329225891,45.653227021887126,45.81055450439453,6426900,0.0,0.0
2022-08-22 00:00:00-04:00,45.875336739459186,46.439871409288436,45.856827000897546,46.384342193603516,4404700,0.0,0.0
2022-08-23 00:00:00-04:00,46.384337811383006,46.587941385953684,45.50514472981208,45.90309524536133,5798200,0.0,0.0
2022-08-24 00:00:00-04:00,45.912357026120134,46.078941145740494,45.569935682621264,45.9586296081543,4350100,0.0,0.0
2022-08-25 00:00:00-04:00,45.90309593332643,45.90309593332643,44.82030279132796,45.64396667480469,4999400,0.0,0.0
2022-08-26 00:00:00-04:00,45.71801194743087,45.838319959603346,44.74627003280856,44.7740364074707,2886000,0.0,0.0
2022-08-29 00:00:00-04:00,44.53341282362244,44.903600551748944,44.16322862586776,44.69999694824219,2839600,0.0,0.0
2022-08-30 00:00:00-04:00,44.78328672713977,44.8017964656395,43.87633072288275,43.968875885009766,3564800,0.0,0.0
2022-08-31 00:00:00-04:00,44.033660411889926,44.59819153249722,43.941111722172025,44.366825103759766,5408100,0.0,0.0
2022-09-01 00:00:00-04:00,44.34831904447301,45.718011522940536,44.33906593991944,44.98689270019531,7283900,0.0,0.0
2022-09-02 00:00:00-04:00,45.255274886478446,45.671731634030884,44.690740235333905,44.82030487060547,4086400,0.0,0.0
2022-09-06 00:00:00-04:00,45.23675933553238,45.866076223444466,44.78327963998327,44.90359115600586,6189700,0.0,0.0
2022-09-07 00:00:00-04:00,45.08869376971154,46.180743668627144,45.08869376971154,46.10670471191406,6012400,0.0,0.0
2022-09-08 00:00:00-04:00,45.99564791252643,46.40285156655923,44.36682623565201,44.755523681640625,9401600,0.0,0.0
2022-09-09 00:00:00-04:00,45.66248164224614,48.1242204712936,44.940619464895704,48.06869125366211,13877700,0.0,0.0
2022-09-12 00:00:00-04:00,47.94837881017174,47.94837881017174,46.48614132111369,46.77303695678711,9407400,0.0,0.0
2022-09-13 00:00:00-04:00,46.52316723285699,47.88360311908173,45.46813676205901,45.69024658203125,6987100,0.0,0.0
2022-09-14 00:00:00-04:00,45.81055565112651,45.94937692888469,44.70925265489185,45.292293548583984,5937900,0.0,0.0
2022-09-15 00:00:00-04:00,45.48663239238131,45.52364833064655,43.93185001337399,44.3112907409668,6305800,0.0,0.0
2022-09-16 00:00:00-04:00,44.20024272927004,44.39459322012791,43.48763720748732,43.756019592285156,13928800,0.0,0.0
2022-09-19 00:00:00-04:00,43.385837742134896,44.22801147988342,43.21925361551458,43.913352966308594,5997300,0.0,0.0
2022-09-20 00:00:00-04:00,43.60794541971278,43.72825695645684,43.006394796735854,43.4228515625,4566800,0.0,0.0
2022-09-21 00:00:00-04:00,43.515397013539506,43.635708541317996,41.89583206176758,41.89583206176758,6223700,0.0,0.0
2022-09-22 00:00:00-04:00,41.74775730488454,42.45110966689286,41.65520861884963,42.10868835449219,5211900,0.0,0.0
2022-09-23 00:00:00-04:00,41.66446229623059,41.71999150391132,40.822288730114174,41.516387939453125,5965800,0.0,0.0
2022-09-26 00:00:00-04:00,41.46086789201589,41.90509106049366,41.07217394348732,41.64596176147461,5785200,0.0,0.0
2022-09-27 00:00:00-04:00,41.812540243729785,41.92359513825713,40.89632765535779,40.98887634277344,4591200,0.0,0.0
2022-09-28 00:00:00-04:00,41.248009026438616,42.25676685548535,40.544656595625824,42.06241989135742,6285000,0.0,0.0
2022-09-29 00:00:00-04:00,41.84030729025912,42.136456059013085,41.201737169578095,41.34981155395508,4046400,0.0,0.0
2022-09-30 00:00:00-04:00,41.44235283756628,41.534901525613385,40.32254018998239,40.4891242980957,5625800,0.0,0.0
2022-10-03 00:00:00-04:00,40.563163248533385,40.794529673093926,40.06341092419345,40.4891242980957,8225500,0.0,0.0
2022-10-04 00:00:00-04:00,40.868568103931395,41.49788510752734,40.73900346149195,41.36832046508789,4973300,0.0,0.0
2022-10-05 00:00:00-04:00,41.173970019843104,41.60893649262828,40.72974338279684,41.2757682800293,4085000,0.0,0.0
2022-10-06 00:00:00-04:00,41.266515089906655,41.49788151146245,40.41508482278819,40.461360931396484,3836400,0.0,0.0
2022-10-07 00:00:00-04:00,40.40583208910911,40.51688698396834,39.619187660768105,39.79502487182617,5269900,0.0,0.0
2022-10-10 00:00:00-04:00,40.26701365621253,41.03515193143788,40.211487970061484,40.96111297607422,4213300,0.0,0.0
2022-10-11 00:00:00-04:00,40.94260676109336,42.543662101675075,40.803785484994414,42.27527618408203,7378400,0.0,0.0
2022-10-12 00:00:00-04:00,42.377077775082554,43.20999483648422,42.22900339547526,42.60844421386719,7441200,0.0,0.0
2022-10-13 00:00:00-04:00,42.349305741186505,44.75551850114502,41.44234984602295,43.098934173583984,27509100,0.0,0.0
2022-10-14 00:00:00-04:00,41.784782285808106,42.79354014911132,39.202731856292736,39.9431037902832,19688900,0.0,0.0
2022-10-17 00:00:00-04:00,40.08192266715464,40.23925014914881,38.70297715441986,38.97136306762695,11020300,0.0,0.0
2022-10-18 00:00:00-04:00,39.39707882702051,40.0911781770813,39.202731856292736,39.9431037902832,8771000,0.0,0.0
2022-10-19 00:00:00-04:00,40.05415279056679,40.40583073123593,39.71173148354152,39.73949432373047,7653200,0.0,0.0
2022-10-20 00:00:00-04:00,39.7395027514596,39.87832404258745,38.952858182727326,39.026893615722656,6084600,0.0,0.0
2022-10-21 00:00:00-04:00,39.184219191041386,40.69272932104796,39.008381973088355,40.37807083129883,7103800,0.0,0.0
2022-10-24 00:00:00-04:00,40.47061958734246,40.87782327421407,39.65620868322734,40.71124267578125,5418100,0.0,0.0
2022-10-25 00:00:00-04:00,40.563157659117486,41.58116837475813,40.48911871888203,41.4330940246582,4730700,0.0,0.0
2022-10-26 00:00:00-04:00,41.58116810703554,42.48812393685449,41.57191147438021,42.05315399169922,6610400,0.0,0.0
2022-10-27 00:00:00-04:00,42.21974696756811,42.589934683584154,42.09943896067885,42.27527618408203,3638500,0.0,0.0
2022-10-28 00:00:00-04:00,42.525149327967,43.87632839336476,42.47887674936023,43.28403091430664,4052300,0.0,0.0
2022-10-31 00:00:00-04:00,43.2747748234244,43.94111126091247,43.24701198198623,43.76527404785156,4638000,0.0,0.0
2022-11-01 00:00:00-04:00,44.079933685013934,44.228008060520494,43.32105206924634,43.65421676635742,3864500,0.0,0.0
2022-11-02 00:00:00-04:00,43.533910491566246,44.09844517383663,43.08043071274147,43.08968734741211,4018000,0.0,0.0
2022-11-03 00:00:00-04:00,42.85831544541768,43.77452446026334,42.58067292661958,43.70048904418945,4107600,0.0,0.0
2022-11-04 00:00:00-04:00,43.894836937755876,44.07067414383066,42.21974280689935,42.94160842895508,4357800,0.0,0.0
2022-11-07 00:00:00-05:00,43.14520987184582,43.45061524690279,42.8583177647733,43.35806655883789,2887100,0.0,0.0
2022-11-08 00:00:00-05:00,43.31179194666644,43.83005398438504,43.21924679331765,43.607940673828125,3839700,0.0,0.0
2022-11-09 00:00:00-05:00,44.68148243664358,45.87533402545318,44.40384343538753,44.477882385253906,6522600,0.0,0.0
2022-11-10 00:00:00-05:00,44.98689521419758,45.01465805978157,43.45987516038229,44.52416229248047,5721900,0.0,0.0
2022-11-11 00:00:00-05:00,44.56117744285804,44.56117744285804,42.488132601669186,43.58943557739258,8480600,0.0,0.0
2022-11-14 00:00:00-05:00,43.97098353805787,44.28738864096537,43.29164390092637,43.3288688659668,5400500,0.26,0.0
2022-11-15 00:00:00-05:00,43.76625166327937,43.99890237983938,43.058995046922945,43.61735534667969,5276900,0.0,0.0
2022-11-16 00:00:00-05:00,43.74764072948646,44.7806105155953,43.58013547360102,44.510738372802734,6961900,0.0,0.0
2022-11-17 00:00:00-05:00,44.23154406579744,45.06908789440232,44.20362712149977,44.8364372253418,4433000,0.0,0.0
2022-11-18 00:00:00-05:00,45.273830584147234,45.46925633286347,44.52934545575896,44.910892486572266,4656600,0.0,0.0
2022-11-21 00:00:00-05:00,44.77130466414114,45.041180348556765,44.306003228928645,44.780609130859375,3524500,0.0,0.0
2022-11-22 00:00:00-05:00,45.1714579091978,45.292433709575306,44.63170661532496,44.74338150024414,3597200,0.0,0.0
2022-11-23 00:00:00-05:00,44.827128004254305,44.901577920334546,44.31529725608853,44.5200309753418,4091700,0.0,0.0
2022-11-25 00:00:00-05:00,44.57587784744555,45.63676452636719,44.57587784744555,45.63676452636719,2438800,0.0,0.0
2022-11-28 00:00:00-05:00,45.52509225334121,45.96247675318928,45.11562825452639,45.441341400146484,5846200,0.0,0.0
2022-11-29 00:00:00-05:00,45.599533841660765,46.28818142492877,45.3296581975444,45.92524337768555,6008000,0.0,0.0
2022-11-30 00:00:00-05:00,45.56231750067253,45.99039398614388,45.07840356276076,45.7763557434082,10713400,0.0,0.0
2022-12-01 00:00:00-05:00,46.855851949700096,46.91168939853631,44.343227101528505,45.05048370361328,10564400,0.0,0.0
2022-12-02 00:00:00-05:00,44.948119446956625,45.199382656438885,43.99890406112421,44.26877975463867,5145200,0.0,0.0
2022-12-05 00:00:00-05:00,43.93375803992878,44.129183779067645,42.3889575091762,42.87287139892578,7997900,0.0,0.0
2022-12-06 00:00:00-05:00,43.114830017089844,43.48706901219521,42.742587472016474,43.114830017089844,4102400,0.0,0.0
2022-12-07 00:00:00-05:00,43.23581374071219,43.79417766052599,43.14275486239422,43.68250274658203,4855400,0.0,0.0
2022-12-08 00:00:00-05:00,43.580131324120835,44.24085846765055,43.198580763807854,44.16640853881836,3792600,0.0,0.0
2022-12-09 00:00:00-05:00,43.915144976696375,44.20363312349078,43.23580535679467,43.245113372802734,5210300,0.0,0.0
2022-12-12 00:00:00-05:00,43.310259295899684,43.58013498563881,42.84495785150876,43.46846008300781,4260500,0.0,0.0
2022-12-13 00:00:00-05:00,43.55221081139913,43.635965206323604,42.27728595529812,42.2958984375,6225300,0.0,0.0
2022-12-14 00:00:00-05:00,42.22145406250701,42.49132976498179,41.48628044365179,41.653785705566406,5731700,0.0,0.0
2022-12-15 00:00:00-05:00,41.18848109289583,41.365297908581475,40.31371568097049,40.471920013427734,7070200,0.0,0.0
2022-12-16 00:00:00-05:00,40.25787584817203,41.35598744386587,40.071758126841935,41.24431610107422,13022400,0.0,0.0
2022-12-19 00:00:00-05:00,41.23500934297984,41.66308575819353,40.93721674544268,41.318763732910156,4556200,0.0,0.0
2022-12-20 00:00:00-05:00,41.19778657191987,41.84920924491655,41.132644659617,41.48627471923828,4444400,0.0,0.0
2022-12-21 00:00:00-05:00,41.45835002800369,41.70030872062931,41.235007365545165,41.374595642089844,3486200,0.0,0.0
2022-12-22 00:00:00-05:00,41.46766090684073,42.11908000897139,41.16056028729239,42.10977554321289,4340400,0.0,0.0
2022-12-23 00:00:00-05:00,42.10977897116724,42.87287302432685,42.10977897116724,42.70536422729492,4693200,0.0,0.0
2022-12-27 00:00:00-05:00,42.733275640607694,43.14274311362405,42.64952480291001,42.76119613647461,4601000,0.0,0.0
2022-12-28 00:00:00-05:00,42.751891551099746,42.95662530403333,41.476966703213314,41.48627471923828,4223900,0.0,0.0
2022-12-29 00:00:00-05:00,41.579328344977846,41.67238719370386,41.32806519345657,41.52349090576172,2897600,0.0,0.0
2022-12-30 00:00:00-05:00,41.40252032485345,41.72822988636781,41.16986962378092,41.48627471923828,3626000,0.0,0.0
2023-01-03 00:00:00-05:00,41.39320796849933,41.87712180198505,41.15125282674027,41.38390350341797,3570100,0.0,0.0
2023-01-04 00:00:00-05:00,41.31877305526676,42.35173936417513,41.01167237291152,41.84921646118164,4299700,0.0,0.0
2023-01-05 00:00:00-05:00,41.672390011040626,42.10046997403698,41.1419467275122,42.02602005004883,4749800,0.0,0.0
2023-01-06 00:00:00-05:00,42.17492177366719,42.78911952571212,42.11908432349284,42.56577682495117,4385800,0.0,0.0
2023-01-09 00:00:00-05:00,42.7984251232219,43.22650156712365,42.612303849796085,42.98454284667969,4736600,0.0,0.0
2023-01-10 00:00:00-05:00,43.058995405910956,43.403317475299325,42.62161091914178,42.789119720458984,3434600,0.0,0.0
2023-01-11 00:00:00-05:00,42.984549198292285,43.06830360621147,41.96088736814095,42.444801330566406,4994300,0.0,0.0
2023-01-12 00:00:00-05:00,42.5564630529745,42.64952545734607,42.04463225381796,42.50062561035156,3312400,0.0,0.0
2023-01-13 00:00:00-05:00,42.34243107393932,42.50063185968136,41.74684579825686,42.08186340332031,3429400,0.0,0.0
2023-01-17 00:00:00-05:00,42.212141019563134,43.26372311386874,42.202833004144786,42.97523498535156,3834000,0.0,0.0
2023-01-18 00:00:00-05:00,43.01246483799772,43.17066561842108,41.97949510710301,42.119083404541016,4005200,0.0,0.0
2023-01-19 00:00:00-05:00,42.174924986083084,42.28659634496944,40.937224921007406,40.946529388427734,4422200,0.0,0.0
2023-01-20 00:00:00-05:00,40.955824126863156,41.402516556234545,40.592889634220604,41.365291595458984,3978500,0.0,0.0
2023-01-23 00:00:00-05:00,41.36529546533112,41.914351263249955,41.21639915826676,41.59794616699219,3556300,0.0,0.0
2023-01-24 00:00:00-05:00,41.87712416633219,41.87712416633219,41.08611324095526,41.1884765625,2721800,0.0,0.0
2023-01-25 00:00:00-05:00,41.22570146190298,41.7933697121745,41.19778451515776,41.78406524658203,3351700,0.0,0.0
2023-01-26 00:00:00-05:00,41.69100070554576,41.80267203677503,41.262924310860576,41.374595642089844,3106600,0.0,0.0
2023-01-27 00:00:00-05:00,41.50489581308244,42.156318676958506,41.37461195030103,41.923667907714844,3672000,0.0,0.0
2023-01-30 00:00:00-05:00,41.58863761539209,41.77475888431779,41.011664876693565,41.14194869995117,4544800,0.0,0.0
2023-01-31 00:00:00-05:00,40.99305880193191,41.53281021118164,40.70457416247708,41.53281021118164,5007000,0.0,0.0
2023-02-01 00:00:00-05:00,41.32806742424303,42.24005768086156,41.02097036689682,42.04463195800781,5387300,0.0,0.0
2023-02-02 00:00:00-05:00,41.672399625897626,42.147009125906884,41.46766938762938,41.84921646118164,4816500,0.0,0.0
2023-02-03 00:00:00-05:00,41.802673194138514,41.89573559771247,41.086112211441474,41.337371826171875,5025100,0.0,0.0
2023-02-06 00:00:00-05:00,41.439739073196876,41.514188996735285,41.03027514363884,41.44904708862305,4413800,0.0,0.0
2023-02-07 00:00:00-05:00,41.411820448629655,41.55141227462332,41.07680290621896,41.38390350341797,3487100,0.0,0.0
2023-02-08 00:00:00-05:00,41.28153499139344,41.46765623530667,40.94651746234311,41.19778060913086,4791300,0.0,0.0
2023-02-09 00:00:00-05:00,41.27223241619576,41.393211773178976,40.88138094743636,41.030277252197266,3660300,0.0,0.0
2023-02-10 00:00:00-05:00,41.160554850032604,42.053932543484414,41.11402542745087,41.69099807739258,3726200,0.0,0.0
2023-02-13 00:00:00-05:00,41.72823176763254,41.830598648714414,41.41182665791045,41.77476119995117,4477600,0.0,0.0
2023-02-14 00:00:00-05:00,41.905804521264116,41.905804521264116,40.801295662248606,40.83873748779297,4941500,0.26,0.0
2023-02-15 00:00:00-05:00,40.96041559668926,41.44714858748985,40.87617327961514,41.43778991699219,3987200,0.0,0.0
2023-02-16 00:00:00-05:00,41.110180067511344,41.25994736339044,40.91361584764333,41.04465866088867,4493300,0.0,0.0
2023-02-17 00:00:00-05:00,41.14762820812426,41.31611287120375,40.988505787798864,41.1850700378418,4230100,0.0,0.0
2023-02-21 00:00:00-05:00,41.11953699142731,41.89643509976626,40.78256776057248,41.7653923034668,5973400,0.0,0.0
2023-02-22 00:00:00-05:00,41.61562859760336,42.28020481920683,41.21313796859881,41.7653923034668,4718600,0.0,0.0
2023-02-23 00:00:00-05:00,41.65307686914737,41.70923960653939,40.932337807203346,41.10082244873047,5079600,0.0,0.0
2023-02-24 00:00:00-05:00,40.99786174750521,41.147625485817635,40.670254685774644,40.9510612487793,5039500,0.0,0.0
2023-02-27 00:00:00-05:00,41.044665737425404,41.3254758949645,40.529853066352864,40.632816314697266,5586100,0.0,0.0
2023-02-28 00:00:00-05:00,40.38945104896532,40.67961630447781,40.183524554873024,40.380088806152344,6000400,0.0,0.0
2023-03-01 00:00:00-05:00,40.2116042538238,40.65153683037172,40.08056141927322,40.604736328125,7008800,0.0,0.0
2023-03-02 00:00:00-05:00,42.13044757386086,43.637447103693106,41.38162892971567,42.804386138916016,12908600,0.0,0.0
2023-03-03 00:00:00-05:00,43.71233353593311,43.76849270616321,42.63590421163332,43.038394927978516,8240500,0.0,0.0
2023-03-06 00:00:00-05:00,42.776307135107416,43.55320537310542,42.58910157887268,43.506404876708984,6271000,0.0,0.0
2023-03-07 00:00:00-05:00,43.51577649012218,44.124190215604415,43.309849976849854,43.908905029296875,8262100,0.0,0.0
2023-03-08 00:00:00-05:00,43.75913471251453,44.51731565820786,43.7123342130481,44.41435241699219,7354500,0.0,0.0
2023-03-09 00:00:00-05:00,44.60155343279617,44.67643351016921,44.03057811390018,44.227142333984375,6352200,0.0,0.0
2023-03-10 00:00:00-05:00,43.94634090074388,44.31138980063871,43.73105574364307,44.08674240112305,7329300,0.0,0.0
2023-03-13 00:00:00-04:00,44.030580500427725,44.99468431174809,43.60001021291077,43.85273361206055,8891300,0.0,0.0
2023-03-14 00:00:00-04:00,43.759137970597244,44.21779146907537,43.53449055752337,44.16162872314453,6577100,0.0,0.0
2023-03-15 00:00:00-04:00,44.002501380584604,45.2661363454536,43.824658046558326,45.20061492919922,7340600,0.0,0.0
2023-03-16 00:00:00-04:00,45.20996509928745,45.30356965536905,43.94633394269987,44.11481857299805,7188700,0.0,0.0
2023-03-17 00:00:00-04:00,44.21779008387239,44.36755383101351,43.506409606965,43.78721618652344,15100200,0.0,0.0
2023-03-20 00:00:00-04:00,44.36754762637987,44.91043979485152,44.27394306585104,44.320743560791016,5776300,0.0,0.0
2023-03-21 00:00:00-04:00,44.461152626474274,44.79812193347353,44.41435212731309,44.70451736450195,4560400,0.0,0.0
2023-03-22 00:00:00-04:00,44.8730015720953,45.56566109300512,44.80748015979089,44.96660614013672,7411900,0.0,0.0
2023-03-23 00:00:00-04:00,44.92916055354622,45.90262655582878,44.92916055354622,45.4158935546875,8511200,0.0,0.0
2023-03-24 00:00:00-04:00,45.59373892686872,46.27703617940483,45.50949660419171,45.9119873046875,6830200,0.0,0.0
2023-03-27 00:00:00-04:00,45.949434008190465,46.2770410919062,45.50950143521554,45.518863677978516,6508200,0.0,0.0
2023-03-28 00:00:00-04:00,45.42525340890649,46.024308327257906,45.37845291290697,45.79030227661133,4732500,0.0,0.0
2023-03-29 00:00:00-04:00,45.874546696890945,45.99623084857715,45.6124610507814,45.90262985229492,5164600,0.0,0.0
2023-03-30 00:00:00-04:00,45.837102443189146,46.16470945796018,45.68733872634401,45.92134475708008,3743800,0.0,0.0
2023-03-31 00:00:00-04:00,46.05239492156949,46.314480575264234,45.85583068129843,46.211517333984375,4811100,0.0,0.0
2023-04-03 00:00:00-04:00,46.398716772958245,46.80120744261665,46.29575354528069,46.74504470825195,6118200,0.0,0.0
2023-04-04 00:00:00-04:00,46.614009513824904,46.77313550186281,46.13663869100988,46.29576110839844,3928500,0.0,0.0
2023-04-05 00:00:00-04:00,46.32383583860682,46.426795493726,44.55474723074271,44.985321044921875,7469300,0.0,0.0
2023-04-06 00:00:00-04:00,44.966602377629904,45.462694049467665,44.854276905378846,45.4158935546875,4393700,0.0,0.0
2023-04-10 00:00:00-04:00,45.228684052605814,45.78093841231032,45.2099631421999,45.77157974243164,4518900,0.0,0.0
2023-04-11 00:00:00-04:00,45.687338648962246,45.687338648962246,44.770035438508344,44.89171600341797,6710700,0.0,0.0
2023-04-12 00:00:00-04:00,44.5641114413047,44.84491797903379,44.01185703648966,44.29266357421875,7214200,0.0,0.0
2023-04-13 00:00:00-04:00,44.283308182901024,44.41435100550216,43.67489099722532,44.039939880371094,5503100,0.0,0.0
2023-04-14 00:00:00-04:00,43.98378722010525,44.40499533489983,43.41281177657526,43.6655387878418,3908200,0.0,0.0
2023-04-17 00:00:00-04:00,43.89953797566748,44.76067855650251,43.80593340993601,44.751319885253906,5852200,0.0,0.0
2023-04-18 00:00:00-04:00,44.667076746960184,44.947883297736205,44.36754928337923,44.78875732421875,5113500,0.0,0.0
2023-04-19 00:00:00-04:00,44.76068039782282,44.91980638078774,44.33946876132652,44.41435241699219,4566000,0.0,0.0
2023-04-20 00:00:00-04:00,44.48923164115647,44.76067953171824,44.208425079142195,44.74195861816406,3917700,0.0,0.0
2023-04-21 00:00:00-04:00,44.975966536947595,45.25677311054559,44.723239549514616,44.85428237915039,3776300,0.0,0.0
2023-04-24 00:00:00-04:00,44.77003881785099,45.191246847737304,44.71387608089665,45.15380859375,4634000,0.0,0.0
2023-04-25 00:00:00-04:00,45.09764530617191,45.47205640666492,44.863639261026,44.90108108520508,3851000,0.0,0.0
2023-04-26 00:00:00-04:00,44.52667128566354,44.97596247699292,44.45179120576647,44.760677337646484,2897000,0.0,0.0
2023-04-27 00:00:00-04:00,44.90107808198931,45.275485586791135,44.760673036033225,45.247406005859375,2482600,0.0,0.0
2023-04-28 00:00:00-04:00,45.3129371849861,45.83711208958069,45.25677444035651,45.518863677978516,4972800,0.0,0.0
2023-05-01 00:00:00-04:00,45.75286978843584,46.22088194871258,45.33165813005689,46.12727737426758,4484000,0.0,0.0
2023-05-02 00:00:00-04:00,46.52977322638824,46.791862492960306,45.64054931010223,46.27704620361328,4200900,0.0,0.0
2023-05-03 00:00:00-04:00,46.28639917057262,46.41744199226982,45.78094522632707,45.809024810791016,4659300,0.0,0.0
2023-05-04 00:00:00-04:00,45.92134344103142,45.92134344103142,45.16316263774155,45.19124221801758,3402400,0.0,0.0
2023-05-05 00:00:00-04:00,45.331652391302065,46.11791286385642,45.24741007029092,46.08047103881836,3770300,0.0,0.0
2023-05-08 00:00:00-04:00,46.033668113466334,46.37999605016884,45.85582480989451,46.00558853149414,3303000,0.0,0.0
2023-05-09 00:00:00-04:00,45.85583119906967,46.286401512329654,45.79030621425689,46.01495361328125,3842000,0.0,0.0
2023-05-10 00:00:00-04:00,46.16471793270422,46.19279751893972,45.38781962477772,45.97751235961914,5119800,0.0,0.0
2023-05-11 00:00:00-04:00,46.1272755274688,46.14599644160827,45.6311838000453,46.01495361328125,3743800,0.0,0.0
2023-05-12 00:00:00-04:00,46.080817785540845,46.532497811915526,46.071405765822384,46.27842712402344,4074700,0.26,0.0
2023-05-15 00:00:00-04:00,46.51368390797848,46.51368390797848,45.817341525800224,46.174922943115234,4924600,0.0,0.0
2023-05-16 00:00:00-04:00,46.174918122123145,46.5795488335041,45.817336742142196,46.04317855834961,4495000,0.0,0.0
2023-05-17 00:00:00-04:00,46.184330869201325,46.42898955011296,45.798517012599916,46.34429931640625,4432500,0.0,0.0
2023-05-18 00:00:00-04:00,46.325480110499406,46.4572196798869,45.89262049975934,46.41958236694336,4532000,0.0,0.0
2023-05-19 00:00:00-04:00,46.53249955676489,46.7583377836037,46.34429864130995,46.71128845214844,4509000,0.0,0.0
2023-05-22 00:00:00-04:00,46.77716021831735,47.38881232208264,46.570142433206094,47.03123092651367,4787400,0.0,0.0
2023-05-23 00:00:00-04:00,46.8148038422005,47.012413207961885,46.193743271497375,46.20315170288086,4984300,0.0,0.0
2023-05-24 00:00:00-04:00,46.47603718531065,47.134738580130644,46.297248293850664,46.636009216308594,5842400,0.0,0.0
2023-05-25 00:00:00-04:00,46.381943455078776,46.683063509355414,45.99613316118469,46.01495361328125,12037900,0.0,0.0
2023-05-26 00:00:00-04:00,45.638554541823915,45.902033708021534,44.481123589354404,44.51876449584961,8018100,0.0,0.0
2023-05-30 00:00:00-04:00,44.5093469505677,44.5093469505677,43.17312724252938,43.24840545654297,6550600,0.0,0.0
2023-05-31 00:00:00-04:00,43.26722713187378,43.436607605240106,42.57088837659809,42.65557861328125,13800300,0.0,0.0
2023-06-01 00:00:00-04:00,42.514425473534395,42.730855272810714,41.80867472342875,42.02510452270508,8704100,0.0,0.0
2023-06-02 00:00:00-04:00,41.96864846364492,43.21076965332031,41.902778672498066,43.21076965332031,6219000,0.0,0.0
2023-06-05 00:00:00-04:00,43.2766364900262,43.7094960777176,43.2766364900262,43.42719650268555,4295400,0.0,0.0
2023-06-06 00:00:00-04:00,43.39897041936681,43.42720289376862,42.82495916486653,43.35192108154297,4276700,0.0,0.0
2023-06-07 00:00:00-04:00,43.14489432540176,43.22958455881292,42.52383381026457,42.77790451049805,7948700,0.0,0.0
2023-06-08 00:00:00-04:00,42.69321374194247,43.17312625513482,42.61793552965055,43.060203552246094,4189000,0.0,0.0
2023-06-09 00:00:00-04:00,43.03197525697182,43.860057141255865,42.99433435549665,43.446014404296875,3790800,0.0,0.0
2023-06-12 00:00:00-04:00,43.52129222825773,43.65303178174243,43.13548199749527,43.64362335205078,4099800,0.0,0.0
2023-06-13 00:00:00-04:00,43.775369707448476,44.19882090204151,43.54952787378747,44.09531021118164,5138700,0.0,0.0
2023-06-14 00:00:00-04:00,44.198813891404086,44.7069516546828,43.95415164460915,44.424652099609375,6548300,0.0,0.0
2023-06-15 00:00:00-04:00,41.780444958777224,43.34250644240028,40.99000399178521,43.229583740234375,18125600,0.0,0.0
2023-06-16 00:00:00-04:00,43.22958460526555,43.605986440749376,42.8155454579405,43.446014404296875,10578400,0.0,0.0
2023-06-20 00:00:00-04:00,43.493069392057755,43.86946765578811,43.088438656062905,43.12607955932617,5682800,0.0,0.0
2023-06-21 00:00:00-04:00,43.060206348283494,43.48365753752752,42.8155476554059,42.984928131103516,5442800,0.0,0.0
2023-06-22 00:00:00-04:00,42.890832545381166,43.361333102888366,42.63676181357115,43.35192108154297,4059900,0.0,0.0
2023-06-23 00:00:00-04:00,43.540116779850976,44.20822662955252,43.37073631237257,43.41778564453125,5160900,0.0,0.0
2023-06-26 00:00:00-04:00,43.66245099639894,43.90710969466984,43.3425104896544,43.897701263427734,3552000,0.0,0.0
2023-06-27 00:00:00-04:00,43.83182740840757,44.26468699806067,43.765954037288836,44.010616302490234,3943500,0.0,0.0
2023-06-28 00:00:00-04:00,43.85064977189387,44.387020111083984,43.587170612890816,44.387020111083984,4209000,0.0,0.0
2023-06-29 00:00:00-04:00,44.415251600981506,44.44348048463947,43.55894076355883,43.5871696472168,4758700,0.0,0.0
2023-06-30 00:00:00-04:00,43.62481066410212,44.358790358171824,43.605990211736966,44.22705078125,5264500,0.0,0.0
2023-07-03 00:00:00-04:00,44.179994318820135,44.641082763671875,43.95415251650135,44.641082763671875,2132500,0.0,0.0
2023-07-05 00:00:00-04:00,44.44347930698996,44.79164869153809,44.01061968407778,44.26469039916992,4535800,0.0,0.0
2023-07-06 00:00:00-04:00,44.28351675393233,44.8010666841974,44.151773573644924,44.49994659423828,4136600,0.0,0.0
2023-07-07 00:00:00-04:00,44.41525258500168,44.71637264947212,44.22705164729908,44.387020111083984,3366500,0.0,0.0
2023-07-10 00:00:00-04:00,44.46229747949254,44.83869931728892,44.10471609254938,44.11412811279297,4509100,0.0,0.0
2023-07-11 00:00:00-04:00,44.217641357180995,44.829289891962574,44.18000045329574,44.76342010498047,3714600,0.0,0.0
2023-07-12 00:00:00-04:00,44.61285783736581,44.93279832504573,44.25527644769201,44.556396484375,5140800,0.0,0.0
2023-07-13 00:00:00-04:00,44.50935038745879,44.83870291939758,44.142360540423944,44.22705078125,4108200,0.0,0.0
2023-07-14 00:00:00-04:00,44.24587084588044,44.396430873848026,43.577760946126425,43.70008850097656,4775400,0.0,0.0
2023-07-17 00:00:00-04:00,43.474248954551484,44.05766859678526,43.21076622125711,43.794189453125,5054500,0.0,0.0
2023-07-18 00:00:00-04:00,43.81301420313261,43.944753787887336,43.361334088415916,43.48366165161133,3870600,0.0,0.0
2023-07-19 00:00:00-04:00,43.65304206655281,44.22705333308974,43.55894338893193,44.20823287963867,4846700,0.0,0.0
2023-07-20 00:00:00-04:00,44.36820220035536,45.04572053459902,44.17058924613482,45.036312103271484,3818800,0.0,0.0
2023-07-21 00:00:00-04:00,45.026898653341426,45.40330050791353,44.857518177747394,45.15864181518555,2822600,0.0,0.0
2023-07-24 00:00:00-04:00,45.29978856072177,46.080821130902365,45.17745742293712,45.8643913269043,4317600,0.0,0.0
2023-07-25 00:00:00-04:00,45.996133351670785,46.014953803845295,45.375072788448904,45.81734085083008,4023800,0.0,0.0
2023-07-26 00:00:00-04:00,45.845570772822036,46.137278791209205,45.6761903023109,45.836158752441406,3721500,0.0,0.0
2023-07-27 00:00:00-04:00,45.87380193916692,46.23138334912364,45.13982225682319,45.262149810791016,3129600,0.0,0.0
2023-07-28 00:00:00-04:00,45.544448594474105,45.94907930061603,45.49739567404945,45.65736770629883,2766400,0.0,0.0
2023-07-31 00:00:00-04:00,45.74205386732549,45.93025476337597,45.48798319610237,45.77028274536133,3327600,0.0,0.0
2023-08-01 00:00:00-04:00,45.79851696812748,46.06199968920025,45.32801646791018,45.67618942260742,3439400,0.0,0.0
2023-08-02 00:00:00-04:00,45.290382096619254,46.37253116360023,45.280970075808796,46.127872467041016,3817800,0.0,0.0
2023-08-03 00:00:00-04:00,46.090228458794854,46.52308805643325,45.892619110694795,46.485450744628906,3720100,0.0,0.0
2023-08-04 00:00:00-04:00,46.579553084605415,46.83362380491392,46.43840148788929,46.57014465332031,4706000,0.0,0.0
2023-08-07 00:00:00-04:00,46.51368288302537,47.22884211226222,46.51368288302537,46.76775360107422,3792100,0.0,0.0
2023-08-08 00:00:00-04:00,46.814802981068496,46.95595457666409,45.75147077258183,45.98672103881836,4136800,0.0,0.0
2023-08-09 00:00:00-04:00,45.95849523849321,46.56073538611609,45.90203387854065,46.35371398925781,3497700,0.0,0.0
2023-08-10 00:00:00-04:00,46.50427071599096,46.880672576280205,46.01495332310279,46.18433380126953,4374600,0.0,0.0
2023-08-11 00:00:00-04:00,46.3254831210682,46.50427203547966,45.967901702611,46.090232849121094,3593700,0.0,0.0
2023-08-14 00:00:00-04:00,46.21329042552853,46.28902061553704,45.63586036526339,45.9671745300293,4675600,0.29,0.0
2023-08-15 00:00:00-04:00,45.8630427980345,45.8630427980345,45.20041814491156,45.389739990234375,4939700,0.0,0.0
2023-08-16 00:00:00-04:00,45.66425166942755,45.73051376665014,44.395800133859744,44.50939178466797,5581800,0.0,0.0
2023-08-17 00:00:00-04:00,44.58511775182146,44.64191538197257,44.05502098113147,44.24434280395508,5137500,0.0,0.0
2023-08-18 00:00:00-04:00,44.21595162726406,45.086830753854535,44.14022504856857,45.030033111572266,4721900,0.0,0.0
2023-08-21 00:00:00-04:00,44.93536457326126,45.26667505630918,44.41472865559533,44.85963439941406,3815800,0.0,0.0
2023-08-22 00:00:00-04:00,44.85018188097299,44.85018188097299,44.206489675850285,44.499935150146484,3717600,0.0,0.0
2023-08-23 00:00:00-04:00,44.46206705671557,44.59459126554408,44.02662572783262,44.42420196533203,3539700,0.0,0.0
2023-08-24 00:00:00-04:00,44.348476902531516,44.717656169621414,43.922507213837676,44.0077018737793,4112700,0.0,0.0
2023-08-25 00:00:00-04:00,44.27274970378341,44.27274970378341,43.647990076607456,44.055030822753906,3560500,0.0,0.0
2023-08-28 00:00:00-04:00,43.865704148318244,44.33900695371183,43.81837458998165,44.140220642089844,2605200,0.0,0.0
2023-08-29 00:00:00-04:00,44.03609889008841,44.18755566209416,43.69532025032191,44.0077018737793,4248200,0.0,0.0
2023-08-30 00:00:00-04:00,44.22542034622326,44.424206680565426,43.99823338482203,44.03609848022461,3273300,0.0,0.0
2023-08-31 00:00:00-04:00,43.79944467739653,44.25381496456665,43.71425002286376,43.91303634643555,4573500,0.0,0.0
2023-09-01 00:00:00-04:00,43.96983487496046,44.14968865549105,43.430269922354576,43.52492904663086,3676400,0.0,0.0
2023-09-05 00:00:00-04:00,43.354547084079236,43.39241218461472,42.57833057817545,42.61619567871094,6266500,0.0,0.0
2023-09-06 00:00:00-04:00,42.86229847340426,43.41133142985287,42.654047706314806,42.74870681762695,4918000,0.0,0.0
2023-09-07 00:00:00-04:00,43.070552421465656,43.25040617556842,42.82443656790326,43.09894943237305,6754400,0.0,0.0
2023-09-08 00:00:00-04:00,42.25647766663826,45.66426033682745,41.85890500784065,44.43367004394531,16741900,0.0,0.0
2023-09-11 00:00:00-04:00,44.34847365073511,44.4242038366923,42.89070368119932,43.004295349121094,6648200,0.0,0.0
2023-09-12 00:00:00-04:00,43.203082629569714,43.46813106427423,42.852839539279586,43.24094772338867,4061100,0.0,0.0
2023-09-13 00:00:00-04:00,43.3545421585117,43.3545421585117,42.50259915934206,42.701385498046875,4851200,0.0,0.0
2023-09-14 00:00:00-04:00,42.87177464668594,43.487066208428594,42.75817935844464,43.34507751464844,4587500,0.0,0.0
2023-09-15 00:00:00-04:00,43.44919862027773,44.09289071917175,43.36400397157075,43.846771240234375,22036000,0.0,0.0
2023-09-18 00:00:00-04:00,43.86570895763696,44.34847628322165,43.629057528994345,44.055030822753906,4689800,0.0,0.0
2023-09-19 00:00:00-04:00,44.07396469261074,44.111826177958605,43.50599908022062,43.629058837890625,3770200,0.0,0.0
2023-09-20 00:00:00-04:00,43.50599426131588,44.0171621725436,43.30720794395418,43.71424865722656,3394000,0.0,0.0
2023-09-21 00:00:00-04:00,43.6479841943423,43.67638120642791,43.08948675357163,43.26934051513672,4798700,0.0,0.0
2023-09-22 00:00:00-04:00,43.25988429289656,43.42080554006954,42.97590328487607,43.22201919555664,3724100,0.0,0.0
2023-09-25 00:00:00-04:00,43.051621663448316,43.30720560526002,42.92856192605444,43.26934051513672,2756200,0.0,0.0
2023-09-26 00:00:00-04:00,43.17468795255953,43.29774770862761,42.720317635170815,42.73925018310547,3015800,0.0,0.0
2023-09-27 00:00:00-04:00,42.59725398397021,42.843369862587004,41.8683672047006,42.105018615722656,4516200,0.0,0.0
2023-09-28 00:00:00-04:00,42.21861097871564,42.890703741481275,42.15234887141697,42.68244934082031,3811100,0.0,0.0
2023-09-29 00:00:00-04:00,42.68244940172113,42.862303177357845,42.15234893156143,42.36060333251953,3414500,0.0,0.0
2023-10-02 00:00:00-04:00,42.22807578959357,42.27540534671365,41.36666485035856,41.67904281616211,3802600,0.0,0.0
2023-10-03 00:00:00-04:00,41.470796986177604,42.02929449320355,41.347737234185,41.90623474121094,3658600,0.0,0.0
2023-10-04 00:00:00-04:00,42.12395725026359,42.64458970755833,41.9157028229399,42.540462493896484,4266300,0.0,0.0
2023-10-05 00:00:00-04:00,42.445801155667965,42.559392832392774,41.773711952775905,41.79264450073242,3126300,0.0,0.0
2023-10-06 00:00:00-04:00,41.726378899115076,41.83050248764737,40.344331901974265,41.1300163269043,6351700,0.0,0.0
2023-10-09 00:00:00-04:00,41.13002180050037,42.25648137701788,41.13002180050037,42.237548828125,4720000,0.0,0.0
2023-10-10 00:00:00-04:00,42.54992416452978,42.88123469353498,42.4363324990157,42.445796966552734,5383000,0.0,0.0
2023-10-11 00:00:00-04:00,42.45526500042324,42.66351941387115,41.328805496166595,41.83050537109375,5080500,0.0,0.0
2023-10-12 00:00:00-04:00,41.83050074386301,42.161814875063754,41.25307435311068,41.89676284790039,3846900,0.0,0.0
2023-10-13 00:00:00-04:00,41.96303361598422,42.152351872594394,41.68851708847948,41.80210876464844,4039500,0.0,0.0
2023-10-16 00:00:00-04:00,42.09556022786332,42.26594955728913,41.84944070268625,41.9251708984375,3740000,0.0,0.0
2023-10-17 00:00:00-04:00,41.84943086781265,42.28486855800832,41.81156577883556,42.11448287963867,2919200,0.0,0.0
2023-10-18 00:00:00-04:00,42.19968037587195,42.50259388613008,41.84943369568721,41.86836624145508,4177800,0.0,0.0
2023-10-19 00:00:00-04:00,41.83050948628414,42.42687215827199,41.81157693674322,42.123958587646484,4327800,0.0,0.0
2023-10-20 00:00:00-04:00,42.23754308981495,42.30380519643054,41.77370834350586,41.77370834350586,3488400,0.0,0.0
2023-10-23 00:00:00-04:00,41.64118182114105,41.688511378811334,40.87442998723294,41.006954193115234,3660300,0.0,0.0
2023-10-24 00:00:00-04:00,41.253074239650296,41.508654576797916,41.1110819536671,41.281471252441406,3401800,0.0,0.0
2023-10-25 00:00:00-04:00,41.319343776485475,42.04822705001155,41.272010598633706,41.9251708984375,2958500,0.0,0.0
2023-10-26 00:00:00-04:00,41.97249495387057,42.53099243564906,41.80210564681856,42.37953567504883,3601700,0.0,0.0
2023-10-27 00:00:00-04:00,42.265944066997506,42.70138180296092,41.906232905934075,42.05768966674805,3369000,0.0,0.0
2023-10-30 00:00:00-04:00,42.02929434721032,42.73924861921715,42.02929434721032,42.5499267578125,3212700,0.0,0.0
2023-10-31 00:00:00-04:00,42.60671970189874,43.288276941167666,42.40793337744999,42.9474983215332,3911400,0.0,0.0
2023-11-01 00:00:00-04:00,43.12736316321171,43.2598874024128,42.6351276954543,42.96643829345703,3638500,0.0,0.0
2023-11-02 00:00:00-04:00,42.77711260521087,43.20308591553787,42.54046116736413,42.97590255737305,3077600,0.0,0.0
2023-11-03 00:00:00-04:00,43.16521719274098,43.515463891261994,42.92856577477417,42.9474983215332,3153500,0.0,0.0
2023-11-06 00:00:00-05:00,42.95696119573003,43.11788240716341,42.7297742731618,42.74870681762695,3822900,0.0,0.0
2023-11-07 00:00:00-05:00,42.69191741848132,42.9664339496533,42.50259915934206,42.701385498046875,2291400,0.0,0.0
2023-11-08 00:00:00-05:00,42.39847084083617,42.40793530913976,41.2246781654081,41.527591705322266,5201200,0.0,0.0
2023-11-09 00:00:00-05:00,41.54652404785156,41.679048269533034,41.03535609763942,41.54652404785156,3540700,0.0,0.0
2023-11-10 00:00:00-05:00,41.62225423796338,41.71691336458894,41.177348398591974,41.54652404785156,2896400,0.0,0.0
2023-11-13 00:00:00-05:00,41.6127866927119,41.887303218868816,41.35720271432591,41.821041107177734,4053300,0.0,0.0
2023-11-14 00:00:00-05:00,41.868683808289035,42.67861731259337,41.868683808289035,42.154544830322266,4148800,0.29,0.0
2023-11-15 00:00:00-05:00,42.306996439991984,42.72625364030826,42.25935051972161,42.411808013916016,4484200,0.0,0.0
2023-11-16 00:00:00-05:00,41.68764295613823,41.96397334753153,40.563267381045605,40.649024963378906,8093800,0.0,0.0
2023-11-17 00:00:00-05:00,40.649026365223854,40.75384159556527,40.11542320842851,40.439395904541016,10563500,0.0,0.0
2023-11-20 00:00:00-05:00,40.496570816320364,41.07781629667568,40.31552863181392,40.89677047729492,4563400,0.0,0.0
2023-11-21 00:00:00-05:00,41.00157869985012,41.211209134909815,40.53467917523821,40.982521057128906,3916100,0.0,0.0
2023-11-22 00:00:00-05:00,41.16356495308823,41.792452594481134,41.07780738222222,41.754337310791016,5558500,0.0,0.0
2023-11-24 00:00:00-05:00,41.916331789797965,42.16407390151312,41.64000139355387,42.097373962402344,2414400,0.0,0.0
2023-11-27 00:00:00-05:00,42.03066576476264,42.26888082474441,41.87820827176924,42.0116081237793,4145200,0.0,0.0
2023-11-28 00:00:00-05:00,41.821039986580814,42.01161278267455,41.61140954739034,41.84962463378906,5242600,0.0,0.0
2023-11-29 00:00:00-05:00,41.801978314513065,41.868678241486116,41.401778752674765,41.582820892333984,8349900,0.0,0.0
2023-11-30 00:00:00-05:00,41.49706773809431,42.83107368919874,40.9444106222645,42.183128356933594,16309400,0.0,0.0
2023-12-01 00:00:00-05:00,42.411812461185384,42.650027548022784,41.649524910280476,42.4975700378418,6252600,0.0,0.0
2023-12-04 00:00:00-05:00,42.449923991034886,43.4027842540654,42.364166421967205,42.564266204833984,5079100,0.0,0.0
2023-12-05 00:00:00-05:00,42.69766899604474,42.735780643438304,42.278408160855086,42.411808013916016,4036800,0.0,0.0
2023-12-06 00:00:00-05:00,42.354641596444765,42.5452143858243,42.12595352221459,42.440399169921875,4029300,0.0,0.0
2023-12-07 00:00:00-05:00,42.55474100823254,42.84059837230323,42.27841064785231,42.688140869140625,3399900,0.0,0.0
2023-12-08 00:00:00-05:00,42.75484236059546,43.059757378053284,42.44992734313764,42.478515625,2819800,0.0,0.0
2023-12-11 00:00:00-05:00,42.564266704364215,43.03116983807302,42.16406713393395,42.96446990966797,4328400,0.0,0.0
2023-12-12 00:00:00-05:00,43.04069989920978,43.04069989920978,42.03067026310732,42.16407012939453,4237700,0.0,0.0
2023-12-13 00:00:00-05:00,42.1640662905994,42.62143877688889,41.935378230017946,42.61191177368164,5002600,0.0,0.0
2023-12-14 00:00:00-05:00,42.497566407449426,42.57379697346473,41.45894857216828,41.535179138183594,8067300,0.0,0.0
2023-12-15 00:00:00-05:00,41.58282841724504,42.36417367592891,41.48754382857591,42.03067398071289,18723600,0.0,0.0
2023-12-18 00:00:00-05:00,42.27841023157937,43.40278566941063,41.99255287032322,43.38372802734375,7225800,0.0,0.0
2023-12-19 00:00:00-05:00,43.2408035125953,43.30750344601515,42.650027481057045,42.94541549682617,5410800,0.0,0.0
2023-12-20 00:00:00-05:00,42.76437329152767,43.155045887492854,42.421342985826776,42.87871551513672,4541100,0.0,0.0
2023-12-21 00:00:00-05:00,42.98353514259269,43.23127725829714,42.478520271229314,42.89777755737305,3408800,0.0,0.0
2023-12-22 00:00:00-05:00,42.87871180866006,43.278911374134964,42.72625431206865,43.01211166381836,2444000,0.0,0.0
2023-12-26 00:00:00-05:00,42.92634882970394,43.25985206156752,42.7929489909077,43.08833694458008,2851200,0.0,0.0
2023-12-27 00:00:00-05:00,43.16456921462779,43.19315749425008,42.907296507267866,43.07881164550781,2929500,0.0,0.0
2023-12-28 00:00:00-05:00,43.04070281982422,43.24080626770721,42.8787182954476,43.04070281982422,2051000,0.0,0.0
2023-12-29 00:00:00-05:00,43.13598721267963,43.564775084549936,43.00258734918079,43.55524444580078,3424900,0.0,0.0
2024-01-02 00:00:00-05:00,43.52665660520205,44.33658636550948,43.4408990371211,44.088844299316406,4977100,0.0,0.0
2024-01-03 00:00:00-05:00,44.48904520246129,44.77490619460308,44.25083013225881,44.32706069946289,4493700,0.0,0.0
2024-01-04 00:00:00-05:00,44.38423141277744,44.479515982160095,43.65052859693636,43.73628616333008,4587200,0.0,0.0
2024-01-05 00:00:00-05:00,43.774403833508316,44.0221495637903,43.47901944685326,43.87921905517578,3599400,0.0,0.0
2024-01-08 00:00:00-05:00,43.67910949285516,43.83156697170967,43.421836815749494,43.802982330322266,3625600,0.0,0.0
2024-01-09 00:00:00-05:00,43.841107301926094,44.09838005724472,43.317034786221086,44.06026840209961,3357500,0.0,0.0
2024-01-10 00:00:00-05:00,43.89827732872652,44.288949938356566,43.72676216987686,43.9649772644043,2970900,0.0,0.0
2024-01-11 00:00:00-05:00,44.09837463936206,44.146020563469435,43.38372939623564,43.68864440917969,3319900,0.0,0.0
2024-01-12 00:00:00-05:00,43.76487624641178,43.86969146668348,43.59336109230789,43.86016082763672,2983300,0.0,0.0
2024-01-16 00:00:00-05:00,44.03167148483466,44.27941718651553,43.73628713228038,44.22224426269531,4570600,0.0,0.0
2024-01-17 00:00:00-05:00,44.279416710203314,44.7558468322933,44.09837093749016,44.336585998535156,4410500,0.0,0.0
2024-01-18 00:00:00-05:00,43.9554411089998,44.11742559481587,43.43136873711946,43.9744987487793,4214900,0.0,0.0
2024-01-19 00:00:00-05:00,44.098371435787854,44.126959715150186,43.35514160008868,43.77439880371094,4887900,0.0,0.0
2024-01-22 00:00:00-05:00,43.76487350463867,44.012615581227266,43.6410006489076,43.76487350463867,4195200,0.0,0.0
2024-01-23 00:00:00-05:00,43.77440187814047,44.17460510346007,43.73629022776967,44.06978988647461,3086300,0.0,0.0
2024-01-24 00:00:00-05:00,44.05073367295256,44.16507589752181,43.72676100761154,43.92686080932617,3975600,0.0,0.0
2024-01-25 00:00:00-05:00,44.126960275952136,44.25082949356062,43.822045281283856,44.241302490234375,3522400,0.0,0.0
2024-01-26 00:00:00-05:00,44.30800442966279,44.450934930159534,44.03167406730167,44.117431640625,3368300,0.0,0.0
2024-01-29 00:00:00-05:00,44.21271678390058,44.43187420387717,44.050728652255835,44.336585998535156,3667200,0.0,0.0
2024-01-30 00:00:00-05:00,44.32706250445557,44.49857765277531,43.974505203964384,44.45093536376953,2718100,0.0,0.0
2024-01-31 00:00:00-05:00,44.55574968106766,44.612922612308836,43.85063503679581,43.9649772644043,5680200,0.0,0.0
2024-02-01 00:00:00-05:00,43.879218543886395,44.546221518192375,43.278915503523635,44.50810623168945,4087500,0.0,0.0
2024-02-02 00:00:00-05:00,44.54622267663107,44.60339560787225,43.74581981362392,43.9649772644043,5814700,0.0,0.0
2024-02-05 00:00:00-05:00,43.86969047679331,44.317532360293775,43.764875258886704,43.82204818725586,4331800,0.0,0.0
2024-02-06 00:00:00-05:00,43.536185701990576,43.5933586284184,42.78342882916224,42.86918640136719,6758900,0.0,0.0
2024-02-07 00:00:00-05:00,42.926358511162974,43.05975838004575,42.38322839649808,42.51662826538086,4861600,0.0,0.0
2024-02-08 00:00:00-05:00,42.411809466854336,43.355142743474275,42.3927554599415,43.297969818115234,6478300,0.0,0.0
2024-02-09 00:00:00-05:00,43.164563465492805,43.40277849966757,42.98352134807425,43.269378662109375,3195500,0.0,0.0
2024-02-12 00:00:00-05:00,43.240800439834615,43.79345751102258,43.221742798086964,43.679115295410156,3343100,0.0,0.0
2024-02-13 00:00:00-05:00,43.726751810998124,44.00308212755696,43.20267945416541,43.421836853027344,5365600,0.0,0.0
2024-02-14 00:00:00-05:00,43.41225500027194,43.891736495316046,43.31635650637102,43.81501770019531,4942300,0.29,0.0
2024-02-15 00:00:00-05:00,44.01639889140485,44.95618210121908,43.997219194287844,44.946590423583984,5182700,0.0,0.0
2024-02-16 00:00:00-05:00,45.07125804937967,45.780892232510546,44.908236105965706,45.684993743896484,5545400,0.0,0.0
2024-02-20 00:00:00-05:00,46.279548780656114,46.960415232155356,45.991860637088394,46.03022003173828,6179300,0.0,0.0
2024-02-21 00:00:00-05:00,46.07817153294379,46.17407002807437,45.70417654731841,45.8480224609375,3851000,0.0,0.0
2024-02-22 00:00:00-05:00,45.74253486117044,45.97268392772169,45.03290064663828,45.87678909301758,4769400,0.0,0.0
2024-02-23 00:00:00-05:00,45.99186098394785,46.45216274875833,45.80006766740517,46.23160171508789,3416700,0.0,0.0
2024-02-26 00:00:00-05:00,46.21243076898003,46.21243076898003,45.21511191876922,45.320594787597656,6323700,0.0,0.0
2024-02-27 00:00:00-05:00,45.69458188007032,46.65354474296243,45.40689009468028,46.385032653808594,5086600,0.0,0.0
2024-02-28 00:00:00-05:00,46.63436589014197,46.89328630678396,46.41380486666614,46.53846740722656,4138500,0.0,0.0
2024-02-29 00:00:00-05:00,46.46175699254768,47.74676752875263,46.23160426835499,47.574153900146484,10687600,0.0,0.0
2024-03-01 00:00:00-05:00,47.55497830997775,47.66046483192284,47.02754935840608,47.14262390136719,5464700,0.0,0.0
2024-03-04 00:00:00-05:00,47.104257227250535,47.97691333110551,46.989182702059004,47.343997955322266,5310500,0.0,0.0
2024-03-05 00:00:00-05:00,47.593335509169734,48.149532156219294,47.42072187363452,47.44948959350586,5373700,0.0,0.0
2024-03-06 00:00:00-05:00,47.67004763646836,48.57147515579071,47.401539179557034,48.41804122924805,7733400,0.0,0.0
2024-03-07 00:00:00-05:00,50.1058089458227,53.26079760237763,49.607147824512715,53.2032585144043,17767300,0.0,0.0
2024-03-08 00:00:00-05:00,53.20327085230711,53.74029149013505,52.560767349295894,53.67316436767578,9642400,0.0,0.0
2024-03-11 00:00:00-04:00,53.57726033255744,53.77864533729202,52.65665675548353,52.733375549316406,6773400,0.0,0.0
2024-03-12 00:00:00-04:00,52.74296520804445,53.462187460881424,52.71419748854011,53.040245056152344,5802300,0.0,0.0
2024-03-13 00:00:00-04:00,53.078598381674745,53.817000299977465,52.96352385073832,53.77864456176758,4753300,0.0,0.0
2024-03-14 00:00:00-04:00,53.673154675309824,53.893715703297346,52.90598142890593,53.23202896118164,5442900,0.0,0.0
2024-03-15 00:00:00-04:00,53.01147819903077,54.1334669113735,52.99229849834115,53.75947189331055,7875600,0.0,0.0
2024-03-18 00:00:00-04:00,53.46218996079463,53.980030885008546,53.30875601934092,53.884132385253906,4022000,0.0,0.0
2024-03-19 00:00:00-04:00,54.08551249592922,54.52663458029559,53.9992056830616,54.162227630615234,5342100,0.0,0.0
2024-03-20 00:00:00-04:00,54.16223213954203,54.5074594197522,53.99921017841705,54.49787139892578,3157200,0.0,0.0
2024-03-21 00:00:00-04:00,54.59376977348219,54.79515114725499,54.15264762384064,54.680076599121094,7042300,0.0,0.0
2024-03-22 00:00:00-04:00,54.90063352644719,54.910221547169876,54.15264353285323,54.2293586730957,3618800,0.0,0.0
2024-03-25 00:00:00-04:00,54.28689783824533,54.44991979780587,53.57726358482843,53.663570404052734,4511900,0.0,0.0
2024-03-26 00:00:00-04:00,53.769052253974436,54.40196765394354,53.673157422342555,54.07592010498047,4238700,0.0,0.0
2024-03-27 00:00:00-04:00,54.11428482575146,54.59376634739863,53.94167118530619,54.564998626708984,3992500,0.0,0.0
2024-03-28 00:00:00-04:00,54.593767264399034,55.006121672594126,54.574587564232544,54.785560607910156,6458400,0.0,0.0
2024-04-01 00:00:00-04:00,54.852687516078,55.04448085884318,54.63212645225186,54.65130615234375,3055300,0.0,0.0
2024-04-02 00:00:00-04:00,54.91981001749725,55.45683060043512,54.756784409506665,55.44723892211914,4406200,0.0,0.0
2024-04-03 00:00:00-04:00,55.456832619457245,55.94590214492773,54.938991716144805,55.38970184326172,3817600,0.0,0.0
2024-04-04 00:00:00-04:00,55.48559484827596,55.75410329387212,54.92939460165168,55.082828521728516,4730400,0.0,0.0
2024-04-05 00:00:00-04:00,55.13078165358928,55.15954937150552,54.536221990195806,54.958168029785156,3620500,0.0,0.0
2024-04-08 00:00:00-04:00,53.59643950083307,54.708836393331765,53.00188348712344,53.0977783203125,7124200,0.0,0.0
2024-04-09 00:00:00-04:00,53.193680142692074,53.443008919488854,52.84845286854758,53.145729064941406,4401800,0.0,0.0
2024-04-10 00:00:00-04:00,52.93475584625694,54.38278829868188,52.74296252363124,54.27730178833008,5079600,0.0,0.0
2024-04-11 00:00:00-04:00,54.421148103596174,54.421148103596174,53.490952859674515,53.84577178955078,3272600,0.0,0.0
2024-04-12 00:00:00-04:00,53.61562007057395,53.807413398222884,52.91557753408578,52.934757232666016,3862900,0.0,0.0
2024-04-15 00:00:00-04:00,53.3471124337006,53.68274801867389,53.011473190573795,53.088191986083984,4228100,0.0,0.0
2024-04-16 00:00:00-04:00,54.1238676722252,54.4019678061504,52.98270307673835,53.011470794677734,6182800,0.0,0.0
2024-04-17 00:00:00-04:00,53.22244704346111,53.769055666390315,52.829272355772495,52.99229431152344,4955800,0.0,0.0
2024-04-18 00:00:00-04:00,53.126555518215405,53.414243707459846,52.91558247229771,53.28957748413086,3707000,0.0,0.0
2024-04-19 00:00:00-04:00,53.45259778992714,54.36360968886766,53.24162476500023,54.24853515625,4522800,0.0,0.0
2024-04-22 00:00:00-04:00,54.469095235377324,54.795142787139774,54.03756117302211,54.5937614440918,4260400,0.0,0.0
2024-04-23 00:00:00-04:00,54.73760777867797,54.881450028484856,53.241624236873925,53.347110748291016,5149100,0.0,0.0
2024-04-24 00:00:00-04:00,53.26080379731772,53.92248692428525,53.078598493285746,53.84577178955078,3619500,0.0,0.0
2024-04-25 00:00:00-04:00,53.845772382468326,54.13346054265887,53.308751800800124,53.61561965942383,3219000,0.0,0.0
2024-04-26 00:00:00-04:00,53.385470087200936,53.69234162208969,53.107373588890376,53.212860107421875,3472000,0.0,0.0
2024-04-29 00:00:00-04:00,53.20327066154215,53.39506400708971,52.66625002563974,53.28957748413086,3703000,0.0,0.0
2024-04-30 00:00:00-04:00,53.07859709358735,53.45259571182312,52.88680743273203,53.10736846923828,4811600,0.0,0.0
2024-05-01 00:00:00-04:00,52.819683562663506,53.09778005123876,52.27307128957608,52.522403717041016,4084200,0.0,0.0
2024-05-02 00:00:00-04:00,52.67583548249699,52.95393561778231,52.493633837734215,52.82926940917969,3539200,0.0,0.0
2024-05-03 00:00:00-04:00,52.50322233292907,52.627888542660074,52.00456115215846,52.53199005126953,4938000,0.0,0.0
2024-05-06 00:00:00-04:00,52.800500393127955,52.99229005315161,52.44568147414696,52.973114013671875,3724800,0.0,0.0
2024-05-07 00:00:00-04:00,53.13613989326919,53.27039412849419,52.76214490709853,53.040245056152344,4893300,0.0,0.0
2024-05-08 00:00:00-04:00,53.10736846923828,53.2799820905307,52.59911562514246,53.10736846923828,4672500,0.0,0.0
2024-05-09 00:00:00-04:00,53.126560051462995,53.145736095315605,52.512820561710136,52.74297332763672,3481400,0.0,0.0
2024-05-10 00:00:00-04:00,52.67583804177624,53.67316044274581,52.627890623262104,53.60603332519531,3450800,0.0,0.0
2024-05-13 00:00:00-04:00,53.64438778936758,53.932079609917714,52.886809815292146,52.934757232666016,3239600,0.0,0.0
2024-05-14 00:00:00-04:00,53.20468024273017,53.39748649214627,52.8287100789791,53.29144287109375,4419400,0.29,0.0
2024-05-15 00:00:00-04:00,52.95403492572779,53.14684117599228,52.23101424534098,52.42382049560547,4889800,0.0,0.0
2024-05-16 00:00:00-04:00,52.75159298679606,53.17576381927258,52.39490011661559,52.48166275024414,9671700,0.0,0.0
2024-05-17 00:00:00-04:00,52.54914375389918,52.568424747524745,51.90324701607359,52.25029754638672,10570800,0.0,0.0
2024-05-20 00:00:00-04:00,52.38525968667368,52.49130331057464,51.78756360715504,51.951446533203125,4140000,0.0,0.0
2024-05-21 00:00:00-04:00,52.076771595076394,52.394898792022836,51.6911590825929,51.72972106933594,5962300,0.0,0.0
2024-05-22 00:00:00-04:00,51.536913945514364,52.07677071840854,51.47907464384694,51.98036575317383,5124700,0.0,0.0
2024-05-23 00:00:00-04:00,51.80683940014837,51.80683940014837,50.794607584497356,51.39230728149414,7121600,0.0,0.0
2024-05-24 00:00:00-04:00,51.53691847770341,51.75864440103186,50.813897723490484,51.08382797241211,6276800,0.0,0.0
2024-05-28 00:00:00-04:00,50.76569571134757,50.90065899344519,50.21620024710804,50.428287506103516,5186800,0.0,0.0
2024-05-29 00:00:00-04:00,50.476489723014545,50.59217201448604,49.946275236507,50.02339553833008,5298800,0.0,0.0
2024-05-30 00:00:00-04:00,50.216200643273794,50.34152526798471,49.97519372977708,50.11015701293945,4324300,0.0,0.0
2024-05-31 00:00:00-04:00,49.975188702919496,50.54396510865913,49.91734572560802,50.486122131347656,9756700,0.0,0.0
2024-06-03 00:00:00-04:00,50.12943578083012,50.33188069658215,49.792027587910084,49.99447250366211,5449700,0.0,0.0
2024-06-04 00:00:00-04:00,49.91735002179598,50.35116319528538,49.90771136348448,50.167999267578125,5680100,0.0,0.0
2024-06-05 00:00:00-04:00,49.93662801991163,50.08123362822359,49.464256564042884,49.820945739746094,3737200,0.0,0.0
2024-06-06 00:00:00-04:00,50.04267199212231,50.3125985402197,49.89806638279962,50.081233978271484,3887200,0.0,0.0
2024-06-07 00:00:00-04:00,50.02339437698169,50.206561984822336,49.81130711631302,50.11015701293945,3145400,0.0,0.0
2024-06-10 00:00:00-04:00,50.187276455462,50.187276455462,49.60885770885232,49.78238296508789,3120700,0.0,0.0
2024-06-11 00:00:00-04:00,49.69561998155705,49.85950657904004,49.319649821559956,49.5220947265625,3337500,0.0,0.0
2024-06-12 00:00:00-04:00,49.28109188529584,49.5606607832523,48.34598757597125,48.365264892578125,4614800,0.0,0.0
2024-06-13 00:00:00-04:00,48.69303253032319,48.97260141733256,47.902530191345505,48.702674865722656,6520900,0.0,0.0
2024-06-14 00:00:00-04:00,48.46166725346916,48.67375449946053,48.21101802139329,48.567710876464844,4958800,0.0,0.0
2024-06-17 00:00:00-04:00,48.57735349046465,49.22325393882632,48.50023318948825,49.2136116027832,5695600,0.0,0.0
2024-06-18 00:00:00-04:00,50.418645568017354,50.89102073655932,49.946274076949045,50.11015701293945,11160000,0.0,0.0
2024-06-20 00:00:00-04:00,51.16095174743903,51.40195868187297,47.931460297013814,48.4713134765625,16483600,0.0,0.0
2024-06-21 00:00:00-04:00,48.74123955291671,49.194330050012354,48.124258764737235,48.40382766723633,16745400,0.0,0.0
2024-06-24 00:00:00-04:00,48.34598960607615,48.62555483829829,48.172464329538954,48.220664978027344,11728000,0.0,0.0
2024-06-25 00:00:00-04:00,47.93144982301798,48.239938337484496,47.6808006065932,48.02785110473633,4625000,0.0,0.0
2024-06-26 00:00:00-04:00,47.58439866541133,47.8061245522692,47.285548812269084,47.60367965698242,5280400,0.0,0.0
2024-06-27 00:00:00-04:00,47.526558281551246,47.61332090961436,47.27591273240965,47.59403991699219,5229400,0.0,0.0
2024-06-28 00:00:00-04:00,47.757933287656044,48.22066614378409,47.63260865657746,48.13390350341797,6628700,0.0,0.0
2024-07-01 00:00:00-04:00,48.16281886368524,48.76051863401806,47.950735288623,48.74123764038086,7877400,0.0,0.0
2024-07-02 00:00:00-04:00,48.741234187442814,49.31964924568871,48.452022980846614,48.615909576416016,7073300,0.0,0.0
2024-07-03 00:00:00-04:00,48.73159027589098,49.24252736086618,48.55806502853686,48.92439651489258,3191500,0.0,0.0
2024-07-05 00:00:00-04:00,48.94367627076714,50.02338603345221,48.92439527960649,49.97518539428711,4668500,0.0,0.0
2024-07-08 00:00:00-04:00,49.9751929453851,50.177637866951166,49.69562404752325,50.07159423828125,5259400,0.0,0.0
2024-07-09 00:00:00-04:00,50.03303449070254,50.54396794783102,49.86914788451745,49.99447250366211,5514000,0.0,0.0
2024-07-10 00:00:00-04:00,50.447569855803685,51.286272900998036,50.225840255001515,51.08382797241211,5440200,0.0,0.0
2024-07-11 00:00:00-04:00,50.68857601720297,50.90065960125734,50.51505074458433,50.85245895385742,4434600,0.0,0.0
2024-07-12 00:00:00-04:00,50.92957998715467,51.1127439076741,50.55360613323563,50.601810455322266,3586500,0.0,0.0
2024-07-15 00:00:00-04:00,50.61144486053336,50.72712713337924,50.23547471567939,50.245113372802734,3734200,0.0,0.0
2024-07-16 00:00:00-04:00,50.31260002144512,51.72972179562395,50.245118382434086,51.671878814697266,4125900,0.0,0.0
2024-07-17 00:00:00-04:00,51.633324010877026,53.00224155516536,51.60440067971299,52.82871627807617,6248700,0.0,0.0
2024-07-18 00:00:00-04:00,52.5395099203354,52.99260411845837,52.269583339738155,52.83835983276367,3255200,0.0,0.0
2024-07-19 00:00:00-04:00,53.02151990392365,53.02151990392365,52.31778017195022,52.54914474487305,2775100,0.0,0.0
2024-07-22 00:00:00-04:00,52.684109804635625,52.99259834240054,52.63590548266268,52.88655471801758,4315000,0.0,0.0
2024-07-23 00:00:00-04:00,52.867275464866985,52.876914123094764,51.69116057750511,51.90324783325195,3028400,0.0,0.0
2024-07-24 00:00:00-04:00,51.999649813667986,52.33706169568322,51.363391715479786,52.23101806640625,3841600,0.0,0.0
2024-07-25 00:00:00-04:00,52.29849180641546,52.838348529597795,51.38266494712187,51.39230728149414,3207000,0.0,0.0
2024-07-26 00:00:00-04:00,51.401948815758836,52.47201998765141,51.363386831057255,52.31777572631836,2552400,0.0,0.0
2024-07-29 00:00:00-04:00,52.20209690105957,52.53950509582315,51.826123041571336,52.25029754638672,3526200,0.0,0.0
2024-07-30 00:00:00-04:00,52.33706007393223,53.21432505603053,52.24065510599788,52.7323112487793,3502500,0.0,0.0
2024-07-31 00:00:00-04:00,52.32741395354382,52.944390993803495,52.28885564663252,52.53950119018555,2906400,0.0,0.0
2024-08-01 00:00:00-04:00,52.896192934887196,53.330006086712494,52.42382147426786,53.108280181884766,3082000,0.0,0.0
2024-08-02 00:00:00-04:00,53.33964940527084,53.79273988110865,51.89360799084602,52.3756217956543,4284800,0.0,0.0
2024-08-05 00:00:00-04:00,52.36597992231555,53.156482274979616,51.73936049954533,51.961090087890625,4596300,0.0,0.0
2024-08-06 00:00:00-04:00,52.19245420976814,52.87691293017961,52.057490932782606,52.18281555175781,4505100,0.0,0.0
2024-08-07 00:00:00-04:00,52.55878618143512,53.021518996837976,51.951447752324206,51.961090087890625,3624900,0.0,0.0
2024-08-08 00:00:00-04:00,51.94180742650169,52.616627473016536,51.94180742650169,52.3659782409668,3142100,0.0,0.0
2024-08-09 00:00:00-04:00,52.19245299921679,52.27921562919133,51.671877219369556,51.98036575317383,2847400,0.0,0.0
2024-08-12 00:00:00-04:00,51.98036832492164,52.086411953189675,51.26698993425714,51.324832916259766,2698300,0.0,0.0
2024-08-13 00:00:00-04:00,51.28626370698785,51.363383994658996,49.81129913212601,50.71748733520508,4244700,0.0,0.0
2024-08-14 00:00:00-04:00,50.70785147047873,50.8717380785834,50.36080461547041,50.804256439208984,4912100,0.0,0.0
2024-08-15 00:00:00-04:00,51.541391310205654,51.75477424462834,50.969140104204754,51.298912048339844,4137500,0.32,0.0
2024-08-16 00:00:00-04:00,51.29891513461045,51.60928831247632,51.027339528962855,51.58988952636719,2874800,0.0,0.0
2024-08-19 00:00:00-04:00,51.463799114840945,51.5607893381874,51.11462839088995,51.172821044921875,4130300,0.0,0.0
2024-08-20 00:00:00-04:00,51.172821240623044,51.21161881008594,49.95072740206073,50.474483489990234,5357100,0.0,0.0
2024-08-21 00:00:00-04:00,51.05643471339164,51.39590791277975,50.716965213943574,51.12432861328125,6251500,0.0,0.0
2024-08-22 00:00:00-04:00,51.085534310245784,51.085534310245784,50.18351476829789,50.64907455444336,3756200,0.0,0.0
2024-08-23 00:00:00-04:00,50.7654588321099,50.862449057682475,50.096217395803265,50.38719177246094,2818500,0.0,0.0
2024-08-26 00:00:00-04:00,50.561775516461076,51.56078886758281,50.46478159406005,51.18252182006836,3822700,0.0,0.0
2024-08-27 00:00:00-04:00,51.2795109041927,51.38620236649551,50.8236524288167,51.13402557373047,3781000,0.0,0.0
2024-08-28 00:00:00-04:00,51.16311607702996,51.880856205420365,51.02732830407648,51.657772064208984,4222400,0.0,0.0
2024-08-29 00:00:00-04:00,51.657778149916666,51.657778149916666,50.54237581215289,50.9206428527832,3433200,0.0,0.0
2024-08-30 00:00:00-04:00,50.978839607881376,51.71597491083798,50.862446902198926,51.609283447265625,4417200,0.0,0.0
2024-09-03 00:00:00-04:00,51.67718184469411,52.20093796607847,51.483201384868885,52.08454895019531,5003000,0.0,0.0
2024-09-04 00:00:00-04:00,52.34642215369163,53.3939305993225,51.386202686918544,51.7547721862793,4593500,0.0,0.0
2024-09-05 00:00:00-04:00,51.842064282538765,51.98754961227339,50.833349716643916,51.764469146728516,4623700,0.0,0.0
2024-09-06 00:00:00-04:00,51.61898119801774,51.85175919375865,50.66846303220672,50.69755935668945,6631900,0.0,0.0
2024-09-09 00:00:00-04:00,50.55207484338638,50.99823949157456,50.33869561158146,50.40658950805664,6705300,0.0,0.0
2024-09-10 00:00:00-04:00,50.658767783677675,50.9497421627458,50.21260682244389,50.726661682128906,4034500,0.0,0.0
2024-09-11 00:00:00-04:00,49.93132295818984,50.21259975500656,49.16508769787095,49.950721740722656,5263400,0.0,0.0
2024-09-12 00:00:00-04:00,50.804251718534005,53.57821483347386,49.97012253572668,53.5394172668457,9955400,0.0,0.0
2024-09-13 00:00:00-04:00,53.597617889030126,54.24746427692214,52.87018005628034,54.228065490722656,5607400,0.0,0.0
2024-09-16 00:00:00-04:00,54.3153508947906,54.90700084474205,54.1019679751518,54.4996337890625,3860100,0.0,0.0
2024-09-17 00:00:00-04:00,54.35415631721324,54.5384392381176,53.32604283757272,53.384239196777344,2780300,0.0,0.0
2024-09-18 00:00:00-04:00,53.40363354123776,53.6461128011781,52.95746889099324,52.97686767578125,3249800,0.0,0.0
2024-09-19 00:00:00-04:00,53.00596807191177,53.70430582944199,52.918675389728,53.1805534362793,5417400,0.0,0.0
2024-09-20 00:00:00-04:00,53.180550330683545,54.169862404406636,53.180550330683545,53.72370147705078,9187100,0.0,0.0
2024-09-23 00:00:00-04:00,53.52002189857032,54.557832822487335,53.36483532209506,54.451141357421875,2893000,0.0,0.0
2024-09-24 00:00:00-04:00,54.548135777658416,54.61602967423929,54.15046994056763,54.37355041503906,3625200,0.0,0.0
2024-09-25 00:00:00-04:00,54.470538572191664,55.091284860203466,54.169862970212314,54.897300720214844,3374600,0.0,0.0
2024-09-26 00:00:00-04:00,54.7227182881119,54.93610122349463,53.62671468350406,53.801300048828125,5119800,0.0,0.0
2024-09-27 00:00:00-04:00,53.937085447878566,55.11068414046531,53.78189887447817,54.81970977783203,3299600,0.0,0.0
2024-09-30 00:00:00-04:00,54.87790661771409,55.65383949160726,54.64512490557624,55.57624435424805,4006300,0.0,0.0
2024-10-01 00:00:00-04:00,55.40165982309664,55.64413908105829,54.88760498019867,55.00399398803711,4337600,0.0,0.0
2024-10-02 00:00:00-04:00,55.15917919312586,55.469552339601485,54.34444875864239,54.402645111083984,3872700,0.0,0.0
2024-10-03 00:00:00-04:00,54.40264716798992,54.43174349534093,53.72370449692698,53.94678497314453,3329300,0.0,0.0
2024-10-04 00:00:00-04:00,54.014675987219796,54.54813329311443,53.975882119469034,54.20866012573242,3039000,0.0,0.0
2024-10-07 00:00:00-04:00,54.41234571910499,54.422046961695095,53.87889207478827,54.27655792236328,2761000,0.0,0.0
2024-10-08 00:00:00-04:00,54.160170621368835,54.528740152693764,53.89829256226481,54.31535720825195,2228500,0.0,0.0
2024-10-09 00:00:00-04:00,54.36384821064082,54.64512503432098,54.16986406672555,54.46084213256836,2594400,0.0,0.0
2024-10-10 00:00:00-04:00,54.56753406511493,54.78091700971572,53.316343826161386,53.54912185668945,2647400,0.0,0.0
2024-10-11 00:00:00-04:00,53.69460678100586,53.966182362431994,53.50062263715584,53.69460678100586,2179100,0.0,0.0
2024-10-14 00:00:00-04:00,53.59761382114304,53.75280039902056,53.229048011146354,53.60731506347656,2666200,0.0,0.0
2024-10-15 00:00:00-04:00,53.60731457908389,55.1397815592846,53.52971944087634,54.451141357421875,2979900,0.0,0.0
2024-10-16 00:00:00-04:00,54.22805679206447,55.09128228980147,54.17956168431489,54.945796966552734,2947900,0.0,0.0
2024-10-17 00:00:00-04:00,55.09128813514322,55.21737838862231,54.43174423993871,54.839111328125,2963700,0.0,0.0
2024-10-18 00:00:00-04:00,55.052491034149355,55.052491034149355,54.3250532347027,54.829410552978516,2207400,0.0,0.0
2024-10-21 00:00:00-04:00,55.13977855743039,55.48894926047554,54.55782985231488,54.64512252807617,2469800,0.0,0.0
2024-10-22 00:00:00-04:00,54.60632781096924,54.87790709414445,54.08257172906686,54.732418060302734,2398200,0.0,0.0
2024-10-23 00:00:00-04:00,54.63542938123169,55.9739122506543,54.49963788583786,55.886619567871094,4041600,0.0,0.0
2024-10-24 00:00:00-04:00,55.83812816664676,55.954517184780535,54.95550373759027,54.98460006713867,3580900,0.0,0.0
2024-10-25 00:00:00-04:00,55.86721880652733,56.52676267534929,55.55684565648639,55.64413833618164,4249600,0.0,0.0
2024-10-28 00:00:00-04:00,55.62474198146866,55.85752370413704,55.35316638830551,55.391963958740234,2801000,0.0,0.0
2024-10-29 00:00:00-04:00,55.25617468368367,55.52775026958034,54.29595519078638,54.30565643310547,3214800,0.0,0.0
2024-10-30 00:00:00-04:00,54.21836559904683,54.79061681735305,53.927387518598934,54.06317901611328,2921200,0.0,0.0
2024-10-31 00:00:00-04:00,54.20866272086178,54.945801742510845,54.01467857306257,54.0922737121582,3438200,0.0,0.0
2024-11-01 00:00:00-04:00,54.62572676696573,54.97489748933014,54.315353613739546,54.86820602416992,3062200,0.0,0.0
2024-11-04 00:00:00-05:00,54.74211648189845,55.08158966633539,54.48993967912062,54.577232360839844,3043000,0.0,0.0
2024-11-05 00:00:00-05:00,54.58692760913387,55.75082874982788,54.55783128309693,55.663536071777344,2459500,0.0,0.0
2024-11-06 00:00:00-05:00,57.02142677655014,58.11743042751211,56.468574329621696,58.001041412353516,6425600,0.0,0.0
2024-11-07 00:00:00-05:00,58.05923334453911,58.43750038992753,57.51607848196561,57.525779724121094,3518800,0.0,0.0
2024-11-08 00:00:00-05:00,57.75856013219532,58.38900770061663,57.41909064146998,58.107730865478516,3013700,0.0,0.0
2024-11-11 00:00:00-05:00,58.107728218924066,58.53449037353305,57.68096606431508,57.80705261230469,5398500,0.0,0.0
2024-11-12 00:00:00-05:00,57.719759553953686,58.515094904952214,57.719759553953686,57.884647369384766,3104300,0.0,0.0
2024-11-13 00:00:00-05:00,57.73915987972942,58.19502206992459,57.42878672468501,57.78765869140625,1924700,0.0,0.0
2024-11-14 00:00:00-05:00,57.64216568674852,57.94284127871556,57.29299498638411,57.302696228027344,2414000,0.0,0.0
2024-11-15 00:00:00-05:00,57.40996859990722,57.73178608083977,56.51278723504539,56.581050872802734,3632200,0.32,0.0
2024-11-18 00:00:00-05:00,56.59080146495809,57.17592314545611,56.49328304491972,56.620059967041016,2873900,0.0,0.0
2024-11-19 00:00:00-05:00,56.83460137916733,57.03939601390971,56.05444285661558,56.65906524658203,6200400,0.0,0.0
2024-11-20 00:00:00-05:00,56.56155190438214,56.77609691237917,55.66437045292116,56.18122482299805,2513900,0.0,0.0
2024-11-21 00:00:00-05:00,56.483531751783424,57.390467239131716,56.02519069092991,57.127166748046875,2573500,0.0,0.0
2024-11-22 00:00:00-05:00,57.341707616778,57.93657967627948,57.341707616778,57.75129318237305,2471400,0.0,0.0
2024-11-25 00:00:00-05:00,57.751293980473065,59.07756539963977,57.683030338612085,58.59971618652344,6168700,0.0,0.0
2024-11-26 00:00:00-05:00,58.51194308222251,59.1945831621996,58.16087082851491,59.067806243896484,3694800,0.0,0.0
2024-11-27 00:00:00-05:00,59.62366903006014,59.66267788469068,58.82400611057985,58.999542236328125,3117400,0.0,0.0
2024-11-29 00:00:00-05:00,59.311608810100964,59.643176652042,59.11656824659047,59.565162658691406,2532200,0.0,0.0
2024-12-02 00:00:00-05:00,58.99954420235158,59.33111203758159,58.11211319042557,58.658226013183594,4168600,0.0,0.0
2024-12-03 00:00:00-05:00,58.91178283697269,59.10682341871874,57.87807035778141,58.482696533203125,4396800,0.0,0.0
2024-12-04 00:00:00-05:00,58.41442490873603,58.64847059879107,57.975584589771366,58.42417526245117,5731000,0.0,0.0
2024-12-05 00:00:00-05:00,57.253939820837964,59.84796934838142,57.06865332604538,59.20433807373047,6670100,0.0,0.0
2024-12-06 00:00:00-05:00,58.219388326344145,59.16532894500589,57.63426662110128,57.761043548583984,4992600,0.0,0.0
2024-12-09 00:00:00-05:00,57.907320826895216,57.907320826895216,56.25923204595215,56.337249755859375,5551400,0.0,0.0
2024-12-10 00:00:00-05:00,56.37626295158722,59.779705826426024,56.37626295158722,59.22384262084961,10993900,0.0,0.0
2024-12-11 00:00:00-05:00,59.00930083897551,60.491604041347905,58.99955048399942,59.80896759033203,8729000,0.0,0.0
2024-12-12 00:00:00-05:00,61.652088545189116,62.0129111720434,60.80366264624643,61.7301025390625,10204900,0.0,0.0
2024-12-13 00:00:00-05:00,61.43754459879509,61.87638494709009,60.52085876464844,60.52085876464844,5307500,0.0,0.0
2024-12-16 00:00:00-05:00,60.50135028322946,61.32051763847956,60.16002838182324,60.48184585571289,4993400,0.0,0.0
2024-12-17 00:00:00-05:00,60.26730002176537,60.47209092766266,59.292100980247845,59.652923583984375,5032400,0.0,0.0
2024-12-18 00:00:00-05:00,59.39937579641314,60.394079304129406,59.17508045449025,59.3798713684082,7455800,0.0,0.0
2024-12-19 00:00:00-05:00,59.165326748280606,60.208793192541194,58.82400855629533,59.44813537597656,5096800,0.0,0.0
2024-12-20 00:00:00-05:00,60.169785294105,61.40828859916419,59.55540881866224,60.316062927246094,38443000,0.0,0.0
2024-12-23 00:00:00-05:00,60.02350298538694,60.472093672021664,59.233594106766944,59.44813537597656,4649200,0.0,0.0
2024-12-24 00:00:00-05:00,59.769953787512115,60.32581697742289,59.399377087541815,60.29656219482422,1991600,0.0,0.0
2024-12-26 00:00:00-05:00,60.13077748357618,61.359526735754,60.08201827168068,61.203495025634766,4752900,0.0,0.0
2024-12-27 00:00:00-05:00,60.66713405781545,61.574069502570836,60.65738370382518,60.79391098022461,3628400,0.0,0.0
2024-12-30 00:00:00-05:00,60.45259444665514,60.59887208105533,59.62367297136319,59.71144104003906,10799900,0.0,0.0
2024-12-31 00:00:00-05:00,60.00399964712045,60.31606306262911,59.457890530024976,59.633426666259766,3757900,0.0,0.0
2025-01-02 00:00:00-05:00,60.07226363601674,60.71589489925658,59.8772267902569,60.403831481933594,3641900,0.0,0.0
2025-01-03 00:00:00-05:00,60.40383659013064,60.73540446408733,59.90648663924044,59.93574142456055,10650900,0.0,0.0
2025-01-06 00:00:00-05:00,60.481849772914025,60.52085863047363,58.77525131561991,59.11656951904297,7098600,0.0,0.0
2025-01-07 00:00:00-05:00,59.116565325722775,59.4871420060741,57.28319379154075,57.67327117919922,6361800,0.0,0.0
2025-01-08 00:00:00-05:00,57.692774353631044,57.897565256710806,56.883361094753816,57.43922424316406,5370800,0.0,0.0
2025-01-10 00:00:00-05:00,57.34170702861507,58.22913807153081,56.96137997023538,57.653770446777344,5928400,0.0,0.0
2025-01-13 00:00:00-05:00,57.63426805452821,58.22914012894665,57.32220462533976,58.01459884643555,5382600,0.0,0.0
2025-01-14 00:00:00-05:00,58.02434759889247,58.92152900301394,58.02434759889247,58.433929443359375,4997200,0.0,0.0
2025-01-15 00:00:00-05:00,58.69723082907266,58.71673525693155,57.175922656971544,57.234432220458984,4751400,0.0,0.0
2025-01-16 00:00:00-05:00,57.01989438996599,57.48798952651708,56.678572462002656,57.16617202758789,4070900,0.0,0.0
2025-01-17 00:00:00-05:00,57.32220622634674,57.605014879475576,56.67857492065777,56.91262435913086,5690300,0.0,0.0
2025-01-21 00:00:00-05:00,57.31244807088942,57.76103873680991,57.146662299516734,57.57575225830078,4460800,0.0,0.0
2025-01-22 00:00:00-05:00,57.575750666851185,57.72202828686594,57.09790151325601,57.30269241333008,5000200,0.0,0.0
2025-01-23 00:00:00-05:00,57.24418949526562,57.3319575654936,56.70783071946774,57.11741256713867,4845600,0.0,0.0
2025-01-24 00:00:00-05:00,56.87361350153688,57.614766930592026,56.87361350153688,57.24419021606445,3979700,0.0,0.0
2025-01-27 00:00:00-05:00,57.83906033515313,59.02880071520445,57.79029740376557,58.98004150390625,4123400,0.0,0.0
2025-01-28 00:00:00-05:00,59.37012202446342,59.857721572614196,58.8630180479759,58.87276840209961,3890700,0.0,0.0
2025-01-29 00:00:00-05:00,58.9312816397708,60.10152129841048,58.80450471572843,59.545658111572266,4727700,0.0,0.0
2025-01-30 00:00:00-05:00,59.88697618744973,60.24779881044635,59.24334493449582,59.526153564453125,3699800,0.0,0.0
2025-01-31 00:00:00-05:00,59.27260285909162,60.32581972162636,59.22384364584602,60.11127471923828,4468600,0.0,0.0
2025-02-03 00:00:00-05:00,59.857722263340065,62.510261306228415,59.857722263340065,61.759361267089844,8647500,0.0,0.0
2025-02-04 00:00:00-05:00,62.17869307486813,63.290423175454386,61.90563851687642,62.39323806762695,5315400,0.0,0.0
2025-02-05 00:00:00-05:00,62.74431418565775,64.01207614656059,62.66630390266617,63.79753112792969,7883600,0.0,0.0
2025-02-06 00:00:00-05:00,64.0705754250916,64.1193383542841,63.19290222105401,63.300174713134766,5608600,0.0,0.0
2025-02-07 00:00:00-05:00,63.26116625268298,64.09008397288048,62.83207628168166,63.387939453125,4517200,0.0,0.0
2025-02-10 00:00:00-05:00,63.3391779976581,63.77802205280727,63.18315001195826,63.66099548339844,4465600,0.0,0.0
2025-02-11 00:00:00-05:00,63.4854658531138,63.91455587805885,63.22216534519349,63.436710357666016,3610500,0.0,0.0
2025-02-12 00:00:00-05:00,63.04661808941183,64.19735322985923,62.77356355442059,64.16809844970703,6302400,0.0,0.0
2025-02-13 00:00:00-05:00,64.22660310815994,64.53866647292973,63.973049299229004,64.00230407714844,3906500,0.0,0.0
2025-02-14 00:00:00-05:00,63.99252193147836,64.42370686779573,63.816125714965104,63.82592010498047,3856600,0.32,0.0
2025-02-18 00:00:00-05:00,63.88472524945623,64.53150640663776,63.57113279941561,63.95332336425781,3931100,0.0,0.0
2025-02-19 00:00:00-05:00,64.0807148630916,64.35510731003475,63.090935699503724,64.13951110839844,5943400,0.0,0.0
2025-02-20 00:00:00-05:00,63.26732904928014,64.02191572086302,62.85574039748935,63.10073471069336,5909600,0.0,0.0
2025-02-21 00:00:00-05:00,62.90474494266374,64.06111844953662,62.29715632832938,63.757320404052734,5971200,0.0,0.0
2025-02-24 00:00:00-05:00,62.79695139581859,63.963119377027375,62.600955174992194,63.580928802490234,4004600,0.0,0.0
2025-02-25 00:00:00-05:00,63.816120484682706,64.93329393882676,63.629922416781035,64.15911102294922,5954200,0.0,0.0
2025-02-26 00:00:00-05:00,63.18894110758159,63.639729779185444,62.404956258145724,62.522552490234375,6035500,0.0,0.0
2025-02-27 00:00:00-05:00,62.76755190774612,63.45353305826301,62.53235570019969,62.64995193481445,5828300,0.0,0.0
2025-02-28 00:00:00-05:00,63.110540382228415,63.943519602023855,62.88514231077072,63.52212905883789,8626900,0.0,0.0
2025-03-03 00:00:00-05:00,61.54257353066192,63.26733192927155,61.32698106728366,61.63077163696289,10285200,0.0,0.0
2025-03-04 00:00:00-05:00,61.73857036884705,62.78714578874467,61.4837779137715,61.91496658325195,5850800,0.0,0.0
2025-03-05 00:00:00-05:00,61.17998456748045,61.856167574484836,60.758594019569706,61.27798080444336,9006600,0.0,0.0
2025-03-06 00:00:00-05:00,61.35638090012936,64.55110907224059,61.35638090012936,62.502952575683594,12829600,0.0,0.0
2025-03-07 00:00:00-05:00,62.07175867129222,66.21706195725444,61.4641738278489,65.3644790649414,10791900,0.0,0.0
2025-03-10 00:00:00-04:00,65.81528215631474,67.13825007829242,64.93330104945167,66.36406707763672,10685900,0.0,0.0
2025-03-11 00:00:00-04:00,66.44246275319402,66.44246275319402,65.18808555105136,65.21749114990234,5969800,0.0,0.0
2025-03-12 00:00:00-04:00,64.66870959360354,65.41349454631515,63.659334020086725,63.6887321472168,5652000,0.0,0.0
2025-03-13 00:00:00-04:00,63.8455289790959,65.5408856908288,63.6985308740597,64.77650451660156,8478800,0.0,0.0
2025-03-14 00:00:00-04:00,64.73729753656261,65.15868807131531,63.19873348672296,63.7965202331543,7451700,0.0,0.0
2025-03-17 00:00:00-04:00,64.01211642986763,65.34488614544088,63.953320184856096,65.0606918334961,4602800,0.0,0.0
2025-03-18 00:00:00-04:00,64.94310128663437,65.80548621393473,64.60991254772978,64.66870880126953,6032300,0.0,0.0
2025-03-19 00:00:00-04:00,64.345318652585,64.5903129987006,64.04152057929046,64.1689224243164,5432100,0.0,0.0
2025-03-20 00:00:00-04:00,64.16891815689989,64.51190872332506,63.22813335094287,63.42413330078125,5724900,0.0,0.0
2025-03-21 00:00:00-04:00,63.42413784221405,64.32571524612649,63.38493784943949,64.09052276611328,8027600,0.0,0.0
2025-03-24 00:00:00-04:00,64.02192464791634,64.34531898083084,63.512332218481205,64.09052276611328,4803800,0.0,0.0
2025-03-25 00:00:00-04:00,64.0611216839436,64.30611602000124,62.894946251786344,63.05173873901367,5542300,0.0,0.0
2025-03-26 00:00:00-04:00,63.35554246597354,64.89410673495016,63.35554246597354,64.7079086303711,4746000,0.0,0.0
2025-03-27 00:00:00-04:00,64.98229870855997,65.52128926678408,64.79610808751052,64.81570434570312,5275800,0.0,0.0
2025-03-28 00:00:00-04:00,64.9724979375518,65.64867718999248,64.40410930953682,65.38408660888672,6363800,0.0,0.0
2025-03-31 00:00:00-04:00,65.75647291751771,66.86385201085675,65.25668241943224,66.33466339111328,7586900,0.0,0.0
2025-04-01 00:00:00-04:00,65.48208033783573,66.82465187815988,65.47227847175992,66.77565002441406,4880200,0.0,0.0
2025-04-02 00:00:00-04:00,66.74625767392098,67.30484446240813,65.61928223002339,65.9230728149414,5664100,0.0,0.0
2025-04-03 00:00:00-04:00,66.53065196641482,69.52937982647018,66.53065196641482,69.3235855102539,14958000,0.0,0.0
2025-04-04 00:00:00-04:00,69.28439390957284,70.48976930943702,65.63888453974933,65.83487701416016,14734600,0.0,0.0
2025-04-07 00:00:00-04:00,64.6785066544829,66.06027833997663,63.61033490609471,65.1292953491211,11671700,0.0,0.0
2025-04-08 00:00:00-04:00,65.8642769352927,66.13866939761031,64.18851656045251,65.04109954833984,12648000,0.0,0.0
2025-04-09 00:00:00-04:00,64.11011519042677,68.10842449472501,63.91412271490838,64.51190948486328,13402300,0.0,0.0
2025-04-10 00:00:00-04:00,65.16849646660162,66.90305315802372,64.81570400789981,66.54046630859375,14755400,0.0,0.0
2025-04-11 00:00:00-04:00,66.83444595055859,67.49103639512545,65.52128001469111,66.85404968261719,8827100,0.0,0.0
2025-04-14 00:00:00-04:00,67.15784783582819,68.01043083761513,66.29547044353725,67.69683837890625,7969500,0.0,0.0
2025-04-15 00:00:00-04:00,67.38323861834978,67.94182535853967,66.63845380588553,66.77565002441406,8992600,0.0,0.0
2025-04-16 00:00:00-04:00,67.10885566674358,68.22602930502943,66.96185756136192,67.62824249267578,7272600,0.0,0.0
2025-04-17 00:00:00-04:00,67.52043645650696,70.24477211354143,67.45183834559722,69.79398345947266,11604800,0.0,0.0
2025-04-21 00:00:00-04:00,70.19577483247433,71.05815968482662,69.8331879983115,70.8621597290039,9906000,0.0,0.0
2025-04-22 00:00:00-04:00,71.07775115891425,72.15572467517856,70.72495873880835,71.51874542236328,6882000,0.0,0.0
2025-04-23 00:00:00-04:00,70.7249592130441,70.94055541306928,69.49998760074959,70.55836486816406,14003700,0.0,0.0
2025-04-24 00:00:00-04:00,70.34276962880502,70.74456391190891,69.64698664071548,69.92137908935547,9228000,0.0,0.0
2025-04-25 00:00:00-04:00,69.83318506159704,70.12717376801717,67.86342857905797,68.5984115600586,8847100,0.0,0.0
2025-04-28 00:00:00-04:00,69.06880426704448,69.31379859514227,68.16721945740316,68.96100616455078,6515700,0.0,0.0
2025-04-29 00:00:00-04:00,68.4024241958821,70.0879790111111,68.10842799087936,69.9507827758789,6044200,0.0,0.0
2025-04-30 00:00:00-04:00,70.36238093592387,71.11696025091032,69.92138661602448,70.76416778564453,14393700,0.0,0.0
2025-05-01 00:00:00-04:00,70.34277167112572,71.33255086957146,69.97038297667864,70.7347640991211,5497400,0.0,0.0
2025-05-02 00:00:00-04:00,71.10715344385305,71.44034962751805,69.84298177723963,70.57796478271484,6206400,0.0,0.0
2025-05-05 00:00:00-04:00,71.04834956237234,71.65593813987292,70.59756093131048,71.42073822021484,5683800,0.0,0.0
2025-05-06 00:00:00-04:00,71.47955115519547,71.66574176980812,71.04835872352295,71.50894927978516,3687000,0.0,0.0
2025-05-07 00:00:00-04:00,71.4991442543067,71.99893478015537,70.92096122522642,70.93075561523438,6002400,0.0,0.0
2025-05-08 00:00:00-04:00,70.61716382650174,71.4305468027116,70.34277137106555,70.3721694946289,5501800,0.0,0.0
2025-05-09 00:00:00-04:00,70.26436741978094,70.78376165437224,69.71558253992082,70.43096923828125,4312800,0.0,0.0
2025-05-12 00:00:00-04:00,69.4411892343554,69.45099110041164,66.3444575043004,67.65763092041016,9758200,0.0,0.0
2025-05-13 00:00:00-04:00,67.86343417270241,67.98103415094376,65.4330869588202,66.138671875,9422900,0.0,0.0
2025-05-14 00:00:00-04:00,66.19746730362361,66.25626354705626,64.53150146557783,65.01168823242188,8984700,0.0,0.0
2025-05-15 00:00:00-04:00,65.53360673055116,66.7546665145424,65.11017367869253,66.56756591796875,8379200,0.32,0.0
2025-05-16 00:00:00-04:00,67.05992410722575,67.79846954345703,66.37061803855896,67.79846954345703,7218100,0.0,0.0
2025-05-19 00:00:00-04:00,68.03480352757053,68.29083472156103,67.5916792608976,67.90679168701172,4784800,0.0,0.0
2025-05-20 00:00:00-04:00,68.6945764207132,69.24602128748812,68.30068401035705,68.43854522705078,6527100,0.0,0.0
2025-05-21 00:00:00-04:00,67.75908029574732,68.1332814624505,67.48335786525409,67.84770965576172,4634800,0.0,0.0
2025-05-22 00:00:00-04:00,68.04464631130921,68.26128749193683,66.72511550257316,66.9122085571289,4923500,0.0,0.0
2025-05-23 00:00:00-04:00,67.7689329078531,68.37946654229253,66.99099743445987,67.54244232177734,5516800,0.0,0.0
2025-05-27 00:00:00-04:00,67.40457052036926,67.53258985831245,66.0161091433376,66.7940444946289,6368200,0.0,0.0
2025-05-28 00:00:00-04:00,66.86298078272218,67.0697726006006,66.35091841313243,66.65618896484375,5945200,0.0,0.0
2025-05-29 00:00:00-04:00,65.78962139890916,66.15397316516749,65.01168601443689,65.92748260498047,7305600,0.0,0.0
2025-05-30 00:00:00-04:00,66.00627281115923,67.41443321668541,65.75024159755263,67.18795013427734,14385900,0.0,0.0
2025-06-02 00:00:00-04:00,67.0599150215539,67.44395799533196,66.33121906013808,67.15838623046875,7648600,0.0,0.0
2025-06-03 00:00:00-04:00,66.96145108623331,67.1583935254556,65.04123600876237,66.05550384521484,10148500,0.0,0.0
2025-06-04 00:00:00-04:00,65.96687165463528,66.07519224541586,65.12000567919014,65.32679748535156,5888300,0.0,0.0
2025-06-05 00:00:00-04:00,65.38589248953423,65.5237537068504,64.6965788900805,65.22833251953125,4653800,0.0,0.0
2025-06-06 00:00:00-04:00,65.13970947265625,65.38589128660213,64.588257100664,65.13970947265625,6142500,0.0,0.0
2025-06-09 00:00:00-04:00,64.88368431160603,65.21849551637727,64.1549881782194,64.48979187011719,7167400,0.0,0.0
2025-06-10 00:00:00-04:00,64.64734339961066,64.86398458974867,64.03680981948287,64.43070220947266,5097000,0.0,0.0
2025-06-11 00:00:00-04:00,64.20421564134057,64.30269437962433,63.17025650521748,63.633079528808594,6798900,0.0,0.0
2025-06-12 00:00:00-04:00,64.15498220393475,64.28299404252661,63.48536736962207,64.06635284423828,5368400,0.0,0.0
2025-06-13 00:00:00-04:00,64.29284276965254,65.03138820388567,64.17467279554108,64.5587158203125,6509600,0.0,0.0
2025-06-16 00:00:00-04:00,64.67689211695225,65.24803577834778,64.31254029581231,65.0018539428711,6509700,0.0,0.0
2025-06-17 00:00:00-04:00,65.00184539432945,65.34649841609604,64.60795300679375,64.94275665283203,7032900,0.0,0.0
2025-06-18 00:00:00-04:00,64.99199763572597,65.16924883888376,64.22391159299973,64.51932525634766,12253900,0.0,0.0
2025-06-20 00:00:00-04:00,67.16824987877996,71.12685792907513,66.4690943801777,70.8708267211914,36154600,0.0,0.0
2025-06-23 00:00:00-04:00,71.01853503594631,72.97814024431234,70.53601325337847,72.86981964111328,12332400,0.0,0.0
2025-06-24 00:00:00-04:00,72.1017330850529,72.56455611154588,71.13669703908104,72.29867553710938,13101000,0.0,0.0
2025-06-25 00:00:00-04:00,72.13127227704992,72.14112165332011,71.08746377859347,71.11700439453125,5473300,0.0,0.0
2025-06-26 00:00:00-04:00,70.99882883886879,71.82600358449179,69.85654920608837,70.19135284423828,6030400,0.0,0.0
2025-06-27 00:00:00-04:00,70.06334296061144,70.516316578683,69.60051996677001,70.32921600341797,8995800,0.0,0.0
2025-06-30 00:00:00-04:00,70.46708161972931,70.94960339528743,69.9254861244749,70.63449096679688,5712500,0.0,0.0
2025-07-01 00:00:00-04:00,70.98898815888643,71.39272996209255,69.80731839224933,70.26029205322266,6036700,0.0,0.0
2025-07-02 00:00:00-04:00,69.9156387588867,70.2110599559749,68.90137083528931,69.15740203857422,6136200,0.0,0.0
2025-07-03 00:00:00-04:00,68.71426466184721,68.9702958443368,67.58182684881852,68.76350402832031,3716200,0.0,0.0
2025-07-07 00:00:00-04:00,69.05892487473642,70.37846340222558,68.43854936213134,70.3587646484375,5964000,0.0,0.0
2025-07-08 00:00:00-04:00,69.91563173718825,70.09288293506502,68.6256414993959,68.67487335205078,6949400,0.0,0.0
2025-07-09 00:00:00-04:00,68.63548308206526,69.21647603885151,67.82800707567176,69.18693542480469,6765200,0.0,0.0
2025-07-10 00:00:00-04:00,68.87182920876899,70.08303957075826,68.66503737898724,69.63006591796875,5560400,0.0,0.0
2025-07-11 00:00:00-04:00,69.84671301522813,70.01411486590274,68.98999749427047,69.50205993652344,4192100,0.0,0.0
2025-07-14 00:00:00-04:00,69.77776784547328,71.32378920137634,69.23616489699332,71.16622924804688,7284300,0.0,0.0
2025-07-15 00:00:00-04:00,70.88067478581242,71.18593784652833,70.39815299664278,70.78219604492188,5818600,0.0,0.0
2025-07-16 00:00:00-04:00,70.60493773575212,70.97913888264515,70.0928828937832,70.81173706054688,5393000,0.0,0.0
2025-07-17 00:00:00-04:00,70.81174134601048,71.39272682711425,70.52616953715729,71.11700439453125,6731900,0.0,0.0
2025-07-18 00:00:00-04:00,71.0086797817275,71.73737581421692,70.05349318505861,70.29967498779297,5351000,0.0,0.0
2025-07-21 00:00:00-04:00,70.2996761264026,71.49119516939065,70.21105428216161,70.92005157470703,4504800,0.0,0.0
2025-07-22 00:00:00-04:00,70.86097102089668,72.18050942420065,70.70341856978622,71.50104522705078,7420500,0.0,0.0
2025-07-23 00:00:00-04:00,71.40257011832952,71.91462494764932,71.02836898068027,71.76691436767578,8128300,0.0,0.0
2025-07-24 00:00:00-04:00,72.14112385021515,72.3282169278095,71.264717157299,71.2745590209961,4552500,0.0,0.0
2025-07-25 00:00:00-04:00,71.31394380144083,71.69798681799963,70.32921657685466,70.36860656738281,3396500,0.0,0.0
2025-07-28 00:00:00-04:00,70.29968443330516,70.3390744285798,68.05450729276393,68.26129913330078,6993900,0.0,0.0
2025-07-29 00:00:00-04:00,68.53701369786498,69.36418847766745,68.18251129407429,68.2416000366211,5510300,0.0,0.0
2025-07-30 00:00:00-04:00,68.25144189965178,68.50747308302785,67.64091582535755,68.2416000366211,5297900,0.0,0.0
2025-07-31 00:00:00-04:00,67.75908170609354,69.28541199464381,67.70000047343605,69.02938079833984,10899800,0.0,0.0
2025-08-01 00:00:00-04:00,69.42327551201726,70.59510341768703,69.42327551201726,70.2701416015625,7283500,0.0,0.0
2025-08-04 00:00:00-04:00,70.22089775045086,71.1170031535819,69.9845653141997,70.49662017822266,5493700,0.0,0.0
2025-08-05 00:00:00-04:00,70.57540244848764,71.205627307497,70.14212755346428,70.65418243408203,5767000,0.0,0.0
2025-08-06 00:00:00-04:00,70.54586644138419,72.83043358277881,70.27014398666175,72.60395050048828,7091300,0.0,0.0
2025-08-07 00:00:00-04:00,72.19035211757429,73.11599813443932,72.08203151930827,72.63348388671875,5138400,0.0,0.0
2025-08-08 00:00:00-04:00,72.7910353516725,73.54927952924325,72.72210474579086,73.10614776611328,5961500,0.0,0.0
2025-08-11 00:00:00-04:00,73.24401052525954,73.7560729050892,72.97813747206267,73.21446990966797,4588500,0.0,0.0
2025-08-12 00:00:00-04:00,73.16524226108469,73.28340473024441,72.01310559666523,72.42669677734375,7608100,0.0,0.0
2025-08-13 00:00:00-04:00,69.5217477061184,70.40800380200501,67.33565184055587,69.25587463378906,16512400,0.0,0.0
2025-08-14 00:00:00-04:00,69.1278552818572,69.590678327149,67.85756364261248,68.17267608642578,5319700,0.0,0.0
2025-08-15 00:00:00-04:00,68.21226048652022,69.24158165948764,68.03410859983262,68.97435760498047,4419500,0.35,0.0
2025-08-18 00:00:00-04:00,69.16239595721059,69.7661324398306,69.02383422851562,69.02383422851562,7394000,0.0,0.0
2025-08-19 00:00:00-04:00,69.10301504348377,70.41935902716966,69.10301504348377,69.9937744140625,6896300,0.0,0.0
2025-08-20 00:00:00-04:00,69.94428517023645,71.09237670898438,69.63747098879948,71.09237670898438,5310000,0.0,0.0
2025-08-21 00:00:00-04:00,70.97359970136301,71.13196026488674,70.35007197234472,70.68657684326172,5222200,0.0,0.0
2025-08-22 00:00:00-04:00,70.67668847587665,71.16165451138268,68.1132814718209,68.8456802368164,6983600,0.0,0.0
2025-08-25 00:00:00-04:00,68.94466449280091,69.74634417958522,68.91496622017523,69.41973114013672,4419000,0.0,0.0
2025-08-26 00:00:00-04:00,69.43953093157677,69.68696368281348,68.16277702906949,68.28153991699219,7751100,0.0,0.0
2025-08-27 00:00:00-04:00,68.28153658681288,68.62794091144004,66.61878827755457,67.28191375732422,7987100,0.0,0.0
2025-08-28 00:00:00-04:00,67.12355381288327,67.28191439194822,66.07444140524605,66.76725006103516,6584900,0.0,0.0
2025-08-29 00:00:00-04:00,66.99489508185985,67.1928382652092,66.41094985419694,67.14334869384766,5422600,0.0,0.0
2025-09-02 00:00:00-04:00,67.44026939023188,68.27164735251553,67.33139837670608,67.93513488769531,6333700,0.0,0.0
2025-09-03 00:00:00-04:00,67.64810255719772,67.87574397673974,66.48021984404332,67.49964141845703,7197300,0.0,0.0
2025-09-04 00:00:00-04:00,67.75698464390813,68.01431682310103,67.0344852287394,67.14334869384766,6231000,0.0,0.0
2025-09-05 00:00:00-04:00,67.22252797110288,67.49965144402083,66.61879145465379,67.05427551269531,5575700,0.0,0.0
2025-09-08 00:00:00-04:00,67.04437224618381,67.47985627926862,66.5989963403819,67.30170440673828,10184300,0.0,0.0
2025-09-09 00:00:00-04:00,67.16314253846652,67.2027326823962,66.03484986513809,66.93550109863281,7418100,0.0,0.0
2025-09-10 00:00:00-04:00,66.68807151222954,67.00478512757844,65.65875037458356,66.34166717529297,9319800,0.0,0.0
2025-09-11 00:00:00-04:00,68.29144001949166,69.17230001855776,65.4707081375919,66.53961944580078,14059700,0.0,0.0
2025-09-12 00:00:00-04:00,66.68807103772357,68.27164665424868,66.4604371398056,67.58872985839844,8312400,0.0,0.0
2025-09-15 00:00:00-04:00,67.58872631063868,68.3805065262922,66.45053422764848,66.71776580810547,7557200,0.0,0.0
2025-09-16 00:00:00-04:00,66.80684293254038,67.35119800648411,65.8962922188966,66.06454467773438,10520700,0.0,0.0
2025-09-17 00:00:00-04:00,67.11364672904395,67.32148930205898,65.92597272580178,66.27237701416016,9126300,0.0,0.0
2025-09-18 00:00:00-04:00,65.92598335834509,66.07444452045597,65.0946053811532,65.31234741210938,10664200,0.0,0.0
2025-09-19 00:00:00-04:00,65.0847070424074,65.30244905173356,64.2236384285397,64.90655517578125,16411000,0.0,0.0
2025-09-22 00:00:00-04:00,64.9065570683098,64.92634836471305,63.84754526111136,63.85743713378906,8939500,0.0,0.0
2025-09-23 00:00:00-04:00,63.79805697803937,64.79768736510673,63.70898481585958,64.67891693115234,11228300,0.0,0.0
2025-09-24 00:00:00-04:00,64.56015558794317,65.20347468848993,64.36220485996493,64.87686920166016,5260400,0.0,0.0
2025-09-25 00:00:00-04:00,65.33214635051237,65.81711243309427,64.76799997455636,64.8174819946289,6037500,0.0,0.0
2025-09-26 00:00:00-04:00,64.73830637324131,64.98573911574529,64.19395131931337,64.78778839111328,4550800,0.0,0.0
2025-09-29 00:00:00-04:00,64.75809469796855,65.77751634212866,64.362200817923,65.7478256225586,5998100,0.0,0.0
2025-09-30 00:00:00-04:00,65.59936502131131,66.76724782411945,65.52018473443164,66.71776580810547,7567800,0.0,0.0
2025-10-01 00:00:00-04:00,66.39115747793431,66.47033777040735,64.9362516956975,65.82701110839844,7838100,0.0,0.0
2025-10-02 00:00:00-04:00,65.5201901334063,66.27238781865012,65.19358463744835,65.67855072021484,4430200,0.0,0.0
2025-10-03 00:00:00-04:00,65.58946524247872,65.9457689804599,65.332140638085,65.6191635131836,4201500,0.0,0.0
2025-10-06 00:00:00-04:00,65.31234193229491,65.6389549513258,63.857436257564395,64.13456726074219,8489600,0.0,0.0
2025-10-07 00:00:00-04:00,64.26323435095425,66.21300563576386,64.26323435095425,66.19320678710938,6765600,0.0,0.0
2025-10-08 00:00:00-04:00,66.5099205568392,67.5491411331532,66.31197737613574,67.42047882080078,7287400,0.0,0.0
2025-10-09 00:00:00-04:00,67.75697790547747,68.07369149796833,66.44063396907423,66.86621856689453,5810100,0.0,0.0
2025-10-10 00:00:00-04:00,67.01468062349024,67.9054399741466,65.93587753011867,67.0839614868164,6000200,0.0,0.0
2025-10-13 00:00:00-04:00,66.20310236842523,66.54950668928724,65.07480969416162,66.44063568115234,6673100,0.0,0.0
2025-10-14 00:00:00-04:00,67.2423226639634,68.79619994197414,66.50991632960454,68.42009735107422,5987500,0.0,0.0
2025-10-15 00:00:00-04:00,68.12318732633867,68.65764297861595,68.0143163110017,68.39041137695312,6198500,0.0,0.0
2025-10-16 00:00:00-04:00,68.25184874916135,69.09311858766101,67.90544440990247,68.17266845703125,4651700,0.0,0.0
2025-10-17 00:00:00-04:00,68.65764253154292,69.00404687306467,68.13307875604049,68.28153991699219,5494900,0.0,0.0
2025-10-20 00:00:00-04:00,68.29143447950044,68.6873283635042,67.53923685499807,68.43989562988281,4219400,0.0,0.0
2025-10-21 00:00:00-04:00,68.0440073023239,68.0440073023239,66.76725338645268,66.90581512451172,5955300,0.0,0.0
2025-10-22 00:00:00-04:00,67.0938662555393,68.15287813706237,66.36146742045142,67.89554595947266,6625700,0.0,0.0
2025-10-23 00:00:00-04:00,67.9747244637753,68.1231856219794,67.4897583946202,67.9549331665039,5058500,0.0,0.0
2025-10-24 00:00:00-04:00,68.1627736278179,68.19246434831705,66.22290186104539,66.42084503173828,6072800,0.0,0.0
2025-10-27 00:00:00-04:00,66.13382441903602,67.41057830166869,65.6191676269363,67.3313980102539,4610600,0.0,0.0
2025-10-28 00:00:00-04:00,67.04437032097233,67.52934390790793,66.6880665861431,66.99488830566406,4369200,0.0,0.0
2025-10-29 00:00:00-04:00,66.70786633684126,66.737557056638,65.1143989320026,65.36183166503906,6339800,0.0,0.0
2025-10-30 00:00:00-04:00,65.2529602505776,65.51029240562053,64.53045335216589,64.75809478759766,6496200,0.0,0.0
2025-10-31 00:00:00-04:00,64.23354033639913,64.24343976021893,62.29366479983095,62.97658157348633,11947800,0.0,0.0
2025-11-03 00:00:00-05:00,62.74894588712386,63.263602676271425,62.16500445562372,62.78853225708008,8112500,0.0,0.0
2025-11-04 00:00:00-05:00,63.34278077198682,63.93661783151462,62.66976342424254,63.10524368286133,6447400,0.0,0.0
2025-11-05 00:00:00-05:00,63.11514274821423,63.43185257270969,62.323358748165795,62.50151062011719,6734500,0.0,0.0
2025-11-06 00:00:00-05:00,62.729151138029394,63.48134502841556,61.94726275061776,62.77863693237305,5389500,0.0,0.0
2025-11-07 00:00:00-05:00,63.095347209717474,64.41169116767756,62.818223755630676,64.24343872070312,6900600,0.0,0.0
2025-11-10 00:00:00-05:00,63.88713791885976,64.17415325876385,63.184426052127726,63.77826690673828,4601600,0.0,0.0
2025-11-11 00:00:00-05:00,63.89702722389918,64.64922485440351,63.4318524728116,64.35230255126953,4852500,0.0,0.0
2025-11-12 00:00:00-05:00,64.2335433142161,65.15399344488247,64.21374446565866,64.72840881347656,5148300,0.0,0.0
2025-11-13 00:00:00-05:00,64.90655468371168,65.45090215185263,64.71850339507426,65.29254913330078,5226800,0.0,0.0
2025-11-14 00:00:00-05:00,65.61095901532619,66.58606452236488,65.17315220487903,66.37711334228516,5328000,0.35,0.0
2025-11-17 00:00:00-05:00,66.38706576864017,66.4666683873852,65.43185711767053,65.77015686035156,4957100,0.0,0.0
2025-11-18 00:00:00-05:00,66.18806064482781,67.4417753473845,65.77015827441681,67.04376983642578,7926300,0.0,0.0
2025-11-19 00:00:00-05:00,67.03382234869268,68.01888006310519,66.86466488959285,67.07362365722656,6478400,0.0,0.0
2025-11-20 00:00:00-05:00,66.75521607982772,67.0736265618877,64.53634807006918,65.57115936279297,7503000,0.0,0.0
2025-11-21 00:00:00-05:00,65.51145090733091,66.36716006436343,65.28260287191722,65.73035430908203,6691600,0.0,0.0
2025-11-24 00:00:00-05:00,65.73035682874216,65.73035682874216,63.939343420104066,63.96919250488281,9035400,0.0,0.0
2025-11-25 00:00:00-05:00,64.47664625986828,65.89951075811032,64.44678958536812,65.81990814208984,5383500,0.0,0.0
2025-11-26 00:00:00-05:00,65.88956283002658,67.13332531899167,65.81991243429748,66.69551849365234,5379700,0.0,0.0
2025-11-28 00:00:00-05:00,66.58606308871823,67.21292420678414,66.3671596882078,66.94426727294922,2270500,0.0,0.0
2025-12-01 00:00:00-05:00,66.9442718198902,67.65072801140603,66.78507416682095,67.21292877197266,7110400,0.0,0.0
2025-12-02 00:00:00-05:00,67.2427770253265,67.51142638276049,66.0686649320905,66.69551849365234,6704400,0.0,0.0
2025-12-03 00:00:00-05:00,66.70547177715795,67.41192797113645,65.8000090269943,65.86965942382812,7265900,0.0,0.0
2025-12-04 00:00:00-05:00,63.23288221557271,63.929389946889074,60.65580626666542,62.824928283691406,22791000,0.0,0.0
2025-12-05 00:00:00-05:00,62.68562562921824,63.6209335975652,62.35727053019521,62.397071838378906,8883100,0.0,0.0
2025-12-08 00:00:00-05:00,62.178173892655465,63.81993804456279,61.83987035539658,63.0637321472168,7585500,0.0,0.0
2025-12-09 00:00:00-05:00,62.85477758487934,63.23288243386985,62.009020634000834,62.58612823486328,5669900,0.0,0.0
2025-12-10 00:00:00-05:00,62.108518326616384,62.108518326616384,60.8946087868523,60.934410095214844,8130100,0.0,0.0
2025-12-11 00:00:00-05:00,61.43191835160748,62.277675323451064,61.28266533508831,61.89957046508789,7352600,0.0,0.0
2025-12-12 00:00:00-05:00,62.038871026472826,62.8945802206027,61.75032101561893,62.87467956542969,5386400,0.0,0.0
2025-12-15 00:00:00-05:00,62.77517896073869,63.00403079763604,62.217972012861374,62.34732437133789,6234000,0.0,0.0
2025-12-16 00:00:00-05:00,62.576174114924584,62.805025944166324,61.66076679795759,61.79011535644531,5906500,0.0,0.0
2025-12-17 00:00:00-05:00,61.93937164745598,63.58113964312318,61.790118631245555,63.4915885925293,5539600,0.0,0.0
2025-12-18 00:00:00-05:00,63.06373297517279,63.203033763697356,62.387125891771916,62.47667694091797,8355500,0.0,0.0
2025-12-19 00:00:00-05:00,62.377173352992635,62.566227675607344,61.95927098951931,62.09857177734375,10268400,0.0,0.0
2025-12-22 00:00:00-05:00,61.690617951552305,62.128420970576684,61.40206415017492,61.97917175292969,4304500,0.0,0.0
2025-12-23 00:00:00-05:00,62.34732468054881,62.4368757298364,61.770220870654626,61.98912048339844,4037500,0.0,0.0
2025-12-24 00:00:00-05:00,62.22792495671775,62.83488165081471,62.13837390684014,62.6159782409668,2070700,0.0,0.0
2025-12-26 00:00:00-05:00,62.51647721895977,63.31248442286473,62.51647721895977,62.93437957763672,3596400,0.0,0.0
2025-12-29 00:00:00-05:00,62.80502575810767,63.14332928634579,62.27767170948947,62.397071838378906,5463400,0.0,0.0
2025-12-30 00:00:00-05:00,62.2975752522524,62.62592657083906,62.23787328720854,62.367225646972656,3190600,0.0,0.0
2025-12-31 00:00:00-05:00,62.287620649888865,62.47667496748215,62.148319865764364,62.16822052001953,3752700,0.0,0.0
2026-01-02 00:00:00-05:00,62.04881999120317,62.68562574062748,61.800067508105435,62.64582443237305,5116200,0.0,0.0
2026-01-05 00:00:00-05:00,62.0985716796196,62.28762220627501,60.397105552735574,61.481666564941406,8173300,0.0,0.0
2026-01-06 00:00:00-05:00,61.481665021003984,62.317473521308166,61.20305965712813,61.431915283203125,7495300,0.0,0.0
2026-01-07 00:00:00-05:00,61.183162933847356,61.30256306396581,58.61603546449941,58.984188079833984,10161200,0.0,0.0
2026-01-08 00:00:00-05:00,59.03394214701227,60.34735497717232,58.30758154343336,59.49164581298828,7613600,0.0,0.0
2026-01-09 00:00:00-05:00,59.48169253538065,59.78019855158543,58.45683351977338,59.21303939819336,7337100,0.0,0.0
2026-01-12 00:00:00-05:00,59.47174406550261,61.17321013753092,59.402093673945544,60.805057525634766,7103200,0.0,0.0
2026-01-13 00:00:00-05:00,60.49660656200816,61.22296339837795,59.78020195109737,61.163265228271484,5404500,0.0,0.0
2026-01-14 00:00:00-05:00,60.87470775008135,62.486622772016815,60.87470775008135,62.148319244384766,6220300,0.0,0.0
2026-01-15 00:00:00-05:00,61.81996887807116,62.43687398051165,60.66575749495909,62.17817306518555,7415300,0.0,0.0
2026-01-16 00:00:00-05:00,61.82991984064908,63.31248638791206,61.740368790201494,62.87467956542969,7922800,0.0,0.0
2026-01-20 00:00:00-05:00,62.79507951928539,63.133383059324075,62.307522966182475,62.83488082885742,7430900,0.0,0.0
2026-01-21 00:00:00-05:00,63.063733567516095,63.919438961584696,62.94432963709195,63.601036071777344,6316300,0.0,0.0
2026-01-22 00:00:00-05:00,63.72043888081657,63.899540977639006,61.551316859888644,62.33737564086914,6733300,0.0,0.0
2026-01-23 00:00:00-05:00,62.466724097261256,63.97914348816108,62.208023177656884,63.92938995361328,5742400,0.0,0.0
2026-01-26 00:00:00-05:00,64.4666980173411,64.85475130525806,63.07368251622506,63.37218475341797,6382000,0.0,0.0
2026-01-27 00:00:00-05:00,63.22293241764322,63.50153398587491,60.715506916572934,61.80006790161133,7519200,0.0,0.0
2026-01-28 00:00:00-05:00,61.5712185361969,62.05877130012161,61.07371354691595,61.51151657104492,5658100,0.0,0.0
2026-01-29 00:00:00-05:00,61.70056492890144,62.665725788748205,61.36226139627095,61.441864013671875,4911600,0.0,0.0
2026-01-30 00:00:00-05:00,61.71051686292671,62.62592418475066,61.521466340983515,62.536373138427734,6599800,0.0,0.0
2026-02-02 00:00:00-05:00,62.705529500321234,63.3224346261713,61.4020650578953,62.745330810546875,5881700,0.0,0.0
2026-02-03 00:00:00-05:00,62.20802447434068,64.30749234612225,62.1881238192391,63.849788665771484,6096100,0.0,0.0
2026-02-04 00:00:00-05:00,64.1482921880562,67.12336978965486,64.1482921880562,66.46666717529297,10701600,0.0,0.0
2026-02-05 00:00:00-05:00,66.97411654447588,67.32237609607856,65.44180032792359,66.33731079101562,6738700,0.0,0.0
2026-02-06 00:00:00-05:00,66.27761163590648,67.31242286768415,65.94925653911368,67.16316986083984,4197900,0.0,0.0
2026-02-09 00:00:00-05:00,70.89446136419019,72.81483093707664,69.32234376745957,69.75019836425781,16069700,0.0,0.0
2026-02-10 00:00:00-05:00,69.45169657264172,69.57109290652046,67.10347251626386,67.68057250976562,8001900,0.0,0.0
2026-02-11 00:00:00-05:00,67.67063242175475,68.59599202809041,67.32238043900989,68.31739044189453,5863300,0.0,0.0
2026-02-12 00:00:00-05:00,68.33728722392937,71.87952040094021,68.16813734554938,69.79000091552734,8080800,0.0,0.0
2026-02-13 00:00:00-05:00,69.79000091552734,71.25,69.5,71.25,6440800,0.35,0.0
