Date,Open,High,Low,Close,Volume,Dividends,Stock Splits
2022-01-04 00:00:00-05:00,3.7177452461138163,3.7457686473356517,3.6897220676004068,3.727086305618286,5164900,0.0,0.0
2022-01-05 00:00:00-05:00,3.773791551589966,3.951271902458905,3.71774519532875,3.773791551589966,9381400,0.0,0.0
2022-01-06 00:00:00-05:00,3.9139075698527055,4.0073181613517415,3.848519933094963,3.9045662879943848,6239100,0.0,0.0
2022-01-07 00:00:00-05:00,3.941930883392542,3.941930883392542,3.820497326099207,3.8858845233917236,4105700,0.0,0.0
2022-01-10 00:00:00-05:00,3.885884718561759,3.904566839500348,3.7737919929302226,3.895226001739502,5590400,0.0,0.0
2022-01-11 00:00:00-05:00,3.9232482631851893,4.175457073741139,3.9045661455668528,4.166116237640381,10024900,0.0,0.0
2022-01-12 00:00:00-05:00,4.222162955969735,4.278209313676169,4.147434479027823,4.184798717498779,6257800,0.0,0.0
2022-01-13 00:00:00-05:00,4.194139573614614,4.194139573614614,4.016659662773256,4.026000499725342,5463000,0.0,0.0
2022-01-14 00:00:00-05:00,4.044682834659129,4.24084532069535,4.044682834659129,4.222163200378418,6730400,0.0,0.0
2022-01-17 00:00:00-05:00,4.1941394655197515,4.408984054882875,4.1941394655197515,4.352937698364258,3924600,0.0,0.0
2022-01-18 00:00:00-05:00,4.437007814635563,4.437007814635563,4.222163207899692,4.296891689300537,6826900,0.0,0.0
2022-01-19 00:00:00-05:00,4.352938042596937,4.362279325463844,4.203481080061486,4.222163200378418,4284700,0.0,0.0
2022-01-20 00:00:00-05:00,4.2315044754357745,4.306232956565583,4.147434711456299,4.147434711456299,4428300,0.0,0.0
2022-01-21 00:00:00-05:00,4.082047416636217,4.091388700284248,3.8858849141967724,3.9792959690093994,10151300,0.0,0.0
2022-01-24 00:00:00-05:00,3.8204969783536695,3.941930524593999,3.680380868396698,3.9045662879943848,8019300,0.0,0.0
2022-01-25 00:00:00-05:00,3.8952253094660936,4.166116237640381,3.8485197927118437,4.166116237640381,6694400,0.0,0.0
2022-01-26 00:00:00-05:00,4.278209597807221,4.278209597807221,4.082047110098428,4.1380934715271,7731400,0.0,0.0
2022-01-27 00:00:00-05:00,4.231504281261962,4.3342557153919845,4.138093238719233,4.17545747756958,8813900,0.0,0.0
2022-01-28 00:00:00-05:00,4.259527565416732,4.287550969419027,4.156775677964181,4.278209686279297,6919200,0.0,0.0
2022-01-31 00:00:00-05:00,4.324915805218522,4.427667261368211,4.25952815050939,4.408985137939453,6217300,0.0,0.0
2022-02-01 00:00:00-05:00,4.39030133059816,4.651851403699454,4.334254981808623,4.614487171173096,6690500,0.0,0.0
2022-02-02 00:00:00-05:00,4.661192012183997,4.745261753983607,4.577122715801152,4.651851177215576,5488100,0.0,0.0
2022-02-03 00:00:00-05:00,4.59580612824302,4.7172401350225295,4.52107764573775,4.670534610748291,5115100,0.0,0.0
2022-02-04 00:00:00-05:00,4.801310059420051,4.922744081483112,4.763945813464794,4.876038551330566,9128000,0.0,0.0
2022-02-07 00:00:00-05:00,4.913401974663544,4.913401974663544,4.726580347684797,4.773285865783691,6778400,0.0,0.0
2022-02-08 00:00:00-05:00,4.707898249102416,4.717239530927765,4.437007312002951,4.455689430236816,8295500,0.0,0.0
2022-02-09 00:00:00-05:00,4.50239567718356,4.651852647242133,4.446349313411595,4.567782878875732,6658100,0.0,0.0
2022-02-10 00:00:00-05:00,4.530417934626757,4.717239563679338,4.4837128614262385,4.605146408081055,6063700,0.0,0.0
2022-02-11 00:00:00-05:00,4.651853075599021,4.8947206743081955,4.651853075599021,4.876038551330566,10335700,0.0,0.0
2022-02-14 00:00:00-05:00,4.838673173792675,4.866696574413979,4.745262580749737,4.754603862762451,6682600,0.0,0.0
2022-02-15 00:00:00-05:00,4.577123513272445,4.754603862762451,4.549100112651143,4.754603862762451,5264000,0.0,0.0
2022-02-16 00:00:00-05:00,4.8013089365754995,4.885378693022567,4.745262580749737,4.754603862762451,5569300,0.0,0.0
2022-02-17 00:00:00-05:00,4.754604138731567,4.810650497810402,4.679875659959788,4.7078986167907715,3571200,0.0,0.0
2022-02-18 00:00:00-05:00,4.633170356343768,4.642511193921965,4.511736349908965,4.521077632904053,5480100,0.0,0.0
2022-02-22 00:00:00-05:00,4.6892152652404535,4.707897380025605,4.502394117388942,4.595804691314697,4654000,0.0,0.0
2022-02-23 00:00:00-05:00,4.614488958045495,4.726581699030335,4.595806834548022,4.633171081542969,4609400,0.0,0.0
2022-02-24 00:00:00-05:00,4.763945213879879,4.782627334506196,4.558441886990385,4.670534610748291,8619300,0.0,0.0
2022-02-25 00:00:00-05:00,4.717240279787356,5.3337507247924805,4.661193470771524,5.3337507247924805,20204400,0.0,0.0
2022-02-28 00:00:00-05:00,5.427161334928487,5.483207698570147,5.361773687971431,5.4084792137146,11122400,0.0,0.0
2022-03-01 00:00:00-05:00,5.492548519872258,5.5392535962698615,5.19363416017676,5.249680519104004,13225000,0.0,0.0
2022-03-02 00:00:00-05:00,5.371115206072124,5.389797328102655,5.20297610779735,5.221658229827881,7177800,0.0,0.0
2022-03-03 00:00:00-05:00,5.202975826880423,5.212316664682899,4.988131212420663,5.034836292266846,7200400,0.0,0.0
2022-03-04 00:00:00-05:00,5.053517777522284,5.539253308398577,5.053517777522284,5.52991247177124,11508600,0.0,0.0
2022-03-07 00:00:00-05:00,5.7821213255323665,5.875531919358243,5.651346494176138,5.6793694496154785,15482100,0.0,0.0
2022-03-08 00:00:00-05:00,5.912897466939397,6.19312975592163,5.791463445352633,5.93157958984375,16977300,0.0,0.0
2022-03-09 00:00:00-05:00,5.688709664041339,5.84750786645028,5.501888066035683,5.698050498962402,12035500,0.0,0.0
2022-03-10 00:00:00-05:00,5.838168299135022,5.838168299135022,5.679370050131847,5.735416412353516,6702900,0.0,0.0
2022-03-11 00:00:00-05:00,5.670029206500286,5.735416406314943,5.651347085779399,5.6606879234313965,4839700,0.0,0.0
2022-03-14 00:00:00-04:00,5.539253473652209,5.548594755975071,5.240339565990376,5.268362522125244,7440800,0.0,0.0
2022-03-15 00:00:00-04:00,4.810650054899827,5.165610741801856,4.773285818954016,5.090881824493408,11317500,0.0,0.0
2022-03-16 00:00:00-04:00,5.193633932330535,5.259021570918844,4.950766387633816,5.053517818450928,5717800,0.0,0.0
2022-03-17 00:00:00-04:00,5.26836262820709,5.315068149928125,5.1002235517617205,5.174952030181885,5962200,0.0,0.0
2022-03-18 00:00:00-04:00,5.156269534369252,5.230998007337138,5.062858943159395,5.081541061401367,7494600,0.0,0.0
2022-03-21 00:00:00-04:00,5.240339464149358,5.389796415075721,5.17495182541065,5.3617730140686035,7244600,0.0,0.0
2022-03-22 00:00:00-04:00,5.39913689884168,5.408477734184916,5.22165657315238,5.259020805358887,5981000,0.0,0.0
2022-03-23 00:00:00-04:00,5.3617733311916345,5.483207333709964,5.343091211220882,5.389796733856201,6743600,0.0,0.0
2022-03-24 00:00:00-04:00,5.380455521796518,5.389796358422808,5.268362364363124,5.296385765075684,4365000,0.0,0.0
2022-03-25 00:00:00-04:00,5.240340085275489,5.529913184726212,5.230998802026964,5.492548942565918,6534400,0.0,0.0
2022-03-28 00:00:00-04:00,5.305726717964214,5.333750119290839,5.2403395238968455,5.277703762054443,4876700,0.0,0.0
2022-03-29 00:00:00-04:00,5.062859435552499,5.268362756200601,4.969448835257908,5.230998516082764,6421900,0.0,0.0
2022-03-30 00:00:00-04:00,5.333749269771901,5.408477734184916,5.2309974084956155,5.259020805358887,4960800,0.0,0.0
2022-03-31 00:00:00-04:00,5.174951578079896,5.305726403890234,5.081540988215369,5.090881824493408,5236300,0.0,0.0
2022-04-01 00:00:00-04:00,5.034836332171949,5.2309988271646,4.988131251955591,5.184293746948242,3985000,0.0,0.0
2022-04-04 00:00:00-04:00,5.268363195025202,5.3244095598703,5.202975992081045,5.31506872177124,3903200,0.0,0.0
2022-04-05 00:00:00-04:00,5.333750060387191,5.371114298132153,5.11890547064523,5.128246307373047,4689300,0.0,0.0
2022-04-06 00:00:00-04:00,5.165611282194043,5.202975522048655,4.894719875122802,4.932084560394287,4835000,0.0,0.0
2022-04-07 00:00:00-04:00,4.941425230687188,5.128246423647876,4.941425230687188,5.109564304351807,4207200,0.0,0.0
2022-04-08 00:00:00-04:00,5.10956413296459,5.3244087203714,5.090882014295166,5.296385765075684,4299000,0.0,0.0
2022-04-11 00:00:00-04:00,5.165611318584988,5.305726996318437,5.128246633050275,5.230998516082764,5859900,0.0,0.0
2022-04-12 00:00:00-04:00,5.324409323924544,5.399138252490052,5.2963863654522605,5.352432727813721,4906600,0.0,0.0
2022-04-13 00:00:00-04:00,5.3897968585482,5.492548743472923,5.343091334832357,5.44584321975708,5016100,0.0,0.0
2022-04-14 00:00:00-04:00,5.501890317626696,6.024990204365513,5.492549478882992,5.93157958984375,12826400,0.0,0.0
2022-04-18 00:00:00-04:00,6.04367165619847,6.342586034894488,6.024989535368524,6.267857551574707,8832400,0.0,0.0
2022-04-19 00:00:00-04:00,6.1557647469822525,6.286539591100552,6.0623536986237205,6.202469825744629,7047000,0.0,0.0
2022-04-20 00:00:00-04:00,6.277197892287732,6.482701650563384,6.267857055320762,6.426655292510986,8451800,0.0,0.0
2022-04-21 00:00:00-04:00,6.510725663351862,6.67886521020928,6.211811705235442,6.258516788482666,8510600,0.0,0.0
2022-04-22 00:00:00-04:00,6.249174562919326,6.323903035861534,6.062352935146975,6.099717617034912,5719100,0.0,0.0
2022-04-25 00:00:00-04:00,5.744757272256501,5.90355550956213,5.670028794798995,5.884873390197754,7990600,0.0,0.0
2022-04-26 00:00:00-04:00,6.015647700405966,6.183786760001884,5.978283464940207,6.043670654296875,8050900,0.0,0.0
2022-04-27 00:00:00-04:00,6.099717292825954,6.407972450036759,5.950259909468586,6.3892903327941895,8855000,0.0,0.0
2022-04-28 00:00:00-04:00,6.445337517090856,6.660182115841113,6.389291158123424,6.641499996185303,9957400,0.0,0.0
2022-04-29 00:00:00-04:00,6.5480901805586935,6.65084162823846,6.071695404269717,6.137083053588867,11511900,0.0,0.0
2022-05-02 00:00:00-04:00,5.978283693293091,6.109058522418463,5.9222373379536455,6.0063066482543945,7202200,0.0,0.0
2022-05-03 00:00:00-04:00,6.127740855222357,6.417313923980938,6.0623532156638955,6.361267566680908,8441200,0.0,0.0
2022-05-04 00:00:00-04:00,6.44533722193255,6.5200656971336715,6.333244509130869,6.454678058624268,8257600,0.0,0.0
2022-05-05 00:00:00-04:00,6.5574307707672,6.58545417524886,6.165105780525392,6.249175548553467,8909900,0.0,0.0
2022-05-06 00:00:00-04:00,6.277198308097943,6.314562994691489,6.109059222802986,6.202469825744629,5161600,0.0,0.0
2022-05-09 00:00:00-04:00,6.081035750107938,6.081035750107938,5.613982329500576,5.6700286865234375,7041900,0.0,0.0
2022-05-10 00:00:00-04:00,5.726073966859923,5.894213006312951,5.5672757624459015,5.688709735870361,7270900,0.0,0.0
2022-05-11 00:00:00-04:00,5.800803821072363,5.922237823641829,5.754098298417376,5.772780418395996,6246300,0.0,0.0
2022-05-12 00:00:00-04:00,5.7260749405305935,5.7447570592021115,5.464524833712508,5.52991247177124,7354400,0.0,0.0
2022-05-13 00:00:00-04:00,5.735416418236755,5.875532546643101,5.623323693678435,5.810144901275635,5756500,0.0,0.0
2022-05-16 00:00:00-04:00,5.791462791679809,6.14642353221562,5.772780670884076,6.118400573730469,5911200,0.0,0.0
2022-05-17 00:00:00-04:00,6.202469819095716,6.2211519396640185,6.109059216254208,6.12774133682251,4210700,0.0,0.0
2022-05-18 00:00:00-04:00,6.183787929390848,6.183787929390848,5.894214827062904,5.940920352935791,3625400,0.0,0.0
2022-05-19 00:00:00-04:00,5.828826300304398,6.0997176859036415,5.763439108450131,6.0063066482543945,4380200,0.0,0.0
2022-05-20 00:00:00-04:00,6.053012884734108,6.109059246718502,5.8942146364032135,5.968943119049072,4532100,0.0,0.0
2022-05-24 00:00:00-04:00,6.024988854578623,6.109058611522414,5.959601661770648,6.071694374084473,5086000,0.0,0.0
2022-05-25 00:00:00-04:00,6.081035752058358,6.482701533559451,6.071694469843125,6.445337295532227,7853600,0.0,0.0
2022-05-26 00:00:00-04:00,6.538747815933952,6.622817573243636,6.417313821023707,6.454678058624268,5856200,0.0,0.0
2022-05-27 00:00:00-04:00,6.3986318907763575,6.482701650563384,6.32390341337316,6.426655292510986,3915100,0.0,0.0
2022-05-30 00:00:00-04:00,6.492043220941683,6.706887840455474,6.47336109948035,6.688205718994141,4931700,0.0,0.0
2022-05-31 00:00:00-04:00,6.772274162355464,6.828320515766317,6.445336878083737,6.510724067687988,8109500,0.0,0.0
2022-06-01 00:00:00-04:00,6.613476870650953,6.66952323196294,6.49204286509987,6.594794750213623,5435700,0.0,0.0
2022-06-02 00:00:00-04:00,6.538748627498098,6.753593243075426,6.454678859754,6.632159233093262,6032000,0.0,0.0
2022-06-03 00:00:00-04:00,6.65084059439838,7.17394037138756,6.6041355196449905,7.1459174156188965,12688300,0.0,0.0
2022-06-06 00:00:00-04:00,7.267352109990161,7.407467793129784,7.220646585332357,7.342080593109131,8450000,0.0,0.0
2022-06-07 00:00:00-04:00,7.295373752030126,7.90254323593578,7.220645282395611,7.7997918128967285,9843600,0.0,0.0
2022-06-08 00:00:00-04:00,7.939909417288645,8.463009723806318,7.883862605905597,8.173436164855957,14576200,0.0,0.0
2022-06-09 00:00:00-04:00,8.173434734344482,8.556418390791805,7.9492493097168335,8.406961441040039,12874800,0.0,0.0
2022-06-10 00:00:00-04:00,8.248164220224618,8.547078156367,8.108048535366326,8.238822937011719,10895100,0.0,0.0
2022-06-13 00:00:00-04:00,7.715722404289588,8.014636296094078,7.510218658257167,7.893202304840088,11152700,0.0,0.0
2022-06-14 00:00:00-04:00,8.089364728161305,8.136070246228122,7.500877338520198,7.510218620300293,8252100,0.0,0.0
2022-06-15 00:00:00-04:00,7.49153738743081,7.725064100642489,7.071189036399676,7.286033630371094,8671100,0.0,0.0
2022-06-16 00:00:00-04:00,6.818980113954819,7.117894017854087,6.818980113954819,6.91239070892334,9192200,0.0,0.0
2022-06-17 00:00:00-04:00,6.87502664782972,6.959095962756059,6.267857096786639,6.417314052581787,12608400,0.0,0.0
2022-06-20 00:00:00-04:00,6.370609491069472,6.566771984100342,6.305221844920216,6.566771984100342,3804300,0.0,0.0
2022-06-21 00:00:00-04:00,6.781616771717719,6.903050338507931,6.6228185165879285,6.688205718994141,6611300,0.0,0.0
2022-06-22 00:00:00-04:00,6.118400104960889,6.1837873000277765,5.856849988442759,5.884873390197754,10459700,0.0,0.0
2022-06-23 00:00:00-04:00,5.866191837775816,6.006307523841793,5.072200574511797,5.184293746948242,14982200,0.0,0.0
2022-06-24 00:00:00-04:00,5.296385792220959,5.894214038123419,5.296385792220959,5.6793694496154785,11389100,0.0,0.0
2022-06-27 00:00:00-04:00,5.8755325157417495,6.006307360372001,5.670029188465639,5.968943119049072,8314000,0.0,0.0
2022-06-28 00:00:00-04:00,6.193129496519065,6.361268595615641,6.1184010080316975,6.351927757263184,6742500,0.0,0.0
2022-06-29 00:00:00-04:00,6.5107252742503405,6.520066557591679,5.875532705797131,5.940920352935791,6329600,0.0,0.0
2022-06-30 00:00:00-04:00,5.735415791726155,5.9502603797027405,5.642005198131301,5.838167667388916,5686800,0.0,0.0
2022-07-04 00:00:00-04:00,5.987625209851802,6.146423457390811,5.800804004168786,6.12774133682251,4347100,0.0,0.0
2022-07-05 00:00:00-04:00,5.726075303467212,5.810144620109195,5.277703981514772,5.4738664627075195,10104000,0.0,0.0
2022-07-06 00:00:00-04:00,5.380455550565052,5.464524862318549,4.848014497514288,5.212316036224365,12108500,0.0,0.0
2022-07-07 00:00:00-04:00,5.501889170038003,5.726075043546299,5.464524932022762,5.6700286865234375,7019000,0.0,0.0
2022-07-08 00:00:00-04:00,5.763439682860584,5.7821218031690105,5.548595076605238,5.604641437530518,2876900,0.0,0.0
2022-07-11 00:00:00-04:00,5.380456216085038,5.576618264718127,5.287045165267404,5.492548942565918,3818100,0.0,0.0
2022-07-12 00:00:00-04:00,5.221657612760571,5.436502213430957,5.174952090495189,5.3991379737854,4725100,0.0,0.0
2022-07-13 00:00:00-04:00,5.296386207028195,5.483207409311583,5.2309985635205685,5.38045597076416,3836000,0.0,0.0
2022-07-14 00:00:00-04:00,5.146928969846053,5.2963859236769695,4.894719692131095,5.268362522125244,7754000,0.0,0.0
2022-07-15 00:00:00-04:00,5.42716105659419,5.492548700197812,5.389796816082657,5.455184459686279,3994000,0.0,0.0
2022-07-18 00:00:00-04:00,5.642005393044,5.978283987019636,5.604641154315248,5.884873390197754,6973900,0.0,0.0
2022-07-19 00:00:00-04:00,5.800804004168786,6.155764740383407,5.763439763032182,6.12774133682251,5977700,0.0,0.0
2022-07-20 00:00:00-04:00,6.043670888446393,6.239833354949951,5.950260296162995,6.239833354949951,6097600,0.0,0.0
2022-07-21 00:00:00-04:00,5.950260219604322,6.006306574253244,5.782121155657555,5.8661909103393555,5870000,0.0,0.0
2022-07-22 00:00:00-04:00,5.8661914104892,5.9596020095348985,5.6793697669809315,5.707393169403076,3260300,0.0,0.0
2022-07-25 00:00:00-04:00,5.772780250530025,6.0810358893388345,5.75409813109466,6.034330368041992,4470900,0.0,0.0
2022-07-26 00:00:00-04:00,6.202469114650873,6.267856751921978,5.950260292914948,6.0063066482543945,4857900,0.0,0.0
2022-07-27 00:00:00-04:00,6.071694720820999,6.36126780021013,5.959602002105892,6.323903560638428,5840500,0.0,0.0
2022-07-28 00:00:00-04:00,6.454678881556988,6.594795013131478,6.174447063824913,6.249175548553467,6310600,0.0,0.0
2022-07-29 00:00:00-04:00,6.454678248828755,6.58545352970121,6.370608934458589,6.426655292510986,5770200,0.0,0.0
2022-08-02 00:00:00-04:00,6.071694216973167,6.174446089977119,5.978283625795409,6.099717617034912,5362300,0.0,0.0
2022-08-03 00:00:00-04:00,6.174445996514778,6.239833186641029,5.623322848783078,5.64200496673584,6005400,0.0,0.0
2022-08-04 00:00:00-04:00,5.492548519872258,5.5392535962698615,5.24033968199123,5.249680519104004,7926400,0.0,0.0
2022-08-05 00:00:00-04:00,5.165611937483643,5.548595667285682,5.118906409032059,5.436502933502197,5714500,0.0,0.0
2022-08-08 00:00:00-04:00,5.361772958310741,5.567276709114275,5.333750003011887,5.52991247177124,4823900,0.0,0.0
2022-08-09 00:00:00-04:00,5.595300750049394,5.688711806948039,5.483208016271337,5.511231422424316,3259100,0.0,0.0
2022-08-10 00:00:00-04:00,5.492548673675182,5.688711158121929,5.3897967900562,5.613982677459717,4834800,0.0,0.0
2022-08-11 00:00:00-04:00,5.754097896967741,6.071694359863206,5.7260749416633425,5.9969658851623535,5105400,0.0,0.0
2022-08-12 00:00:00-04:00,5.903555961871098,6.2398341361942835,5.875532557969052,6.118400573730469,7181900,0.0,0.0
2022-08-15 00:00:00-04:00,5.791461842194588,6.0623527720297545,5.660687018064429,6.043670654296875,6035500,0.0,0.0
2022-08-16 00:00:00-04:00,6.04367138079442,6.249175145976111,5.735416178438757,5.772780418395996,7374100,0.0,0.0
2022-08-17 00:00:00-04:00,5.7634403249919055,6.062354283230103,5.754099041088496,5.9596028327941895,4984200,0.0,0.0
2022-08-18 00:00:00-04:00,6.081035347120413,6.314562041948384,6.062352783934027,6.277197360992432,6514700,0.0,0.0
2022-08-19 00:00:00-04:00,6.165104967679326,6.2958797987121216,6.071694374084473,6.071694374084473,4727400,0.0,0.0
2022-08-22 00:00:00-04:00,5.950259711731856,6.193127673231178,5.828825730982195,6.183786392211914,6033900,0.0,0.0
2022-08-23 00:00:00-04:00,6.314562503925124,6.594794290970501,6.314562503925124,6.435996055603027,5950800,0.0,0.0
2022-08-24 00:00:00-04:00,6.445337975001823,6.594794942866524,6.361268207869479,6.566771984100342,5349100,0.0,0.0
2022-08-25 00:00:00-04:00,6.604135789412062,6.725569345064698,6.557430267333984,6.557430267333984,4733500,0.0,0.0
2022-08-26 00:00:00-04:00,6.538747656609915,6.641499530216213,6.445337064884568,6.482701301574707,4393600,0.0,0.0
2022-08-29 00:00:00-04:00,6.4733607584319355,6.884367854344313,6.454678637954868,6.744251728057861,7643400,0.0,0.0
2022-08-30 00:00:00-04:00,6.576112290822563,6.5854535732681905,6.32390345520982,6.417314052581787,5732100,0.0,0.0
2022-08-31 00:00:00-04:00,6.239833569822417,6.529406638580998,6.183787212522387,6.361267566680908,4828300,0.0,0.0
2022-09-01 00:00:00-04:00,6.211810326448223,6.295879635799789,6.024988698675871,6.099717617034912,4154100,0.0,0.0
2022-09-02 00:00:00-04:00,6.407973061304332,6.435996017132941,6.109058711492453,6.21181058883667,4096600,0.0,0.0
2022-09-06 00:00:00-04:00,6.295880421937225,6.342585946066423,6.0903770956859065,6.12774133682251,3386700,0.0,0.0
2022-09-07 00:00:00-04:00,5.931578486133448,5.940919768555931,5.632664575283802,5.726075172424316,5242600,0.0,0.0
2022-09-08 00:00:00-04:00,5.77277895999796,5.84750786645028,5.623322037926845,5.698050498962402,4952100,0.0,0.0
2022-09-09 00:00:00-04:00,5.828827413419763,5.968943551234395,5.772781047377295,5.9035563468933105,4340300,0.0,0.0
2022-09-12 00:00:00-04:00,6.024988840466752,6.127740715888845,5.9502603657658995,5.9969658851623535,3990200,0.0,0.0
2022-09-13 00:00:00-04:00,5.847509173688346,6.165105204089545,5.847509173688346,6.034330368041992,4512800,0.0,0.0
2022-09-14 00:00:00-04:00,6.11839967037378,6.361267204859904,6.11839967037378,6.34258508682251,5048900,0.0,0.0
2022-09-15 00:00:00-04:00,6.165105577959113,6.23983406023232,6.0903770956859065,6.12774133682251,4690800,0.0,0.0
2022-09-16 00:00:00-04:00,6.071694975117604,6.174446860951709,5.884873769434588,6.12774133682251,26834000,0.0,0.0
2022-09-19 00:00:00-04:00,5.9502600773166385,6.361267113663884,5.940919241140267,6.277197360992432,5205300,0.0,0.0
2022-09-20 00:00:00-04:00,6.239833125453303,6.314562041948384,6.127740418835915,6.277197360992432,3991700,0.0,0.0
2022-09-21 00:00:00-04:00,6.398632929058205,6.435997173822757,6.202470421335837,6.258516788482666,5106600,0.0,0.0
2022-09-22 00:00:00-04:00,6.426654735946142,6.510724043035691,6.043670654296875,6.043670654296875,4287900,0.0,0.0
2022-09-23 00:00:00-04:00,5.744758174115247,5.782122418709742,5.427161649645108,5.436502933502197,7822300,0.0,0.0
2022-09-26 00:00:00-04:00,5.380456325866974,5.46452564973452,4.978790046322938,5.0161542892456055,8099200,0.0,0.0
2022-09-27 00:00:00-04:00,5.118905753912558,5.343091192788191,5.100223634006255,5.240339756011963,5136000,0.0,0.0
2022-09-28 00:00:00-04:00,5.277704825735434,5.557936668395996,5.193635050228794,5.557936668395996,3971100,0.0,0.0
2022-09-29 00:00:00-04:00,5.511230871173792,5.520571708679199,5.268362860196822,5.520571708679199,4797000,0.0,0.0
2022-09-30 00:00:00-04:00,5.436501791092414,5.595299574541275,5.305726517075465,5.464524745941162,4240000,0.0,0.0
2022-10-03 00:00:00-04:00,5.7634388531207925,5.922237075589298,5.726074617883123,5.894213676452637,5160600,0.0,0.0
2022-10-04 00:00:00-04:00,6.1184009343610635,6.295880869673092,6.034331163116582,6.2865400314331055,7571000,0.0,0.0
2022-10-05 00:00:00-04:00,6.3239032270223055,6.492042296224827,6.174446276620063,6.454678058624268,5641900,0.0,0.0
2022-10-06 00:00:00-04:00,6.4079736602543065,6.678864634140766,6.361268135618617,6.576112747192383,4814800,0.0,0.0
2022-10-07 00:00:00-04:00,6.632158962951165,6.818980611948747,6.566771764406362,6.7535929679870605,6391800,0.0,0.0
2022-10-11 00:00:00-04:00,6.379950194042194,6.520066321163103,6.202469825744629,6.202469825744629,4913000,0.0,0.0
2022-10-12 00:00:00-04:00,6.183788102158289,6.183788102158289,5.884874153554621,6.06235408782959,4174100,0.0,0.0
2022-10-13 00:00:00-04:00,5.9315781777063155,6.351926511106868,5.894213940792955,6.239833354949951,4194700,0.0,0.0
2022-10-14 00:00:00-04:00,6.11840052975768,6.2304932537264675,5.950260998387607,5.968943119049072,2653500,0.0,0.0
2022-10-17 00:00:00-04:00,6.053012884734108,6.165105608702896,5.922238040103856,5.968943119049072,2882600,0.0,0.0
2022-10-18 00:00:00-04:00,5.968943551234395,6.024989917276863,5.735416803348983,5.9035563468933105,4125900,0.0,0.0
2022-10-19 00:00:00-04:00,5.931578488439055,6.099718008774199,5.856850010697597,6.034330368041992,3370300,0.0,0.0
2022-10-20 00:00:00-04:00,6.146423773137642,6.351927555362748,6.09037740855359,6.155765056610107,4359800,0.0,0.0
2022-10-21 00:00:00-04:00,6.165105780525392,6.277198507618222,6.015648811068286,6.249175548553467,3716400,0.0,0.0
2022-10-24 00:00:00-04:00,6.211810697268365,6.4920424875303535,6.211810697268365,6.426655292510986,5033400,0.0,0.0
2022-10-25 00:00:00-04:00,6.407973341743073,6.622817942637891,6.370609102058484,6.473360538482666,4080100,0.0,0.0
2022-10-26 00:00:00-04:00,6.538748125396632,6.772274844160798,6.51072472316151,6.716228485107422,5242200,0.0,0.0
2022-10-27 00:00:00-04:00,6.875026649446624,6.940413844913947,6.669522889763101,6.725569248199463,5065400,0.0,0.0
2022-10-28 00:00:00-04:00,6.706887480050584,6.762933841422848,6.473360751624377,6.669523239135742,3421600,0.0,0.0
2022-10-31 00:00:00-04:00,6.548089165837681,6.9590957836991745,6.548089165837681,6.91239070892334,5042000,0.0,0.0
2022-11-01 00:00:00-04:00,7.07118920263215,7.183281920708832,7.015142843593808,7.024483680725098,2798200,0.0,0.0
2022-11-02 00:00:00-04:00,7.024484152375478,7.127236040220019,6.847003780795594,6.949755668640137,5120200,0.0,0.0
2022-11-03 00:00:00-04:00,6.772275386318084,7.2953752247767625,6.772275386318084,7.239328861236572,5797800,0.0,0.0
2022-11-04 00:00:00-04:00,7.472855334936096,7.612971016132637,6.940414231971819,7.052507400512695,10182200,0.0,0.0
2022-11-07 00:00:00-05:00,7.09921244018035,7.173940921853267,6.89370911557983,6.977778434753418,3913100,0.0,0.0
2022-11-08 00:00:00-05:00,6.968437789573972,7.024484152375478,6.893709305838631,6.949755668640137,2840500,0.0,0.0
2022-11-09 00:00:00-05:00,6.912391111356849,6.912391111356849,6.473360621319541,6.538748264312744,4260000,0.0,0.0
2022-11-10 00:00:00-05:00,6.725569564741513,6.847003569777409,6.641500245838642,6.7535929679870605,3596500,0.0,0.0
2022-11-11 00:00:00-05:00,6.893708000315749,7.0431649394824385,6.893708000315749,6.931072235107422,4306900,0.0,0.0
2022-11-14 00:00:00-05:00,6.8656853669987985,6.8656853669987985,6.660182052732139,6.725569248199463,4287800,0.0,0.0
2022-11-15 00:00:00-05:00,6.697546923439913,6.931073661660736,6.669523518869976,6.856345176696777,3617100,0.0,0.0
2022-11-16 00:00:00-05:00,6.800298768581459,6.809639606432524,6.566772031885098,6.632159233093262,3977300,0.0,0.0
2022-11-17 00:00:00-05:00,6.492042605386097,6.52006600762946,6.230492929726767,6.407973289489746,5159400,0.0,0.0
2022-11-18 00:00:00-05:00,6.165104410303399,6.417313212916184,6.1090580592135355,6.3986310958862305,4244500,0.0,0.0
2022-11-21 00:00:00-05:00,6.258516077170074,6.314562883363827,6.015648513803633,6.295880317687988,4595400,0.0,0.0
2022-11-22 00:00:00-05:00,6.464019701269955,6.482701821112249,6.3239035797443135,6.473360538482666,2595900,0.0,0.0
2022-11-23 00:00:00-05:00,6.305221990967182,6.40797388146264,6.267857748135543,6.314563274383545,2493300,0.0,0.0
2022-11-24 00:00:00-05:00,6.286538732710327,6.351926368549622,6.286538732710327,6.34258508682251,659600,0.0,0.0
2022-11-25 00:00:00-05:00,6.342585447580898,6.40797308713936,6.305221209380878,6.361267566680908,3052700,0.0,0.0
2022-11-28 00:00:00-05:00,6.221151836652161,6.379950081561736,6.1184003979363375,6.295880317687988,3133300,0.0,0.0
2022-11-29 00:00:00-05:00,6.398631775289769,6.650840604681964,6.398631775289769,6.445337295532227,4571300,0.0,0.0
2022-11-30 00:00:00-05:00,6.5854535732681905,6.61347652977135,6.398631933107394,6.417314052581787,3628700,0.0,0.0
2022-12-01 00:00:00-05:00,6.53874852631736,6.576112767977251,6.2304933099148165,6.267857551574707,3735700,0.0,0.0
2022-12-02 00:00:00-05:00,6.23983434330336,6.417314719462095,6.23983434330336,6.314563274383545,2404900,0.0,0.0
2022-12-05 00:00:00-05:00,6.4640191453365885,6.510724218217051,6.08103549879936,6.099717617034912,4022800,0.0,0.0
2022-12-06 00:00:00-05:00,6.071694660854176,6.221151617664881,5.782121584325,5.791462421417236,4681200,0.0,0.0
2022-12-07 00:00:00-05:00,5.79146107525685,5.903554212226948,5.65134543352356,5.698050498962402,3766100,0.0,0.0
2022-12-08 00:00:00-05:00,5.856850284402716,5.931578765636422,5.576618034359437,5.604641437530518,4067200,0.0,0.0
2022-12-09 00:00:00-05:00,5.576618673160695,5.623324201990317,5.3337510813306865,5.427161693572998,5089000,0.0,0.0
2022-12-12 00:00:00-05:00,5.42716109935412,5.548595104681804,5.380456021055162,5.44584321975708,3667400,0.0,0.0
2022-12-13 00:00:00-05:00,5.6046416690467975,5.642005911207091,5.436502579325478,5.492548942565918,3497700,0.0,0.0
2022-12-14 00:00:00-05:00,5.52991310960595,5.567277351258674,5.3711148598734235,5.501889705657959,3298300,0.0,0.0
2022-12-15 00:00:00-05:00,5.445842715040991,5.539253308398577,5.380455522399102,5.52991247177124,2581200,0.0,0.0
2022-12-16 00:00:00-05:00,5.371114253997803,5.445842728873686,5.268362378335041,5.371114253997803,4044800,0.0,0.0
2022-12-19 00:00:00-05:00,5.417820733856912,5.436502855887443,5.146929741705759,5.221658229827881,3136800,0.0,0.0
2022-12-20 00:00:00-05:00,5.193634003491423,5.31506800021204,5.174951884412624,5.277703762054443,2279600,0.0,0.0
2022-12-21 00:00:00-05:00,5.389797404789622,5.520572260864022,5.3430918763403,5.511231422424316,2946700,0.0,0.0
2022-12-22 00:00:00-05:00,5.539253980443095,5.5766182223193095,5.259022166371488,5.3430914878845215,2574200,0.0,0.0
2022-12-23 00:00:00-05:00,5.436501878973175,5.763439178466797,5.417819760299735,5.763439178466797,3721200,0.0,0.0
2022-12-28 00:00:00-05:00,5.623323474551639,5.6980519546785375,5.492548634329566,5.5392537117004395,3011100,0.0,0.0
2022-12-29 00:00:00-05:00,5.483208177019846,5.5953009140840715,5.445843931331772,5.557936668395996,2537600,0.0,0.0
2022-12-30 00:00:00-05:00,5.511230380728899,5.72607496923684,5.492548261963724,5.6793694496154785,1894500,0.0,0.0
2023-01-03 00:00:00-05:00,5.613983113028673,5.688711599488803,5.305727438255267,5.31506872177124,2943800,0.0,0.0
2023-01-04 00:00:00-05:00,5.202975432297879,5.333750269533166,5.146929073482756,5.174952030181885,2676200,0.0,0.0
2023-01-05 00:00:00-05:00,5.156269752840069,5.296385868299982,5.1469289160317295,5.202975273132324,1987000,0.0,0.0
2023-01-06 00:00:00-05:00,5.287044048309326,5.371113798117588,5.202974743917871,5.287044048309326,2103700,0.0,0.0
2023-01-09 00:00:00-05:00,5.427160930811133,5.557935769570581,5.352432451520019,5.3991379737854,2189900,0.0,0.0
2023-01-10 00:00:00-05:00,5.417820537039439,5.43650265839129,5.24968099945588,5.324409484863281,2486900,0.0,0.0
2023-01-11 00:00:00-05:00,5.371114613885449,5.408478853826954,5.287044851308624,5.389796733856201,1836600,0.0,0.0
2023-01-12 00:00:00-05:00,5.371114865283115,5.5953003154252565,5.371114865283115,5.576618194580078,2713300,0.0,0.0
2023-01-13 00:00:00-05:00,5.585958827785793,5.585958827785793,5.4178197597421365,5.52991247177124,2404000,0.0,0.0
2023-01-16 00:00:00-05:00,5.473866115756689,5.539253308398577,5.455183997085172,5.52991247177124,1018700,0.0,0.0
2023-01-17 00:00:00-05:00,5.688710558230201,5.688710558230201,5.539253167249631,5.632664203643799,2353000,0.0,0.0
2023-01-18 00:00:00-05:00,5.698052400411951,5.828827250863962,5.539254145011769,5.548595428466797,3208200,0.0,0.0
2023-01-19 00:00:00-05:00,5.529912956296812,5.660687798455797,5.492548715679959,5.604641437530518,2013500,0.0,0.0
2023-01-20 00:00:00-05:00,5.623323681989623,5.726075568662946,5.5766181574789595,5.6606879234313965,2224600,0.0,0.0
2023-01-23 00:00:00-05:00,5.698051320594124,5.7167334385468855,5.623322848783078,5.64200496673584,2318000,0.0,0.0
2023-01-24 00:00:00-05:00,5.623324156202374,5.623324156202374,5.4925493001279735,5.511231422424316,2235900,0.0,0.0
2023-01-25 00:00:00-05:00,5.473867178096692,5.473867178096692,5.305727632004534,5.436502933502197,2941700,0.0,0.0
2023-01-26 00:00:00-05:00,5.511231583994374,5.576618791240033,5.4271618084877336,5.557936668395996,2814800,0.0,0.0
2023-01-27 00:00:00-05:00,5.576618049261978,5.782121818620725,5.548595091432894,5.754098415374756,6156300,0.0,0.0
2023-01-30 00:00:00-05:00,5.688710731706489,5.800803444297541,5.632664375410963,5.6793694496154785,3172100,0.0,0.0
2023-01-31 00:00:00-05:00,5.670029096470618,5.791462656091459,5.6233235728662985,5.754098415374756,3160300,0.0,0.0
2023-02-01 00:00:00-05:00,5.77278056460164,5.782121847535972,5.445843233987104,5.595300197601318,4729500,0.0,0.0
2023-02-02 00:00:00-05:00,5.585959181841411,5.632664704188969,5.408478820504313,5.4738664627075195,2936900,0.0,0.0
2023-02-03 00:00:00-05:00,5.4832072257995605,5.660687584737306,5.44584298659339,5.4832072257995605,2584300,0.0,0.0
2023-02-06 00:00:00-05:00,5.492548572899293,5.492548572899293,5.3337503316972406,5.3991379737854,2582300,0.0,0.0
2023-02-07 00:00:00-05:00,5.4458427423423625,5.698051568380654,5.4178197869030225,5.6793694496154785,3587900,0.0,0.0
2023-02-08 00:00:00-05:00,5.707392850471664,5.772780043441355,5.604640974554776,5.6793694496154785,2977700,0.0,0.0
2023-02-09 00:00:00-05:00,5.6606879610918295,5.679370081937008,5.576618194580078,5.576618194580078,1981300,0.0,0.0
2023-02-10 00:00:00-05:00,5.651346466426157,5.791462133768535,5.6326643477527165,5.763439178466797,3874300,0.0,0.0
2023-02-13 00:00:00-05:00,5.72607496923684,5.7821213255323665,5.651346494176138,5.6793694496154785,1918100,0.0,0.0
2023-02-14 00:00:00-05:00,5.604641173433216,5.772780248286143,5.567276934577011,5.726075172424316,2280400,0.0,0.0
2023-02-15 00:00:00-05:00,5.679369834646812,5.679369834646812,5.464525231573541,5.5392537117004395,4108300,0.0,0.0
2023-02-16 00:00:00-05:00,5.511231063646065,5.6046416690467975,5.492548942565918,5.492548942565918,2203000,0.0,0.0
2023-02-17 00:00:00-05:00,5.417820613362375,5.427161451461434,5.296386600156207,5.31506872177124,3459100,0.0,0.0
2023-02-21 00:00:00-05:00,5.324409433014219,5.324409433014219,5.1189061001450575,5.184293746948242,3950400,0.0,0.0
2023-02-22 00:00:00-05:00,5.156270262881174,5.249680867288697,5.072200496205954,5.118906021118164,2920200,0.0,0.0
2023-02-23 00:00:00-05:00,5.2309975844045695,5.361772401525064,5.118904884015573,5.305726051330566,3376800,0.0,0.0
2023-02-24 00:00:00-05:00,5.268362419739627,5.3617730140686035,5.17495182541065,5.3617730140686035,4493400,0.0,0.0
2023-02-27 00:00:00-05:00,5.361773455235317,5.557935942174842,5.324409214429396,5.44584321975708,2953200,0.0,0.0
2023-02-28 00:00:00-05:00,5.146928285728134,5.165610402473815,4.9134016036987305,4.9134016036987305,20009300,0.0,0.0
2023-03-01 00:00:00-05:00,4.969449518522879,5.240340519331274,4.932085273267717,5.044178009033203,10702800,0.0,0.0
2023-03-02 00:00:00-05:00,5.100223541259766,5.146929062884629,4.978789541368613,5.100223541259766,10703700,0.0,0.0
2023-03-03 00:00:00-05:00,5.053517928284873,5.333750162134699,4.997471570598279,5.268362522125244,8737000,0.0,0.0
2023-03-06 00:00:00-05:00,5.277704473510347,5.3244095547949515,5.1375883388227095,5.165611743927002,5905800,0.0,0.0
2023-03-07 00:00:00-05:00,5.174952867426271,5.202976274076112,4.98813164115046,5.044178009033203,5087200,0.0,0.0
2023-03-08 00:00:00-05:00,5.0254954544643695,5.15627030161734,4.960107808179433,5.034836292266846,3708900,0.0,0.0
2023-03-09 00:00:00-05:00,5.053518152164639,5.165611317920608,4.819991428749757,4.848014831542969,6769000,0.0,0.0
2023-03-10 00:00:00-05:00,4.838674067066847,4.876038311181887,4.63317072443413,4.6892170906066895,8974000,0.0,0.0
2023-03-13 00:00:00-04:00,4.50239510829031,4.661192896204439,4.3996432316496445,4.427666187286377,6879100,0.0,0.0
2023-03-14 00:00:00-04:00,4.399643504106784,4.651852347540178,4.362279263999383,4.465031147003174,7088400,0.0,0.0
2023-03-15 00:00:00-04:00,4.250186883272952,4.26886900481938,3.9045669665386726,4.100729465484619,10586100,0.0,0.0
2023-03-16 00:00:00-04:00,4.0166602887614085,4.2501870393773755,3.9232492321814783,4.231504917144775,9023400,0.0,0.0
2023-03-17 00:00:00-04:00,4.175458560656515,4.184799845500602,4.035342851331037,4.082047939300537,5802900,0.0,0.0
2023-03-20 00:00:00-04:00,4.0820468804437136,4.194139596994754,4.016659685164037,4.17545747756958,4916900,0.0,0.0
2023-03-21 00:00:00-04:00,4.296891654547417,4.437007778749188,4.287550817156301,4.3809614181518555,5443800,0.0,0.0
2023-03-22 00:00:00-04:00,4.408984172698039,4.483713095469921,4.334255695343018,4.334255695343018,4599000,0.0,0.0
2023-03-23 00:00:00-04:00,4.390302367208609,4.47437213295133,4.231504564185646,4.287550926208496,3946600,0.0,0.0
2023-03-24 00:00:00-04:00,4.166117151779965,4.362279652523362,4.110070786627126,4.324915409088135,5876100,0.0,0.0
2023-03-27 00:00:00-04:00,4.446347773033488,4.6425097555692,4.33425463890583,4.595804691314697,6084600,0.0,0.0
2023-03-28 00:00:00-04:00,4.670534292700314,4.735921933148187,4.5771236959296795,4.642510890960693,4558400,0.0,0.0
2023-03-29 00:00:00-04:00,4.735922336578369,4.791968699415067,4.67053469056044,4.735922336578369,3903500,0.0,0.0
2023-03-30 00:00:00-04:00,4.810650987651362,4.810650987651362,4.707899096169097,4.782627582550049,2913400,0.0,0.0
2023-03-31 00:00:00-04:00,4.810650820360633,4.857355900016098,4.726581053397138,4.735922336578369,3194900,0.0,0.0
2023-04-03 00:00:00-04:00,5.062859058380127,5.118905414381546,4.9227429456681575,5.062859058380127,6510800,0.0,0.0
2023-04-04 00:00:00-04:00,5.100223206122777,5.128246160922807,4.838673103960424,4.997471332550049,4344000,0.0,0.0
2023-04-05 00:00:00-04:00,4.978789082337431,5.006812481812038,4.866696375272648,4.94142484664917,2081200,0.0,0.0
2023-04-06 00:00:00-04:00,4.950767488658028,4.969449611635657,4.848015589572596,4.876038551330566,2200000,0.0,0.0
2023-04-10 00:00:00-04:00,4.894719082609906,5.006812229441406,4.866696129964631,4.904060363769531,2431800,0.0,0.0
2023-04-11 00:00:00-04:00,4.997471234628881,5.165610741801856,4.969448280377937,5.090881824493408,7557500,0.0,0.0
2023-04-12 00:00:00-04:00,5.174951695360234,5.174951695360234,5.025494748189837,5.072199821472168,4356500,0.0,0.0
2023-04-13 00:00:00-04:00,5.016153424846051,5.11890529788531,5.0068125884334815,5.081541061401367,3227200,0.0,0.0
2023-04-14 00:00:00-04:00,5.100223106188274,5.156269460106991,5.034835470574692,5.090881824493408,3271300,0.0,0.0
2023-04-17 00:00:00-04:00,5.090881881591815,5.100223163391451,4.988130454296807,5.006812572479248,2587200,0.0,0.0
2023-04-18 00:00:00-04:00,5.006813166694827,5.044177407494148,4.922743402187911,4.988131046295166,2560600,0.0,0.0
2023-04-19 00:00:00-04:00,4.904061675403102,4.932085080960279,4.838674026047635,4.922743797302246,3337000,0.0,0.0
2023-04-20 00:00:00-04:00,4.810650218588215,4.876037411009851,4.717239625545275,4.754603862762451,3251200,0.0,0.0
2023-04-21 00:00:00-04:00,4.782626860381793,4.810650261251623,4.70789838528471,4.745262622833252,2542300,0.0,0.0
2023-04-24 00:00:00-04:00,4.735921510472135,4.960106922713343,4.6985572750986,4.950766086578369,3600000,0.0,0.0
2023-04-25 00:00:00-04:00,4.876037292934329,4.922742811033224,4.76394458399718,4.773285865783691,3083200,0.0,0.0
2023-04-26 00:00:00-04:00,4.754602889696858,4.79196711926716,4.5677812964285955,4.595804691314697,4676500,0.0,0.0
2023-04-27 00:00:00-04:00,4.62382852644463,4.698557445315764,4.558441334880537,4.605146408081055,3023600,0.0,0.0
2023-04-28 00:00:00-04:00,4.642510634063879,4.829332262684092,4.605146397423203,4.763944625854492,3595600,0.0,0.0
2023-05-01 00:00:00-04:00,4.698558212144536,4.829333062032683,4.689216928729786,4.717240333557129,2785400,0.0,0.0
2023-05-02 00:00:00-04:00,4.679876595781876,4.679876595781876,4.35293876765318,4.408985137939453,5914300,0.0,0.0
2023-05-03 00:00:00-04:00,4.324915211144156,4.371620290592118,4.222163323691604,4.278209686279297,3908700,0.0,0.0
2023-05-04 00:00:00-04:00,4.278209337326751,4.390302053359284,4.231504261688292,4.334255695343018,2649500,0.0,0.0
2023-05-05 00:00:00-04:00,4.483712423384421,4.558440889538029,4.446348190307617,4.446348190307617,4076600,0.0,0.0
2023-05-08 00:00:00-04:00,4.558441027854073,4.567781863698305,4.31557306006875,4.343596458435059,3701900,0.0,0.0
2023-05-09 00:00:00-04:00,4.268868605808409,4.315573682600501,4.194139681190697,4.240845203399658,3903000,0.0,0.0
2023-05-10 00:00:00-04:00,4.259527477330997,4.287550880753776,4.128752633997431,4.1380934715271,3407000,0.0,0.0
2023-05-11 00:00:00-04:00,4.110070513521207,4.1661168749498785,4.044682869145981,4.1380934715271,3366700,0.0,0.0
2023-05-12 00:00:00-04:00,4.166116757230945,4.222163117075955,4.10072911470333,4.15677547454834,3050000,0.0,0.0
2023-05-15 00:00:00-04:00,4.17545736168415,4.240845000565922,4.138093123870808,4.19413948059082,2242900,0.0,0.0
2023-05-16 00:00:00-04:00,4.194139453017376,4.231504136001922,4.0260003839627325,4.044682502746582,3886800,0.0,0.0
2023-05-17 00:00:00-04:00,4.08204714734274,4.268868799226412,4.054024189081168,4.212822437286377,4202300,0.0,0.0
2023-05-18 00:00:00-04:00,4.166116103219009,4.278208805312312,4.138092704987281,4.2688679695129395,1658100,0.0,0.0
2023-05-19 00:00:00-04:00,4.334256291065458,4.35293841297198,4.240845681532846,4.3155741691589355,1719700,0.0,0.0
2023-05-23 00:00:00-04:00,4.352938057840303,4.427666539369716,4.3249150999752155,4.371620178222656,2845200,0.0,0.0
2023-05-24 00:00:00-04:00,4.427666495941192,4.427666495941192,4.315573774746527,4.3809614181518555,2105800,0.0,0.0
2023-05-25 00:00:00-04:00,4.315573432833844,4.324914714901752,4.15677520101417,4.2034807205200195,3343100,0.0,0.0
2023-05-26 00:00:00-04:00,4.259527877785211,4.259527877785211,4.16611726662221,4.231504917144775,1742900,0.0,0.0
2023-05-29 00:00:00-04:00,4.240845444554169,4.296891807141861,4.20348120282904,4.278209686279297,1429200,0.0,0.0
2023-05-30 00:00:00-04:00,4.184798988199168,4.194139825712705,4.026000741717059,4.0633649826049805,3452600,0.0,0.0
2023-05-31 00:00:00-04:00,3.96995433058918,4.072706214450568,3.9512722103795532,3.9979777336120605,5318200,0.0,0.0
2023-06-01 00:00:00-04:00,4.0166599111400885,4.184798995426102,3.979295670187641,4.1380934715271,2967200,0.0,0.0
2023-06-02 00:00:00-04:00,4.250186226340563,4.4276661308908905,4.250186226340563,4.362278938293457,4469600,0.0,0.0
2023-06-05 00:00:00-04:00,4.493054549979357,4.511736671885879,4.3155741691589355,4.3155741691589355,2681000,0.0,0.0
2023-06-06 00:00:00-04:00,4.23150480050007,4.343597530805748,4.222163516932805,4.324915409088135,2845900,0.0,0.0
2023-06-07 00:00:00-04:00,4.362279181770014,4.455689780277718,4.343597062068473,4.399643421173096,3160800,0.0,0.0
2023-06-08 00:00:00-04:00,4.3996438959585875,4.4183260176762005,4.240845638650418,4.324915409088135,2104600,0.0,0.0
2023-06-09 00:00:00-04:00,4.3155741691589355,4.380961818540223,4.278209925345891,4.3155741691589355,2118600,0.0,0.0
2023-06-12 00:00:00-04:00,4.2034810723036555,4.250186595718226,4.110070470891395,4.147434711456299,3331200,0.0,0.0
2023-06-13 00:00:00-04:00,4.24084532069535,4.371620162913868,4.203481080061486,4.222163200378418,3176900,0.0,0.0
2023-06-14 00:00:00-04:00,4.259528295824681,4.30623382869843,4.035342807031421,4.091389179229736,5962200,0.0,0.0
2023-06-15 00:00:00-04:00,4.1100710623015395,4.194140392961114,4.082047655137051,4.128753185272217,2315100,0.0,0.0
2023-06-16 00:00:00-04:00,4.128752702660606,4.212822468910177,3.9606131701614626,4.0540242195129395,14015000,0.0,0.0
2023-06-19 00:00:00-04:00,4.0166601412341505,4.110070748966288,3.941931209631528,4.100729465484619,1344900,0.0,0.0
2023-06-20 00:00:00-04:00,4.063365294757076,4.082047416636217,3.85786195408652,3.9792959690093994,8540800,0.0,0.0
2023-06-21 00:00:00-04:00,3.9419309275663,4.016659853821687,3.876543729541046,3.9979777336120605,10009200,0.0,0.0
2023-06-22 00:00:00-04:00,3.9045664362032135,3.9045664362032135,3.6990631271048766,3.727086305618286,22884400,0.0,0.0
2023-06-23 00:00:00-04:00,3.6056523539965983,3.745768693715405,3.5776291751362086,3.643016815185547,7774800,0.0,0.0
2023-06-26 00:00:00-04:00,3.6336757319573256,3.8018150267356883,3.6336757319573256,3.764450788497925,5531400,0.0,0.0
2023-06-27 00:00:00-04:00,3.736427365122756,3.8111558411585147,3.671039948591467,3.727086305618286,5365000,0.0,0.0
2023-06-28 00:00:00-04:00,3.745768457043554,3.8858841197840364,3.699062939185507,3.8765432834625244,4583200,0.0,0.0
2023-06-29 00:00:00-04:00,3.876543729541046,4.02600069121806,3.8578616093314193,3.9979777336120605,4861200,0.0,0.0
2023-06-30 00:00:00-04:00,4.044682576508389,4.063364695632939,3.9792953822808905,4.035341739654541,3929800,0.0,0.0
2023-07-04 00:00:00-04:00,4.072706265535404,4.091388385979364,4.04468286216102,4.0633649826049805,1968200,0.0,0.0
2023-07-05 00:00:00-04:00,4.110070463027594,4.110070463027594,4.016659861794057,4.07270622253418,2889500,0.0,0.0
2023-07-06 00:00:00-04:00,4.016659451220541,4.063364524354786,3.8672020591071834,3.9419305324554443,4559400,0.0,0.0
2023-07-07 00:00:00-04:00,3.913907985217207,4.24084531286856,3.90456670236754,4.147434711456299,8661800,0.0,0.0
2023-07-10 00:00:00-04:00,4.128752371404739,4.287550608061362,4.110070252116717,4.259527206420898,6157000,0.0,0.0
2023-07-11 00:00:00-04:00,4.306232224224518,4.362278575540329,4.278208825858209,4.343596458435059,3209400,0.0,0.0
2023-07-12 00:00:00-04:00,4.427665762700372,4.437007043961411,4.268867990013976,4.343596458435059,4310100,0.0,0.0
2023-07-13 00:00:00-04:00,4.315573774746527,4.390302255542971,4.259527414149194,4.3809614181518555,4742600,0.0,0.0
2023-07-14 00:00:00-04:00,4.352938366854829,4.362279650417585,4.222163514894666,4.250186920166016,4160900,0.0,0.0
2023-07-17 00:00:00-04:00,4.184798759990597,4.2128221618367885,4.156775358144407,4.17545747756958,2932400,0.0,0.0
2023-07-18 00:00:00-04:00,4.194139770743867,4.427666495941192,4.175457650544756,4.3809614181518555,4481000,0.0,0.0
2023-07-19 00:00:00-04:00,4.399643538350966,4.49305413934652,4.362279297952744,4.3809614181518555,3134700,0.0,0.0
2023-07-20 00:00:00-04:00,4.399643538350966,4.446349061557183,4.296891654547417,4.3809614181518555,2353300,0.0,0.0
2023-07-21 00:00:00-04:00,4.437007744214185,4.474371984321586,4.399643504106784,4.465031147003174,2781100,0.0,0.0
2023-07-24 00:00:00-04:00,4.493053568701074,4.614487557280872,4.474371450874708,4.549099922180176,5810000,0.0,0.0
2023-07-25 00:00:00-04:00,4.539759201017248,4.595805555916617,4.493053682559356,4.5304179191589355,3052900,0.0,0.0
2023-07-26 00:00:00-04:00,4.493053057609463,4.5864636361157025,4.493053057609463,4.558440685272217,3187800,0.0,0.0
2023-07-27 00:00:00-04:00,4.605146275659276,4.670533910759972,4.530417804353808,4.549099922180176,4900300,0.0,0.0
2023-07-28 00:00:00-04:00,4.586464457821062,4.978789403252498,4.577123621005332,4.969448566436768,10198300,0.0,0.0
2023-07-31 00:00:00-04:00,5.044177042630022,5.174951875968216,4.9320843283401405,4.969448566436768,7910400,0.0,0.0
2023-08-01 00:00:00-04:00,4.950766489612172,4.96944860881982,4.829332492054031,4.960107326507568,4912000,0.0,0.0
2023-08-02 00:00:00-04:00,4.932084010435517,4.94142484664917,4.801308740109779,4.94142484664917,5215100,0.0,0.0
2023-08-03 00:00:00-04:00,4.96944909139881,5.090882655332405,4.894720161894498,5.034836292266846,5266800,0.0,0.0
2023-08-04 00:00:00-04:00,5.053517703075868,5.137587458567635,4.997471347886969,5.072199821472168,6620300,0.0,0.0
2023-08-08 00:00:00-04:00,5.016153352601786,5.090881824493408,4.91340192645922,5.090881824493408,4782500,0.0,0.0
2023-08-09 00:00:00-04:00,5.174952155906009,5.277704038938498,5.137587915788172,5.230998516082764,5410600,0.0,0.0
2023-08-10 00:00:00-04:00,5.2309987464071925,5.2590221504378984,5.109564737968964,5.118906021118164,3341200,0.0,0.0
2023-08-11 00:00:00-04:00,5.100224213920971,5.249681190165214,5.090882930197244,5.221658229827881,3265600,0.0,0.0
2023-08-14 00:00:00-04:00,5.184293302017774,5.184293302017774,5.072200139201475,5.100223541259766,3827900,0.0,0.0
2023-08-15 00:00:00-04:00,5.034835803338161,5.053517922545809,4.9320843704045245,4.960107326507568,3417900,0.0,0.0
2023-08-16 00:00:00-04:00,4.941425397649503,5.081541519812732,4.922743277722198,4.932084560394287,2918800,0.0,0.0
2023-08-17 00:00:00-04:00,4.9974715223008115,5.081541280726649,4.9601072842041845,4.969448566436768,3036700,0.0,0.0
2023-08-18 00:00:00-04:00,4.90406075590547,5.072199821472168,4.866696519112871,5.072199821472168,3592800,0.0,0.0
2023-08-21 00:00:00-04:00,5.128246897376111,5.165611584836717,4.9787899292012865,5.034836292266846,3013400,0.0,0.0
2023-08-22 00:00:00-04:00,5.016153450889014,5.07219980590591,4.969448377750019,4.997471332550049,1822600,0.0,0.0
2023-08-23 00:00:00-04:00,4.913401644929157,4.997470948281781,4.782626381195206,4.904060363769531,4448900,0.0,0.0
2023-08-24 00:00:00-04:00,4.885380390174329,4.950768050728088,4.829334014878392,4.866698265075684,2988600,0.0,0.0
2023-08-25 00:00:00-04:00,4.913401644929157,4.941424597574431,4.857354848805006,4.904060363769531,2433200,0.0,0.0
2023-08-28 00:00:00-04:00,4.913401981567045,5.025494690661689,4.904060699767409,5.006812572479248,2151300,0.0,0.0
2023-08-29 00:00:00-04:00,5.025495886405622,5.072200970266106,4.969449518522879,5.044178009033203,2802600,0.0,0.0
2023-08-30 00:00:00-04:00,5.090882185055738,5.156269825300408,5.072200065759669,5.109564304351807,2693600,0.0,0.0
2023-08-31 00:00:00-04:00,5.146929307074308,5.165611427527231,5.109564620751578,5.137588024139404,3299000,0.0,0.0
2023-09-01 00:00:00-04:00,5.212316830180105,5.333750843386272,5.202975992081045,5.31506872177124,4119400,0.0,0.0
2023-09-05 00:00:00-04:00,5.380455578351247,5.445842771673107,5.3244087763370125,5.3617730140686035,5228200,0.0,0.0
2023-09-06 00:00:00-04:00,5.3711149712868265,5.501889819784033,5.3524328500729395,5.4084792137146,5286200,0.0,0.0
2023-09-07 00:00:00-04:00,5.380455682915289,5.417819921373018,5.24968040289638,5.268362522125244,5100200,0.0,0.0
2023-09-08 00:00:00-04:00,5.24968084077593,5.408479090175181,5.24968084077593,5.352432727813721,4158400,0.0,0.0
2023-09-11 00:00:00-04:00,5.380455639696263,5.455184116011457,5.249680360727819,5.277703762054443,4603300,0.0,0.0
2023-09-12 00:00:00-04:00,5.4271612223525105,5.548595230432312,5.3711148598734235,5.501889705657959,5562600,0.0,0.0
2023-09-13 00:00:00-04:00,5.548595667285682,5.557936505725841,5.389797405050613,5.436502933502197,4100800,0.0,0.0
2023-09-14 00:00:00-04:00,5.561231224403061,5.60812205576734,5.533097083331781,5.5706095695495605,3827600,0.023,0.0
2023-09-15 00:00:00-04:00,5.533097179232387,5.589365909534315,5.467450103621411,5.52371883392334,7344700,0.0,0.0
2023-09-18 00:00:00-04:00,5.542474871163482,5.561231113899679,5.458072002442645,5.495584487915039,3770600,0.0,0.0
2023-09-19 00:00:00-04:00,5.514340164679428,5.533096405490554,5.279886930948337,5.308021068572998,11655600,0.0,0.0
2023-09-20 00:00:00-04:00,5.270508407386342,5.4205587759472325,5.214239686870022,5.223618030548096,5435500,0.0,0.0
2023-09-21 00:00:00-04:00,5.270509358988975,5.2798877043603305,5.064190679844491,5.10170316696167,4545200,0.0,0.0
2023-09-22 00:00:00-04:00,5.157971897637438,5.2048627301259724,5.0548123344731355,5.10170316696167,3607700,0.0,0.0
2023-09-25 00:00:00-04:00,5.073568149495144,5.326777639740941,5.073568149495144,5.289265155792236,4085100,0.0,0.0
2023-09-26 00:00:00-04:00,5.270509001995504,5.383046455724411,5.242374862155321,5.298643589019775,5395700,0.0,0.0
2023-09-27 00:00:00-04:00,5.439316144955125,5.551853609342963,5.33615657900754,5.486206531524658,6236000,0.0,0.0
2023-09-28 00:00:00-04:00,5.476828487281456,5.542475116167998,5.401803513020195,5.467450141906738,3083600,0.0,0.0
2023-09-29 00:00:00-04:00,5.551853202514896,5.701903144036671,5.49558447444423,5.617499828338623,10142600,0.0,0.0
2023-10-02 00:00:00-04:00,5.626878309966898,5.6737691414236,5.223618858738884,5.270509243011475,9644900,0.0,0.0
2023-10-03 00:00:00-04:00,5.21424027513105,5.35491231588423,5.186106135290868,5.298643589019775,5223300,0.0,0.0
2023-10-04 00:00:00-04:00,5.176728262906251,5.19548450690582,4.923518745320016,4.932897090911865,7920300,0.0,0.0
2023-10-05 00:00:00-04:00,4.85787116451074,5.02667779020459,4.8484932670744625,4.989165306091309,4524500,0.0,0.0
2023-10-06 00:00:00-04:00,4.998543373340859,5.139215417136694,4.848493431790156,5.073568344116211,5487700,0.0,0.0
2023-10-10 00:00:00-04:00,5.308021068572998,5.364289791006373,5.270508586950748,5.308021068572998,4873500,0.0,0.0
2023-10-11 00:00:00-04:00,5.261130778422931,5.354911984052275,5.148592884483655,5.317399501800537,5312500,0.0,0.0
2023-10-12 00:00:00-04:00,5.392424466304012,5.392424466304012,5.270508675393834,5.317399501800537,3316800,0.0,0.0
2023-10-13 00:00:00-04:00,5.476828354005112,5.59874371062084,5.439315867787332,5.5706095695495605,6255100,0.0,0.0
2023-10-16 00:00:00-04:00,5.579987231334132,5.598743473649147,5.429937292814008,5.542474746704102,3977200,0.0,0.0
2023-10-17 00:00:00-04:00,5.5143405724217365,5.70190299440176,5.504962227730691,5.598743438720703,3833100,0.0,0.0
2023-10-18 00:00:00-04:00,5.664390563964844,5.739415533471543,5.626878079211495,5.664390563964844,5750500,0.0,0.0
2023-10-19 00:00:00-04:00,5.608121927088953,5.936356397555237,5.561231096800585,5.917600154876709,9183100,0.0,0.0
2023-10-20 00:00:00-04:00,5.917599802579194,5.973868527264884,5.767549870084024,5.8144402503967285,5468600,0.0,0.0
2023-10-23 00:00:00-04:00,5.730037093137791,5.795683711646192,5.636255890137183,5.655012130737305,3787800,0.0,0.0
2023-10-24 00:00:00-04:00,5.673768794924196,5.692525036924603,5.56123089573767,5.589365482330322,4099400,0.0,0.0
2023-10-25 00:00:00-04:00,5.589365863007033,5.6925254246272345,5.504962544664676,5.636256694793701,3395800,0.0,0.0
2023-10-26 00:00:00-04:00,5.561231274498209,5.683147079396256,5.448693814831143,5.636256694793701,4421200,0.0,0.0
2023-10-27 00:00:00-04:00,5.6737683713374265,5.730037093137791,5.5143401026443675,5.655012130737305,5391300,0.0,0.0
2023-10-30 00:00:00-04:00,5.645633876909762,5.711280943649477,5.486205605673351,5.608121395111084,5109900,0.0,0.0
2023-10-31 00:00:00-04:00,5.636256606650477,5.78630655052666,5.5612311875282785,5.626878261566162,4920100,0.0,0.0
2023-11-01 00:00:00-04:00,5.7112820206664985,5.795684897037946,5.61750035130067,5.683147430419922,4455800,0.0,0.0
2023-11-02 00:00:00-04:00,5.7206592745542615,5.870709660317898,5.645634305264489,5.8425750732421875,7398600,0.0,0.0
2023-11-03 00:00:00-04:00,5.926979055276449,5.955113198338885,5.561231617991658,5.683147430419922,11629300,0.0,0.0
2023-11-06 00:00:00-05:00,5.748793644461601,5.767549886075502,5.467449573069011,5.514340400695801,6938100,0.0,0.0
2023-11-07 00:00:00-05:00,5.308021315613587,5.345533798981705,5.157971382141113,5.157971382141113,9292800,0.0,0.0
2023-11-08 00:00:00-05:00,5.148593481060793,5.1767280696016345,4.904762318171326,4.970409393310547,8549200,0.0,0.0
2023-11-09 00:00:00-05:00,5.054811954498291,5.214240236353992,5.036055712349626,5.054811954498291,6734800,0.0,0.0
2023-11-10 00:00:00-05:00,5.120459097727729,5.270509037030373,5.082946612902069,5.242374897003174,5420000,0.0,0.0
2023-11-13 00:00:00-05:00,5.242374451390782,5.308021070663548,5.111080318477143,5.129836559295654,4894600,0.0,0.0
2023-11-14 00:00:00-05:00,5.186105728935246,5.214239866570987,5.073567836840118,5.129836559295654,3713600,0.0,0.0
2023-11-15 00:00:00-05:00,5.082946666146444,5.15797163658366,4.998543350812528,5.0079216957092285,3780700,0.0,0.0
2023-11-16 00:00:00-05:00,4.9235183635388164,4.970409193493777,4.745333835767701,4.886005878448486,6220600,0.0,0.0
2023-11-17 00:00:00-05:00,4.942274122677695,5.092324048362557,4.942274122677695,5.064189910888672,3916900,0.0,0.0
2023-11-20 00:00:00-05:00,5.148593314891563,5.157971659830531,5.054812101422373,5.073568344116211,3279800,0.0,0.0
2023-11-21 00:00:00-05:00,5.017299356309577,5.045433942485971,4.961030631140866,4.9797868728637695,2602200,0.0,0.0
2023-11-22 00:00:00-05:00,4.801602418314086,4.904761972787389,4.764089934357264,4.867249488830566,4362900,0.0,0.0
2023-11-23 00:00:00-05:00,4.82973729563607,4.942274754281574,4.8109810525284855,4.904762268066406,1787200,0.0,0.0
2023-11-24 00:00:00-05:00,4.886005461122165,4.942274183951603,4.857870876115417,4.895383358001709,3115600,0.0,0.0
2023-11-27 00:00:00-05:00,4.867249730780488,4.904762216602047,4.810981002048148,4.839115142822266,3009500,0.0,0.0
2023-11-28 00:00:00-05:00,4.857871474083699,4.9610310355612155,4.829737332797903,4.848493576049805,3409100,0.0,0.0
2023-11-29 00:00:00-05:00,4.904762120993651,4.9328967084034465,4.810980908267826,4.886005878448486,3429700,0.0,0.0
2023-11-30 00:00:00-05:00,4.932896856319838,5.05481221292708,4.820358950490223,4.904762268066406,6999200,0.0,0.0
2023-12-01 00:00:00-05:00,4.857871237884217,4.932896654428051,4.792224613286488,4.820358753204346,4536800,0.0,0.0
2023-12-04 00:00:00-05:00,4.773467743657128,4.773467743657128,4.604661137596777,4.623417377471924,5052900,0.0,0.0
2023-12-05 00:00:00-05:00,4.57652791625544,4.632796647129385,4.435855865478516,4.435855865478516,5118300,0.0,0.0
2023-12-06 00:00:00-05:00,4.220158649597203,4.323318208465572,4.107621192932129,4.107621192932129,10926300,0.0,0.0
2023-12-07 00:00:00-05:00,4.154511673385376,4.17326791660127,3.9575708960264375,4.060730457305908,7267200,0.0,0.0
2023-12-08 00:00:00-05:00,4.107621157106949,4.201402370176585,4.0794865695940095,4.1638898849487305,5940400,0.0,0.0
2023-12-11 00:00:00-05:00,4.163890018585379,4.163890018585379,4.032596316074124,4.060730457305908,4125300,0.0,0.0
2023-12-12 00:00:00-05:00,3.9763266449769175,3.995083333045429,3.8731675437044433,3.938814163208008,5674200,0.0,0.0
2023-12-13 00:00:00-05:00,3.9388145960575724,4.060730398796295,3.8825458672206477,4.051352500915527,4864500,0.0,0.0
2023-12-14 00:00:00-05:00,4.214461286462846,4.289888267853473,4.176748020556329,4.2238898277282715,6212400,0.023,0.0
2023-12-15 00:00:00-05:00,4.223890751184162,4.23331884493323,4.10132238540245,4.148464202880859,4909700,0.0,0.0
2023-12-18 00:00:00-05:00,4.195605458369065,4.318173820866813,4.148464091731401,4.167320728302002,4711300,0.0,0.0
2023-12-19 00:00:00-05:00,4.16732007903246,4.280459880828857,4.15789153742729,4.280459880828857,4216000,0.0,0.0
2023-12-20 00:00:00-05:00,4.318174010761377,4.3936005603607144,4.2050341863623695,4.2144622802734375,5221400,0.0,0.0
2023-12-21 00:00:00-05:00,4.214462488464824,4.2898894913679,4.214462488464824,4.261604309082031,3632100,0.0,0.0
2023-12-22 00:00:00-05:00,4.280460735961707,4.308745916850309,4.176749005473769,4.2144622802734375,5216100,0.0,0.0
2023-12-27 00:00:00-05:00,4.223890638013806,4.261603911155008,4.148464091731401,4.167320728302002,3750300,0.0,0.0
2023-12-28 00:00:00-05:00,4.1484639470271265,4.186177218852837,4.110750675201416,4.110750675201416,2084000,0.0,0.0
2023-12-29 00:00:00-05:00,4.129607677459717,4.1956056842206895,4.110751039874053,4.129607677459717,2673600,0.0,0.0
2024-01-02 00:00:00-05:00,4.148464609337201,4.23331925970342,4.129607970413848,4.15789270401001,3839700,0.0,0.0
2024-01-03 00:00:00-05:00,4.176748171060022,4.327601689699494,4.15789153742729,4.280459880828857,5353700,0.0,0.0
2024-01-04 00:00:00-05:00,4.327602292236994,4.34645892849516,4.1578921163358284,4.176748752593994,6058700,0.0,0.0
2024-01-05 00:00:00-05:00,4.2144618721423335,4.25217559286748,4.148463872423049,4.205033779144287,3018200,0.0,0.0
2024-01-08 00:00:00-05:00,4.073037624359131,4.091894261295057,3.997610627037741,4.073037624359131,3777400,0.0,0.0
2024-01-09 00:00:00-05:00,4.082465019846452,4.082465019846452,3.978753309647013,4.025895118713379,2754000,0.0,0.0
2024-01-10 00:00:00-05:00,4.035324404724912,4.054181041914284,3.9316126753945175,3.9787540435791016,3152600,0.0,0.0
2024-01-11 00:00:00-05:00,4.016468079125135,4.0353247177773675,3.941041074938475,3.9693262577056885,2995300,0.0,0.0
2024-01-12 00:00:00-05:00,4.035324032702254,4.073037303604155,3.931612312933201,3.959897041320801,3830000,0.0,0.0
2024-01-15 00:00:00-05:00,3.969325217580306,4.063608386135428,3.9410400422249645,4.025895118713379,1790100,0.0,0.0
2024-01-16 00:00:00-05:00,3.9787542562654057,4.01646798223785,3.884471065278589,3.903327703475952,4591500,0.0,0.0
2024-01-17 00:00:00-05:00,3.8656140483064703,3.8844706846561534,3.780759409521732,3.846757411956787,3598300,0.0,0.0
2024-01-18 00:00:00-05:00,3.8561862502033333,3.8561862502033333,3.771331155343244,3.7996163368225098,2808400,0.0,0.0
2024-01-19 00:00:00-05:00,3.7996163794848816,3.809044473698691,3.7336179216773644,3.7901878356933594,2691900,0.0,0.0
2024-01-22 00:00:00-05:00,3.7996160458714154,3.8844706846561534,3.761902548383212,3.846757411956787,3241200,0.0,0.0
2024-01-23 00:00:00-05:00,3.8090442387650585,3.9221840598188282,3.7996161451327537,3.9127559661865234,4209200,0.0,0.0
2024-01-24 00:00:00-05:00,3.9410404058698503,3.9693255838351016,3.8938990420313,3.959897041320801,4233500,0.0,0.0
2024-01-25 00:00:00-05:00,4.007039170294547,4.073037624359131,3.941040716229964,4.073037624359131,5290900,0.0,0.0
2024-01-26 00:00:00-05:00,4.0541808086006155,4.110750716913196,3.969325721342911,4.101322174072266,3814100,0.0,0.0
2024-01-29 00:00:00-05:00,4.0636089371394215,4.0824655734073065,3.988182392067882,4.016467571258545,3168900,0.0,0.0
2024-01-30 00:00:00-05:00,3.9787540601842686,4.1484642451745914,3.9787540601842686,4.139035701751709,4395700,0.0,0.0
2024-01-31 00:00:00-05:00,4.110750195201794,4.129606828912818,4.016467026646672,4.025895118713379,3481600,0.0,0.0
2024-02-01 00:00:00-05:00,4.0541812586325765,4.101322629337126,3.865614427081226,3.903327703475952,4926500,0.0,0.0
2024-02-02 00:00:00-05:00,3.8750424622100303,3.9221838267253366,3.8184725550450676,3.8279006481170654,4653300,0.0,0.0
2024-02-05 00:00:00-05:00,3.771331155343244,3.827901068724068,3.733617879756028,3.7996163368225098,3482200,0.0,0.0
2024-02-06 00:00:00-05:00,3.7996161142863722,3.903327391288194,3.7996161142863722,3.837329387664795,2895100,0.0,0.0
2024-02-07 00:00:00-05:00,3.8467576080601815,3.8656142453711553,3.7713310588162874,3.8561861515045166,2686100,0.0,0.0
2024-02-08 00:00:00-05:00,3.8750415770637985,3.959896193639719,3.8656130365678316,3.941039562225342,3499600,0.0,0.0
2024-02-09 00:00:00-05:00,3.969324734135686,3.988181365550063,3.922182930810964,3.941039562225342,2238500,0.0,0.0
2024-02-12 00:00:00-05:00,3.912755985614919,4.091894261295057,3.912755985614919,4.073037624359131,4172100,0.0,0.0
2024-02-13 00:00:00-05:00,4.054180403632605,4.063608495954106,3.9693253248509897,4.007038593292236,3761100,0.0,0.0
2024-02-14 00:00:00-05:00,4.025895490187953,4.1484638454079565,3.959897041320801,3.959897041320801,3665600,0.0,0.0
2024-02-15 00:00:00-05:00,3.9693261662662653,4.214462463098206,3.9693261662662653,4.186177730560303,6629200,0.0,0.0
2024-02-16 00:00:00-05:00,4.195605642873603,4.242747461162039,4.148464274162866,4.2144622802734375,2589000,0.0,0.0
2024-02-20 00:00:00-05:00,4.1861772955119125,4.242747204286411,4.139035480077662,4.176748752593994,2372700,0.0,0.0
2024-02-21 00:00:00-05:00,4.16731993522519,4.337029632063387,4.16731993522519,4.30874490737915,4230200,0.0,0.0
2024-02-22 00:00:00-05:00,4.280460284552636,4.393600097020137,4.261603649141386,4.374743461608887,5202600,0.0,0.0
2024-02-23 00:00:00-05:00,4.346458953739281,4.346458953739281,4.2427472289281765,4.337030410766602,3137600,0.0,0.0
2024-02-26 00:00:00-05:00,4.327602057038032,4.393600055565881,4.289888786571362,4.384171962738037,2203700,0.0,0.0
2024-02-27 00:00:00-05:00,4.403028635082953,4.487883719136997,4.403028635082953,4.459598541259766,3484700,0.0,0.0
2024-02-28 00:00:00-05:00,4.478455287557101,4.52559710199403,4.393600201401694,4.440742015838623,3556600,0.0,0.0
2024-02-29 00:00:00-05:00,4.261603921286559,4.308745737613976,4.035324281901385,4.082465648651123,14576200,0.0,0.0
2024-03-01 00:00:00-05:00,4.110751039874053,4.299317415730692,4.110751039874053,4.129607677459717,9856300,0.0,0.0
2024-03-04 00:00:00-05:00,4.157892526178586,4.176749164295448,3.9693261450099695,3.988182783126831,7162000,0.0,0.0
2024-03-05 00:00:00-05:00,3.9598968711417006,4.054180493922206,3.9221836018605516,3.9504687786102295,5305700,0.0,0.0
2024-03-06 00:00:00-05:00,4.007039170294547,4.148464172102834,3.969325896422696,4.073037624359131,6896900,0.0,0.0
2024-03-07 00:00:00-05:00,4.054180987423205,4.110750898230982,4.025895807230473,4.073037624359131,3593500,0.0,0.0
2024-03-08 00:00:00-05:00,4.063608714930384,4.091893892574338,4.016467351627323,4.05418062210083,3266700,0.0,0.0
2024-03-11 00:00:00-04:00,4.0353236603576965,4.05418029406872,3.9504685838692817,4.025895118713379,2620500,0.0,0.0
2024-03-12 00:00:00-04:00,4.025895848967154,4.0636091232299805,4.00703921183574,4.0636091232299805,2059500,0.0,0.0
2024-03-13 00:00:00-04:00,4.10132238540245,4.18617747703251,4.091894291653382,4.148464202880859,4106600,0.0,0.0
2024-03-14 00:00:00-04:00,4.198696108978874,4.246085638193688,4.151307031704105,4.236607551574707,3071900,0.023,0.0
2024-03-15 00:00:00-04:00,4.217652293733307,4.302953274917248,4.217652293733307,4.265041828155518,6500000,0.0,0.0
2024-03-18 00:00:00-04:00,4.293475592016861,4.321908950805664,4.208174611770273,4.321908950805664,2801100,0.0,0.0
2024-03-19 00:00:00-04:00,4.302953121998294,4.5114665237177265,4.302953121998294,4.454598903656006,4449900,0.0,0.0
2024-03-20 00:00:00-04:00,4.3977307683561975,4.549376968602949,4.359819331279505,4.5209431648254395,4785500,0.0,0.0
2024-03-21 00:00:00-04:00,4.5019884008867574,4.5872893783664885,4.4735545910801555,4.530422210693359,2972100,0.0,0.0
2024-03-22 00:00:00-04:00,4.520944608450236,4.558856057632786,4.445121710085136,4.492510795593262,2606800,0.0,0.0
2024-03-25 00:00:00-04:00,4.520944997484491,4.6536350810416005,4.5114673603433495,4.596767902374268,3056400,0.0,0.0
2024-03-26 00:00:00-04:00,4.634678012948171,4.634678012948171,4.407209364137477,4.435642719268799,4575000,0.0,0.0
2024-03-27 00:00:00-04:00,4.388253135057014,4.5398988833637866,4.378775049817851,4.5209431648254395,4299500,0.0,0.0
2024-03-28 00:00:00-04:00,4.558855944159397,4.682068376905894,4.549378308069727,4.634678840637207,4026200,0.0,0.0
2024-04-01 00:00:00-04:00,4.682068271592744,4.795802613751247,4.625201100513492,4.786324977874756,4379900,0.0,0.0
2024-04-02 00:00:00-04:00,4.8526696019214945,5.0422272836475415,4.814758155964301,5.023271560668945,7810900,0.0,0.0
2024-04-03 00:00:00-04:00,5.070661489016551,5.1464843935944184,5.042228125769931,5.127528667449951,7554000,0.0,0.0
2024-04-04 00:00:00-04:00,5.127527688783103,5.203350578889016,5.051704798677191,5.174917221069336,4656600,0.0,0.0
2024-04-05 00:00:00-04:00,5.193872943595814,5.260218198408524,5.146483411309582,5.174917221069336,5320300,0.0,0.0
2024-04-08 00:00:00-04:00,5.118050170729219,5.203350698082316,4.975882022553947,5.013793468475342,6705700,0.0,0.0
2024-04-09 00:00:00-04:00,5.013794065368989,5.061183604382513,4.862148263629933,4.871625900268555,4733400,0.0,0.0
2024-04-10 00:00:00-04:00,4.852669115143509,5.108571575654669,4.852669115143509,5.061182498931885,7401100,0.0,0.0
2024-04-11 00:00:00-04:00,5.023272064599587,5.08961687571029,4.956926801548755,4.966404438018799,3530800,0.0,0.0
2024-04-12 00:00:00-04:00,5.108572163301365,5.165439333074245,4.909536843126238,4.919014930725098,4830200,0.0,0.0
2024-04-15 00:00:00-04:00,4.919015039219064,4.928492675086871,4.7673692498133455,4.776846885681152,5045700,0.0,0.0
2024-04-16 00:00:00-04:00,4.776846890058163,4.862147872647092,4.729457354855403,4.786324977874756,4004400,0.0,0.0
2024-04-17 00:00:00-04:00,4.776846452058827,4.909536505743778,4.7105011992463215,4.719979286193848,5835800,0.0,0.0
2024-04-18 00:00:00-04:00,4.748413095096367,4.8052802609613465,4.701023564238855,4.719979286193848,3852600,0.0,0.0
2024-04-19 00:00:00-04:00,4.719980221706146,4.900059841940856,4.719980221706146,4.738935947418213,5422800,0.0,0.0
2024-04-22 00:00:00-04:00,4.70102402724968,4.795802646359531,4.653634491724702,4.748413562774658,3276100,0.0,0.0
2024-04-23 00:00:00-04:00,4.738935314286134,4.928492546081543,4.7199795911065925,4.928492546081543,5697800,0.0,0.0
2024-04-24 00:00:00-04:00,4.919014899550211,4.9758820689626875,4.881103453275226,4.956926345825195,4038200,0.0,0.0
2024-04-25 00:00:00-04:00,4.9569267372410915,5.051705360412598,4.890581475050975,5.051705360412598,3481700,0.0,0.0
2024-04-26 00:00:00-04:00,5.051705347308493,5.108572521063884,4.994838173553103,5.08013916015625,3847300,0.0,0.0
2024-04-29 00:00:00-04:00,5.061182458801569,5.118049621582031,5.004315296021106,5.118049621582031,3645100,0.0,0.0
2024-04-30 00:00:00-04:00,5.089616501362364,5.099094589075413,4.824236372558347,4.833714008331299,6001100,0.0,0.0
2024-05-01 00:00:00-04:00,4.786325141742394,4.814758502285432,4.539900273355445,4.587289810180664,7337100,0.0,0.0
2024-05-02 00:00:00-04:00,4.615722676078856,4.701023652446906,4.558855509146845,4.606245040893555,6064100,0.0,0.0
2024-05-03 00:00:00-04:00,4.634678428339498,4.6631122379592815,4.511466458493962,4.568333625793457,6353100,0.0,0.0
2024-05-06 00:00:00-04:00,4.606245326499283,4.947448349247306,4.606245326499283,4.833714008331299,9650200,0.0,0.0
2024-05-07 00:00:00-04:00,4.795802597640053,4.852669768528263,4.748413514536595,4.805280685424805,5030000,0.0,0.0
2024-05-08 00:00:00-04:00,4.748413478614341,4.833714008331299,4.70102394392929,4.833714008331299,4001400,0.0,0.0
2024-05-09 00:00:00-04:00,4.833714470991509,4.900059735512816,4.805281109011049,4.862148284912109,3924600,0.0,0.0
2024-05-10 00:00:00-04:00,4.701024235945139,4.890581482579973,4.473555088043213,4.473555088043213,16547000,0.0,0.0
2024-05-13 00:00:00-04:00,4.501988904916756,4.530422717906727,4.4072102815170595,4.483033180236816,6057100,0.0,0.0
2024-05-14 00:00:00-04:00,4.378776042881271,4.501988467293882,4.378776042881271,4.416687488555908,3799200,0.0,0.0
2024-05-15 00:00:00-04:00,4.416687488555908,4.445121298781927,4.265041705857361,4.416687488555908,4415400,0.0,0.0
2024-05-16 00:00:00-04:00,4.454598923725829,4.501988456677413,4.426165565506943,4.4451212882995605,3354200,0.0,0.0
2024-05-17 00:00:00-04:00,4.445121713963425,4.520944612394679,4.4356436256894565,4.501988887786865,2403000,0.0,0.0
2024-05-21 00:00:00-04:00,4.4545993672468445,4.520944629596695,4.445121730876938,4.483033180236816,2826500,0.0,0.0
2024-05-22 00:00:00-04:00,4.4545989497154945,4.464077037137142,4.350342699717872,4.397731781005859,4038200,0.0,0.0
2024-05-23 00:00:00-04:00,4.435643242364837,4.492510411273864,4.350342714971339,4.3787760734558105,5133300,0.0,0.0
2024-05-24 00:00:00-04:00,4.378776464725796,4.5209446256719845,4.378776464725796,4.473555088043213,3914200,0.0,0.0
2024-05-27 00:00:00-04:00,4.53042219078264,4.568333635731443,4.520944103575403,4.539899826049805,1905600,0.0,0.0
2024-05-28 00:00:00-04:00,4.5683339252482895,4.7863249734890605,4.539900113764666,4.776846885681152,6400900,0.0,0.0
2024-05-29 00:00:00-04:00,4.767368841093141,4.814757920249575,4.65363405684956,4.6725897789001465,3595600,0.0,0.0
2024-05-30 00:00:00-04:00,4.6441568836735385,4.767369315226332,4.634678795735582,4.701024055480957,3923000,0.0,0.0
2024-05-31 00:00:00-04:00,4.729457387012583,4.786325010418599,4.691545939368643,4.748413562774658,4587600,0.0,0.0
2024-06-03 00:00:00-04:00,4.748412789293549,4.748412789293549,4.340864115597677,4.435642719268799,10178800,0.0,0.0
2024-06-04 00:00:00-04:00,4.3598204176332205,4.369298505234076,4.236607990462651,4.312431335449219,6563600,0.0,0.0
2024-06-05 00:00:00-04:00,4.331387027424618,4.369298473674015,4.293475581175219,4.350342750549316,4027300,0.0,0.0
2024-06-06 00:00:00-04:00,4.369298407432653,4.435643211393226,4.359820320043953,4.416687488555908,5881600,0.0,0.0
2024-06-07 00:00:00-04:00,4.407209919923414,4.435643278640419,4.340864663016923,4.350342750549316,1948600,0.0,0.0
2024-06-10 00:00:00-04:00,4.369298832157181,4.501988904916756,4.350343107477242,4.483033180236816,3871900,0.0,0.0
2024-06-11 00:00:00-04:00,4.435643226812283,4.464077037137142,4.359820335199436,4.397731781005859,2710200,0.0,0.0
2024-06-12 00:00:00-04:00,4.483032775759068,4.52094422169842,4.359820350486135,4.3787760734558105,6400300,0.0,0.0
2024-06-13 00:00:00-04:00,4.359820461314699,4.359820461314699,4.208174673702392,4.246086120605469,3747500,0.0,0.0
2024-06-14 00:00:00-04:00,4.2489441403593435,4.267997683193014,4.115569340523645,4.172729969024658,3491500,0.023,0.0
2024-06-17 00:00:00-04:00,4.163203192749735,4.239417368153579,4.086989017345889,4.229890823364258,3440400,0.0,0.0
2024-06-18 00:00:00-04:00,4.239417504118043,4.401372859181523,4.239417504118043,4.306105136871338,5423700,0.0,0.0
2024-06-19 00:00:00-04:00,4.287051592409301,4.33468568070056,4.25847104858008,4.306105136871338,997400,0.0,0.0
2024-06-20 00:00:00-04:00,4.325157642364502,4.382318262019759,4.296577559672985,4.325157642364502,2610000,0.0,0.0
2024-06-21 00:00:00-04:00,4.334685158212146,4.334685158212146,4.210836907000992,4.25847053527832,6012700,0.0,0.0
2024-06-24 00:00:00-04:00,4.267997593926742,4.49664010314868,4.267997593926742,4.46806001663208,5057000,0.0,0.0
2024-06-25 00:00:00-04:00,4.449006266574321,4.525220432758266,4.429952725028334,4.458532810211182,4872100,0.0,0.0
2024-06-26 00:00:00-04:00,4.458532788792484,4.496639871701391,4.363265081520216,4.4108991622924805,2375000,0.0,0.0
2024-06-27 00:00:00-04:00,4.4775865795204,4.534747661338258,4.458533037005209,4.515693664550781,5332900,0.0,0.0
2024-06-28 00:00:00-04:00,4.55380120385345,4.591908288883831,4.487113577914139,4.515693664550781,2319700,0.0,0.0
2024-07-02 00:00:00-04:00,4.6300153732299805,4.69670254488715,4.534747660668106,4.6300153732299805,4193700,0.0,0.0
2024-07-03 00:00:00-04:00,4.649068934401556,4.715756106326376,4.639541935970988,4.677649021148682,2643300,0.0,0.0
2024-07-04 00:00:00-04:00,4.687175750732422,4.706229292228397,4.658595211352329,4.687175750732422,1099500,0.0,0.0
2024-07-05 00:00:00-04:00,4.687175684185149,4.734809310112666,4.5633274390835465,4.591907978057861,5799600,0.0,0.0
2024-07-08 00:00:00-04:00,4.57285501173024,4.630015642592828,4.534747924488514,4.62048864364624,2095900,0.0,0.0
2024-07-09 00:00:00-04:00,4.6014346873671,4.687175853107843,4.5538010597229,4.5538010597229,2397700,0.0,0.0
2024-07-10 00:00:00-04:00,4.563327886402103,4.744336772923409,4.563327886402103,4.7062296867370605,4867600,0.0,0.0
2024-07-11 00:00:00-04:00,4.734809665993782,4.896765005719303,4.687176036485994,4.839604377746582,5226200,0.0,0.0
2024-07-12 00:00:00-04:00,4.906292300229044,4.925345844036305,4.782444038345688,4.830078125,5550000,0.0,0.0
2024-07-15 00:00:00-04:00,4.858658364431503,5.001560174559086,4.801497731234936,4.953926086425781,5242600,0.0,0.0
2024-07-16 00:00:00-04:00,4.90629243850708,4.963453071539868,4.868185349818555,4.90629243850708,4891700,0.0,0.0
2024-07-17 00:00:00-04:00,4.944399089499381,4.99203271900717,4.8205508350890085,4.839604377746582,4868800,0.0,0.0
2024-07-18 00:00:00-04:00,4.849131544848256,4.906292174808834,4.772917371567485,4.801497459411621,3577200,0.0,0.0
2024-07-19 00:00:00-04:00,4.772917205581219,4.896765005719303,4.696702580678635,4.839604377746582,4579600,0.0,0.0
2024-07-22 00:00:00-04:00,4.839604501481731,4.896765130915889,4.744336785758135,4.868185043334961,3272700,0.0,0.0
2024-07-23 00:00:00-04:00,4.820550774748313,4.839604317167386,4.687175977814802,4.7443366050720215,5193700,0.0,0.0
2024-07-24 00:00:00-04:00,4.78244404690168,4.849131677482559,4.715756416320801,4.715756416320801,3864900,0.0,0.0
2024-07-25 00:00:00-04:00,4.715755738540177,4.820550441741943,4.591907948507821,4.820550441741943,4798800,0.0,0.0
2024-07-26 00:00:00-04:00,4.668122673541036,4.68717621693213,4.391846067234024,4.52522087097168,13234000,0.0,0.0
2024-07-29 00:00:00-04:00,4.5538010797875215,4.73480950161421,4.5538010797875215,4.601434707641602,5158800,0.0,0.0
2024-07-30 00:00:00-04:00,4.553800917191724,4.734809332555415,4.54427391939771,4.6395416259765625,6670000,0.0,0.0
2024-07-31 00:00:00-04:00,4.76339071180725,4.934872613894269,4.76339071180725,4.8872389793396,7605600,0.0,0.0
2024-08-01 00:00:00-04:00,4.915818202191363,4.915818202191363,4.591907999823265,4.6395416259765625,6258900,0.0,0.0
2024-08-02 00:00:00-04:00,4.572854374592296,4.582380917939234,4.201309644344501,4.2679972648620605,10148600,0.0,0.0
2024-08-06 00:00:00-04:00,4.220363824302618,4.26799791106618,4.134623104109452,4.229890823364258,5091800,0.0,0.0
2024-08-07 00:00:00-04:00,4.334685730627822,4.353739275309319,4.210837463061921,4.239417552947998,4954900,0.0,0.0
2024-08-08 00:00:00-04:00,4.239416994484387,4.39184578612907,4.239416994484387,4.3727922439575195,5797800,0.0,0.0
2024-08-09 00:00:00-04:00,4.382318787907156,4.410899328300621,4.306104619220953,4.3727922439575195,2449700,0.0,0.0
2024-08-12 00:00:00-04:00,4.410899109279885,4.630015060508777,4.410899109279885,4.591907978057861,5307600,0.0,0.0
2024-08-13 00:00:00-04:00,4.5538010597229,4.6014346873671,4.506166977806427,4.5538010597229,5242800,0.0,0.0
2024-08-14 00:00:00-04:00,4.5919082882052304,4.6585954598624,4.563327747300525,4.6300153732299805,3887100,0.0,0.0
2024-08-15 00:00:00-04:00,4.6967023154876255,4.7919704776686345,4.668122230251134,4.734809398651123,4677000,0.0,0.0
2024-08-16 00:00:00-04:00,4.658595293512802,4.7443364588929775,4.6300152079009225,4.668122291564941,4197300,0.0,0.0
2024-08-19 00:00:00-04:00,4.658594898532462,4.791970134320537,4.639541358315912,4.649068355560303,5205200,0.0,0.0
2024-08-20 00:00:00-04:00,4.630015373914212,4.639541918035665,4.496640122035591,4.515693664550781,4166900,0.0,0.0
2024-08-21 00:00:00-04:00,4.525221226689911,4.563328316467617,4.458533592442753,4.496640682220459,3972000,0.0,0.0
2024-08-22 00:00:00-04:00,4.52522066294452,4.563327747974902,4.468060035398948,4.515693664550781,2444300,0.0,0.0
2024-08-23 00:00:00-04:00,4.563327380245113,4.677648626123829,4.553800836891345,4.658595085144043,4022100,0.0,0.0
2024-08-26 00:00:00-04:00,4.763389938159879,4.811024019250383,4.725282854996381,4.734809398651123,2834900,0.0,0.0
2024-08-27 00:00:00-04:00,4.677648708608103,4.715755791239644,4.630015082454806,4.6395416259765625,3298500,0.0,0.0
2024-08-28 00:00:00-04:00,4.582380898759655,4.649068518998092,4.553800814566215,4.610961437225342,2465000,0.0,0.0
2024-08-29 00:00:00-04:00,4.668122783853589,4.7538635040034976,4.630015696170891,4.715756416320801,4261900,0.0,0.0
2024-08-30 00:00:00-04:00,4.610961121214315,4.639541203449026,4.525219965965749,4.572854042053223,5397700,0.0,0.0
2024-09-03 00:00:00-04:00,4.468060543398302,4.468060543398302,4.210837463061921,4.239417552947998,9401700,0.0,0.0
2024-09-04 00:00:00-04:00,4.229891267207371,4.306105450608381,4.163203629595304,4.182257175445557,4277400,0.0,0.0
2024-09-05 00:00:00-04:00,4.220362878404796,4.258469957565888,4.106041640921519,4.1155686378479,4303900,0.0,0.0
2024-09-06 00:00:00-04:00,4.125095493244028,4.163202575294188,3.953613624018305,3.9821937084198,6923500,0.0,0.0
2024-09-09 00:00:00-04:00,4.0012476574066795,4.058408740582238,3.944087028503418,3.944087028503418,3866700,0.0,0.0
2024-09-10 00:00:00-04:00,3.934560582606872,3.9631406706374896,3.7344981493033154,3.867872953414917,7059800,0.0,0.0
2024-09-11 00:00:00-04:00,3.905980195201086,3.9440872836013052,3.7821321579003735,3.8869266510009766,3535900,0.0,0.0
2024-09-12 00:00:00-04:00,3.9059795956542818,4.020300843307244,3.886926054378788,3.9726672172546387,5055400,0.0,0.0
2024-09-13 00:00:00-04:00,4.0107746560267055,4.039354743342187,3.915506941187936,3.944087028503418,6152000,0.0,0.0
2024-09-16 00:00:00-04:00,4.023600684322952,4.033180905656196,3.946960740897387,4.014020919799805,3717600,0.023,0.0
2024-09-17 00:00:00-04:00,4.014021206685588,4.100241377606633,3.9948612194598154,4.081081390380859,4219000,0.0,0.0
2024-09-18 00:00:00-04:00,4.042760762791773,4.128980929525732,4.014021011753858,4.052340984344482,4546500,0.0,0.0
2024-09-19 00:00:00-04:00,4.128981130040228,4.1673011044917745,4.071501168362908,4.081081390380859,3172500,0.0,0.0
2024-09-20 00:00:00-04:00,4.061920840395087,4.1098210356151705,3.9948611152591096,4.09066104888916,6135900,0.0,0.0
2024-09-23 00:00:00-04:00,4.081081386919594,4.186461088166908,4.023600968480896,4.033181190490723,3995900,0.0,0.0
2024-09-24 00:00:00-04:00,4.12898073436736,4.167300705146772,4.052340792808536,4.071500778198242,4322300,0.0,0.0
2024-09-25 00:00:00-04:00,4.042761012273639,4.07150122189524,3.8894811124521196,3.9086410999298096,6155900,0.0,0.0
2024-09-26 00:00:00-04:00,3.793681393069974,3.8128413816487052,3.6883012274818747,3.6978812217712402,11321400,0.0,0.0
2024-09-27 00:00:00-04:00,3.7457813159452757,3.822421268097994,3.7266213279070963,3.8032612800598145,6625600,0.0,0.0
2024-09-30 00:00:00-04:00,3.803261315053074,3.9086412502326464,3.784101326838606,3.870321273803711,4234800,0.0,0.0
2024-10-01 00:00:00-04:00,3.8224205510560085,4.071500577232878,3.7936805743900273,4.042760372161865,7676200,0.0,0.0
2024-10-02 00:00:00-04:00,4.119401540630402,4.167301282333922,4.004441155559628,4.061921119689941,4792500,0.0,0.0
2024-10-03 00:00:00-04:00,4.081081278132136,4.243940936666746,4.061920834623236,4.234361171722412,7663500,0.0,0.0
2024-10-04 00:00:00-04:00,4.282261177570629,4.3493213636105805,4.253521424132182,4.301421165466309,6998600,0.0,0.0
2024-10-07 00:00:00-04:00,4.358900728442295,4.4930206173268115,4.358900728442295,4.387640476226807,8113200,0.0,0.0
2024-10-08 00:00:00-04:00,4.263101118401964,4.301421093552667,4.138561427567245,4.215201377868652,5639800,0.0,0.0
2024-10-09 00:00:00-04:00,4.15772169378539,4.186461448669434,4.100241727207132,4.186461448669434,4963700,0.0,0.0
2024-10-10 00:00:00-04:00,4.215201466457276,4.272681430391358,4.157721502523195,4.25352144241333,4355100,0.0,0.0
2024-10-11 00:00:00-04:00,4.215201466457276,4.282261195975297,4.215201466457276,4.25352144241333,3079200,0.0,0.0
2024-10-15 00:00:00-04:00,3.937381486576431,4.0044412173582895,3.937381486576431,3.985281229019165,6854600,0.0,0.0
2024-10-16 00:00:00-04:00,3.9852815159251493,4.014021728907962,3.8415818214416504,3.8415818214416504,6424800,0.0,0.0
2024-10-17 00:00:00-04:00,3.860741315176995,3.8990612896910486,3.8320011058863903,3.8894810676574707,4095500,0.0,0.0
2024-10-18 00:00:00-04:00,3.8799018008786086,3.889481567332754,3.77452162902188,3.8415818214416504,4793400,0.0,0.0
2024-10-21 00:00:00-04:00,3.908641054914497,3.946961029428551,3.8703210804004438,3.8894810676574707,3653000,0.0,0.0
2024-10-22 00:00:00-04:00,3.87990140914917,3.94696113798815,3.8703211868520917,3.87990140914917,3425200,0.0,0.0
2024-10-23 00:00:00-04:00,3.851161250155263,3.851161250155263,3.7553613099643655,3.8032612800598145,4166000,0.0,0.0
2024-10-24 00:00:00-04:00,3.8320012973747755,3.870321273803711,3.7649413386241384,3.870321273803711,3150800,0.0,0.0
2024-10-25 00:00:00-04:00,3.8894810709593126,3.9565412548208996,3.8799013057277314,3.9373812675476074,4363700,0.0,0.0
2024-10-28 00:00:00-04:00,3.736201321926186,3.8320012621170836,3.736201321926186,3.8032612800598145,5056200,0.0,0.0
2024-10-29 00:00:00-04:00,3.793681677374209,3.822421662396123,3.736201707330381,3.764941692352295,4767000,0.0,0.0
2024-10-30 00:00:00-04:00,3.7649414435343695,3.822421409779454,3.7553614491601888,3.8128414154052734,2874200,0.0,0.0
2024-10-31 00:00:00-04:00,3.812841667388818,3.8511616474180372,3.6978814988960647,3.764941692352295,5630800,0.0,0.0
2024-11-01 00:00:00-04:00,3.9086412511792172,4.06192115693208,3.860741509036524,3.9182214736938477,8562600,0.0,0.0
2024-11-04 00:00:00-05:00,3.985280893491046,4.12898102234118,3.9661209067650356,4.09066104888916,8463000,0.0,0.0
2024-11-05 00:00:00-05:00,4.109820756969853,4.176880934369276,4.071500786115922,4.119400978088379,4341700,0.0,0.0
2024-11-06 00:00:00-05:00,4.071501242648445,4.253521353019356,4.071501242648445,4.215201377868652,6917700,0.0,0.0
2024-11-07 00:00:00-05:00,4.176881309710685,4.215201284008112,4.119401348264544,4.128981113433838,3668800,0.0,0.0
2024-11-08 00:00:00-05:00,4.081081737624066,4.1098214925030145,3.9373815927988214,3.9757015705108643,4097800,0.0,0.0
2024-11-11 00:00:00-05:00,3.9278011950203804,3.937381417426769,3.851161243009859,3.899061441421509,2827100,0.0,0.0
2024-11-12 00:00:00-05:00,3.899061396933184,3.94696113798815,3.8415814335811405,3.87990140914917,3338900,0.0,0.0
2024-11-13 00:00:00-05:00,3.870321142253377,3.9086411173798354,3.764941210655617,3.860741376876831,4526300,0.0,0.0
2024-11-14 00:00:00-05:00,3.8894811417897914,4.023601055145264,3.8894811417897914,4.023601055145264,5202900,0.0,0.0
2024-11-15 00:00:00-05:00,3.9852811848737133,4.0523413717228935,3.946961208619939,3.966121196746826,3657900,0.0,0.0
2024-11-18 00:00:00-05:00,3.9661210922786325,4.0715012526058585,3.9661210922786325,4.023601055145264,2882300,0.0,0.0
2024-11-19 00:00:00-05:00,3.985281292802104,4.052341481467391,3.9565415382385254,3.9565415382385254,2033400,0.0,0.0
2024-11-20 00:00:00-05:00,3.994861302117017,4.061921030389684,3.985281079900843,4.023601055145264,3218700,0.0,0.0
2024-11-21 00:00:00-05:00,4.081080797859903,4.12898053056484,4.033180608344902,4.042760372161865,4019700,0.0,0.0
2024-11-22 00:00:00-05:00,4.042760372161865,4.071500577232878,3.9948606394569275,4.042760372161865,3229200,0.0,0.0
2024-11-25 00:00:00-05:00,4.023600978456658,4.07150117500429,3.860741315176995,3.8894810676574707,5809500,0.0,0.0
2024-11-26 00:00:00-05:00,3.8799014606176065,3.8894812262316223,3.774521298002545,3.8032612800598145,5597900,0.0,0.0
2024-11-27 00:00:00-05:00,3.8032614210310927,3.899061593177983,3.784101432282731,3.8128414154052734,4136700,0.0,0.0
2024-11-28 00:00:00-05:00,3.8032609909677575,3.832000970840454,3.8032609909677575,3.832000970840454,1398300,0.0,0.0
2024-11-29 00:00:00-05:00,3.832001404153635,3.841581626932898,3.793681426656912,3.8128414154052734,3107600,0.0,0.0
2024-12-02 00:00:00-05:00,3.812841274078904,3.8320012621170836,3.7457813159452757,3.8032612800598145,3046300,0.0,0.0
2024-12-03 00:00:00-05:00,3.822421409779454,3.8511613929019965,3.7649414435343695,3.8128414154052734,4578200,0.0,0.0
2024-12-04 00:00:00-05:00,3.832001035128733,3.832001035128733,3.5062810293686124,3.611660957336426,15323500,0.0,0.0
2024-12-05 00:00:00-05:00,3.6308213255581996,3.669141303389144,3.58292135326952,3.621241331100464,4984300,0.0,0.0
2024-12-06 00:00:00-05:00,3.602081319868856,3.602081319868856,3.4871213870882407,3.5062813758850098,4413900,0.0,0.0
2024-12-09 00:00:00-05:00,3.52544150848027,3.563761487636834,3.467961311340332,3.467961311340332,4334000,0.0,0.0
2024-12-10 00:00:00-05:00,3.4679611810994753,3.487121398363279,3.4104812145233154,3.4104812145233154,5036200,0.0,0.0
2024-12-11 00:00:00-05:00,3.448801223620066,3.5254414081573486,3.400901251037443,3.5254414081573486,4690000,0.0,0.0
2024-12-12 00:00:00-05:00,3.5062812331041275,3.515861227112401,3.410481064616321,3.448801040649414,4386500,0.0,0.0
2024-12-13 00:00:00-05:00,3.4709764258235603,3.4709764258235603,3.403485280120385,3.442051649093628,2450500,0.023,0.0
2024-12-16 00:00:00-05:00,3.3938438959338626,3.3938438959338626,3.2492197735444472,3.268503189086914,6599700,0.0,0.0
2024-12-17 00:00:00-05:00,3.2010119284440326,3.258861717475923,3.123879182899798,3.2492198944091797,6708800,0.0,0.0
2024-12-18 00:00:00-05:00,3.2685029965084156,3.2781445887747185,3.133520474906481,3.152803659439087,6017100,0.0,0.0
2024-12-19 00:00:00-05:00,3.162445456933904,3.2106534213938995,3.0756711209059118,3.104595899581909,4121100,0.0,0.0
2024-12-20 00:00:00-05:00,3.046746427263426,3.19137032467981,3.037104834102334,3.162445545196533,5422700,0.0,0.0
2024-12-23 00:00:00-05:00,3.172086729455679,3.307069246184588,3.1335203617827574,3.2974276542663574,6077000,0.0,0.0
2024-12-24 00:00:00-05:00,3.3552775382995605,3.374560724047076,3.2877863881832567,3.3552775382995605,1595300,0.0,0.0
2024-12-27 00:00:00-05:00,3.3552775382995605,3.403485502668349,3.2974279810570146,3.3552775382995605,3598100,0.0,0.0
2024-12-30 00:00:00-05:00,3.364919347176993,3.451693688611102,3.3359945666989566,3.3938441276550293,4586700,0.0,0.0
2024-12-31 00:00:00-05:00,3.4227687025049374,3.5866760119072123,3.413127109591492,3.5673928260803223,3325200,0.0,0.0
2025-01-02 00:00:00-05:00,3.6541672835042203,3.7313000293701517,3.6348840970377374,3.673450469970703,4984100,0.0,0.0
2025-01-03 00:00:00-05:00,3.6830920632039446,3.7409418524771083,3.6348840970377374,3.673450469970703,3513800,0.0,0.0
2025-01-06 00:00:00-05:00,3.702374898467648,3.7698662745719034,3.6252421599184346,3.6541669368743896,5772800,0.0,0.0
2025-01-07 00:00:00-05:00,3.6830919874986057,3.7409417755826766,3.6638088014284853,3.7023751735687256,4648800,0.0,0.0
2025-01-08 00:00:00-05:00,3.7120165824890137,3.721658175045854,3.6541670271479716,3.7120165824890137,3543600,0.0,0.0
2025-01-09 00:00:00-05:00,3.6830919874986057,3.712016766603786,3.6830919874986057,3.7023751735687256,1309700,0.0,0.0
2025-01-10 00:00:00-05:00,3.779507875442505,3.8566406141662477,3.731299683866472,3.779507875442505,8981000,0.0,0.0
2025-01-13 00:00:00-05:00,3.8469991532111374,3.9144903018994164,3.7505832265135957,3.7602248191833496,8081600,0.0,0.0
2025-01-14 00:00:00-05:00,3.702375044430356,3.798791201291684,3.692733451731593,3.721658229827881,3516200,0.0,0.0
2025-01-15 00:00:00-05:00,3.7602249819387255,3.818074540461177,3.721658379716713,3.789149761199951,3359700,0.0,0.0
2025-01-16 00:00:00-05:00,3.7505834457103497,3.837357784809522,3.673450469970703,3.673450469970703,3673200,0.0,0.0
2025-01-17 00:00:00-05:00,3.6638089305598123,3.712016897434207,3.6445257438100542,3.6830921173095703,2627600,0.0,0.0
2025-01-20 00:00:00-05:00,3.644525477272598,3.7602248191833496,3.644525477272598,3.7602248191833496,2877000,0.0,0.0
2025-01-21 00:00:00-05:00,3.6734503823760862,3.692733568382755,3.5577512663360724,3.615600824356079,4440800,0.0,0.0
2025-01-22 00:00:00-05:00,3.615600824356079,3.683091975379421,3.586676045346076,3.615600824356079,4288200,0.0,0.0
2025-01-23 00:00:00-05:00,3.6156006797261737,3.712016605902725,3.5288263461672775,3.548109531402588,3434300,0.0,0.0
2025-01-24 00:00:00-05:00,3.5384680134467517,3.567392791910031,3.4709766338253947,3.5191848278045654,2897900,0.0,0.0
2025-01-27 00:00:00-05:00,3.461334963252531,3.509543156148804,3.3745606298119,3.4227685928344727,4138300,0.0,0.0
2025-01-28 00:00:00-05:00,3.461335282103781,3.4709768755964596,3.3842025341623505,3.3938441276550293,2885000,0.0,0.0
2025-01-29 00:00:00-05:00,3.3649194818236654,3.490260202243977,3.3649194818236654,3.4613354206085205,4104000,0.0,0.0
2025-01-30 00:00:00-05:00,3.4806181182116926,3.5191847181682707,3.442051748128813,3.499901533126831,3477500,0.0,0.0
2025-01-31 00:00:00-05:00,3.4999014699469346,3.5095430622936057,3.3649189472198486,3.3649189472198486,3491300,0.0,0.0
2025-02-03 00:00:00-05:00,3.133520711631755,3.3552775803832837,3.133520711631755,3.2781448364257812,3918000,0.0,0.0
2025-02-04 00:00:00-05:00,3.2974280664334317,3.4131271839141846,3.2395782778193425,3.4131271839141846,3452200,0.0,0.0
2025-02-05 00:00:00-05:00,3.413126964573881,3.4227685570776725,3.345635817047342,3.374560594558716,2379000,0.0,0.0
2025-02-06 00:00:00-05:00,3.393843952362035,3.4131271383514106,3.2395782345733206,3.2781448364257812,2712700,0.0,0.0
2025-02-07 00:00:00-05:00,3.2974279810570146,3.393843909794591,3.2781447953094993,3.3552775382995605,3452100,0.0,0.0
2025-02-10 00:00:00-05:00,3.393844224509646,3.5481099546687127,3.3745610369739785,3.538468360900879,6849200,0.0,0.0
2025-02-11 00:00:00-05:00,3.5673930105721054,3.615600977632461,3.528826636923821,3.557751417160034,3060300,0.0,0.0
2025-02-12 00:00:00-05:00,3.519184882086762,3.5577512539660074,3.384202350635695,3.4034855365753174,4099900,0.0,0.0
2025-02-13 00:00:00-05:00,3.3745606492375666,3.4131270198776322,3.355277463917534,3.384202241897583,2802700,0.0,0.0
2025-02-14 00:00:00-05:00,3.3842021319131903,3.4324100936465447,3.3263525778331653,3.3649189472198486,3345500,0.0,0.0
2025-02-18 00:00:00-05:00,3.393843976471983,3.470976720977438,3.3456360111560737,3.451693534851074,3121900,0.0,0.0
2025-02-19 00:00:00-05:00,3.4709764626780166,3.548109431317184,3.451693277986648,3.4902596473693848,2312500,0.0,0.0
2025-02-20 00:00:00-05:00,3.4902597652493585,3.5191847731370176,3.4324102092214432,3.5095431804656982,2381200,0.0,0.0
2025-02-21 00:00:00-05:00,3.480618573636659,3.4902601674189424,3.297428291773266,3.326353073120117,4200700,0.0,0.0
2025-02-24 00:00:00-05:00,3.316711340437654,3.335994527194663,3.249219956914403,3.258861780166626,5084000,0.0,0.0
2025-02-25 00:00:00-05:00,3.220294785540577,3.2299363777477104,3.0660293102264404,3.0660293102264404,5649700,0.0,0.0
2025-02-26 00:00:00-05:00,3.0660293102264404,3.1045956790549747,3.0274629413979066,3.0660293102264404,3397000,0.0,0.0
2025-02-27 00:00:00-05:00,3.0949543930688876,3.1817287315187177,3.085312799907795,3.162445545196533,4166400,0.0,0.0
2025-02-28 00:00:00-05:00,3.1045959862299797,3.1817287315187177,3.046746427263426,3.162445545196533,4282500,0.0,0.0
2025-03-03 00:00:00-05:00,3.162445441317743,3.19137021985091,2.805706276201647,2.8924806118011475,9994700,0.0,0.0
2025-03-04 00:00:00-05:00,2.747856664573871,2.940688763637974,2.728573477654833,2.8828392028808594,6993800,0.0,0.0
2025-03-05 00:00:00-05:00,2.796064570708725,2.8153477556206172,2.641798861539891,2.747856378555298,9701800,0.0,0.0
2025-03-06 00:00:00-05:00,2.747856453109898,2.7671396385449802,2.651440525934489,2.7189316749572754,6643300,0.0,0.0
2025-03-07 00:00:00-05:00,2.7671397151316923,2.8635558748493346,2.7478565291629056,2.815347909927368,5405500,0.0,0.0
2025-03-10 00:00:00-04:00,2.7960647581219087,2.824989537428502,2.680365411021823,2.7382149696350098,9535400,0.0,0.0
2025-03-11 00:00:00-04:00,2.7478563501244517,2.8249893188476562,2.7285731654120737,2.8249893188476562,4443900,0.0,0.0
2025-03-12 00:00:00-04:00,2.8924805719816673,2.979254906386584,2.8346310157117225,2.9696133136749268,5260300,0.0,0.0
2025-03-13 00:00:00-04:00,2.979255081607869,2.9985382681653014,2.85391436898456,2.873197555541992,5166400,0.0,0.0
2025-03-14 00:00:00-04:00,2.9246951293631382,3.002427816390991,2.8663956140922484,3.002427816390991,3814300,0.023,0.0
2025-03-17 00:00:00-04:00,3.031577637454016,3.0898773856063517,2.9538449487998166,2.963561534881592,4092000,0.0,0.0
2025-03-18 00:00:00-04:00,2.9635619264862076,2.973278513851931,2.866396052828974,2.9441287517547607,4228700,0.0,0.0
2025-03-19 00:00:00-04:00,2.9246953163186142,3.080160931973839,2.9246953163186142,3.070444345474243,5054900,0.0,0.0
2025-03-20 00:00:00-04:00,3.0510114856232358,3.080161248113881,3.0218614914708706,3.060728073120117,2808700,0.0,0.0
2025-03-21 00:00:00-04:00,3.041294974606186,3.0704447378298645,2.9829952164971045,3.051011562347412,4957300,0.0,0.0
2025-03-24 00:00:00-04:00,3.060727770071641,3.1190272892805857,3.060727770071641,3.0995941162109375,3458800,0.0,0.0
2025-03-25 00:00:00-04:00,3.1190275552949016,3.196760254203128,3.1190275552949016,3.1870436668395996,3263400,0.0,0.0
2025-03-26 00:00:00-04:00,3.206476745648999,3.264776268086213,3.119027461993178,3.138460636138916,3826100,0.0,0.0
2025-03-27 00:00:00-04:00,3.109310874920309,3.148177223211785,3.0510113524830946,3.138460636138916,2850000,0.0,0.0
2025-03-28 00:00:00-04:00,3.0995942418650557,3.1384605895799504,3.012144727844836,3.0218613147735596,2726500,0.0,0.0
2025-03-31 00:00:00-04:00,2.963561673061704,3.109310702745762,2.963561673061704,3.0995941162109375,2487600,0.0,0.0
2025-04-01 00:00:00-04:00,3.0898776054382324,3.099594192211302,3.0121446795919744,3.0898776054382324,3313700,0.0,0.0
2025-04-02 00:00:00-04:00,3.0704445172297214,3.1093108654022217,3.0510113431434713,3.1093108654022217,1548200,0.0,0.0
2025-04-03 00:00:00-04:00,2.914978570852596,2.914978570852596,2.720646619796753,2.720646619796753,8675100,0.0,0.0
2025-04-04 00:00:00-04:00,2.4777317605054465,2.555464680602852,2.186233947209809,2.2542500495910645,14144600,0.0,0.0
2025-04-07 00:00:00-04:00,2.0599182452735754,2.3708494847448973,2.0599182452735754,2.2639667987823486,9499100,0.0,0.0
2025-04-08 00:00:00-04:00,2.468015334514082,2.468015334514082,2.0016187103282412,2.0210518836975098,9205000,0.0,0.0
2025-04-09 00:00:00-04:00,1.855869867803264,2.506881780637169,1.855869867803264,2.468015432357788,14022300,0.0,0.0
2025-04-10 00:00:00-04:00,2.3319830922335836,2.3319830922335836,2.0987847830102253,2.1473677158355713,10479800,0.0,0.0
2025-04-11 00:00:00-04:00,2.157084632742458,2.225100749114116,2.0890685163708005,2.195950984954834,7056900,0.0,0.0
2025-04-14 00:00:00-04:00,2.273683689379586,2.28340027743268,2.13765145663627,2.195950984954834,6035600,0.0,0.0
2025-04-15 00:00:00-04:00,2.1959504192536743,2.2445333470036437,2.1570840770536988,2.1765172481536865,3857400,0.0,0.0
2025-04-16 00:00:00-04:00,2.157084261395121,2.3028330571005187,2.157084261395121,2.2445335388183594,6093500,0.0,0.0
2025-04-17 00:00:00-04:00,2.293116596275075,2.390282697060498,2.2834000093627034,2.3514163494110107,4536700,0.0,0.0
2025-04-21 00:00:00-04:00,2.3125499642171627,2.3125499642171627,2.2153838650092363,2.2639667987823486,2450500,0.0,0.0
2025-04-22 00:00:00-04:00,2.2834001354224283,2.3222667168793287,2.263966960524837,2.273683547973633,2918900,0.0,0.0
2025-04-23 00:00:00-04:00,2.322266449367878,2.3416996220268818,2.1862340090931593,2.215383768081665,7479900,0.0,0.0
2025-04-24 00:00:00-04:00,2.215383768081665,2.263966699729175,2.1862340090931593,2.215383768081665,3534900,0.0,0.0
2025-04-25 00:00:00-04:00,2.195950756150885,2.2542502783950136,2.176517582069509,2.225100517272949,5317600,0.0,0.0
2025-04-28 00:00:00-04:00,2.195950756150885,2.2445336913543255,2.195950756150885,2.225100517272949,4074100,0.0,0.0
2025-04-29 00:00:00-04:00,2.195950571502926,2.2056671577265887,2.1376510541609512,2.1570842266082764,3476400,0.0,0.0
2025-04-30 00:00:00-04:00,2.0987846725593626,2.108501258613086,2.0404849245753387,2.0696349143981934,5620900,0.0,0.0
2025-05-01 00:00:00-04:00,2.050201932496692,2.225100749114116,2.050201932496692,2.195950984954834,5297100,0.0,0.0
2025-05-02 00:00:00-04:00,2.195951145383165,2.2639672667238373,2.147368201568399,2.205667734146118,4764900,0.0,0.0
2025-05-05 00:00:00-04:00,2.1376510878842008,2.18623401976895,2.0502015788299595,2.059918165206909,5496400,0.0,0.0
2025-05-06 00:00:00-04:00,2.127934739172285,2.127934739172285,1.9433193457291986,2.030768632888794,11574800,0.0,0.0
2025-05-07 00:00:00-04:00,2.0599183081815955,2.0599183081815955,1.9530358506166559,2.0113353729248047,4927800,0.0,0.0
2025-05-08 00:00:00-04:00,2.0404850319581125,2.1668008889657098,2.0210518588279744,2.1473677158355713,6310900,0.0,0.0
2025-05-09 00:00:00-04:00,2.1862341691101967,2.225100517272949,2.157084407988133,2.225100517272949,4626000,0.0,0.0
2025-05-12 00:00:00-04:00,2.3514164436037075,2.4582989039212784,2.3514164436037075,2.3999993801116943,8938300,0.0,0.0
2025-05-13 00:00:00-04:00,2.4582988964453523,2.6234811117318872,2.3805661982689665,2.613764524459839,7789800,0.0,0.0
2025-05-14 00:00:00-04:00,2.574898121787795,2.574898121787795,2.458298845287943,2.468015432357788,6888000,0.0,0.0
2025-05-15 00:00:00-04:00,2.3708494847448973,2.399999245008765,2.2251004517638586,2.2639667987823486,9234300,0.0,0.0
2025-05-16 00:00:00-04:00,2.3222668170928955,2.341699992829093,2.244533882486377,2.3222668170928955,6270900,0.0,0.0
2025-05-20 00:00:00-04:00,2.2931167929383736,2.3028333806840635,2.2251006787185434,2.2348172664642334,5224300,0.0,0.0
2025-05-21 00:00:00-04:00,2.225100354411167,2.254250113399673,2.1959505954226612,2.215383768081665,4285200,0.0,0.0
2025-05-22 00:00:00-04:00,2.1959504192536743,2.1959504192536743,2.118217734853723,2.1765172481536865,3486200,0.0,0.0
2025-05-23 00:00:00-04:00,2.137651612805446,2.205667734146118,2.1182184352795397,2.205667734146118,4999400,0.0,0.0
2025-05-26 00:00:00-04:00,2.1959505954226612,2.215383768081665,2.1862340090931593,2.215383768081665,1113500,0.0,0.0
2025-05-27 00:00:00-04:00,2.215383768081665,2.215383768081665,2.1570842501046537,2.215383768081665,3230000,0.0,0.0
2025-05-28 00:00:00-04:00,2.2542502783950136,2.293116626557766,2.205667343191573,2.225100517272949,7200600,0.0,0.0
2025-05-29 00:00:00-04:00,2.2445336252731036,2.293116559046216,2.2251004517638586,2.2639667987823486,4432700,0.0,0.0
2025-05-30 00:00:00-04:00,2.2445339184069306,2.2445339184069306,2.1473680381709417,2.1668012142181396,6823300,0.0,0.0
2025-06-02 00:00:00-04:00,2.2348168774821344,2.293116393808925,2.195950533264274,2.2542500495910645,7180400,0.0,0.0
2025-06-03 00:00:00-04:00,2.254250248625588,2.390282697060498,2.2056673140637293,2.3514163494110107,6694500,0.0,0.0
2025-06-04 00:00:00-04:00,2.3514164792257155,2.3999994164696936,2.2542503730760415,2.273683547973633,6107900,0.0,0.0
2025-06-05 00:00:00-04:00,2.3222667168793287,2.3222667168793287,2.2542503730760415,2.273683547973633,4247500,0.0,0.0
2025-06-06 00:00:00-04:00,2.2931166795900775,2.409715958436604,2.2834000923246767,2.370849609375,5598800,0.0,0.0
2025-06-09 00:00:00-04:00,2.399999153280055,2.4485820851963127,2.361132807747049,2.4291489124298096,4977900,0.0,0.0
2025-06-10 00:00:00-04:00,2.458298661194237,2.6526306196999854,2.448582074852034,2.5846145153045654,9665800,0.0,0.0
2025-06-11 00:00:00-04:00,2.6623473271262923,2.7303634346150987,2.574898046069255,2.6914970874786377,11346100,0.0,0.0
2025-06-12 00:00:00-04:00,2.633197707891689,2.6526308825013776,2.584614771367467,2.642914295196533,5374400,0.0,0.0
2025-06-13 00:00:00-04:00,2.900639841659687,2.9202387405651735,2.724249517873002,2.7732467651367188,13910600,0.023,0.0
2025-06-16 00:00:00-04:00,2.763447241892623,2.763447241892623,2.6654527499819016,2.6752521991729736,6195900,0.0,0.0
2025-06-17 00:00:00-04:00,2.7144502220289857,2.851642755768321,2.685051872007125,2.82224440574646,8651300,0.0,0.0
2025-06-18 00:00:00-04:00,2.8516426576716043,2.88104100668216,2.7830462763429984,2.7928457260131836,6900300,0.0,0.0
2025-06-19 00:00:00-04:00,2.832043946419142,2.9202389993082116,2.822244496098134,2.8516428470611572,6468000,0.0,0.0
2025-06-20 00:00:00-04:00,2.8320437270214938,2.8418431765833407,2.743848447327563,2.783046245574951,8324600,0.0,0.0
2025-06-23 00:00:00-04:00,2.8418433408121784,2.851642790940331,2.5184610193084924,2.5282604694366455,15097500,0.0,0.0
2025-06-24 00:00:00-04:00,2.4498645945251627,2.5184607377534247,2.420466247427336,2.4400651454925537,7640900,0.0,0.0
2025-06-25 00:00:00-04:00,2.440065176772555,2.4792629734054796,2.420466278456092,2.449864625930786,4287800,0.0,0.0
2025-06-26 00:00:00-04:00,2.4694637950203244,2.4792632452530508,2.4302659940894182,2.4596643447875977,4716400,0.0,0.0
2025-06-27 00:00:00-04:00,2.4596643748732405,2.4988621762835987,2.430266023815472,2.46946382522583,4005300,0.0,0.0
2025-06-30 00:00:00-04:00,2.469463822884953,2.469463822884953,2.3812687697952493,2.39106822013855,3474900,0.0,0.0
2025-07-02 00:00:00-04:00,2.4302661115947615,2.5282606186601413,2.4106672101816855,2.4988622665405273,5739100,0.0,0.0
2025-07-03 00:00:00-04:00,2.4890626954857775,2.4988621457185043,2.4400654443221446,2.4596643447875977,2764200,0.0,0.0
2025-07-04 00:00:00-04:00,2.4596643447875977,2.4694637950203244,2.4400654443221446,2.4596643447875977,958600,0.0,0.0
2025-07-07 00:00:00-04:00,2.4694636717525134,2.4988620209832204,2.3812686240603917,2.420466423034668,5174900,0.0,0.0
2025-07-08 00:00:00-04:00,2.42046644691205,2.7242496255967574,2.42046644691205,2.655653476715088,12701100,0.0,0.0
2025-07-09 00:00:00-04:00,2.665452919972128,2.6752523697881636,2.5772578716278076,2.5772578716278076,3009400,0.0,0.0
2025-07-10 00:00:00-04:00,2.557658703090088,2.5968567354510297,2.49886200500464,2.567458152770996,3976600,0.0,0.0
2025-07-11 00:00:00-04:00,2.5478593187006098,2.616455701862126,2.5478593187006098,2.58705735206604,5084900,0.0,0.0
2025-07-14 00:00:00-04:00,2.5968566410414753,2.5968566410414753,2.489062464833069,2.538059711456299,6711400,0.0,0.0
2025-07-15 00:00:00-04:00,2.5282604694366455,2.596856853971036,2.4988621190521867,2.5282604694366455,5772400,0.0,0.0
2025-07-16 00:00:00-04:00,2.5282605273413674,2.5282605273413674,2.449864924520651,2.46946382522583,5926500,0.0,0.0
2025-07-17 00:00:00-04:00,2.4792631398301386,2.596856771259879,2.4596642401980673,2.5772578716278076,3786900,0.0,0.0
2025-07-18 00:00:00-04:00,2.626255303758144,2.6850520067524917,2.5968569522609704,2.636054754257202,4424700,0.0,0.0
2025-07-21 00:00:00-04:00,2.6458543256570426,2.6458543256570426,2.5674584844449972,2.5968570709228516,3545100,0.0,0.0
2025-07-22 00:00:00-04:00,2.5870573278334184,2.6654529265553264,2.5870573278334184,2.655653476715088,4584300,0.0,0.0
2025-07-23 00:00:00-04:00,2.6458539517090918,2.8418431765833407,2.636054502147245,2.783046245574951,8217500,0.0,0.0
2025-07-24 00:00:00-04:00,2.783046401984451,2.881041136747614,2.743848601534114,2.8320438861846924,6003700,0.0,0.0
2025-07-25 00:00:00-04:00,2.8222442774596463,2.8516426261451877,2.783046245574951,2.783046245574951,4578400,0.0,0.0
2025-07-28 00:00:00-04:00,2.8418433403852084,2.9986345424120975,2.832043890258528,2.9104394912719727,7706500,0.0,0.0
2025-07-29 00:00:00-04:00,2.930038305527369,2.9790355547226803,2.89084050617112,2.9594366550445557,5438900,0.0,0.0
2025-07-30 00:00:00-04:00,2.988835184735649,2.988835184735649,2.881041230007895,2.93983793258667,7311000,0.0,0.0
2025-07-31 00:00:00-04:00,2.890840499774655,2.969236098313689,2.8320438008703785,2.8810410499572754,6074300,0.0,0.0
2025-08-01 00:00:00-04:00,2.890840617708702,2.949637319011634,2.7928458818998254,2.841843366622925,8291800,0.0,0.0
2025-08-05 00:00:00-04:00,2.822244320954686,2.881041019231914,2.8026451878916325,2.871241569519043,5872100,0.0,0.0
2025-08-06 00:00:00-04:00,2.9202389371979507,2.959436737648288,2.812444752322204,2.8320438861846924,7862100,0.0,0.0
2025-08-07 00:00:00-04:00,2.8418431765833407,2.9104393235162704,2.7634473464512572,2.783046245574951,4490700,0.0,0.0
2025-08-08 00:00:00-04:00,2.7830462145894623,2.802645113494949,2.7144500684202586,2.7732467651367188,4471300,0.0,0.0
2025-08-11 00:00:00-04:00,2.7732467233572207,2.812444520577672,2.6654527810009805,2.685051679611206,5818700,0.0,0.0
2025-08-12 00:00:00-04:00,2.655653423072138,2.7634473691373747,2.6458539734298436,2.7144501209259033,4368900,0.0,0.0
2025-08-13 00:00:00-04:00,2.7242495705681975,2.75364791949508,2.6458539734298436,2.7144501209259033,3635600,0.0,0.0
2025-08-14 00:00:00-04:00,2.704650732213208,2.734049081802368,2.675252382624047,2.734049081802368,3217600,0.0,0.0
2025-08-15 00:00:00-04:00,2.714450182076261,2.7438485316654213,2.6948512823501543,2.734049081802368,2734300,0.0,0.0
2025-08-18 00:00:00-04:00,2.694851487950642,2.7536481916147872,2.6556536855078785,2.724249839782715,2999700,0.0,0.0
2025-08-19 00:00:00-04:00,2.7242494451283346,2.763447241892623,2.655653300790829,2.6752521991729736,4286100,0.0,0.0
2025-08-20 00:00:00-04:00,2.70465054674619,2.7242494451283346,2.6262549532176127,2.6752521991729736,2918900,0.0,0.0
2025-08-21 00:00:00-04:00,2.6654529919528014,2.753648042678833,2.655653541872131,2.753648042678833,4707300,0.0,0.0
2025-08-22 00:00:00-04:00,2.7634474477828688,2.910439430237865,2.75364799786169,2.890840530395508,6858600,0.0,0.0
2025-08-25 00:00:00-04:00,2.8810411408919308,2.9300383915253336,2.86144224063857,2.9104394912719727,6054000,0.0,0.0
2025-08-26 00:00:00-04:00,2.8908404689447855,2.9104393683705285,2.8614421198061715,2.871241569519043,4054900,0.0,0.0
2025-08-27 00:00:00-04:00,2.8712418087889704,2.9496374130249023,2.8712418087889704,2.9496374130249023,5001400,0.0,0.0
2025-08-28 00:00:00-04:00,2.9790358543395996,2.9790358543395996,2.9006402477424533,2.9790358543395996,4246500,0.0,0.0
2025-08-29 00:00:00-04:00,2.988834857940674,3.0280326553740253,2.9398376111489846,2.988834857940674,3791500,0.0,0.0
2025-09-02 00:00:00-04:00,3.0182335452726345,3.2142227881063716,2.9790357434333528,3.17502498626709,5703500,0.0,0.0
2025-09-03 00:00:00-04:00,3.13582699236541,3.145626442225036,3.02803281027221,3.037832260131836,7062000,0.0,0.0
2025-09-04 00:00:00-04:00,3.0182334207857306,3.077030354756905,2.969236170507518,3.057431221008301,2787900,0.0,0.0
2025-09-05 00:00:00-04:00,2.9986344853029365,3.0378322850631347,2.9300383357225903,2.969236135482788,4698100,0.0,0.0
2025-09-08 00:00:00-04:00,2.988835035362887,3.0378322850631347,2.9300383357225903,2.969236135482788,4146800,0.0,0.0
2025-09-09 00:00:00-04:00,2.998634194307767,3.096628917835918,2.998634194307767,3.0280325412750244,5254000,0.0,0.0
2025-09-10 00:00:00-04:00,3.0672309469877828,3.2632199508026454,3.0378323627782318,3.224022150039673,8936000,0.0,0.0
2025-09-11 00:00:00-04:00,3.1652254191088143,3.243621019897016,3.1652254191088143,3.2142226696014404,4871000,0.0,0.0
2025-09-12 00:00:00-04:00,3.2436208416192485,3.312217222176011,3.224021942499404,3.233821392059326,7405900,0.0,0.0
2025-09-15 00:00:00-04:00,3.2663866034962457,3.28612305996086,3.187440777637788,3.2269136905670166,5241800,0.023,0.0
2025-09-16 00:00:00-04:00,3.2663866452907553,3.5426972746079644,3.236781960215032,3.5328290462493896,10226700,0.0,0.0
2025-09-17 00:00:00-04:00,3.4933563251072104,3.5130927829107543,3.424278722794806,3.453883409500122,5117400,0.0,0.0
2025-09-18 00:00:00-04:00,3.4736196505993866,3.4736196505993866,3.3552009111657606,3.3946738243103027,4152200,0.0,0.0
2025-09-19 00:00:00-04:00,3.3650691833604625,3.3749374117753623,3.2367819786896455,3.276254892349243,11051000,0.0,0.0
2025-09-22 00:00:00-04:00,3.2466502775999935,3.315727878004192,3.1874409058249666,3.2959914207458496,3366500,0.0,0.0
2025-09-23 00:00:00-04:00,3.3157277740486606,3.4933561190818225,3.3157277740486606,3.3650691509246826,5084800,0.0,0.0
2025-09-24 00:00:00-04:00,3.434146797633467,3.483487939928779,3.384805655338155,3.4440150260925293,5504400,0.0,0.0
2025-09-25 00:00:00-04:00,3.404542052596438,3.424278509168709,3.365069139451896,3.3946738243103027,3072900,0.0,0.0
2025-09-26 00:00:00-04:00,3.4144104808374673,3.51309276947786,3.3848057942453496,3.483488082885742,6618100,0.0,0.0
2025-09-29 00:00:00-04:00,3.424278447392936,3.4341466755010437,3.3354643944199687,3.345332622528076,6568200,0.0,0.0
2025-09-30 00:00:00-04:00,3.2959911292099027,3.3157275847225227,3.1874406238904944,3.217045307159424,5585300,0.0,0.0
2025-10-01 00:00:00-04:00,3.2071772341024025,3.236781918799324,3.187440777637788,3.2269136905670166,2845300,0.0,0.0
2025-10-02 00:00:00-04:00,3.226913725461314,3.2367819538003313,3.1183632137321213,3.1380996704101562,4699200,0.0,0.0
2025-10-03 00:00:00-04:00,3.1479678537743,3.2565183639526367,3.1479678537743,3.2565183639526367,5658800,0.0,0.0
2025-10-06 00:00:00-04:00,3.2959914563473767,3.4440151226609452,3.2959914563473767,3.4045422077178955,6435500,0.0,0.0
2025-10-07 00:00:00-04:00,3.414410165827327,3.503224217409783,3.35520079810569,3.4933559894561768,7302200,0.0,0.0
2025-10-08 00:00:00-04:00,3.5328291298524785,3.5328291298524785,3.4341468439314538,3.522960901260376,3898000,0.0,0.0
2025-10-09 00:00:00-04:00,3.513092743285586,3.7203257831624947,3.384805769009534,3.5426974296569824,17950100,0.0,0.0
2025-10-10 00:00:00-04:00,3.4637514034195096,3.5032243163487387,3.2269136905670166,3.2269136905670166,13248700,0.0,0.0
2025-10-14 00:00:00-04:00,3.1874406238904944,3.2466499904283537,3.1775723961341846,3.217045307159424,4446400,0.0,0.0
2025-10-15 00:00:00-04:00,3.295991603260308,3.305859832435929,3.1973093115040965,3.246650457382202,3644400,0.0,0.0
2025-10-16 00:00:00-04:00,3.2663867258484567,3.2663867258484567,3.0986268396152896,3.1282315254211426,3967500,0.0,0.0
2025-10-17 00:00:00-04:00,3.0986268396152896,3.1479679826250444,3.0887586110133385,3.1282315254211426,2480100,0.0,0.0
2025-10-20 00:00:00-04:00,3.1183632137321213,3.1775725837662265,3.1183632137321213,3.1380996704101562,2353600,0.0,0.0
2025-10-21 00:00:00-04:00,3.1479679193220247,3.1479679193220247,3.0394171716063005,3.078890085220337,3564000,0.0,0.0
2025-10-22 00:00:00-04:00,3.10849490308824,3.157836043476902,3.029548843189264,3.14796781539917,5215200,0.0,0.0
2025-10-23 00:00:00-04:00,3.256518423837367,3.3354644861504843,3.236781967078368,3.3058595657348633,6188900,0.0,0.0
2025-10-24 00:00:00-04:00,3.3058596493750207,3.3354645705396635,3.2663867348583357,3.2959914207458496,3789000,0.0,0.0
2025-10-27 00:00:00-04:00,3.2959911292099027,3.3255958124788325,3.1973088516468042,3.217045307159424,2382000,0.0,0.0
2025-10-28 00:00:00-04:00,3.217045411943297,3.217045411943297,3.128231359243705,3.14796781539917,3274400,0.0,0.0
2025-10-29 00:00:00-04:00,3.1578362568661236,3.246650315567282,3.1578362568661236,3.2071774005889893,3744900,0.0,0.0
2025-10-30 00:00:00-04:00,3.1677044398289467,3.1973091256347996,3.0986268396152896,3.1282315254211426,3672100,0.0,0.0
2025-10-31 00:00:00-04:00,3.1479678250888097,3.345332622528076,3.138099596980702,3.345332622528076,8973400,0.0,0.0
2025-11-03 00:00:00-05:00,3.3453327145299836,3.355200942909483,3.256518423837367,3.3058595657348633,4463700,0.0,0.0
2025-11-04 00:00:00-05:00,3.2565183752639384,3.276254831728553,3.157836092940866,3.2269136905670166,3785400,0.0,0.0
2025-11-05 00:00:00-05:00,3.226913820341651,3.2959914207458496,3.21704559171248,3.2959914207458496,3394200,0.0,0.0
2025-11-06 00:00:00-05:00,3.3058595571998746,3.355200934247106,3.256518415429766,3.3354644775390625,5273700,0.0,0.0
2025-11-07 00:00:00-05:00,3.3354646499251532,3.483488082885742,3.2959914991918615,3.483488082885742,8087400,0.0,0.0
2025-11-10 00:00:00-05:00,3.5032242679521706,3.5723018646240234,3.4341466712803173,3.5723018646240234,5029300,0.0,0.0
2025-11-11 00:00:00-05:00,3.582170520125817,3.749930406755214,3.582170520125817,3.690721035003662,6698900,0.0,0.0
2025-11-12 00:00:00-05:00,3.9966366237865314,4.322288406210539,3.98676815980798,4.194001197814941,30203000,0.0,0.0
2025-11-13 00:00:00-05:00,4.2729469679362815,4.490048466899203,4.263078974649378,4.342024803161621,15927600,0.0,0.0
2025-11-14 00:00:00-05:00,4.302551873701675,4.39136569518698,4.24334250252672,4.371629238128662,6988100,0.0,0.0
2025-11-17 00:00:00-05:00,4.361761321016221,4.401234235821903,4.144659819030708,4.194001197814941,7724500,0.0,0.0
2025-11-18 00:00:00-05:00,4.11505516084402,4.351892637743761,4.11505516084402,4.332156181335449,5288500,0.0,0.0
2025-11-19 00:00:00-05:00,4.213737104980907,4.450575033442566,4.184132187465375,4.430838108062744,6736500,0.0,0.0
2025-11-20 00:00:00-05:00,4.490047787852167,4.588730058568374,4.391365046581776,4.4209699630737305,8443800,0.0,0.0
2025-11-21 00:00:00-05:00,4.34202524930211,4.42097108592599,4.22360649436629,4.4012346267700195,6940100,0.0,0.0
2025-11-24 00:00:00-05:00,4.440706866715672,4.559125603561741,4.361761042151627,4.509784698486328,4850100,0.0,0.0
2025-11-25 00:00:00-05:00,4.4505758508495825,4.480180303248163,4.302552177193819,4.391366004943848,4792200,0.0,0.0
2025-11-26 00:00:00-05:00,4.420970775495071,4.440707233265191,4.361761402184714,4.381497859954834,4753400,0.0,0.0
2025-11-27 00:00:00-05:00,4.391365046581776,4.4308379548682595,4.381497054787248,4.4209699630737305,1522700,0.0,0.0
2025-11-28 00:00:00-05:00,4.440706888319457,4.4999162570305415,4.381497519608372,4.450575351715088,4339300,0.0,0.0
2025-12-01 00:00:00-05:00,4.470311648465364,4.4999160964875955,4.4308382668453605,4.440706729888916,5607200,0.0,0.0
2025-12-02 00:00:00-05:00,4.4703121551975045,4.4703121551975045,4.322288486644477,4.381497859954834,4277700,0.0,0.0
2025-12-03 00:00:00-05:00,4.391365662241112,4.499916410524596,4.371629205330865,4.460443496704102,3825000,0.0,0.0
2025-12-04 00:00:00-05:00,4.440706417216972,4.499915779646696,4.411101500725018,4.4209699630737305,7442900,0.0,0.0
2025-12-05 00:00:00-05:00,4.440706888319457,4.539389169504598,4.411101968686797,4.450575351715088,5707800,0.0,0.0
2025-12-08 00:00:00-05:00,4.440706757031456,4.450575220135329,4.342024478763824,4.351892471313477,3762200,0.0,0.0
2025-12-09 00:00:00-05:00,4.381497595654205,4.391365588666872,4.184132559304196,4.243342399597168,3408700,0.0,0.0
2025-12-10 00:00:00-05:00,4.243342399597168,4.263078856176745,4.124923189565465,4.243342399597168,4620200,0.0,0.0
2025-12-11 00:00:00-05:00,4.095318463710163,4.213737195199302,4.065713545560773,4.134791374206543,3970200,0.0,0.0
2025-12-12 00:00:00-05:00,4.124922911305343,4.1742642847029225,4.085450000808963,4.134791374206543,3157500,0.0,0.0
2025-12-15 00:00:00-05:00,4.157614119967929,4.246918630728939,4.11792333144115,4.236995697021484,4865800,0.023,0.0
2025-12-16 00:00:00-05:00,4.157613566137569,4.177458957757379,4.048463675652886,4.117922782897949,5503100,0.0,0.0
2025-12-17 00:00:00-05:00,4.177459363863696,4.316377118707075,4.157613970314642,4.306454658508301,4690100,0.0,0.0
2025-12-18 00:00:00-05:00,4.3163768944150815,4.3163768944150815,4.157613754272461,4.157613754272461,4644500,0.0,0.0
2025-12-19 00:00:00-05:00,4.1576142092607045,4.266764116629309,4.1576142092607045,4.25684118270874,10200600,0.0,0.0
2025-12-22 00:00:00-05:00,4.346144818700045,4.405680990759459,4.246917865267691,4.27668571472168,4499000,0.0,0.0
2025-12-23 00:00:00-05:00,4.2965317251580215,4.306454658508301,4.236995544510859,4.306454658508301,4301100,0.0,0.0
2025-12-24 00:00:00-05:00,4.286608835331859,4.336222077656232,4.25684051141607,4.316376686096191,1645800,0.0,0.0
2025-12-29 00:00:00-05:00,4.316376686096191,4.375912860776313,4.296531294536151,4.316376686096191,2613300,0.0,0.0
2025-12-30 00:00:00-05:00,4.3461454732448255,4.455294901882985,4.3461454732448255,4.415604114532471,3694600,0.0,0.0
2025-12-31 00:00:00-05:00,4.415603592358743,4.455294375015565,4.365990350613442,4.405681133270264,2515900,0.0,0.0
2026-01-02 00:00:00-05:00,4.395758661393406,4.5148314949856925,4.326300021045365,4.504908561706543,4828500,0.0,0.0
2026-01-05 00:00:00-05:00,4.4652177418304495,4.494986068295979,4.078232336687563,4.395758628845215,12247300,0.0,0.0
2026-01-06 00:00:00-05:00,4.385835947248323,4.465217516277916,4.236995268742097,4.246918201446533,7411900,0.0,0.0
2026-01-07 00:00:00-05:00,4.217149968828158,4.346145257901611,4.187381643214483,4.266763687133789,6437300,0.0,0.0
2026-01-08 00:00:00-05:00,4.3362222911770205,4.604135327005655,4.326299831484135,4.564444541931152,13881300,0.0,0.0
2026-01-09 00:00:00-05:00,4.6041353757385775,4.713285272424508,4.574367523193359,4.574367523193359,4676200,0.0,0.0
2026-01-12 00:00:00-05:00,4.574367463900688,4.703362278510418,4.564444531079912,4.663671493530273,4017500,0.0,0.0
2026-01-13 00:00:00-05:00,4.703361992893193,4.772821098966198,4.475140229692139,4.604135036468506,9420900,0.0,0.0
2026-01-14 00:00:00-05:00,4.604135316060057,4.77282138880141,4.604135316060057,4.663671493530273,9413600,0.0,0.0
2026-01-15 00:00:00-05:00,4.58428987948223,4.752975950601305,4.5445990948837975,4.653748989105225,4819300,0.0,0.0
2026-01-16 00:00:00-05:00,4.614058308687973,4.673594486929894,4.564444590243963,4.574367523193359,4635900,0.0,0.0
2026-01-19 00:00:00-05:00,4.544598862613694,4.623980427753444,4.544598862613694,4.604135036468506,1710300,0.0,0.0
2026-01-20 00:00:00-05:00,4.623980522155762,4.673594237956735,4.574367279506249,4.623980522155762,4239800,0.0,0.0
2026-01-21 00:00:00-05:00,4.663671773236757,4.812512462414847,4.604135592195823,4.723208427429199,9924700,0.0,0.0
2026-01-22 00:00:00-05:00,4.7132851355276575,4.723208068188843,4.3957583876417905,4.445372104644775,11442100,0.0,0.0
2026-01-23 00:00:00-05:00,4.52475395511334,4.633903855426477,4.504908561706543,4.504908561706543,9802000,0.0,0.0
2026-01-26 00:00:00-05:00,4.534677072550445,4.564444927293795,4.445372562017357,4.544599533081055,6415400,0.0,0.0
2026-01-27 00:00:00-05:00,4.554521794831888,4.6537487512565745,4.544598862613694,4.604135036468506,5797500,0.0,0.0
2026-01-28 00:00:00-05:00,4.643826007843018,4.663671399934811,4.544599047384048,4.643826007843018,8206200,0.0,0.0
2026-01-29 00:00:00-05:00,4.723208238138968,4.852203055315562,4.643826193447579,4.683516979217529,9500500,0.0,0.0
2026-01-30 00:00:00-05:00,4.643826101040201,4.743053536642041,4.564444531079912,4.663671493530273,6006600,0.0,0.0
2026-02-02 00:00:00-05:00,4.4751405594568245,4.623980768485884,4.465217626507428,4.574367523193359,6208300,0.0,0.0
2026-02-03 00:00:00-05:00,4.64382609405378,4.802589706886984,4.584289916673133,4.762898921966553,8411600,0.0,0.0
2026-02-04 00:00:00-05:00,4.782744452138786,4.8323576981421255,4.643826227765854,4.792666912078857,7567800,0.0,0.0
2026-02-05 00:00:00-05:00,4.713285367773265,4.7430536940721755,4.564444682581705,4.594213008880615,6397900,0.0,0.0
2026-02-06 00:00:00-05:00,4.633903814304482,4.812512353380659,4.633903814304482,4.8025898933410645,10023700,0.0,0.0
2026-02-09 00:00:00-05:00,4.812512489660704,4.8720486710387,4.762899241754796,4.832357883453369,4025800,0.0,0.0
2026-02-10 00:00:00-05:00,4.8621260730331235,4.872048533072718,4.762899106879692,4.8025898933410645,5303300,0.0,0.0
2026-02-11 00:00:00-05:00,4.862126010788782,4.951430042607862,4.822435224835526,4.8918938636779785,7222900,0.0,0.0
2026-02-12 00:00:00-05:00,4.8819713948773655,4.901816787817864,4.524753848796915,4.584290027618408,8447500,0.0,0.0
2026-02-13 00:00:00-05:00,4.614058011974234,4.743053293112242,4.584289688191826,4.713284969329834,5462500,0.0,0.0
2026-02-17 00:00:00-05:00,4.713285305120737,4.772821483775662,4.53467676915596,4.683516979217529,5140000,0.0,0.0
2026-02-18 00:00:00-05:00,4.7628991358068635,4.951430136067667,4.7628991358068635,4.911739349365234,10693300,0.0,0.0
2026-02-19 00:00:00-05:00,4.961352851989564,5.199497561772353,4.951429919172875,5.169729709625244,13398500,0.0,0.0
2026-02-20 00:00:00-05:00,5.1300387832840215,5.179652026545751,5.060579674935841,5.139961242675781,5249900,0.0,0.0
2026-02-23 00:00:00-05:00,5.159806787809327,5.2292658982198015,5.070502758026123,5.070502758026123,4842600,0.0,0.0
2026-02-24 00:00:00-05:00,5.080425066870826,5.199497418480736,5.050657215544081,5.139961242675781,7483900,0.0,0.0
2026-02-25 00:00:00-05:00,5.120116298428956,5.139961692099165,4.9613531490672855,5.0308122634887695,5075200,0.0,0.0
2026-02-26 00:00:00-05:00,4.971275976665996,5.1201161894487885,4.881971470475123,5.110193729400635,5800500,0.0,0.0
2026-02-27 00:00:00-05:00,5.159806913720582,5.219343565897524,5.120116127703616,5.199497699737549,6010900,0.0,0.0
2026-03-02 00:00:00-05:00,5.4971787148269255,5.5368694982937905,5.139961190473676,5.2292656898498535,9726400,0.0,0.0
2026-03-03 00:00:00-05:00,5.358261022622195,5.437642590295619,5.1598066302871715,5.2391886711120605,9398500,0.0,0.0
2026-03-04 00:00:00-05:00,5.179652238106597,5.388029098510742,5.1697297783095575,5.388029098510742,6502600,0.0,0.0
2026-03-05 00:00:00-05:00,5.239188889494768,5.487256535390038,5.209420563800682,5.388029098510742,12205500,0.0,0.0
2026-03-06 00:00:00-05:00,5.477333365931686,5.596405717263546,5.278879447045251,5.338415622711182,10449600,0.0,0.0
2026-03-09 00:00:00-04:00,5.3979521871326455,5.5567153336757675,5.278879827225303,5.318570613861084,8910700,0.0,0.0
2026-03-10 00:00:00-04:00,5.298725067731455,5.487256535390038,5.288802134782931,5.388029098510742,7900100,0.0,0.0
2026-03-11 00:00:00-04:00,5.397952157799049,5.5467928434501435,5.388029224618277,5.517024517059326,7507000,0.0,0.0
2026-03-12 00:00:00-04:00,5.606328688080479,5.626174080104686,5.417797227274774,5.447565078735352,7252500,0.0,0.0
2026-03-13 00:00:00-04:00,5.460519198938927,5.580092497604102,5.3708389873690185,5.510341644287109,5981000,0.023,0.0
2026-03-16 00:00:00-04:00,5.52030589726216,5.590057226340223,5.420661480823541,5.530270576477051,4489500,0.0,0.0
2026-03-17 00:00:00-04:00,5.540234925948986,5.629915140668358,5.540234925948986,5.590057373046875,4888600,0.0,0.0
2026-03-18 00:00:00-04:00,5.609986139166614,5.679736993469884,5.580092576506599,5.63987922668457,6727500,0.0,0.0
2026-03-19 00:00:00-04:00,5.6299149567111,5.888990437785462,5.5800925112411575,5.709630489349365,9038200,0.0,0.0
2026-03-20 00:00:00-04:00,5.699666094392091,5.779382106147165,5.600021673625846,5.629915237426758,10313500,0.0,0.0
2026-03-23 00:00:00-04:00,5.380803648805886,5.649843807489077,5.3509100866668415,5.6000213623046875,6979100,0.0,0.0
2026-03-24 00:00:00-04:00,5.63987922668457,5.809274973093184,5.609986139166614,5.63987922668457,6388300,0.0,0.0
2026-03-25 00:00:00-04:00,5.580092399827236,5.759452819824219,5.550199313255768,5.759452819824219,6129800,0.0,0.0
2026-03-26 00:00:00-04:00,5.789346102421834,5.97867073263912,5.789346102421834,5.839168548583984,8918700,0.0,0.0
2026-03-27 00:00:00-04:00,5.888990386074814,6.038457246030134,5.879026182153552,5.978670597076416,11621000,0.0,0.0
2026-03-30 00:00:00-04:00,6.06835100522322,6.187924307015287,5.978670791308137,6.058386325836182,9884300,0.0,0.0
2026-03-31 00:00:00-04:00,6.038457308794878,6.3274263526458006,5.89895512645286,6.197888374328613,13124700,0.0,0.0
2026-04-01 00:00:00-04:00,6.078315149821361,6.158030683567152,5.749488335548938,5.839168548583984,10315400,0.0,0.0
2026-04-02 00:00:00-04:00,6.148066631856979,6.177959720181799,5.879026461223238,5.898955345153809,7894700,0.0,0.0
2026-04-06 00:00:00-04:00,5.908919601716526,6.128137802030303,5.8690618335034905,6.118173122406006,7068200,0.0,0.0
2026-04-07 00:00:00-04:00,6.167995287112065,6.26763970307065,6.138101724753462,6.197888374328613,6785200,0.0,0.0
2026-04-08 00:00:00-04:00,5.679736975643011,5.76941718819952,5.5003770256720514,5.729559421539307,8121000,0.0,0.0
2026-04-09 00:00:00-04:00,5.819239448076562,5.819239448076562,5.510341528763188,5.560163497924805,6200400,0.0,0.0
2026-04-10 00:00:00-04:00,5.540234952018265,5.769417354491236,5.540234952018265,5.6996660232543945,6444900,0.0,0.0
2026-04-13 00:00:00-04:00,5.829203965975383,5.968706152344242,5.819239761662927,5.879026412963867,9611900,0.0,0.0
2026-04-14 00:00:00-04:00,5.829203985778497,5.859097549101556,5.7096306827704,5.789346218109131,5380300,0.0,0.0
2026-04-15 00:00:00-04:00,5.779381965324049,5.8491328205898,5.7494884022515365,5.7694172859191895,3388100,0.0,0.0
2026-04-16 00:00:00-04:00,5.809274870064819,5.938812847390743,5.799310666116237,5.88899040222168,5671700,0.0,0.0
2026-04-17 00:00:00-04:00,5.609985942228463,5.619950146003969,5.350909992076706,5.560163497924805,8931700,0.0,0.0
2026-04-20 00:00:00-04:00,5.659807882132101,5.82920362171841,5.600021234361999,5.739523887634277,5501600,0.0,0.0
2026-04-21 00:00:00-04:00,5.759452947945262,5.928848217616606,5.749488268771742,5.908919334411621,7236400,0.0,0.0
2026-04-22 00:00:00-04:00,5.9288484390752725,6.13810195811483,5.9188842346716175,6.0982441902160645,8481900,0.0,0.0
2026-04-23 00:00:00-04:00,6.167995222085335,6.287568519975022,6.14806633910372,6.267639636993408,7037700,0.0,0.0
2026-04-24 00:00:00-04:00,6.227782036219513,6.287568686750173,6.177959589872932,6.237746715545654,5210200,0.0,0.0
2026-04-27 00:00:00-04:00,6.317462259361574,6.466928648348462,6.307497580020015,6.43703556060791,12127600,0.0,0.0
2026-04-28 00:00:00-04:00,6.576537576407026,6.7758268818387855,6.496822044291143,6.7558979988098145,13556200,0.0,0.0
2026-04-29 00:00:00-04:00,6.87547140814489,7.00500938749857,6.735969224686651,6.995044708251953,8736400,0.0,0.0
2026-04-30 00:00:00-04:00,6.885435532136636,6.985080422875201,6.755898029432198,6.865506649017334,9407300,0.0,0.0
2026-05-01 00:00:00-04:00,6.775827144376389,6.835613795779808,6.606431394495669,6.765862464904785,4922300,0.0,0.0
2026-05-04 00:00:00-04:00,6.765862377243692,6.945222329130091,6.696111047272394,6.925293445587158,4898200,0.0,0.0
2026-05-05 00:00:00-04:00,6.835613464845981,7.114617824554443,6.835613464845981,7.114617824554443,5055600,0.0,0.0
2026-05-06 00:00:00-04:00,6.805720281037977,6.8455780489244775,6.706075861321725,6.785791397094727,9250900,0.0,0.0
2026-05-07 00:00:00-04:00,6.656253240327414,6.656253240327414,6.427070843385045,6.616395473480225,5531900,0.0,0.0
2026-05-08 00:00:00-04:00,6.636324307842812,6.8455778198146175,6.5765376580140185,6.596466541290283,8384800,0.0,0.0
2026-05-11 00:00:00-04:00,6.676182193691983,6.755898203363542,6.466928677981029,6.546644687652588,4875900,0.0,0.0
2026-05-12 00:00:00-04:00,6.636324126664035,6.726004336529887,6.576537478467482,6.716039657592773,5714100,0.0,0.0
2026-05-13 00:00:00-04:00,6.716039757609822,6.795755764867756,6.67618199155188,6.7558979988098145,5074000,0.0,0.0
2026-05-14 00:00:00-04:00,6.765862251841948,6.845577784536195,6.706075602321262,6.775826930999756,4665400,0.0,0.0
2026-05-15 00:00:00-04:00,6.835613830194049,7.104654000434963,6.795756062391105,7.074760437011719,6462300,0.0,0.0
2026-05-19 00:00:00-04:00,7.174404442611491,7.3438001835722195,7.174404442611491,7.293978214263916,5246000,0.0,0.0
2026-05-20 00:00:00-04:00,7.234192032603533,7.343800657236623,7.09468936920166,7.09468936920166,5761300,0.0,0.0
2026-05-21 00:00:00-04:00,7.234191833973114,7.264084921636968,6.905364543676285,7.0149736404418945,6704800,0.0,0.0
2026-05-22 00:00:00-04:00,7.014973833053204,7.194333789387231,6.935258296904747,7.09468936920166,3239800,0.0,0.0
2026-05-25 00:00:00-04:00,6.825649018096859,6.915329231482651,6.68614683349612,6.726004600524902,3271300,0.0,0.0
2026-05-26 00:00:00-04:00,6.825648851840187,6.995044595157464,6.7359691157808435,6.7558979988098145,3973400,0.0,0.0
2026-05-27 00:00:00-04:00,6.586502454917335,6.686146873079203,6.496822241000621,6.546644687652588,10025800,0.0,0.0
2026-05-28 00:00:00-04:00,6.666217738956514,6.805719919141184,6.61639529417668,6.735969066619873,5554000,0.0,0.0
2026-05-29 00:00:00-04:00,6.676181892128405,6.726004336529887,6.576537478467482,6.716039657592773,10079300,0.0,0.0
2026-06-01 00:00:00-04:00,6.855542346457613,6.985080322441567,6.815684580792095,6.825648784637451,5706800,0.0,0.0
2026-06-02 00:00:00-04:00,6.825649144668569,6.895400475833406,6.785791376900682,6.875471591949463,3520500,0.0,0.0
2026-06-03 00:00:00-04:00,6.935258058198421,7.104653804254456,6.87547140814489,6.995044708251953,4748000,0.0,0.0
2026-06-04 00:00:00-04:00,6.915328964424429,7.094688909127376,6.795755667955798,7.005009174346924,3722800,0.0,0.0
2026-06-05 00:00:00-04:00,6.9651511709641625,6.97511585024699,6.616395473480225,6.616395473480225,4146000,0.0,0.0
2026-06-08 00:00:00-04:00,6.72600463018603,6.865506815401962,6.72600463018603,6.83561372756958,5321200,0.0,0.0
2026-06-09 00:00:00-04:00,6.72600459030371,6.7658623572719225,6.347355328963628,6.5267157554626465,4087100,0.0,0.0
2026-06-10 00:00:00-04:00,6.576537872498327,6.6961111760556244,6.566573668106255,6.586502552032471,2557300,0.0,0.0
2026-06-11 00:00:00-04:00,6.666218108653101,6.726004760619335,6.407142141657346,6.496822357177734,3207400,0.0,0.0
2026-06-12 00:00:00-04:00,6.427070666989092,6.516750877504955,6.397177580245169,6.446999549865723,2653900,0.0,0.0
2026-06-15 00:00:00-04:00,5.989999771118164,6.170000076293945,5.980000019073486,6.130000114440918,5595500,0.023,0.0
2026-06-16 00:00:00-04:00,6.0,6.059999942779541,5.869999885559082,5.909999847412109,4779300,0.0,0.0
2026-06-17 00:00:00-04:00,5.929999828338623,5.980000019073486,5.75,5.75,4753900,0.0,0.0
2026-06-18 00:00:00-04:00,5.699999809265137,5.710000038146973,5.489999771118164,5.599999904632568,5457500,0.0,0.0
2026-06-19 00:00:00-04:00,5.650000095367432,5.760000228881836,5.639999866485596,5.710000038146973,6882100,0.0,0.0
2026-06-22 00:00:00-04:00,5.699999809265137,5.760000228881836,5.550000190734863,5.690000057220459,6685500,0.0,0.0
2026-06-23 00:00:00-04:00,5.639999866485596,5.840000152587891,5.610000133514404,5.829999923706055,4858600,0.0,0.0
2026-06-24 00:00:00-04:00,5.610000133514404,5.739999771118164,5.5,5.550000190734863,4879900,0.0,0.0
2026-06-25 00:00:00-04:00,5.510000228881836,5.699999809265137,5.510000228881836,5.670000076293945,3935548,0.0,0.0
