Date,Open,High,Low,Close,Volume,Dividends,Stock Splits
2022-01-03 00:00:00-05:00,66.76343728434514,68.00048793000906,66.29838129089478,67.9539794921875,99600,0.0,0.0
2022-01-04 00:00:00-05:00,67.94468182654066,68.62365958657215,67.09827653290638,68.3353271484375,124500,0.0,0.0
2022-01-05 00:00:00-05:00,68.298118576976,68.80037986537425,66.77273559570312,66.77273559570312,90600,0.0,0.0
2022-01-06 00:00:00-05:00,66.60532431302033,66.84715543239064,64.9776282293125,65.26596069335938,112200,0.0,0.0
2022-01-07 00:00:00-05:00,65.0892385914872,65.87052923781755,64.09401907036194,64.34514617919922,150400,0.0,0.0
2022-01-10 00:00:00-05:00,64.27072509759898,65.48917640256039,63.48013147285275,65.43336486816406,112700,0.0,0.0
2022-01-11 00:00:00-05:00,65.19968362289757,66.33074537904973,64.79773546726732,66.24662017822266,127700,0.35,0.0
2022-01-12 00:00:00-05:00,66.32141361759295,67.20009287621968,65.38665087664492,65.51751708984375,133700,0.0,0.0
2022-01-13 00:00:00-05:00,65.69511764455191,66.25597380602852,64.80709598318671,65.05947875976562,104300,0.0,0.0
2022-01-14 00:00:00-05:00,64.4145052305286,65.23709389212682,63.98450808495061,65.09687805175781,80300,0.0,0.0
2022-01-18 00:00:00-05:00,64.27427324706399,64.49861425630469,63.6760258013074,63.741458892822266,150000,0.0,0.0
2022-01-19 00:00:00-05:00,63.67604059086042,65.02209409061439,63.67604059086042,64.3210220336914,185300,0.0,0.0
2022-01-20 00:00:00-05:00,64.3677485745535,66.0970578337758,64.3677485745535,64.45187377929688,199600,0.0,0.0
2022-01-21 00:00:00-05:00,64.07798275175577,65.47077710863842,63.18060432850019,63.31147766113281,131800,0.0,0.0
2022-01-24 00:00:00-05:00,62.25518145784582,64.31166324953963,61.41389377631981,64.1340560913086,276000,0.0,0.0
2022-01-25 00:00:00-05:00,63.199301849641806,63.33951767017644,61.806507530789595,62.47018814086914,132600,0.0,0.0
2022-01-26 00:00:00-05:00,63.27408165034941,63.507772296560866,60.70348454202338,61.46063995361328,307000,0.0,0.0
2022-01-27 00:00:00-05:00,61.675634456427204,62.974953793936834,61.180204328223375,61.45128631591797,111000,0.0,0.0
2022-01-28 00:00:00-05:00,61.339127206192614,62.75996328573533,60.890437999578964,62.65713882446289,143500,0.0,0.0
2022-01-31 00:00:00-05:00,62.45148312110763,64.73230600470828,62.34865867099958,64.52665710449219,284000,0.0,0.0
2022-02-01 00:00:00-05:00,64.58275356188807,64.59210318605227,62.788010832740355,62.984310150146484,200900,0.0,0.0
2022-02-02 00:00:00-05:00,63.27407590073512,64.2555722466327,62.89081985257137,64.1153564453125,240000,0.0,0.0
2022-02-03 00:00:00-05:00,63.283421819737924,64.19014263484145,62.63844050939383,62.8627815246582,151500,0.0,0.0
2022-02-04 00:00:00-05:00,62.66649299557408,62.86279230906551,61.516731723211706,62.161720275878906,83800,0.0,0.0
2022-02-07 00:00:00-05:00,61.97474616357448,63.22732427938633,61.87192173536059,63.05906677246094,147700,0.0,0.0
2022-02-08 00:00:00-05:00,62.82538512050417,63.59189006512229,62.769301654110954,63.2366828918457,150100,0.0,0.0
2022-02-09 00:00:00-05:00,63.694725236421554,64.07798133912047,63.4329928402725,63.70407485961914,105800,0.0,0.0
2022-02-10 00:00:00-05:00,62.647775223991964,63.6760196073076,61.24563157220308,61.69432067871094,251200,0.0,0.0
2022-02-11 00:00:00-05:00,62.15236140075558,62.74126638524708,61.34846501849135,61.946712493896484,116900,0.0,0.0
2022-02-14 00:00:00-05:00,61.9467173100014,62.7132223931864,61.39521077297684,62.040199279785156,117300,0.0,0.0
2022-02-15 00:00:00-05:00,62.72256663336627,63.25538100970935,60.99325731587889,63.021690368652344,113700,0.0,0.0
2022-02-16 00:00:00-05:00,62.90018580293062,64.3677630234891,62.806710955008974,64.3210220336914,94900,0.0,0.0
2022-02-17 00:00:00-05:00,67.05051990315447,67.05051990315447,62.573006496044755,62.70387268066406,217200,0.0,0.0
2022-02-18 00:00:00-05:00,62.339322835043184,62.731921432816705,61.35781920893639,61.47933578491211,182300,0.0,0.0
2022-02-22 00:00:00-05:00,61.25499370383989,62.143022477009055,59.05830296039676,60.095890045166016,282400,0.0,0.0
2022-02-23 00:00:00-05:00,60.684774811051845,61.19889699655246,59.83414471428966,59.90892028808594,162100,0.0,0.0
2022-02-24 00:00:00-05:00,58.61896927787984,59.936988135439556,57.69355618254075,59.834163665771484,194700,0.0,0.0
2022-02-25 00:00:00-05:00,60.17067127946531,60.80631013431747,59.43220796782289,60.460445404052734,147100,0.0,0.0
2022-02-28 00:00:00-05:00,60.12392858063459,60.94651707980577,59.553722838953405,60.217403411865234,219300,0.0,0.0
2022-03-01 00:00:00-05:00,59.94631570586954,60.48847965976763,58.908732340913915,59.338722229003906,129300,0.0,0.0
2022-03-02 00:00:00-05:00,59.50699550546114,61.95607287017492,59.24526308100165,61.79716491699219,104900,0.0,0.0
2022-03-03 00:00:00-05:00,61.76911064807285,61.76911064807285,60.68478267332194,61.05868911743164,255500,0.0,0.0
2022-03-04 00:00:00-05:00,61.236291928972264,61.694323546311644,59.955664766745485,60.39500427246094,86400,0.0,0.0
2022-03-07 00:00:00-05:00,60.24544783167139,60.24544783167139,57.86180743658557,58.245059967041016,149700,0.0,0.0
2022-03-08 00:00:00-05:00,58.05810572276239,59.65654891478506,57.8150654496168,58.10484313964844,103300,0.0,0.0
2022-03-09 00:00:00-05:00,58.86200279774645,59.824807146695946,58.86200279774645,59.376121520996094,104500,0.0,0.0
2022-03-10 00:00:00-05:00,58.516136863698996,59.310687206819445,58.26375410166196,59.1798210144043,66100,0.0,0.0
2022-03-11 00:00:00-05:00,59.20786283097415,59.684590184820415,57.89919377338486,58.04875564575195,124100,0.0,0.0
2022-03-14 00:00:00-04:00,58.04875545357832,58.628310827188926,57.357033133359124,57.43181228637695,117400,0.0,0.0
2022-03-15 00:00:00-04:00,57.48789252232831,58.46004635736829,57.48789252232831,58.132877349853516,93000,0.0,0.0
2022-03-16 00:00:00-04:00,58.75917256843215,59.7687142356376,57.908538818000245,59.65654373168945,132700,0.0,0.0
2022-03-17 00:00:00-04:00,59.16113322810019,60.57262692795776,58.92744254879738,60.45110321044922,110200,0.0,0.0
2022-03-18 00:00:00-04:00,60.45109140455283,61.582153215685,60.44174891401023,61.55411148071289,255700,0.0,0.0
2022-03-21 00:00:00-04:00,61.395213805023545,61.75042106005578,60.33893453202819,60.75957489013672,171200,0.0,0.0
2022-03-22 00:00:00-04:00,61.011944230682126,61.32976718390908,60.479129899737686,61.07737731933594,135200,0.0,0.0
2022-03-23 00:00:00-04:00,60.638045751484796,61.011945044970055,59.78740845596048,59.974365234375,119700,0.0,0.0
2022-03-24 00:00:00-04:00,60.12392752193708,60.79695770562261,59.87154476889118,60.64739227294922,127500,0.0,0.0
2022-03-25 00:00:00-04:00,60.60066594717564,60.87174797879498,59.96502704274798,60.61935806274414,95500,0.0,0.0
2022-03-28 00:00:00-04:00,60.385660857014514,60.787609049121045,59.87154572029289,60.189361572265625,132000,0.0,0.0
2022-03-29 00:00:00-04:00,60.93717548887094,61.85323883280266,60.61935249998564,61.49803161621094,194800,0.0,0.0
2022-03-30 00:00:00-04:00,61.16151796664684,61.19890932691426,59.105039507811895,59.376121520996094,118700,0.0,0.0
2022-03-31 00:00:00-04:00,59.34808139443907,60.189365628270366,59.2546029912335,59.637855529785156,138300,0.0,0.0
2022-04-01 00:00:00-04:00,59.66589812181946,60.50718588325027,59.33872907422467,60.41370391845703,236700,0.0,0.0
2022-04-04 00:00:00-04:00,60.50718153761588,60.581957119738405,59.721977306116386,60.27349090576172,65200,0.0,0.0
2022-04-05 00:00:00-04:00,60.09589036925301,60.647396898032234,58.899391777471955,58.97417449951172,160800,0.0,0.0
2022-04-06 00:00:00-04:00,58.59092482358691,58.95548169673436,58.188976587594425,58.22636795043945,104400,0.0,0.0
2022-04-07 00:00:00-04:00,58.217012583224275,58.47874853148045,57.216816903735364,57.92723846435547,152300,0.0,0.0
2022-04-08 00:00:00-04:00,57.78701789262494,57.78701789262494,56.60921870287159,56.63726043701172,146100,0.0,0.0
2022-04-11 00:00:00-04:00,56.3568401276026,57.226169663537554,55.824025710847174,56.057716369628906,149100,0.0,0.0
2022-04-12 00:00:00-04:00,56.40560011794221,57.167200336449085,55.84144795548133,56.23635482788086,119300,0.35,0.0
2022-04-13 00:00:00-04:00,56.377392849307164,57.71254980229225,56.377392849307164,57.61852264404297,96500,0.0,0.0
2022-04-14 00:00:00-04:00,57.53390257889267,57.957015843093416,57.01676573898932,57.270633697509766,78000,0.0,0.0
2022-04-18 00:00:00-04:00,57.1107890950309,57.1107890950309,56.27396354526624,56.48081970214844,88300,0.0,0.0
2022-04-19 00:00:00-04:00,56.415003214125456,57.515094055151636,56.29276970286611,57.21421432495117,94200,0.0,0.0
2022-04-20 00:00:00-04:00,57.4586818551732,58.14506396993093,57.336448342833805,57.61852264404297,110600,0.0,0.0
2022-04-21 00:00:00-04:00,57.79717418037469,58.11685935444717,55.76623412943463,55.85085678100586,112300,0.0,0.0
2022-04-22 00:00:00-04:00,55.63459570097576,55.82264643496856,54.60972655359228,54.731956481933594,157600,0.0,0.0
2022-04-25 00:00:00-04:00,54.37465922259694,55.05163678360575,53.37799293134269,54.7131462097168,149900,0.0,0.0
2022-04-26 00:00:00-04:00,54.337049529115234,54.81657546124702,53.04890441894531,53.04890441894531,129500,0.0,0.0
2022-04-27 00:00:00-04:00,53.24637087558047,53.754103267602716,52.776245766351394,53.077125549316406,161000,0.0,0.0
2022-04-28 00:00:00-04:00,53.5660477242077,55.126862699516856,53.5660477242077,54.863590240478516,145900,0.0,0.0
2022-04-29 00:00:00-04:00,54.318252383087845,54.92001191392534,53.25576869389491,53.45322036743164,210700,0.0,0.0
2022-05-02 00:00:00-04:00,53.650670817110004,54.666139037653124,53.11472855884042,53.97035598754883,175500,0.0,0.0
2022-05-03 00:00:00-04:00,53.97975770761757,54.19601479864315,53.340387357294375,53.989158630371094,234900,0.0,0.0
2022-05-04 00:00:00-04:00,54.38405995812562,57.411666095573416,54.2712309628055,57.36465072631836,225600,0.0,0.0
2022-05-05 00:00:00-04:00,57.90060615799628,57.90060615799628,54.76017050271324,55.23969650268555,244300,0.0,0.0
2022-05-06 00:00:00-04:00,55.286710427195565,56.92274733516198,54.7789744640229,55.96369171142578,139000,0.0,0.0
2022-05-09 00:00:00-04:00,55.18327236994703,56.11412146771266,54.79777000530593,55.70041275024414,263500,0.0,0.0
2022-05-10 00:00:00-04:00,56.377397214931264,56.63126518170876,54.60972954419623,55.57818603515625,133400,0.0,0.0
2022-05-11 00:00:00-04:00,55.57817854573354,56.21754883810323,54.45927874070202,55.042236328125,171500,0.0,0.0
2022-05-12 00:00:00-04:00,54.71316061191606,55.50297096330315,54.05498830806853,55.12687301635742,118300,0.0,0.0
2022-05-13 00:00:00-04:00,55.7286299743946,56.499634854081414,55.23029851446211,56.0859260559082,165700,0.0,0.0
2022-05-16 00:00:00-04:00,56.010711131621775,57.0825959197859,55.4653678125428,56.650081634521484,171500,0.0,0.0
2022-05-17 00:00:00-04:00,57.562117714648714,57.68434765673659,56.640672959900286,57.439884185791016,259400,0.0,0.0
2022-05-18 00:00:00-04:00,56.781708161607085,57.32705499116493,55.64400629731273,56.06711959838867,204800,0.0,0.0
2022-05-19 00:00:00-04:00,55.88846697360433,57.12019594699049,55.39953647088851,56.518436431884766,145400,0.0,0.0
2022-05-20 00:00:00-04:00,57.08258067928026,57.101386111023544,55.24909233215857,56.47142028808594,109800,0.0,0.0
2022-05-23 00:00:00-04:00,57.12020024891939,57.25183470441643,56.161144604451074,56.92274856567383,174200,0.0,0.0
2022-05-24 00:00:00-04:00,56.593651656159594,57.524500823936464,55.756829649494726,57.148399353027344,101000,0.0,0.0
2022-05-25 00:00:00-04:00,55.03283658290691,56.88513040672689,53.66947682273975,56.64066696166992,2751300,0.0,0.0
2022-05-26 00:00:00-04:00,56.7534961134521,59.593051821026435,56.7534961134521,59.41440200805664,460500,0.0,0.0
2022-05-27 00:00:00-04:00,59.696477286011536,61.33251395210355,59.56483926605183,60.90939712524414,177600,0.0,0.0
2022-05-31 00:00:00-04:00,60.81537812659481,62.028301643776224,59.696481773595806,61.38893127441406,406200,0.0,0.0
2022-06-01 00:00:00-04:00,61.5769747976051,62.17873426580424,60.091381558834655,61.285499572753906,766700,0.0,0.0
2022-06-02 00:00:00-04:00,61.661600955609046,62.159932342060586,60.157198700248635,62.000091552734375,266000,0.0,0.0
2022-06-03 00:00:00-04:00,61.426555878335336,62.573662430527946,60.768376342163144,62.0847282409668,155800,0.0,0.0
2022-06-06 00:00:00-04:00,62.836912394469714,62.94973780910215,62.09411399613906,62.592445373535156,297000,0.0,0.0
2022-06-07 00:00:00-04:00,62.1505341810062,63.12839520885578,61.97189152849886,62.846317291259766,116500,0.0,0.0
2022-06-08 00:00:00-04:00,62.45141230393908,62.51722952650957,61.435940435532125,61.76503372192383,210800,0.0,0.0
2022-06-09 00:00:00-04:00,61.59578773348904,62.159936374112284,61.20087722886752,61.46415328979492,131600,0.0,0.0
2022-06-10 00:00:00-04:00,60.75896866322571,61.67100530378382,60.03497201400739,60.80597686767578,137500,0.0,0.0
2022-06-13 00:00:00-04:00,59.5084346979288,60.288844068255756,58.01343676964215,58.25790023803711,252000,0.0,0.0
2022-06-14 00:00:00-04:00,58.3519359850533,58.47416594383224,57.56212557502101,58.02284622192383,172900,0.0,0.0
2022-06-15 00:00:00-04:00,58.78444007205443,60.64613494699158,58.06044702289504,59.66827392578125,267400,0.0,0.0
2022-06-16 00:00:00-04:00,58.56818019306813,58.972488027173995,55.5969899899361,56.55604553222656,367200,0.0,0.0
2022-06-17 00:00:00-04:00,57.110792075351995,57.92880864979446,56.7252896817164,57.148399353027344,359200,0.0,0.0
2022-06-21 00:00:00-04:00,57.62793620418895,58.85966168316766,56.9227485470259,58.474159240722656,227300,0.0,0.0
2022-06-22 00:00:00-04:00,58.10745541592711,59.433207912390415,57.9664200531022,58.52116775512695,205100,0.0,0.0
2022-06-23 00:00:00-04:00,58.61519158258586,59.32978008290788,57.56211247119622,58.06044387817383,142100,0.0,0.0
2022-06-24 00:00:00-04:00,58.56817529144339,60.23241468994593,57.25182381334404,59.77169418334961,317800,0.0,0.0
2022-06-27 00:00:00-04:00,60.09138821233029,61.257300001136315,59.07591989400094,60.655540466308594,747600,0.0,0.0
2022-06-28 00:00:00-04:00,61.172674304511816,62.075313614852796,58.145071169396864,58.182682037353516,797000,0.0,0.0
2022-06-29 00:00:00-04:00,58.60578661626222,59.19814155799189,56.471418598640355,58.16386795043945,975800,0.0,0.0
2022-06-30 00:00:00-04:00,57.289435505946265,58.15446382535207,56.78169962102411,57.16720199584961,355200,0.0,0.0
2022-07-01 00:00:00-04:00,56.960354107700034,57.627930833440146,56.424408238376344,56.93214416503906,234100,0.0,0.0
2022-07-05 00:00:00-04:00,56.04831219668717,58.389533069169495,55.728627001182275,58.11686325073242,329600,0.0,0.0
2022-07-06 00:00:00-04:00,58.2484961935557,58.48355872574376,57.496296807907825,57.693748474121094,170200,0.0,0.0
2022-07-07 00:00:00-04:00,57.57151487619744,59.1041235883122,57.364658700381945,58.916072845458984,183600,0.0,0.0
2022-07-08 00:00:00-04:00,58.92547215359832,59.72468689212819,58.61519148514846,59.64006423950195,220300,0.0,0.0
2022-07-11 00:00:00-04:00,59.16994539003409,59.16994539003409,58.40834143657693,58.85966110229492,168700,0.0,0.0
2022-07-12 00:00:00-04:00,58.89747967662282,58.95420956803371,57.762834958235274,57.904666900634766,139000,0.35,0.0
2022-07-13 00:00:00-04:00,57.06314036081502,58.055956815440666,57.06314036081502,57.734474182128906,169900,0.0,0.0
2022-07-14 00:00:00-04:00,57.09150323645474,57.67773494231984,56.67546480712026,57.63045883178711,222000,0.0,0.0
2022-07-15 00:00:00-04:00,58.85019998955399,58.85965376856944,57.68718678917987,58.48143768310547,230100,0.0,0.0
2022-07-18 00:00:00-04:00,58.906931850850924,59.47425599805175,57.33734117538655,57.63045883178711,187600,0.0,0.0
2022-07-19 00:00:00-04:00,58.23560489553582,58.90693507993434,58.141052669287326,58.50981140136719,255200,0.0,0.0
2022-07-20 00:00:00-04:00,58.33015073235514,59.82410027060194,58.26396345984404,59.70117950439453,232700,0.0,0.0
2022-07-21 00:00:00-04:00,59.701175288994435,60.28740692138672,59.36078156472292,60.28740692138672,105800,0.0,0.0
2022-07-22 00:00:00-04:00,60.20231848999828,60.42924887951789,58.89748047280303,59.47425842285156,117800,0.0,0.0
2022-07-25 00:00:00-04:00,57.1293241490029,58.10322937657455,54.02796501048017,54.283260345458984,443000,0.0,0.0
2022-07-26 00:00:00-04:00,54.235985141997666,55.711020070678856,53.95232485624638,55.55973434448242,283800,0.0,0.0
2022-07-27 00:00:00-04:00,55.78665795812406,57.242785150153246,55.493540321203135,56.79838180541992,197100,0.0,0.0
2022-07-28 00:00:00-04:00,56.7889266871862,57.56426637230309,56.63764098294231,57.47916793823242,256500,0.0,0.0
2022-07-29 00:00:00-04:00,57.611547543203166,58.15995691669698,56.88348390035806,58.04649353027344,194800,0.0,0.0
2022-08-01 00:00:00-04:00,57.47917468626151,58.41525396399845,57.03477129983796,58.027584075927734,115900,0.0,0.0
2022-08-02 00:00:00-04:00,57.52644644107096,58.528716527776304,57.082043088306236,57.95193862915039,108000,0.0,0.0
2022-08-03 00:00:00-04:00,58.027585940033674,59.814649715790985,57.90466876672474,59.29460525512695,245700,0.0,0.0
2022-08-04 00:00:00-04:00,60.51434317472317,60.51434317472317,57.95193982158311,58.188323974609375,178900,0.0,0.0
2022-08-05 00:00:00-04:00,57.58317434929857,58.16940596993208,55.70155512539992,55.890663146972656,208500,0.0,0.0
2022-08-08 00:00:00-04:00,55.862309954973085,56.03250324255408,53.498468205495946,53.602474212646484,327600,0.0,0.0
2022-08-09 00:00:00-04:00,53.176982400656215,53.38499800944385,51.46555977796607,51.56011199951172,375500,0.0,0.0
2022-08-10 00:00:00-04:00,52.56238031541445,53.47009459571658,52.411094602030765,53.03514862060547,268200,0.0,0.0
2022-08-11 00:00:00-04:00,53.035155622547364,53.18644135590448,51.815412368453885,52.21253967285156,256900,0.0,0.0
2022-08-12 00:00:00-04:00,52.4772829981353,53.11079080930603,52.21253389578765,52.94059753417969,230000,0.0,0.0
2022-08-15 00:00:00-04:00,52.56238288083765,52.83658937689631,51.81540805651347,52.467830657958984,214100,0.0,0.0
2022-08-16 00:00:00-04:00,52.47728558045133,52.95950769873328,51.91941879666998,52.49619674682617,187100,0.0,0.0
2022-08-17 00:00:00-04:00,51.89104777543072,52.638018921636515,51.53174287024662,52.3543586730957,207700,0.0,0.0
2022-08-18 00:00:00-04:00,52.11798405466213,53.28099381104354,52.11798405466213,52.66639709472656,184700,0.0,0.0
2022-08-19 00:00:00-04:00,52.30708725805569,52.30708725805569,51.48447138141877,51.928871154785156,127800,0.0,0.0
2022-08-22 00:00:00-04:00,51.43719707420945,51.58848279943622,50.964428732008756,51.16299057006836,138600,0.0,0.0
2022-08-23 00:00:00-04:00,51.15352996406271,51.66412060717082,50.255273055960934,50.28363800048828,160800,0.0,0.0
2022-08-24 00:00:00-04:00,50.236368754916676,50.80368936459804,50.103994186453455,50.416019439697266,171600,0.0,0.0
2022-08-25 00:00:00-04:00,50.3971012569708,51.01170150435931,50.11344099161301,50.57675552368164,149100,0.0,0.0
2022-08-26 00:00:00-04:00,50.42547970458376,50.42547970458376,48.572224819535805,48.685691833496094,199400,0.0,0.0
2022-08-29 00:00:00-04:00,48.241281313928674,49.1584530376242,48.184547815257886,48.22237014770508,225800,0.0,0.0
2022-08-30 00:00:00-04:00,48.468209575250796,48.562765409257075,47.503765316940566,47.749603271484375,331100,0.0,0.0
2022-08-31 00:00:00-04:00,48.09944596694458,49.290824106169694,47.3997509008665,47.42811584472656,285400,0.0,0.0
2022-09-01 00:00:00-04:00,47.040446519851685,47.040446519851685,44.714427316393994,45.38575744628906,493900,0.0,0.0
2022-09-02 00:00:00-04:00,45.67887908635972,46.16110121431108,44.72388500342965,45.09264373779297,260700,0.0,0.0
2022-09-06 00:00:00-04:00,44.827899931926474,45.40467796203116,43.835087004716165,44.08092498779297,296000,0.0,0.0
2022-09-07 00:00:00-04:00,44.07146164722464,44.383486850638306,42.73825518114245,43.976905822753906,302100,0.0,0.0
2022-09-08 00:00:00-04:00,43.65542951126064,44.326763337267835,43.00301045980351,44.24166488647461,295600,0.0,0.0
2022-09-09 00:00:00-04:00,44.771150941251975,45.423573421707076,44.667144958147574,45.20610046386719,226200,0.0,0.0
2022-09-12 00:00:00-04:00,45.65050210767979,46.69059444557952,45.62213716625177,46.55821990966797,248500,0.0,0.0
2022-09-13 00:00:00-04:00,45.584326100380366,45.858532625040205,44.043103786471214,44.232208251953125,211300,0.0,0.0
2022-09-14 00:00:00-04:00,44.23220490752886,44.23220490752886,43.2015697780589,43.43795394897461,307900,0.0,0.0
2022-09-15 00:00:00-04:00,43.201571826703976,43.655429023551996,42.62479745214505,42.917911529541016,256700,0.0,0.0
2022-09-16 00:00:00-04:00,42.72880424834915,43.36231574370354,42.29385821090371,43.324493408203125,868700,0.0,0.0
2022-09-19 00:00:00-04:00,43.220481482652005,43.60815138350275,42.7382593550323,43.18265914916992,179500,0.0,0.0
2022-09-20 00:00:00-04:00,42.93681808413258,42.93681808413258,42.37895132997269,42.71934509277344,552400,0.0,0.0
2022-09-21 00:00:00-04:00,43.09755570222368,43.29611750294546,41.73598082427883,41.82107925415039,242900,0.0,0.0
2022-09-22 00:00:00-04:00,41.58469844849172,41.81162881525057,40.582428372955185,40.6202507019043,245600,0.0,0.0
2022-09-23 00:00:00-04:00,40.29877032756751,40.56352303778054,39.75036095550283,40.22312927246094,285200,0.0,0.0
2022-09-26 00:00:00-04:00,40.09075435789701,40.61079878045598,39.31541461365942,39.353233337402344,291100,0.0,0.0
2022-09-27 00:00:00-04:00,39.59907720845069,40.25149621981447,39.14522003442333,39.49506759643555,315100,0.0,0.0
2022-09-28 00:00:00-04:00,39.617986090076734,40.12857312707611,39.35323338196063,39.56125259399414,215800,0.0,0.0
2022-09-29 00:00:00-04:00,39.12630600840576,39.95837562984225,38.03893746200082,38.445518493652344,215500,0.0,0.0
2022-09-30 00:00:00-04:00,38.50225750717261,39.62744493804715,38.15240631365104,38.21859359741211,369700,0.0,0.0
2022-10-03 00:00:00-04:00,41.60360517206231,45.39520487455549,41.48068441956657,45.20610046386719,889300,0.0,0.0
2022-10-04 00:00:00-04:00,45.763971412090555,46.510942560814414,44.591504478717496,45.366844177246094,727500,0.0,0.0
2022-10-05 00:00:00-04:00,45.00754601646338,45.31957486253122,44.279485922844366,44.62933349609375,331000,0.0,0.0
2022-10-06 00:00:00-04:00,44.63878766392608,45.05482612896394,44.421314651263714,44.79007339477539,195000,0.0,0.0
2022-10-07 00:00:00-04:00,44.676604079350874,44.676604079350874,44.20383578221488,44.64823913574219,294000,0.0,0.0
2022-10-10 00:00:00-04:00,44.56314621485566,44.8089841727491,44.052555525073544,44.62933349609375,360700,0.0,0.0
2022-10-11 00:00:00-04:00,44.495961755416985,45.591453618339955,44.46738490758,45.18183517456055,340200,0.35,0.0
2022-10-12 00:00:00-04:00,45.191360161892334,45.896286033310254,44.38165130242709,44.55311965942383,251300,0.0,0.0
2022-10-13 00:00:00-04:00,43.70530064754659,46.058220802624106,43.49572742893698,45.543819427490234,261400,0.0,0.0
2022-10-14 00:00:00-04:00,45.77244359019621,45.93438753046791,44.71505667803966,44.81984329223633,163200,0.0,0.0
2022-10-17 00:00:00-04:00,45.56287677281986,46.19159286243944,45.28662179744166,45.667659759521484,215300,0.0,0.0
2022-10-18 00:00:00-04:00,46.305903821232455,46.791728403198775,45.90580978265846,46.07727813720703,197300,0.0,0.0
2022-10-19 00:00:00-04:00,45.6962430693922,45.99154687235114,44.54359380551696,45.13420867919922,209900,0.0,0.0
2022-10-20 00:00:00-04:00,45.14373099061628,45.772447089986564,44.838899162672014,45.077049255371094,245100,0.0,0.0
2022-10-21 00:00:00-04:00,45.248527208193806,46.124917990909815,44.9151184612655,46.06776428222656,141500,0.0,0.0
2022-10-24 00:00:00-04:00,46.26779943177489,46.99177774406174,45.82007609743649,46.71552276611328,193300,0.0,0.0
2022-10-25 00:00:00-04:00,46.677416744963345,47.372814558363295,46.677416744963345,47.1156120300293,196100,0.0,0.0
2022-10-26 00:00:00-04:00,47.01082337193417,47.420441791823215,46.5345232217266,47.02035140991211,165100,0.0,0.0
2022-10-27 00:00:00-04:00,47.287087442913375,47.86817431955705,46.696476160338264,46.810787200927734,206500,0.0,0.0
2022-10-28 00:00:00-04:00,47.02036146410241,47.89675218361648,46.61074295662615,47.75386428833008,164800,0.0,0.0
2022-10-31 00:00:00-04:00,47.64907131975154,47.86816897051592,47.03940765955814,47.50617980957031,178600,0.0,0.0
2022-11-01 00:00:00-04:00,47.98247611442342,48.03963344064576,47.00129896783799,47.02035140991211,180900,0.0,0.0
2022-11-02 00:00:00-04:00,47.02035282879801,47.20134558314109,45.0579948425293,45.0579948425293,389800,0.0,0.0
2022-11-03 00:00:00-04:00,44.12445068359375,45.02942179952367,41.8382082469163,44.12445068359375,446800,0.0,0.0
2022-11-04 00:00:00-04:00,44.63884851283987,46.93461498111498,44.42927529398171,46.02964401245117,337000,0.0,0.0
2022-11-07 00:00:00-05:00,46.058231299167396,46.60121327668949,44.86748071093781,46.42974853515625,310900,0.0,0.0
2022-11-08 00:00:00-05:00,46.64884975093338,47.572869806551275,45.62956746069122,46.27733612060547,402500,0.0,0.0
2022-11-09 00:00:00-05:00,45.63908303513301,46.020124632125494,45.01989134849073,45.219940185546875,177900,0.0,0.0
2022-11-10 00:00:00-05:00,46.991779594896315,48.173002058904366,46.67741971783927,48.1158447265625,279800,0.0,0.0
2022-11-11 00:00:00-05:00,48.315897944476006,48.639782255954245,47.639548835821536,47.896751403808594,174400,0.0,0.0
2022-11-14 00:00:00-05:00,47.687176810812936,48.601672312682645,46.95367407476679,48.18252944946289,159700,0.0,0.0
2022-11-15 00:00:00-05:00,48.76361147820792,49.03986645676776,47.83959159326384,48.09679412841797,162600,0.0,0.0
2022-11-16 00:00:00-05:00,47.763386956501165,47.763386956501165,46.65837055730142,46.91557312011719,157800,0.0,0.0
2022-11-17 00:00:00-05:00,46.29638123116038,46.54405938749307,45.581930881087644,45.867713928222656,307100,0.0,0.0
2022-11-18 00:00:00-05:00,46.801259748405265,46.801259748405265,46.096333837246334,46.66789627075195,287000,0.0,0.0
2022-11-21 00:00:00-05:00,46.48689364897391,46.87745962439851,46.210638691412626,46.458316802978516,305000,0.0,0.0
2022-11-22 00:00:00-05:00,46.5535755381199,47.03940372499382,46.239219329450094,46.98224639892578,111700,0.0,0.0
2022-11-23 00:00:00-05:00,47.09655787033616,47.60143850409064,46.50594669747738,47.172767639160156,109500,0.0,0.0
2022-11-25 00:00:00-05:00,47.26802986778512,47.410921378427645,46.62026131826792,46.68694305419922,90900,0.0,0.0
2022-11-28 00:00:00-05:00,46.391633126693016,47.087030876498666,45.57239632630013,46.02964401245117,276800,0.0,0.0
2022-11-29 00:00:00-05:00,45.93439063626063,46.496424995413435,45.76292228032371,46.191593170166016,131900,0.0,0.0
2022-11-30 00:00:00-05:00,46.20111701365688,47.83959077987002,45.62003021824956,47.79195785522461,307500,0.0,0.0
2022-12-01 00:00:00-05:00,48.1729950103341,48.84934032494844,48.14441816528554,48.34446334838867,177200,0.0,0.0
2022-12-02 00:00:00-05:00,47.639543718430964,48.18252928177611,47.30613503678946,47.69670104980469,134300,0.0,0.0
2022-12-05 00:00:00-05:00,47.22993075578256,47.27756005019563,46.29637914265179,47.19182586669922,208300,0.0,0.0
2022-12-06 00:00:00-05:00,47.10609059444533,47.24897847438197,46.13443774857113,46.248748779296875,148400,0.0,0.0
2022-12-07 00:00:00-05:00,46.058231174170785,47.296614689674655,45.49619675269642,45.94392013549805,123400,0.0,0.0
2022-12-08 00:00:00-05:00,46.143956104217686,47.02035024857236,45.84865234406693,46.0391731262207,133200,0.0,0.0
2022-12-09 00:00:00-05:00,46.677422413770465,47.420449607718744,46.372590558105415,47.05846405029297,199300,0.0,0.0
2022-12-12 00:00:00-05:00,47.182291589341276,47.182291589341276,46.65836215230376,46.98224639892578,138800,0.0,0.0
2022-12-13 00:00:00-05:00,48.28730825409763,48.8112413300581,47.10608590838005,47.172767639160156,195600,0.0,0.0
2022-12-14 00:00:00-05:00,46.9727231928542,47.658592953754365,46.37258397241993,46.658363342285156,149800,0.0,0.0
2022-12-15 00:00:00-05:00,45.96297107726888,46.00107596687401,45.33425493431334,45.62956237792969,168600,0.0,0.0
2022-12-16 00:00:00-05:00,45.00084366377431,46.715523625328956,44.87700459657453,45.791500091552734,1180700,0.0,0.0
2022-12-19 00:00:00-05:00,46.04870442385983,46.04870442385983,45.315201664780965,45.69624328613281,275300,0.0,0.0
2022-12-20 00:00:00-05:00,45.67719268798828,46.163017322661226,45.46761942438541,45.67719268798828,225800,0.0,0.0
2022-12-21 00:00:00-05:00,45.81055898041714,47.172778009620956,45.81055898041714,47.16324996948242,200200,0.0,0.0
2022-12-22 00:00:00-05:00,46.80126542819428,47.630026878391135,46.115391878302994,47.62050247192383,270600,0.0,0.0
2022-12-23 00:00:00-05:00,47.36329466221954,47.52523499146559,46.83936151728876,47.382347106933594,96800,0.0,0.0
2022-12-27 00:00:00-05:00,47.26803328473338,47.8776969909668,46.848890395168475,47.8776969909668,206000,0.0,0.0
2022-12-28 00:00:00-05:00,47.74433547098839,48.30636990461585,47.1632485915231,47.896751403808594,161600,0.0,0.0
2022-12-29 00:00:00-05:00,48.18253259951487,48.96366467933228,47.915802001953125,47.915802001953125,166000,0.0,0.0
2022-12-30 00:00:00-05:00,47.64907537736711,47.74433396967842,47.00130677477958,47.13467025756836,178900,0.0,0.0
2023-01-03 00:00:00-05:00,50.24967035303116,53.88860353622731,49.65905913129768,53.55519485473633,752800,0.0,0.0
2023-01-04 00:00:00-05:00,54.021970597059244,55.9843288304294,53.993393746428204,54.860260009765625,552200,0.0,0.0
2023-01-05 00:00:00-05:00,54.57447679574478,55.74617483037267,54.12675345304393,55.3460807800293,318200,0.0,0.0
2023-01-06 00:00:00-05:00,55.88906116499189,56.022428267346996,55.11745720200247,55.517547607421875,202800,0.0,0.0
2023-01-09 00:00:00-05:00,55.898594721068804,57.089345284087685,55.06030530721646,55.38418960571289,319400,0.0,0.0
2023-01-10 00:00:00-05:00,55.08709554947835,56.89841388272774,55.08709554947835,56.59173583984375,230200,0.35,0.0
2023-01-11 00:00:00-05:00,56.74507825558512,57.14759549587924,56.28506116374246,56.582157135009766,181300,0.0,0.0
2023-01-12 00:00:00-05:00,56.76424263032013,57.09008850749395,56.093383041328075,56.73549270629883,207300,0.0,0.0
2023-01-13 00:00:00-05:00,56.5150591584339,57.157165066016844,56.237131083857676,56.78340148925781,106300,0.0,0.0
2023-01-17 00:00:00-05:00,56.54382077614172,56.869666669222916,55.911296825559496,56.49590301513672,163100,0.0,0.0
2023-01-18 00:00:00-05:00,56.64924098360829,57.31051484723858,56.35214502151255,56.84091567993164,209000,0.0,0.0
2023-01-19 00:00:00-05:00,60.406043209481005,60.837310321282835,58.46055381788549,59.5147590637207,520600,0.0,0.0
2023-01-20 00:00:00-05:00,59.955611004433315,60.779805892755704,59.38058697885007,60.300621032714844,395700,0.0,0.0
2023-01-23 00:00:00-05:00,64.21076286793516,66.76960793187499,63.971170469174204,66.48210144042969,907700,0.0,0.0
2023-01-24 00:00:00-05:00,66.28085130289197,66.34793688875399,64.98704637132661,65.22663879394531,421700,0.0,0.0
2023-01-25 00:00:00-05:00,64.71870775556722,65.42789932006829,64.41202972942237,65.37039947509766,285400,0.0,0.0
2023-01-26 00:00:00-05:00,65.40872562426136,65.9070746023107,65.15954747934678,65.77290344238281,493900,0.0,0.0
2023-01-27 00:00:00-05:00,66.12751221142227,66.95171077465203,65.87833403115305,66.60669708251953,440500,0.0,0.0
2023-01-30 00:00:00-05:00,66.42460762939413,66.79837126156278,65.86875870961845,66.15626525878906,244500,0.0,0.0
2023-01-31 00:00:00-05:00,66.10835131304167,67.0858852813867,66.05084415364638,67.0379638671875,418800,0.0,0.0
2023-02-01 00:00:00-05:00,67.08589113822066,68.40843893127554,66.27127820818436,68.10176086425781,408500,0.0,0.0
2023-02-02 00:00:00-05:00,68.67677347939915,69.5872217334654,67.70881807360999,68.32217407226562,302300,0.0,0.0
2023-02-03 00:00:00-05:00,67.16254765881418,68.86844448706142,67.16254765881418,68.32217407226562,256300,0.0,0.0
2023-02-06 00:00:00-05:00,67.61298215427429,67.82381733669504,66.76003374539232,66.93253326416016,410800,0.0,0.0
2023-02-07 00:00:00-05:00,69.72140378475702,71.49438647362823,69.21346895456064,70.43059539794922,579800,0.0,0.0
2023-02-08 00:00:00-05:00,69.98974708104849,70.65102459941838,69.3188911289207,69.78849029541016,342100,0.0,0.0
2023-02-09 00:00:00-05:00,70.3730781501465,70.3730781501465,69.46262997905563,69.73097229003906,292200,0.0,0.0
2023-02-10 00:00:00-05:00,69.24222734351359,69.91308336884164,69.24222734351359,69.34764862060547,290000,0.0,0.0
2023-02-13 00:00:00-05:00,69.34764862060547,69.90350493403858,69.04097053591518,69.34764862060547,773300,0.0,0.0
2023-02-14 00:00:00-05:00,69.24222584178557,70.1910100032529,68.97388343747417,69.90350341796875,1168200,0.0,0.0
2023-02-15 00:00:00-05:00,69.90349503835844,71.45604942341555,69.86515936922625,71.42729949951172,868900,0.0,0.0
2023-02-16 00:00:00-05:00,71.11103872566616,71.62855931320401,70.96728910005696,71.2643814086914,949400,0.0,0.0
2023-02-17 00:00:00-05:00,71.34104984840826,71.44647111075473,71.0247860613689,71.20687866210938,693900,0.0,0.0
2023-02-21 00:00:00-05:00,69.433881278743,69.94182335753068,68.29342631697718,68.80136108398438,1027700,0.0,0.0
2023-02-22 00:00:00-05:00,69.1176200152052,69.49138358416403,68.50426403989944,69.14636993408203,1267500,0.0,0.0
2023-02-23 00:00:00-05:00,69.52015091361572,71.2643837761746,69.48181524158585,71.23563385009766,354100,0.0,0.0
2023-02-24 00:00:00-05:00,69.89391889785803,71.31230960353766,69.79808336774857,70.7372817993164,511600,0.0,0.0
2023-02-27 00:00:00-05:00,71.2452009974712,71.57105050221246,70.52642371229035,70.80435180664062,336700,0.0,0.0
2023-02-28 00:00:00-05:00,70.24850799085428,71.1493706145071,69.5105591636384,69.95140838623047,338500,0.0,0.0
2023-03-01 00:00:00-05:00,69.95140215859689,70.82352209279415,69.56805281732096,70.12390899658203,282300,0.0,0.0
2023-03-02 00:00:00-05:00,69.807646521673,70.42100986602975,69.50096850538496,69.8555679321289,233000,0.0,0.0
2023-03-03 00:00:00-05:00,69.9705720571144,70.51684247969037,69.69264397379955,70.45933532714844,192300,0.0,0.0
2023-03-06 00:00:00-05:00,70.19100438771568,70.21017587893678,69.52973417621867,69.94183349609375,200200,0.0,0.0
2023-03-07 00:00:00-05:00,70.11432847887998,70.4880920647686,69.35721556311633,69.42430114746094,256900,0.0,0.0
2023-03-08 00:00:00-05:00,69.43388682352064,71.01519840436664,69.34763705398521,70.88102722167969,295600,0.0,0.0
2023-03-09 00:00:00-05:00,71.23562169735793,72.5869191749168,70.49767293229468,70.78518676757812,511600,0.0,0.0
2023-03-10 00:00:00-05:00,70.3730896427381,70.91936009695965,69.5776410111475,70.5360107421875,300400,0.0,0.0
2023-03-13 00:00:00-04:00,69.72140006086056,71.4464685540891,69.19429376799044,70.35392761230469,296000,0.0,0.0
2023-03-14 00:00:00-04:00,71.7818953887201,71.86814515614635,70.6510187967414,71.50396728515625,273800,0.0,0.0
2023-03-15 00:00:00-04:00,70.34434272809179,70.80435612406049,68.76303114191454,70.37309265136719,380300,0.0,0.0
2023-03-16 00:00:00-04:00,69.67346129703627,71.57103616702601,69.0026055566142,71.3314437866211,349600,0.0,0.0
2023-03-17 00:00:00-04:00,71.17811561513547,72.1748209975392,69.06970516390722,69.56805419921875,982000,0.0,0.0
2023-03-20 00:00:00-04:00,69.59680295367929,71.12060710735585,69.52971737417994,70.49766540527344,667900,0.0,0.0
2023-03-21 00:00:00-04:00,70.89061440146811,71.49438473577949,70.21975116267424,70.3251724243164,339500,0.0,0.0
2023-03-22 00:00:00-04:00,69.96099569834486,71.04395094472179,69.15596857256689,69.17513275146484,236100,0.0,0.0
2023-03-23 00:00:00-04:00,69.28054148142641,70.8043456846006,68.95469200485945,69.74055480957031,236000,0.0,0.0
2023-03-24 00:00:00-04:00,69.59682854940081,69.79808536191535,68.53303731769358,69.45307159423828,236200,0.0,0.0
2023-03-27 00:00:00-04:00,69.79807001368255,70.62226857614274,69.17512821948159,70.1814193725586,298600,0.0,0.0
2023-03-28 00:00:00-04:00,69.88433927975916,70.11435334633146,68.76304812440512,69.02180480957031,201000,0.0,0.0
2023-03-29 00:00:00-04:00,69.33804783540182,69.78848277404894,68.97386997375003,69.50096893310547,275300,0.0,0.0
2023-03-30 00:00:00-04:00,69.7118158587317,70.72769279912882,69.18471686597752,69.51055908203125,222700,0.0,0.0
2023-03-31 00:00:00-04:00,69.71182302000247,70.21017945217248,69.44348062350258,69.86516571044922,306100,0.0,0.0
2023-04-03 00:00:00-04:00,69.78849979665911,70.11434938332741,69.03138665516374,69.60640716552734,326000,0.0,0.0
2023-04-04 00:00:00-04:00,69.90348335652534,70.305996847476,69.02177773739243,70.24849700927734,323100,0.0,0.0
2023-04-05 00:00:00-04:00,70.15266225303853,70.15266225303853,69.57764186967543,69.89390563964844,245800,0.0,0.0
2023-04-06 00:00:00-04:00,69.73099096335093,70.44018259111914,69.52973417621867,69.94183349609375,148000,0.0,0.0
2023-04-10 00:00:00-04:00,69.78848544786933,70.44976292030658,69.53930726362354,70.13349914550781,209100,0.0,0.0
2023-04-11 00:00:00-04:00,70.04683551038059,70.5475868824934,68.98756393433882,69.1512680053711,283300,0.35,0.0
2023-04-12 00:00:00-04:00,69.88311420272136,72.1075846984368,69.71941017206659,70.73052978515625,315400,0.0,0.0
2023-04-13 00:00:00-04:00,70.71130268070664,71.66464652256042,70.71130268070664,71.34686279296875,211800,0.0,0.0
2023-04-14 00:00:00-04:00,71.01943162354029,72.00166324182497,70.85572757831264,71.16387939453125,260800,0.0,0.0
2023-04-17 00:00:00-04:00,71.18313380543675,71.18313380543675,69.87348678406005,69.92163848876953,348200,0.0,0.0
2023-04-18 00:00:00-04:00,70.0949842903383,70.3935043305412,69.4594169631609,69.52682495117188,362200,0.0,0.0
2023-04-19 00:00:00-04:00,69.13201777870428,69.13201777870428,68.014962579239,68.2364501953125,275400,0.0,0.0
2023-04-20 00:00:00-04:00,67.716438853809,68.65052629173454,67.716438853809,68.40978240966797,348900,0.0,0.0
2023-04-21 00:00:00-04:00,68.30384108076291,68.75644066554436,67.70679372576542,68.15939331054688,165700,0.0,0.0
2023-04-24 00:00:00-04:00,68.11124744438027,68.60235956655963,67.00382435979088,67.26382446289062,200000,0.0,0.0
2023-04-25 00:00:00-04:00,66.71494217621053,67.36976581707302,66.38753402923933,66.5127182006836,216700,0.0,0.0
2023-04-26 00:00:00-04:00,66.4645484272536,67.00381956238628,65.54972487982984,65.55935668945312,226600,0.0,0.0
2023-04-27 00:00:00-04:00,65.89641297500093,66.12752503511412,64.74084532751507,65.78085327148438,373100,0.0,0.0
2023-04-28 00:00:00-04:00,65.6171558149518,66.68605930272017,65.03937193297662,65.23196411132812,211200,0.0,0.0
2023-05-01 00:00:00-04:00,64.89491349296026,65.61714506382441,64.84676178280152,65.09713745117188,195400,0.0,0.0
2023-05-02 00:00:00-04:00,64.98157928844422,65.16453960745648,64.52897970235296,64.84675598144531,244100,0.0,0.0
2023-05-03 00:00:00-04:00,64.9430487547608,65.31860848873724,64.34600149583838,64.54822540283203,298500,0.0,0.0
2023-05-04 00:00:00-04:00,67.51419724180504,70.98090676877831,65.17416702538736,70.62460327148438,521700,0.0,0.0
2023-05-05 00:00:00-04:00,71.21203541903076,78.00101564545909,70.69203511335066,77.71212005615234,975600,0.0,0.0
2023-05-08 00:00:00-04:00,78.14546281753441,78.85806262604846,76.71063138842746,78.02027130126953,504400,0.0,0.0
2023-05-09 00:00:00-04:00,77.85655244754744,78.91582382057095,76.72987309661112,77.03802490234375,436400,0.0,0.0
2023-05-10 00:00:00-04:00,80.59141710896324,83.0758881661875,80.16770556337977,81.83365631103516,947700,0.0,0.0
2023-05-11 00:00:00-04:00,81.97807954106037,82.32475121523389,78.88692990211139,80.10028076171875,338900,0.0,0.0
2023-05-12 00:00:00-04:00,79.86917341875255,80.36028553003887,79.14694194659432,79.80176544189453,295500,0.0,0.0
2023-05-15 00:00:00-04:00,80.177316323103,80.177316323103,78.8676694778224,79.25286102294922,217200,0.0,0.0
2023-05-16 00:00:00-04:00,79.2432481686816,80.8514153563187,79.2432481686816,80.08103942871094,240000,0.0,0.0
2023-05-17 00:00:00-04:00,80.16770404333366,81.47735120765097,79.56103217113996,80.77437591552734,308100,0.0,0.0
2023-05-18 00:00:00-04:00,80.6973443764387,81.33290434301982,79.9751128003259,81.14031219482422,1108800,0.0,0.0
2023-05-19 00:00:00-04:00,81.71808311415187,81.90105076896042,80.8802919729383,81.25585174560547,272300,0.0,0.0
2023-05-22 00:00:00-04:00,81.49660643301625,81.95883786319585,81.29438247822496,81.55438995361328,310700,0.0,0.0
2023-05-23 00:00:00-04:00,81.38105513464046,82.33439874720753,80.68771165389371,80.77437591552734,209200,0.0,0.0
2023-05-24 00:00:00-04:00,80.30251587172148,80.7165955765297,79.71510030566984,80.41807556152344,168000,0.0,0.0
2023-05-25 00:00:00-04:00,80.60104032595297,80.8417841827771,78.9928731256284,80.11955261230469,231200,0.0,0.0
2023-05-26 00:00:00-04:00,79.82102422311388,81.15955933914981,79.82102422311388,80.24473571777344,195300,0.0,0.0
2023-05-30 00:00:00-04:00,80.88030776216783,80.96697937496685,79.1276926986076,79.59955596923828,247000,0.0,0.0
2023-05-31 00:00:00-04:00,79.23360607917985,80.59140477134373,78.88693438530476,79.96546936035156,508500,0.0,0.0
2023-06-01 00:00:00-04:00,79.55140321117244,81.31365006341582,79.40695542301944,80.39881896972656,186700,0.0,0.0
2023-06-02 00:00:00-04:00,80.64918529962627,81.78549650279925,80.49510571760743,81.65068054199219,246400,0.0,0.0
2023-06-05 00:00:00-04:00,81.05364166868286,81.5832811036794,79.62844212037882,81.3617935180664,209800,0.0,0.0
2023-06-06 00:00:00-04:00,81.12104013253891,83.27811017190345,81.0632639634748,82.9410629272461,486400,0.0,0.0
2023-06-07 00:00:00-04:00,82.97957697311062,84.95367920872786,82.97957697311062,83.50921630859375,566800,0.0,0.0
2023-06-08 00:00:00-04:00,83.15292726815221,84.38553464833758,81.85291190145419,84.30850219726562,453900,0.0,0.0
2023-06-09 00:00:00-04:00,84.49147136551024,85.35815081620707,83.84627952046047,85.04036712646484,289800,0.0,0.0
2023-06-12 00:00:00-04:00,84.81887912917635,86.25371048797,84.74183933016096,86.20555877685547,371600,0.0,0.0
2023-06-13 00:00:00-04:00,86.71593449299488,87.55371835789818,86.42703894494056,87.04334259033203,454600,0.0,0.0
2023-06-14 00:00:00-04:00,86.87963403430994,87.57297743613412,86.47518616555205,87.50556945800781,345000,0.0,0.0
2023-06-15 00:00:00-04:00,87.03371480301755,88.01595383427474,86.37889123115252,87.89076232910156,401300,0.0,0.0
2023-06-16 00:00:00-04:00,88.89225410105776,89.8648612824134,88.0640946946629,88.2278060913086,900200,0.0,0.0
2023-06-20 00:00:00-04:00,88.2278074577873,88.84411111670758,87.49594410772481,88.12187957763672,515000,0.0,0.0
2023-06-21 00:00:00-04:00,88.04484861411512,88.81523193849164,87.9678088122935,88.507080078125,306500,0.0,0.0
2023-06-22 00:00:00-04:00,88.10262449404861,89.18115967514402,87.51520886425519,88.83448791503906,311400,0.0,0.0
2023-06-23 00:00:00-04:00,88.38188520758598,88.52633299378691,86.9181657631517,87.69817352294922,1231400,0.0,0.0
2023-06-26 00:00:00-04:00,87.47666850168356,88.776690971447,86.83147684509696,87.27444458007812,320600,0.0,0.0
2023-06-27 00:00:00-04:00,88.35299531573196,89.35449064017823,87.73669163098342,88.95004272460938,372400,0.0,0.0
2023-06-28 00:00:00-04:00,89.32561135143686,91.14563449768741,89.28709144898096,90.68340301513672,310100,0.0,0.0
2023-06-29 00:00:00-04:00,90.90488104649381,92.7826801752617,90.14412958365675,92.42638397216797,821700,0.0,0.0
2023-06-30 00:00:00-04:00,93.0715691980969,94.00565646462152,92.03155405514666,92.97527313232422,384300,0.0,0.0
2023-07-03 00:00:00-04:00,93.17750195947734,93.33157420340729,91.7041507698482,92.53230285644531,189100,0.0,0.0
2023-07-05 00:00:00-04:00,91.5982286229041,92.17601243092562,90.90488511451039,91.78118896484375,494300,0.0,0.0
2023-07-06 00:00:00-04:00,91.53080767235124,92.16636756709467,90.12485723114453,90.54856872558594,375600,0.0,0.0
2023-07-07 00:00:00-04:00,90.54858762549121,91.70416266600746,90.37525173675978,90.70266723632812,286500,0.0,0.0
2023-07-10 00:00:00-04:00,90.80859975633058,91.77157533233867,90.72192813409114,91.75231170654297,259000,0.0,0.0
2023-07-11 00:00:00-04:00,92.312886231143,92.45786658381022,91.55899724608193,92.10991668701172,250900,0.35,0.0
2023-07-12 00:00:00-04:00,92.64149488915838,93.42438578824867,92.26455042345088,93.26007080078125,366200,0.0,0.0
2023-07-13 00:00:00-04:00,93.75300341015871,95.386434385956,93.27940782878804,95.09647369384766,720100,0.0,0.0
2023-07-14 00:00:00-04:00,94.90316530110077,95.28976970005819,92.76714428863417,93.60801696777344,556400,0.0,0.0
2023-07-17 00:00:00-04:00,93.4920385976887,94.33291127682796,93.08609218037343,93.60801696777344,276800,0.0,0.0
2023-07-18 00:00:00-04:00,93.74333676100677,93.74333676100677,91.96493280038217,93.38572692871094,267800,0.0,0.0
2023-07-19 00:00:00-04:00,93.24074451853328,93.53069783230292,91.61698088980083,92.86380004882812,327000,0.0,0.0
2023-07-20 00:00:00-04:00,92.31288218614495,92.78647776836576,90.12853179062611,91.14338684082031,633500,0.0,0.0
2023-07-21 00:00:00-04:00,91.645976653847,92.00359385680262,90.28317910151527,90.29283905029297,273600,0.0,0.0
2023-07-24 00:00:00-04:00,90.31217090329179,90.43781659957699,88.37911935056042,89.93522644042969,513400,0.0,0.0
2023-07-25 00:00:00-04:00,89.79990922881503,90.66977648772404,89.34564095529234,89.35530090332031,221600,0.0,0.0
2023-07-26 00:00:00-04:00,89.4229651029741,89.72259311976019,87.84753068015776,88.65941619873047,239600,0.0,0.0
2023-07-27 00:00:00-04:00,89.62593690240418,90.00288135860205,87.69288538384833,87.85719299316406,301800,0.0,0.0
2023-07-28 00:00:00-04:00,88.47577861419155,88.7850665961963,87.79920608392624,88.3791275024414,168600,0.0,0.0
2023-07-31 00:00:00-04:00,88.45643193101955,89.63559450633923,88.43710466090228,89.58727264404297,250600,0.0,0.0
2023-08-01 00:00:00-04:00,89.3069839477539,90.1092021185171,88.63041147431247,89.3069839477539,203500,0.0,0.0
2023-08-02 00:00:00-04:00,88.30179395755114,88.60141458324527,87.62522887565913,87.85719299316406,250800,0.0,0.0
2023-08-03 00:00:00-04:00,83.42083508432637,86.21409391061701,82.1546887120926,84.6869888305664,591100,0.0,0.0
2023-08-04 00:00:00-04:00,85.04459805673012,85.43120982870809,82.79259867992037,82.98590087890625,421700,0.0,0.0
2023-08-07 00:00:00-04:00,83.17921362871229,84.08775030200242,82.60896690756697,82.95691680908203,343500,0.0,0.0
2023-08-08 00:00:00-04:00,82.34798930588657,82.85058681529307,81.67142424400026,82.37699127197266,274200,0.0,0.0
2023-08-09 00:00:00-04:00,82.1546907188898,82.16435804134323,81.42979638901724,81.95172119140625,195700,0.0,0.0
2023-08-10 00:00:00-04:00,82.56064882649784,83.03425187392662,81.38148593128031,81.44914245605469,408900,0.0,0.0
2023-08-11 00:00:00-04:00,81.07217252961604,82.22234046475413,80.19263798286785,82.17401123046875,321300,0.0,0.0
2023-08-14 00:00:00-04:00,82.00971021376867,82.24167433414124,81.30415053021692,81.79707336425781,213000,0.0,0.0
2023-08-15 00:00:00-04:00,81.68109876160968,81.68109876160968,80.57925992146924,80.75323486328125,222600,0.0,0.0
2023-08-16 00:00:00-04:00,80.7145792945702,81.21716951377802,80.02834679622522,80.06700134277344,243500,0.0,0.0
2023-08-17 00:00:00-04:00,80.37629376673097,80.50193947343446,78.96515952710301,79.01348876953125,242500,0.0,0.0
2023-08-18 00:00:00-04:00,78.53022579559838,79.40010054075104,78.53022579559838,78.7042007446289,183800,0.0,0.0
2023-08-21 00:00:00-04:00,78.80084884062951,79.11980413065062,78.10494907113139,78.11461639404297,235300,0.0,0.0
2023-08-22 00:00:00-04:00,78.77186233605275,80.67591957481449,78.77186233605275,80.51161193847656,271000,0.0,0.0
2023-08-23 00:00:00-04:00,80.72422354637641,83.13087785840777,80.72422354637641,81.93238067626953,370100,0.0,0.0
2023-08-24 00:00:00-04:00,81.78741897425832,82.367333001605,80.55025970884329,80.73390197753906,237100,0.0,0.0
2023-08-25 00:00:00-04:00,81.18817899719231,81.63278004491505,80.01868349413749,80.87889099121094,309200,0.0,0.0
2023-08-28 00:00:00-04:00,81.30414853833712,81.88406251206436,81.03351513485858,81.1205062866211,165700,0.0,0.0
2023-08-29 00:00:00-04:00,80.93686348607976,82.64761817708184,80.80155047226116,82.59928894042969,149500,0.0,0.0
2023-08-30 00:00:00-04:00,82.49296034893311,83.84609769430509,82.49296034893311,83.32417297363281,155100,0.0,0.0
2023-08-31 00:00:00-04:00,83.33386136051641,84.55168601660527,83.33386136051641,83.80745697021484,336900,0.0,0.0
2023-09-01 00:00:00-04:00,83.92343211465202,84.09740704351853,82.87958254145299,83.06322479248047,211600,0.0,0.0
2023-09-05 00:00:00-04:00,82.47366017809131,82.47366017809131,79.8930376896762,80.49227905273438,335100,0.0,0.0
2023-09-06 00:00:00-04:00,80.53094385210555,81.1881818093319,79.1778060138151,79.5354232788086,239900,0.0,0.0
2023-09-07 00:00:00-04:00,79.32277866104438,79.32277866104438,78.03729747113537,78.60755157470703,240900,0.0,0.0
2023-09-08 00:00:00-04:00,78.39490404311681,78.97481801735906,77.95030308373089,78.24992370605469,177800,0.0,0.0
2023-09-11 00:00:00-04:00,78.42391021429172,78.61721244290968,78.09529495083976,78.36592102050781,212100,0.0,0.0
2023-09-12 00:00:00-04:00,77.8343324076468,78.37558457185597,77.38973136218816,77.55403900146484,293600,0.0,0.0
2023-09-13 00:00:00-04:00,77.64101103119984,78.22092497475872,77.27372654687473,77.5153579711914,207700,0.0,0.0
2023-09-14 00:00:00-04:00,78.7331879998038,80.25063315719997,78.7331879998038,80.17330932617188,285600,0.0,0.0
2023-09-15 00:00:00-04:00,80.26031858327633,80.30864045806369,79.2261360755237,79.44843292236328,804800,0.0,0.0
2023-09-18 00:00:00-04:00,79.66105949038077,80.56959615708237,79.52574646010696,79.70938873291016,227000,0.0,0.0
2023-09-19 00:00:00-04:00,79.36144730762942,80.0573471799168,79.10048116851772,79.6997299194336,240100,0.0,0.0
2023-09-20 00:00:00-04:00,80.10566909676523,80.55993747886471,79.1101485354874,79.15847778320312,194900,0.0,0.0
2023-09-21 00:00:00-04:00,78.54954522995301,79.13912653316814,77.50570301393849,77.54436492919922,323000,0.0,0.0
2023-09-22 00:00:00-04:00,77.65068560640344,78.52056037260812,77.50571262370872,78.29826354980469,202300,0.0,0.0
2023-09-25 00:00:00-04:00,78.16294661610218,78.92650290755593,77.85365864510885,77.95030975341797,162100,0.0,0.0
2023-09-26 00:00:00-04:00,77.38971888348904,77.9019763668749,76.54883880053085,76.90645599365234,203400,0.0,0.0
2023-09-27 00:00:00-04:00,77.50570478391572,78.03728953937623,77.04176916419844,77.2930679321289,384900,0.0,0.0
2023-09-28 00:00:00-04:00,77.10944079184297,78.70421011890426,77.10944079184297,78.06629943847656,227400,0.0,0.0
2023-09-29 00:00:00-04:00,78.62688337981352,78.63655070389088,76.97412491495392,77.55403900146484,217200,0.0,0.0
2023-10-02 00:00:00-04:00,77.8053217894587,78.04695322358745,77.15775131575512,77.71833801269531,177200,0.0,0.0
2023-10-03 00:00:00-04:00,77.27373904988487,77.67001818940562,76.36520976177667,77.46704864501953,265100,0.0,0.0
2023-10-04 00:00:00-04:00,77.67001534450614,78.20160749414647,76.92578633500969,77.80532836914062,177700,0.0,0.0
2023-10-05 00:00:00-04:00,77.63134757777694,77.76666059221628,76.76147293209094,77.09009552001953,156200,0.0,0.0
2023-10-06 00:00:00-04:00,76.80979852380823,78.40456740288204,76.58749436834702,77.90196990966797,160300,0.0,0.0
2023-10-09 00:00:00-04:00,77.63135060803073,78.42390145525738,77.52503218196318,78.14360809326172,113900,0.0,0.0
2023-10-10 00:00:00-04:00,78.08532847354184,79.60060304383126,77.89106516323253,79.25092315673828,235100,0.4,0.0
2023-10-11 00:00:00-04:00,79.44519488948004,80.77592155512396,79.34806323308838,79.45491027832031,228000,0.0,0.0
2023-10-12 00:00:00-04:00,79.69774870592603,79.69774870592603,78.76526398938647,79.23150634765625,182000,0.0,0.0
2023-10-13 00:00:00-04:00,79.27036250904902,79.561764916705,76.73518675872359,77.80364990234375,255500,0.0,0.0
2023-10-16 00:00:00-04:00,78.19217682953405,78.97895288336079,77.36654663085938,77.36654663085938,220000,0.0,0.0
2023-10-17 00:00:00-04:00,76.84203487779756,78.09505339098884,76.84203487779756,77.5025405883789,189600,0.0,0.0
2023-10-18 00:00:00-04:00,76.96829618296559,77.47339264861657,76.24951303949182,76.5894775390625,193700,0.0,0.0
2023-10-19 00:00:00-04:00,76.46320289650562,76.57975791238238,75.55986447011131,75.8221206665039,222400,0.0,0.0
2023-10-20 00:00:00-04:00,76.09410873577364,76.13296288637304,74.82166679899738,74.94794464111328,239800,0.0,0.0
2023-10-23 00:00:00-04:00,74.9090768419953,75.55986707194955,74.56910493886177,75.10334014892578,316600,0.0,0.0
2023-10-24 00:00:00-04:00,75.74441899093443,76.28836215438717,75.2004684168119,76.12323760986328,215900,0.0,0.0
2023-10-25 00:00:00-04:00,75.67643163361103,76.66718638392904,74.62739196103644,74.8216552734375,232200,0.0,0.0
2023-10-26 00:00:00-04:00,75.06449538499149,75.16162705059368,73.5492206517182,73.60749816894531,208900,0.0,0.0
2023-10-27 00:00:00-04:00,73.782333399155,74.1902908149219,73.04411944871686,73.52978515625,176100,0.0,0.0
2023-10-30 00:00:00-04:00,74.1417238955282,74.1417238955282,72.50988692732744,72.87899017333984,179600,0.0,0.0
2023-10-31 00:00:00-04:00,73.01498122183,73.54921646826155,72.76244038776294,73.09268951416016,159600,0.0,0.0
2023-11-01 00:00:00-04:00,73.04411758856305,74.14172680246523,73.04411758856305,74.13201141357422,191400,0.0,0.0
2023-11-02 00:00:00-04:00,78.55157565195694,80.53309266449197,74.61768038416858,80.47480773925781,676300,0.0,0.0
2023-11-03 00:00:00-04:00,81.16445198606662,83.09740686903756,80.30968299480584,82.88371276855469,547700,0.0,0.0
2023-11-06 00:00:00-05:00,82.88370750146451,83.04883205564587,82.28147938479866,82.92256164550781,274200,0.0,0.0
2023-11-07 00:00:00-05:00,83.17511278471702,84.22415257202226,82.53403785514458,82.77687072753906,247700,0.0,0.0
2023-11-08 00:00:00-05:00,82.93226752635725,83.14596160785649,81.99008234714613,82.95169830322266,167200,0.0,0.0
2023-11-09 00:00:00-05:00,83.51508940294705,84.62240677010922,82.91286117790366,83.42766571044922,241100,0.0,0.0
2023-11-10 00:00:00-05:00,84.11729766211037,85.90455128962448,84.07844351687415,85.75885009765625,345300,0.0,0.0
2023-11-13 00:00:00-05:00,85.75884566912221,88.33287522540485,85.55486697516821,87.90548706054688,528600,0.0,0.0
2023-11-14 00:00:00-05:00,89.45961346243354,91.67424769554952,88.54656705708653,91.10116577148438,645600,0.0,0.0
2023-11-15 00:00:00-05:00,91.4217079934834,92.30561565551442,90.65435534891978,92.19876861572266,555600,0.0,0.0
2023-11-16 00:00:00-05:00,92.24732762583895,94.14142055035994,91.40226679223082,94.1122817993164,580100,0.0,0.0
2023-11-17 00:00:00-05:00,94.52995285955011,94.63679988527619,92.7912691080709,93.7043228149414,431300,0.0,0.0
2023-11-20 00:00:00-05:00,93.70435831828544,96.38523554291504,93.70435831828544,96.14240264892578,437600,0.0,0.0
2023-11-21 00:00:00-05:00,95.44302731164468,96.90002444023196,95.29732611665185,96.64747619628906,286600,0.0,0.0
2023-11-22 00:00:00-05:00,97.13314109252313,97.23027275148155,96.14238631407444,96.696044921875,191300,0.0,0.0
2023-11-24 00:00:00-05:00,96.79317472444107,97.0748617174874,96.12295369234224,97.04572296142578,128000,0.0,0.0
2023-11-27 00:00:00-05:00,96.8902969974218,97.71592711877466,96.15208313578727,97.46337890625,287600,0.0,0.0
2023-11-28 00:00:00-05:00,97.47312381866475,97.5411167337083,96.3269522431652,97.19143676757812,367000,0.0,0.0
2023-11-29 00:00:00-05:00,97.75479568697173,98.1918918714109,97.3662616282087,98.01705932617188,270800,0.0,0.0
2023-11-30 00:00:00-05:00,98.07532844184186,98.07532844184186,94.71452283111013,97.05542755126953,543900,0.0,0.0
2023-12-01 00:00:00-05:00,97.33711219505973,98.5609917521975,96.52119743074788,98.0947494506836,413700,0.0,0.0
2023-12-04 00:00:00-05:00,97.69651085748092,99.87229104871696,97.5022401373088,99.48375701904297,425400,0.0,0.0
2023-12-05 00:00:00-05:00,98.76497151387873,100.49394012328428,98.44443039128016,100.20254516601562,295000,0.0,0.0
2023-12-06 00:00:00-05:00,101.65952651413339,103.71874390649415,100.22195308359025,100.45507049560547,473800,0.0,0.0
2023-12-07 00:00:00-05:00,101.01847064198795,102.69887730855464,100.2025557823862,102.66973114013672,291100,0.0,0.0
2023-12-08 00:00:00-05:00,102.7862874865687,105.11748430681646,102.7862874865687,103.58277893066406,316900,0.0,0.0
2023-12-11 00:00:00-05:00,103.41765515935091,104.45697945907135,102.48517790629364,103.78675842285156,289900,0.0,0.0
2023-12-12 00:00:00-05:00,103.7867643061603,103.7867643061603,101.32929691494311,102.48518371582031,565500,0.0,0.0
2023-12-13 00:00:00-05:00,102.4754599215777,103.767332427112,101.26129570449739,102.85427856445312,497500,0.0,0.0
2023-12-14 00:00:00-05:00,103.90331507396381,105.06890972272663,103.43707276805667,104.7677993774414,466000,0.0,0.0
2023-12-15 00:00:00-05:00,105.02034787943651,106.66189281620377,104.48611267445098,106.16651916503906,1700400,0.0,0.0
2023-12-18 00:00:00-05:00,106.26364952520265,106.81730808969495,104.56381968904753,106.14708709716797,403900,0.0,0.0
2023-12-19 00:00:00-05:00,106.98243294037172,107.91491013527414,106.60361431152604,107.04071044921875,301600,0.0,0.0
2023-12-20 00:00:00-05:00,107.17669883940856,108.28402340901091,106.28307576565103,106.8270263671875,420200,0.0,0.0
2023-12-21 00:00:00-05:00,108.31316642306695,108.31316642306695,106.78817642242188,107.9149169921875,267500,0.0,0.0
2023-12-22 00:00:00-05:00,107.81778430122307,108.46857455402993,107.2447023381852,107.39039611816406,202000,0.0,0.0
2023-12-26 00:00:00-05:00,107.99262735740153,108.58514011527762,107.45839211319503,108.1383285522461,158600,0.0,0.0
2023-12-27 00:00:00-05:00,107.92463849440394,108.35202670576716,106.67162002891067,107.2544174194336,187100,0.0,0.0
2023-12-28 00:00:00-05:00,106.82702849751608,107.11842346528961,106.29279327392578,106.29279327392578,148400,0.0,0.0
2023-12-29 00:00:00-05:00,106.38020716129415,106.88530361787494,104.96206426664374,105.42830657958984,285400,0.0,0.0
2024-01-02 00:00:00-05:00,105.38944891949582,105.38944891949582,101.82466472999623,103.21366882324219,335300,0.0,0.0
2024-01-03 00:00:00-05:00,102.70857072125723,103.46620795791691,101.68867729139603,101.72753143310547,347500,0.0,0.0
2024-01-04 00:00:00-05:00,101.79553726626125,102.66002164982719,101.25158662386472,101.43614196777344,223600,0.0,0.0
2024-01-05 00:00:00-05:00,100.93104711611541,101.78581606151549,100.3385343822649,101.33900451660156,204600,0.0,0.0
2024-01-08 00:00:00-05:00,101.9120898702098,102.57259552615973,101.33900789480427,102.4754638671875,434400,0.0,0.0
2024-01-09 00:00:00-05:00,100.76915848077049,103.23597852635531,100.76915848077049,102.25120544433594,244100,0.4,0.0
2024-01-10 00:00:00-05:00,102.70946989290165,102.70946989290165,101.16893094731597,101.74419403076172,241400,0.0,0.0
2024-01-11 00:00:00-05:00,101.89043348504131,102.33894550532496,100.63264637997739,101.16891479492188,214300,0.0,0.0
2024-01-12 00:00:00-05:00,101.53943621149239,101.62719261775794,100.53515835513275,100.77891540527344,199300,0.0,0.0
2024-01-16 00:00:00-05:00,105.04954852770878,105.50781302577165,100.84717887239943,101.26644134521484,592100,0.0,0.0
2024-01-17 00:00:00-05:00,100.60340870367719,101.7929442828821,99.77463623191342,100.34989929199219,360800,0.0,0.0
2024-01-18 00:00:00-05:00,101.35419210657015,102.59248225362289,100.08665973866181,102.16346740722656,355900,0.0,0.0
2024-01-19 00:00:00-05:00,102.67046260033713,103.9087450226122,101.0226627197465,103.76248931884766,381500,0.0,0.0
2024-01-22 00:00:00-05:00,104.67902637597724,105.50779884417973,103.39198947130845,104.37677001953125,586900,0.0,0.0
2024-01-23 00:00:00-05:00,104.71802187431692,105.17628628224327,102.86546695326061,103.39198303222656,359500,0.0,0.0
2024-01-24 00:00:00-05:00,104.71802133377788,105.02027766983964,102.02694164591203,102.52420806884766,240300,0.0,0.0
2024-01-25 00:00:00-05:00,103.96725392662267,103.96725392662267,102.45596468520068,102.73872375488281,293900,0.0,0.0
2024-01-26 00:00:00-05:00,102.89472495486643,103.33349210904028,102.12445178271109,102.69972229003906,190700,0.0,0.0
2024-01-29 00:00:00-05:00,102.48521839574423,104.41577013564685,102.13420763596645,104.13301849365234,221200,0.0,0.0
2024-01-30 00:00:00-05:00,104.11350125036337,105.29328438048462,103.08972618978254,104.84477233886719,454000,0.0,0.0
2024-01-31 00:00:00-05:00,104.2012707661233,104.96179160368227,101.79294982126983,102.42671966552734,433800,0.0,0.0
2024-02-01 00:00:00-05:00,103.12871880877401,104.27925226371403,100.77890495724448,102.13419342041016,332900,0.0,0.0
2024-02-02 00:00:00-05:00,101.31519323496981,102.83623498768644,101.2079395279064,102.07571411132812,222100,0.0,0.0
2024-02-05 00:00:00-05:00,101.27618274311652,101.73443975267483,99.45287731435833,100.34015655517578,300600,0.0,0.0
2024-02-06 00:00:00-05:00,100.2719037565293,100.75941789172568,99.16037212339161,100.41815948486328,333400,0.0,0.0
2024-02-07 00:00:00-05:00,100.8276750085024,101.07143207125706,99.42363194659542,99.9208984375,175300,0.0,0.0
2024-02-08 00:00:00-05:00,99.52113259230434,101.40293740124788,98.83861579688445,101.37368774414062,295300,0.0,0.0
2024-02-09 00:00:00-05:00,101.59791913725566,102.15368482438689,100.73014477382047,101.3639144897461,232100,0.0,0.0
2024-02-12 00:00:00-05:00,101.91969875029373,102.3194638915613,101.20793231473802,101.5296859741211,266500,0.0,0.0
2024-02-13 00:00:00-05:00,99.1116103870789,100.1451378190667,98.0390809374289,100.01838684082031,435900,0.0,0.0
2024-02-14 00:00:00-05:00,101.04216091057857,102.46570106625215,100.40839858673269,102.0171890258789,711400,0.0,0.0
2024-02-15 00:00:00-05:00,109.93442960801465,113.96129339814479,103.76249931342765,113.24952697753906,1977000,0.0,0.0
2024-02-16 00:00:00-05:00,112.85951444200931,116.86688094948784,110.54869492403544,114.26355743408203,1300200,0.0,0.0
2024-02-20 00:00:00-05:00,112.99602533009008,112.99602533009008,107.5066188618355,107.99413299560547,949100,0.0,0.0
2024-02-21 00:00:00-05:00,106.70707786602502,107.09708315573566,105.21528606014705,106.12205505371094,787800,0.0,0.0
2024-02-22 00:00:00-05:00,107.2530925996827,107.8576127086938,106.35606851963334,106.55107116699219,353000,0.0,0.0
2024-02-23 00:00:00-05:00,106.99958609528024,107.20434111219627,104.50351643511404,105.19578552246094,332200,0.0,0.0
2024-02-26 00:00:00-05:00,105.0592900032626,106.39508133373525,104.55227860535413,105.70281219482422,307100,0.0,0.0
2024-02-27 00:00:00-05:00,106.49257705466928,106.93133675206401,103.95750532098687,104.7862777709961,329300,0.0,0.0
2024-02-28 00:00:00-05:00,104.23050476526679,105.9465562940672,103.71374106552338,103.98674774169922,297200,0.0,0.0
2024-02-29 00:00:00-05:00,105.24455055480685,105.7028150176038,103.94776121090811,104.34751892089844,583700,0.0,0.0
2024-03-01 00:00:00-05:00,104.14275240471207,105.54679529531586,102.7972162604663,104.62052154541016,523500,0.0,0.0
2024-03-04 00:00:00-05:00,105.11777848237153,105.8880515843085,103.75274507526721,103.97699737548828,287400,0.0,0.0
2024-03-05 00:00:00-05:00,103.65523722496086,104.03549759726798,102.58270777899531,103.13847351074219,539100,0.0,0.0
2024-03-06 00:00:00-05:00,104.60101462909651,105.38104009397738,103.29448053012631,104.63026428222656,359700,0.0,0.0
2024-03-07 00:00:00-05:00,105.33229389664066,105.50779926793105,102.18295701704756,102.9239730834961,387300,0.0,0.0
2024-03-08 00:00:00-05:00,102.92396807390533,104.32801097588981,102.24145135148196,102.62171173095703,386400,0.0,0.0
2024-03-11 00:00:00-04:00,102.04645859435024,102.60222439046525,101.6466934475416,102.21221160888672,295600,0.0,0.0
2024-03-12 00:00:00-04:00,102.26095679832441,102.92397628394099,100.90566817077915,102.58271789550781,351600,0.0,0.0
2024-03-13 00:00:00-04:00,103.10922005979953,103.34322471747608,101.45167528970694,102.10494232177734,319600,0.0,0.0
2024-03-14 00:00:00-04:00,102.4267193723874,102.69972608879388,100.01839843442642,101.1591796875,645400,0.0,0.0
2024-03-15 00:00:00-04:00,100.45715198577686,101.2469224294907,99.3553728226684,100.02813720703125,3591300,0.0,0.0
2024-03-18 00:00:00-04:00,101.35418124357342,102.67047530141531,100.41815503811088,101.2371826171875,554100,0.0,0.0
2024-03-19 00:00:00-04:00,100.59365655794089,101.12017267310625,99.90138743583681,100.85691833496094,460700,0.0,0.0
2024-03-20 00:00:00-04:00,99.9208914269152,101.93919946736166,99.56012832135485,101.54918670654297,361700,0.0,0.0
2024-03-21 00:00:00-04:00,102.37794962771889,102.89471332609611,101.64667855894947,102.57295227050781,384000,0.0,0.0
2024-03-22 00:00:00-04:00,102.57296053070746,102.70946387942712,101.98794511635543,102.28045654296875,296500,0.0,0.0
2024-03-25 00:00:00-04:00,102.1244556600637,103.3627456892436,101.82219928644308,101.9197006225586,247900,0.0,0.0
2024-03-26 00:00:00-04:00,102.63147359411965,103.40174678864553,102.34871451469559,103.01173400878906,340400,0.0,0.0
2024-03-27 00:00:00-04:00,103.10922782476324,103.98675465572761,103.10922782476324,103.2652359008789,255800,0.0,0.0
2024-03-28 00:00:00-04:00,103.66498744460361,104.81552090182511,103.60648813895857,103.8014907836914,387100,0.0,0.0
2024-04-01 00:00:00-04:00,99.78437958592522,99.78437958592522,94.77273537524228,94.91899108886719,1555000,0.0,0.0
2024-04-02 00:00:00-04:00,93.88545784094494,94.87998324254428,93.44669072701575,94.14871215820312,612800,0.0,0.0
2024-04-03 00:00:00-04:00,93.37844937194825,94.36322995719833,93.05669571283929,93.44670104980469,344600,0.0,0.0
2024-04-04 00:00:00-04:00,94.09998039192195,95.55277043089433,93.33945953177366,93.3882064819336,2014100,0.0,0.0
2024-04-05 00:00:00-04:00,92.94944363708198,94.19747859047094,92.94944363708198,93.47595977783203,334900,0.0,0.0
2024-04-08 00:00:00-04:00,93.84645809681601,94.3242198006059,93.18343866673288,93.73920440673828,458000,0.0,0.0
2024-04-09 00:00:00-04:00,94.19937913484685,95.94217906693429,93.55317585966945,95.37430572509766,503300,0.4,0.0
2024-04-10 00:00:00-04:00,94.0427193658907,94.9630698656588,93.7196140186542,94.3756103515625,515500,0.0,0.0
2024-04-11 00:00:00-04:00,94.97287798672748,96.08905348093391,93.99377615181277,95.59950256347656,426900,0.0,0.0
2024-04-12 00:00:00-04:00,94.71831187153977,95.11974721983114,93.98398547633256,94.53228759765625,389900,0.0,0.0
2024-04-15 00:00:00-04:00,94.66934516099944,95.188267863505,93.87626770947767,94.40498352050781,428400,0.0,0.0
2024-04-16 00:00:00-04:00,94.40499798100889,94.81621896259236,93.3867311671206,94.77706146240234,332400,0.0,0.0
2024-04-17 00:00:00-04:00,95.5113805478038,95.85406467294108,93.91543988366583,94.0035629272461,535000,0.0,0.0
2024-04-18 00:00:00-04:00,94.05252344475649,94.43437257728407,93.46506381547978,93.660888671875,428400,0.0,0.0
2024-04-19 00:00:00-04:00,93.70003836850164,94.8064281726036,93.36714734528947,94.61060333251953,407500,0.0,0.0
2024-04-22 00:00:00-04:00,95.22744040512772,96.31424396928817,94.46374221841036,95.85406494140625,672100,0.0,0.0
2024-04-23 00:00:00-04:00,96.05967802297143,97.4206289249294,95.98134808632325,96.86254119873047,487700,0.0,0.0
2024-04-24 00:00:00-04:00,96.98004067333096,98.03746498809079,96.72547210220625,97.5772933959961,405000,0.0,0.0
2024-04-25 00:00:00-04:00,96.30445643874488,98.17453704660737,96.30445643874488,97.82206726074219,283500,0.0,0.0
2024-04-26 00:00:00-04:00,97.97870692979379,99.05571730700782,97.97870692979379,98.60533142089844,360800,0.0,0.0
2024-04-29 00:00:00-04:00,98.96761718000914,99.2123926434718,98.32140637088966,98.8305435180664,308700,0.0,0.0
2024-04-30 00:00:00-04:00,98.39973984484193,98.58577159413805,96.24571867701628,96.66673278808594,704400,0.0,0.0
2024-05-01 00:00:00-04:00,96.37298768520375,97.28355263166377,95.47221584804758,95.85406494140625,484200,0.0,0.0
2024-05-02 00:00:00-04:00,99.84880418272547,102.55111975427837,98.174533542368,100.71041107177734,1116200,0.0,0.0
2024-05-03 00:00:00-04:00,101.16079357047832,103.14836894859809,100.92581123960477,101.47410583496094,586700,0.0,0.0
2024-05-06 00:00:00-04:00,101.69930282013647,103.29523600477094,101.62097288630132,103.09941864013672,559700,0.0,0.0
2024-05-07 00:00:00-04:00,102.52176051464468,104.3722625344379,101.88534277657794,103.22671508789062,1102300,0.0,0.0
2024-05-08 00:00:00-04:00,102.33570842207297,104.2743331132107,102.33570842207297,103.55958557128906,557600,0.0,0.0
2024-05-09 00:00:00-04:00,103.64771453866001,104.10789356827827,103.16795676031393,103.3539810180664,343400,0.0,0.0
2024-05-10 00:00:00-04:00,103.63792599868222,104.42121044149746,103.28544874641076,104.2939224243164,370400,0.0,0.0
2024-05-13 00:00:00-04:00,103.07983007607442,104.47015275521946,103.07983007607442,104.16663360595703,484400,0.0,0.0
2024-05-14 00:00:00-04:00,104.4212041282559,105.82131994291902,103.88269517263409,104.09809875488281,635800,0.0,0.0
2024-05-15 00:00:00-04:00,104.72473004849762,107.45642502993557,104.72473004849762,106.59481811523438,593300,0.0,0.0
2024-05-16 00:00:00-04:00,106.1933793697428,107.65223894694186,106.04651260708228,106.40878295898438,593000,0.0,0.0
2024-05-17 00:00:00-04:00,106.70252564826306,107.68162752348313,106.48712204052192,107.1137466430664,318400,0.0,0.0
2024-05-20 00:00:00-04:00,107.10394706783953,107.85785964942669,106.8297997545184,107.6424560546875,372000,0.0,0.0
2024-05-21 00:00:00-04:00,107.43684057190814,108.23970372498098,107.17247891067898,107.7011947631836,360200,0.0,0.0
2024-05-22 00:00:00-04:00,107.83827065144287,108.87611615940502,107.4857934091248,108.30824279785156,371700,0.0,0.0
2024-05-23 00:00:00-04:00,108.35718571430647,108.35718571430647,106.95706995390948,107.58369445800781,285000,0.0,0.0
2024-05-24 00:00:00-04:00,107.9753420704935,109.4244159778137,107.42704746932277,108.65092468261719,490700,0.0,0.0
2024-05-28 00:00:00-04:00,108.60197039441972,110.00208627406631,108.18095631956224,109.23838806152344,381600,0.0,0.0
2024-05-29 00:00:00-04:00,108.18096761370568,110.10000645504641,108.18096761370568,109.60066986083984,315200,0.0,0.0
2024-05-30 00:00:00-04:00,109.56149428156303,111.94071198405913,109.51253620297035,111.21617126464844,587400,0.0,0.0
2024-05-31 00:00:00-04:00,111.78405198911462,112.21485917641711,109.62023788281131,111.49032592773438,405500,0.0,0.0
2024-06-03 00:00:00-04:00,112.18549069195969,112.71420658229339,111.37283437144933,112.12673950195312,326300,0.0,0.0
2024-06-04 00:00:00-04:00,112.35194303544853,112.97856765391043,111.68615344458843,112.49880981445312,238200,0.0,0.0
2024-06-05 00:00:00-04:00,112.91001836106228,114.46679409480681,111.82321477428417,114.40804290771484,469500,0.0,0.0
2024-06-06 00:00:00-04:00,114.56470631002547,115.5927587413883,114.40804643289167,115.04446411132812,354500,0.0,0.0
2024-06-07 00:00:00-04:00,114.61366586663807,115.631932737638,114.58429400487105,114.8486557006836,208200,0.0,0.0
2024-06-10 00:00:00-04:00,114.28075220897169,114.476569562001,112.44003622270212,113.624755859375,659200,0.0,0.0
2024-06-11 00:00:00-04:00,112.87085680900321,114.37867451079727,112.0288286447552,113.64434814453125,330900,0.0,0.0
2024-06-12 00:00:00-04:00,115.3577765010511,116.61102563945043,115.12279415508976,115.4948501586914,369000,0.0,0.0
2024-06-13 00:00:00-04:00,115.29903267669353,115.63192371067176,114.52554134074202,115.04446411132812,273200,0.0,0.0
2024-06-14 00:00:00-04:00,114.17306189914288,114.41783735000804,113.1743738764388,114.21222686767578,232800,0.0,0.0
2024-06-17 00:00:00-04:00,114.3199300832327,115.64171604032721,113.9282878629944,114.69198608398438,242800,0.0,0.0
2024-06-18 00:00:00-04:00,114.69198790886827,115.25986876375177,113.61497738854196,115.12279510498047,369700,0.0,0.0
2024-06-20 00:00:00-04:00,115.04446788971109,116.0431484943993,112.67504319489927,114.00662231445312,454200,0.0,0.0
2024-06-21 00:00:00-04:00,113.87932689180154,116.10189213997926,113.66392330264382,115.13257598876953,1280700,0.0,0.0
2024-06-24 00:00:00-04:00,114.44720549919757,115.14236686072701,113.13521271066547,113.3506088256836,571500,0.0,0.0
2024-06-25 00:00:00-04:00,113.77163452108648,113.77163452108648,112.44005537777298,113.21354675292969,406800,0.0,0.0
2024-06-26 00:00:00-04:00,112.81211673289039,113.81079733648066,112.16590592413161,113.78142547607422,502500,0.0,0.0
2024-06-27 00:00:00-04:00,113.87932917761506,114.9367609256395,112.92959922633128,113.61497497558594,264300,0.0,0.0
2024-06-28 00:00:00-04:00,114.27097412990518,115.33819901315606,113.67372141367254,114.12410736083984,444300,0.0,0.0
2024-07-01 00:00:00-04:00,114.64302274160751,115.05425116245169,112.69461230957086,113.8499526977539,362800,0.0,0.0
2024-07-02 00:00:00-04:00,114.02618873430525,116.65997482816438,113.84995012077651,115.91585540771484,353000,0.0,0.0
2024-07-03 00:00:00-04:00,116.50332539220085,116.9047607306014,115.09342382771008,116.1998062133789,196900,0.0,0.0
2024-07-05 00:00:00-04:00,116.0822930497176,118.02091766722738,116.02354933917134,117.8642578125,377700,0.0,0.0
2024-07-08 00:00:00-04:00,118.14820668059936,120.56658920445082,118.00133992373463,118.9412841796875,594100,0.0,0.0
2024-07-09 00:00:00-04:00,118.72588808043217,119.45042133134665,117.96218986055554,118.71609497070312,553300,0.0,0.0
2024-07-10 00:00:00-04:00,119.42339589625858,120.37626946778673,118.90275548988043,119.99315643310547,248800,0.4,0.0
2024-07-11 00:00:00-04:00,121.71224506911524,121.82030335063241,119.5019743021023,120.03244018554688,274200,0.0,0.0
2024-07-12 00:00:00-04:00,120.41555103573305,120.9558349389939,118.71609513422358,118.9223861694336,310700,0.0,0.0
2024-07-15 00:00:00-04:00,119.6689675298602,120.92636477778062,119.2465599392608,120.07173156738281,408400,0.0,0.0
2024-07-16 00:00:00-04:00,121.03442491018296,121.5452472341487,119.9145550006843,120.9754867553711,311200,0.0,0.0
2024-07-17 00:00:00-04:00,120.73973001200977,122.25253098872396,119.94402742644243,121.14248657226562,642600,0.0,0.0
2024-07-18 00:00:00-04:00,121.02460896090153,122.08554079952295,119.21710212000237,120.72008514404297,310800,0.0,0.0
2024-07-19 00:00:00-04:00,121.03443724586175,121.16213909252896,119.21710483871325,119.99315643310547,212100,0.0,0.0
2024-07-22 00:00:00-04:00,120.17978636762192,121.52559838606065,119.3153276044569,121.06389617919922,255100,0.0,0.0
2024-07-23 00:00:00-04:00,120.98531565682013,121.75154166947979,120.33696595707482,121.14248657226562,184200,0.0,0.0
2024-07-24 00:00:00-04:00,120.39589473992827,121.28000449134768,118.70626443603307,119.14832305908203,235900,0.0,0.0
2024-07-25 00:00:00-04:00,118.9223932442522,120.21908518177023,118.15616721226601,118.1659927368164,283700,0.0,0.0
2024-07-26 00:00:00-04:00,119.41356046392755,119.7770299130734,118.48033801988478,118.60803985595703,216600,0.0,0.0
2024-07-29 00:00:00-04:00,118.93220961092922,119.59037730621954,118.05792536024715,118.97150421142578,308400,0.0,0.0
2024-07-30 00:00:00-04:00,119.13850480275197,120.4843168117088,118.7750428511547,119.96367645263672,261200,0.0,0.0
2024-07-31 00:00:00-04:00,121.29965688859812,121.81047169806044,119.51179381346212,120.59236907958984,331000,0.0,0.0
2024-08-01 00:00:00-04:00,127.70454269785479,135.52399667682604,124.19757978663165,134.45323181152344,1260800,0.0,0.0
2024-08-02 00:00:00-04:00,131.4570897273245,135.5338053913451,131.36866750423678,133.82452392578125,1069600,0.0,0.0
2024-08-05 00:00:00-04:00,129.66921643499327,134.41393274417845,127.83224066542535,133.2547607421875,575000,0.0,0.0
2024-08-06 00:00:00-04:00,134.2272738322268,137.77353073082628,133.40210975898506,134.99349975585938,445000,0.0,0.0
2024-08-07 00:00:00-04:00,135.49449899644063,137.01713292736923,133.62805417101688,133.99151611328125,573400,0.0,0.0
2024-08-08 00:00:00-04:00,135.67132913060902,137.16449399207903,134.44340095260748,136.99749755859375,350300,0.0,0.0
2024-08-09 00:00:00-04:00,137.03678864752172,137.53777796253732,135.89726766777383,136.8304901123047,409200,0.0,0.0
2024-08-12 00:00:00-04:00,136.52598755765837,138.11739296299058,135.92675789656178,136.0642852783203,240100,0.0,0.0
2024-08-13 00:00:00-04:00,137.21361832583244,137.24310239643876,135.4748825748461,136.4866943359375,583600,0.0,0.0
2024-08-14 00:00:00-04:00,136.73225385859874,137.5967200481455,134.3058667042311,134.34515380859375,451400,0.0,0.0
2024-08-15 00:00:00-04:00,135.47485650970307,135.85796948155786,132.09559594290357,134.0013427734375,1905700,0.0,0.0
2024-08-16 00:00:00-04:00,134.00136765771384,134.00136765771384,131.28027425574524,132.31173706054688,302700,0.0,0.0
2024-08-19 00:00:00-04:00,132.5081940697146,133.13689274057054,131.11326936217037,132.64572143554688,328800,0.0,0.0
2024-08-20 00:00:00-04:00,132.5278145657094,133.96202605169174,132.19382175273876,132.4394073486328,1474500,0.0,0.0
2024-08-21 00:00:00-04:00,132.4688933587405,134.85597846115783,131.95807105694664,134.29605102539062,272500,0.0,0.0
2024-08-22 00:00:00-04:00,133.6968324152277,134.0504763469917,131.05432845140197,131.9384307861328,232600,0.0,0.0
2024-08-23 00:00:00-04:00,132.59658397484324,133.5003372592299,131.46689611669913,132.69482421875,256800,0.0,0.0
2024-08-26 00:00:00-04:00,133.58876539178303,133.58876539178303,131.24096735624065,131.92860412597656,229500,0.0,0.0
2024-08-27 00:00:00-04:00,131.9286066460363,132.92076721922453,131.43743537407738,132.42959594726562,262200,0.0,0.0
2024-08-28 00:00:00-04:00,132.0366520286681,133.20564194004564,131.65353907353528,132.655517578125,167500,0.0,0.0
2024-08-29 00:00:00-04:00,133.16636534677158,135.70081114654423,132.5966048191304,134.2469482421875,380700,0.0,0.0
2024-08-30 00:00:00-04:00,134.28623022858258,136.85997802963684,134.28623022858258,136.11338806152344,420900,0.0,0.0
2024-09-03 00:00:00-04:00,136.04462483261761,136.90907608186515,132.04648346842598,132.91094970703125,342500,0.0,0.0
2024-09-04 00:00:00-04:00,132.88145358117686,132.88145358117686,129.87548839526778,132.1250457763672,261100,0.0,0.0
2024-09-05 00:00:00-04:00,131.6338981468462,132.71448091842146,131.06413768450264,131.65354919433594,205100,0.0,0.0
2024-09-06 00:00:00-04:00,131.84020598660473,132.2429550577758,128.83422506131123,129.89515686035156,291600,0.0,0.0
2024-09-09 00:00:00-04:00,129.2271476726508,130.42560661792797,128.02868872737363,128.11709594726562,383900,0.0,0.0
2024-09-10 00:00:00-04:00,131.1918400223784,131.34901841521085,127.4687536626114,128.9324493408203,363800,0.0,0.0
2024-09-11 00:00:00-04:00,128.83423163606275,130.17021823014156,128.15642780344206,129.88534545898438,324000,0.0,0.0
2024-09-12 00:00:00-04:00,130.30773260097592,130.4157908805023,128.97174614017632,130.11126708984375,397400,0.0,0.0
2024-09-13 00:00:00-04:00,130.80874427669832,133.82452826569016,130.63191481414637,133.58877563476562,281800,0.0,0.0
2024-09-16 00:00:00-04:00,134.07993973713855,134.8265146772518,132.37065830790294,132.91094970703125,368900,0.0,0.0
2024-09-17 00:00:00-04:00,134.217471808418,134.217471808418,132.16436441961844,133.2940673828125,223200,0.0,0.0
2024-09-18 00:00:00-04:00,133.29405373212512,134.44339263692194,132.02682353676883,132.69482421875,225300,0.0,0.0
2024-09-19 00:00:00-04:00,134.70864917005625,135.6909917965673,132.7439639170341,135.3962860107422,272300,0.0,0.0
2024-09-20 00:00:00-04:00,135.54360376477513,138.37275474871475,135.47484758940885,136.10354614257812,882900,0.0,0.0
2024-09-23 00:00:00-04:00,136.74206310166088,138.51028247150876,134.95420767557172,136.51612854003906,356300,0.0,0.0
2024-09-24 00:00:00-04:00,136.83048778612962,137.5279575949644,135.73026892196444,136.3982696533203,307000,0.0,0.0
2024-09-25 00:00:00-04:00,136.84032555045377,137.26272566853814,134.1683525110824,134.394287109375,482700,0.0,0.0
2024-09-26 00:00:00-04:00,135.63203011801218,137.13501287680077,134.59073452341477,136.00531005859375,301500,0.0,0.0
2024-09-27 00:00:00-04:00,136.17231756725104,139.25687253124966,136.17231756725104,138.55941772460938,257300,0.0,0.0
2024-09-30 00:00:00-04:00,139.1095298600763,141.4180408608486,138.80500606622078,139.12918090820312,515600,0.0,0.0
2024-10-01 00:00:00-04:00,139.2175868193928,140.78934088874857,137.9896586368829,140.1409912109375,310300,0.0,0.0
2024-10-02 00:00:00-04:00,140.37673057253554,142.9111759006226,139.7873340942041,142.2726593017578,292000,0.0,0.0
2024-10-03 00:00:00-04:00,141.78151783811234,142.9210389205284,140.59287662485156,141.30999755859375,191000,0.0,0.0
2024-10-04 00:00:00-04:00,142.61648648704596,142.61648648704596,139.83647021687452,140.84828186035156,220900,0.0,0.0
2024-10-07 00:00:00-04:00,140.2588722975106,141.6243278833989,140.01328665264322,140.66163635253906,205800,0.0,0.0
2024-10-08 00:00:00-04:00,140.89738068956783,144.315943457349,140.77950438356064,143.52024841308594,286800,0.0,0.0
2024-10-09 00:00:00-04:00,143.9636666586487,145.90486164294933,143.16549820991975,145.5501251220703,1023300,0.45,0.0
2024-10-10 00:00:00-04:00,144.899769923315,149.74782560443174,144.899769923315,149.57044982910156,681900,0.0,0.0
2024-10-11 00:00:00-04:00,150.07299906806338,153.36415637114794,149.71826255999233,153.04884338378906,414500,0.0,0.0
2024-10-14 00:00:00-04:00,153.4134354942137,154.6944293357944,151.99448939496543,153.58094787597656,362700,0.0,0.0
2024-10-15 00:00:00-04:00,152.5364499869355,154.1327568299614,150.3390622281568,151.50180053710938,536900,0.0,0.0
2024-10-16 00:00:00-04:00,151.84670332630034,154.8520931589046,151.22591058947015,154.5269317626953,271400,0.0,0.0
2024-10-17 00:00:00-04:00,154.62546247492338,155.196983328923,153.0981240762984,153.4134521484375,198000,0.0,0.0
2024-10-18 00:00:00-04:00,153.6400754942499,154.0736440493371,151.70874379425848,151.91566467285156,234000,0.0,0.0
2024-10-21 00:00:00-04:00,151.9452204786557,153.11782220957727,150.95984289444175,152.8911895751953,404800,0.0,0.0
2024-10-22 00:00:00-04:00,152.76306492631355,153.23604189249923,149.22556348808448,150.77259826660156,394300,0.0,0.0
2024-10-23 00:00:00-04:00,149.97445255432925,149.97445255432925,146.48622281859335,148.27960205078125,562100,0.0,0.0
2024-10-24 00:00:00-04:00,148.69346708687561,149.521195660471,145.0968450241438,145.1953887939453,389300,0.0,0.0
2024-10-25 00:00:00-04:00,145.20524463587606,148.90041065873967,143.8946906154868,145.13626098632812,327500,0.0,0.0
2024-10-28 00:00:00-04:00,146.50593898775418,146.79170692077327,143.00786042557604,143.38229370117188,311100,0.0,0.0
2024-10-29 00:00:00-04:00,142.87974426666037,147.79678363736733,142.34764700715436,147.44204711914062,479800,0.0,0.0
2024-10-30 00:00:00-04:00,147.0873051892888,147.44204169446408,145.40230303078937,145.55996704101562,422900,0.0,0.0
2024-10-31 00:00:00-04:00,157.76880314353042,161.91724932391293,143.1655003566514,148.24020385742188,801300,0.0,0.0
2024-11-01 00:00:00-04:00,149.29455821847466,164.02596570795768,148.79202104368463,163.27706909179688,868000,0.0,0.0
2024-11-04 00:00:00-05:00,163.3756190142141,166.99195322167066,160.36036578070738,163.5037078857422,555700,0.0,0.0
2024-11-05 00:00:00-05:00,162.25228352510544,167.3663958103635,161.88768357918673,166.37115478515625,423300,0.0,0.0
2024-11-06 00:00:00-05:00,168.6670800290157,176.10668382975456,168.6670800290157,174.6975860595703,428400,0.0,0.0
2024-11-07 00:00:00-05:00,173.643228808314,178.16610804340976,173.23922041415483,176.62892150878906,341900,0.0,0.0
2024-11-08 00:00:00-05:00,177.23983138102943,181.55578928369127,176.53035843714895,180.39305114746094,329000,0.0,0.0
2024-11-11 00:00:00-05:00,181.85143724144444,185.0933228968468,179.2007691186402,184.97508239746094,400200,0.0,0.0
2024-11-12 00:00:00-05:00,183.37876850026257,186.73889452655206,183.37876850026257,186.28562927246094,401800,0.0,0.0
2024-11-13 00:00:00-05:00,186.60095921525792,188.76880205574204,180.97446130058484,181.7233428955078,503800,0.0,0.0
2024-11-14 00:00:00-05:00,181.80216157191992,182.72841889295265,177.7029872742582,178.41246032714844,371300,0.0,0.0
2024-11-15 00:00:00-05:00,179.69343717860394,180.63940617154077,177.3679457331208,179.40768432617188,295200,0.0,0.0
2024-11-18 00:00:00-05:00,179.43726134520765,182.00909740195428,179.43726134520765,180.60984802246094,205600,0.0,0.0
2024-11-19 00:00:00-05:00,179.52594575013,181.13211603523308,179.52594575013,180.22555541992188,252300,0.0,0.0
2024-11-20 00:00:00-05:00,180.3043635371391,181.80214148729212,178.31391189233503,179.62445068359375,225300,0.0,0.0
2024-11-21 00:00:00-05:00,180.5802967880535,183.73351719290045,179.61463093279545,180.7379608154297,317000,0.0,0.0
2024-11-22 00:00:00-05:00,181.83172400426218,187.8129731441447,181.7134835058357,187.33998107910156,304600,0.0,0.0
2024-11-25 00:00:00-05:00,187.87209759728418,192.05008901564025,187.5173610583984,190.99574279785156,460100,0.0,0.0
2024-11-26 00:00:00-05:00,190.3946517008196,193.57741698212962,189.5176662814245,193.11428833007812,300400,0.0,0.0
2024-11-27 00:00:00-05:00,193.14385196536637,194.7500222149032,191.26179223491928,193.55770874023438,277600,0.0,0.0
2024-11-29 00:00:00-05:00,193.74492698228426,196.86857197785162,193.0256055885209,193.09458923339844,168300,0.0,0.0
2024-12-02 00:00:00-05:00,192.14864382539545,195.5777538744457,191.37020208918216,193.69569396972656,292800,0.0,0.0
2024-12-03 00:00:00-05:00,193.65626431837694,198.0609035249953,193.350799658946,197.15435791015625,477200,0.0,0.0
2024-12-04 00:00:00-05:00,198.80976551894906,200.91847283680283,196.06056881931934,197.65687561035156,493800,0.0,0.0
2024-12-05 00:00:00-05:00,197.08535380636093,197.08535380636093,189.65561386681864,190.2862548828125,451500,0.0,0.0
2024-12-06 00:00:00-05:00,190.36511491243326,194.3164739654131,190.0694986036169,193.95188903808594,263800,0.0,0.0
2024-12-09 00:00:00-05:00,194.1390898304261,194.1390898304261,186.62065428465053,190.20742797851562,261100,0.0,0.0
2024-12-10 00:00:00-05:00,190.20743785159468,192.75956223946483,189.20234848471188,190.87750244140625,404900,0.0,0.0
2024-12-11 00:00:00-05:00,192.37524974115286,193.62668340623355,189.99063793808904,191.4687042236328,366100,0.0,0.0
2024-12-12 00:00:00-05:00,192.12891091629055,195.56788398627907,191.9318384129859,192.9960479736328,438700,0.0,0.0
2024-12-13 00:00:00-05:00,193.48872988800923,195.0850366545354,190.88733384390437,191.51797485351562,208800,0.0,0.0
2024-12-16 00:00:00-05:00,190.22716009722603,195.05550461256934,189.53739874298697,193.9321746826172,374000,0.0,0.0
2024-12-17 00:00:00-05:00,193.31136482796435,194.83870307146202,189.47824667490346,192.96649169921875,275400,0.0,0.0
2024-12-18 00:00:00-05:00,193.13400374798744,193.9715806968762,184.92580678441774,186.8472900390625,261700,0.0,0.0
2024-12-19 00:00:00-05:00,188.55200581837485,189.65562389580649,185.86191420113235,186.20680236816406,383400,0.0,0.0
2024-12-20 00:00:00-05:00,183.95027639676115,186.9359842479501,183.95027639676115,186.66006469726562,1436300,0.0,0.0
2024-12-23 00:00:00-05:00,186.10826417670188,188.88703625084898,185.06376631700203,187.2611541748047,268500,0.0,0.0
2024-12-24 00:00:00-05:00,188.40418827067572,189.93152651044858,187.0148022891984,189.2811737060547,140500,0.0,0.0
2024-12-26 00:00:00-05:00,187.645453279897,192.31614861951348,187.13306774230392,191.6756591796875,207100,0.0,0.0
2024-12-27 00:00:00-05:00,190.8972007504774,192.20775478000633,188.58157238140197,192.07965087890625,163300,0.0,0.0
2024-12-30 00:00:00-05:00,190.8676377120303,193.863194029714,188.06916894246783,192.88766479492188,337800,0.0,0.0
2024-12-31 00:00:00-05:00,193.86318883637037,195.0949108007874,190.69027185317853,190.88734436035156,187600,0.0,0.0
2025-01-02 00:00:00-05:00,191.65596154610876,194.75004690486077,190.3256956445026,193.21286010742188,249700,0.0,0.0
2025-01-03 00:00:00-05:00,194.75987426356207,200.76083520188703,192.54277469045246,200.35682678222656,398900,0.0,0.0
2025-01-06 00:00:00-05:00,201.14513283376323,204.0519937254485,197.50908711055038,198.81964111328125,639100,0.0,0.0
2025-01-07 00:00:00-05:00,197.69629341959586,199.16449627758507,182.43279047128857,184.3148651123047,475600,0.0,0.0
2025-01-08 00:00:00-05:00,183.85064528585815,189.6882596042292,183.15920547177925,188.44369506835938,457100,0.45,0.0
2025-01-10 00:00:00-05:00,186.24100661309453,188.34491223618105,182.91226561834546,183.0011749267578,325900,0.0,0.0
2025-01-13 00:00:00-05:00,178.93158897668496,180.7490673637809,175.2966623463458,177.6277618408203,360800,0.0,0.0
2025-01-14 00:00:00-05:00,177.8154391691277,178.78343365052146,174.77315572710643,175.3657989501953,297600,0.0,0.0
2025-01-15 00:00:00-05:00,177.70680408571087,178.95136854804,172.02721927834287,173.50885009765625,434600,0.0,0.0
2025-01-16 00:00:00-05:00,173.50884690359075,173.84467959919013,169.3405244029014,169.57757568359375,691800,0.0,0.0
2025-01-17 00:00:00-05:00,172.0667356343515,173.1137524132427,167.50331719355043,169.5874786376953,444800,0.0,0.0
2025-01-21 00:00:00-05:00,171.0690956699633,171.95806812685876,169.02443791840454,169.62696838378906,326600,0.0,0.0
2025-01-22 00:00:00-05:00,170.95056534029337,171.26663873357137,167.78974097594792,170.2788848876953,263400,0.0,0.0
2025-01-23 00:00:00-05:00,169.77513516552514,175.4152011623863,169.77513516552514,172.5704803466797,382500,0.0,0.0
2025-01-24 00:00:00-05:00,172.79768259238838,175.9683644080849,172.4223312593176,174.70404052734375,248900,0.0,0.0
2025-01-27 00:00:00-05:00,172.64949240970415,176.6103950768252,172.64949240970415,175.3954620361328,297100,0.0,0.0
2025-01-28 00:00:00-05:00,176.22517916993522,180.3539832902112,175.61276149519193,179.06002807617188,177600,0.0,0.0
2025-01-29 00:00:00-05:00,178.82294764238418,180.66017037821365,176.24490953036423,177.93397521972656,251500,0.0,0.0
2025-01-30 00:00:00-05:00,179.62305359785776,183.25798073261578,178.92174169387462,182.49740600585938,239600,0.0,0.0
2025-01-31 00:00:00-05:00,182.7443359040023,183.4851512977509,179.50450445442948,180.73919677734375,206400,0.0,0.0
2025-02-03 00:00:00-05:00,176.6103999348923,181.40099729589892,174.8324399045284,179.76133728027344,420000,0.0,0.0
2025-02-04 00:00:00-05:00,180.442883162888,185.29275864270463,180.442883162888,182.2899932861328,276500,0.0,0.0
2025-02-05 00:00:00-05:00,182.7344757498127,185.0655756109037,180.03791176023933,180.2650909423828,496400,0.0,0.0
2025-02-06 00:00:00-05:00,197.5507693912673,210.7570335020567,189.6487386156166,209.19638061523438,1008400,0.0,0.0
2025-02-07 00:00:00-05:00,206.5689673388335,210.7669211985964,195.69378781139045,201.8870086669922,625900,0.0,0.0
2025-02-10 00:00:00-05:00,202.39075502331238,208.8605456652779,201.40300118704064,204.51443481445312,547200,0.0,0.0
2025-02-11 00:00:00-05:00,203.90200892544593,206.84552609005942,201.66969077181366,205.0774383544922,479400,0.0,0.0
2025-02-12 00:00:00-05:00,204.46507299189244,209.40384287092365,203.53658184312584,207.56661987304688,398200,0.0,0.0
2025-02-13 00:00:00-05:00,210.1643775436566,213.20666101716742,207.724624483275,212.33743286132812,395000,0.0,0.0
2025-02-14 00:00:00-05:00,212.59426253944625,213.35483724420664,208.99883903320801,211.665771484375,411300,0.0,0.0
2025-02-18 00:00:00-05:00,211.88307381173817,214.65867480210824,209.94708469803064,214.6290283203125,376600,0.0,0.0
2025-02-19 00:00:00-05:00,214.3426012499454,215.52790294293263,211.408970893443,214.61917114257812,280700,0.0,0.0
2025-02-20 00:00:00-05:00,213.82895409819253,215.824221140778,209.8088036745289,214.34259033203125,249600,0.0,0.0
2025-02-21 00:00:00-05:00,216.08102614334337,216.08102614334337,207.86292197372407,208.8111572265625,316000,0.0,0.0
2025-02-24 00:00:00-05:00,208.47533409830748,211.21141660013126,205.2058711262877,207.1221160888672,372600,0.0,0.0
2025-02-25 00:00:00-05:00,206.67761610678394,207.9024212057529,202.943907847934,206.77638244628906,292100,0.0,0.0
2025-02-26 00:00:00-05:00,206.4800630437739,210.72740771336575,205.12684506036467,207.02333068847656,291400,0.0,0.0
2025-02-27 00:00:00-05:00,207.90242836706778,211.5768739343975,204.28726069179572,207.33941650390625,255300,0.0,0.0
2025-02-28 00:00:00-05:00,205.99609383532146,211.39910926687548,205.22564694306416,211.0237579345703,473100,0.0,0.0
2025-03-03 00:00:00-05:00,214.0067542540221,214.1154077811586,203.65508298188317,205.7787628173828,464100,0.0,0.0
2025-03-04 00:00:00-05:00,202.96366853196204,205.2947683546901,197.679194174186,202.56857299804688,367200,0.0,0.0
2025-03-05 00:00:00-05:00,203.78348553754586,203.78348553754586,198.5977780501117,201.66969299316406,284200,0.0,0.0
2025-03-06 00:00:00-05:00,229.12926427369567,229.12926427369567,198.53852600188054,206.95419311523438,544900,0.0,0.0
2025-03-07 00:00:00-05:00,206.5195606050807,214.06599882564385,205.383634723318,212.6436309814453,449500,0.0,0.0
2025-03-10 00:00:00-04:00,207.42830474297304,210.1940184872648,204.46504324664485,207.96168518066406,387400,0.0,0.0
2025-03-11 00:00:00-04:00,207.76414136011294,213.24617824644122,206.30226988106796,209.98658752441406,303600,0.0,0.0
2025-03-12 00:00:00-04:00,213.7993291442813,215.58716129598452,207.4283194886582,209.87794494628906,341600,0.0,0.0
2025-03-13 00:00:00-04:00,209.8680746844864,209.8680746844864,202.8155123625358,205.67999267578125,205900,0.0,0.0
2025-03-14 00:00:00-04:00,207.5468422285131,216.29834228349645,206.4405626964106,214.43148803710938,396200,0.0,0.0
2025-03-17 00:00:00-04:00,215.47851251048655,223.86454875186706,215.47851251048655,216.94039916992188,467600,0.0,0.0
2025-03-18 00:00:00-04:00,215.99212614214719,219.91351001568654,213.35482524977428,216.3674774169922,337500,0.0,0.0
2025-03-19 00:00:00-04:00,214.32282907678248,218.91589358510043,212.3670806472407,218.14544677734375,282400,0.0,0.0
2025-03-20 00:00:00-04:00,215.4093736518972,221.23711566914224,215.4093736518972,216.45639038085938,343600,0.0,0.0
2025-03-21 00:00:00-04:00,214.2141760085467,216.54527573422774,212.10038333905075,214.6883087158203,1269900,0.0,0.0
2025-03-24 00:00:00-04:00,217.30584878457827,219.38013791538398,216.8712346755007,218.88626098632812,203000,0.0,0.0
2025-03-25 00:00:00-04:00,221.13833186161517,223.58795713520306,217.91824473592368,222.95579528808594,258700,0.0,0.0
2025-03-26 00:00:00-04:00,222.9558107722333,224.2892845615697,218.91590095193231,219.8740234375,362600,0.0,0.0
2025-03-27 00:00:00-04:00,218.21458379977284,219.50853896180686,211.19165316034062,212.41647338867188,274800,0.0,0.0
2025-03-28 00:00:00-04:00,210.9545887761698,210.9545887761698,205.48242421967248,207.46780395507812,225700,0.0,0.0
2025-03-31 00:00:00-04:00,204.65272323773698,205.34414792052968,201.0968033377635,204.21810913085938,671800,0.0,0.0
2025-04-01 00:00:00-04:00,203.1513535066513,206.38131314994982,200.75111863772938,202.42041015625,321100,0.0,0.0
2025-04-02 00:00:00-04:00,199.45714163804777,207.62587076868246,198.0446607683405,205.71951293945312,321800,0.0,0.0
2025-04-03 00:00:00-04:00,197.41249730798955,200.4053904533635,193.96523073178585,195.64442443847656,390300,0.0,0.0
2025-04-04 00:00:00-04:00,187.67325357809077,192.88859331387494,184.97668947050371,188.9672088623047,635300,0.0,0.0
2025-04-07 00:00:00-04:00,178.81307418022809,199.57566385368125,178.38834726894325,193.3034210205078,586900,0.0,0.0
2025-04-08 00:00:00-04:00,200.22760400195293,201.69934769853487,187.0015795997076,188.74989318847656,517300,0.0,0.0
2025-04-09 00:00:00-04:00,186.1736364693566,207.88349367347854,186.025012757358,205.17843627929688,523000,0.6,0.0
2025-04-10 00:00:00-04:00,198.1730133459974,203.8605842720119,194.46717255344288,200.69972229003906,363100,0.0,0.0
2025-04-11 00:00:00-04:00,198.93598095389797,202.14637404968002,195.27968648867878,200.0853729248047,247200,0.0,0.0
2025-04-14 00:00:00-04:00,203.12733942328643,209.51841610321208,197.57848898152403,199.91693115234375,359800,0.0,0.0
2025-04-15 00:00:00-04:00,200.58081561726183,202.55264261594667,199.65931832844333,201.0762481689453,202900,0.0,0.0
2025-04-16 00:00:00-04:00,198.1928259018116,202.79043899837188,193.83301073407665,195.1805877685547,283200,0.0,0.0
2025-04-17 00:00:00-04:00,195.1508512772209,198.17299243574593,187.39237680903352,187.541015625,328600,0.0,0.0
2025-04-21 00:00:00-04:00,186.45107094089823,189.19577130831547,179.39611676323133,181.69491577148438,343200,0.0,0.0
2025-04-22 00:00:00-04:00,184.12256522565409,186.62945278835412,182.6758954871535,185.28187561035156,235600,0.0,0.0
2025-04-23 00:00:00-04:00,189.13632376714537,193.87265745114067,188.2742609007257,189.790283203125,252400,0.0,0.0
2025-04-24 00:00:00-04:00,189.89929187758224,193.06015399082605,189.314685092589,189.90921020507812,466200,0.0,0.0
2025-04-25 00:00:00-04:00,190.01820908553057,192.75299138511141,188.66071358429568,191.98011779785156,166400,0.0,0.0
2025-04-28 00:00:00-04:00,192.89171061145223,195.10133559006826,191.8017680538317,192.78271484375,190500,0.0,0.0
2025-04-29 00:00:00-04:00,193.86273964476868,200.66999277240978,192.04946992087463,198.6981658935547,258500,0.0,0.0
2025-04-30 00:00:00-04:00,196.8749684147787,199.42148359164025,193.624932438434,199.1638641357422,468000,0.0,0.0
2025-05-01 00:00:00-04:00,203.38495083679084,205.70358650026577,194.20954609196096,200.30335998535156,612100,0.0,0.0
2025-05-02 00:00:00-04:00,203.32550532878253,212.12439181500073,200.96725678990032,209.0428009033203,610600,0.0,0.0
2025-05-05 00:00:00-04:00,206.96198571933633,213.47197659307577,205.7729506397596,210.9056396484375,512600,0.0,0.0
2025-05-06 00:00:00-04:00,206.11975980376602,212.83782388969925,205.91167148278518,212.3721160888672,316400,0.0,0.0
2025-05-07 00:00:00-04:00,213.33323170267826,215.45368214004176,208.57707680857897,210.58853149414062,320400,0.0,0.0
2025-05-08 00:00:00-04:00,212.6792841462394,212.69910568164266,208.67619580066713,210.03367614746094,210900,0.0,0.0
2025-05-09 00:00:00-04:00,210.73716684470241,211.54968342477017,206.77370673369967,210.0237579345703,184800,0.0,0.0
2025-05-12 00:00:00-04:00,215.4735395042114,219.06046646460044,213.53143718171546,215.55279541015625,306800,0.0,0.0
2025-05-13 00:00:00-04:00,215.72123337276238,222.74646284064016,215.2753320115945,220.36837768554688,369300,0.0,0.0
2025-05-14 00:00:00-04:00,220.71518067126138,221.0421679384357,213.82867188519631,214.6907196044922,285900,0.0,0.0
2025-05-15 00:00:00-04:00,214.56191122973027,219.49643006367006,213.03598570558475,214.25474548339844,333500,0.0,0.0
2025-05-16 00:00:00-04:00,214.55200390582976,217.79213678992141,213.80885513274274,216.69227600097656,228800,0.0,0.0
2025-05-19 00:00:00-04:00,215.4140633756579,216.9003610027744,213.75932049846298,215.3744354248047,178800,0.0,0.0
2025-05-20 00:00:00-04:00,215.34471195426002,215.93922193697873,212.76845667094145,213.8286895751953,217400,0.0,0.0
2025-05-21 00:00:00-04:00,211.4308093658461,215.3744484074158,210.14268165415083,212.520751953125,197600,0.0,0.0
2025-05-22 00:00:00-04:00,212.7089977150053,215.18616033122242,210.51919442913376,210.5687255859375,200600,0.0,0.0
2025-05-23 00:00:00-04:00,208.64646513558455,211.89650135700902,203.90021298140965,210.32101440429688,168200,0.0,0.0
2025-05-27 00:00:00-04:00,211.12362894802763,213.03599128691855,208.97343842857035,209.52833557128906,239700,0.0,0.0
2025-05-28 00:00:00-04:00,211.18305623400073,212.66935369139148,210.4894386583654,211.35150146484375,170000,0.0,0.0
2025-05-29 00:00:00-04:00,212.27301112737172,213.72958393091332,208.9536223487637,212.23338317871094,173300,0.0,0.0
2025-05-30 00:00:00-04:00,211.5199578028401,215.9194009268404,209.30041470693536,215.27532958984375,327700,0.0,0.0
2025-06-02 00:00:00-04:00,215.22580125626894,215.85003594814572,211.0641560069541,214.39346313476562,215600,0.0,0.0
2025-06-03 00:00:00-04:00,215.04744126784414,220.95300363694173,214.74027552048284,219.42706298828125,235300,0.0,0.0
2025-06-04 00:00:00-04:00,217.9803972793576,223.74722373013694,214.95825599873436,221.46823120117188,298600,0.0,0.0
2025-06-05 00:00:00-04:00,221.11153443316596,225.0452699725826,220.388207165137,224.4408416748047,223100,0.0,0.0
2025-06-06 00:00:00-04:00,226.0757771205863,227.1459132063524,224.33184492775223,225.23353576660156,240000,0.0,0.0
2025-06-09 00:00:00-04:00,226.71982017974025,228.10704026330455,222.95453012349446,225.87759399414062,245000,0.0,0.0
2025-06-10 00:00:00-04:00,225.84786035031766,227.4728935236379,215.5329668184875,219.61532592773438,247600,0.0,0.0
2025-06-11 00:00:00-04:00,219.4270683254301,225.0155467561479,218.64429156696661,219.91259765625,315200,0.0,0.0
2025-06-12 00:00:00-04:00,219.59550030791902,221.9339423536519,218.74335578821805,219.81349182128906,222300,0.0,0.0
2025-06-13 00:00:00-04:00,217.30662639190075,218.95146611479032,215.0970014144056,216.51393127441406,178300,0.0,0.0
2025-06-16 00:00:00-04:00,218.53528767366436,221.9438658315817,217.89121632579472,220.30892944335938,262400,0.0,0.0
2025-06-17 00:00:00-04:00,218.60464922873692,221.8051543248238,218.60464922873692,219.87295532226562,156800,0.0,0.0
2025-06-18 00:00:00-04:00,219.97206501302938,224.44086143134524,219.9126155226708,222.74649047851562,194900,0.0,0.0
2025-06-20 00:00:00-04:00,224.0643202787928,225.44162210386867,221.9537728682215,225.33262634277344,378000,0.0,0.0
2025-06-23 00:00:00-04:00,225.1740881319611,232.0407758394648,222.37984136515624,230.34640502929688,230300,0.0,0.0
2025-06-24 00:00:00-04:00,232.47677450663076,235.33047095047044,230.01943319077006,232.55604553222656,271100,0.0,0.0
2025-06-25 00:00:00-04:00,233.40816865250903,234.6269284300213,227.67106666816034,228.39439392089844,225300,0.0,0.0
2025-06-26 00:00:00-04:00,228.61240564943202,230.42569066471808,223.82652522273978,225.1939239501953,204700,0.0,0.0
2025-06-27 00:00:00-04:00,225.8974161331698,229.18709544775547,221.51779430498377,228.82046508789062,451400,0.0,0.0
2025-06-30 00:00:00-04:00,230.2076842837056,235.15210644223336,221.86460218122505,222.18167114257812,248300,0.0,0.0
2025-07-01 00:00:00-04:00,221.16108408691747,222.8950979867557,215.7608723941586,219.82342529296875,251600,0.0,0.0
2025-07-02 00:00:00-04:00,218.3073928112332,220.97280706781777,217.08861792639345,219.57569885253906,225300,0.0,0.0
2025-07-03 00:00:00-04:00,220.10084270351885,225.96676156700406,220.10084270351885,222.46900939941406,120700,0.0,0.0
2025-07-07 00:00:00-04:00,222.52845851440748,226.16493116837273,221.3592299785905,223.97511291503906,272300,0.0,0.0
2025-07-08 00:00:00-04:00,223.97513064641058,226.03613177759328,221.25025174191535,223.1130828857422,266300,0.0,0.0
2025-07-09 00:00:00-04:00,223.25218306843354,225.60680265797134,220.67897437342612,225.1497802734375,204100,0.6,0.0
2025-07-10 00:00:00-04:00,225.14978333258998,229.5013726521951,220.90749614710302,227.80245971679688,236500,0.0,0.0
2025-07-11 00:00:00-04:00,227.85212012128406,230.59422392652948,223.55020979997545,223.80853271484375,252500,0.0,0.0
2025-07-14 00:00:00-04:00,224.3351083471444,227.53421956486565,224.3351083471444,225.26901245117188,138700,0.0,0.0
2025-07-15 00:00:00-04:00,225.3087412071299,228.06077480412242,223.55022001167154,224.82191467285156,190000,0.0,0.0
2025-07-16 00:00:00-04:00,226.32213111565062,228.81584181918655,224.3947146054372,227.39512634277344,233600,0.0,0.0
2025-07-17 00:00:00-04:00,227.7428443507151,234.34971093976475,227.7428443507151,228.02102661132812,336400,0.0,0.0
2025-07-18 00:00:00-04:00,230.60417301051916,230.9916422556529,222.34808706127168,223.73899841308594,287200,0.0,0.0
2025-07-21 00:00:00-04:00,224.91133140154128,228.25946318118184,224.63314915538808,224.99081420898438,162000,0.0,0.0
2025-07-22 00:00:00-04:00,225.81542751788132,227.86207580329003,222.89451378586313,224.9808807373047,178600,0.0,0.0
2025-07-23 00:00:00-04:00,224.79210238189296,227.43484891272536,223.03359640984348,226.0637969970703,165600,0.0,0.0
2025-07-24 00:00:00-04:00,225.5173887229307,226.79901306901914,223.0435373500295,223.13294982910156,173300,0.0,0.0
2025-07-25 00:00:00-04:00,223.4906105892333,224.623214114996,220.28156979287172,222.92431640625,118200,0.0,0.0
2025-07-28 00:00:00-04:00,224.13640055311237,226.99770591878124,211.6777467316475,220.66903686523438,490200,0.0,0.0
2025-07-29 00:00:00-04:00,223.66946204290852,225.47764681334334,219.8742372186887,219.9139862060547,219500,0.0,0.0
2025-07-30 00:00:00-04:00,233.35620480886487,249.3716203567363,228.02103274197339,243.58937072753906,928700,0.0,0.0
2025-07-31 00:00:00-04:00,250.45455588026047,276.1468042187504,247.96084502856573,256.5249328613281,627800,0.0,0.0
2025-08-01 00:00:00-04:00,251.1102487182587,257.14087601363445,246.06320411574495,251.15992736816406,426800,0.0,0.0
2025-08-04 00:00:00-04:00,256.7533963905527,269.10274796376746,254.78626128802497,268.6954345703125,388700,0.0,0.0
2025-08-05 00:00:00-04:00,269.20208380286846,271.38782298651745,266.2712407152359,267.8509216308594,322800,0.0,0.0
2025-08-06 00:00:00-04:00,267.8509271583907,269.83795179559,263.8867923898569,268.4967041015625,181600,0.0,0.0
2025-08-07 00:00:00-04:00,268.54637534625766,270.35457509503806,259.5054372415371,264.2544250488281,186300,0.0,0.0
2025-08-08 00:00:00-04:00,265.81420761906264,268.2483249174457,261.85010318644015,262.4958801269531,178600,0.0,0.0
2025-08-11 00:00:00-04:00,263.02245370150365,268.75503944977464,263.02245370150365,264.582275390625,325300,0.0,0.0
2025-08-12 00:00:00-04:00,266.0327952299531,274.7856367455947,264.8505130892849,271.8448486328125,226000,0.0,0.0
2025-08-13 00:00:00-04:00,273.88157750501745,275.0837190232906,271.0003672803344,274.3186950683594,174600,0.0,0.0
2025-08-14 00:00:00-04:00,273.1861054151249,273.9312397139639,267.3044986756686,267.9999694824219,154900,0.0,0.0
2025-08-15 00:00:00-04:00,267.99997825364136,268.4470709754143,265.13865760131836,266.99652099609375,157000,0.0,0.0
2025-08-18 00:00:00-04:00,266.807757941482,269.13260376985636,266.16198090897535,268.11920166015625,143000,0.0,0.0
2025-08-19 00:00:00-04:00,267.1852958974517,268.34771880455406,257.2005079029516,258.6410827636719,206700,0.0,0.0
2025-08-20 00:00:00-04:00,259.33656417667044,260.9361350525293,254.20010642007523,258.27349853515625,299100,0.0,0.0
2025-08-21 00:00:00-04:00,256.80309309827214,257.2501554813485,254.27956314195964,256.8627014160156,198100,0.0,0.0
2025-08-22 00:00:00-04:00,256.6739401061999,266.50970701312934,255.3326922735293,264.54254150390625,244900,0.0,0.0
2025-08-25 00:00:00-04:00,264.274293671834,267.19522250114267,263.34038960697524,263.4894104003906,513400,0.0,0.0
2025-08-26 00:00:00-04:00,263.4099584160157,267.61249663822286,262.58532611075486,265.1088562011719,207300,0.0,0.0
2025-08-27 00:00:00-04:00,264.7313388964779,268.89415880139404,263.62855454724036,267.9304504394531,198700,0.0,0.0
2025-08-28 00:00:00-04:00,268.18871891548014,273.11653154842946,267.6820179284449,271.7355651855469,350200,0.0,0.0
2025-08-29 00:00:00-04:00,271.3481218506739,273.21593015157254,266.5792741067752,269.947265625,400200,0.0,0.0
2025-09-02 00:00:00-04:00,266.68850846521786,276.2560370901283,263.41987471736616,275.6897277832031,298700,0.0,0.0
2025-09-03 00:00:00-04:00,274.3186948274426,283.8266157935247,274.3186948274426,282.9225158691406,353900,0.0,0.0
2025-09-04 00:00:00-04:00,283.776926400564,288.6848796452124,283.6477649489275,286.0123291015625,290800,0.0,0.0
2025-09-05 00:00:00-04:00,287.90002682776077,292.4701900073757,285.0585958701019,285.932861328125,364400,0.0,0.0
2025-09-08 00:00:00-04:00,287.49266570809795,298.1928131906088,286.40974087801897,297.96429443359375,237600,0.0,0.0
2025-09-09 00:00:00-04:00,297.7258875309371,304.0148079628814,294.66585222344935,303.7167663574219,203900,0.0,0.0
2025-09-10 00:00:00-04:00,302.24636464915415,305.5746374855135,294.96393158918204,296.3150939941406,306100,0.0,0.0
2025-09-11 00:00:00-04:00,300.57724168072235,323.7062085008996,300.57724168072235,322.7623596191406,348300,0.0,0.0
2025-09-12 00:00:00-04:00,322.90146058548015,325.3653518242771,318.8678028449423,320.77532958984375,332400,0.0,0.0
2025-09-15 00:00:00-04:00,320.060001317349,329.7467468457282,314.6354323109422,327.1735534667969,600300,0.0,0.0
2025-09-16 00:00:00-04:00,324.53081852377494,326.9152422134474,317.4172661205444,321.4410095214844,208800,0.0,0.0
2025-09-17 00:00:00-04:00,322.6828905466111,328.4949439643093,321.37144694392805,325.0474548339844,346600,0.0,0.0
2025-09-18 00:00:00-04:00,327.014605892484,337.8935789831727,327.014605892484,337.00933837890625,230400,0.0,0.0
2025-09-19 00:00:00-04:00,334.35663507978336,339.2546434003072,332.3398063407683,332.6378479003906,768500,0.0,0.0
2025-09-22 00:00:00-04:00,357.96249953347376,357.96249953347376,328.57441657950193,344.2420959472656,355300,0.0,0.0
2025-09-23 00:00:00-04:00,343.07971824449567,348.37512613478617,337.2974686481114,346.96435546875,1421000,0.0,0.0
2025-09-24 00:00:00-04:00,347.72931749447014,351.3357721241901,343.20884849487817,343.804931640625,261800,0.0,0.0
2025-09-25 00:00:00-04:00,340.55617277216516,345.9012742334843,331.50528953397435,336.7410888671875,980300,0.0,0.0
2025-09-26 00:00:00-04:00,336.10522337270925,343.65592346501694,333.90956951972896,342.8114318847656,251000,0.0,0.0
2025-09-29 00:00:00-04:00,346.30865119564834,349.7163917131964,344.3116814156976,346.3782043457031,259500,0.0,0.0
2025-09-30 00:00:00-04:00,346.3781763191046,348.72285102042457,339.9203457446523,342.99029541015625,276900,0.0,0.0
2025-10-01 00:00:00-04:00,342.7518551451323,347.2822695539778,339.2149531999739,346.12982177734375,356000,0.0,0.0
2025-10-02 00:00:00-04:00,347.17296831846784,354.9322975768049,343.5168500386054,353.7897644042969,300600,0.0,0.0
2025-10-03 00:00:00-04:00,355.0415704167205,359.2143345505862,335.3104290559017,336.9000549316406,1657200,0.0,0.0
2025-10-06 00:00:00-04:00,335.88664056244005,341.73844283321523,329.4188958079298,335.131591796875,416900,0.0,0.0
2025-10-07 00:00:00-04:00,334.9726467953121,340.21839109168945,329.0115723530836,338.6585693359375,250100,0.0,0.0
2025-10-08 00:00:00-04:00,340.4306532675295,349.30103744623364,338.6087673451829,348.8729553222656,224000,0.7,0.0
2025-10-09 00:00:00-04:00,350.43601130215745,352.03884324777243,344.22374627858136,346.7723693847656,287400,0.0,0.0
2025-10-10 00:00:00-04:00,347.0212305527684,349.49019189748896,338.369839792351,338.3897399902344,272200,0.0,0.0
2025-10-13 00:00:00-04:00,341.8443502766741,355.58305301791125,341.8443502766741,355.1350402832031,187100,0.0,0.0
2025-10-14 00:00:00-04:00,349.5399921694582,359.2566057001642,346.7126145549591,356.6681823730469,214400,0.0,0.0
2025-10-15 00:00:00-04:00,360.54088782529294,366.6635560482072,356.89714630376767,363.0696105957031,268400,0.0,0.0
2025-10-16 00:00:00-04:00,360.57077288773115,367.71886378393987,360.57077288773115,365.7476806640625,172600,0.0,0.0
2025-10-17 00:00:00-04:00,363.34838002356065,367.93788245888453,358.34073034861433,365.22003173828125,240400,0.0,0.0
2025-10-20 00:00:00-04:00,368.5252941964204,377.1766553105551,368.35603616308333,369.3515930175781,211700,0.0,0.0
2025-10-21 00:00:00-04:00,368.4257429266567,371.47214455760803,363.37826223894893,370.51641845703125,206200,0.0,0.0
2025-10-22 00:00:00-04:00,368.91353768478103,371.0042131109246,352.2578609276166,362.2930908203125,371200,0.0,0.0
2025-10-23 00:00:00-04:00,362.3826815271215,372.83602810963464,360.88934630104825,372.61700439453125,185400,0.0,0.0
2025-10-24 00:00:00-04:00,376.5494622667235,382.63229977765695,375.26518547799617,376.9377136230469,159400,0.0,0.0
2025-10-27 00:00:00-04:00,390.19854779057783,391.5325903017598,378.0029765790142,385.1112365722656,263600,0.0,0.0
2025-10-28 00:00:00-04:00,385.11122815117005,391.4628854717469,368.93342995897274,370.82501220703125,520500,0.0,0.0
2025-10-29 00:00:00-04:00,370.8449041932796,383.32919484408353,370.8250039949976,381.1688232421875,581300,0.0,0.0
2025-10-30 00:00:00-04:00,368.1867694022339,410.76675450412966,353.63173339565014,394.6088562011719,427200,0.0,0.0
2025-10-31 00:00:00-04:00,393.8721578048083,394.60886014479917,351.3817991292,360.35174560546875,819300,0.0,0.0
2025-11-03 00:00:00-05:00,384.9917662147722,398.2227247515993,368.35602039522934,394.7781066894531,669100,0.0,0.0
2025-11-04 00:00:00-05:00,379.8845600805298,392.189658241509,378.2020969969731,379.8248291015625,354900,0.0,0.0
2025-11-05 00:00:00-05:00,373.6424314035966,385.41988571536257,366.55407163574273,384.1057434082031,367700,0.0,0.0
2025-11-06 00:00:00-05:00,382.67213139946904,383.9265427020103,373.7121201115634,379.0781555175781,316400,0.0,0.0
2025-11-07 00:00:00-05:00,373.52296627967723,378.18216491250325,365.2797570131455,368.42572021484375,300500,0.0,0.0
2025-11-10 00:00:00-05:00,368.42571517072923,374.32935974957195,362.1736196327444,363.37823486328125,271400,0.0,0.0
2025-11-11 00:00:00-05:00,359.0276651328037,371.6314182699196,355.5232856402065,369.9787902832031,238800,0.0,0.0
2025-11-12 00:00:00-05:00,369.6104361301497,374.73754769637753,349.9183233704558,353.0543212890625,313900,0.0,0.0
2025-11-13 00:00:00-05:00,349.11192639879954,350.79438948744655,339.95279142431434,344.34320068359375,237500,0.0,0.0
2025-11-14 00:00:00-05:00,337.5933182828496,356.3695050212724,337.38425986098326,346.8918151855469,230800,0.0,0.0
2025-11-17 00:00:00-05:00,346.40400385242924,350.7147514674275,333.5115310227852,337.61322021484375,241500,0.0,0.0
2025-11-18 00:00:00-05:00,334.22833346425784,339.88308885331054,330.6542881622409,334.4473571777344,202100,0.0,0.0
2025-11-19 00:00:00-05:00,336.55793686283124,341.0379425624711,333.3323424813251,334.7559814453125,238200,0.0,0.0
2025-11-20 00:00:00-05:00,343.22818371261064,343.9250552670186,324.8601479778401,325.9154357910156,441600,0.0,0.0
2025-11-21 00:00:00-05:00,324.1632719966624,330.8136152686445,321.3159938076227,326.17431640625,367400,0.0,0.0
2025-11-24 00:00:00-05:00,329.07136430001503,346.0555614514422,329.07136430001503,344.1042785644531,318900,0.0,0.0
2025-11-25 00:00:00-05:00,345.0799027898613,359.92365873815186,342.2923558248232,355.98126220703125,352400,0.0,0.0
2025-11-26 00:00:00-05:00,355.15495658623774,363.98554137348066,353.5421592793346,358.2909851074219,348000,0.0,0.0
2025-11-28 00:00:00-05:00,362.3627915098576,362.3627915098576,352.42712325569966,356.16046142578125,133700,0.0,0.0
2025-12-01 00:00:00-05:00,348.82319218893724,354.5576090092029,343.97483549321186,350.0975036621094,211300,0.0,0.0
2025-12-02 00:00:00-05:00,351.24239787633394,354.34853028161365,328.2848601264075,336.2393493652344,456200,0.0,0.0
2025-12-03 00:00:00-05:00,334.1885028757468,341.1673658399785,331.33125969056846,340.3211364746094,360000,0.0,0.0
2025-12-04 00:00:00-05:00,338.7282416307601,353.2832774314721,338.35989046965597,349.23138427734375,278200,0.0,0.0
2025-12-05 00:00:00-05:00,349.2313889896242,354.26890412012,347.87741590185567,353.60186767578125,205200,0.0,0.0
2025-12-08 00:00:00-05:00,357.0664228102478,365.8173760126116,354.7567236308188,357.05645751953125,291900,0.0,0.0
2025-12-09 00:00:00-05:00,355.78215900993246,362.56189896391027,354.70697094257275,361.47674560546875,215600,0.0,0.0
2025-12-10 00:00:00-05:00,359.4955558167917,364.90142178762056,352.3474654980102,358.2809753417969,209200,0.0,0.0
2025-12-11 00:00:00-05:00,354.99563630575244,359.8141580343853,351.5808837163884,356.349609375,217800,0.0,0.0
2025-12-12 00:00:00-05:00,356.1505205133644,359.10732576173973,343.8753171379794,352.7059020996094,179000,0.0,0.0
2025-12-15 00:00:00-05:00,356.8075745352662,356.91710158910814,348.2059790155812,349.3309631347656,193400,0.0,0.0
2025-12-16 00:00:00-05:00,347.1606251716287,351.0831216422024,337.49377653935954,346.5135192871094,292200,0.0,0.0
2025-12-17 00:00:00-05:00,346.7026654991737,351.1129749574226,322.84913239705446,323.55596923828125,304100,0.0,0.0
2025-12-18 00:00:00-05:00,326.27383408588804,327.8965661146277,312.9731797211748,321.7539978027344,300700,0.0,0.0
2025-12-19 00:00:00-05:00,322.40110729623814,334.2581923134944,321.5150775515807,332.9141845703125,633800,0.0,0.0
2025-12-22 00:00:00-05:00,334.35777397580677,334.99491456084525,326.96079387581216,330.39544677734375,209400,0.0,0.0
2025-12-23 00:00:00-05:00,329.5293333438851,330.17643925139595,325.8756261589775,326.3236389160156,244600,0.0,0.0
2025-12-24 00:00:00-05:00,325.517226003353,328.59349303860233,322.7296789629283,326.8811340332031,113700,0.0,0.0
2025-12-26 00:00:00-05:00,327.18975860722855,330.6343768637153,323.8745676047055,329.220703125,136600,0.0,0.0
2025-12-29 00:00:00-05:00,328.762737049974,329.87775581858745,324.16323905646954,328.7926025390625,218100,0.0,0.0
2025-12-30 00:00:00-05:00,328.03597537416914,330.1365857014074,322.2716928234613,323.66546630859375,154500,0.0,0.0
2025-12-31 00:00:00-05:00,323.8944601983377,323.94425626976135,315.78067799069305,316.96539306640625,259400,0.0,0.0
2026-01-02 00:00:00-05:00,317.07486816817124,324.90989514164073,315.4222402725985,324.81036376953125,200900,0.0,0.0
2026-01-05 00:00:00-05:00,325.29817102620177,334.75596023736904,323.7650051102789,334.3477783203125,281200,0.0,0.0
2026-01-06 00:00:00-05:00,332.5955953242824,334.1287612707315,307.5175480154075,307.6270446777344,582200,0.0,0.0
2026-01-07 00:00:00-05:00,309.09052932736313,312.48538175363785,293.74899497579764,307.8560485839844,468100,0.0,0.0
2026-01-08 00:00:00-05:00,305.1083078215603,307.6668962075626,299.36395575741614,305.32733154296875,253200,0.0,0.0
2026-01-09 00:00:00-05:00,305.79525730290726,312.166815308439,303.1869031179853,307.7166748046875,216300,0.0,0.0
2026-01-12 00:00:00-05:00,306.96001561976254,313.0229832845742,306.96001561976254,310.6236877441406,145300,0.0,0.0
2026-01-13 00:00:00-05:00,309.4389566303187,315.7607480754183,306.34275933615044,312.66455078125,198800,0.0,0.0
2026-01-14 00:00:00-05:00,312.025984353916,324.7177561829644,306.8475000412477,311.9361877441406,313000,0.7,0.0
2026-01-15 00:00:00-05:00,317.0548080023376,320.6767568498863,304.21337514273824,309.7410583496094,260400,0.0,0.0
2026-01-16 00:00:00-05:00,310.02045280480377,312.77433745871406,306.00938509355166,308.0747985839844,216500,0.0,0.0
2026-01-20 00:00:00-05:00,303.0958508533977,332.7100069862965,301.1900859456138,325.15679931640625,405400,0.0,0.0
2026-01-21 00:00:00-05:00,325.98494509600937,334.9350397730009,323.4206716727218,332.2510070800781,273900,0.0,0.0
2026-01-22 00:00:00-05:00,335.72327315040053,336.37182451505066,324.9671984286931,329.3873596191406,245500,0.0,0.0
2026-01-23 00:00:00-05:00,329.3873623127994,330.3452232661135,317.8829519724496,329.7864685058594,226100,0.0,0.0
2026-01-26 00:00:00-05:00,329.59689058423294,337.2498820754172,327.0026850819951,329.41729736328125,233500,0.0,0.0
2026-01-27 00:00:00-05:00,328.3696529190369,336.33192386472604,321.494928893651,332.7299499511719,267200,0.0,0.0
2026-01-28 00:00:00-05:00,334.50600725151025,334.50600725151025,326.32419265706534,331.18341064453125,136200,0.0,0.0
2026-01-29 00:00:00-05:00,326.8829476512003,331.58251706228407,322.7521510441547,330.1955871582031,202300,0.0,0.0
2026-01-30 00:00:00-05:00,326.92285181800315,339.2354624371307,323.19116161208285,325.7155456542969,346100,0.0,0.0
2026-02-02 00:00:00-05:00,325.71553959093967,333.29867912772283,320.01822022462136,328.6490173339844,215600,0.0,0.0
2026-02-03 00:00:00-05:00,328.2698624056813,331.0536791872989,317.4040155660508,323.191162109375,295000,0.0,0.0
2026-02-04 00:00:00-05:00,319.48940043992417,328.2798461943497,309.3120248613209,313.1734313964844,537800,0.0,0.0
2026-02-05 00:00:00-05:00,325.5359620755029,364.1899791608404,316.98497361299474,344.28424072265625,545100,0.0,0.0
2026-02-06 00:00:00-05:00,356.8163617184235,375.8440480529703,349.93168058849784,370.2564697265625,389700,0.0,0.0
2026-02-09 00:00:00-05:00,373.36955357918987,382.27972800477806,370.2863843917561,375.76422119140625,340000,0.0,0.0
2026-02-10 00:00:00-05:00,371.1644437671682,377.1611156945176,348.7044202553857,350.3706970214844,329900,0.0,0.0
2026-02-11 00:00:00-05:00,351.4582800791184,364.1001755235508,347.3274836263405,363.0924072265625,335300,0.0,0.0
2026-02-12 00:00:00-05:00,362.9028222598245,370.80525907153225,352.50596406281267,356.0380859375,259100,0.0,0.0
2026-02-13 00:00:00-05:00,353.4538394436668,375.8340845742575,351.7775751091425,374.1777648925781,328400,0.0,0.0
2026-02-17 00:00:00-05:00,373.60903283038556,375.9937130295853,364.50927710734834,365.6068420410156,210600,0.0,0.0
2026-02-18 00:00:00-05:00,368.18107859443427,374.16776279922186,360.1788883359811,360.8074645996094,249500,0.0,0.0
2026-02-19 00:00:00-05:00,359.4604843792923,360.92722322487185,342.6079537566165,347.5669250488281,290500,0.0,0.0
2026-02-20 00:00:00-05:00,345.17228267878045,363.3219173562452,344.79312111346917,357.70440673828125,343100,0.0,0.0
2026-02-23 00:00:00-05:00,357.70440556619786,357.70440556619786,342.9073301648395,350.7199401855469,205300,0.0,0.0
2026-02-24 00:00:00-05:00,353.2043857442285,368.1312071723534,351.9272276463524,362.15447998046875,188900,0.0,0.0
2026-02-25 00:00:00-05:00,368.67997162900605,381.22208243731285,361.43607394452175,378.1788330078125,339100,0.0,0.0
2026-02-26 00:00:00-05:00,378.1788561007405,381.5812921769796,361.7055163106111,374.4571533203125,301600,0.0,0.0
2026-02-27 00:00:00-05:00,365.04805674023504,374.42722030841514,361.5558240562943,365.7165832519531,401900,0.0,0.0
2026-03-02 00:00:00-05:00,364.7287739306576,379.8052260359224,364.18996381439854,377.9892578125,184100,0.0,0.0
2026-03-03 00:00:00-05:00,367.55248144079076,377.87951805261986,362.1944038101214,369.9770812988281,249200,0.0,0.0
2026-03-04 00:00:00-05:00,371.06470522355204,373.2797493014059,359.38067048131063,372.4815368652344,187200,0.0,0.0
2026-03-05 00:00:00-05:00,366.3851131847878,373.3595910661723,353.0447586296925,362.9327697753906,251600,0.0,0.0
2026-03-06 00:00:00-05:00,354.8507465677286,365.63675361436054,354.212152296955,356.267578125,213600,0.0,0.0
2026-03-09 00:00:00-04:00,349.22324762175214,364.18995823411296,345.80086710302317,362.9626770019531,256500,0.0,0.0
2026-03-10 00:00:00-04:00,363.76094442925387,373.7786414857964,363.6910924670431,364.90838623046875,226200,0.0,0.0
2026-03-11 00:00:00-04:00,361.92501172341514,372.6212222655978,361.5957270337203,367.49261474609375,211900,0.0,0.0
2026-03-12 00:00:00-04:00,361.00705777843075,374.1677885641831,359.8396713300279,361.5458679199219,245600,0.0,0.0
2026-03-13 00:00:00-04:00,364.04030369818156,374.0380556032607,353.7631439581747,358.27313232421875,199400,0.0,0.0
2026-03-16 00:00:00-04:00,363.77087506722006,366.16557311275625,352.4361009043778,357.5148010253906,315900,0.0,0.0
2026-03-17 00:00:00-04:00,354.2520814272983,355.20994240895953,339.41508673854077,350.55029296875,255500,0.0,0.0
2026-03-18 00:00:00-04:00,350.36073976449194,358.9216850205833,349.2232551176088,351.2487487792969,231400,0.0,0.0
2026-03-19 00:00:00-04:00,347.62681347731865,355.1999658523711,345.2321457241161,351.8175048828125,1765400,0.0,0.0
2026-03-20 00:00:00-04:00,348.41507241118546,348.41507241118546,314.89961972201115,324.96722412109375,4664700,0.0,0.0
2026-03-23 00:00:00-04:00,325.73547881124546,334.2565345156013,310.0304203364646,310.7687683105469,732400,0.0,0.0
2026-03-24 00:00:00-04:00,306.6778678918963,311.70669125335513,299.33421639883994,304.9816589355469,541000,0.0,0.0
2026-03-25 00:00:00-04:00,309.31202260174797,316.29648762823905,306.82755835770564,310.35968017578125,311200,0.0,0.0
2026-03-26 00:00:00-04:00,306.19897096046174,312.1357483377948,297.59810549979113,298.3763732910156,234600,0.0,0.0
2026-03-27 00:00:00-04:00,295.59254765807344,302.83644565855815,294.53490249737786,300.5814514160156,335500,0.0,0.0
2026-03-30 00:00:00-04:00,304.2333226025289,305.8696671473267,292.9683697620873,294.0459899902344,382000,0.0,0.0
2026-03-31 00:00:00-04:00,298.0570534543868,304.3231150646083,295.33310116743604,301.32977294921875,406900,0.0,0.0
2026-04-01 00:00:00-04:00,305.39075534866004,309.3519460648785,302.3475058521536,305.7100524902344,280900,0.0,0.0
2026-04-02 00:00:00-04:00,300.721166298819,316.1069289972252,300.721166298819,312.23553466796875,224700,0.0,0.0
2026-04-06 00:00:00-04:00,312.6046889990705,316.2166808018674,310.309805511243,313.6124572753906,165700,0.0,0.0
2026-04-07 00:00:00-04:00,309.78097458472746,317.4040032849691,309.20227517771207,314.7200012207031,310900,0.0,0.0
2026-04-08 00:00:00-04:00,327.8599853515625,346.1700134277344,325.1700134277344,344.9599914550781,525500,0.7,0.0
2026-04-09 00:00:00-04:00,344.9599914550781,357.3599853515625,340.8599853515625,349.5799865722656,473900,0.0,0.0
2026-04-10 00:00:00-04:00,350.2699890136719,362.3500061035156,347.9700012207031,352.2699890136719,311200,0.0,0.0
2026-04-13 00:00:00-04:00,349.5299987792969,354.3999938964844,346.6400146484375,351.94000244140625,214300,0.0,0.0
2026-04-14 00:00:00-04:00,353.6099853515625,356.3900146484375,350.1099853515625,352.32000732421875,179800,0.0,0.0
2026-04-15 00:00:00-04:00,352.0,366.54998779296875,350.0,365.5,205700,0.0,0.0
2026-04-16 00:00:00-04:00,366.8999938964844,376.9200134277344,365.6099853515625,375.1600036621094,231500,0.0,0.0
2026-04-17 00:00:00-04:00,384.2799987792969,387.29998779296875,372.44000244140625,373.0199890136719,352500,0.0,0.0
2026-04-20 00:00:00-04:00,372.0,376.1700134277344,366.4700012207031,368.95001220703125,221400,0.0,0.0
2026-04-21 00:00:00-04:00,369.4800109863281,380.6199951171875,369.0299987792969,375.17999267578125,181500,0.0,0.0
2026-04-22 00:00:00-04:00,378.5299987792969,381.30999755859375,373.0899963378906,376.3500061035156,231400,0.0,0.0
2026-04-23 00:00:00-04:00,373.2099914550781,373.2099914550781,356.19000244140625,359.45001220703125,195300,0.0,0.0
2026-04-24 00:00:00-04:00,364.55999755859375,371.6199951171875,357.6600036621094,368.5,248100,0.0,0.0
2026-04-27 00:00:00-04:00,369.1700134277344,373.82000732421875,354.7699890136719,362.239990234375,337600,0.0,0.0
2026-04-28 00:00:00-04:00,362.239990234375,364.82000732421875,346.82000732421875,353.1000061035156,252500,0.0,0.0
2026-04-29 00:00:00-04:00,350.010009765625,358.19000244140625,345.5299987792969,352.67999267578125,229700,0.0,0.0
2026-04-30 00:00:00-04:00,343.0899963378906,346.8399963378906,289.29998779296875,296.55999755859375,722600,0.0,0.0
2026-05-01 00:00:00-04:00,300.010009765625,305.0,278.7699890136719,290.5,665600,0.0,0.0
2026-05-04 00:00:00-04:00,289.29998779296875,289.29998779296875,266.0199890136719,272.9599914550781,685900,0.0,0.0
2026-05-05 00:00:00-04:00,278.0,287.8500061035156,273.0,287.1300048828125,506700,0.0,0.0
2026-05-06 00:00:00-04:00,287.1300048828125,288.2099914550781,277.7900085449219,278.0,453200,0.0,0.0
2026-05-07 00:00:00-04:00,278.0,281.5299987792969,270.7900085449219,278.7699890136719,464500,0.0,0.0
2026-05-08 00:00:00-04:00,278.4200134277344,282.8599853515625,274.6499938964844,279.6099853515625,277000,0.0,0.0
2026-05-11 00:00:00-04:00,278.7699890136719,284.6300048828125,267.80999755859375,269.5799865722656,404900,0.0,0.0
2026-05-12 00:00:00-04:00,268.0,272.1400146484375,261.5199890136719,269.82000732421875,547500,0.0,0.0
2026-05-13 00:00:00-04:00,269.2900085449219,272.0,263.1000061035156,270.2099914550781,303600,0.0,0.0
2026-05-14 00:00:00-04:00,270.7200012207031,274.0,266.6199951171875,269.30999755859375,252800,0.0,0.0
2026-05-15 00:00:00-04:00,266.8900146484375,266.8900146484375,259.010009765625,260.3699951171875,342600,0.0,0.0
2026-05-18 00:00:00-04:00,260.6000061035156,265.0,257.8900146484375,263.8500061035156,357100,0.0,0.0
2026-05-19 00:00:00-04:00,263.8500061035156,267.989990234375,260.0199890136719,264.7900085449219,342400,0.0,0.0
2026-05-20 00:00:00-04:00,264.69000244140625,269.5,260.2900085449219,266.1199951171875,260500,0.0,0.0
2026-05-21 00:00:00-04:00,263.69000244140625,268.45001220703125,260.5,267.1000061035156,227500,0.0,0.0
2026-05-22 00:00:00-04:00,267.8299865722656,269.44000244140625,260.2300109863281,260.9800109863281,213400,0.0,0.0
2026-05-26 00:00:00-04:00,260.5799865722656,263.94000244140625,255.0,263.3599853515625,262300,0.0,0.0
2026-05-27 00:00:00-04:00,261.80999755859375,261.8299865722656,251.52999877929688,252.4499969482422,439500,0.0,0.0
2026-05-28 00:00:00-04:00,251.97999572753906,256.3500061035156,250.24000549316406,250.75,324800,0.0,0.0
2026-05-29 00:00:00-04:00,250.75,255.16000366210938,249.13999938964844,252.08999633789062,276200,0.0,0.0
2026-06-01 00:00:00-04:00,255.07000732421875,259.3399963378906,251.77999877929688,258.3399963378906,369600,0.0,0.0
2026-06-02 00:00:00-04:00,255.00999450683594,259.3800048828125,253.67999267578125,259.0,288600,0.0,0.0
2026-06-03 00:00:00-04:00,257.6499938964844,257.9700012207031,251.7899932861328,256.6400146484375,338100,0.0,0.0
2026-06-04 00:00:00-04:00,257.2300109863281,264.45001220703125,255.0500030517578,261.07000732421875,285700,0.0,0.0
2026-06-05 00:00:00-04:00,259.989990234375,262.2200012207031,257.510009765625,260.6400146484375,386500,0.0,0.0
2026-06-08 00:00:00-04:00,260.510009765625,266.67999267578125,255.50999450683594,255.60000610351562,351200,0.0,0.0
2026-06-09 00:00:00-04:00,256.1099853515625,261.3800048828125,249.47000122070312,257.1099853515625,292500,0.0,0.0
2026-06-10 00:00:00-04:00,255.86000061035156,262.32000732421875,251.99000549316406,253.91000366210938,324400,0.0,0.0
2026-06-11 00:00:00-04:00,275.0,298.79998779296875,272.3500061035156,276.6600036621094,1079700,0.0,0.0
2026-06-12 00:00:00-04:00,276.6400146484375,292.1499938964844,276.57000732421875,283.7300109863281,611100,0.0,0.0
2026-06-15 00:00:00-04:00,286.04998779296875,292.9100036621094,283.32000732421875,288.8699951171875,305600,0.0,0.0
2026-06-16 00:00:00-04:00,288.69000244140625,298.82000732421875,285.8599853515625,287.1499938964844,556700,0.0,0.0
2026-06-17 00:00:00-04:00,290.0299987792969,294.3999938964844,283.29998779296875,286.1000061035156,458700,0.0,0.0
2026-06-18 00:00:00-04:00,288.8500061035156,298.69000244140625,286.19000244140625,296.0400085449219,896600,0.0,0.0
2026-06-22 00:00:00-04:00,292.0799865722656,301.8399963378906,292.0799865722656,297.8399963378906,499900,0.0,0.0
2026-06-23 00:00:00-04:00,290.1199951171875,295.3900146484375,275.54998779296875,279.1700134277344,406300,0.0,0.0
2026-06-24 00:00:00-04:00,277.3800048828125,282.760009765625,272.44000244140625,274.04998779296875,436700,0.0,0.0
2026-06-25 00:00:00-04:00,273.30999755859375,275.7536926269531,270.0,273.20001220703125,458047,0.0,0.0
