Date,Open,High,Low,Close,Volume,Dividends,Stock Splits
2022-03-29 00:00:00-04:00,49.34865188598633,49.34865188598633,49.34865188598633,49.34865188598633,100,0.0,0.0
2022-03-30 00:00:00-04:00,49.34865188598633,49.34865188598633,49.34865188598633,49.34865188598633,0,0.0,0.0
2022-03-31 00:00:00-04:00,49.34865188598633,49.34865188598633,49.34865188598633,49.34865188598633,0,0.0,0.0
2022-04-01 00:00:00-04:00,49.34865188598633,49.34865188598633,49.34865188598633,49.34865188598633,0,0.0,0.0
2022-04-04 00:00:00-04:00,49.34865188598633,49.34865188598633,49.34865188598633,49.34865188598633,0,0.0,0.0
2022-04-05 00:00:00-04:00,49.3486540570299,53.296546381592286,44.295352935791016,44.295352935791016,2234700,0.0,0.0
2022-04-06 00:00:00-04:00,44.14729990595135,46.30876932594655,42.40035732061151,44.463130950927734,2231100,0.0,0.0
2022-04-07 00:00:00-04:00,43.624204041026324,47.76949107931442,43.624204041026324,45.16387939453125,1540200,0.0,0.0
2022-04-08 00:00:00-04:00,45.400747895349944,47.48326106425442,44.9072615051831,46.298892974853516,1521500,0.0,0.0
2022-04-11 00:00:00-04:00,46.42719795905814,48.73671428971288,45.46983320953394,48.09518051147461,917700,0.0,0.0
2022-04-12 00:00:00-04:00,48.85516178181373,53.91833414794801,48.59361454841259,51.72725296020508,1374100,0.0,0.0
2022-04-13 00:00:00-04:00,52.06282254861676,57.32339012234193,50.769886642719236,54.737518310546875,1051700,0.0,0.0
2022-04-14 00:00:00-04:00,55.00400388583687,55.33957485062678,50.779760723778246,54.184818267822266,454300,0.0,0.0
2022-04-18 00:00:00-04:00,53.9282023532959,54.4216888371511,52.072692119799484,53.44458770751953,419500,0.0,0.0
2022-04-19 00:00:00-04:00,53.30640668407169,54.36247119072796,51.816079205431066,52.822792053222656,425500,0.0,0.0
2022-04-20 00:00:00-04:00,54.35259542625373,54.35259542625373,52.02333886022898,53.02018356323242,258200,0.0,0.0
2022-04-21 00:00:00-04:00,53.12875685255933,53.61237150009713,49.930962768929184,51.00676345825195,451200,0.0,0.0
2022-04-22 00:00:00-04:00,50.65144995040683,52.40826054310903,50.069135777038824,50.829105377197266,378600,0.0,0.0
2022-04-25 00:00:00-04:00,50.384961518471435,50.58235683472942,47.90766140619116,49.48681640625,296700,0.0,0.0
2022-04-26 00:00:00-04:00,48.45050129403156,49.792785081501634,47.957014828932444,48.13467025756836,367100,0.0,0.0
2022-04-27 00:00:00-04:00,48.00636708737377,48.99334010731156,45.34153918054107,46.42721176147461,392100,0.0,0.0
2022-04-28 00:00:00-04:00,47.443792183947586,48.568940810443856,46.74304225200738,48.332069396972656,277800,0.0,0.0
2022-04-29 00:00:00-04:00,47.058867696479474,50.04939434838362,46.23967839057676,46.387725830078125,269800,0.0,0.0
2022-05-02 00:00:00-04:00,47.48326680149173,48.74659090816114,45.4204932907565,47.58196258544922,354900,0.0,0.0
2022-05-03 00:00:00-04:00,48.02610708395208,50.08394493053709,47.966887347250584,49.46708679199219,647000,0.0,0.0
2022-05-04 00:00:00-04:00,49.605252666154605,51.00675603936208,47.56221921391063,50.2862663269043,435400,0.0,0.0
2022-05-05 00:00:00-04:00,50.26653359058169,50.3356213971815,48.05571248437864,48.233367919921875,427100,0.0,0.0
2022-05-06 00:00:00-04:00,48.460366319363736,49.620062451422996,47.27600188960545,47.62144088745117,307700,0.0,0.0
2022-05-09 00:00:00-04:00,46.664080835417806,47.22172297329228,44.98622979775082,45.5290641784668,763600,0.0,0.0
2022-05-10 00:00:00-04:00,47.937280604046464,49.0624292755183,42.99254729389304,47.37470626831055,804300,0.0,0.0
2022-05-11 00:00:00-04:00,47.30562270188181,47.4339302637417,44.009132277585095,44.8677978515625,682400,0.0,0.0
2022-05-12 00:00:00-04:00,44.887530592172034,47.03913198562953,44.08808112451018,46.72330093383789,306100,0.0,0.0
2022-05-13 00:00:00-04:00,46.68381579809409,50.00004522949405,45.431346237466585,49.59538650512695,446100,0.0,0.0
2022-05-16 00:00:00-04:00,49.55590400617573,50.92779561298842,48.51958330617354,49.220333099365234,275700,0.0,0.0
2022-05-17 00:00:00-04:00,50.0198010471223,50.769899007073484,49.63488210944973,50.266544342041016,473100,0.0,0.0
2022-05-18 00:00:00-04:00,49.64474330681517,49.64474330681517,47.44379387286231,47.503013610839844,164600,0.0,0.0
2022-05-19 00:00:00-04:00,47.16744255438717,47.93826675279628,45.66724307958624,46.18046951293945,340000,0.0,0.0
2022-05-20 00:00:00-04:00,47.10821746378482,47.749751373832304,45.2724472128826,46.8812141418457,371200,0.0,0.0
2022-05-23 00:00:00-04:00,47.49313460142808,49.55590810032961,47.22665146826823,48.697242736816406,521100,0.0,0.0
2022-05-24 00:00:00-04:00,48.60842540488662,48.953864485518885,47.19705356401145,48.28272247314453,437700,0.0,0.0
2022-05-25 00:00:00-04:00,48.35181006211729,48.894644471864815,48.07545505542507,48.21363067626953,267200,0.0,0.0
2022-05-26 00:00:00-04:00,48.47024567258902,48.96570504490084,48.144542768397784,48.805816650390625,374300,0.0,0.0
2022-05-27 00:00:00-04:00,49.21047263442963,50.09874604387596,48.70711431390727,49.4177360534668,215800,0.0,0.0
2022-05-31 00:00:00-04:00,49.73357076829649,49.73357076829649,47.87510111055075,49.34865188598633,526700,0.0,0.0
2022-06-01 00:00:00-04:00,49.80265707396522,49.91616062647271,48.139609965291456,49.19073486328125,317300,0.0,0.0
2022-06-02 00:00:00-04:00,49.230209546479855,51.79633759300329,48.95484476867637,50.750144958496094,753000,0.0,0.0
2022-06-03 00:00:00-04:00,50.77976254695395,50.77976254695395,47.13782969965141,48.53933334350586,478100,0.0,0.0
2022-06-06 00:00:00-04:00,49.76317699541088,51.06598482294745,49.16605878050003,50.5724983215332,547500,0.0,0.0
2022-06-07 00:00:00-04:00,48.716982747550404,50.35535760426287,47.69053003213944,49.555908203125,718400,0.0,0.0
2022-06-08 00:00:00-04:00,48.0655840842876,50.02472601959579,48.0655840842876,48.756465911865234,416600,0.0,0.0
2022-06-09 00:00:00-04:00,48.85516359403555,49.9901840522215,47.384572164603576,47.799102783203125,349600,0.0,0.0
2022-06-10 00:00:00-04:00,47.25627353993602,47.32536135640493,45.00597228993665,45.04545211791992,277500,0.0,0.0
2022-06-13 00:00:00-04:00,44.09795327311269,44.9171388929003,43.486031076584254,43.890689849853516,730600,0.0,0.0
2022-06-14 00:00:00-04:00,43.83147036058543,44.9467508941297,43.83147036058543,44.42365264892578,658500,0.0,0.0
2022-06-15 00:00:00-04:00,44.63092362747566,45.36128159410199,43.88082198255817,44.62105178833008,431400,0.0,0.0
2022-06-16 00:00:00-04:00,43.90055910028233,44.63092078540312,43.032021795950286,43.713035583496094,683200,0.0,0.0
2022-06-17 00:00:00-04:00,43.95977548599984,44.413782133092965,42.656971511296014,42.864234924316406,697800,0.0,0.0
2022-06-21 00:00:00-04:00,43.199804285331034,43.841334411337215,42.63723003352435,43.101104736328125,478400,0.0,0.0
2022-06-22 00:00:00-04:00,42.60762592065342,43.19487610618361,42.22270702308031,42.90372085571289,536400,0.0,0.0
2022-06-23 00:00:00-04:00,43.08137268194111,43.83936571223728,42.360879083321684,42.77540969848633,539900,0.0,0.0
2022-06-24 00:00:00-04:00,43.278769348206566,45.47972269572866,43.12085380127711,45.04545211791992,993000,0.0,0.0
2022-06-27 00:00:00-04:00,45.08492026207097,46.31863632930146,43.5353731828297,45.76593017578125,384600,0.0,0.0
2022-06-28 00:00:00-04:00,46.0620234363645,46.47359471995224,43.091236663929244,43.101104736328125,230100,0.0,0.0
2022-06-29 00:00:00-04:00,43.17020473343637,44.394049260042955,42.0845320724105,42.518802642822266,289900,0.0,0.0
2022-06-30 00:00:00-04:00,42.05437127885076,43.91203340167379,41.589953863456444,43.23023223876953,440600,0.05,0.0
2022-07-01 00:00:00-04:00,43.072144659204106,44.050384974838636,42.0790831488351,43.29941177368164,241800,0.0,0.0
2022-07-05 00:00:00-04:00,43.062261468860356,43.26976571630944,39.495148489187905,40.888397216796875,442100,0.0,0.0
2022-07-06 00:00:00-04:00,40.89828162274861,41.194716835718935,39.929924583377165,40.76982498168945,932000,0.0,0.0
2022-07-07 00:00:00-04:00,41.234241033892836,42.4792741601444,41.16211021450951,41.98521423339844,275800,0.0,0.0
2022-07-08 00:00:00-04:00,41.62948707944995,42.2223574353213,40.86863440214245,41.165069580078125,221700,0.0,0.0
2022-07-11 00:00:00-04:00,40.99709200400394,41.17495009949723,40.22635599976955,40.423980712890625,235700,0.0,0.0
2022-07-12 00:00:00-04:00,40.51291216708244,41.65913099469307,39.761942770804275,40.36469268798828,331200,0.0,0.0
2022-07-13 00:00:00-04:00,39.475392458049775,40.13743101024491,39.14931106771239,39.979331970214844,197000,0.0,0.0
2022-07-14 00:00:00-04:00,39.30739973511013,39.47538204108944,38.65326574212587,39.23823165893555,372100,0.0,0.0
2022-07-15 00:00:00-04:00,40.23623917464574,40.330107991797924,39.34692985325018,39.5247917175293,334100,0.0,0.0
2022-07-18 00:00:00-04:00,39.64336942944213,40.51291599899278,39.35681752246944,40.0880241394043,351200,0.0,0.0
2022-07-19 00:00:00-04:00,40.67101101143714,43.0128538931941,40.67101101143714,42.84487533569336,194400,0.0,0.0
2022-07-20 00:00:00-04:00,42.71642522929366,43.655139941012024,41.51091767723145,41.99509811401367,394900,0.0,0.0
2022-07-21 00:00:00-04:00,41.72830097614585,42.93380840405499,41.4219824644734,42.40022277832031,174100,0.0,0.0
2022-07-22 00:00:00-04:00,42.50890139722785,42.91403024197603,41.15023708297306,41.51089859008789,183300,0.0,0.0
2022-07-25 00:00:00-04:00,41.51090501894696,41.51090501894696,40.46350059778213,41.076133728027344,471600,0.0,0.0
2022-07-26 00:00:00-04:00,40.84887356073324,41.32317062260188,39.989210371682454,40.02873229980469,663900,0.0,0.0
2022-07-27 00:00:00-04:00,40.21647596621747,41.06625958363277,39.752058461495665,40.690773010253906,534200,0.0,0.0
2022-07-28 00:00:00-04:00,40.80934580904442,41.72829749808897,40.2856435363507,40.75006103515625,391600,0.0,0.0
2022-07-29 00:00:00-04:00,40.82911520325947,41.836997984115996,40.56232236985229,40.73030471801758,530500,0.0,0.0
2022-08-01 00:00:00-04:00,40.50302433652126,41.7875790713356,39.8607450844255,41.659122467041016,307200,0.0,0.0
2022-08-02 00:00:00-04:00,41.4516307266158,42.51386037728992,41.30341123326469,42.09390640258789,249700,0.0,0.0
2022-08-03 00:00:00-04:00,42.10378821879592,43.892282769182174,41.91604303129457,43.79347229003906,172700,0.0,0.0
2022-08-04 00:00:00-04:00,43.91204509158904,43.98121318003429,43.576084189407254,43.783592224121094,174600,0.0,0.0
2022-08-05 00:00:00-04:00,43.68477850747872,44.15907559231285,43.383401645858356,44.07014465332031,136700,0.0,0.0
2022-08-08 00:00:00-04:00,44.19859244354393,44.475264745298524,43.259878001962754,43.6353645324707,258600,0.0,0.0
2022-08-09 00:00:00-04:00,43.101781920048815,44.07013881105144,40.97732674478247,42.03461456298828,387300,0.0,0.0
2022-08-10 00:00:00-04:00,43.161068644373294,44.3606466494815,42.58795741110603,43.72429656982422,135100,0.0,0.0
2022-08-11 00:00:00-04:00,44.10966983344648,45.09877726796301,43.74406654161603,44.26776885986328,129000,0.0,0.0
2022-08-12 00:00:00-04:00,44.29741720599682,44.76183099875192,43.566206816853494,44.72230529785156,124800,0.0,0.0
2022-08-15 00:00:00-04:00,44.46539530080273,45.36458425499939,44.238128177146244,45.26577377319336,152500,0.0,0.0
2022-08-16 00:00:00-04:00,45.00885824363705,45.507859821428305,44.050384555934066,44.81123352050781,441700,0.0,0.0
2022-08-17 00:00:00-04:00,44.33693745778809,45.07802735939073,43.28953280925838,43.51679992675781,236800,0.0,0.0
2022-08-18 00:00:00-04:00,44.168961664088485,44.425871187590076,43.26977267776533,44.25789260864258,279900,0.0,0.0
2022-08-19 00:00:00-04:00,44.514802123762394,44.8310002000333,43.29941506133764,44.465396881103516,275800,0.0,0.0
2022-08-22 00:00:00-04:00,42.91404401839849,43.29941014450757,42.19271700322905,43.200599670410156,351100,0.0,0.0
2022-08-23 00:00:00-04:00,43.180835128544636,43.94168781127033,42.578081459802355,42.96344757080078,257100,0.0,0.0
2022-08-24 00:00:00-04:00,42.74607139148684,43.95157904986136,42.25201137010435,43.309303283691406,140100,0.0,0.0
2022-08-25 00:00:00-04:00,43.645254978620706,44.159077788422216,43.2500092729584,44.10967254638672,184400,0.0,0.0
2022-08-26 00:00:00-04:00,43.921922668365674,44.44562491806314,42.41009692118057,42.647247314453125,259500,0.0,0.0
2022-08-29 00:00:00-04:00,42.331047485079814,42.331047485079814,41.45162156792971,41.85675048828125,143200,0.0,0.0
2022-08-30 00:00:00-04:00,42.232236210127255,42.232236210127255,40.80439982402528,41.016845703125,188300,0.0,0.0
2022-08-31 00:00:00-04:00,40.91804668245519,41.17001832330675,40.30837610477402,40.60184860229492,302700,0.0,0.0
2022-09-01 00:00:00-04:00,40.097906346788946,40.097906346788946,39.376575520806476,39.72241973876953,304400,0.0,0.0
2022-09-02 00:00:00-04:00,40.20659189086645,40.20659189086645,39.267881129385366,39.43585968017578,371000,0.0,0.0
2022-09-06 00:00:00-04:00,39.35680734468221,39.52478587535134,37.973438331293984,38.2501106262207,497700,0.0,0.0
2022-09-07 00:00:00-04:00,37.99321255635893,38.912164404757306,37.825230205998075,38.87263870239258,293300,0.0,0.0
2022-09-08 00:00:00-04:00,38.54655041788315,39.81134628169587,37.79558105415684,39.71253204345703,218300,0.0,0.0
2022-09-09 00:00:00-04:00,39.97932930355335,40.75006537049718,39.712536484539505,40.41410446166992,275800,0.0,0.0
2022-09-12 00:00:00-04:00,40.89828272033396,40.92792511161303,40.25600703655791,40.85875701904297,233200,0.0,0.0
2022-09-13 00:00:00-04:00,40.20659967873753,40.305413936028714,39.20860018105687,39.29753112792969,213300,0.0,0.0
2022-09-14 00:00:00-04:00,39.327171864431456,39.327171864431456,37.69677626625427,38.78370666503906,477200,0.0,0.0
2022-09-15 00:00:00-04:00,38.53667501334597,38.86769426586113,37.548555141208894,37.924041748046875,392200,0.0,0.0
2022-09-16 00:00:00-04:00,37.35092429495261,37.558428529462155,36.525845241514034,37.05448913574219,795300,0.0,0.0
2022-09-19 00:00:00-04:00,36.738292357161,37.884511108605054,36.738292357161,37.69676971435547,386300,0.0,0.0
2022-09-20 00:00:00-04:00,37.27188220775251,37.99320925095027,36.95568415510084,37.499149322509766,237300,0.0,0.0
2022-09-21 00:00:00-04:00,37.78570599038708,37.90427932093982,36.41221618652344,36.41221618652344,228600,0.0,0.0
2022-09-22 00:00:00-04:00,36.224470122144794,36.224470122144794,34.623717172056914,34.67312240600586,166700,0.0,0.0
2022-09-23 00:00:00-04:00,34.48537986891153,34.515022254425155,33.013079821900305,34.376686096191406,432500,0.0,0.0
2022-09-26 00:00:00-04:00,34.208706889652014,34.66324486861195,33.32928085869358,33.3984489440918,273400,0.0,0.0
2022-09-27 00:00:00-04:00,33.98143687235375,34.10989349253112,32.44985204649813,32.795692443847656,316800,0.0,0.0
2022-09-28 00:00:00-04:00,32.943913620232024,33.98143863549053,32.4103280343124,33.102012634277344,673500,0.0,0.0
2022-09-29 00:00:00-04:00,32.617119195234324,33.23067210932301,32.02336245096955,33.02285385131836,523500,0.05,0.0
2022-09-30 00:00:00-04:00,33.181176712400756,33.60670360270394,32.70617074125085,33.01294708251953,459500,0.0,0.0
2022-10-03 00:00:00-04:00,33.53743621709396,34.358803404181316,32.9436796246304,33.85410690307617,290400,0.0,0.0
2022-10-04 00:00:00-04:00,34.18067349644004,35.64527626966462,34.002545775033205,35.437461853027344,714000,0.0,0.0
2022-10-05 00:00:00-04:00,35.19006755807652,35.95205763349888,35.10100368497488,35.81351089477539,554200,0.0,0.0
2022-10-06 00:00:00-04:00,35.85309634418089,36.12028796845592,34.64578688079281,34.83381271362305,916500,0.0,0.0
2022-10-07 00:00:00-04:00,34.61609863971221,34.6358910304454,33.73535801465432,33.943172454833984,249200,0.0,0.0
2022-10-10 00:00:00-04:00,34.24995312794951,34.26479647910083,32.29055150070213,32.44888687133789,189700,0.0,0.0
2022-10-11 00:00:00-04:00,32.22128084718394,33.33952277971635,31.785855735389344,33.1515007019043,364500,0.0,0.0
2022-10-12 00:00:00-04:00,33.37911073270302,33.75515869900319,32.78535396487197,33.54734420776367,300200,0.0,0.0
2022-10-13 00:00:00-04:00,32.74576787399657,33.55723718616464,31.884819462308656,33.02285385131836,402800,0.0,0.0
2022-10-14 00:00:00-04:00,33.280142927689326,33.31675677272093,32.062939262316036,32.25096130371094,259300,0.0,0.0
2022-10-17 00:00:00-04:00,33.26035523919674,34.82391651104893,32.8150358413546,34.12130355834961,265300,0.0,0.0
2022-10-18 00:00:00-04:00,34.527027943422134,36.145020647140356,34.21035730431744,35.882774353027344,314500,0.0,0.0
2022-10-19 00:00:00-04:00,35.77392830316586,35.77392830316586,34.467660738860566,35.03173065185547,285300,0.0,0.0
2022-10-20 00:00:00-04:00,35.19006201400493,35.90256911155244,34.19551621689257,34.55671691894531,179000,0.0,0.0
2022-10-21 00:00:00-04:00,34.635885407905356,35.78381745899546,34.31921475760546,35.457252502441406,202600,0.0,0.0
2022-10-24 00:00:00-04:00,35.57600528388142,35.87288356528131,34.74474383095441,35.15047836303711,648600,0.0,0.0
2022-10-25 00:00:00-04:00,35.01193244928697,37.14946117921732,34.853597127625896,36.39736557006836,170200,0.0,0.0
2022-10-26 00:00:00-04:00,36.60518802669314,37.32759325217104,35.9817409731938,36.219242095947266,153600,0.0,0.0
2022-10-27 00:00:00-04:00,36.89216597929509,37.41665482874075,36.23903226914704,36.52601623535156,307100,0.0,0.0
2022-10-28 00:00:00-04:00,36.872374715264385,37.96588248965776,36.58539451532253,37.703636169433594,303700,0.0,0.0
2022-10-31 00:00:00-04:00,37.30780083949851,37.78775590082092,36.90206629461987,36.91196060180664,260300,0.0,0.0
2022-11-01 00:00:00-04:00,36.981234095691406,37.46118918321112,36.753627267849446,37.040611267089844,217300,0.0,0.0
2022-11-02 00:00:00-04:00,36.971338455005125,37.36717492501916,35.71455001831055,35.71455001831055,201100,0.0,0.0
2022-11-03 00:00:00-04:00,36.61508134680562,38.66354640663945,35.72444272295953,37.48592758178711,412800,0.0,0.0
2022-11-04 00:00:00-04:00,38.23801938698766,39.1088656197693,37.842182935732126,38.98021697998047,345700,0.0,0.0
2022-11-07 00:00:00-05:00,39.207839407764226,40.39535678461758,38.5843958993025,40.22712707519531,263300,0.0,0.0
2022-11-08 00:00:00-05:00,40.34586389987585,40.88024710318842,39.484915700102746,39.95002365112305,285300,0.0,0.0
2022-11-09 00:00:00-05:00,39.51460238341802,39.87085785216607,38.32015826486983,39.36616134643555,411600,0.0,0.0
2022-11-10 00:00:00-05:00,41.26619065173974,42.03807501014953,40.741701738321865,41.16722869873047,307600,0.0,0.0
2022-11-11 00:00:00-05:00,41.41462496865358,43.97768085632612,41.09795429160627,42.780269622802734,352900,0.0,0.0
2022-11-14 00:00:00-05:00,40.316179819360976,41.612549356898434,39.04949320613994,39.68283462524414,576500,0.0,0.0
2022-11-15 00:00:00-05:00,40.20731699556352,42.41411729429698,40.15288887233143,40.96930694580078,661100,0.0,0.0
2022-11-16 00:00:00-05:00,42.305266961098894,45.48682110695162,42.15682591789704,44.601131439208984,2132500,0.0,0.0
2022-11-17 00:00:00-05:00,43.69069985294807,46.01625080287336,43.65111507528677,44.99696731567383,1945000,0.0,0.0
2022-11-18 00:00:00-05:00,46.00636131049078,47.14439547475637,44.70008993605266,45.224578857421875,652100,0.0,0.0
2022-11-21 00:00:00-05:00,45.19488476133847,45.580830690474556,44.73967113211614,45.481868743896484,286400,0.0,0.0
2022-11-22 00:00:00-05:00,45.7292690292922,46.82277308350779,45.42249642517586,46.07563018798828,416800,0.0,0.0
2022-11-23 00:00:00-05:00,46.14490216796499,47.2235628853594,45.67979044050677,45.78864669799805,265900,0.0,0.0
2022-11-25 00:00:00-05:00,46.0063541832456,46.48136016626643,45.65009875222698,46.10531234741211,92500,0.0,0.0
2022-11-28 00:00:00-05:00,45.927185032985435,45.927185032985435,44.828732036089214,45.234466552734375,206500,0.0,0.0
2022-11-29 00:00:00-05:00,45.26416201176311,45.85791861742177,44.690194021282295,45.02665710449219,201500,0.0,0.0
2022-11-30 00:00:00-05:00,45.184995772817395,46.85741322921475,44.40321329038385,46.84751892089844,407500,0.0,0.0
2022-12-01 00:00:00-05:00,46.590222597184315,47.65898525711734,46.25375950933248,46.8574104309082,420700,0.0,0.0
2022-12-02 00:00:00-05:00,46.53084530941507,47.802477137157474,46.40714570058794,47.07512283325195,406900,0.0,0.0
2022-12-05 00:00:00-05:00,46.689178722829,46.946472237521235,45.71937428281625,46.25375747680664,143000,0.0,0.0
2022-12-06 00:00:00-05:00,46.16468982191531,46.50115286736487,44.79904525214804,45.452178955078125,268900,0.0,0.0
2022-12-07 00:00:00-05:00,45.25425676119932,46.51104502662224,45.18498529401168,46.34281539916992,234800,0.0,0.0
2022-12-08 00:00:00-05:00,46.44178099233664,46.992985658753845,46.21417416729046,46.66938781738281,127500,0.0,0.0
2022-12-09 00:00:00-05:00,46.36261910102458,47.18398644359979,46.05584643935057,46.085533142089844,127800,0.0,0.0
2022-12-12 00:00:00-05:00,46.27354444640065,47.263141240827636,45.92718707835608,46.74855422973633,238300,0.0,0.0
2022-12-13 00:00:00-05:00,47.223567565934914,47.985557668886294,46.87720636913186,47.29283905029297,249100,0.0,0.0
2022-12-14 00:00:00-05:00,47.055331166983805,48.07461852641391,46.83762241910617,47.04543685913086,174200,0.0,0.0
2022-12-15 00:00:00-05:00,46.20427619915685,47.159237323462676,45.79854163611053,46.45167541503906,464100,0.0,0.0
2022-12-16 00:00:00-05:00,46.04594156991044,46.76834683854826,45.78864804238687,46.42198944091797,866100,0.0,0.0
2022-12-19 00:00:00-05:00,46.36261421123968,46.89699745426454,46.02615110729951,46.65949630737305,237600,0.0,0.0
2022-12-20 00:00:00-05:00,46.659497673946206,47.47591213718628,46.659497673946206,47.183982849121094,199400,0.0,0.0
2022-12-21 00:00:00-05:00,47.78763545160143,48.7475418825061,47.78763545160143,48.331912994384766,249700,0.0,0.0
2022-12-22 00:00:00-05:00,47.728252177313536,48.312114427668895,47.01079602285688,48.163673400878906,209400,0.0,0.0
2022-12-23 00:00:00-05:00,48.312119758154495,48.994940251700314,48.193369188627514,48.57931137084961,195100,0.0,0.0
2022-12-27 00:00:00-05:00,48.85639209312594,48.905871177246595,48.03502872668912,48.52982711791992,125600,0.0,0.0
2022-12-28 00:00:00-05:00,48.57930501029515,48.66341982873797,47.23345281516182,47.352203369140625,155700,0.0,0.0
2022-12-29 00:00:00-05:00,47.72865183401366,48.27349869844625,47.401741447977315,47.936683654785156,205500,0.05,0.0
2022-12-30 00:00:00-05:00,47.55033790804335,47.72865197751542,46.42101798736114,46.48045349121094,195800,0.0,0.0
2023-01-03 00:00:00-05:00,47.183796310064984,48.25367674836704,46.728102784771266,48.05554962158203,315100,0.0,0.0
2023-01-04 00:00:00-05:00,48.30321471962597,49.58608512634222,48.30321471962597,49.491973876953125,223200,0.0,0.0
2023-01-05 00:00:00-05:00,48.758907510124,49.93775821182759,48.758907510124,49.54150390625,307000,0.0,0.0
2023-01-06 00:00:00-05:00,50.03681613513814,51.99827064335589,48.867873957426546,51.51285934448242,269100,0.0,0.0
2023-01-09 00:00:00-05:00,51.701078047045975,52.2162070939661,50.928386366146206,51.51285934448242,292800,0.0,0.0
2023-01-10 00:00:00-05:00,51.63173845846457,52.27565076601551,51.1562355549185,51.62183380126953,147700,0.0,0.0
2023-01-11 00:00:00-05:00,51.77042431499262,52.2954618209318,51.275108337402344,51.275108337402344,102400,0.0,0.0
2023-01-12 00:00:00-05:00,51.25529360574334,52.66198901950094,51.02744495465131,52.226112365722656,197300,0.0,0.0
2023-01-13 00:00:00-05:00,52.03789027298308,53.37524554818429,51.95864168943077,53.09786605834961,198600,0.0,0.0
2023-01-17 00:00:00-05:00,52.69171819885997,53.40497449522456,52.315280734855484,53.256378173828125,273300,0.0,0.0
2023-01-18 00:00:00-05:00,53.345534289771805,54.22719998709299,52.56293784361955,53.12759780883789,204400,0.0,0.0
2023-01-19 00:00:00-05:00,52.959185028976336,53.335626241512166,51.9041633250222,52.117149353027344,218400,0.0,0.0
2023-01-20 00:00:00-05:00,52.60256006210089,53.98944643626848,52.29051232844579,53.97954177856445,242400,0.0,0.0
2023-01-23 00:00:00-05:00,54.19747840204251,54.861203838808244,53.494130555394534,54.76213836669922,145000,0.0,0.0
2023-01-24 00:00:00-05:00,54.71260437691113,56.34219445461218,54.43522862886368,56.07967758178711,142200,0.0,0.0
2023-01-25 00:00:00-05:00,55.58435972796828,55.827063499394335,54.71260254744725,55.39613723754883,223200,0.0,0.0
2023-01-26 00:00:00-05:00,55.69333675132279,56.05986956284289,54.79186170960914,56.049964904785156,158900,0.0,0.0
2023-01-27 00:00:00-05:00,55.57445211877079,56.42639621934227,55.386233404512865,55.86173629760742,124800,0.0,0.0
2023-01-30 00:00:00-05:00,55.62398455830828,56.6245211480533,55.539777971979696,55.762672424316406,119400,0.0,0.0
2023-01-31 00:00:00-05:00,56.10940251898351,57.47647589896056,55.8716529270511,57.2684440612793,331900,0.0,0.0
2023-02-01 00:00:00-05:00,57.070312518146046,58.82373168515928,56.34715158129223,58.189727783203125,256500,0.0,0.0
2023-02-02 00:00:00-05:00,58.54634704224718,61.2606802623081,58.54634704224718,61.22105407714844,317000,0.0,0.0
2023-02-03 00:00:00-05:00,60.49789502292031,61.627214881210556,59.54193500621652,59.844078063964844,182700,0.0,0.0
2023-02-06 00:00:00-05:00,59.39829077446456,59.99167834469511,58.68503834064538,58.80391311645508,268100,0.0,0.0
2023-02-07 00:00:00-05:00,58.30859851430926,59.82921844115544,58.30859851430926,59.46763610839844,317700,0.0,0.0
2023-02-08 00:00:00-05:00,58.87325866050532,60.42855056115589,58.7791474134786,59.735107421875,264900,0.0,0.0
2023-02-09 00:00:00-05:00,59.933234640968934,60.512753440877226,58.734570855100216,59.30913543701172,331800,0.0,0.0
2023-02-10 00:00:00-05:00,59.07137403415791,59.26950114573079,57.57551793179499,58.43737030029297,343900,0.0,0.0
2023-02-13 00:00:00-05:00,58.437387189127655,58.95251253754768,57.56562991363892,58.94260787963867,298100,0.0,0.0
2023-02-14 00:00:00-05:00,58.843542828247294,59.11101014510989,57.961877166178624,58.447288513183594,246000,0.0,0.0
2023-02-15 00:00:00-05:00,58.001507903384294,59.328955050329206,58.001507903384294,58.91289138793945,456600,0.0,0.0
2023-02-16 00:00:00-05:00,58.229344017797864,59.180353548841566,57.76870001617013,58.42747116088867,271100,0.0,0.0
2023-02-17 00:00:00-05:00,58.01140680039268,58.49681432668796,57.298150606207564,58.051029205322266,314000,0.0,0.0
2023-02-21 00:00:00-05:00,57.2783440878249,57.84300404670448,55.673521245691425,55.68342590332031,231300,0.0,0.0
2023-02-22 00:00:00-05:00,55.891449800869765,57.12973967181028,55.539775930997955,56.78302001953125,362200,0.0,0.0
2023-02-23 00:00:00-05:00,57.080216252893734,58.23925768782298,56.73349655554296,57.545814514160156,189600,0.0,0.0
2023-02-24 00:00:00-05:00,56.72358662773627,57.17928021950961,56.19359865917054,56.70377731323242,111800,0.0,0.0
2023-02-27 00:00:00-05:00,57.10993755557606,58.457193930595146,56.82265336236764,57.79347229003906,605200,0.0,0.0
2023-02-28 00:00:00-05:00,57.72412944526488,58.82373161469853,57.40712749466652,58.10057067871094,330300,0.0,0.0
2023-03-01 00:00:00-05:00,57.991592061592684,59.309130517367954,57.90243503985144,59.002037048339844,151100,0.0,0.0
2023-03-02 00:00:00-05:00,58.99212624608283,60.730686210796186,58.29868319136019,60.09172821044922,301400,0.0,0.0
2023-03-03 00:00:00-05:00,59.93324292391892,60.260153335587326,59.44783152509778,60.11155700683594,222900,0.0,0.0
2023-03-06 00:00:00-05:00,59.71529367695426,61.2210547181379,58.93269729614258,58.93269729614258,348600,0.0,0.0
2023-03-07 00:00:00-05:00,59.75492368801483,62.726819775067135,59.03176276030745,61.08237075805664,489000,0.0,0.0
2023-03-08 00:00:00-05:00,61.41917824751612,61.41917824751612,60.26014072997226,60.745548248291016,337300,0.0,0.0
2023-03-09 00:00:00-05:00,60.79508812215105,61.69656314052228,60.478086167050925,60.8941535949707,465900,0.0,0.0
2023-03-10 00:00:00-05:00,60.81489946198611,60.871364701435326,58.08075673339708,59.18035888671875,480000,0.0,0.0
2023-03-13 00:00:00-04:00,58.29869539180983,60.12145853875836,57.8479597682369,58.7642936706543,678800,0.0,0.0
2023-03-14 00:00:00-04:00,60.190799006489,61.19133944851248,59.556795127444246,60.329490661621094,312500,0.0,0.0
2023-03-15 00:00:00-04:00,58.72465645578503,59.04661257158295,56.04004497622595,57.842994689941406,475300,0.0,0.0
2023-03-16 00:00:00-04:00,57.3476835421249,59.60137276201603,57.12479286277787,59.51716995239258,295400,0.0,0.0
2023-03-17 00:00:00-04:00,59.70538908398547,59.70538908398547,57.47646715900376,58.5067253112793,1041600,0.0,0.0
2023-03-20 00:00:00-04:00,58.51663129688223,59.14568472621189,56.53536731857856,57.02077865600586,365500,0.0,0.0
2023-03-21 00:00:00-04:00,57.813275877446536,58.86334322911703,57.55570947797067,57.62505340576172,303500,0.0,0.0
2023-03-22 00:00:00-04:00,57.555717055009985,57.709267583013755,55.89145501100844,55.99052047729492,266100,0.0,0.0
2023-03-23 00:00:00-04:00,56.228274314069765,56.91181285705893,55.64380124490004,56.010337829589844,173900,0.0,0.0
2023-03-24 00:00:00-04:00,55.48530323160312,56.06977633201465,54.048889684574206,56.059871673583984,209600,0.0,0.0
2023-03-27 00:00:00-04:00,56.57499049692461,57.119837306195635,56.2560046250752,56.45611572265625,185100,0.0,0.0
2023-03-28 00:00:00-04:00,56.287705396653266,57.199088728186915,56.287705396653266,56.84246063232422,146700,0.0,0.0
2023-03-29 00:00:00-04:00,57.159469553043714,58.42747735695601,57.1495611164099,58.189727783203125,198200,0.0,0.0
2023-03-30 00:00:00-04:00,58.685456721562005,58.96802719966653,57.803043782294566,57.892276763916016,108000,0.05,0.0
2023-03-31 00:00:00-04:00,58.00134534757401,58.62597627955849,56.35549535737452,58.56648635864258,144100,0.0,0.0
2023-04-03 00:00:00-04:00,58.55657121988178,59.05230919700925,58.09057631108416,58.95315933227539,161000,0.0,0.0
2023-04-04 00:00:00-04:00,59.1415416833668,59.468726778766396,56.0382209138173,56.077880859375,292200,0.0,0.0
2023-04-05 00:00:00-04:00,55.60196934173702,55.968814359487,54.09492554550802,55.0467414855957,706100,0.0,0.0
2023-04-06 00:00:00-04:00,54.967427399560485,55.666419786374625,54.02552823693769,55.20538330078125,267900,0.0,0.0
2023-04-10 00:00:00-04:00,54.95750348317339,56.20676131761702,54.81373903939321,56.127445220947266,296400,0.0,0.0
2023-04-11 00:00:00-04:00,56.50421343291732,57.2081604170315,56.11753465332715,56.66284942626953,211900,0.0,0.0
2023-04-12 00:00:00-04:00,57.188335231154745,58.16493968347169,56.994997716269545,57.70390319824219,318100,0.0,0.0
2023-04-13 00:00:00-04:00,57.803045721312785,58.32853053390234,57.128841789152254,58.30870056152344,140900,0.0,0.0
2023-04-14 00:00:00-04:00,57.99143108654693,59.19111610122208,57.99143108654693,58.5863151550293,257300,0.0,0.0
2023-04-17 00:00:00-04:00,59.24068634634323,59.515325600373174,58.17980741225512,58.536739349365234,161400,0.0,0.0
2023-04-18 00:00:00-04:00,58.80443675714196,59.43898072547407,58.20954895019531,58.20954895019531,148400,0.0,0.0
2023-04-19 00:00:00-04:00,58.090577757973726,58.89367466250837,57.91211177918825,58.15998077392578,144300,0.0,0.0
2023-04-20 00:00:00-04:00,57.812962222246895,58.521867655910604,57.60474940471412,58.50699234008789,134100,0.0,0.0
2023-04-21 00:00:00-04:00,58.91349773593473,59.34974956418102,58.2690406530317,59.14154052734375,174600,0.0,0.0
2023-04-24 00:00:00-04:00,58.77469410126109,59.35471041629299,58.32853294194824,58.55657196044922,148400,0.0,0.0
2023-04-25 00:00:00-04:00,58.18972731319643,59.101887234962014,57.0991051841833,57.237911224365234,155200,0.0,0.0
2023-04-26 00:00:00-04:00,56.752082986209224,57.575006028163386,54.898020303706076,55.14588928222656,395300,0.0,0.0
2023-04-27 00:00:00-04:00,55.69119630533412,57.346962930456705,55.54941749878622,57.00986099243164,211400,0.0,0.0
2023-04-28 00:00:00-04:00,56.89089140123781,58.655717392215095,56.89089140123781,57.8625373840332,287700,0.0,0.0
2023-05-01 00:00:00-04:00,57.614670569380216,58.25912769564482,57.44611768380404,57.50560760498047,815900,0.0,0.0
2023-05-02 00:00:00-04:00,59.48855498951122,59.48855498951122,56.20676834433822,57.6444091796875,389000,0.0,0.0
2023-05-03 00:00:00-04:00,58.764777359953136,60.52960326105818,58.2690394073119,59.419151306152344,276200,0.0,0.0
2023-05-04 00:00:00-04:00,59.42907056266421,59.42907056266421,57.48082005550194,58.25912857055664,208000,0.0,0.0
2023-05-05 00:00:00-04:00,58.6656281698728,60.31148182232478,58.6656281698728,60.11318588256836,152900,0.0,0.0
2023-05-08 00:00:00-04:00,59.99420660974427,60.658497446805605,58.13023459229386,58.30870056152344,166600,0.0,0.0
2023-05-09 00:00:00-04:00,58.01125475802046,58.625972555224806,57.58987824596526,58.30870056152344,140600,0.0,0.0
2023-05-10 00:00:00-04:00,58.56647720321371,58.62100867665012,57.36481048957312,58.23929214477539,137700,0.0,0.0
2023-05-11 00:00:00-04:00,57.86253429692877,59.121709147441564,57.128840464641954,58.844093322753906,147100,0.0,0.0
2023-05-12 00:00:00-04:00,59.44889599541629,59.84548788122471,58.64580291081597,58.94324493408203,131400,0.0,0.0
2023-05-15 00:00:00-04:00,59.181197133963956,59.597618992943275,58.665629194465076,59.5182991027832,152500,0.0,0.0
2023-05-16 00:00:00-04:00,59.52821976026148,61.441768736809934,59.121714752828844,60.06361770629883,328500,0.0,0.0
2023-05-17 00:00:00-04:00,60.48002537308492,60.64857444802247,59.657098622234194,59.756248474121094,236300,0.0,0.0
2023-05-18 00:00:00-04:00,59.548052936189336,60.252000024103076,58.81931743414837,59.36958694458008,133800,0.0,0.0
2023-05-19 00:00:00-04:00,60.053697431011834,60.14293041697007,59.191114421536014,59.6075325012207,162200,0.0,0.0
2023-05-22 00:00:00-04:00,59.76617280882588,59.82566273114667,59.04239577373668,59.151458740234375,137500,0.0,0.0
2023-05-23 00:00:00-04:00,58.982908764560946,59.98925629703024,57.66424387223514,58.3979377746582,156200,0.0,0.0
2023-05-24 00:00:00-04:00,58.22937422519187,58.54168774567586,57.44610742275637,58.28886413574219,130500,0.0,0.0
2023-05-25 00:00:00-04:00,58.189725833730385,58.59623084771968,57.66424475720738,58.31861877441406,98600,0.0,0.0
2023-05-26 00:00:00-04:00,58.764778616271194,59.25059970222481,58.01125479412608,59.14154052734375,114400,0.0,0.0
2023-05-30 00:00:00-04:00,59.0919637052754,59.389409508963496,58.625972591713015,59.14154052734375,122200,0.0,0.0
2023-05-31 00:00:00-04:00,59.032480981907284,59.38941294121653,57.04060306784064,58.2194709777832,601000,0.0,0.0
2023-06-01 00:00:00-04:00,58.26904247588032,60.21233444484842,57.505605534747005,60.103271484375,241900,0.0,0.0
2023-06-02 00:00:00-04:00,60.6584991672364,63.00829611916484,60.56926618009073,62.54230499267578,379700,0.0,0.0
2023-06-05 00:00:00-04:00,61.94740992168081,62.0663859632636,60.56430067342288,60.9955940246582,137500,0.0,0.0
2023-06-06 00:00:00-04:00,60.91628199778137,62.730684831256085,60.91628199778137,62.43324279785156,178400,0.0,0.0
2023-06-07 00:00:00-04:00,62.3737379524412,64.91191717995414,62.3737379524412,64.61447143554688,258100,0.0,0.0
2023-06-08 00:00:00-04:00,64.27739346475349,64.63531637557534,63.79156475899353,64.30713653564453,121200,0.0,0.0
2023-06-09 00:00:00-04:00,63.95019614314528,64.49749278149788,63.14214463873545,64.128662109375,130800,0.0,0.0
2023-06-12 00:00:00-04:00,63.99977632912252,64.3467914027132,63.68250432407371,64.0394287109375,230400,0.0,0.0
2023-06-13 00:00:00-04:00,64.2872961018686,65.41758562886841,64.27242456796765,65.06065368652344,171300,0.0,0.0
2023-06-14 00:00:00-04:00,65.03090545885739,65.88357540105746,64.94167625215246,65.30852508544922,210100,0.0,0.0
2023-06-15 00:00:00-04:00,64.97141482596487,65.50681272223665,64.94167175912102,65.15979766845703,146800,0.0,0.0
2023-06-16 00:00:00-04:00,65.59605299414834,65.94306806648073,65.0606550692521,65.64562225341797,435000,0.0,0.0
2023-06-20 00:00:00-04:00,65.05073778589592,65.05073778589592,63.6180553384905,63.89071273803711,266200,0.0,0.0
2023-06-21 00:00:00-04:00,63.52386776204747,65.05074172766876,63.404891699663466,64.7532958984375,162600,0.0,0.0
2023-06-22 00:00:00-04:00,64.76320846216473,65.02099432603447,63.62300961188511,64.08900451660156,129400,0.0,0.0
2023-06-23 00:00:00-04:00,63.2065952687135,63.43463429582128,62.0763132290572,62.681114196777344,262100,0.0,0.0
2023-06-26 00:00:00-04:00,62.75050907772546,63.95019397954086,62.23494116852489,62.304344177246094,190700,0.0,0.0
2023-06-27 00:00:00-04:00,62.56212835739863,64.55499705290373,62.54230216753349,64.128662109375,172900,0.0,0.0
2023-06-28 00:00:00-04:00,64.01961204415841,64.76321912577603,63.682513798052376,64.45586395263672,236700,0.0,0.0
2023-06-29 00:00:00-04:00,64.77341103926686,65.83031075495512,64.52531308319723,65.65664672851562,250600,0.06,0.0
2023-06-30 00:00:00-04:00,66.5795557057359,66.98643993812554,65.68144242612927,66.03374481201172,227400,0.0,0.0
2023-07-03 00:00:00-04:00,65.39862888351416,65.5623744584786,64.78334316892196,65.36885833740234,54400,0.0,0.0
2023-07-05 00:00:00-04:00,65.27953936391731,65.85512849532658,64.6741796862885,65.00167083740234,170600,0.0,0.0
2023-07-06 00:00:00-04:00,64.18790352342607,64.54516518602027,62.45121783022877,63.691707611083984,313600,0.0,0.0
2023-07-07 00:00:00-04:00,63.81079107863696,65.94442723474222,63.81079107863696,65.23983001708984,408500,0.0,0.0
2023-07-10 00:00:00-04:00,65.37877058700016,66.72842407226562,65.20510656074869,66.72842407226562,237900,0.0,0.0
2023-07-11 00:00:00-04:00,66.49024966980909,67.98876338682265,66.37612673438326,67.91929626464844,183800,0.0,0.0
2023-07-12 00:00:00-04:00,69.15978920452393,69.35826454241199,68.0284631215946,68.84222412109375,260000,0.0,0.0
2023-07-13 00:00:00-04:00,68.97123786731986,68.97123786731986,67.79525587471608,68.5842056274414,174000,0.0,0.0
2023-07-14 00:00:00-04:00,68.39564861607293,68.68344317851802,67.35364165344356,67.87960815429688,313200,0.0,0.0
2023-07-17 00:00:00-04:00,67.72080643033057,68.87198441859795,67.32384824226088,68.60403442382812,116800,0.0,0.0
2023-07-18 00:00:00-04:00,66.57956376753165,68.26663440935751,66.12306443753606,68.157470703125,170500,0.0,0.0
2023-07-19 00:00:00-04:00,68.80252327086887,68.80252327086887,67.33378011902929,68.68343353271484,764400,0.0,0.0
2023-07-20 00:00:00-04:00,69.21932275340228,70.10255078211061,68.03837417893581,68.11776733398438,234200,0.0,0.0
2023-07-21 00:00:00-04:00,68.4750200241983,68.61395424172805,66.92689155952573,67.09559631347656,198500,0.0,0.0
2023-07-24 00:00:00-04:00,66.82766321935988,67.76051397664938,66.82766321935988,67.01622009277344,154900,0.0,0.0
2023-07-25 00:00:00-04:00,66.53987437931148,67.512414120322,66.53987437931148,67.46279907226562,185800,0.0,0.0
2023-07-26 00:00:00-04:00,67.46280930063222,68.07808747498784,66.6291961106006,66.98645782470703,194800,0.0,0.0
2023-07-27 00:00:00-04:00,67.01622009277344,67.03607216963219,65.86504948948009,67.01622009277344,249800,0.0,0.0
2023-07-28 00:00:00-04:00,67.57196545144544,67.75059630849864,66.6291961106006,66.98645782470703,231000,0.0,0.0
2023-07-31 00:00:00-04:00,66.80780930121047,68.24677424542674,66.26199083472963,68.17730712890625,383800,0.0,0.0
2023-08-01 00:00:00-04:00,68.60404407271983,72.80186481995669,66.3552853502076,72.79193878173828,489700,0.0,0.0
2023-08-02 00:00:00-04:00,72.00795227092621,72.03772281586113,70.36554492365727,71.18427276611328,359100,0.0,0.0
2023-08-03 00:00:00-04:00,70.8071607843097,72.3453712629237,70.62852993886646,72.16674041748047,250900,0.0,0.0
2023-08-04 00:00:00-04:00,72.43468569563521,72.5835460011415,70.4201312656524,70.61861419677734,243400,0.0,0.0
2023-08-07 00:00:00-04:00,70.96595231845956,72.73240882419218,70.96595231845956,72.27590942382812,169900,0.0,0.0
2023-08-08 00:00:00-04:00,71.76978175514405,71.76978175514405,70.68807822065254,71.47206115722656,167700,0.0,0.0
2023-08-09 00:00:00-04:00,71.47205357254498,71.65068439806913,70.62852206309422,70.75753784179688,100500,0.0,0.0
2023-08-10 00:00:00-04:00,70.76746072018283,71.55145119378442,70.3010353371611,70.54913330078125,155400,0.0,0.0
2023-08-11 00:00:00-04:00,70.5888316061394,71.21404333538293,70.49951997130412,70.82701110839844,79300,0.0,0.0
2023-08-14 00:00:00-04:00,70.63846242901472,71.29343720789002,70.09264380382693,70.7972412109375,212600,0.0,0.0
2023-08-15 00:00:00-04:00,70.44990079762434,70.64341692058994,69.89416374117944,69.95370483398438,141500,0.0,0.0
2023-08-16 00:00:00-04:00,69.81476773138436,70.43005342696782,68.95139163541718,69.02085876464844,106500,0.0,0.0
2023-08-17 00:00:00-04:00,69.46743369593405,69.62622003577248,67.8647228813557,67.87960815429688,123700,0.0,0.0
2023-08-18 00:00:00-04:00,67.60174920701375,68.23687951363762,67.1551682414701,67.43303680419922,183900,0.0,0.0
2023-08-21 00:00:00-04:00,67.74067440560721,68.79260741528002,67.39829798266855,68.5643539428711,141800,0.0,0.0
2023-08-22 00:00:00-04:00,68.86207549808289,68.90177208389159,67.87960960620383,68.16740417480469,97500,0.0,0.0
2023-08-23 00:00:00-04:00,68.29641058128078,69.57659704695595,68.29641058128078,68.96131134033203,110100,0.0,0.0
2023-08-24 00:00:00-04:00,68.8819196126609,70.25141759364891,67.77142989925298,67.82005310058594,92600,0.0,0.0
2023-08-25 00:00:00-04:00,68.53457815902192,68.68343844953378,67.73074319014634,68.45519256591797,106300,0.0,0.0
2023-08-28 00:00:00-04:00,68.49487982560392,71.44228473125736,68.49487982560392,70.32088470458984,268700,0.0,0.0
2023-08-29 00:00:00-04:00,69.92392499782673,71.10487365722656,69.76514624765828,71.10487365722656,96200,0.0,0.0
2023-08-30 00:00:00-04:00,70.82700977930661,71.98314720485698,70.82700977930661,71.60107421875,128800,0.0,0.0
2023-08-31 00:00:00-04:00,71.68047456941093,72.32552328603609,71.1029017221055,71.62092590332031,149800,0.0,0.0
2023-09-01 00:00:00-04:00,72.06750458547494,72.73240536055786,71.7598579390705,72.43468475341797,122100,0.0,0.0
2023-09-05 00:00:00-04:00,72.43467351693647,72.86140228292061,70.81707764982603,71.1743392944336,265100,0.0,0.0
2023-09-06 00:00:00-04:00,70.99571443403545,72.14192581867667,69.53689719127426,70.53921508789062,148200,0.0,0.0
2023-09-07 00:00:00-04:00,70.17202554191114,70.20179608545946,68.70328987030234,68.84222412109375,372900,0.0,0.0
2023-09-08 00:00:00-04:00,68.48495841547862,69.3413914863841,67.99868099504829,69.03076934814453,193700,0.0,0.0
2023-09-11 00:00:00-04:00,69.61629388894956,69.76515418948033,68.75291020295057,68.9513931274414,156200,0.0,0.0
2023-09-12 00:00:00-04:00,68.86207070617021,69.804839946636,68.72313645118261,68.74298095703125,171700,0.0,0.0
2023-09-13 00:00:00-04:00,68.68344123855339,69.02085841550497,67.15515683184732,67.61165618896484,269300,0.0,0.0
2023-09-14 00:00:00-04:00,68.34602137896806,69.05260229404443,67.33377757132985,67.7307357788086,216900,0.0,0.0
2023-09-15 00:00:00-04:00,67.77044658023796,68.13266751883616,66.77805463893358,67.7803726196289,1150800,0.0,0.0
2023-09-18 00:00:00-04:00,70.48960192205078,73.58586766021627,69.91401275004277,71.86902618408203,448000,0.0,0.0
2023-09-19 00:00:00-04:00,71.53161426120906,72.82171926580915,71.36290944521016,71.62092590332031,192400,0.0,0.0
2023-09-20 00:00:00-04:00,72.1171038446627,72.75223393420109,70.26133619015279,70.31095123291016,161600,0.0,0.0
2023-09-21 00:00:00-04:00,69.70559866390178,69.86438498786184,68.17731436685511,68.55442810058594,129500,0.0,0.0
2023-09-22 00:00:00-04:00,68.66359795173086,69.24414630439753,68.51473765253058,68.6239013671875,132200,0.0,0.0
2023-09-25 00:00:00-04:00,68.72312538137555,70.37049924137101,68.72312538137555,70.3407211303711,151000,0.0,0.0
2023-09-26 00:00:00-04:00,69.77507137485209,70.20180019047812,68.63382675823875,68.65367126464844,121300,0.0,0.0
2023-09-27 00:00:00-04:00,68.49488046479996,69.57659149169922,67.4925701724134,69.57659149169922,328200,0.0,0.0
2023-09-28 00:00:00-04:00,69.49713844060588,70.62943362457627,69.30444926539742,70.41091918945312,161200,0.06,0.0
2023-09-29 00:00:00-04:00,70.63935672192427,71.1359776020839,69.7255685432773,69.74543762207031,200600,0.0,0.0
2023-10-02 00:00:00-04:00,69.12962970782375,69.546789456871,66.96436221983983,67.25240325927734,223700,0.0,0.0
2023-10-03 00:00:00-04:00,66.98423259962088,67.73114937750213,66.78061620226612,67.52058410644531,214900,0.0,0.0
2023-10-04 00:00:00-04:00,67.40139611662924,68.68267908032273,67.16798366329161,68.32511138916016,202900,0.0,0.0
2023-10-05 00:00:00-04:00,68.53368379561213,69.0998313151582,66.98522171785166,67.13320922851562,128400,0.0,0.0
2023-10-06 00:00:00-04:00,66.9147042328107,68.79193066894788,66.57203459198931,68.16618347167969,169600,0.0,0.0
2023-10-09 00:00:00-04:00,67.91786147136445,70.93731700436808,67.78874278455639,69.81495666503906,233500,0.0,0.0
2023-10-10 00:00:00-04:00,69.96396151926903,70.48044397049993,68.99058112777502,69.2388916015625,135200,0.0,0.0
2023-10-11 00:00:00-04:00,69.70570816701915,71.26013397190607,69.49215724463158,71.20550537109375,136000,0.0,0.0
2023-10-12 00:00:00-04:00,71.52334067525751,71.52334067525751,69.37793485381923,70.38111114501953,166000,0.0,0.0
2023-10-13 00:00:00-04:00,70.30165150404709,70.43574126524037,68.51382085874793,69.52692413330078,297500,0.0,0.0
2023-10-16 00:00:00-04:00,70.15267578929021,70.84794969691579,68.99058453328196,69.4872055053711,298800,0.0,0.0
2023-10-17 00:00:00-04:00,69.04025133757796,71.97031211289725,69.04025133757796,70.52017974853516,345900,0.0,0.0
2023-10-18 00:00:00-04:00,69.65604821108381,70.42084867915548,66.17970173615348,66.25916290283203,417400,0.0,0.0
2023-10-19 00:00:00-04:00,65.27585569699447,66.3386241750506,64.34220593162094,64.78916931152344,646100,0.0,0.0
2023-10-20 00:00:00-04:00,65.16659178041951,65.40496767846781,63.61713707635584,64.64017486572266,218800,0.0,0.0
2023-10-23 00:00:00-04:00,64.35213374327341,64.86861611783445,63.795920789464134,64.5011215209961,215800,0.0,0.0
2023-10-24 00:00:00-04:00,65.20632849827876,65.20632849827876,61.64059013091194,61.68031692504883,498100,0.0,0.0
2023-10-25 00:00:00-04:00,61.650521647226874,62.28619582830832,61.01484746614543,61.988224029541016,303000,0.0,0.0
2023-10-26 00:00:00-04:00,62.15708063403208,62.66363234172202,61.62072909253647,62.37559127807617,137800,0.0,0.0
2023-10-27 00:00:00-04:00,62.52457437361029,63.41848975322669,61.978292121247456,62.66362762451172,268700,0.0,0.0
2023-10-30 00:00:00-04:00,63.269509215311736,63.31917055207896,62.037887603332074,62.91194152832031,198100,0.0,0.0
2023-10-31 00:00:00-04:00,62.92187279347123,63.289375024164734,62.14714532461375,62.87221145629883,376100,0.0,0.0
2023-11-01 00:00:00-04:00,66.25916132130256,69.47726271663221,65.43476878681624,68.5833511352539,462000,0.0,0.0
2023-11-02 00:00:00-04:00,70.33144820868013,72.40732747501421,70.30165216765222,71.83124542236328,444900,0.0,0.0
2023-11-03 00:00:00-04:00,73.08273956294254,75.29766471823694,72.03486907336277,74.56266784667969,363000,0.0,0.0
2023-11-06 00:00:00-05:00,74.22496595499226,74.98975883669577,72.85428736750124,74.52293395996094,219400,0.0,0.0
2023-11-07 00:00:00-05:00,74.13557024901796,75.2182077938889,73.7184104953615,74.52293395996094,229400,0.0,0.0
2023-11-08 00:00:00-05:00,74.49314121798959,75.4565870568624,74.40375308588841,74.56266784667969,222100,0.0,0.0
2023-11-09 00:00:00-05:00,75.238074480901,76.37036964904028,74.73151898636468,75.73469543457031,235500,0.0,0.0
2023-11-10 00:00:00-05:00,75.96313188538294,76.8769124708223,75.07417628126727,76.4796142578125,148500,0.0,0.0
2023-11-13 00:00:00-05:00,76.27103910542513,77.25434637045454,76.11211677928556,76.99610137939453,175200,0.0,0.0
2023-11-14 00:00:00-05:00,78.43629809163737,79.4196052507153,77.91980816516921,78.75413513183594,175300,0.0,0.0
2023-11-15 00:00:00-05:00,78.67468169853167,80.01555660665676,78.67468169853167,78.89319610595703,142400,0.0,0.0
2023-11-16 00:00:00-05:00,78.68461793560611,79.17130430402153,77.74103366299079,78.24758911132812,94200,0.0,0.0
2023-11-17 00:00:00-05:00,79.2507646344898,79.2507646344898,77.82049400850251,78.60515594482422,123500,0.0,0.0
2023-11-20 00:00:00-05:00,78.60515584658,78.92299292108731,77.92975111602279,78.46610260009766,213800,0.0,0.0
2023-11-21 00:00:00-05:00,78.43630670531891,78.97762167141296,78.0886735884619,78.6746826171875,127200,0.0,0.0
2023-11-22 00:00:00-05:00,78.6051634470203,79.16137648673067,78.23766121559204,78.3965835571289,124500,0.0,0.0
2023-11-24 00:00:00-05:00,78.03901426196381,79.31036265678156,78.03901426196381,79.25077056884766,100700,0.0,0.0
2023-11-27 00:00:00-05:00,79.14151070912135,79.26070245883736,78.55549407864339,78.57536315917969,165500,0.0,0.0
2023-11-28 00:00:00-05:00,78.66475677015289,78.76408702408874,76.80739923576989,76.84712982177734,171300,0.0,0.0
2023-11-29 00:00:00-05:00,77.37354853835966,77.63179356420889,75.7942899153922,76.06246948242188,276500,0.0,0.0
2023-11-30 00:00:00-05:00,76.59880503473737,77.08549136121034,75.56583272499562,76.62860107421875,222100,0.0,0.0
2023-12-01 00:00:00-05:00,76.4796179977297,78.92299189714832,75.98299710164055,78.54556274414062,1411800,0.0,0.0
2023-12-04 00:00:00-05:00,78.40651409305104,79.64309534694696,78.06880792345187,78.9229965209961,286000,0.0,0.0
2023-12-05 00:00:00-05:00,78.56541845072404,79.64805586481609,77.81055262255433,79.4394760131836,321100,0.0,0.0
2023-12-06 00:00:00-05:00,81.02868436691881,81.79347737444806,80.70091268747693,81.11807250976562,383200,0.0,0.0
2023-12-07 00:00:00-05:00,81.12798731123736,81.52528553105536,80.69095851165424,80.94920349121094,185300,0.0,0.0
2023-12-08 00:00:00-05:00,80.52212264576133,81.74381354911071,80.45259601404774,81.5948257446289,222000,0.0,0.0
2023-12-11 00:00:00-05:00,81.63455328716813,82.80657901937833,81.60475724294966,81.97225189208984,206900,0.0,0.0
2023-12-12 00:00:00-05:00,81.85305337830704,82.41422979440911,81.64446594964421,81.75372314453125,186100,0.0,0.0
2023-12-13 00:00:00-05:00,82.03184760458429,83.59124471402946,81.30678523712164,82.56819915771484,288400,0.0,0.0
2023-12-14 00:00:00-05:00,83.27340028351209,85.38901045717473,82.63772605064823,84.80299377441406,263900,0.0,0.0
2023-12-15 00:00:00-05:00,84.73345327066946,85.94520944676836,84.56956746870526,85.14068603515625,892400,0.0,0.0
2023-12-18 00:00:00-05:00,85.1406821500592,85.76642171077815,84.22690157883481,85.73662567138672,228400,0.0,0.0
2023-12-19 00:00:00-05:00,86.32265458344665,86.81927551858695,85.8905892169474,86.18359375,248500,0.0,0.0
2023-12-20 00:00:00-05:00,85.79623190672352,87.21656811545954,85.5578559744266,85.67704772949219,150500,0.0,0.0
2023-12-21 00:00:00-05:00,86.33257926588524,86.80933868527471,85.34629387335218,85.99488067626953,137100,0.0,0.0
2023-12-22 00:00:00-05:00,86.70008068346579,87.37548543435558,85.30954059894754,86.4219741821289,101200,0.0,0.0
2023-12-26 00:00:00-05:00,86.07433472791236,87.18676065148262,86.07433472791236,86.69013977050781,52000,0.0,0.0
2023-12-27 00:00:00-05:00,87.007986730291,87.38542349258687,86.42197766142928,86.73981475830078,147000,0.0,0.0
2023-12-28 00:00:00-05:00,86.86903124055286,87.1672041382911,86.29255302199643,86.95848083496094,107000,0.06,0.0
2023-12-29 00:00:00-05:00,86.71995049613523,87.03800617171042,85.9297819934939,86.09378051757812,124900,0.0,0.0
2024-01-02 00:00:00-05:00,85.34831942885378,85.87509832329295,83.51949397960269,84.56311798095703,215200,0.0,0.0
2024-01-03 00:00:00-05:00,83.39028591991712,83.72821668645804,81.93915673180337,82.97283935546875,200300,0.0,0.0
2024-01-04 00:00:00-05:00,82.38642763259557,84.13573743712517,82.38642763259557,83.49962615966797,338000,0.0,0.0
2024-01-05 00:00:00-05:00,83.55924762923159,84.46372272881204,83.12191834301304,83.90711975097656,230900,0.0,0.0
2024-01-08 00:00:00-05:00,84.05622385572771,84.48361184248797,83.37041328596142,83.68846893310547,145900,0.0,0.0
2024-01-09 00:00:00-05:00,82.9032612829473,83.91706112103886,82.4907816303627,83.90711975097656,86800,0.0,0.0
2024-01-10 00:00:00-05:00,83.72821778963069,84.24506289979509,83.51452761086324,84.00651550292969,120700,0.0,0.0
2024-01-11 00:00:00-05:00,84.21524610075394,84.5531768706631,83.1914972543401,84.0164566040039,240500,0.0,0.0
2024-01-12 00:00:00-05:00,85.22905552586599,85.44274572784778,83.09211559082425,83.42011260986328,166400,0.0,0.0
2024-01-16 00:00:00-05:00,82.43611035547168,83.42009360537624,82.18762920063416,83.01258087158203,157100,0.0,0.0
2024-01-17 00:00:00-05:00,82.13794645892796,83.16666228674757,82.13794645892796,82.69454193115234,128700,0.0,0.0
2024-01-18 00:00:00-05:00,83.40023535263904,85.21911201157715,82.70448342825688,85.09984588623047,163100,0.0,0.0
2024-01-19 00:00:00-05:00,85.7856458902943,86.8292699492647,85.13960084554955,86.80938720703125,296800,0.0,0.0
2024-01-22 00:00:00-05:00,87.31628330646896,87.77846223477097,86.24284281142268,86.54102325439453,108700,0.0,0.0
2024-01-23 00:00:00-05:00,87.85301355510971,87.85301355510971,86.75473088399119,86.99823760986328,167400,0.0,0.0
2024-01-24 00:00:00-05:00,87.78342735760923,87.78342735760923,85.69618704804091,86.06393432617188,131000,0.0,0.0
2024-01-25 00:00:00-05:00,87.02804878265499,87.5349525289853,85.4775285974612,86.11363983154297,170200,0.0,0.0
2024-01-26 00:00:00-05:00,86.4217472324948,86.81931861806594,85.65642857128121,85.8154525756836,120700,0.0,0.0
2024-01-29 00:00:00-05:00,85.7160631281969,86.85411114456342,85.43776542832981,86.83920288085938,115000,0.0,0.0
2024-01-30 00:00:00-05:00,86.62053905025951,87.69198520482206,86.22296765397826,86.54102325439453,163000,0.0,0.0
2024-01-31 00:00:00-05:00,86.35217507767761,87.60452232106731,85.26880079614982,85.46758270263672,303700,0.0,0.0
2024-02-01 00:00:00-05:00,85.43778208631487,87.23678369909908,85.33839111456153,86.77957916259766,301800,0.0,0.0
2024-02-02 00:00:00-05:00,86.24284285824626,88.23069225768813,85.35825048213812,87.88282012939453,157200,0.0,0.0
2024-02-05 00:00:00-05:00,87.88281698606367,88.35990416140481,86.47144578287136,87.45542907714844,176300,0.0,0.0
2024-02-06 00:00:00-05:00,87.03799264213283,88.21082418532713,87.03799264213283,88.17106628417969,110100,0.0,0.0
2024-02-07 00:00:00-05:00,88.45928825450537,90.18871491285832,87.18706599626674,87.42560577392578,245000,0.0,0.0
2024-02-08 00:00:00-05:00,87.44550683839987,88.38973236083984,86.88890379648933,88.38973236083984,345700,0.0,0.0
2024-02-09 00:00:00-05:00,88.98608675792883,90.20364312990185,88.16112734818346,89.6917724609375,131500,0.0,0.0
2024-02-12 00:00:00-05:00,89.44327747497427,90.05951349024491,89.33394515640943,89.6420669555664,125200,0.0,0.0
2024-02-13 00:00:00-05:00,87.45543723757827,89.0755394444957,86.59072755221163,89.04571533203125,243800,0.0,0.0
2024-02-14 00:00:00-05:00,89.89056794296273,90.18874085504325,89.15505807713177,89.75141906738281,116500,0.0,0.0
2024-02-15 00:00:00-05:00,90.4670296304935,94.01534077182464,90.4670296304935,93.27983856201172,361900,0.0,0.0
2024-02-16 00:00:00-05:00,93.40904316326747,94.27375276691109,92.8126822990456,92.8425064086914,129700,0.0,0.0
2024-02-20 00:00:00-05:00,92.1467694670496,92.93197098749755,91.37150931808809,92.58409881591797,194800,0.0,0.0
2024-02-21 00:00:00-05:00,92.03742090705845,93.65752293677825,91.92312169576714,93.42891693115234,229300,0.0,0.0
2024-02-22 00:00:00-05:00,93.83642709890717,94.80052761142272,92.99158510470882,93.25000762939453,253500,0.0,0.0
2024-02-23 00:00:00-05:00,93.0412967629261,93.97558845760089,93.0412967629261,93.8861312866211,227000,0.0,0.0
2024-02-26 00:00:00-05:00,93.44879644940713,97.18595542434151,93.32953033920349,96.5001449584961,292700,0.0,0.0
2024-02-27 00:00:00-05:00,96.4902046419762,97.62625824644364,95.24779885780276,95.92366790771484,216400,0.0,0.0
2024-02-28 00:00:00-05:00,95.46647026132206,97.82206694206904,95.46647026132206,96.4902114868164,292300,0.0,0.0
2024-02-29 00:00:00-05:00,98.68678765030577,99.35271540149044,94.95956990152668,98.517822265625,437400,0.0,0.0
2024-03-01 00:00:00-05:00,98.93527989611594,98.93527989611594,96.48028431779169,98.3985595703125,307600,0.0,0.0
2024-03-04 00:00:00-05:00,98.10036727825215,99.43223035231003,97.67795382015167,99.08435821533203,262300,0.0,0.0
2024-03-05 00:00:00-05:00,98.66690887925539,99.16387126575582,97.60340967546624,98.37867736816406,192600,0.0,0.0
2024-03-06 00:00:00-05:00,98.68678594454018,99.50180390819749,98.44824613599368,99.38253021240234,252800,0.0,0.0
2024-03-07 00:00:00-05:00,99.72047535500026,100.52555200311367,99.29308739474557,99.412353515625,140700,0.0,0.0
2024-03-08 00:00:00-05:00,99.74035698379181,100.99270441556956,99.63102464386428,99.98883819580078,157900,0.0,0.0
2024-03-11 00:00:00-04:00,99.39247641544242,99.60616659987441,97.75249903797878,98.14012908935547,186300,0.0,0.0
2024-03-12 00:00:00-04:00,97.86182299184405,99.15392810786008,97.86182299184405,98.97502136230469,205900,0.0,0.0
2024-03-13 00:00:00-04:00,99.13405499099977,99.13405499099977,97.64316782766132,98.10037231445312,282500,0.0,0.0
2024-03-14 00:00:00-04:00,97.83201795105991,98.92036681571624,97.6282615479962,98.29916381835938,364300,0.0,0.0
2024-03-15 00:00:00-04:00,97.8419668513776,99.53163610099347,97.5537277284582,98.83589172363281,767500,0.0,0.0
2024-03-18 00:00:00-04:00,101.38031629626597,103.50433434643361,101.35049976946578,101.69837188720703,409500,0.0,0.0
2024-03-19 00:00:00-04:00,101.25111889821042,103.69617291878455,100.83366473232181,103.21908569335938,387800,0.0,0.0
2024-03-20 00:00:00-04:00,102.9109653370715,105.91261462338198,102.48357740864202,105.85298156738281,355400,0.0,0.0
2024-03-21 00:00:00-04:00,106.3400026193633,107.84083105499381,105.81819062990782,107.46314239501953,378900,0.0,0.0
2024-03-22 00:00:00-04:00,106.99599795528336,107.84083245328559,106.59842654944589,107.41344451904297,233500,0.0,0.0
2024-03-25 00:00:00-04:00,107.27429452120242,107.78119824781906,106.7375742664984,106.9164810180664,186000,0.0,0.0
2024-03-26 00:00:00-04:00,107.00595420434169,108.2930850797574,106.98607146061113,107.69175720214844,218800,0.0,0.0
2024-03-27 00:00:00-04:00,108.21881763926643,109.68069775761693,107.88268748811547,109.49174499511719,200500,0.06,0.0
2024-03-28 00:00:00-04:00,109.92932679891588,110.64037316617683,109.51661854048447,109.95915985107422,352500,0.0,0.0
2024-04-01 00:00:00-04:00,109.91938018798828,110.30722504148773,109.21529132379378,109.91938018798828,296100,0.0,0.0
2024-04-02 00:00:00-04:00,109.1735039404804,109.9193604613934,108.81648613254215,109.73040771484375,461900,0.0,0.0
2024-04-03 00:00:00-04:00,109.2431278451643,111.68953656812249,109.05418266695017,111.48069763183594,362400,0.0,0.0
2024-04-04 00:00:00-04:00,112.65418107927101,113.69838336741697,110.04866017938565,110.33705139160156,427400,0.0,0.0
2024-04-05 00:00:00-04:00,110.70500458075824,113.67848399247669,110.70500458075824,113.11163330078125,286500,0.0,0.0
2024-04-08 00:00:00-04:00,113.70833156742218,114.13595636050447,112.69396983747504,113.23098754882812,173500,0.0,0.0
2024-04-09 00:00:00-04:00,113.81772694796798,113.94701362903751,110.77960375153224,111.2221450805664,225800,0.0,0.0
2024-04-10 00:00:00-04:00,109.35251749678756,110.82434447325066,108.53804187589873,109.44202423095703,162400,0.0,0.0
2024-04-11 00:00:00-04:00,110.15804220794328,110.24754894377021,108.706108962074,109.7005844116211,230200,0.0,0.0
2024-04-12 00:00:00-04:00,109.01440624501578,109.54147704220597,106.1602588494579,107.333740234375,381600,0.0,0.0
2024-04-15 00:00:00-04:00,108.9646781985866,109.20335018970489,106.81661510403029,106.95584106445312,147200,0.0,0.0
2024-04-16 00:00:00-04:00,106.43870166837634,108.3182595818827,105.78235184468527,106.99560546875,160100,0.0,0.0
2024-04-17 00:00:00-04:00,107.18457359222803,107.28401962980399,105.52380124424589,105.8818130493164,211200,0.0,0.0
2024-04-18 00:00:00-04:00,106.24975344711618,107.19450967706126,105.1558319694521,105.20555877685547,131000,0.0,0.0
2024-04-19 00:00:00-04:00,105.22544146836059,106.05085788559389,104.30555625977726,105.43428039550781,190200,0.0,0.0
2024-04-22 00:00:00-04:00,105.90168678061825,106.61771030664093,104.39008746020568,104.61881256103516,330600,0.0,0.0
2024-04-23 00:00:00-04:00,105.35473399586527,107.79119586885324,105.06633519833987,107.65196990966797,170300,0.0,0.0
2024-04-24 00:00:00-04:00,107.96026034419928,109.19341545548208,106.32435144732473,106.85639190673828,189800,0.0,0.0
2024-04-25 00:00:00-04:00,105.79228680904329,106.93593499853138,104.41991353400455,106.2298583984375,199400,0.0,0.0
2024-04-26 00:00:00-04:00,106.46853861908674,107.48290782094203,106.46853861908674,107.26412200927734,120300,0.0,0.0
2024-04-29 00:00:00-04:00,107.45308056008828,108.00998441087488,106.39893137321177,107.25418090820312,237000,0.0,0.0
2024-04-30 00:00:00-04:00,106.60777423519774,108.00004150057734,105.01661489786942,105.2950668334961,291300,0.0,0.0
2024-05-01 00:00:00-04:00,106.8862127507623,106.8862127507623,100.19339038236642,100.69062805175781,412800,0.0,0.0
2024-05-02 00:00:00-04:00,102.033185552651,103.08733474993448,100.84478762467135,102.92821502685547,321600,0.0,0.0
2024-05-03 00:00:00-04:00,103.66411503817527,104.6387042823513,102.8884254291603,104.3602523803711,280500,0.0,0.0
2024-05-06 00:00:00-04:00,105.3845601641704,107.40831367340022,105.16577436052496,106.99560546875,204200,0.0,0.0
2024-05-07 00:00:00-04:00,107.31385848445044,110.23761139422841,107.30888125094432,109.46192169189453,492600,0.0,0.0
2024-05-08 00:00:00-04:00,109.00445663078588,111.23207955419328,108.55694570518135,108.8453369140625,409500,0.0,0.0
2024-05-09 00:00:00-04:00,109.14368535216458,109.31274436502846,107.45308004903397,108.44755554199219,181000,0.0,0.0
2024-05-10 00:00:00-04:00,109.73042536091978,110.75474152098266,108.5271108908076,109.66081237792969,208800,0.0,0.0
2024-05-13 00:00:00-04:00,109.80997285189156,110.28732438664751,107.27406511103351,107.8210220336914,202400,0.0,0.0
2024-05-14 00:00:00-04:00,108.38787058715745,108.87019175808898,107.33372910210882,107.8508529663086,142500,0.0,0.0
2024-05-15 00:00:00-04:00,108.82544965127003,110.66522773076318,108.82544965127003,110.40666198730469,184900,0.0,0.0
2024-05-16 00:00:00-04:00,110.22765687100049,110.78456829058749,108.0298670043727,108.05970764160156,120400,0.0,0.0
2024-05-17 00:00:00-04:00,108.23869676352622,108.81549430511124,107.07516238936836,107.43317413330078,174300,0.0,0.0
2024-05-20 00:00:00-04:00,107.72158554384917,108.55694890679243,107.50279972052485,107.5425796508789,140100,0.0,0.0
2024-05-21 00:00:00-04:00,107.18456215280918,107.64201994663284,106.5679922332947,107.26412200927734,194600,0.0,0.0
2024-05-22 00:00:00-04:00,107.19451941559029,108.38788702923196,105.54368637656486,105.75252532958984,146500,0.0,0.0
2024-05-23 00:00:00-04:00,105.69284688752205,105.69284688752205,102.12268375593052,102.51052856445312,302400,0.0,0.0
2024-05-24 00:00:00-04:00,103.20666376284568,103.20666376284568,101.35693876911657,103.1171646118164,393200,0.0,0.0
2024-05-28 00:00:00-04:00,103.46523050206481,103.46523050206481,99.54202501221705,101.0188217163086,304900,0.0,0.0
2024-05-29 00:00:00-04:00,100.01440668682712,100.98899607324685,99.43760904154291,99.94479370117188,301900,0.0,0.0
2024-05-30 00:00:00-04:00,100.66082408459904,102.11275758818923,100.46391985297271,101.7149658203125,207400,0.0,0.0
2024-05-31 00:00:00-04:00,102.10280316284674,102.2818090658017,99.77573401167874,102.2519760131836,527400,0.0,0.0
2024-06-03 00:00:00-04:00,103.42544599290332,103.42544599290332,96.28511201413421,96.62323760986328,283700,0.0,0.0
2024-06-04 00:00:00-04:00,95.63870787384758,96.47407124672534,94.1450067519827,94.84313201904297,542700,0.0,0.0
2024-06-05 00:00:00-04:00,95.94699931676362,96.05638464119909,94.95252381947532,95.00224304199219,244400,0.0,0.0
2024-06-06 00:00:00-04:00,94.8729669374176,94.8729669374176,93.40113981683272,93.73926544189453,368300,0.0,0.0
2024-06-07 00:00:00-04:00,93.48069434681155,94.56466896916791,92.804450722515,92.84423065185547,157700,0.0,0.0
2024-06-10 00:00:00-04:00,92.0486396499317,95.13151942803954,92.0486396499317,95.11162567138672,489500,0.0,0.0
2024-06-11 00:00:00-04:00,94.36577933070734,95.49948079063634,93.54036284701903,95.00224304199219,349900,0.0,0.0
2024-06-12 00:00:00-04:00,96.63316836214192,98.86079861872273,96.63316836214192,97.89615631103516,283900,0.0,0.0
2024-06-13 00:00:00-04:00,97.28953577400162,98.27406435194975,95.28566833523435,95.84754180908203,355600,0.0,0.0
2024-06-14 00:00:00-04:00,94.21659785414269,94.8431222158536,88.93593587540913,91.49173736572266,484300,0.0,0.0
2024-06-17 00:00:00-04:00,91.62102622796051,93.98788280336053,91.62102622796051,93.40113830566406,296700,0.0,0.0
2024-06-18 00:00:00-04:00,93.50057983740194,95.32047175844403,93.46080749559664,94.90279388427734,285300,0.0,0.0
2024-06-20 00:00:00-04:00,95.48953425867725,96.57351650003349,94.61439854928786,95.78787994384766,270000,0.0,0.0
2024-06-21 00:00:00-04:00,96.31494909375574,96.84201988623873,94.8282131012322,96.02655029296875,615700,0.0,0.0
2024-06-24 00:00:00-04:00,96.38456659822363,97.39893588822414,95.76301939164112,95.92710876464844,189600,0.0,0.0
2024-06-25 00:00:00-04:00,95.53926725758669,95.85749913500183,93.40114327468184,93.51053619384766,242900,0.0,0.0
2024-06-26 00:00:00-04:00,93.13263958300746,95.15142379641675,92.79451394044449,94.96247100830078,232800,0.0,0.0
2024-06-27 00:00:00-04:00,95.33042275553878,95.40003573757366,93.50058387637836,94.30611419677734,200300,0.0,0.0
2024-06-28 00:00:00-04:00,94.59475271191835,97.40154112953083,93.40535141211,93.98760986328125,712300,0.08,0.0
2024-07-01 00:00:00-04:00,94.7440478472366,94.8535331169401,92.21594655402697,92.32543182373047,175500,0.0,0.0
2024-07-02 00:00:00-04:00,92.57425867425749,93.2112597245521,91.62870478228943,92.16617584228516,262900,0.0,0.0
2024-07-03 00:00:00-04:00,92.58421183292371,93.82338192733282,92.23585304945087,92.78327941894531,195200,0.0,0.0
2024-07-05 00:00:00-04:00,92.62402207632928,93.47999368183793,90.39451834725294,91.54908752441406,363100,0.0,0.0
2024-07-08 00:00:00-04:00,92.20599306808253,92.72356118830928,91.38983496494204,91.91735076904297,241900,0.0,0.0
2024-07-09 00:00:00-04:00,92.0168812634793,92.25576236349086,91.34006666741696,91.63866424560547,183500,0.0,0.0
2024-07-10 00:00:00-04:00,91.38984749728438,93.04207448518821,91.38984749728438,92.74347686767578,176900,0.0,0.0
2024-07-11 00:00:00-04:00,93.58948431136217,95.75927168782373,93.58948431136217,95.28152465820312,173500,0.0,0.0
2024-07-12 00:00:00-04:00,96.3365572376875,97.08801746529586,95.35119733515523,95.36114501953125,173600,0.0,0.0
2024-07-15 00:00:00-04:00,95.94838257894959,99.70071737671601,95.73438587166189,99.09357452392578,346700,0.0,0.0
2024-07-16 00:00:00-04:00,99.36230528969352,102.92553506381401,99.36230528969352,102.83595275878906,224400,0.0,0.0
2024-07-17 00:00:00-04:00,101.87051068479003,103.15446822272635,99.38222264855358,99.50166320800781,245000,0.0,0.0
2024-07-18 00:00:00-04:00,98.8447462298306,101.66148995853236,97.37168404368444,97.61055755615234,237100,0.0,0.0
2024-07-19 00:00:00-04:00,97.58070638914053,98.06840872726065,95.68960592703982,97.3219223022461,181600,0.0,0.0
2024-07-22 00:00:00-04:00,99.19311427071857,100.43725824304654,96.96360280487725,100.31781768798828,291600,0.0,0.0
2024-07-23 00:00:00-04:00,99.49170949325416,101.47238467500404,99.32748156904326,101.00459289550781,157600,0.0,0.0
2024-07-24 00:00:00-04:00,100.68608092356807,100.68608092356807,97.41149327600479,97.57073974609375,216300,0.0,0.0
2024-07-25 00:00:00-04:00,97.37167629733963,100.54672624532806,96.60527943173277,98.9542236328125,224300,0.0,0.0
2024-07-26 00:00:00-04:00,100.04908201978836,100.67613546485752,98.83480383677303,99.50166320800781,279700,0.0,0.0
2024-07-29 00:00:00-04:00,99.4916966390276,100.23818296518505,98.27741100016054,98.47647857666016,210700,0.0,0.0
2024-07-30 00:00:00-04:00,99.4817435691457,100.30785694423328,98.51629427789415,99.70071411132812,218600,0.0,0.0
2024-07-31 00:00:00-04:00,100.25810406798949,102.98028417095617,99.23292302687152,101.1240234375,240100,0.0,0.0
2024-08-01 00:00:00-04:00,100.5268343223045,101.83069479295179,97.47619083097078,97.7797622680664,448900,0.0,0.0
2024-08-02 00:00:00-04:00,97.4214512545335,97.4214512545335,88.1202368779893,95.5403060913086,575200,0.0,0.0
2024-08-05 00:00:00-04:00,89.96653317616504,93.17144908064347,89.23995739030856,92.4050521850586,470300,0.0,0.0
2024-08-06 00:00:00-04:00,92.51454854490568,96.38632422203322,92.03182004588632,94.06724548339844,189000,0.0,0.0
2024-08-07 00:00:00-04:00,95.21184335433843,96.73467419826453,92.4249581175649,92.57425689697266,216200,0.0,0.0
2024-08-08 00:00:00-04:00,94.27625595607935,95.46068346144824,93.51981428590368,94.30611419677734,178200,0.0,0.0
2024-08-09 00:00:00-04:00,94.65446667208965,94.65446667208965,92.69369466492961,94.17671966552734,112100,0.0,0.0
2024-08-12 00:00:00-04:00,93.80845463857385,94.7291242069703,93.25108057413827,93.57952880859375,138300,0.0,0.0
2024-08-13 00:00:00-04:00,93.81840698720477,94.95306563646542,93.25107766257445,94.61465454101562,153200,0.0,0.0
2024-08-14 00:00:00-04:00,95.52039269907898,97.64041115804044,94.85353339522067,97.14275360107422,285400,0.0,0.0
2024-08-15 00:00:00-04:00,99.26278387165979,99.9097326482853,97.80961706115556,99.09357452392578,205200,0.0,0.0
2024-08-16 00:00:00-04:00,98.61582641235178,100.3974414335605,98.61582641235178,99.72062683105469,219400,0.0,0.0
2024-08-19 00:00:00-04:00,99.79030185870556,100.55669120445265,99.2727337137719,100.31781768798828,149000,0.0,0.0
2024-08-20 00:00:00-04:00,100.16853068613725,100.64628536896763,97.89921302841232,98.15799713134766,156200,0.0,0.0
2024-08-21 00:00:00-04:00,98.58596755447812,100.27800025330136,97.54088362107726,100.06898498535156,169700,0.0,0.0
2024-08-22 00:00:00-04:00,100.13865553384005,100.70598485247761,99.0039968965649,100.12870025634766,102800,0.0,0.0
2024-08-23 00:00:00-04:00,101.03444599514592,103.35352459215656,99.80024970516226,103.22413635253906,164200,0.0,0.0
2024-08-26 00:00:00-04:00,103.90094441823597,106.07073167625053,102.50252789434538,102.59708404541016,312400,0.0,0.0
2024-08-27 00:00:00-04:00,101.42261570145973,102.53736381389398,100.59152845918886,102.2785873413086,134100,0.0,0.0
2024-08-28 00:00:00-04:00,102.15914736425871,103.89099361557753,101.97003505398382,102.56723022460938,161900,0.0,0.0
2024-08-29 00:00:00-04:00,103.38339132755577,104.36875123760831,102.03970974862236,102.73643493652344,156100,0.0,0.0
2024-08-30 00:00:00-04:00,103.23408939005526,104.51804685495568,102.0347328023362,104.47823333740234,143600,0.0,0.0
2024-09-03 00:00:00-04:00,103.60236131216904,103.60236131216904,97.859395628469,97.90916442871094,215600,0.0,0.0
2024-09-04 00:00:00-04:00,97.38164361817343,97.55085298741523,95.62989418798395,96.5157241821289,258400,0.0,0.0
2024-09-05 00:00:00-04:00,96.6849202152342,97.3418319077785,94.50517744553129,94.90330505371094,345200,0.0,0.0
2024-09-06 00:00:00-04:00,94.69428465992318,96.11758565667331,93.25605454311625,93.50985717773438,281900,0.0,0.0
2024-09-09 00:00:00-04:00,93.98760803395444,95.39099841861984,93.01219586530294,94.39568328857422,262200,0.0,0.0
2024-09-10 00:00:00-04:00,94.72414882618968,96.49580872452486,94.0075206440198,95.05260467529297,146400,0.0,0.0
2024-09-11 00:00:00-04:00,94.30612052184776,96.34651983445175,92.7136176307107,96.13749694824219,229300,0.0,0.0
2024-09-12 00:00:00-04:00,96.48585917135753,97.35177854666867,95.4606857170245,97.23234558105469,348200,0.0,0.0
2024-09-13 00:00:00-04:00,98.57601524949902,99.77039041484424,97.41945647164803,98.39685821533203,165900,0.0,0.0
2024-09-16 00:00:00-04:00,99.0935817239198,100.72589809124054,98.89452171567193,100.5069351196289,192800,0.0,0.0
2024-09-17 00:00:00-04:00,101.11405352178372,103.65210996779997,100.72588125502611,103.32365417480469,206300,0.0,0.0
2024-09-18 00:00:00-04:00,103.28385469134871,105.55317972005258,102.22882301209023,102.8160629272461,239400,0.0,0.0
2024-09-19 00:00:00-04:00,105.52332106679805,105.63280635345346,103.77157166761718,105.43374633789062,266300,0.0,0.0
2024-09-20 00:00:00-04:00,105.01570329685056,105.56312207156496,103.51277529850549,105.10527801513672,550900,0.0,0.0
2024-09-23 00:00:00-04:00,105.1351360034437,106.25984697691865,104.50411112237536,105.24462127685547,173600,0.0,0.0
2024-09-24 00:00:00-04:00,106.19017605795649,106.62810956140517,105.15504738804259,105.3939208984375,156200,0.0,0.0
2024-09-25 00:00:00-04:00,105.92143027119945,105.92143027119945,104.04924586355125,104.69719696044922,133100,0.0,0.0
2024-09-26 00:00:00-04:00,105.19486105057865,106.88689377482697,104.85644994953779,106.52857971191406,143500,0.0,0.0
2024-09-27 00:00:00-04:00,107.47484682424327,108.67011546537445,105.6022496606497,106.09032440185547,148400,0.08,0.0
2024-09-30 00:00:00-04:00,106.12019508363927,106.48873988663678,104.58626232429643,105.89109802246094,240000,0.0,0.0
2024-10-01 00:00:00-04:00,106.09030752015504,106.09030752015504,103.68980029538885,104.56633758544922,153100,0.0,0.0
2024-10-02 00:00:00-04:00,104.08823849179586,106.31941008859161,102.80332056882892,104.42689514160156,153800,0.0,0.0
2024-10-03 00:00:00-04:00,103.51051526840351,103.51051526840351,101.15981392587561,101.34906768798828,154000,0.0,0.0
2024-10-04 00:00:00-04:00,102.92284420040305,103.52047846323228,101.58314277163393,102.7435531616211,214600,0.0,0.0
2024-10-07 00:00:00-04:00,102.82324129257108,103.05233075706757,101.68772629710048,102.57422637939453,195200,0.0,0.0
2024-10-08 00:00:00-04:00,103.14198241698877,103.442786785026,101.47357942112933,102.71367645263672,203700,0.0,0.0
2024-10-09 00:00:00-04:00,102.23555946470778,104.84523842211918,102.23555946470778,103.52047729492188,135600,0.0,0.0
2024-10-10 00:00:00-04:00,102.42482332153513,102.85312930715784,101.59809192613946,102.69375610351562,183100,0.0,0.0
2024-10-11 00:00:00-04:00,103.00252543057444,106.49868910573362,103.00252543057444,106.44889068603516,172600,0.0,0.0
2024-10-14 00:00:00-04:00,107.08638152587223,108.66015009182621,106.46384420726199,108.55059051513672,168400,0.0,0.0
2024-10-15 00:00:00-04:00,108.93904777357496,110.20404019834305,108.10235370734088,108.74979400634766,287600,0.0,0.0
2024-10-16 00:00:00-04:00,109.44702586435471,111.21005560798737,109.44702586435471,110.81163024902344,304500,0.0,0.0
2024-10-17 00:00:00-04:00,110.53274678474085,112.1065229439756,109.73589598025092,112.05671691894531,235200,0.0,0.0
2024-10-18 00:00:00-04:00,112.58462261918763,113.49104056121301,110.98096595201359,113.47111511230469,305300,0.0,0.0
2024-10-21 00:00:00-04:00,113.29182436776526,113.57570502046704,111.48398124016893,112.44517517089844,286100,0.0,0.0
2024-10-22 00:00:00-04:00,111.91726118261778,112.69418648192797,110.38332843298885,110.60246276855469,311900,0.0,0.0
2024-10-23 00:00:00-04:00,110.17415992960723,111.35448819844626,109.47692120525761,111.05068969726562,276700,0.0,0.0
2024-10-24 00:00:00-04:00,110.96104347721099,111.05068519556546,108.43105112389391,110.65225982666016,372600,0.0,0.0
2024-10-25 00:00:00-04:00,112.32564581313966,112.61450402979912,108.53563845904844,109.60640716552734,174900,0.0,0.0
2024-10-28 00:00:00-04:00,110.7220022340984,112.156323064793,110.07456189558154,110.98097229003906,306800,0.0,0.0
2024-10-29 00:00:00-04:00,115.28393770177196,125.36406374041199,110.98096046933772,125.03536224365234,705600,0.0,0.0
2024-10-30 00:00:00-04:00,124.49749942887415,126.8282830720435,122.1069546356574,124.9357681274414,537900,0.0,0.0
2024-10-31 00:00:00-04:00,123.72057140737947,124.44769831435019,121.92766855071008,122.55518341064453,402400,0.0,0.0
2024-11-01 00:00:00-04:00,122.6647486732586,125.12501724984097,122.6647486732586,122.96356201171875,301700,0.0,0.0
2024-11-04 00:00:00-05:00,123.57116304959753,124.88596154004168,121.78124669988652,122.02727508544922,219900,0.0,0.0
2024-11-05 00:00:00-05:00,122.00733474615382,126.79838645108003,121.54914825533031,126.20074462890625,264100,0.0,0.0
2024-11-06 00:00:00-05:00,134.33856989377503,135.43424166785877,131.09142067033673,132.58551025390625,473000,0.0,0.0
2024-11-07 00:00:00-05:00,133.01380083792066,133.09348743487726,130.95196523682714,131.85838317871094,354600,0.0,0.0
2024-11-08 00:00:00-05:00,132.3165690297157,133.32756903353933,129.99574806752653,130.7029571533203,258300,0.0,0.0
2024-11-11 00:00:00-05:00,132.53569992152148,135.31471496791372,131.62928195592892,134.54774475097656,245300,0.0,0.0
2024-11-12 00:00:00-05:00,133.75088470999992,134.29872054135643,131.14121336620084,131.39022827148438,276200,0.0,0.0
2024-11-13 00:00:00-05:00,130.54356301236277,133.23591491109147,128.40204104585712,128.4219512939453,278600,0.0,0.0
2024-11-14 00:00:00-05:00,129.14910891232387,129.14910891232387,125.4935639086863,125.9417953491211,278100,0.0,0.0
2024-11-15 00:00:00-05:00,126.03143436308815,126.15594182730511,123.2723522997465,123.6209716796875,289400,0.0,0.0
2024-11-18 00:00:00-05:00,122.38585357910198,123.87994307421887,121.20054014785627,121.87786102294922,331600,0.0,0.0
2024-11-19 00:00:00-05:00,120.7622630344446,121.5192704536078,120.47839000184067,120.72241973876953,298800,0.0,0.0
2024-11-20 00:00:00-05:00,121.01128058405193,122.94363867030363,119.357825573636,121.52923583984375,488900,0.0,0.0
2024-11-21 00:00:00-05:00,122.13683903148844,125.33418964875868,121.30014496004765,124.96564483642578,370600,0.0,0.0
2024-11-22 00:00:00-05:00,125.50351233896333,127.28645997379382,125.24951987117966,127.03744506835938,349200,0.0,0.0
2024-11-25 00:00:00-05:00,127.79446027730584,130.19496775929983,127.79446027730584,128.61122131347656,285900,0.0,0.0
2024-11-26 00:00:00-05:00,128.23272452084626,129.39811248485583,126.82827676986136,128.21279907226562,155700,0.0,0.0
2024-11-27 00:00:00-05:00,128.5116155581228,128.56142157851838,125.92185448418759,127.75460052490234,161400,0.0,0.0
2024-11-29 00:00:00-05:00,128.21278331937162,129.49272345712959,127.92391754576835,128.5713653564453,159600,0.0,0.0
2024-12-02 00:00:00-05:00,129.52757081922658,130.72285437932464,128.04045775354078,129.9359588623047,269000,0.0,0.0
2024-12-03 00:00:00-05:00,129.98579790010436,130.00572335081122,128.1132006989666,129.1690216064453,257800,0.0,0.0
2024-12-04 00:00:00-05:00,129.52758650069183,131.57948208798987,129.5176313759951,130.4838104248047,185100,0.0,0.0
2024-12-05 00:00:00-05:00,130.88223436306723,131.50975681780264,128.6809510069068,129.80650329589844,199000,0.0,0.0
2024-12-06 00:00:00-05:00,130.11526031430208,130.76269292459435,127.78446948019317,127.90400695800781,337500,0.0,0.0
2024-12-09 00:00:00-05:00,129.41802708938758,129.9359823792634,126.19080344928456,127.88410186767578,276800,0.0,0.0
2024-12-10 00:00:00-05:00,128.83035170401894,130.20491888694622,126.24059812944886,129.54751586914062,316000,0.0,0.0
2024-12-11 00:00:00-05:00,130.24473586821327,131.0117059454323,128.12313945006363,128.31239318847656,290400,0.0,0.0
2024-12-12 00:00:00-05:00,130.59338202227406,130.59338202227406,126.13103142255247,127.5553970336914,139800,0.0,0.0
2024-12-13 00:00:00-05:00,127.2067770499791,127.62014271684521,124.51741903343498,127.12709045410156,272600,0.0,0.0
2024-12-16 00:00:00-05:00,127.26654141437751,130.92208619951367,127.26654141437751,129.99574279785156,260900,0.0,0.0
2024-12-17 00:00:00-05:00,129.73678452258463,130.83245634466013,128.92000821909818,128.99969482421875,354900,0.0,0.0
2024-12-18 00:00:00-05:00,129.36823418194209,129.41802500627148,123.1727418483999,123.3918685913086,427800,0.0,0.0
2024-12-19 00:00:00-05:00,124.54730160633095,126.78843585587049,120.37879433397369,121.63880920410156,442800,0.0,0.0
2024-12-20 00:00:00-05:00,120.16463084114275,123.83710669947071,119.13869065789324,120.19451141357422,831900,0.0,0.0
2024-12-23 00:00:00-05:00,119.78614308227739,120.8967475332455,119.68653863095277,120.53318786621094,170900,0.0,0.0
2024-12-24 00:00:00-05:00,121.05113600040603,122.1069568669762,120.24433006269354,121.86790466308594,57800,0.0,0.0
2024-12-26 00:00:00-05:00,120.99136291552381,122.98348214989659,120.99136291552381,122.25635528564453,83800,0.0,0.0
2024-12-27 00:00:00-05:00,121.05113240615188,122.58506523428956,120.11483386966115,120.93161010742188,130300,0.0,0.0
2024-12-30 00:00:00-05:00,119.92557938348867,120.85191513109291,117.76413183885603,119.7164077758789,115400,0.0,0.0
2024-12-31 00:00:00-05:00,121.0121583942515,121.1118291859863,119.16323364933633,119.5469741821289,152600,0.08,0.0
2025-01-02 00:00:00-05:00,120.07523229521813,120.68323399062777,116.76611192884793,117.94224548339844,193900,0.0,0.0
2025-01-03 00:00:00-05:00,118.04191776645787,118.78946009607631,115.96873188059489,117.5435562133789,190100,0.0,0.0
2025-01-06 00:00:00-05:00,113.18786231588895,119.6964623391728,111.82235666221324,117.5933837890625,362500,0.0,0.0
2025-01-07 00:00:00-05:00,117.78276661579038,118.4107070340768,115.47036933358413,116.79601287841797,262100,0.0,0.0
2025-01-08 00:00:00-05:00,116.39732200879632,117.69505742734508,114.89226800364123,117.23457336425781,316900,0.0,0.0
2025-01-10 00:00:00-05:00,115.6398092696658,117.17476373699414,113.57161190479194,114.66302490234375,212000,0.0,0.0
2025-01-13 00:00:00-05:00,113.45699567574562,116.81594775593187,113.09318625825127,116.40729522705078,204300,0.0,0.0
2025-01-14 00:00:00-05:00,117.25449483669993,119.82604203958694,117.25449483669993,119.65660095214844,184100,0.0,0.0
2025-01-15 00:00:00-05:00,122.26802669452589,122.58498544632873,119.8758896193388,120.67327117919922,182300,0.0,0.0
2025-01-16 00:00:00-05:00,121.28125954911287,124.37109944555264,121.28125954911287,123.65345764160156,162800,0.0,0.0
2025-01-17 00:00:00-05:00,125.19838583851894,125.26815614947027,122.69660879544654,123.50395965576172,207800,0.0,0.0
2025-01-21 00:00:00-05:00,125.12861457762362,128.4177961317218,125.12861457762362,128.05897521972656,194700,0.0,0.0
2025-01-22 00:00:00-05:00,128.8364284213107,129.15538712835925,124.44088330021692,124.92927551269531,192500,0.0,0.0
2025-01-23 00:00:00-05:00,124.99904551143469,125.44756785710723,122.98566062495513,123.37438201904297,197700,0.0,0.0
2025-01-24 00:00:00-05:00,123.11522803637537,123.61358956237241,121.9590332503468,123.59365844726562,213600,0.0,0.0
2025-01-27 00:00:00-05:00,122.83615350360301,123.06540316400849,119.85595354469493,120.58356475830078,142300,0.0,0.0
2025-01-28 00:00:00-05:00,120.16493563954855,123.08035377639062,120.16493563954855,122.30789184570312,172400,0.0,0.0
2025-01-29 00:00:00-05:00,121.96899918662352,123.33450486271609,120.2496458866785,121.01214599609375,179800,0.0,0.0
2025-01-30 00:00:00-05:00,122.28796937597112,125.42764130915688,122.28796937597112,123.8328857421875,162400,0.0,0.0
2025-01-31 00:00:00-05:00,124.10199144894003,124.55051378822726,122.34775671829077,123.4341812133789,156100,0.0,0.0
2025-02-03 00:00:00-05:00,119.49713820851478,120.98724205987779,117.61333205763805,119.69647979736328,146600,0.0,0.0
2025-02-04 00:00:00-05:00,120.06526051215245,122.03877554346555,119.80611038383196,121.24139404296875,125500,0.0,0.0
2025-02-05 00:00:00-05:00,121.45069972957924,121.75968903998103,119.64663347801726,121.4207992553711,110100,0.0,0.0
2025-02-06 00:00:00-05:00,121.81950260462706,124.87944232058652,121.56035246066216,123.94252014160156,202500,0.0,0.0
2025-02-07 00:00:00-05:00,124.24153356700616,124.83458501690164,122.16834773348042,122.42749786376953,135100,0.0,0.0
2025-02-10 00:00:00-05:00,123.69332966160917,124.57543169492072,121.89923272441865,122.44742584228516,171900,0.0,0.0
2025-02-11 00:00:00-05:00,121.111821838035,122.63182603405095,121.111821838035,122.31785583496094,110600,0.0,0.0
2025-02-12 00:00:00-05:00,120.74303260718371,127.08219196781192,120.33438010102284,123.67340087890625,163900,0.0,0.0
2025-02-13 00:00:00-05:00,124.72993114253538,128.96600441999476,124.72993114253538,128.49754333496094,230600,0.0,0.0
2025-02-14 00:00:00-05:00,128.13872216382285,128.98594290125558,127.12704880308455,128.76666259765625,220900,0.0,0.0
2025-02-18 00:00:00-05:00,129.61384684253102,135.24534068380765,129.61384684253102,131.23851013183594,421700,0.0,0.0
2025-02-19 00:00:00-05:00,129.65373922059385,130.59563461644325,124.23156326757125,124.71995544433594,596700,0.0,0.0
2025-02-20 00:00:00-05:00,121.35103299181137,127.87957210006869,117.85253290938812,119.7164077758789,460800,0.0,0.0
2025-02-21 00:00:00-05:00,122.03878352096596,122.03878352096596,118.36087270620494,119.75628662109375,329800,0.0,0.0
2025-02-24 00:00:00-05:00,120.1948316493098,122.06368741003963,117.48873215788193,121.07195281982422,284800,0.0,0.0
2025-02-25 00:00:00-05:00,121.66001871276801,123.84284472728265,121.42080729886305,123.1451416015625,467200,0.0,0.0
2025-02-26 00:00:00-05:00,123.64350653097355,125.8960953152668,123.00560434018684,124.07209777832031,360500,0.0,0.0
2025-02-27 00:00:00-05:00,123.66342750548117,125.74658261735563,123.03549472666006,123.72322845458984,456400,0.0,0.0
2025-02-28 00:00:00-05:00,122.98565206106585,125.16847789463394,122.01882952100341,124.88939666748047,242200,0.0,0.0
2025-03-03 00:00:00-05:00,126.01569842292999,126.11038833156748,118.2113549363249,120.025390625,228900,0.0,0.0
2025-03-04 00:00:00-05:00,118.05188005884959,118.75955250932529,114.40387005861308,117.17475891113281,292500,0.0,0.0
2025-03-05 00:00:00-05:00,117.67312019051637,120.81279930130995,117.50367909801982,120.75299835205078,206500,0.0,0.0
2025-03-06 00:00:00-05:00,119.7762148620283,121.74474149257658,117.7179868012709,120.11510467529297,278900,0.0,0.0
2025-03-07 00:00:00-05:00,119.8061141041774,122.24809027253364,117.83260661597444,122.06867980957031,180700,0.0,0.0
2025-03-10 00:00:00-04:00,119.94566395959978,124.70003779175444,119.3277004541501,122.0088882446289,488000,0.0,0.0
2025-03-11 00:00:00-04:00,122.85609137390314,126.15524239985027,121.1516957862812,124.86946868896484,881800,0.0,0.0
2025-03-12 00:00:00-04:00,126.5539320305614,126.83301327922723,119.22801883550834,119.25791931152344,807900,0.0,0.0
2025-03-13 00:00:00-04:00,118.84925628653606,121.15169174048592,115.39062603005863,115.5301742553711,409400,0.0,0.0
2025-03-14 00:00:00-04:00,117.80270144402034,119.99548914448607,115.94380745329059,119.88584899902344,451000,0.0,0.0
2025-03-17 00:00:00-04:00,119.06853670081476,123.03549785439148,119.06853670081476,121.44073486328125,339100,0.0,0.0
2025-03-18 00:00:00-04:00,123.11523704816054,123.11523704816054,118.64992170683536,119.37752532958984,334000,0.0,0.0
2025-03-19 00:00:00-04:00,119.5071012458528,123.61359555224256,119.47720076954705,121.99890899658203,591000,0.0,0.0
2025-03-20 00:00:00-04:00,121.1018596760505,122.06868232391213,119.83103617091686,119.98552703857422,286100,0.0,0.0
2025-03-21 00:00:00-04:00,118.52033595398251,118.69973879433115,116.5468210618241,118.5701675415039,443300,0.0,0.0
2025-03-24 00:00:00-04:00,120.56362123520353,123.27969007107555,120.19483096294378,122.48729705810547,304600,0.0,0.0
2025-03-25 00:00:00-04:00,122.9059224239227,124.23156596546612,121.15169525170238,122.36769104003906,287500,0.0,0.0
2025-03-26 00:00:00-04:00,122.80624801273841,122.91588815831722,119.42735742835674,120.05529022216797,306800,0.0,0.0
2025-03-27 00:00:00-04:00,119.93569081334626,119.93569081334626,116.44217152865046,119.18814849853516,327900,0.0,0.0
2025-03-28 00:00:00-04:00,119.19810729422632,119.19810729422632,113.77593900976457,115.46039581298828,353900,0.0,0.0
2025-03-31 00:00:00-04:00,114.21449559834655,117.64322547232054,111.83232801397783,116.11824035644531,368300,0.0,0.0
2025-04-01 00:00:00-04:00,117.65319369924717,121.41083637844048,117.2345718291947,120.50382232666016,327300,0.0,0.0
2025-04-02 00:00:00-04:00,118.93896950938462,123.31458331596825,117.9223076875451,122.77635192871094,277500,0.0,0.0
2025-04-03 00:00:00-04:00,117.07508469898396,117.97711781293333,112.33068100742804,112.50012969970703,733300,0.0,0.0
2025-04-04 00:00:00-04:00,106.57539811485744,109.28143086279296,103.97210510502545,106.83473205566406,490200,0.08,0.0
2025-04-07 00:00:00-04:00,104.00202749865963,110.29581626058227,99.9075814232575,105.34856414794922,545200,0.0,0.0
2025-04-08 00:00:00-04:00,109.92675629413137,109.92675629413137,102.59564752234317,104.21148681640625,332400,0.0,0.0
2025-04-09 00:00:00-04:00,102.22660133722749,117.94610069360137,102.15578465760615,117.27782440185547,736500,0.0,0.0
2025-04-10 00:00:00-04:00,113.96635343154912,117.23293818919835,110.96408701395919,112.79935455322266,783600,0.0,0.0
2025-04-11 00:00:00-04:00,112.94897199157327,115.80162242365027,110.83940965508745,115.02362823486328,341400,0.0,0.0
2025-04-14 00:00:00-04:00,115.54228971054165,116.32029151732884,113.34794671337288,115.16326904296875,286100,0.0,0.0
2025-04-15 00:00:00-04:00,114.86403941808338,117.17807665255692,114.70444696960193,115.25303649902344,189000,0.0,0.0
2025-04-16 00:00:00-04:00,114.9139068911471,116.00011264255099,111.56753357530373,113.19832611083984,272200,0.0,0.0
2025-04-17 00:00:00-04:00,113.58733043845861,114.64461145758764,112.8292890856187,113.08861541748047,228800,0.0,0.0
2025-04-21 00:00:00-04:00,112.09118394256323,112.09118394256323,108.46053924503909,109.53776550292969,172600,0.0,0.0
2025-04-22 00:00:00-04:00,111.85180546720079,113.34795054579875,110.08635762276164,112.65972137451172,252600,0.0,0.0
2025-04-23 00:00:00-04:00,116.86887427519865,119.38240220123438,114.1359181357484,115.0036849975586,287900,0.0,0.0
2025-04-24 00:00:00-04:00,115.3926762282887,120.05067238460082,115.10342062240088,119.69159698486328,189100,0.0,0.0
2025-04-25 00:00:00-04:00,119.34250681355809,119.64173126220703,118.18548430471091,119.64173126220703,162700,0.0,0.0
2025-04-28 00:00:00-04:00,119.37242242506758,122.38465766971287,118.5146320182918,118.94352722167969,304100,0.0,0.0
2025-04-29 00:00:00-04:00,118.87371785017045,119.06323200147718,116.59957847364035,118.19546508789062,324600,0.0,0.0
2025-04-30 00:00:00-04:00,117.07833087168714,120.24018976082927,114.05611918380096,119.81129455566406,384900,0.0,0.0
2025-05-01 00:00:00-04:00,123.82096257530793,124.44934075092856,117.27782405274982,117.92615509033203,411500,0.0,0.0
2025-05-02 00:00:00-04:00,120.968313273026,124.63885610153835,119.98085967037522,123.45191192626953,335700,0.0,0.0
2025-05-05 00:00:00-04:00,121.44707539028734,124.02043893182994,120.89848586236516,122.31483459472656,339500,0.0,0.0
2025-05-06 00:00:00-04:00,121.32739220396431,122.9033335291964,120.25016591002434,121.97572326660156,250900,0.0,0.0
2025-05-07 00:00:00-04:00,124.8383416284388,125.21736228641295,121.53185876513838,121.75627899169922,312800,0.0,0.0
2025-05-08 00:00:00-04:00,123.49180702969153,126.53895601282493,122.01561487724823,125.60636138916016,255200,0.0,0.0
2025-05-09 00:00:00-04:00,128.17972601113883,128.25952223885116,125.9554613346139,127.53140258789062,271300,0.0,0.0
2025-05-12 00:00:00-04:00,131.3914478471995,132.2093477414442,127.14738599458404,128.329345703125,286700,0.0,0.0
2025-05-13 00:00:00-04:00,128.99761242309654,130.5536006516232,128.15977494920875,129.10733032226562,303000,0.0,0.0
2025-05-14 00:00:00-04:00,128.38919629064495,129.0774254551152,127.54138227646105,128.21963500976562,295900,0.0,0.0
2025-05-15 00:00:00-04:00,127.39176662188939,128.78816259768348,126.5638978578205,127.95032501220703,208600,0.0,0.0
2025-05-16 00:00:00-04:00,127.72092481183992,129.97511131401512,127.72092481183992,129.91526794433594,214800,0.0,0.0
2025-05-19 00:00:00-04:00,128.22961026990865,129.69583372360108,127.28205472585088,129.40658569335938,175000,0.0,0.0
2025-05-20 00:00:00-04:00,129.00761254789853,129.72077145576483,128.06504896594737,128.56874084472656,156700,0.0,0.0
2025-05-21 00:00:00-04:00,127.0227129864096,127.70096571220424,124.95803312564742,125.23731231689453,151000,0.0,0.0
2025-05-22 00:00:00-04:00,124.83834676642894,125.83577680089466,123.98055632800542,124.5889892578125,182400,0.0,0.0
2025-05-23 00:00:00-04:00,122.36471481941041,124.77350922421977,122.36471481941041,122.90332794189453,171800,0.0,0.0
2025-05-27 00:00:00-04:00,124.16009175835569,127.00276578241883,123.34219944950617,126.20481872558594,334200,0.0,0.0
2025-05-28 00:00:00-04:00,126.45418050700819,126.45418050700819,123.00307344757637,123.2424545288086,166700,0.0,0.0
2025-05-29 00:00:00-04:00,123.86086271683062,124.26781131201925,121.8859478886029,123.48184204101562,238900,0.0,0.0
2025-05-30 00:00:00-04:00,122.9033319374641,123.31227430073791,121.38224958976531,122.67391967773438,252000,0.0,0.0
2025-06-02 00:00:00-04:00,122.19515184473326,122.52928998269087,120.75386579424172,121.89591979980469,213900,0.0,0.0
2025-06-03 00:00:00-04:00,121.98569217764319,124.15011345366709,121.06306638271695,123.11278533935547,294800,0.0,0.0
2025-06-04 00:00:00-04:00,123.67135018928882,124.9680123026129,123.02801115315766,123.92070770263672,161500,0.0,0.0
2025-06-05 00:00:00-04:00,123.96059595513235,126.52399068400315,121.60666060763387,125.3470230102539,213200,0.0,0.0
2025-06-06 00:00:00-04:00,127.12245497399002,127.12245497399002,125.87068301902563,126.67361450195312,131900,0.0,0.0
2025-06-09 00:00:00-04:00,127.80071090520451,128.38919095312812,126.56389222485195,127.17232513427734,206400,0.0,0.0
2025-06-10 00:00:00-04:00,127.22220523755777,127.39675092949712,125.09767437221385,125.8656997680664,134000,0.0,0.0
2025-06-11 00:00:00-04:00,126.16491779528853,127.00276294723793,125.57643775159637,126.19483947753906,158500,0.0,0.0
2025-06-12 00:00:00-04:00,124.49921460580612,126.11505397531282,124.16009205221114,124.79844665527344,154100,0.0,0.0
2025-06-13 00:00:00-04:00,124.0004958834619,124.69869383159586,122.51432733112708,123.81098175048828,335600,0.0,0.0
2025-06-16 00:00:00-04:00,125.46672404069109,125.62630888796143,123.31227152913772,123.42198944091797,650000,0.0,0.0
2025-06-17 00:00:00-04:00,122.68388809311014,123.27236813126557,119.17293789598752,119.26270294189453,312700,0.0,0.0
2025-06-18 00:00:00-04:00,119.11309284986628,119.91103992108793,116.44995648507894,117.87628173828125,456400,0.0,0.0
2025-06-20 00:00:00-04:00,118.54455827028126,118.5944328160019,114.13591933700299,115.33283233642578,892900,0.0,0.0
2025-06-23 00:00:00-04:00,114.74434884474094,117.38753988355032,113.56738113284555,117.18804931640625,331400,0.0,0.0
2025-06-24 00:00:00-04:00,118.15556537031328,119.17294830484138,116.51978066164804,118.1356201171875,321900,0.0,0.0
2025-06-25 00:00:00-04:00,118.52461040935962,119.21283194447699,117.39252521254403,118.35504913330078,358100,0.0,0.0
2025-06-26 00:00:00-04:00,119.67165307907565,121.24758667365576,118.85376079487544,120.96830749511719,296400,0.0,0.0
2025-06-27 00:00:00-04:00,121.31741125343127,122.8434855845592,119.48214365933939,120.38980102539062,297900,0.0,0.0
2025-06-30 00:00:00-04:00,121.30744608296393,122.03556576195915,118.75401996636467,120.24019622802734,330800,0.0,0.0
2025-07-01 00:00:00-04:00,120.16039312482475,125.5814227309974,120.03072235476908,123.76111602783203,239400,0.0,0.0
2025-07-02 00:00:00-04:00,123.44193840904933,124.59895324707031,123.25242427471842,124.59895324707031,232000,0.0,0.0
2025-07-03 00:00:00-04:00,124.99824818250448,126.04638416010867,124.26953759398423,125.22783660888672,153700,0.1,0.0
2025-07-07 00:00:00-04:00,124.71874971822965,126.76511486157233,123.77042747688014,124.74869537353516,352900,0.0,0.0
2025-07-08 00:00:00-04:00,124.83852605922138,127.18437048525867,124.63089422821346,126.24603271484375,368200,0.0,0.0
2025-07-09 00:00:00-04:00,126.83498421524735,127.79329083211726,125.18791232923269,126.24603271484375,274900,0.0,0.0
2025-07-10 00:00:00-04:00,126.63534300854447,129.62005347206755,126.4656458910004,127.99293518066406,221200,0.0,0.0
2025-07-11 00:00:00-04:00,126.77509763983099,127.91307822197294,125.89665876010778,127.1045150756836,240200,0.0,0.0
2025-07-14 00:00:00-04:00,126.58543263263236,127.26422874081165,125.67704809109051,126.4556655883789,180700,0.0,0.0
2025-07-15 00:00:00-04:00,127.20433558371985,127.45389286081135,123.61071231677884,123.65064239501953,243100,0.0,0.0
2025-07-16 00:00:00-04:00,123.96008769322545,125.46741573932053,121.80390922072785,125.09806823730469,231800,0.0,0.0
2025-07-17 00:00:00-04:00,124.81856110954995,130.61827705879753,124.81856110954995,129.4004364013672,281300,0.0,0.0
2025-07-18 00:00:00-04:00,129.85962517631364,130.68815719038537,128.90133373163474,129.7598114013672,241400,0.0,0.0
2025-07-21 00:00:00-04:00,131.30704954210773,131.70635032247597,127.69346506243726,127.81324768066406,263000,0.0,0.0
2025-07-22 00:00:00-04:00,127.94301162210044,131.64644798701872,127.9130659700519,130.6282501220703,232600,0.0,0.0
2025-07-23 00:00:00-04:00,131.31704286201145,132.48496909641386,130.95268375232874,132.04574584960938,252500,0.0,0.0
2025-07-24 00:00:00-04:00,131.28709157053493,132.19048766047598,130.5983110750513,131.83612060546875,205600,0.0,0.0
2025-07-25 00:00:00-04:00,132.55482287539076,133.063929416284,131.237168509275,133.04396057128906,177900,0.0,0.0
2025-07-28 00:00:00-04:00,133.57304391865978,134.15201866991814,130.6382476972118,131.39691162109375,515200,0.0,0.0
2025-07-29 00:00:00-04:00,132.67463272210793,133.0439726132317,129.96444438378498,130.1091766357422,140100,0.0,0.0
2025-07-30 00:00:00-04:00,130.71810007205133,132.3352416022521,128.40221643674994,132.23541259765625,427300,0.0,0.0
2025-07-31 00:00:00-04:00,130.75804217072005,135.59944442133263,130.75804217072005,133.93240356445312,312500,0.0,0.0
2025-08-01 00:00:00-04:00,131.67640802289986,133.45825067325984,129.3605091330593,130.1890411376953,534400,0.0,0.0
2025-08-04 00:00:00-04:00,131.02754680321613,132.62471946348853,129.97941842866516,130.79795837402344,244800,0.0,0.0
2025-08-05 00:00:00-04:00,130.7979592431309,132.00582316985574,128.90133002425137,131.7961883544922,338000,0.0,0.0
2025-08-06 00:00:00-04:00,129.46033667537253,129.46033667537253,107.80874468143489,109.07649230957031,2072700,0.0,0.0
2025-08-07 00:00:00-04:00,113.04944476169567,119.80745236908817,111.94639826314244,115.65482330322266,980800,0.0,0.0
2025-08-08 00:00:00-04:00,116.08406282754606,116.9824705397526,110.29433100744498,110.93319702148438,406800,0.0,0.0
2025-08-11 00:00:00-04:00,111.02304572572798,111.80166323327543,108.53745730950712,108.58736419677734,463400,0.0,0.0
2025-08-12 00:00:00-04:00,111.80165668213873,112.63417936722725,108.69716364178366,112.01128387451172,366600,0.0,0.0
2025-08-13 00:00:00-04:00,112.3906080421943,114.21736907958984,112.3906080421943,114.21736907958984,671000,0.0,0.0
2025-08-14 00:00:00-04:00,113.05942727861196,113.5485573933977,110.52392451170174,111.48222351074219,328800,0.0,0.0
2025-08-15 00:00:00-04:00,112.151042910595,112.151042910595,109.66545447214716,110.11465454101562,280700,0.0,0.0
2025-08-18 00:00:00-04:00,110.46404140109361,110.86332696840978,109.30609193140147,110.05476379394531,451800,0.0,0.0
2025-08-19 00:00:00-04:00,110.08470389939474,113.66335430801138,110.08470389939474,113.10933685302734,654000,0.0,0.0
2025-08-20 00:00:00-04:00,112.73999244508033,113.32894393470797,111.48222169734987,112.50041198730469,476500,0.0,0.0
2025-08-21 00:00:00-04:00,111.9613770447895,113.01450141083782,110.55387038917682,111.73178100585938,936400,0.0,0.0
2025-08-22 00:00:00-04:00,114.54678921286714,117.5913910138981,113.14926694983843,116.93255615234375,367100,0.0,0.0
2025-08-25 00:00:00-04:00,116.99244618107117,117.80101692193867,115.12576265886051,115.15570831298828,477700,0.0,0.0
2025-08-26 00:00:00-04:00,115.46516209803687,117.40172905501379,114.60169602960376,117.32186889648438,402600,0.0,0.0
2025-08-27 00:00:00-04:00,117.32186154715637,118.47981092564444,116.44342270601204,117.29191589355469,445000,0.0,0.0
2025-08-28 00:00:00-04:00,117.55145633256595,117.8010135977666,115.80455547616133,116.60313415527344,435100,0.0,0.0
2025-08-29 00:00:00-04:00,116.89262728625484,117.81599225958291,114.55677482391089,115.16569519042969,323100,0.0,0.0
2025-09-02 00:00:00-04:00,113.40880426200277,114.7164818952051,112.50041216060828,114.67655181884766,251300,0.0,0.0
2025-09-03 00:00:00-04:00,114.20739561801739,114.99598990939951,112.59525012916846,113.8580093383789,327200,0.0,0.0
2025-09-04 00:00:00-04:00,114.1275338942718,116.42845225552561,113.79811646616295,116.21382904052734,306400,0.0,0.0
2025-09-05 00:00:00-04:00,117.67624107775946,119.03882168408582,116.31365285554935,117.59139251708984,236900,0.0,0.0
2025-09-08 00:00:00-04:00,117.33184864852187,117.58639432582987,115.53503323257249,116.18388366699219,442200,0.0,0.0
2025-09-09 00:00:00-04:00,116.93255515557178,117.17212800505678,113.30399027593978,113.75818634033203,266500,0.0,0.0
2025-09-10 00:00:00-04:00,113.73822080822168,116.11400321415431,113.0793859771988,113.39881896972656,272200,0.0,0.0
2025-09-11 00:00:00-04:00,113.65836294235405,115.17067937976019,112.82484257970881,112.87974548339844,512900,0.0,0.0
2025-09-12 00:00:00-04:00,112.3906082719119,112.7998858496453,109.95493449962298,110.08470153808594,457200,0.0,0.0
2025-09-15 00:00:00-04:00,110.51394140837479,111.552100573705,108.52746765588552,108.87684631347656,491900,0.0,0.0
2025-09-16 00:00:00-04:00,109.35599940202398,109.66045957784581,107.0201393808584,108.62728881835938,455300,0.0,0.0
2025-09-17 00:00:00-04:00,109.11641743832266,111.6519201954592,108.08524967037627,109.33602905273438,552500,0.0,0.0
2025-09-18 00:00:00-04:00,109.95493790638444,110.6337340053056,108.8069729075773,109.44583892822266,759900,0.0,0.0
2025-09-19 00:00:00-04:00,107.44937336314416,111.23765074589811,107.25272364339118,110.25439453125,1256700,0.0,0.0
2025-09-22 00:00:00-04:00,110.2743728435845,111.25263312284218,108.59734760611605,110.60379028320312,735000,0.0,0.0
2025-09-23 00:00:00-04:00,111.33249054038787,111.65192354842945,108.28789634846613,109.25617218017578,784900,0.0,0.0
2025-09-24 00:00:00-04:00,109.35600064013806,110.31429965950481,107.27968229023496,107.94849395751953,749300,0.0,0.0
2025-09-25 00:00:00-04:00,107.69893312003217,109.80519705462333,106.49107686633731,109.70537567138672,460000,0.0,0.0
2025-09-26 00:00:00-04:00,109.9449572051538,111.02803491144611,109.41589697788403,109.86509704589844,393500,0.0,0.0
2025-09-29 00:00:00-04:00,110.82339264207906,112.69008382288058,108.80697318721313,109.4158935546875,526700,0.0,0.0
2025-09-30 00:00:00-04:00,109.33602892487339,111.64193564173289,108.80696873580028,111.5421142578125,395800,0.0,0.0
2025-10-01 00:00:00-04:00,110.88328248241822,111.54210968197212,110.33425346955406,111.21269989013672,255900,0.0,0.0
2025-10-02 00:00:00-04:00,111.50218458020849,112.66013396230356,109.97989133423569,112.32073211669922,299700,0.0,0.0
2025-10-03 00:00:00-04:00,114.2690139717495,118.79501275965242,113.45972401878421,117.45619201660156,590900,0.1,0.0
2025-10-06 00:00:00-04:00,116.58696507399476,119.01481968691743,116.47706159427194,118.53524017333984,464500,0.0,0.0
2025-10-07 00:00:00-04:00,118.74505758800346,119.23462279875928,116.97662379742788,117.29634094238281,367500,0.0,0.0
2025-10-08 00:00:00-04:00,118.56521200826356,119.92901219522432,117.45619153361694,119.67423248291016,346100,0.0,0.0
2025-10-09 00:00:00-04:00,120.303686924785,120.7432932407297,117.78590770526105,118.32543182373047,280700,0.0,0.0
2025-10-10 00:00:00-04:00,118.83497942443726,119.14969609869206,115.81764179022622,115.87759399414062,280800,0.0,0.0
2025-10-13 00:00:00-04:00,117.18643655895555,118.265484773386,115.60782983295448,115.63780212402344,455600,0.0,0.0
2025-10-14 00:00:00-04:00,115.2181775389864,121.59254155379612,114.64868112718253,120.2337417602539,475200,0.0,0.0
2025-10-15 00:00:00-04:00,121.2028792363597,122.92636213681399,119.46441781357285,121.25283813476562,456500,0.0,0.0
2025-10-16 00:00:00-04:00,122.22198836919468,122.42180872655632,120.32366448362704,121.55258178710938,418900,0.0,0.0
2025-10-17 00:00:00-04:00,121.58254877387644,122.09209294971492,120.43855555331743,121.76239013671875,316300,0.0,0.0
2025-10-20 00:00:00-04:00,123.29103994204951,123.58078478821966,121.73241223083565,122.73152923583984,536500,0.0,0.0
2025-10-21 00:00:00-04:00,123.41092929947462,124.22021925821622,122.26195084002754,123.24108123779297,442600,0.0,0.0
2025-10-22 00:00:00-04:00,122.45177612972843,124.06035509704803,120.39359756496376,120.62339782714844,833300,0.0,0.0
2025-10-23 00:00:00-04:00,121.56256199598617,123.43590634687521,119.73417608008062,123.22109985351562,378600,0.0,0.0
2025-10-24 00:00:00-04:00,122.88139740345808,123.63073515167623,119.42445350639721,119.99394989013672,393200,0.0,0.0
2025-10-27 00:00:00-04:00,120.89316096734717,122.08211267561545,120.28369896753385,121.36274719238281,308200,0.0,0.0
2025-10-28 00:00:00-04:00,121.39271801558654,122.09209688101646,120.34364209478373,121.03303527832031,577500,0.0,0.0
2025-10-29 00:00:00-04:00,117.39625000633892,119.79413238206382,110.20261050182218,114.2390365600586,1156900,0.0,0.0
2025-10-30 00:00:00-04:00,114.58872972231217,119.62428025344603,112.82028838595433,118.01570129394531,788600,0.0,0.0
2025-10-31 00:00:00-04:00,117.25637438771027,118.52524965250295,116.44709203861642,116.71685028076172,432900,0.0,0.0
2025-11-03 00:00:00-05:00,116.017472583679,117.04656190775599,114.04421034592929,114.94841766357422,375700,0.0,0.0
2025-11-04 00:00:00-05:00,113.9992480888225,113.9992480888225,109.6231183763054,111.5514144897461,578200,0.0,0.0
2025-11-05 00:00:00-05:00,111.65132513245797,112.9801525764477,110.84204279893629,112.38068389892578,631300,0.0,0.0
2025-11-06 00:00:00-05:00,112.11091904797483,113.52966337616127,110.98191956810668,111.8811264038086,307000,0.0,0.0
2025-11-07 00:00:00-05:00,110.88200880492809,114.37891832987273,110.88200880492809,114.28899383544922,335600,0.0,0.0
2025-11-10 00:00:00-05:00,114.91843894457224,116.31720432945822,113.17498458284602,114.95840454101562,282000,0.0,0.0
2025-11-11 00:00:00-05:00,114.71861371732628,115.16821331858546,113.24991050664825,115.10826873779297,320600,0.0,0.0
2025-11-12 00:00:00-05:00,114.5687471495815,115.9775058102923,112.330727153351,112.97016143798828,681200,0.0,0.0
2025-11-13 00:00:00-05:00,112.47060307031589,114.52878170020418,111.57139622431588,111.70128631591797,372000,0.0,0.0
2025-11-14 00:00:00-05:00,110.09270889988332,112.32073562681337,110.09270889988332,111.65132904052734,370000,0.0,0.0
2025-11-17 00:00:00-05:00,111.25167905673769,111.25167905673769,106.82559033714773,107.06538391113281,527200,0.0,0.0
2025-11-18 00:00:00-05:00,106.66573642685441,107.70981189542766,105.43182628302856,106.94548797607422,580200,0.0,0.0
2025-11-19 00:00:00-05:00,107.11533696751225,107.5999093418327,104.38775171639394,104.85733032226562,545600,0.0,0.0
2025-11-20 00:00:00-05:00,106.30604831123284,106.97545485911728,103.89817272795915,104.29782104492188,455300,0.0,0.0
2025-11-21 00:00:00-05:00,105.4368163756587,106.52785501183442,103.39861676962563,105.90640258789062,565000,0.0,0.0
2025-11-24 00:00:00-05:00,105.98633561143792,108.69394182859322,105.4168392133301,107.25521087646484,523900,0.0,0.0
2025-11-25 00:00:00-05:00,108.1843906167655,111.59138334252434,107.51498403716775,111.45150756835938,774100,0.0,0.0
2025-11-26 00:00:00-05:00,110.96193414487209,113.63956807165351,109.78297575272227,111.89111328125,464800,0.0,0.0
2025-11-28 00:00:00-05:00,112.85026419726711,112.9052159381942,111.8961132377625,112.1408920288086,103700,0.0,0.0
2025-12-01 00:00:00-05:00,110.90199210890705,111.85115025356868,108.46414407735254,109.75300598144531,697400,0.0,0.0
2025-12-02 00:00:00-05:00,110.9419510019424,111.16175795841191,108.19937213216039,109.2534408569336,531100,0.0,0.0
2025-12-03 00:00:00-05:00,109.70305462413623,112.71039144220643,109.70305462413623,112.61048126220703,322300,0.0,0.0
2025-12-04 00:00:00-05:00,112.4006649617402,113.7694580258756,111.82117525961065,113.15999603271484,559700,0.0,0.0
2025-12-05 00:00:00-05:00,113.15999552473058,114.41887747833712,110.42240940874905,110.55229949951172,443900,0.0,0.0
2025-12-08 00:00:00-05:00,110.40242701285632,110.95194440451732,107.84468996656005,107.98456573486328,574200,0.0,0.0
2025-12-09 00:00:00-05:00,107.66484920051796,109.52820025639666,107.07536621141077,109.51321411132812,664700,0.0,0.0
2025-12-10 00:00:00-05:00,109.51321408214037,115.44797145274406,109.51321408214037,113.63956451416016,818900,0.0,0.0
2025-12-11 00:00:00-05:00,113.61959186995702,116.56199127016173,113.43975049648704,115.59783935546875,586800,0.0,0.0
2025-12-12 00:00:00-05:00,116.08741159893854,117.89581100648229,114.16910108425698,116.0374526977539,819000,0.0,0.0
2025-12-15 00:00:00-05:00,116.30721199296347,116.9266596457497,112.41065422323872,115.34805297851562,265000,0.0,0.0
2025-12-16 00:00:00-05:00,114.96839370520192,115.61282082082941,113.29887156456189,114.28899383544922,387600,0.0,0.0
2025-12-17 00:00:00-05:00,113.57962515481017,114.29899064160587,111.18174273971057,112.73037719726562,574600,0.0,0.0
2025-12-18 00:00:00-05:00,112.19085309030399,113.94930121119228,111.59138439215013,113.61959075927734,606900,0.0,0.0
2025-12-19 00:00:00-05:00,113.8294032180589,114.43886521448633,112.5805069340122,113.6095962524414,777900,0.0,0.0
2025-12-22 00:00:00-05:00,114.06918671659173,115.88757936214328,113.75346385235683,114.66865539550781,250600,0.0,0.0
2025-12-23 00:00:00-05:00,114.40889104948076,117.26636631039189,113.64955998687262,114.22904968261719,272400,0.0,0.0
2025-12-24 00:00:00-05:00,113.78943617901271,114.62869843502953,113.71949829289946,114.16909790039062,134000,0.0,0.0
2025-12-26 00:00:00-05:00,114.61870556124579,114.69863675214926,113.1899679201425,114.1091537475586,134300,0.0,0.0
2025-12-29 00:00:00-05:00,113.60959813356648,113.9093362957639,112.24080503943021,112.99014282226562,340200,0.0,0.0
2025-12-30 00:00:00-05:00,112.78032548755364,113.6195877407992,112.50557440758178,113.1500015258789,254800,0.0,0.0
2025-12-31 00:00:00-05:00,112.61000061035156,113.36000061035156,111.25,111.72000122070312,399800,0.1,0.0
2026-01-02 00:00:00-05:00,111.91999816894531,114.32499694824219,111.43499755859375,112.56999969482422,437400,0.0,0.0
2026-01-05 00:00:00-05:00,113.2699966430664,117.68000030517578,113.2699966430664,114.61000061035156,281000,0.0,0.0
2026-01-06 00:00:00-05:00,114.0999984741211,117.01000213623047,111.70999908447266,116.43000030517578,372600,0.0,0.0
2026-01-07 00:00:00-05:00,116.4000015258789,116.78500366210938,112.91999816894531,113.43000030517578,319200,0.0,0.0
2026-01-08 00:00:00-05:00,112.4800033569336,118.94000244140625,112.4800033569336,118.91000366210938,437300,0.0,0.0
2026-01-09 00:00:00-05:00,119.58000183105469,120.44000244140625,118.5,120.19999694824219,261900,0.0,0.0
2026-01-12 00:00:00-05:00,119.72000122070312,120.94999694824219,119.58000183105469,120.37999725341797,500700,0.0,0.0
2026-01-13 00:00:00-05:00,121.01000213623047,121.87999725341797,119.06999969482422,119.29000091552734,304400,0.0,0.0
2026-01-14 00:00:00-05:00,117.55000305175781,120.93499755859375,117.55000305175781,120.06999969482422,252900,0.0,0.0
2026-01-15 00:00:00-05:00,120.7300033569336,122.45999908447266,120.7300033569336,121.80999755859375,212800,0.0,0.0
2026-01-16 00:00:00-05:00,122.3499984741211,122.69000244140625,120.5,121.54000091552734,200700,0.0,0.0
2026-01-20 00:00:00-05:00,119.51000213623047,121.11499786376953,117.5,117.83999633789062,241000,0.0,0.0
2026-01-21 00:00:00-05:00,119.41999816894531,121.48799896240234,114.72000122070312,119.9000015258789,279800,0.0,0.0
2026-01-22 00:00:00-05:00,120.58000183105469,121.94999694824219,119.87999725341797,121.4000015258789,299500,0.0,0.0
2026-01-23 00:00:00-05:00,125.02999877929688,125.02999877929688,119.04000091552734,120.72000122070312,239800,0.0,0.0
2026-01-26 00:00:00-05:00,121.36000061035156,121.55000305175781,119.79000091552734,120.4800033569336,172100,0.0,0.0
2026-01-27 00:00:00-05:00,119.93000030517578,119.93000030517578,117.52999877929688,117.5999984741211,362200,0.0,0.0
2026-01-28 00:00:00-05:00,117.45999908447266,119.5199966430664,114.80999755859375,117.5999984741211,278700,0.0,0.0
2026-01-29 00:00:00-05:00,118.87999725341797,119.87000274658203,116.69999694824219,119.77999877929688,386000,0.0,0.0
2026-01-30 00:00:00-05:00,118.36000061035156,121.79000091552734,118.26000213623047,121.0999984741211,543100,0.0,0.0
2026-02-02 00:00:00-05:00,117.5,117.52999877929688,110.5,114.62000274658203,1524200,0.0,0.0
2026-02-03 00:00:00-05:00,113.05999755859375,117.87000274658203,110.94999694824219,117.87000274658203,954000,0.0,0.0
2026-02-04 00:00:00-05:00,118.61000061035156,128.61000061035156,118.61000061035156,127.61000061035156,1174000,0.0,0.0
2026-02-05 00:00:00-05:00,126.37999725341797,131.25999450683594,126.37999725341797,127.9000015258789,847200,0.0,0.0
2026-02-06 00:00:00-05:00,129.5800018310547,135.41000366210938,128.41000366210938,134.0500030517578,1091600,0.0,0.0
2026-02-09 00:00:00-05:00,132.92999267578125,133.94000244140625,130.67999267578125,132.80999755859375,584200,0.0,0.0
2026-02-10 00:00:00-05:00,133.27000427246094,135.02999877929688,132.05999755859375,134.44000244140625,330600,0.0,0.0
2026-02-11 00:00:00-05:00,135.47999572753906,136.39999389648438,133.75999450683594,134.52000427246094,316400,0.0,0.0
2026-02-12 00:00:00-05:00,135.02999877929688,137.4199981689453,133.16000366210938,133.91000366210938,588200,0.0,0.0
2026-02-13 00:00:00-05:00,134.5800018310547,136.91000366210938,131.5,134.82000732421875,392200,0.0,0.0
2026-02-17 00:00:00-05:00,135.0,135.35000610351562,132.50999450683594,133.42999267578125,291800,0.0,0.0
2026-02-18 00:00:00-05:00,133.97000122070312,136.55999755859375,132.38999938964844,132.8699951171875,382700,0.0,0.0
2026-02-19 00:00:00-05:00,132.97000122070312,133.33999633789062,130.3800048828125,130.60000610351562,340000,0.0,0.0
2026-02-20 00:00:00-05:00,131.55999755859375,131.88999938964844,127.76000213623047,128.6300048828125,413000,0.0,0.0
2026-02-23 00:00:00-05:00,130.0,130.35000610351562,122.41999816894531,122.6500015258789,431700,0.0,0.0
2026-02-24 00:00:00-05:00,122.68000030517578,126.72000122070312,122.61000061035156,125.30999755859375,438600,0.0,0.0
2026-02-25 00:00:00-05:00,125.33999633789062,125.77300262451172,121.58000183105469,124.77999877929688,446800,0.0,0.0
2026-02-26 00:00:00-05:00,125.0999984741211,127.0999984741211,123.81999969482422,124.87000274658203,421600,0.0,0.0
2026-02-27 00:00:00-05:00,122.62999725341797,126.70999908447266,122.05999755859375,126.16999816894531,438200,0.0,0.0
2026-03-02 00:00:00-05:00,124.9000015258789,125.33000183105469,120.95999908447266,121.63999938964844,380500,0.0,0.0
2026-03-03 00:00:00-05:00,117.7300033569336,118.19999694824219,113.4800033569336,116.61000061035156,397400,0.0,0.0
2026-03-04 00:00:00-05:00,117.06999969482422,117.76000213623047,113.91500091552734,117.70999908447266,408800,0.0,0.0
2026-03-05 00:00:00-05:00,116.66000366210938,118.18000030517578,112.19999694824219,113.4000015258789,367500,0.0,0.0
2026-03-06 00:00:00-05:00,112.0199966430664,112.0199966430664,107.56999969482422,107.79000091552734,300100,0.0,0.0
2026-03-09 00:00:00-04:00,105.69999694824219,107.87000274658203,103.54000091552734,107.0199966430664,405300,0.0,0.0
2026-03-10 00:00:00-04:00,107.3499984741211,110.08999633789062,106.24500274658203,107.75,669600,0.0,0.0
2026-03-11 00:00:00-04:00,106.80999755859375,108.70999908447266,105.3499984741211,108.13999938964844,356700,0.0,0.0
2026-03-12 00:00:00-04:00,106.16999816894531,109.81999969482422,101.93000030517578,103.5999984741211,435800,0.0,0.0
2026-03-13 00:00:00-04:00,104.0,104.88999938964844,97.54000091552734,97.93000030517578,627900,0.0,0.0
2026-03-16 00:00:00-04:00,98.70999908447266,100.02999877929688,98.01499938964844,98.30999755859375,597500,0.0,0.0
2026-03-17 00:00:00-04:00,99.37000274658203,100.68000030517578,96.47000122070312,99.5,841300,0.0,0.0
2026-03-18 00:00:00-04:00,98.94000244140625,100.58499908447266,97.05999755859375,97.19000244140625,849100,0.0,0.0
2026-03-19 00:00:00-04:00,95.33999633789062,98.94000244140625,93.69000244140625,98.33999633789062,627800,0.0,0.0
2026-03-20 00:00:00-04:00,98.33000183105469,98.77999877929688,94.05000305175781,94.20999908447266,1340200,0.0,0.0
2026-03-23 00:00:00-04:00,94.99500274658203,98.9000015258789,93.78500366210938,95.7300033569336,865000,0.0,0.0
2026-03-24 00:00:00-04:00,94.37000274658203,96.18000030517578,93.0999984741211,95.45999908447266,539200,0.0,0.0
2026-03-25 00:00:00-04:00,97.22000122070312,98.08000183105469,94.50399780273438,97.55999755859375,432600,0.0,0.0
2026-03-26 00:00:00-04:00,96.0999984741211,97.05000305175781,92.30000305175781,92.44999694824219,1132300,0.0,0.0
2026-03-27 00:00:00-04:00,90.61000061035156,92.36000061035156,89.69999694824219,91.58000183105469,814900,0.0,0.0
2026-03-30 00:00:00-04:00,91.91999816894531,92.91000366210938,89.41000366210938,91.33999633789062,843200,0.0,0.0
2026-03-31 00:00:00-04:00,93.20999908447266,97.81999969482422,91.7249984741211,96.66000366210938,657149,0.0,0.0
