Date,Open,High,Low,Close,Volume,Dividends,Stock Splits
2022-01-03 00:00:00-05:00,50.10838480190747,50.95798331749882,50.0368414952082,50.537654876708984,575500,0.0,0.0
2022-01-04 00:00:00-05:00,50.80595366223164,51.97750222147602,50.76123525580378,51.49457550048828,329800,0.0,0.0
2022-01-05 00:00:00-05:00,51.6197856930709,52.406779259793716,50.20676846873223,50.22465515136719,374000,0.0,0.0
2022-01-06 00:00:00-05:00,50.24253890139902,50.85067242934794,49.99213218219736,50.26936721801758,264800,0.0,0.0
2022-01-07 00:00:00-05:00,50.18887958906548,50.528719721181304,49.87587118549546,50.11733627319336,363000,0.0,0.0
2022-01-10 00:00:00-05:00,50.05472680538926,50.05472680538926,48.57910819175603,48.89211654663086,329400,0.0,0.0
2022-01-11 00:00:00-05:00,49.044155978259845,49.71489115115096,48.382362439931654,49.61651611328125,310000,0.0,0.0
2022-01-12 00:00:00-05:00,49.97423757425137,50.56448432699101,49.3303307852499,49.37504577636719,436900,0.0,0.0
2022-01-13 00:00:00-05:00,49.553916233828424,50.27831147497412,49.06204443817743,49.16936111450195,495900,0.0,0.0
2022-01-14 00:00:00-05:00,48.55227754717072,49.4376459436022,48.123007504728925,49.124637603759766,250300,0.0,0.0
2022-01-18 00:00:00-05:00,48.56122399588213,48.96366576668248,48.024637242505236,48.30187225341797,305400,0.0,0.0
2022-01-19 00:00:00-05:00,48.35553275542719,48.91895123993139,47.20186747195421,47.264469146728516,379700,0.0,0.0
2022-01-20 00:00:00-05:00,47.398622815370494,47.79211958794899,46.20918403925892,46.26284408569336,417200,0.0,0.0
2022-01-21 00:00:00-05:00,46.08397483759878,46.83519833483263,45.270149666556726,45.28803634643555,345700,0.0,0.0
2022-01-24 00:00:00-05:00,44.53681369166666,46.64739419579703,43.90185189586646,46.38804244995117,525300,0.0,0.0
2022-01-25 00:00:00-05:00,45.762025228118304,46.40593211115761,44.536816552589094,45.8156852722168,367500,0.0,0.0
2022-01-26 00:00:00-05:00,46.30755814368401,46.942523406538385,45.02868939438829,45.511619567871094,358500,0.0,0.0
2022-01-27 00:00:00-05:00,46.253902209054694,46.736828978301745,44.5994199404178,44.653079986572266,395900,0.0,0.0
2022-01-28 00:00:00-05:00,44.35795328191451,44.518930003151375,42.77502120897806,44.22380828857422,352500,0.0,0.0
2022-01-31 00:00:00-05:00,43.705107043930234,44.50999069213867,43.51730199652687,44.50999069213867,722000,0.0,0.0
2022-02-01 00:00:00-05:00,44.44738243366009,45.46689929619557,44.0181123553049,45.27014923095703,425500,0.0,0.0
2022-02-02 00:00:00-05:00,45.10917295918266,45.627876441062504,44.2953477881406,45.28803634643555,353000,0.0,0.0
2022-02-03 00:00:00-05:00,44.68884955721122,45.41324135535885,44.08071606522587,44.125431060791016,241800,0.0,0.0
2022-02-04 00:00:00-05:00,43.60672982182449,44.14332003104572,42.855506258143286,43.16851806640625,382100,0.0,0.0
2022-02-07 00:00:00-05:00,43.016480788101845,43.95551275351219,42.77501912952057,43.606727600097656,533900,0.0,0.0
2022-02-08 00:00:00-05:00,44.22381004029749,45.84251554018986,44.08966163010787,45.55633544921875,740300,0.0,0.0
2022-02-09 00:00:00-05:00,46.16446361174907,47.54170727114421,46.00348690290884,47.425445556640625,680100,0.0,0.0
2022-02-10 00:00:00-05:00,46.54008422106536,47.935211363346916,46.54008422106536,46.879920959472656,685000,0.0,0.0
2022-02-11 00:00:00-05:00,46.8799139014122,47.765285802784604,46.54007721416941,47.076663970947266,522400,0.0,0.0
2022-02-14 00:00:00-05:00,47.3449573493362,47.6400824536388,46.683167243412534,47.076663970947266,595200,0.0,0.0
2022-02-15 00:00:00-05:00,47.4612236816371,49.580746012111014,47.38968036582289,49.419769287109375,510800,0.0,0.0
2022-02-16 00:00:00-05:00,48.95472820931778,49.500256642349555,48.766919759613685,49.196189880371094,273500,0.0,0.0
2022-02-17 00:00:00-05:00,48.5612247197506,48.5701697656436,48.00675127812461,48.14984130859375,274500,0.0,0.0
2022-02-18 00:00:00-05:00,48.07829628007717,48.40919475905811,46.91568931514658,46.996177673339844,385200,0.0,0.0
2022-02-22 00:00:00-05:00,46.9961784166758,47.39862021400751,46.32544322496814,46.85308837890625,452100,0.0,0.0
2022-02-23 00:00:00-05:00,47.255529367763735,47.514881122888774,45.73519561026333,45.76202392578125,240600,0.0,0.0
2022-02-24 00:00:00-05:00,44.456329712318855,45.0734083001767,43.80348117204123,45.001861572265625,449000,0.0,0.0
2022-02-25 00:00:00-05:00,45.47584334000625,47.43439222748177,45.17177659195052,47.32707214355469,314900,0.0,0.0
2022-02-28 00:00:00-05:00,46.39698994962071,47.51488193580013,46.11080987408163,46.85308837890625,480700,0.0,0.0
2022-03-01 00:00:00-05:00,46.36121869875418,46.66528546930472,44.41161471314231,45.001861572265625,592600,0.0,0.0
2022-03-02 00:00:00-05:00,45.511613270836826,46.87097019429764,45.511613270836826,46.62056350708008,394000,0.0,0.0
2022-03-03 00:00:00-05:00,47.06772606670355,47.3091911498499,45.95877569353538,46.3612174987793,296900,0.0,0.0
2022-03-04 00:00:00-05:00,45.47584491782587,46.083978435037004,44.69779304580465,44.91242980957031,417000,0.0,0.0
2022-03-07 00:00:00-05:00,44.742510798286794,44.894545892719094,41.97908148453108,42.023799896240234,387900,0.0,0.0
2022-03-08 00:00:00-05:00,42.31892271500633,43.08803301929711,41.522984092228725,41.71973419189453,476300,0.0,0.0
2022-03-09 00:00:00-05:00,42.640869007915434,44.65307443270011,41.89858714701345,44.05388259887695,408200,0.0,0.0
2022-03-10 00:00:00-05:00,43.15063188110581,44.01811717848993,43.043315202641864,43.892913818359375,255900,0.0,0.0
2022-03-11 00:00:00-05:00,44.34901260939907,44.8140561017825,43.65144907659178,43.749820709228516,321700,0.0,0.0
2022-03-14 00:00:00-04:00,44.035605575729384,44.56583035142286,43.325642948777805,43.514366149902344,410200,0.238,0.0
2022-03-15 00:00:00-04:00,43.77498055035959,44.08053383195262,43.065018009567844,43.676124572753906,419400,0.0,0.0
2022-03-16 00:00:00-04:00,44.31419749428115,45.76107873501924,44.31419749428115,45.626277923583984,445800,0.0,0.0
2022-03-17 00:00:00-04:00,44.979222483764474,46.43509248359357,44.979222483764474,46.37218475341797,373500,0.0,0.0
2022-03-18 00:00:00-04:00,46.43509053788191,46.43509053788191,45.34768161530891,46.01271057128906,1093900,0.0,0.0
2022-03-21 00:00:00-04:00,46.21042322147968,46.73166264265215,45.59932001780219,45.96778106689453,568400,0.0,0.0
2022-03-22 00:00:00-04:00,46.12954511071095,47.082149892556316,45.32971184558327,45.725135803222656,728300,0.0,0.0
2022-03-23 00:00:00-04:00,45.21288215139657,45.58134317857069,44.619749682574465,44.69164276123047,323000,0.0,0.0
2022-03-24 00:00:00-04:00,45.05111725760248,45.05111725760248,44.053575534333596,44.61075973510742,353200,0.0,0.0
2022-03-25 00:00:00-04:00,44.57481251257516,44.90732871349071,43.963705918942516,44.38608932495117,436700,0.0,0.0
2022-03-28 00:00:00-04:00,44.502919579663356,44.502919579663356,43.41551062469614,44.03560256958008,436000,0.0,0.0
2022-03-29 00:00:00-04:00,44.835429444884745,46.21041748174886,44.72758811977346,45.671207427978516,646100,0.0,0.0
2022-03-30 00:00:00-04:00,45.66222489220079,45.72513262140878,44.30520746908173,44.38608932495117,457800,0.0,0.0
2022-03-31 00:00:00-04:00,44.2063441316853,44.73656878123195,43.029068171050916,43.13690948486328,681500,0.0,0.0
2022-04-01 00:00:00-04:00,44.00863810150458,44.089519948463696,43.145897257869414,43.75700378417969,551300,0.0,0.0
2022-04-04 00:00:00-04:00,43.72105833895195,43.96370044815205,43.226778487805106,43.58625411987305,446600,0.0,0.0
2022-04-05 00:00:00-04:00,43.550307273148086,43.828901068380894,42.732503440666925,42.76845169067383,338800,0.0,0.0
2022-04-06 00:00:00-04:00,42.301141206763404,42.67859103324257,41.18677271151212,41.37549591064453,533200,0.0,0.0
2022-04-07 00:00:00-04:00,41.45636922028988,41.510288164226296,40.20719673862972,41.249671936035156,485000,0.0,0.0
2022-04-08 00:00:00-04:00,41.42941776070816,41.84281587158979,40.68351026182757,40.74641799926758,318600,0.0,0.0
2022-04-11 00:00:00-04:00,40.67451721279307,42.058494147598495,40.66553186333697,41.33954620361328,365400,0.0,0.0
2022-04-12 00:00:00-04:00,41.76193435239248,42.53480476532715,41.30360262927327,41.46536636352539,268300,0.0,0.0
2022-04-13 00:00:00-04:00,41.58219216587952,42.38202197529693,41.58219216587952,42.25620651245117,246100,0.0,0.0
2022-04-14 00:00:00-04:00,42.444926918015604,42.90325856337113,41.806860867954555,41.83382034301758,265000,0.0,0.0
2022-04-18 00:00:00-04:00,41.48332994979299,42.453912108634434,41.48332994979299,41.986595153808594,241800,0.0,0.0
2022-04-19 00:00:00-04:00,42.15735680356076,43.397544345813294,42.15735680356076,43.029083251953125,363300,0.0,0.0
2022-04-20 00:00:00-04:00,43.54133092014958,48.36727306364066,43.54133092014958,48.313350677490234,1184300,0.0,0.0
2022-04-21 00:00:00-04:00,49.21203463831929,49.221023416436864,47.2529026790574,47.75616455078125,639800,0.0,0.0
2022-04-22 00:00:00-04:00,46.90240529540935,47.23492147163557,45.64424737645354,46.354209899902344,664600,0.0,0.0
2022-04-25 00:00:00-04:00,45.93183189805519,46.57888677265506,44.58380319478163,46.49800491333008,597400,0.0,0.0
2022-04-26 00:00:00-04:00,46.16548597594172,47.34276554153645,44.86239095397478,45.02415466308594,583500,0.0,0.0
2022-04-27 00:00:00-04:00,45.087061945607104,45.6262754467191,44.17040550732338,44.961246490478516,442600,0.0,0.0
2022-04-28 00:00:00-04:00,45.59032112877437,45.671202971769546,44.00863594468526,45.30274200439453,322000,0.0,0.0
2022-04-29 00:00:00-04:00,45.185912183997765,45.716136840533736,43.96369918396817,44.25128173828125,491600,0.0,0.0
2022-05-02 00:00:00-04:00,44.27823929233531,45.04212067016312,43.36157958201385,44.15242385864258,428700,0.0,0.0
2022-05-03 00:00:00-04:00,43.98168044029772,45.248827241480996,43.972695090993426,44.84442138671875,275900,0.0,0.0
2022-05-04 00:00:00-04:00,44.99719571165245,46.77659310438302,44.70063119363775,46.64179229736328,330900,0.0,0.0
2022-05-05 00:00:00-04:00,45.94980482316752,46.408133061873684,44.22432634545461,44.86239242553711,334500,0.0,0.0
2022-05-06 00:00:00-04:00,44.37710902968673,44.55684688855679,43.17286983193615,43.810935974121094,402700,0.0,0.0
2022-05-09 00:00:00-04:00,42.89427494004056,43.85586851925137,42.74149999204185,42.87630081176758,315000,0.0,0.0
2022-05-10 00:00:00-04:00,43.469440139111924,43.95473139383445,41.31259583181455,41.941673278808594,369100,0.0,0.0
2022-05-11 00:00:00-04:00,41.93267871201606,43.12793245505915,41.05196705155947,41.1418342590332,587300,0.0,0.0
2022-05-12 00:00:00-04:00,40.890206798014304,41.7259849255056,40.261126007786565,41.384483337402344,519300,0.0,0.0
2022-05-13 00:00:00-04:00,41.83381814980893,42.9931235117367,41.779899202509675,42.17531967163086,295500,0.0,0.0
2022-05-16 00:00:00-04:00,41.7169877169769,42.265186531564716,41.0609475804384,41.761924743652344,285600,0.0,0.0
2022-05-17 00:00:00-04:00,42.7235245068373,43.514365556444275,42.41797119233005,43.3436164855957,240900,0.0,0.0
2022-05-18 00:00:00-04:00,43.10096278222032,43.71206929608114,42.18430301142911,42.42694854736328,452600,0.0,0.0
2022-05-19 00:00:00-04:00,42.05849029814366,42.99312425388803,41.87875247154453,42.193294525146484,390200,0.0,0.0
2022-05-20 00:00:00-04:00,42.60669432108549,42.60669432108549,41.12386135612642,41.9236946105957,333500,0.0,0.0
2022-05-23 00:00:00-04:00,42.42695583419109,43.06502193000563,42.076468920383505,42.867313385009766,416300,0.0,0.0
2022-05-24 00:00:00-04:00,42.97514938656567,42.97514938656567,41.51029075315803,42.17531967163086,471500,0.0,0.0
2022-05-25 00:00:00-04:00,41.932672480497494,43.46942412613899,41.88773888343811,43.23576736450195,400300,0.0,0.0
2022-05-26 00:00:00-04:00,43.58625780456328,44.79948216598203,43.19982266729663,43.936744689941406,483000,0.0,0.0
2022-05-27 00:00:00-04:00,44.48494337798647,44.72758893507025,44.13445649382566,44.682655334472656,320900,0.0,0.0
2022-05-31 00:00:00-04:00,44.16142490148618,44.62874198430052,43.67613368915421,44.21534729003906,360400,0.0,0.0
2022-06-01 00:00:00-04:00,44.24230047952007,44.395078844589456,43.06502087511949,43.748023986816406,227700,0.0,0.0
2022-06-02 00:00:00-04:00,44.08952293909862,46.030683969574504,44.0445859102403,45.99473571777344,254900,0.0,0.0
2022-06-03 00:00:00-04:00,45.62627808012216,46.04866149947307,45.37464715534165,45.7341194152832,262200,0.0,0.0
2022-06-06 00:00:00-04:00,46.29130403532034,46.54293839042849,45.599318986362135,46.19245147705078,361600,0.0,0.0
2022-06-07 00:00:00-04:00,45.904869123454745,47.064171119549016,45.716142513110725,47.01923751831055,276800,0.0,0.0
2022-06-08 00:00:00-04:00,46.24637394388226,46.68673152761069,45.32072859688345,45.53641128540039,216000,0.0,0.0
2022-06-09 00:00:00-04:00,45.14098503562405,45.41957885366671,44.88935412140106,45.17693328857422,247500,0.0,0.0
2022-06-10 00:00:00-04:00,43.99965267717699,44.25128701367268,42.04051750443361,42.38201904296875,300100,0.0,0.0
2022-06-13 00:00:00-04:00,40.99804203068698,41.08791266058905,39.847725393652524,40.368961334228516,393800,0.0,0.0
2022-06-14 00:00:00-04:00,40.063416728967226,40.63857512287982,39.46129542844255,39.94658660888672,335300,0.0,0.0
2022-06-15 00:00:00-04:00,40.61161266038903,40.74641691028031,39.12878305265737,40.00949478149414,335400,0.0,0.0
2022-06-16 00:00:00-04:00,38.869254556505595,39.21259156466803,36.24002341692198,36.40265655517578,715000,0.238,0.0
2022-06-17 00:00:00-04:00,37.1254708793517,37.6585454328288,36.35748369314361,36.944766998291016,749700,0.0,0.0
2022-06-21 00:00:00-04:00,37.76696124801823,37.90249000204724,36.84537468188339,37.116432189941406,519200,0.0,0.0
2022-06-22 00:00:00-04:00,36.3755447880675,37.36037715325552,36.258090215012984,37.02607727050781,528900,0.0,0.0
2022-06-23 00:00:00-04:00,36.764054396173535,37.125462072562875,36.23097996915072,36.61045837402344,739000,0.0,0.0
2022-06-24 00:00:00-04:00,37.08029130157122,38.84214789794191,37.00800837920305,38.83311080932617,2899500,0.0,0.0
2022-06-27 00:00:00-04:00,38.76987205470857,38.76987205470857,37.5681975473547,37.739864349365234,494300,0.0,0.0
2022-06-28 00:00:00-04:00,38.11029472498561,38.55301551369501,37.224849700927734,37.224849700927734,715800,0.0,0.0
2022-06-29 00:00:00-04:00,37.10740279638543,37.10740279638543,35.83344534156332,36.736961364746094,577500,0.0,0.0
2022-06-30 00:00:00-04:00,36.09545930100658,36.601425976822895,35.31843510984355,36.21291732788086,645400,0.0,0.0
2022-07-01 00:00:00-04:00,35.72501881910268,36.6466054327942,35.00220680247391,35.43589401245117,485000,0.0,0.0
2022-07-05 00:00:00-04:00,34.46009647350002,35.17387487409996,33.51140545133844,34.76729202270508,505000,0.0,0.0
2022-07-06 00:00:00-04:00,34.722115268219916,35.273260502102694,33.86377449971261,34.56851577758789,450000,0.0,0.0
2022-07-07 00:00:00-04:00,35.2190510592436,36.07739189477983,35.182909594314964,35.85151290893555,523200,0.0,0.0
2022-07-08 00:00:00-04:00,35.55335293713379,35.68888171470639,34.902823766049266,35.41782760620117,461500,0.0,0.0
2022-07-11 00:00:00-04:00,35.17387275911367,35.45396391693056,34.88474795920439,35.33650588989258,286100,0.0,0.0
2022-07-12 00:00:00-04:00,35.038343880218775,35.92378900771231,35.038343880218775,35.46299743652344,281300,0.0,0.0
2022-07-13 00:00:00-04:00,35.11966138561138,35.53528131098255,34.505270309817035,35.43589401245117,290000,0.0,0.0
2022-07-14 00:00:00-04:00,34.90281869002865,35.3816809936335,34.442023670608584,35.33650588989258,298200,0.0,0.0
2022-07-15 00:00:00-04:00,36.11352802741478,36.42975718224847,35.43589116993748,36.39361572265625,326300,0.0,0.0
2022-07-18 00:00:00-04:00,37.10739038662358,37.179673298691995,36.44782432387453,36.6375617980957,290800,0.0,0.0
2022-07-19 00:00:00-04:00,37.26099300615383,38.69758326207265,36.93572676758516,38.661441802978516,333900,0.0,0.0
2022-07-20 00:00:00-04:00,38.688554321487345,39.01382062855457,38.128375374116004,38.64337921142578,264300,0.0,0.0
2022-07-21 00:00:00-04:00,38.09222790089274,38.99574374621433,37.72178654217646,38.9686393737793,261900,0.0,0.0
2022-07-22 00:00:00-04:00,39.07705947762058,39.420396456587014,38.58012646260877,38.8692512512207,246400,0.0,0.0
2022-07-25 00:00:00-04:00,39.23969010833966,39.61013143562191,38.52591182391024,39.4474983215332,444400,0.0,0.0
2022-07-26 00:00:00-04:00,39.239691055793564,39.42942854459861,37.441693116239286,37.55011749267578,562700,0.0,0.0
2022-07-27 00:00:00-04:00,37.4868752230372,39.357152811188605,37.405558656307164,39.049957275390625,505200,0.0,0.0
2022-07-28 00:00:00-04:00,39.59206554922277,39.59206554922277,38.60723310306874,38.923465728759766,445100,0.0,0.0
2022-07-29 00:00:00-04:00,38.86022588981835,39.212600063500645,38.54399663391931,38.98672103881836,346700,0.0,0.0
2022-08-01 00:00:00-04:00,38.42653321131209,39.049961438248474,37.93863720556002,38.787940979003906,336000,0.0,0.0
2022-08-02 00:00:00-04:00,38.39038898272314,38.842146895952155,37.89345252085974,37.99283981323242,279900,0.0,0.0
2022-08-03 00:00:00-04:00,38.27292918988093,38.887320199184416,37.84827566816374,38.796966552734375,254800,0.0,0.0
2022-08-04 00:00:00-04:00,38.69758530951071,39.05898957965569,38.39942342616766,38.9686393737793,413800,0.0,0.0
2022-08-05 00:00:00-04:00,38.45364272108219,39.7276001604537,38.45364272108219,39.348121643066406,424800,0.0,0.0
2022-08-08 00:00:00-04:00,39.76373189008647,40.42330150769692,39.60110220452608,39.79987335205078,483800,0.0,0.0
2022-08-09 00:00:00-04:00,39.78179830026188,40.016714330875566,39.167407300157215,39.81793975830078,451100,0.0,0.0
2022-08-10 00:00:00-04:00,40.78470787719326,41.65208232894323,40.77567423455907,41.344886779785156,524600,0.0,0.0
2022-08-11 00:00:00-04:00,41.6340143459532,41.9231391583579,40.522686755388044,40.63111114501953,586500,0.0,0.0
2022-08-12 00:00:00-04:00,41.39006123011836,44.22710037231445,41.15514518523881,44.22710037231445,944300,0.0,0.0
2022-08-15 00:00:00-04:00,43.62174317626969,44.93184181930162,43.62174317626969,44.47105026245117,441800,0.0,0.0
2022-08-16 00:00:00-04:00,44.20903244318783,44.877632266675185,43.947012009851626,44.75114059448242,352800,0.0,0.0
2022-08-17 00:00:00-04:00,43.91990959089482,44.091576375562084,43.052535131565925,43.07060241699219,303100,0.0,0.0
2022-08-18 00:00:00-04:00,43.26937516086406,43.53139559458449,43.07060056333276,43.38683319091797,252000,0.0,0.0
2022-08-19 00:00:00-04:00,43.151916116764816,43.151916116764816,42.573666515687286,43.043495178222656,272800,0.0,0.0
2022-08-22 00:00:00-04:00,42.01349387677336,42.18516067547945,41.272611034677595,41.35392761230469,672000,0.0,0.0
2022-08-23 00:00:00-04:00,41.118999828905004,41.968306830726306,41.118999828905004,41.73339080810547,324600,0.0,0.0
2022-08-24 00:00:00-04:00,41.71532464064006,41.91409922818468,41.29970818180986,41.46234130859375,281900,0.0,0.0
2022-08-25 00:00:00-04:00,41.7062921651544,42.54656219482422,41.54365903382221,42.54656219482422,226500,0.0,0.0
2022-08-26 00:00:00-04:00,42.25743808907282,42.4652463277181,40.61303946445405,40.6582145690918,203800,0.0,0.0
2022-08-29 00:00:00-04:00,39.944435944629255,40.51365191005585,39.58303166317328,40.0438232421875,240000,0.0,0.0
2022-08-30 00:00:00-04:00,40.26066440421963,40.48654334925683,39.61916558086823,39.926361083984375,248000,0.0,0.0
2022-08-31 00:00:00-04:00,40.260670949466856,40.260670949466856,39.38425939731825,39.601104736328125,316700,0.0,0.0
2022-09-01 00:00:00-04:00,39.24872695925546,39.24872695925546,38.309073102457226,39.095130920410156,353700,0.0,0.0
2022-09-02 00:00:00-04:00,39.52881327846594,40.04381697001998,38.47170152631997,38.62529754638672,515800,0.0,0.0
2022-09-06 00:00:00-04:00,38.53495818813457,38.72469571803337,35.67984780975275,36.04125213623047,1280800,0.0,0.0
2022-09-07 00:00:00-04:00,36.185811622082845,37.81213957596438,35.96896973310647,37.74889373779297,479600,0.0,0.0
2022-09-08 00:00:00-04:00,37.1254679307728,38.30907498340799,36.70985144999022,38.28196716308594,532500,0.0,0.0
2022-09-09 00:00:00-04:00,38.543991278273424,39.32101556667626,38.327145928187086,39.158382415771484,408800,0.0,0.0
2022-09-12 00:00:00-04:00,39.17645233233833,39.98058098025279,38.91443187838153,39.05899429321289,416200,0.0,0.0
2022-09-13 00:00:00-04:00,37.55916283570465,38.083203811829605,36.61950529367111,36.6737174987793,442700,0.0,0.0
2022-09-14 00:00:00-04:00,36.366509792726916,36.384580521748575,34.613690437296135,35.07448196411133,720100,0.0,0.0
2022-09-15 00:00:00-04:00,34.76358280850925,35.42721770450342,34.47267098806004,34.581764221191406,672100,0.238,0.0
2022-09-16 00:00:00-04:00,33.96357950022371,33.981761703815785,32.4272162417507,33.43630599975586,2206000,0.0,0.0
2022-09-19 00:00:00-04:00,33.0454042391149,34.44540299890683,32.87267847053076,34.43631362915039,576500,0.0,0.0
2022-09-20 00:00:00-04:00,33.7908481166157,33.827212521450114,32.836305031065635,33.39085006713867,459200,0.0,0.0
2022-09-21 00:00:00-04:00,33.89994577998961,33.89994577998961,32.19085667538485,32.24540328979492,836700,0.0,0.0
2022-09-22 00:00:00-04:00,32.3999441087864,32.3999441087864,31.718127091453688,32.081764221191406,518100,0.0,0.0
2022-09-23 00:00:00-04:00,31.40903980741443,31.599947759639424,30.318131773712846,30.899951934814453,578300,0.0,0.0
2022-09-26 00:00:00-04:00,30.636312869495967,30.990857173640958,29.772677262944892,29.93631362915039,652600,0.0,0.0
2022-09-27 00:00:00-04:00,29.890862490377668,30.25449619454414,28.00904584696486,28.218137741088867,1233300,0.0,0.0
2022-09-28 00:00:00-04:00,27.68177454173894,29.172680690026834,27.39086446021522,28.69086265563965,1223500,0.0,0.0
2022-09-29 00:00:00-04:00,28.045409121428264,28.172681086124868,27.090864184352306,27.836318969726562,1487700,0.0,0.0
2022-09-30 00:00:00-04:00,28.0272243165544,28.399950807686707,27.454498794603634,27.545406341552734,876500,0.0,0.0
2022-10-03 00:00:00-04:00,28.299952060520862,29.81813141722795,28.1999534063087,29.436315536499023,766000,0.0,0.0
2022-10-04 00:00:00-04:00,30.099949071081973,30.85449143172593,30.099949071081973,30.818130493164062,780900,0.0,0.0
2022-10-05 00:00:00-04:00,29.83631323687155,30.3908583147011,29.58176931966485,30.036314010620117,519100,0.0,0.0
2022-10-06 00:00:00-04:00,29.690861890974016,30.336314581062314,29.11813455502892,29.42722511291504,532800,0.0,0.0
2022-10-07 00:00:00-04:00,28.87267991351179,29.2181331268981,27.799954130650985,27.8908634185791,516300,0.0,0.0
2022-10-10 00:00:00-04:00,28.018132783142708,28.181769139448974,27.445407270021065,27.699951171875,651300,0.0,0.0
2022-10-11 00:00:00-04:00,27.463592268432524,28.190864890417664,27.18177501606295,27.518138885498047,880900,0.0,0.0
2022-10-12 00:00:00-04:00,27.554500450502882,27.93631808479405,26.990865968518605,27.58177375793457,786700,0.0,0.0
2022-10-13 00:00:00-04:00,26.836321660480294,28.327227841412345,26.38177692395705,27.99086570739746,1217200,0.0,0.0
2022-10-14 00:00:00-04:00,28.76358553725715,29.10904044995723,28.07267744580726,28.572677612304688,813800,0.0,0.0
2022-10-17 00:00:00-04:00,29.745407531016294,30.29995264324554,29.290862811864585,30.00904083251953,738300,0.0,0.0
2022-10-18 00:00:00-04:00,30.709040225683463,31.672676282166208,30.499950070276086,30.82722282409668,620000,0.0,0.0
2022-10-19 00:00:00-04:00,30.336312526474856,30.736314084825462,29.663588307632086,29.89995002746582,448500,0.0,0.0
2022-10-20 00:00:00-04:00,29.8726808028633,30.809041855503743,28.9908628994478,29.29995346069336,534800,0.0,0.0
2022-10-21 00:00:00-04:00,29.681773175634067,30.190861069547758,29.245407169563496,30.063589096069336,396900,0.0,0.0
2022-10-24 00:00:00-04:00,30.327224011585614,30.445406608778153,29.59995315944107,29.990861892700195,393900,0.0,0.0
2022-10-25 00:00:00-04:00,29.80904390111287,31.181767444889143,29.699950670211983,30.899951934814453,639000,0.0,0.0
2022-10-26 00:00:00-04:00,31.145402964841374,31.499950762623715,30.672679503600317,31.072677612304688,411900,0.0,0.0
2022-10-27 00:00:00-04:00,31.354495174745598,31.69085728433879,30.990858024768556,31.063583374023438,368400,0.0,0.0
2022-10-28 00:00:00-04:00,31.045405646465056,31.62722233101393,30.81813328731934,31.472675323486328,547100,0.0,0.0
2022-10-31 00:00:00-04:00,31.336315703671072,31.51813082661699,30.945406947115238,31.3544979095459,515700,0.0,0.0
2022-11-01 00:00:00-04:00,31.81812180625416,32.28175576955498,31.354487842953343,31.809032440185547,486900,0.0,0.0
2022-11-02 00:00:00-04:00,29.51813414256182,29.51813414256182,25.609048653741166,25.80904769897461,1931600,0.0,0.0
2022-11-03 00:00:00-04:00,25.28178043132123,26.090871326911746,25.13632623898039,25.52723503112793,1506300,0.0,0.0
2022-11-04 00:00:00-04:00,26.090866465842872,27.02722743783692,25.709048848598083,26.109046936035156,1295600,0.0,0.0
2022-11-07 00:00:00-05:00,26.363594516932075,26.672685074122498,25.681777417356248,26.654502868652344,1047500,0.0,0.0
2022-11-08 00:00:00-05:00,26.94541053404332,27.29995659587845,26.3635938454223,26.663593292236328,634300,0.0,0.0
2022-11-09 00:00:00-05:00,26.30904849631773,26.74541100502067,26.00904905484065,26.372684478759766,664900,0.0,0.0
2022-11-10 00:00:00-05:00,27.88177283317839,29.281769650998655,27.6181360666954,29.272680282592773,1028500,0.0,0.0
2022-11-11 00:00:00-05:00,29.354498988374072,31.009041499547184,29.318134578306285,30.454496383666992,1012400,0.0,0.0
2022-11-14 00:00:00-05:00,30.036317395157532,31.263586811866997,29.545408241313275,30.53631591796875,1222000,0.0,0.0
2022-11-15 00:00:00-05:00,30.918129104612813,31.69085717876456,29.981768128207488,30.372676849365234,636100,0.0,0.0
2022-11-16 00:00:00-05:00,30.136315215200426,30.245404972977468,29.51813414129574,29.89995002746582,628900,0.0,0.0
2022-11-17 00:00:00-05:00,29.363591955808644,29.427227947276133,28.454502400100008,29.11813735961914,699100,0.0,0.0
2022-11-18 00:00:00-05:00,29.73631347682744,29.73631347682744,29.00904264954858,29.581769943237305,350300,0.0,0.0
2022-11-21 00:00:00-05:00,29.263588909348616,29.454500334426495,28.727227715111315,28.881772994995117,376300,0.0,0.0
2022-11-22 00:00:00-05:00,29.245398942208254,30.29085294664594,28.92721909802298,30.27267074584961,681200,0.0,0.0
2022-11-23 00:00:00-05:00,30.272674799928016,31.327218312036898,30.172674416106375,30.818130493164062,493700,0.0,0.0
2022-11-25 00:00:00-05:00,30.754494515804957,31.18176415408742,30.436311161108762,30.818130493164062,208400,0.0,0.0
2022-11-28 00:00:00-05:00,30.2817710780231,30.445407457806557,29.590861148292714,29.754497528076172,422600,0.0,0.0
2022-11-29 00:00:00-05:00,29.79994635002919,30.29994824280189,29.49085584717902,30.290855407714844,411500,0.0,0.0
2022-11-30 00:00:00-05:00,30.309046450087934,31.490862199362567,29.62722927151778,31.463590621948242,718800,0.0,0.0
2022-12-01 00:00:00-05:00,31.845408001365634,32.072680404385146,31.372680986936846,31.963590621948242,536300,0.0,0.0
2022-12-02 00:00:00-05:00,31.43630809995657,32.618123437781186,31.336307727050585,32.399940490722656,735600,0.0,0.0
2022-12-05 00:00:00-05:00,31.9181378959686,32.199953465624034,30.88177625861246,31.481775283813477,671200,0.0,0.0
2022-12-06 00:00:00-05:00,31.68176177840939,31.818126565134484,30.336309985517484,30.65449333190918,603300,0.0,0.0
2022-12-07 00:00:00-05:00,30.663583755493164,31.072674661858322,30.399947008291097,30.663583755493164,428900,0.0,0.0
2022-12-08 00:00:00-05:00,30.981770137021346,31.381768246789083,30.39994997567595,30.799951553344727,468200,0.0,0.0
2022-12-09 00:00:00-05:00,30.51813164748089,31.554493034660254,30.51813164748089,31.181766510009766,567800,0.0,0.0
2022-12-12 00:00:00-05:00,31.190869535086147,31.709050397945024,30.69086741486963,31.545413970947266,632300,0.0,0.0
2022-12-13 00:00:00-05:00,33.018121171239905,33.28175788514706,31.48176159236419,32.05448532104492,795500,0.0,0.0
2022-12-14 00:00:00-05:00,31.75449949097363,32.145408290072595,31.299954698337764,31.55449867248535,562200,0.0,0.0
2022-12-15 00:00:00-05:00,31.11316292585833,31.213882965820602,30.444752243122164,30.536314010620117,511300,0.248,0.0
2022-12-16 00:00:00-05:00,30.069339888242883,30.847625299451106,29.886212881824147,30.646188735961914,2172200,0.0,0.0
2022-12-19 00:00:00-05:00,30.563784855677888,30.82931537439939,29.78549587272475,29.840435028076172,496000,0.0,0.0
2022-12-20 00:00:00-05:00,29.950309334228272,30.719440031720367,29.950309334228272,30.435596466064453,454900,0.0,0.0
2022-12-21 00:00:00-05:00,30.77437714984268,31.71747653461916,30.77437714984268,31.424474716186523,459000,0.0,0.0
2022-12-22 00:00:00-05:00,31.02159544498606,31.332910287143527,29.70308388156296,30.151744842529297,678400,0.0,0.0
2022-12-23 00:00:00-05:00,30.133430731796956,30.948342159437747,30.105962906146026,30.875093460083008,250800,0.0,0.0
2022-12-27 00:00:00-05:00,30.994123655945792,31.342064590228535,30.62787316609903,30.93918800354004,353100,0.0,0.0
2022-12-28 00:00:00-05:00,31.113160482969576,31.314600547077802,29.99608884434362,30.005247116088867,559100,0.0,0.0
2022-12-29 00:00:00-05:00,30.463061646546063,31.488567989697003,30.243308540870874,31.195566177368164,436600,0.0,0.0
2022-12-30 00:00:00-05:00,30.856786521049532,31.16810141386895,30.472219421516147,30.91172218322754,417800,0.0,0.0
2023-01-03 00:00:00-05:00,31.42448124966638,31.87314234215488,30.737757440027064,31.10401153564453,628400,0.0,0.0
2023-01-04 00:00:00-05:00,31.70832444911979,33.02683274405645,31.479416540723026,32.642269134521484,668600,0.0,0.0
2023-01-05 00:00:00-05:00,32.349274719438675,33.035998602318664,32.03795975281874,32.91696548461914,765800,0.0,0.0
2023-01-06 00:00:00-05:00,33.47549720686892,34.83978652451913,33.47549720686892,34.67497253417969,611300,0.0,0.0
2023-01-09 00:00:00-05:00,35.01375311316693,35.27012883753854,34.41859118975306,34.647499084472656,804000,0.0,0.0
2023-01-10 00:00:00-05:00,34.3636502852058,35.22434616088867,34.22630765109224,35.22434616088867,433600,0.0,0.0
2023-01-11 00:00:00-05:00,35.86528218777439,36.066722224307966,35.12362294936766,35.28843688964844,378100,0.0,0.0
2023-01-12 00:00:00-05:00,35.47156834493009,35.535662275015326,34.83978033000817,34.91303253173828,854900,0.0,0.0
2023-01-13 00:00:00-05:00,34.519301929861435,35.33421325683594,34.519301929861435,35.33421325683594,345500,0.0,0.0
2023-01-17 00:00:00-05:00,35.40746165855988,35.47155906473295,34.47352078084252,34.94964599609375,290800,0.0,0.0
2023-01-18 00:00:00-05:00,35.215191017003185,35.471570243926806,34.50099947618596,34.66581344604492,274200,0.0,0.0
2023-01-19 00:00:00-05:00,34.31786924594884,34.491837978818246,33.786804776061814,34.125587463378906,513900,0.0,0.0
2023-01-20 00:00:00-05:00,34.345329741278334,35.370839348417256,33.88751407508085,35.33421325683594,318600,0.0,0.0
2023-01-23 00:00:00-05:00,35.18771329485944,36.13997074350273,34.91302458659676,36.05756378173828,407300,0.0,0.0
2023-01-24 00:00:00-05:00,35.91106915310234,36.07588310530932,35.59975429813991,35.87444305419922,323000,0.0,0.0
2023-01-25 00:00:00-05:00,35.370847793899294,35.96600620634793,34.958812897368894,35.78288269042969,298600,0.0,0.0
2023-01-26 00:00:00-05:00,36.09420296004885,36.33226917798546,35.60891923612443,36.24070739746094,269100,0.0,0.0
2023-01-27 00:00:00-05:00,35.87444310430763,36.579479791320736,35.83781700535335,36.478759765625,184000,0.0,0.0
2023-01-30 00:00:00-05:00,35.975165653572645,36.65273106747107,35.975165653572645,36.185760498046875,295200,0.0,0.0
2023-01-31 00:00:00-05:00,36.13997469349857,37.16548094643047,36.13997469349857,37.10138702392578,463600,0.0,0.0
2023-02-01 00:00:00-05:00,37.03729891129085,38.227619292485386,36.77176490905728,37.67824172973633,306300,0.0,0.0
2023-02-02 00:00:00-05:00,38.0719602604196,39.0150596078656,38.0719602604196,39.00590133666992,436300,0.0,0.0
2023-02-03 00:00:00-05:00,38.374116166619096,38.68543101747996,37.67823776091322,37.897987365722656,505400,0.0,0.0
2023-02-06 00:00:00-05:00,37.51343068832032,37.7606516586974,36.762612997334074,37.009830474853516,358200,0.0,0.0
2023-02-07 00:00:00-05:00,36.66188200067696,37.55004208126674,36.341408915781265,37.44932556152344,356900,0.0,0.0
2023-02-08 00:00:00-05:00,36.94573791767664,37.30283721680181,36.24985935839371,36.423828125,314100,0.0,0.0
2023-02-09 00:00:00-05:00,36.72597904121173,36.83585384027195,34.79399606904702,35.03205871582031,346600,0.0,0.0
2023-02-10 00:00:00-05:00,34.812315679492464,34.913035719639474,34.29956069913382,34.68412780761719,464500,0.0,0.0
2023-02-13 00:00:00-05:00,34.81229996655816,35.62721120668068,34.46435911933129,35.6088981628418,494600,0.0,0.0
2023-02-14 00:00:00-05:00,35.25181072312787,36.405504809936886,35.022902861289374,35.398311614990234,1137400,0.0,0.0
2023-02-15 00:00:00-05:00,38.71290328967302,40.013101990029114,37.10139319556996,38.84109115600586,998500,0.0,0.0
2023-02-16 00:00:00-05:00,39.170715990971864,39.35384299673677,38.17267747705309,38.5206184387207,815100,0.0,0.0
2023-02-17 00:00:00-05:00,38.76784074206147,39.57359750017641,38.465680647946904,39.30806350708008,612100,0.0,0.0
2023-02-21 00:00:00-05:00,38.75869111871544,38.79531373174778,37.513431461315434,37.78812026977539,503200,0.0,0.0
2023-02-22 00:00:00-05:00,37.852213451990174,38.886878219126054,37.852213451990174,38.43821716308594,551000,0.0,0.0
2023-02-23 00:00:00-05:00,38.740367208961814,38.92349070137713,37.80642272764543,38.51145935058594,361800,0.0,0.0
2023-02-24 00:00:00-05:00,37.696542611037934,39.14324188232422,37.3394469281615,39.14324188232422,540700,0.0,0.0
2023-02-27 00:00:00-05:00,39.536976958012325,39.83913360175253,39.22566204130129,39.610225677490234,489300,0.0,0.0
2023-02-28 00:00:00-05:00,39.436250206370445,40.33356869774728,39.42709542781412,39.949005126953125,565100,0.0,0.0
2023-03-01 00:00:00-05:00,39.87575984907494,40.58995495044471,39.775039803185756,40.15960693359375,495400,0.0,0.0
2023-03-02 00:00:00-05:00,39.646847582498395,40.36104260566068,39.49119188706573,40.26032257080078,311100,0.0,0.0
2023-03-03 00:00:00-05:00,40.62657046382415,40.965356648581555,39.80250417329453,40.6631965637207,409800,0.0,0.0
2023-03-06 00:00:00-05:00,40.52585290731407,40.58995033247106,38.905188055900126,39.27143859863281,375200,0.0,0.0
2023-03-07 00:00:00-05:00,39.29890515006187,39.390470402408624,38.31917965352359,38.37411880493164,286900,0.0,0.0
2023-03-08 00:00:00-05:00,38.47484279115145,38.99675255817798,38.08112089773037,38.593875885009766,318600,0.0,0.0
2023-03-09 00:00:00-05:00,38.72205896909331,38.94180858441971,37.36692469838999,37.48595428466797,373600,0.0,0.0
2023-03-10 00:00:00-05:00,37.26620152875651,37.339450230073275,35.91106737225624,36.286476135253906,628100,0.0,0.0
2023-03-13 00:00:00-04:00,35.24345314909201,35.99899879162292,34.73668524468993,35.565940856933594,589600,0.248,0.0
2023-03-14 00:00:00-04:00,36.938823995410836,37.64830045531257,36.192490793860415,36.78218460083008,791500,0.0,0.0
2023-03-15 00:00:00-04:00,35.326384665903795,35.667300798968874,33.93507581511991,34.93018341064453,748100,0.0,0.0
2023-03-16 00:00:00-04:00,34.41419984708489,35.91607895821648,34.32206149063512,35.667301177978516,563800,0.0,0.0
2023-03-17 00:00:00-04:00,35.418517538491706,35.63965447818289,34.4879076388281,35.031532287597656,1896000,0.0,0.0
2023-03-20 00:00:00-04:00,35.65808529939685,36.12799649560529,35.2434557057702,35.676513671875,483500,0.0,0.0
2023-03-21 00:00:00-04:00,36.662407463999024,36.874328467768365,35.87921747804882,36.33991622924805,450400,0.0,0.0
2023-03-22 00:00:00-04:00,36.45048716392582,36.6163389987476,35.10524411316552,35.12367248535156,538400,0.0,0.0
2023-03-23 00:00:00-04:00,35.243460593954715,35.99900639608784,34.644550707331874,35.02232360839844,411300,0.0,0.0
2023-03-24 00:00:00-04:00,34.58004752151291,35.65808443892798,34.119348765234385,35.63965606689453,437300,0.0,0.0
2023-03-27 00:00:00-04:00,36.24777279605012,36.303057903779354,35.593581504755086,35.741004943847656,280200,0.0,0.0
2023-03-28 00:00:00-04:00,35.68572894977118,36.52420063277928,35.492236295581534,36.34913635253906,479500,0.0,0.0
2023-03-29 00:00:00-04:00,36.91118800004418,37.12310901982401,36.385991665187035,36.99411392211914,619300,0.0,0.0
2023-03-30 00:00:00-04:00,37.537735525656366,37.79572569972914,37.0033232909599,37.21524429321289,370600,0.0,0.0
2023-03-31 00:00:00-04:00,37.353459058495815,37.961581325939555,37.31660231141368,37.92472457885742,532700,0.0,0.0
2023-04-03 00:00:00-04:00,37.84179927495189,38.50520667388113,37.362672099597766,37.768089294433594,455400,0.0,0.0
2023-04-04 00:00:00-04:00,37.722019124763904,37.77730424998907,36.524202863710485,36.81904983520508,451900,0.0,0.0
2023-04-05 00:00:00-04:00,36.1372080122531,36.77297096802754,36.02663779092971,36.54262161254883,323300,0.0,0.0
2023-04-06 00:00:00-04:00,36.551836262192424,36.901968287962966,36.08192509498527,36.643978118896484,393000,0.0,0.0
2023-04-10 00:00:00-04:00,36.40441133573972,37.41795062942715,36.40441133573972,37.113887786865234,489000,0.0,0.0
2023-04-11 00:00:00-04:00,37.37189151221231,37.98922627639931,36.78219403907499,37.399532318115234,545900,0.0,0.0
2023-04-12 00:00:00-04:00,38.17349343868175,38.237990973593625,36.901964079979585,36.98488998413086,369800,0.0,0.0
2023-04-13 00:00:00-04:00,36.883545071260336,37.620665968498926,36.61634243660692,37.42716979980469,431900,0.0,0.0
2023-04-14 00:00:00-04:00,37.546954227892904,37.943155498479776,36.66241332768397,37.14154052734375,330700,0.0,0.0
2023-04-17 00:00:00-04:00,37.20604098218874,37.500887971911055,36.984903982470314,37.46403121948242,216900,0.0,0.0
2023-04-18 00:00:00-04:00,37.74965740100069,38.02607595316501,36.93882660177977,37.25210189819336,406100,0.0,0.0
2023-04-19 00:00:00-04:00,36.95725993235698,37.242890951479644,36.690053772978374,37.13232421875,432000,0.0,0.0
2023-04-20 00:00:00-04:00,36.69004869890712,36.9111856486372,36.05428568006857,36.35834503173828,280100,0.0,0.0
2023-04-21 00:00:00-04:00,36.441271303282925,36.441271303282925,35.54751809676915,36.008216857910156,255600,0.0,0.0
2023-04-24 00:00:00-04:00,36.14642683649415,36.52419970573673,36.04507253977126,36.30306625366211,170200,0.0,0.0
2023-04-25 00:00:00-04:00,35.6027928272145,35.75943220349419,34.6076855229303,34.62611389160156,273300,0.0,0.0
2023-04-26 00:00:00-04:00,34.07327923448387,34.79196816197248,34.07327923448387,34.202274322509766,298500,0.0,0.0
2023-04-27 00:00:00-04:00,34.451051977826204,34.92096667135098,34.027209971203774,34.90253829956055,228700,0.0,0.0
2023-04-28 00:00:00-04:00,34.91175524250636,35.925294732927014,34.91175524250636,35.4830207824707,451700,0.0,0.0
2023-05-01 00:00:00-04:00,35.529090764191594,36.27542052957342,35.455377273122785,35.7133674621582,429000,0.0,0.0
2023-05-02 00:00:00-04:00,35.42773578794406,35.47380496154697,34.27598887360812,35.1421012878418,524400,0.0,0.0
2023-05-03 00:00:00-04:00,35.18817268867428,36.321491302331744,34.672192287898575,34.88411331176758,606900,0.0,0.0
2023-05-04 00:00:00-04:00,33.806074632900824,34.460269560600864,33.013675697328765,34.09170913696289,513900,0.0,0.0
2023-05-05 00:00:00-04:00,34.78276375349941,35.64887634055722,34.71826619461496,35.464599609375,413400,0.0,0.0
2023-05-08 00:00:00-04:00,35.7594439070668,35.98057737379192,35.24345995995306,35.704158782958984,297100,0.0,0.0
2023-05-09 00:00:00-04:00,35.57516062192606,35.75022489429764,34.98546674146097,35.206600189208984,402700,0.0,0.0
2023-05-10 00:00:00-04:00,35.95293222934188,36.091139750649,34.95782120463792,35.676513671875,513800,0.0,0.0
2023-05-11 00:00:00-04:00,35.20660474153502,35.75944546209469,35.16974799052706,35.59359359741211,410000,0.0,0.0
2023-05-12 00:00:00-04:00,35.78708590243868,35.87922426416436,35.16974763134643,35.58437728881836,346100,0.0,0.0
2023-05-15 00:00:00-04:00,35.77786621649418,36.58869347683416,35.612014387139986,36.31227493286133,283600,0.0,0.0
2023-05-16 00:00:00-04:00,36.118787993655964,36.118787993655964,35.556734873949935,35.68572998046875,355700,0.0,0.0
2023-05-17 00:00:00-04:00,35.934500102755386,36.53340984374223,35.44616058508606,36.395198822021484,482200,0.0,0.0
2023-05-18 00:00:00-04:00,36.19249362641498,36.514984868801825,35.9252910156806,36.376773834228516,335500,0.0,0.0
2023-05-19 00:00:00-04:00,36.524202291761334,36.542630666547815,35.75022812499476,35.8884391784668,385800,0.0,0.0
2023-05-22 00:00:00-04:00,36.10035509271807,36.65319219843905,35.73179467900235,36.1924934387207,254100,0.0,0.0
2023-05-23 00:00:00-04:00,35.84235763549805,36.80060818988515,35.612008302403204,35.84235763549805,238400,0.0,0.0
2023-05-24 00:00:00-04:00,35.43695160446362,35.67651695386521,35.12367627322131,35.4830207824707,358300,0.0,0.0
2023-05-25 00:00:00-04:00,35.37244634402343,35.55672653074693,34.386551387132734,34.76432418823242,316300,0.0,0.0
2023-05-26 00:00:00-04:00,34.902533901086706,35.17895241340347,34.61689944660987,35.05916976928711,234800,0.0,0.0
2023-05-30 00:00:00-04:00,35.03153530790042,35.45537733776065,34.32205877190686,34.64454650878906,369000,0.0,0.0
2023-05-31 00:00:00-04:00,34.57084184575767,34.70904939072621,33.428307160476784,33.63101577758789,567500,0.0,0.0
2023-06-01 00:00:00-04:00,33.621800686941604,34.368130509338386,33.4190920858694,33.870574951171875,340100,0.0,0.0
2023-06-02 00:00:00-04:00,34.85646920286267,36.41362971656914,34.60769145543278,36.33991622924805,386900,0.0,0.0
2023-06-05 00:00:00-04:00,36.00822397240123,36.183288270877014,35.06839789220079,35.814727783203125,408800,0.0,0.0
2023-06-06 00:00:00-04:00,35.796292601833045,37.4916641960772,35.73179505598022,36.9203987121582,595800,0.0,0.0
2023-06-07 00:00:00-04:00,37.012538772279136,37.768088014823846,36.94804122344101,37.353458404541016,485400,0.0,0.0
2023-06-08 00:00:00-04:00,37.3534551047205,37.3534551047205,36.247777413259946,36.6716194152832,664100,0.0,0.0
2023-06-09 00:00:00-04:00,36.468915072607125,36.468915072607125,35.87000528615673,36.17406463623047,382200,0.0,0.0
2023-06-12 00:00:00-04:00,36.14641887514357,36.772969376110204,35.85157199408304,36.29384231567383,383800,0.0,0.0
2023-06-13 00:00:00-04:00,36.39520529716323,37.34424370294392,36.33992017566859,37.242889404296875,457100,0.0,0.0
2023-06-14 00:00:00-04:00,37.43638415373386,37.6943743478951,36.450489037643095,36.80983352661133,633000,0.0,0.0
2023-06-15 00:00:00-04:00,36.502013588755865,37.4662535831886,36.344399272239336,37.317909240722656,448200,0.248,0.0
2023-06-16 00:00:00-04:00,37.29010109109498,37.61460328118906,36.60400619899929,37.22520065307617,1028100,0.0,0.0
2023-06-20 00:00:00-04:00,36.60400097193516,36.85433271289253,36.047710572124174,36.80797576904297,514300,0.0,0.0
2023-06-21 00:00:00-04:00,36.62254442260843,37.02122050559666,36.168237884967844,36.28876876831055,460600,0.0,0.0
2023-06-22 00:00:00-04:00,36.1033421510259,36.19605958750312,35.57486514193572,35.98281478881836,400400,0.0,0.0
2023-06-23 00:00:00-04:00,35.1854609450655,36.01989661517897,35.1854609450655,35.8251953125,2594100,0.0,0.0
2023-06-26 00:00:00-04:00,35.704663183569735,36.69672022272417,35.704663183569735,36.41857147216797,444700,0.0,0.0
2023-06-27 00:00:00-04:00,36.35366907590562,36.99340692344827,36.01062344871243,36.548370361328125,328200,0.0,0.0
2023-06-28 00:00:00-04:00,36.55765233770391,36.78944064644572,36.196063141956095,36.75235366821289,265000,0.0,0.0
2023-06-29 00:00:00-04:00,36.62254627787921,37.65168675183046,36.62254627787921,37.44771194458008,569700,0.0,0.0
2023-06-30 00:00:00-04:00,37.800035654870456,38.01328046231518,37.225201672332126,37.92056655883789,563700,0.0,0.0
2023-07-03 00:00:00-04:00,37.531149911972555,38.319232018887504,37.410619041633524,38.10598373413086,316700,0.0,0.0
2023-07-05 00:00:00-04:00,37.65168702245137,37.67023050840817,36.40002824642995,36.4093017578125,411600,0.0,0.0
2023-07-06 00:00:00-04:00,35.853011595926354,36.01989945044713,35.102019787391555,35.890098571777344,552600,0.0,0.0
2023-07-07 00:00:00-04:00,36.075524297379,37.568241243287595,36.075524297379,37.30863952636719,575700,0.0,0.0
2023-07-10 00:00:00-04:00,37.20665088851476,38.00400303457995,37.20665088851476,37.382808685302734,501800,0.0,0.0
2023-07-11 00:00:00-04:00,37.68877210931392,37.87419988599086,37.067577739660145,37.29936599731445,530900,0.0,0.0
2023-07-12 00:00:00-04:00,37.93910598754883,38.235798255568945,37.642417256337374,37.93910598754883,582700,0.0,0.0
2023-07-13 00:00:00-04:00,38.06890805829562,38.40268020775198,37.72585886029655,38.365596771240234,484300,0.0,0.0
2023-07-14 00:00:00-04:00,38.263616204213925,38.263616204213925,37.19738851988123,37.401363372802734,746800,0.0,0.0
2023-07-17 00:00:00-04:00,37.271552296853564,37.54969749687621,37.10466446947836,37.317909240722656,394400,0.0,0.0
2023-07-18 00:00:00-04:00,37.327178117743685,37.99472940762548,37.327178117743685,37.64241027832031,693600,0.0,0.0
2023-07-19 00:00:00-04:00,37.660957675761566,38.45830990223235,37.596057242147275,38.402679443359375,565700,0.0,0.0
2023-07-20 00:00:00-04:00,38.7735391164536,38.7735391164536,37.70731172589803,38.096717834472656,650000,0.0,0.0
2023-07-21 00:00:00-04:00,38.1523543457027,38.18016780901334,37.43844598065738,37.94837951660156,484400,0.0,0.0
2023-07-24 00:00:00-04:00,37.89274217540903,38.25433128005141,37.45698266979777,37.902015686035156,525700,0.0,0.0
2023-07-25 00:00:00-04:00,37.99473301242678,39.31129223273642,37.99473301242678,38.699371337890625,627000,0.0,0.0
2023-07-26 00:00:00-04:00,38.4119508918199,39.18148607911861,38.39340740652487,38.81062698364258,718900,0.0,0.0
2023-07-27 00:00:00-04:00,38.124530992115616,38.58810749968398,36.73380146941054,37.08612060546875,1333600,0.0,0.0
2023-07-28 00:00:00-04:00,37.67950396645185,37.79076135567006,37.058313045107475,37.20665740966797,761100,0.0,0.0
2023-07-31 00:00:00-04:00,37.21592549919524,37.976190771142676,36.88214981164593,37.5775146484375,519500,0.0,0.0
2023-08-01 00:00:00-04:00,37.10466822645479,37.855663525684115,37.07685476467875,37.82784652709961,379800,0.0,0.0
2023-08-02 00:00:00-04:00,37.169570434325685,37.47552913887793,36.79870775452014,37.20665740966797,300700,0.0,0.0
2023-08-03 00:00:00-04:00,36.965592171338415,37.1602970053861,36.38148827962028,36.400028228759766,333300,0.0,0.0
2023-08-04 00:00:00-04:00,36.41857270480917,37.09539404466684,36.18678442937264,36.33512878417969,310200,0.0,0.0
2023-08-07 00:00:00-04:00,36.49275346349257,36.90997314453125,36.103347248920116,36.90997314453125,285300,0.0,0.0
2023-08-08 00:00:00-04:00,36.1867779659657,36.59472752142653,35.704658014753306,36.52055358886719,409800,0.0,0.0
2023-08-09 00:00:00-04:00,36.55764984059631,36.55764984059631,35.973542352158496,36.158973693847656,310600,0.0,0.0
2023-08-10 00:00:00-04:00,36.27949816987143,36.548369854043344,35.70466075878159,36.075523376464844,429500,0.0,0.0
2023-08-11 00:00:00-04:00,35.99208117255028,36.38148729328014,35.843736825798,35.954994201660156,387500,0.0,0.0
2023-08-14 00:00:00-04:00,35.621221129830964,35.621221129830964,35.15764457038928,35.528507232666016,270100,0.0,0.0
2023-08-15 00:00:00-04:00,35.04638936208435,35.10201982592189,34.57354279829558,34.61989974975586,251500,0.0,0.0
2023-08-16 00:00:00-04:00,34.49010170874328,34.703346532453025,33.9152676823601,33.924537658691406,326400,0.0,0.0
2023-08-17 00:00:00-04:00,34.082145331157484,34.69406621649835,34.05433187080826,34.369564056396484,366900,0.0,0.0
2023-08-18 00:00:00-04:00,34.063600711309824,34.60134757957223,33.86889590513846,34.165584564208984,368600,0.0,0.0
2023-08-21 00:00:00-04:00,34.19340737356623,34.249034296098756,33.72055731118936,34.04506301879883,322000,0.0,0.0
2023-08-22 00:00:00-04:00,34.258306083249046,34.768239556042694,34.10996173594893,34.6755256652832,335000,0.0,0.0
2023-08-23 00:00:00-04:00,34.7311480057737,34.83313539424721,34.43445935029134,34.71260452270508,254200,0.0,0.0
2023-08-24 00:00:00-04:00,34.480822916058685,34.990759956425585,34.23976466345578,34.267578125,308100,0.0,0.0
2023-08-25 00:00:00-04:00,34.67552481613117,35.3338026201047,34.45300653222603,34.99075698852539,335900,0.0,0.0
2023-08-28 00:00:00-04:00,35.03711732125824,35.927183469342104,35.03711732125824,35.778839111328125,381400,0.0,0.0
2023-08-29 00:00:00-04:00,35.67685162846974,36.863606490134245,35.58413773120538,36.7987060546875,345000,0.0,0.0
2023-08-30 00:00:00-04:00,36.7245380814556,37.45698994360192,36.7245380814556,37.160301208496094,398100,0.0,0.0
2023-08-31 00:00:00-04:00,37.20665383745328,37.809301213266274,37.151023379780945,37.1881103515625,371600,0.0,0.0
2023-09-01 00:00:00-04:00,37.364266802433555,37.98546117833715,37.2530094279464,37.53115463256836,415000,0.0,0.0
2023-09-05 00:00:00-04:00,37.392086059082665,37.47552644238603,36.270228124956255,36.362945556640625,354500,0.0,0.0
2023-09-06 00:00:00-04:00,36.37221367002543,36.78943324923257,35.77883628484558,36.22386932373047,330800,0.0,0.0
2023-09-07 00:00:00-04:00,36.00134942334747,36.242407625294675,35.00929254943605,35.28744125366211,438200,0.0,0.0
2023-09-08 00:00:00-04:00,35.32453445787558,35.5192393120771,34.61062962743516,34.88877487182617,318800,0.0,0.0
2023-09-11 00:00:00-04:00,35.20400717307537,35.38016500300692,34.814601000583664,35.12983322143555,405400,0.0,0.0
2023-09-12 00:00:00-04:00,34.95367356862515,35.25963226116158,34.85168615884351,35.000030517578125,279300,0.0,0.0
2023-09-13 00:00:00-04:00,35.08347310694396,35.17618700132599,34.286120882748456,34.32320785522461,380400,0.0,0.0
2023-09-14 00:00:00-04:00,34.87205233323355,35.60944400399114,34.564026612286064,35.497432708740234,415300,0.248,0.0
2023-09-15 00:00:00-04:00,35.329419549320505,35.89879784145404,35.292086011329786,35.7587890625,1450500,0.0,0.0
2023-09-18 00:00:00-04:00,35.693447453091174,35.693447453091174,34.99339294433594,34.99339294433594,303600,0.0,0.0
2023-09-19 00:00:00-04:00,34.93739356363725,35.39476059736101,34.56402966778512,34.694705963134766,309800,0.0,0.0
2023-09-20 00:00:00-04:00,34.97472806007732,35.27341773024474,34.134661137317856,34.14399719238281,258500,0.0,0.0
2023-09-21 00:00:00-04:00,33.826637044250624,33.87330663492952,33.15458354435762,33.369266510009766,343800,0.0,0.0
2023-09-22 00:00:00-04:00,33.36926920608,33.67729493863841,33.023909934359025,33.070579528808594,298700,0.0,0.0
2023-09-25 00:00:00-04:00,32.865229572696855,33.5279470823343,32.70655223686615,33.35060119628906,282600,0.0,0.0
2023-09-26 00:00:00-04:00,32.9959030662889,33.23859063784196,32.28651602158479,32.34252166748047,315100,0.0,0.0
2023-09-27 00:00:00-04:00,32.538532264760605,33.005235243748764,32.258511189499934,32.73454666137695,341400,0.0,0.0
2023-09-28 00:00:00-04:00,32.855892751801704,33.369265352789256,32.80922316274127,33.20125198364258,323600,0.0,0.0
2023-09-29 00:00:00-04:00,33.50928038383299,33.639956668008445,32.73455161241895,32.96790313720703,327900,0.0,0.0
2023-10-02 00:00:00-04:00,32.697213399200734,32.781220087687004,32.06249698856258,32.47319793701172,455800,0.0,0.0
2023-10-03 00:00:00-04:00,31.987822008510534,32.68787646389202,31.931816370242025,32.193172454833984,525000,0.0,0.0
2023-10-04 00:00:00-04:00,32.333190933836526,32.57587854532815,31.997164124486375,32.267852783203125,498800,0.0,0.0
2023-10-05 00:00:00-04:00,32.13717235721996,32.29584968534609,31.21309875010931,31.474454879760742,407600,0.0,0.0
2023-10-06 00:00:00-04:00,31.33444213204132,31.847814769009133,30.923744734599403,31.3997802734375,767400,0.0,0.0
2023-10-09 00:00:00-04:00,30.998412506046527,31.269101101483763,30.634384734570887,30.84906768798828,319600,0.0,0.0
2023-10-10 00:00:00-04:00,31.054422753578567,31.969160344927733,31.03575420346999,31.325111389160156,535800,0.0,0.0
2023-10-11 00:00:00-04:00,31.259769831681457,31.82914452485972,31.157094597623608,31.791810989379883,390300,0.0,0.0
2023-10-12 00:00:00-04:00,31.73580963560752,31.73580963560752,30.354368937572275,30.447708129882812,371900,0.0,0.0
2023-10-13 00:00:00-04:00,30.643726497892366,31.14776312733413,30.46637704545105,30.71839714050293,322500,0.0,0.0
2023-10-16 00:00:00-04:00,31.08242553570733,31.371782737570605,30.76506728744705,30.86774253845215,337300,0.0,0.0
2023-10-17 00:00:00-04:00,30.51304505863952,31.67047022466361,30.51304505863952,31.44645118713379,801700,0.0,0.0
2023-10-18 00:00:00-04:00,30.914406758003583,31.18509536162473,30.20501974094487,30.233020782470703,348800,0.0,0.0
2023-10-19 00:00:00-04:00,29.943667199289486,30.69972380597238,29.831655911834552,30.037006378173828,474100,0.0,0.0
2023-10-20 00:00:00-04:00,30.317028991743264,30.391703187114587,29.803656360881053,29.896995544433594,525200,0.0,0.0
2023-10-23 00:00:00-04:00,29.663643919506573,30.10234410744014,29.53296586624475,29.63564109802246,555100,0.0,0.0
2023-10-24 00:00:00-04:00,29.87832567243072,30.11167718163973,29.616973121528293,29.850324630737305,439300,0.0,0.0
2023-10-25 00:00:00-04:00,29.542301069740972,29.74765153975858,29.13160191003651,29.215608596801758,384000,0.0,0.0
2023-10-26 00:00:00-04:00,29.542299562036483,29.71964720063774,29.206274612455424,29.420957565307617,297100,0.0,0.0
2023-10-27 00:00:00-04:00,29.57029867541278,29.57029867541278,28.935582389752437,29.103595733642578,293000,0.0,0.0
2023-10-30 00:00:00-04:00,29.551636042656156,29.663645554435373,29.019594867449165,29.430294036865234,277800,0.0,0.0
2023-10-31 00:00:00-04:00,29.523633794242173,29.644977582725584,29.26228122888866,29.514301300048828,254100,0.0,0.0
2023-11-01 00:00:00-04:00,29.34628706363861,29.448960519749246,28.82357838751032,29.355621337890625,393900,0.0,0.0
2023-11-02 00:00:00-04:00,27.236791401883412,29.85032787712888,25.883351789144662,29.766321182250977,1022300,0.0,0.0
2023-11-03 00:00:00-04:00,30.55038052924047,31.829145860102216,30.15835168529546,31.707805633544922,646100,0.0,0.0
2023-11-06 00:00:00-05:00,29.803656166101536,30.662388043289916,29.803656166101536,30.279691696166992,542900,0.0,0.0
2023-11-07 00:00:00-05:00,30.102347711023114,30.662389965103007,29.700982790023197,30.34503173828125,675100,0.0,0.0
2023-11-08 00:00:00-05:00,30.307698199161255,30.531713676528486,29.98100391706314,30.34503173828125,318500,0.0,0.0
2023-11-09 00:00:00-05:00,30.718393603145067,30.718393603145067,29.672979802347264,29.75698471069336,373400,0.0,0.0
2023-11-10 00:00:00-05:00,29.840991716016916,30.578381592934274,29.607640196178505,30.475709915161133,346100,0.0,0.0
2023-11-13 00:00:00-05:00,29.710313908534452,30.27969037706904,29.35562039994456,30.102344512939453,494400,0.0,0.0
2023-11-14 00:00:00-05:00,31.33443874342002,32.09049887580622,31.129088286575584,31.605127334594727,581800,0.0,0.0
2023-11-15 00:00:00-05:00,31.735805168337926,32.50119783166257,31.633129934852178,32.109169006347656,444200,0.0,0.0
2023-11-16 00:00:00-05:00,31.931816841498318,32.090497705270394,31.399775732409307,31.82914161682129,525200,0.0,0.0
2023-11-17 00:00:00-05:00,32.183840779360295,32.43586084485873,31.87581862863659,32.407859802246094,497400,0.0,0.0
2023-11-20 00:00:00-05:00,33.9946505794243,33.9946505794243,32.613209892287415,32.846561431884766,445800,0.0,0.0
2023-11-21 00:00:00-05:00,32.67854520740995,32.92123278153659,32.14650402807443,32.1651725769043,465400,0.0,0.0
2023-11-22 00:00:00-05:00,32.38919280119516,32.50120053765908,31.838483052643415,31.941158294677734,366700,0.0,0.0
2023-11-24 00:00:00-05:00,31.84781700049577,32.39852677417998,31.773146359666033,32.127838134765625,828100,0.0,0.0
2023-11-27 00:00:00-05:00,31.894485311252012,32.01582910345674,31.58646314416218,31.88515281677246,374100,0.0,0.0
2023-11-28 00:00:00-05:00,31.717137695581336,32.1651721799845,31.6144624586149,31.89448356628418,340200,0.0,0.0
2023-11-29 00:00:00-05:00,32.211844842373594,32.56654017825909,31.89448660724697,32.0625,416200,0.0,0.0
2023-11-30 00:00:00-05:00,32.14650669637651,32.36118968474719,31.717140719635175,32.0625,534800,0.0,0.0
2023-12-01 00:00:00-05:00,31.95982582204359,33.40660453735859,31.72647430148757,33.14524841308594,446800,0.0,0.0
2023-12-04 00:00:00-05:00,32.96790106349913,33.40660304191774,32.86522582934485,33.02390670776367,336000,0.0,0.0
2023-12-05 00:00:00-05:00,32.78122005719733,33.061241165003935,32.30518452999226,32.86522674560547,541100,0.0,0.0
2023-12-06 00:00:00-05:00,33.16391107226184,33.863965509603666,32.85588897137516,33.13591003417969,468000,0.0,0.0
2023-12-07 00:00:00-05:00,33.359937428804365,33.81730444917157,32.977241049029764,33.8079719543457,383800,0.0,0.0
2023-12-08 00:00:00-05:00,33.863971697260986,34.330674740765296,33.76129645798417,33.99464797973633,259100,0.0,0.0
2023-12-11 00:00:00-05:00,33.826639876919096,34.31200793341854,33.733297127083176,34.11599349975586,278200,0.0,0.0
2023-12-12 00:00:00-05:00,34.25600294927255,34.42401632411689,33.733294276349966,33.761295318603516,368900,0.0,0.0
2023-12-13 00:00:00-05:00,33.58395038061902,35.48809964118428,33.341266366152446,35.41342544555664,751000,0.0,0.0
2023-12-14 00:00:00-05:00,36.257369351020444,37.648268456655266,36.257369351020444,36.99040985107422,596400,0.258,0.0
2023-12-15 00:00:00-05:00,37.09378464538496,37.75163960478391,36.529904356562156,37.14077377319336,1287500,0.0,0.0
2023-12-18 00:00:00-05:00,37.356928987256076,37.432114464528034,36.896426901567516,36.952816009521484,547300,0.0,0.0
2023-12-19 00:00:00-05:00,37.40392044604139,38.29672832648924,37.25355306717952,38.165157318115234,479400,0.0,0.0
2023-12-20 00:00:00-05:00,37.96780062635293,38.64445203551713,37.253552891349344,37.338134765625,431100,0.0,0.0
2023-12-21 00:00:00-05:00,38.08057780601985,38.08057780601985,37.28174814340961,37.97719955444336,393800,0.0,0.0
2023-12-22 00:00:00-05:00,38.127560059912625,38.9075932100586,38.10876369165168,38.691436767578125,346600,0.0,0.0
2023-12-26 00:00:00-05:00,38.71963579002605,39.79100375970203,38.6068611577025,39.53725814819336,598500,0.0,0.0
2023-12-27 00:00:00-05:00,39.396290577058444,40.06354920654411,39.396290577058444,39.8004035949707,671900,0.0,0.0
2023-12-28 00:00:00-05:00,39.415078523650884,40.0071515418396,39.415078523650884,39.7628059387207,589700,0.0,0.0
2023-12-29 00:00:00-05:00,39.518458182909164,39.866182025541775,39.05795971821419,39.06735610961914,614300,0.0,0.0
2024-01-02 00:00:00-05:00,38.74782173383625,39.15193464568283,38.40949431135629,38.64444351196289,530800,0.0,0.0
2024-01-03 00:00:00-05:00,38.118160554657436,38.334313394441,37.02799637985664,37.07498550415039,599300,0.0,0.0
2024-01-04 00:00:00-05:00,36.94341956040699,37.272347060362335,36.42652836756163,36.43592834472656,444500,0.0,0.0
2024-01-05 00:00:00-05:00,36.07880469539409,36.87763426185626,35.759273585817404,35.86265182495117,686200,0.0,0.0
2024-01-08 00:00:00-05:00,35.81566238500295,36.29495725271256,35.543120408736286,36.22917175292969,571600,0.0,0.0
2024-01-09 00:00:00-05:00,35.5337197786597,35.778065379419424,35.035625016085746,35.561912536621094,656100,0.0,0.0
2024-01-10 00:00:00-05:00,35.279974651007564,35.86264769488324,35.22358554932651,35.81565856933594,335100,0.0,0.0
2024-01-11 00:00:00-05:00,35.54311752319336,35.693484879781145,34.9792408322493,35.54311752319336,317600,0.0,0.0
2024-01-12 00:00:00-05:00,36.11639700227259,36.219775240170094,35.06382542421243,35.195396423339844,259400,0.0,0.0
2024-01-16 00:00:00-05:00,34.66910914854949,34.904058387653286,34.48114904025828,34.82887649536133,385500,0.0,0.0
2024-01-17 00:00:00-05:00,34.05824310893015,34.59392708462583,34.05824310893015,34.518741607666016,281000,0.0,0.0
2024-01-18 00:00:00-05:00,34.772486467044466,34.772486467044466,33.36279106973185,34.2180061340332,1186300,0.0,0.0
2024-01-19 00:00:00-05:00,34.415365513229645,34.49994738755793,33.65413222931614,34.49055099487305,380400,0.0,0.0
2024-01-22 00:00:00-05:00,34.65971481983609,35.13900971872421,34.556336574869356,35.110816955566406,456200,0.0,0.0
2024-01-23 00:00:00-05:00,35.69349179001623,35.712288161358735,34.99804397554972,35.13901138305664,367200,0.0,0.0
2024-01-24 00:00:00-05:00,35.39274505738664,35.39274505738664,33.945457218506135,34.00184631347656,512700,0.0,0.0
2024-01-25 00:00:00-05:00,34.72549734713447,34.95104660314439,34.03944601712307,34.63151550292969,579400,0.0,0.0
2024-01-26 00:00:00-05:00,34.94165318128375,35.0356314484359,34.51874380901689,34.593929290771484,272700,0.0,0.0
2024-01-29 00:00:00-05:00,34.59392524900858,35.07322009155213,34.19920868599565,35.06382369995117,515200,0.0,0.0
2024-01-30 00:00:00-05:00,34.75369078743879,35.045029132609194,34.39656694255908,34.41536331176758,628800,0.0,0.0
2024-01-31 00:00:00-05:00,34.55633210512987,34.91345592744741,33.90787354108858,34.03004455566406,771500,0.0,0.0
2024-02-01 00:00:00-05:00,34.3777745807734,34.66910934448242,33.82329422995315,34.66910934448242,403400,0.0,0.0
2024-02-02 00:00:00-05:00,33.99244830873027,34.58452129259728,33.54134627794024,34.44355392456055,437000,0.0,0.0
2024-02-05 00:00:00-05:00,33.785700588768265,33.90787519434127,33.4379767260275,33.64472961425781,491400,0.0,0.0
2024-02-06 00:00:00-05:00,33.69171482124544,34.358973293190935,33.60713296339547,33.90787124633789,293100,0.0,0.0
2024-02-07 00:00:00-05:00,34.05824827442367,34.19921568754206,33.635338864985684,34.08644104003906,281800,0.0,0.0
2024-02-08 00:00:00-05:00,34.03944638033066,34.80067960878761,33.84208629791513,34.781883239746094,355000,0.0,0.0
2024-02-09 00:00:00-05:00,34.75368906210146,34.87586366337093,34.25559785044691,34.69729995727539,406500,0.0,0.0
2024-02-12 00:00:00-05:00,34.86645982613125,35.73107474585989,34.86645982613125,35.37395095825195,507500,0.0,0.0
2024-02-13 00:00:00-05:00,34.13342047724422,34.55632976649407,33.70111479714009,33.90787124633789,717200,0.0,0.0
2024-02-14 00:00:00-05:00,36.548699779510635,36.86823085940132,35.08261895357499,36.529903411865234,768000,0.0,0.0
2024-02-15 00:00:00-05:00,36.746051784148015,37.31932837982809,36.182175163665384,37.11257553100586,730600,0.0,0.0
2024-02-16 00:00:00-05:00,36.73666177839454,37.21595663059663,36.492316156398346,36.558101654052734,434700,0.0,0.0
2024-02-20 00:00:00-05:00,36.0318156180846,36.46412135961412,36.0318156180846,36.379539489746094,443800,0.0,0.0
2024-02-21 00:00:00-05:00,36.379535809188106,36.59568865808444,36.09759746649899,36.5862922668457,311900,0.0,0.0
2024-02-22 00:00:00-05:00,36.595691855024256,36.96221567608361,36.41713172556523,36.905826568603516,359200,0.0,0.0
2024-02-23 00:00:00-05:00,36.88702934697288,37.028000319894815,36.57689464056093,36.81184387207031,293600,0.0,0.0
2024-02-26 00:00:00-05:00,36.62388585287412,37.4791008770925,36.548700381055056,37.40391540527344,326600,0.0,0.0
2024-02-27 00:00:00-05:00,37.7892289206246,37.911403509900566,37.582476059973345,37.704647064208984,323000,0.0,0.0
2024-02-28 00:00:00-05:00,37.36631694777814,37.98658265514689,37.291135072511665,37.432106018066406,264000,0.0,0.0
2024-02-29 00:00:00-05:00,37.94900193289002,38.27792943213711,37.58248169514587,38.0429801940918,455500,0.0,0.0
2024-03-01 00:00:00-05:00,38.19334787419846,38.3719115909938,37.89261313385366,38.089969635009766,242400,0.0,0.0
2024-03-04 00:00:00-05:00,38.08997011860653,38.31552296924924,37.97719548580565,38.03358459472656,193500,0.0,0.0
2024-03-05 00:00:00-05:00,37.65765897681064,38.268528354958306,37.39451700962847,37.63886260986328,267800,0.0,0.0
2024-03-06 00:00:00-05:00,38.16515058903746,38.27792520703976,37.61067030505213,37.892608642578125,211700,0.0,0.0
2024-03-07 00:00:00-05:00,38.249737624082485,38.92638900868936,38.249737624082485,38.75722885131836,231600,0.0,0.0
2024-03-08 00:00:00-05:00,39.151938639104614,39.377491472110634,38.73842929447435,38.85120391845703,226600,0.0,0.0
2024-03-11 00:00:00-04:00,38.869998970155955,39.34929379462981,38.729028006171596,39.28350830078125,484900,0.0,0.0
2024-03-12 00:00:00-04:00,39.27411212136856,39.27411212136856,38.57866085902347,38.8136100769043,297800,0.0,0.0
2024-03-13 00:00:00-04:00,38.58806401252034,39.39628637714152,38.58806401252034,39.13314437866211,311200,0.0,0.0
2024-03-14 00:00:00-04:00,38.77602384902495,38.851209332183906,37.89261593215415,38.25913619995117,333600,0.0,0.0
2024-03-15 00:00:00-04:00,38.0711723986858,38.888798316355825,38.0711723986858,38.46588897705078,908500,0.0,0.0
2024-03-18 00:00:00-04:00,38.492372142090986,38.823386178024386,38.03840848947557,38.06678009033203,467000,0.258,0.0
2024-03-19 00:00:00-04:00,38.0478630065918,38.35050542989186,37.66956178135784,38.0478630065918,436200,0.0,0.0
2024-03-20 00:00:00-04:00,37.887083245031505,39.343548456117524,37.830336441567624,39.20168685913086,623400,0.0,0.0
2024-03-21 00:00:00-04:00,39.50432841133997,40.07178200263092,39.40975040760352,39.63673400878906,477600,0.0,0.0
2024-03-22 00:00:00-04:00,39.684023137948465,39.81642874184094,38.984163915150496,39.11656951904297,375800,0.0,0.0
2024-03-25 00:00:00-04:00,39.2300584529832,39.79751566421823,39.16385565283975,39.59890365600586,236000,0.0,0.0
2024-03-26 00:00:00-04:00,39.967746928824,39.986662529063196,39.44758054948268,39.52324295043945,296800,0.0,0.0
2024-03-27 00:00:00-04:00,39.91100127511366,40.658151203476756,39.91100127511366,40.62977600097656,305500,0.0,0.0
2024-03-28 00:00:00-04:00,40.71490746202355,41.348567607129795,40.62978904276398,41.04592514038086,384200,0.0,0.0
2024-04-01 00:00:00-04:00,41.12157997361628,41.35801960336875,40.32714267333667,40.64870071411133,403200,0.0,0.0
2024-04-02 00:00:00-04:00,40.024498171603284,40.49737740671937,39.86372096339929,40.374427795410156,348200,0.0,0.0
2024-04-03 00:00:00-04:00,39.99612466208797,41.12157588912,39.86371905982327,40.9418830871582,356000,0.0,0.0
2024-04-04 00:00:00-04:00,41.499877441331265,41.584995837210535,40.0244931153512,40.10961151123047,438900,0.0,0.0
2024-04-05 00:00:00-04:00,39.986658344572156,40.46899708074156,39.892083961054986,40.260929107666016,377100,0.0,0.0
2024-04-08 00:00:00-04:00,40.525749006336014,40.90405383754179,40.35551219307165,40.374427795410156,247600,0.0,0.0
2024-04-09 00:00:00-04:00,40.658159854407465,41.06483269376832,40.49737903196874,40.989173889160156,194900,0.0,0.0
2024-04-10 00:00:00-04:00,39.712394062705236,40.08123923600457,39.088193706095204,39.45703887939453,526000,0.0,0.0
2024-04-11 00:00:00-04:00,39.55162086902489,40.00558452398365,39.39084365296514,39.85426330566406,433400,0.0,0.0
2024-04-12 00:00:00-04:00,39.53270365492165,39.81643047673705,38.60586077950747,39.04090881347656,394400,0.0,0.0
2024-04-15 00:00:00-04:00,39.28680756378397,39.73131158974146,39.154401955720786,39.627281188964844,759800,0.0,0.0
2024-04-16 00:00:00-04:00,39.0409070977465,40.10015914405372,38.91796109862504,39.51378631591797,942800,0.0,0.0
2024-04-17 00:00:00-04:00,39.87317445427854,40.19473245825587,39.64619084826665,39.84480285644531,1111400,0.0,0.0
2024-04-18 00:00:00-04:00,40.24202114451131,40.762187568109695,39.81642912237367,40.06232833862305,851100,0.0,0.0
2024-04-19 00:00:00-04:00,39.88262834410202,40.45008552526394,39.87317234791781,40.213645935058594,615100,0.0,0.0
2024-04-22 00:00:00-04:00,40.35551512289271,41.11212484023432,39.95829826829262,40.610870361328125,592500,0.0,0.0
2024-04-23 00:00:00-04:00,40.47845379674592,41.11211372249471,40.279845423154526,40.960792541503906,372500,0.0,0.0
2024-04-24 00:00:00-04:00,40.79056336676963,41.14049298659151,40.3176841370387,40.913509368896484,924400,0.0,0.0
2024-04-25 00:00:00-04:00,40.563579988107406,40.762188399897035,39.90154834102644,40.4690055847168,563500,0.0,0.0
2024-04-26 00:00:00-04:00,40.790560616190106,41.47150420779353,40.43117141564983,40.87567901611328,326900,0.0,0.0
2024-04-29 00:00:00-04:00,41.16886372989928,41.480965746767914,40.894596524272394,40.95133972167969,459300,0.0,0.0
2024-04-30 00:00:00-04:00,40.59195118831561,40.89459721330972,40.0528691571705,40.11907196044922,544500,0.0,0.0
2024-05-01 00:00:00-04:00,40.45954828875286,41.452597619939205,40.29877107225675,40.64870071411133,439000,0.0,0.0
2024-05-02 00:00:00-04:00,40.989171734243996,41.78360898366704,40.7527321196274,41.55662536621094,477100,0.0,0.0
2024-05-03 00:00:00-04:00,42.41726239011032,42.492924793120075,41.575537999427475,41.76469039916992,305400,0.0,0.0
2024-05-06 00:00:00-04:00,42.180821091423596,42.39834868741381,41.72685751501711,42.03895950317383,457700,0.0,0.0
2024-05-07 00:00:00-04:00,42.99417663614796,45.273454269660206,42.99417663614796,43.80752944946289,874700,0.0,0.0
2024-05-08 00:00:00-04:00,43.57108619078634,43.59945778633704,42.511837866106575,42.67261505126953,574700,0.0,0.0
2024-05-09 00:00:00-04:00,42.9090590927208,43.46705671247204,42.5969606858943,43.126583099365234,573700,0.0,0.0
2024-05-10 00:00:00-04:00,43.183336502977404,43.268454919261025,42.70100121589198,43.013099670410156,337600,0.0,0.0
2024-05-13 00:00:00-04:00,43.32519767318859,43.75078610694688,42.98472403995609,43.06038284301758,375700,0.0,0.0
2024-05-14 00:00:00-04:00,43.533259089482044,43.533259089482044,42.84285587309806,42.87123107910156,379100,0.0,0.0
2024-05-15 00:00:00-04:00,43.117128149031274,43.32519616382073,42.72936732642141,43.2873649597168,351800,0.0,0.0
2024-05-16 00:00:00-04:00,43.15495893697541,43.40085454571535,42.965806526061996,43.18333053588867,427500,0.0,0.0
2024-05-17 00:00:00-04:00,43.35356605711837,43.84536086777167,43.23061645250953,43.5616340637207,436400,0.0,0.0
2024-05-20 00:00:00-04:00,43.47651118367868,43.63728836656088,43.06037521333571,43.107666015625,334900,0.0,0.0
2024-05-21 00:00:00-04:00,42.89014285686847,43.22116046817483,42.748281258693225,43.11712646484375,268600,0.0,0.0
2024-05-22 00:00:00-04:00,42.852319574619806,43.01309679028855,42.133541083512995,42.332149505615234,230900,0.0,0.0
2024-05-23 00:00:00-04:00,42.407808746865726,42.54967395649025,41.57554030648494,41.991676330566406,366700,0.0,0.0
2024-05-24 00:00:00-04:00,42.37942973366361,42.729359286325646,42.237564548858764,42.54020690917969,272700,0.0,0.0
2024-05-28 00:00:00-04:00,42.79556482838737,42.79556482838737,41.98221207981824,42.18082046508789,297500,0.0,0.0
2024-05-29 00:00:00-04:00,41.50933902402916,41.726863041045,41.310730609508035,41.36747741699219,209900,0.0,0.0
2024-05-30 00:00:00-04:00,41.698486753817896,41.98221354378005,41.49987836162258,41.802520751953125,259900,0.0,0.0
2024-05-31 00:00:00-04:00,41.90655917573306,42.29432000478087,41.62282874802498,42.25648880004883,383600,0.0,0.0
2024-06-03 00:00:00-04:00,42.379440424379474,42.47401483291921,41.33910389153025,41.49042510986328,340800,0.0,0.0
2024-06-04 00:00:00-04:00,41.253982315260956,41.72686153723986,41.0175427042715,41.54716873168945,508900,0.0,0.0
2024-06-05 00:00:00-04:00,41.651197082774246,42.559124199836496,41.518791495842045,42.511837005615234,368000,0.0,0.0
2024-06-06 00:00:00-04:00,42.275406055361536,42.77665691042188,42.19974364293908,42.625335693359375,382800,0.0,0.0
2024-06-07 00:00:00-04:00,42.18082708036292,42.33214829398337,41.641745031353636,41.67012023925781,244600,0.0,0.0
2024-06-10 00:00:00-04:00,40.91350827897916,41.75523631601403,40.89459628514207,41.64174270629883,343400,0.0,0.0
2024-06-11 00:00:00-04:00,41.44313620315273,41.783609832361364,41.1026625739441,41.56608581542969,333000,0.0,0.0
2024-06-12 00:00:00-04:00,42.86177256486042,43.438685795252624,42.0862509263017,42.34160614013672,369300,0.0,0.0
2024-06-13 00:00:00-04:00,42.07679368747453,42.18082408312338,41.00808566284159,41.433677673339844,191600,0.0,0.0
2024-06-14 00:00:00-04:00,40.800021520770734,41.10266395517469,40.27985506212534,40.5446662902832,354200,0.0,0.0
2024-06-17 00:00:00-04:00,40.21364430933023,41.083740234375,40.21364430933023,41.083740234375,437700,0.0,0.0
2024-06-18 00:00:00-04:00,41.18777276332856,41.54716192331811,40.93241759237138,41.31072235107422,487000,0.0,0.0
2024-06-20 00:00:00-04:00,41.14994768915952,41.9443849144253,41.1121200938856,41.291812896728516,441100,0.0,0.0
2024-06-21 00:00:00-04:00,41.32796371837127,41.71802954143894,40.671512541763235,41.699005126953125,823600,0.258,0.0
2024-06-24 00:00:00-04:00,41.870249090098824,42.25080269527301,41.632403994171995,41.651432037353516,452300,0.0,0.0
2024-06-25 00:00:00-04:00,41.41358595760215,41.41358595760215,40.30047267713731,40.68102264404297,506600,0.0,0.0
2024-06-26 00:00:00-04:00,40.50978187634836,41.15671725261405,40.29096117603049,41.061580657958984,592600,0.0,0.0
2024-06-27 00:00:00-04:00,41.1852586262928,41.39455984763361,40.709568423529134,41.090118408203125,245200,0.0,0.0
2024-06-28 00:00:00-04:00,41.34699493745013,41.64192419382569,40.99498517477696,41.52775955200195,1974400,0.0,0.0
2024-07-01 00:00:00-04:00,41.461160733509736,41.584837575924105,40.08165838908568,40.12922668457031,468900,0.0,0.0
2024-07-02 00:00:00-04:00,40.300480898867455,40.405133340615855,39.881871131873865,40.2433967590332,452600,0.0,0.0
2024-07-03 00:00:00-04:00,40.528803131104546,41.071089662648774,40.148253152934444,40.519290924072266,223400,0.0,0.0
2024-07-05 00:00:00-04:00,40.14825959025001,40.300480331770544,39.65354127300108,39.96749496459961,352900,0.0,0.0
2024-07-08 00:00:00-04:00,40.30998349361448,40.776161451338616,40.07213841154109,40.148250579833984,333800,0.0,0.0
2024-07-09 00:00:00-04:00,39.93895118803767,40.18631213946518,39.46326095907691,39.548885345458984,392900,0.0,0.0
2024-07-10 00:00:00-04:00,39.862840059520565,40.005544941438885,39.7391595918088,39.891380310058594,566900,0.0,0.0
2024-07-11 00:00:00-04:00,40.871302256546684,41.803654639126115,40.46220838276216,41.45164489746094,554000,0.0,0.0
2024-07-12 00:00:00-04:00,41.89879831233789,42.060531256162484,41.480188567420356,41.67998123168945,529500,0.0,0.0
2024-07-15 00:00:00-04:00,41.9178162950766,42.6123234615131,41.51823469169132,42.108089447021484,471300,0.0,0.0
2024-07-16 00:00:00-04:00,42.34594017342838,44.66731068125026,42.26031579192301,44.46752166748047,706100,0.0,0.0
2024-07-17 00:00:00-04:00,44.16307348365303,45.057373322777316,43.84911985976852,44.32481002807617,522800,0.0,0.0
2024-07-18 00:00:00-04:00,43.9062122339593,44.81002082013553,43.22121710157184,43.27830123901367,457100,0.0,0.0
2024-07-19 00:00:00-04:00,43.24024342236282,43.24024342236282,42.13664221378147,42.345943450927734,519500,0.0,0.0
2024-07-22 00:00:00-04:00,42.48864469387276,43.39245671835447,41.88927407964604,43.354400634765625,444000,0.0,0.0
2024-07-23 00:00:00-04:00,43.32586992540324,43.89669678799883,43.09753700282779,43.55419921875,372000,0.0,0.0
2024-07-24 00:00:00-04:00,43.363925433012206,44.00134863334662,42.307892485135305,42.374488830566406,405200,0.0,0.0
2024-07-25 00:00:00-04:00,42.25079920489814,43.43051238009848,42.089066295058295,42.76454544067383,684300,0.0,0.0
2024-07-26 00:00:00-04:00,43.47808143607776,43.47808143607776,42.64086573663346,43.23072052001953,370600,0.0,0.0
2024-07-29 00:00:00-04:00,43.36391956120068,43.45905614772612,42.583784308933865,42.88822937011719,289800,0.0,0.0
2024-07-30 00:00:00-04:00,42.83114524066504,43.506624440988844,42.688436731648736,42.88822937011719,381000,0.0,0.0
2024-07-31 00:00:00-04:00,43.2592681070952,43.8396107338879,42.77406206895814,43.04045104980469,612900,0.0,0.0
2024-08-01 00:00:00-04:00,42.91677326342601,43.55419643155911,41.98442084526252,42.27934646606445,605900,0.0,0.0
2024-08-02 00:00:00-04:00,40.623942977940196,40.8713002800387,39.89137964936226,40.747623443603516,530900,0.0,0.0
2024-08-05 00:00:00-04:00,38.58798644218238,39.320549711872616,38.017156082165485,38.86388397216797,674400,0.0,0.0
2024-08-06 00:00:00-04:00,39.19687751996284,43.42100565435996,39.082712875581464,42.68844223022461,1162300,0.0,0.0
2024-08-07 00:00:00-04:00,43.74447829134107,43.74447829134107,41.109153669809885,41.318458557128906,733800,0.0,0.0
2024-08-08 00:00:00-04:00,42.04149941812613,42.89774324710152,41.87976648889094,42.7930908203125,449300,0.0,0.0
2024-08-09 00:00:00-04:00,42.79309555974295,43.16413338364946,42.355461389454696,42.545738220214844,442300,0.0,0.0
2024-08-12 00:00:00-04:00,42.60281521908076,42.68843960440709,41.87025184000627,42.6313591003418,458700,0.0,0.0
2024-08-13 00:00:00-04:00,42.99288424607243,43.28781351279179,42.479141525233295,43.06899642944336,476400,0.0,0.0
2024-08-14 00:00:00-04:00,43.221211426089496,43.28780776307906,42.55524442696572,42.65989685058594,331500,0.0,0.0
2024-08-15 00:00:00-04:00,43.95377862530652,44.305788384507835,43.48760059617897,43.98231887817383,337900,0.0,0.0
2024-08-16 00:00:00-04:00,43.92523635599095,44.324818056947,43.354409502315,44.09648513793945,279700,0.0,0.0
2024-08-19 00:00:00-04:00,44.163079232745226,44.45800848201154,43.93474995460161,44.419952392578125,239900,0.0,0.0
2024-08-20 00:00:00-04:00,44.26773005534223,44.27724589196899,43.51614227710207,43.59225082397461,331700,0.0,0.0
2024-08-21 00:00:00-04:00,43.83009490977868,44.52460216899857,43.68738639752699,44.46752166748047,269300,0.0,0.0
2024-08-22 00:00:00-04:00,44.391407662625646,44.7148771317264,44.13453452870198,44.458003997802734,264700,0.0,0.0
2024-08-23 00:00:00-04:00,44.86710284623967,46.532018669712215,44.676826026282825,46.227577209472656,375700,0.0,0.0
2024-08-26 00:00:00-04:00,46.61764019875326,47.017218229855864,46.07535365412643,46.275142669677734,343100,0.0,0.0
2024-08-27 00:00:00-04:00,46.132441953386554,46.417855376993465,45.74237609430378,46.151466369628906,296100,0.0,0.0
2024-08-28 00:00:00-04:00,45.92313418440687,46.52250487661747,45.86605005159641,45.90410614013672,328500,0.0,0.0
2024-08-29 00:00:00-04:00,46.43687985193639,47.064790787283,45.86604941938509,46.44639205932617,225300,0.0,0.0
2024-08-30 00:00:00-04:00,46.65569717981193,46.950622790542326,46.03729844833434,46.7413215637207,507300,0.0,0.0
2024-09-03 00:00:00-04:00,46.10389454597951,46.36076769635666,44.695851951830456,45.01932144165039,375600,0.0,0.0
2024-09-04 00:00:00-04:00,44.78148243377069,45.333284897703706,44.48655315519662,44.59120559692383,347700,0.0,0.0
2024-09-05 00:00:00-04:00,44.56265901399838,44.78147607507148,43.71593102095035,44.01085662841797,922100,0.0,0.0
2024-09-06 00:00:00-04:00,44.029885621405235,44.38189899740602,42.85968811519283,42.9453125,438100,0.0,0.0
2024-09-09 00:00:00-04:00,42.897743838546454,43.19267307908833,42.441081666539525,42.46010971069336,571100,0.0,0.0
2024-09-10 00:00:00-04:00,42.41254049935378,42.91677095624618,42.06052713394941,42.81211853027344,525100,0.0,0.0
2024-09-11 00:00:00-04:00,42.469624753193024,43.55419793776313,42.01296255070186,43.42100524902344,432400,0.0,0.0
2024-09-12 00:00:00-04:00,43.630310028379455,43.86815515184055,43.13559173607295,43.734962463378906,322600,0.0,0.0
2024-09-13 00:00:00-04:00,44.41233599619586,45.120332645876964,44.20185346497593,45.082061767578125,510100,0.258,0.0
2024-09-16 00:00:00-04:00,45.397791963460016,45.57957316451353,44.68979529936121,45.06292724609375,376300,0.0,0.0
2024-09-17 00:00:00-04:00,45.45519788276486,46.2110313749034,45.311687550527424,45.54130554199219,302700,0.0,0.0
2024-09-18 00:00:00-04:00,45.59870484160596,46.82334367336507,45.23513881978562,45.570003509521484,423700,0.0,0.0
2024-09-19 00:00:00-04:00,47.00513064216647,47.00513064216647,46.258863126700895,46.85205078125,1256500,0.0,0.0
2024-09-20 00:00:00-04:00,46.47892329963602,46.47892329963602,45.65611759976842,46.01968002319336,1276500,0.0,0.0
2024-09-23 00:00:00-04:00,46.31627191098854,47.30172334003767,46.31627191098854,46.565025329589844,552500,0.0,0.0
2024-09-24 00:00:00-04:00,47.0529712259963,47.83750603295987,46.84248503154341,47.512210845947266,378200,0.0,0.0
2024-09-25 00:00:00-04:00,47.62701775748628,47.674858181198545,47.072104609600665,47.244319915771484,347700,0.0,0.0
2024-09-26 00:00:00-04:00,48.086258424971575,48.79425510491619,47.952313994912004,48.622039794921875,426700,0.0,0.0
2024-09-27 00:00:00-04:00,49.071707858748894,49.28219037472666,47.88533626537932,48.229766845703125,420800,0.0,0.0
2024-09-30 00:00:00-04:00,48.00014753379991,48.201067815055204,47.50264072703829,48.14366149902344,289200,0.0,0.0
2024-10-01 00:00:00-04:00,48.134103298591995,48.134103298591995,47.18691900607877,47.48351287841797,314800,0.0,0.0
2024-10-02 00:00:00-04:00,47.263459956782675,47.72269960137816,47.005136972376675,47.14864730834961,223600,0.0,0.0
2024-10-03 00:00:00-04:00,46.84248411463921,46.84248411463921,46.21102919335285,46.28757095336914,265100,0.0,0.0
2024-10-04 00:00:00-04:00,47.253893215152274,47.31129954277516,46.545900089699124,47.014705657958984,314900,0.0,0.0
2024-10-07 00:00:00-04:00,46.55546257218717,46.87119187639178,46.35454591480908,46.813785552978516,272700,0.0,0.0
2024-10-08 00:00:00-04:00,46.7181018428766,46.92858435021933,45.99096983653214,46.163185119628906,326700,0.0,0.0
2024-10-09 00:00:00-04:00,46.163191131851036,46.91902456724639,46.14405569238018,46.58415985107422,387000,0.0,0.0
2024-10-10 00:00:00-04:00,46.450214959095156,46.46935039837429,45.78048918317284,45.895301818847656,384100,0.0,0.0
2024-10-11 00:00:00-04:00,45.93357407254077,46.5171922604071,45.93357407254077,46.411949157714844,336700,0.0,0.0
2024-10-14 00:00:00-04:00,46.5650276293506,47.674861297080966,46.1727602173712,47.646156311035156,530300,0.0,0.0
2024-10-15 00:00:00-04:00,47.50264655997081,48.26804595248696,47.48351111894388,47.751399993896484,370900,0.0,0.0
2024-10-16 00:00:00-04:00,48.172364240339505,49.17695472684653,48.0958261331049,48.736846923828125,739300,0.0,0.0
2024-10-17 00:00:00-04:00,49.014308456855424,49.215225107137925,48.49766251351865,49.0621452331543,508900,0.0,0.0
2024-10-18 00:00:00-04:00,48.8038220293401,48.90906512652425,48.124530319875944,48.172367095947266,553800,0.0,0.0
2024-10-21 00:00:00-04:00,48.11496085825784,48.11496085825784,46.55545725588132,46.8042106628418,412600,0.0,0.0
2024-10-22 00:00:00-04:00,46.54589055346593,46.54589055346593,46.03881055430125,46.23973083496094,287300,0.0,0.0
2024-10-23 00:00:00-04:00,45.818757020040074,46.49804864565106,45.39778833298079,45.79962158203125,379600,0.0,0.0
2024-10-24 00:00:00-04:00,46.038813650234566,46.038813650234566,45.20644208768231,45.98141098022461,423500,0.0,0.0
2024-10-25 00:00:00-04:00,46.20145953564749,46.33540395505581,45.72308452363965,45.93356704711914,364100,0.0,0.0
2024-10-28 00:00:00-04:00,46.344971077114295,46.880752418652285,46.344971077114295,46.8042106628418,308800,0.0,0.0
2024-10-29 00:00:00-04:00,46.0675145320016,46.89031647646231,46.0675145320016,46.84247970581055,481400,0.0,0.0
2024-10-30 00:00:00-04:00,46.56503057360878,47.76096832595804,46.3736834530028,46.4215202331543,669600,0.0,0.0
2024-10-31 00:00:00-04:00,47.359127062072595,48.7559812469625,44.240123532140586,44.594120025634766,1065700,0.0,0.0
2024-11-01 00:00:00-04:00,45.20644048063532,45.330819010755334,43.49385699178729,44.144447326660156,683100,0.0,0.0
2024-11-04 00:00:00-05:00,44.31666252865953,44.79503755910681,44.16358266490487,44.65152359008789,477300,0.0,0.0
2024-11-05 00:00:00-05:00,44.13487887521434,46.134486537209455,44.02006624650292,46.10578155517578,521400,0.0,0.0
2024-11-06 00:00:00-05:00,51.540124902034606,52.315093767414126,48.277607331284955,48.736846923828125,999000,0.0,0.0
2024-11-07 00:00:00-05:00,48.784688318396846,49.3587369080809,48.2202056236657,49.22479248046875,695200,0.0,0.0
2024-11-08 00:00:00-05:00,49.0238764252097,49.50225147223679,48.61247359278944,49.33003616333008,536400,0.0,0.0
2024-11-11 00:00:00-05:00,49.693601340037745,50.09543829977972,49.44484790759722,49.85625076293945,357500,0.0,0.0
2024-11-12 00:00:00-05:00,49.61705623073621,49.93278183700181,48.79425063605668,48.870792388916016,436700,0.0,0.0
2024-11-13 00:00:00-05:00,49.11954556405798,49.67445867093095,48.909059394358756,49.301326751708984,469200,0.0,0.0
2024-11-14 00:00:00-05:00,49.56922192241914,50.00932607408761,48.335013469090214,48.937767028808594,449600,0.0,0.0
2024-11-15 00:00:00-05:00,49.25349940821122,49.31090573358339,48.105398448754144,48.4498291015625,363400,0.0,0.0
2024-11-18 00:00:00-05:00,48.44981917329063,49.32046152293985,48.35414563365464,48.535926818847656,468300,0.0,0.0
2024-11-19 00:00:00-05:00,48.00972389807939,48.08626201394939,47.158216829394235,47.73226547241211,584800,0.0,0.0
2024-11-20 00:00:00-05:00,47.45480083971466,47.73225922909073,46.86161683288897,47.665287017822266,341900,0.0,0.0
2024-11-21 00:00:00-05:00,48.000151436903195,49.12911686268009,47.89491199018843,48.95690155029297,414500,0.0,0.0
2024-11-22 00:00:00-05:00,49.100414973000035,50.171974065982745,48.99517187776109,50.01889419555664,417000,0.0,0.0
2024-11-25 00:00:00-05:00,50.48770542288603,51.291375688020494,50.33462554618004,50.87040328979492,653800,0.0,0.0
2024-11-26 00:00:00-05:00,50.40159687575208,50.69819072839122,49.61706206524811,50.2293815612793,535200,0.0,0.0
2024-11-27 00:00:00-05:00,50.48770452501791,50.946944146968804,49.014308456855424,49.0621452331543,493100,0.0,0.0
2024-11-29 00:00:00-05:00,49.52138055161539,49.53095009587081,48.842088897951605,49.03343963623047,270700,0.0,0.0
2024-12-02 00:00:00-05:00,49.12911343122295,49.42570725955431,48.440255879500235,49.339599609375,414500,0.0,0.0
2024-12-03 00:00:00-05:00,49.492684585067984,49.492684585067984,48.755986535122325,49.11955261230469,363900,0.0,0.0
2024-12-04 00:00:00-05:00,49.18652118277559,49.28219473033834,48.11496212128283,48.25847244262695,911700,0.0,0.0
2024-12-05 00:00:00-05:00,48.55507026846649,48.87079957084251,47.71312911184263,47.751399993896484,570500,0.0,0.0
2024-12-06 00:00:00-05:00,48.13409814416293,48.22977169288532,47.65572310112708,47.70355987548828,416100,0.0,0.0
2024-12-09 00:00:00-05:00,48.29674376305088,48.631608482005525,47.49307354715643,47.627017974853516,513700,0.0,0.0
2024-12-10 00:00:00-05:00,47.7131243382223,48.067124487235034,46.79464515909527,47.186912536621094,525400,0.0,0.0
2024-12-11 00:00:00-05:00,47.502645535514866,47.703562187396294,46.94772870683804,47.033836364746094,543700,0.0,0.0
2024-12-12 00:00:00-05:00,46.928582950005904,47.10079822796427,46.23015594482422,46.23015594482422,342300,0.0,0.0
2024-12-13 00:00:00-05:00,45.98001224787994,46.239786763826295,45.63364622661814,45.720237731933594,449800,0.27,0.0
2024-12-16 00:00:00-05:00,45.72023427185338,45.86455098964386,45.07560785435215,45.11409378051758,586700,0.0,0.0
2024-12-17 00:00:00-05:00,44.844697442568744,45.27765491518596,44.017268421615775,44.18082809448242,969300,0.0,0.0
2024-12-18 00:00:00-05:00,44.363643195559135,44.642660696590184,40.72680704494913,40.765289306640625,1086500,0.0,0.0
2024-12-19 00:00:00-05:00,41.07316827226095,41.27521757403517,39.9186197089702,40.11104202270508,737200,0.0,0.0
2024-12-20 00:00:00-05:00,39.581868108862686,40.774906116155194,39.581868108862686,39.9282341003418,1410100,0.0,0.0
2024-12-23 00:00:00-05:00,39.649219692758535,39.96672309943611,39.11043137144411,39.447174072265625,527300,0.0,0.0
2024-12-24 00:00:00-05:00,39.504902204144706,39.83202525159098,39.148912875598405,39.812782287597656,194000,0.0,0.0
2024-12-26 00:00:00-05:00,39.44717593906148,39.91861941274234,39.408690008511954,39.80316162109375,485700,0.0,0.0
2024-12-27 00:00:00-05:00,39.38944669628056,39.91861906112456,38.69671830359258,38.918006896972656,409000,0.0,0.0
2024-12-30 00:00:00-05:00,38.72557944749072,38.879519492274426,38.1964107729355,38.600502014160156,512300,0.0,0.0
2024-12-31 00:00:00-05:00,38.72557954269193,39.437554545454454,38.696716931167835,39.312477111816406,631000,0.0,0.0
2025-01-02 00:00:00-05:00,39.639599946355446,40.3515712749426,38.53315335462276,38.735198974609375,807400,0.0,0.0
2025-01-03 00:00:00-05:00,38.831411784405425,38.96610885741809,37.3978422140135,37.801937103271484,671200,0.0,0.0
2025-01-06 00:00:00-05:00,38.21565299138614,38.73519833850261,37.95587848271786,38.11943817138672,504900,0.0,0.0
2025-01-07 00:00:00-05:00,38.16754336668747,38.51390937480046,37.474815020681554,37.87890625,645300,0.0,0.0
2025-01-08 00:00:00-05:00,37.53253467586456,37.63836912600622,36.85904939354408,37.32086944580078,378000,0.0,0.0
2025-01-10 00:00:00-05:00,36.27215598302646,36.83018723218875,36.20480744726928,36.7147331237793,569700,0.0,0.0
2025-01-13 00:00:00-05:00,36.47420358859561,38.456184854346844,36.44534097746694,38.42731857299805,510700,0.0,0.0
2025-01-14 00:00:00-05:00,38.57164274493775,38.97573402117689,38.16754779847811,38.629371643066406,398900,0.0,0.0
2025-01-15 00:00:00-05:00,39.9378575011835,40.03407232465045,39.29323469994598,39.99558639526367,542300,0.0,0.0
2025-01-16 00:00:00-05:00,40.014832628043045,40.2457445530025,39.17778378172851,39.95710372924805,494400,0.0,0.0
2025-01-17 00:00:00-05:00,40.515134239616515,41.05392255430265,40.13028229750917,40.83263397216797,462600,0.0,0.0
2025-01-21 00:00:00-05:00,40.89998261568542,41.57347168097874,40.620968810678015,41.54460906982422,389100,0.0,0.0
2025-01-22 00:00:00-05:00,41.33293849304288,41.39066738328003,40.62096719788463,40.71717834472656,301900,0.0,0.0
2025-01-23 00:00:00-05:00,40.52475676303182,41.46764005087886,40.40930264029269,41.332942962646484,490400,0.0,0.0
2025-01-24 00:00:00-05:00,41.227106552317416,41.525366998131716,40.678694907273865,41.04430389404297,441900,0.0,0.0
2025-01-27 00:00:00-05:00,40.919223428205825,41.58309281161277,40.842255245767596,41.52536392211914,494800,0.0,0.0
2025-01-28 00:00:00-05:00,41.43877598683228,41.55423010552896,40.948093229706224,41.15013885498047,514400,0.0,0.0
2025-01-29 00:00:00-05:00,41.16938387290131,42.04491862963921,41.05392607822654,41.304080963134766,543200,0.0,0.0
2025-01-30 00:00:00-05:00,41.679302398836725,42.45862586187227,41.27521119815002,42.18922805786133,732100,0.0,0.0
2025-01-31 00:00:00-05:00,41.69855320640044,41.94870442480969,40.85188105062516,41.27521896362305,692700,0.0,0.0
2025-02-03 00:00:00-05:00,40.32271216522152,40.81339495211729,39.610737104585965,40.697940826416016,532200,0.0,0.0
2025-02-04 00:00:00-05:00,40.89036618264637,41.64082349341028,40.75566909304468,41.506126403808594,436100,0.0,0.0
2025-02-05 00:00:00-05:00,41.737036498717366,41.737036498717366,40.861501784330684,41.08279037475586,500500,0.0,0.0
2025-02-06 00:00:00-05:00,41.50612347527962,41.592714979659746,40.707560641747584,41.00581741333008,606400,0.0,0.0
2025-02-07 00:00:00-05:00,41.13089574622277,41.13089574622277,40.399681436742384,40.50551223754883,493500,0.0,0.0
2025-02-10 00:00:00-05:00,40.95771176319505,41.11165180734443,40.168768578151955,40.42854309082031,465500,0.0,0.0
2025-02-11 00:00:00-05:00,40.4958925510715,41.140515353653164,40.390058080147284,40.70756149291992,364000,0.0,0.0
2025-02-12 00:00:00-05:00,40.0148287719523,40.64021226952687,39.86088872688752,40.159149169921875,605100,0.0,0.0
2025-02-13 00:00:00-05:00,40.56323794935976,43.08400741059669,40.56323794935976,41.32331848144531,1173500,0.0,0.0
2025-02-14 00:00:00-05:00,41.15975947657823,42.083403458676095,40.86150269036672,41.36180877685547,775700,0.0,0.0
2025-02-18 00:00:00-05:00,42.04491600392978,43.016661858657244,41.90059560470936,42.53559875488281,757000,0.0,0.0
2025-02-19 00:00:00-05:00,41.87173106980455,42.56446308189335,41.67930510308876,42.2469596862793,713500,0.0,0.0
2025-02-20 00:00:00-05:00,42.121882200050024,42.477871522566716,42.121882200050024,42.314308166503906,692000,0.0,0.0
2025-02-21 00:00:00-05:00,42.74726781375685,43.007042330943065,41.23672995732678,41.75627899169922,1288900,0.0,0.0
2025-02-24 00:00:00-05:00,41.890977159051516,42.41052620688251,41.63120263513601,41.698551177978516,644600,0.0,0.0
2025-02-25 00:00:00-05:00,41.890977285272946,42.670297189147284,41.477262709296554,41.5638542175293,613400,0.0,0.0
2025-02-26 00:00:00-05:00,41.60233873378256,42.016049625476015,41.09240934920282,41.17900085449219,422500,0.0,0.0
2025-02-27 00:00:00-05:00,40.967338879163265,41.26559567785981,40.390060907409676,40.49589538574219,515500,0.0,0.0
2025-02-28 00:00:00-05:00,40.563241273756965,41.18862478461945,40.31309007154413,41.15013885498047,563700,0.0,0.0
2025-03-03 00:00:00-05:00,41.64081872546296,41.64081872546296,39.427929307708276,39.668460845947266,553300,0.0,0.0
2025-03-04 00:00:00-05:00,39.302855726090826,39.61073583154632,38.35035279678174,38.82179260253906,629500,0.0,0.0
2025-03-05 00:00:00-05:00,39.22588534895948,40.505511277784926,39.100807916144305,40.42854309082031,656300,0.0,0.0
2025-03-06 00:00:00-05:00,40.23611504778797,41.159755265159696,39.908992012024655,40.986572265625,875100,0.0,0.0
2025-03-07 00:00:00-05:00,40.78452775601162,41.03468261551613,38.918004307630575,40.21687316894531,1134500,0.0,0.0
2025-03-10 00:00:00-04:00,39.822405706752484,40.428546284189814,38.8699027552857,39.10081100463867,830700,0.0,0.0
2025-03-11 00:00:00-04:00,39.16815649616652,39.264371317745976,38.369593663267935,38.735198974609375,565800,0.0,0.0
2025-03-12 00:00:00-04:00,39.14891483323599,39.49528086199558,38.27338011396938,38.61012649536133,486400,0.0,0.0
2025-03-13 00:00:00-04:00,38.44656251561666,39.08156566814894,37.734591174709074,37.99436569213867,382400,0.0,0.0
2025-03-14 00:00:00-04:00,38.581258465131555,39.023839298620565,38.1964101941143,38.76406478881836,644600,0.0,0.0
2025-03-17 00:00:00-04:00,38.72557972135162,39.46641733905608,38.72557972135162,39.11043167114258,595700,0.0,0.0
2025-03-18 00:00:00-04:00,38.839228741029345,39.25570956015488,38.616460532272086,38.92639923095703,529900,0.27,0.0
2025-03-19 00:00:00-04:00,39.10074470203847,39.333200600133104,38.62615263162193,39.2072868347168,706000,0.0,0.0
2025-03-20 00:00:00-04:00,38.655205163730336,39.13948485943969,38.3646380852569,38.40338134765625,600300,0.0,0.0
2025-03-21 00:00:00-04:00,37.7157017745469,37.938469993581144,36.311293597798915,37.1829948425293,1389600,0.0,0.0
2025-03-24 00:00:00-04:00,37.87067259669765,38.548664943123555,37.735074866364684,38.46149444580078,735800,0.0,0.0
2025-03-25 00:00:00-04:00,38.27746928598428,38.74237737106575,38.064385028119894,38.229042053222656,626100,0.0,0.0
2025-03-26 00:00:00-04:00,38.17093067044218,38.752064906593446,37.706022542568896,37.99658966064453,384500,0.0,0.0
2025-03-27 00:00:00-04:00,37.58010212749465,37.812557997724085,36.77619978642097,37.124881744384766,546600,0.0,0.0
2025-03-28 00:00:00-04:00,37.047400662585325,37.17331443139654,35.52676255188494,35.74953079223633,563800,0.0,0.0
2025-03-31 00:00:00-04:00,35.3136763531165,36.28223579469245,34.87782386545511,35.991668701171875,495800,0.0,0.0
2025-04-01 00:00:00-04:00,35.933558651311,36.15633060431086,35.00374234872636,35.72047805786133,702800,0.0,0.0
2025-04-02 00:00:00-04:00,35.21682107968276,36.7762023360403,35.21682107968276,36.679344177246094,595500,0.0,0.0
2025-04-03 00:00:00-04:00,34.868135657677286,35.01342103415518,31.449122426900658,31.478178024291992,1407300,0.0,0.0
2025-04-04 00:00:00-04:00,29.947856670362928,30.122197657643806,28.049479288991698,29.473262786865234,1628900,0.0,0.0
2025-04-07 00:00:00-04:00,28.24319250713467,30.974529772832557,27.458659895097732,28.9114990234375,1547800,0.0,0.0
2025-04-08 00:00:00-04:00,30.228738150782767,30.228738150782767,27.52645837080235,28.020423889160156,1565600,0.0,0.0
2025-04-09 00:00:00-04:00,27.50708728946189,32.1174303722935,26.984066160810084,31.855918884277344,1543700,0.0,0.0
2025-04-10 00:00:00-04:00,29.909114178031608,30.374024105215067,28.64030185080166,29.570119857788086,1038100,0.0,0.0
2025-04-11 00:00:00-04:00,29.4926339186703,30.470877268723168,28.785584165853496,30.15125274658203,710500,0.0,0.0
2025-04-14 00:00:00-04:00,30.916415351493413,30.916415351493413,30.093139512532417,30.761445999145508,738000,0.0,0.0
2025-04-15 00:00:00-04:00,30.4902526382209,31.052018922104136,30.32559744920907,30.635536193847656,665900,0.0,0.0
2025-04-16 00:00:00-04:00,30.58710549014604,30.916415830836222,29.357034620355094,29.8413143157959,582600,0.0,0.0
2025-04-17 00:00:00-04:00,30.054399997582795,30.80987517617999,29.734775457242325,30.21905517578125,580900,0.0,0.0
2025-04-21 00:00:00-04:00,29.98659689972919,29.98659689972919,29.424832544808073,29.812257766723633,400900,0.0,0.0
2025-04-22 00:00:00-04:00,30.43213638391997,31.22635664272847,30.23842376520952,31.10044288635254,497900,0.0,0.0
2025-04-23 00:00:00-04:00,32.49516701315764,33.41529917877165,31.565350879273563,31.642833709716797,643200,0.0,0.0
2025-04-24 00:00:00-04:00,31.79780825801755,32.6791972025489,31.487865837361582,32.6210823059082,493000,0.0,0.0
2025-04-25 00:00:00-04:00,32.04963108212467,32.398313061511274,31.8462344924028,32.291770935058594,361900,0.0,0.0
2025-04-28 00:00:00-04:00,32.24334550063753,32.73730920246099,31.788121369424488,32.23365783691406,518200,0.0,0.0
2025-04-29 00:00:00-04:00,32.194915977878175,32.805105737682695,32.01088732782462,32.4273681640625,390100,0.0,0.0
2025-04-30 00:00:00-04:00,31.97214361520433,32.39831210847882,31.323210601915754,32.26271438598633,555200,0.0,0.0
2025-05-01 00:00:00-04:00,32.42736996306859,32.88259408717908,32.088375633259346,32.36925506591797,487400,0.0,0.0
2025-05-02 00:00:00-04:00,32.79542261992257,33.53152615494416,32.51453950080129,33.124732971191406,410100,0.0,0.0
2025-05-05 00:00:00-04:00,32.71793458400883,33.43467014893052,32.495166370593374,32.9310188293457,1060900,0.0,0.0
2025-05-06 00:00:00-04:00,34.46134712370614,35.81732814154058,34.33543336023743,34.35480499267578,1160700,0.0,0.0
2025-05-07 00:00:00-04:00,34.345118261823615,35.30399377237699,34.32574662885917,34.98436737060547,989100,0.0,0.0
2025-05-08 00:00:00-04:00,35.52676116915367,36.53406389091585,35.303992937472614,36.15632629394531,1045300,0.0,0.0
2025-05-09 00:00:00-04:00,35.99166828369205,36.2241241726688,35.44927367258696,35.64298629760742,483700,0.0,0.0
2025-05-12 00:00:00-04:00,37.99658875850222,38.90703335879247,37.35733963600879,37.783504486083984,658500,0.0,0.0
2025-05-13 00:00:00-04:00,37.83193078801386,37.986900141331056,37.367022728062274,37.57041931152344,644900,0.0,0.0
2025-05-14 00:00:00-04:00,37.2701649036488,37.2701649036488,36.572800960154474,36.834312438964844,497400,0.0,0.0
2025-05-15 00:00:00-04:00,36.59217390092655,36.873057020971,36.204752347711675,36.79557418823242,437900,0.0,0.0
2025-05-16 00:00:00-04:00,36.7180844641767,36.853682180735255,36.31129131450101,36.59217071533203,511000,0.0,0.0
2025-05-19 00:00:00-04:00,35.80764557871072,36.37909582641647,35.730159045914775,36.23381042480469,292800,0.0,0.0
2025-05-20 00:00:00-04:00,36.26286473058843,36.57280346116739,35.93355436750314,36.15632629394531,284700,0.0,0.0
2025-05-21 00:00:00-04:00,35.59456016975297,35.778585137115236,34.8390849729634,34.88751220703125,386900,0.0,0.0
2025-05-22 00:00:00-04:00,34.664744069158665,35.19745103488174,34.509774702861755,35.00373840332031,421600,0.0,0.0
2025-05-23 00:00:00-04:00,34.13203375888338,34.887508883707696,34.035175605213105,34.75191116333008,408200,0.0,0.0
2025-05-27 00:00:00-04:00,35.59455957435836,36.17569376297407,35.391162977818965,36.10789489746094,426400,0.0,0.0
2025-05-28 00:00:00-04:00,35.88512112823828,36.08851769337458,35.13933002797805,35.197444915771484,371400,0.0,0.0
2025-05-29 00:00:00-04:00,35.58487489709499,35.73015659397574,34.91656652925617,35.4105339050293,316600,0.0,0.0
2025-05-30 00:00:00-04:00,35.11996295136316,35.26524834230006,34.519457145361876,34.99405288696289,612500,0.0,0.0
2025-06-02 00:00:00-04:00,34.926254905661274,34.926254905661274,34.23857489191246,34.72285461425781,359800,0.0,0.0
2025-06-03 00:00:00-04:00,34.76160032394835,35.73015983676836,34.19015006359409,35.429908752441406,465500,0.0,0.0
2025-06-04 00:00:00-04:00,35.362103827721675,35.85607121536478,35.23619375968496,35.3233642578125,393300,0.0,0.0
2025-06-05 00:00:00-04:00,35.59456022937323,35.81732846226736,35.05216560052592,35.187767028808594,430600,0.0,0.0
2025-06-06 00:00:00-04:00,36.08851923165644,36.16600575201724,35.662354453953995,35.87543869018555,400500,0.0,0.0
2025-06-09 00:00:00-04:00,36.19506226080904,36.882742214657895,36.06915220419454,36.38877487182617,356500,0.0,0.0
2025-06-10 00:00:00-04:00,36.659969708395536,37.076450522077025,36.37909030653183,36.408145904541016,535600,0.0,0.0
2025-06-11 00:00:00-04:00,36.485631846542745,36.485631846542745,34.61631555135987,34.92625427246094,1008600,0.0,0.0
2025-06-12 00:00:00-04:00,34.48071311354713,34.771283888946726,34.04486433996952,34.59694290161133,701800,0.0,0.0
2025-06-13 00:00:00-04:00,33.889900406092934,34.37418018289199,33.105365837564335,33.22159194946289,624100,0.0,0.0
2025-06-16 00:00:00-04:00,33.831783294677734,34.238576507153425,33.32813191630695,33.831783294677734,873100,0.0,0.0
2025-06-17 00:00:00-04:00,33.5508950221831,33.81240648794477,32.91164600413035,32.96976089477539,633200,0.0,0.0
2025-06-18 00:00:00-04:00,32.80510931036372,33.65744270697274,32.80510931036372,33.09567642211914,600700,0.0,0.0
2025-06-20 00:00:00-04:00,33.329979626794604,33.35926664263142,32.50990966567012,32.64658737182617,849700,0.27,0.0
2025-06-23 00:00:00-04:00,32.48062246936348,32.919946325415644,31.963198663451024,32.84184265136719,764100,0.0,0.0
2025-06-24 00:00:00-04:00,33.310450895522756,33.86692649456394,33.08590843662788,33.15424728393555,709100,0.0,0.0
2025-06-25 00:00:00-04:00,32.54896140383772,32.99804635818015,31.875333972324096,32.00224685668945,943200,0.0,0.0
2025-06-26 00:00:00-04:00,32.343942291123945,32.617297681017945,32.12916092809988,32.265838623046875,810900,0.0,0.0
2025-06-27 00:00:00-04:00,32.31465484664253,32.69540468103813,31.924147639024756,32.06082534790039,2024900,0.0,0.0
2025-06-30 00:00:00-04:00,32.060823601692256,32.24631423589375,31.52387389284538,31.543399810791016,919600,0.0,0.0
2025-07-01 00:00:00-04:00,31.43601390001821,33.06638919219498,31.152893633076225,32.69540786743164,1111400,0.0,0.0
2025-07-02 00:00:00-04:00,33.00781255219454,33.65215299475558,32.68564046881985,33.603336334228516,920000,0.0,0.0
2025-07-03 00:00:00-04:00,33.90597946051209,33.92550537813588,33.486181542070625,33.61309814453125,321800,0.0,0.0
2025-07-07 00:00:00-04:00,33.095673298683906,33.456893452646796,32.25607748878,32.363468170166016,516700,0.0,0.0
2025-07-08 00:00:00-04:00,32.636827460614846,33.79859172934734,32.59777562195452,32.9589958190918,891000,0.0,0.0
2025-07-09 00:00:00-04:00,33.076153489738594,33.9547975717033,32.57825182485556,33.827884674072266,1400200,0.0,0.0
2025-07-10 00:00:00-04:00,33.91574380748318,34.940830261185674,33.603332854056156,34.101234436035156,707600,0.0,0.0
2025-07-11 00:00:00-04:00,33.32998038974242,33.632626549007306,33.154250842322575,33.398319244384766,893600,0.0,0.0
2025-07-14 00:00:00-04:00,33.085914963835855,33.29093154620463,32.50015223587118,32.793033599853516,721500,0.0,0.0
2025-07-15 00:00:00-04:00,33.05662468124913,33.076150600145446,32.24631580589913,32.256080627441406,554200,0.0,0.0
2025-07-16 00:00:00-04:00,32.21703181512696,32.343948437777534,31.57269132779196,32.295135498046875,790500,0.0,0.0
2025-07-17 00:00:00-04:00,32.33418044105017,32.83208206031386,32.22678974967219,32.35370635986328,899900,0.0,0.0
2025-07-18 00:00:00-04:00,32.50015034894906,32.50015034894906,31.43601193305132,31.728893280029297,681600,0.0,0.0
2025-07-21 00:00:00-04:00,31.90462074074023,32.41228344683065,31.748417117649957,32.246315002441406,818400,0.0,0.0
2025-07-22 00:00:00-04:00,32.42204562295489,32.832082474830564,32.187742042615874,32.70516586303711,625500,0.0,0.0
2025-07-23 00:00:00-04:00,32.96876318743461,33.505712975830306,32.4415744973638,33.437374114990234,943000,0.0,0.0
2025-07-24 00:00:00-04:00,33.14449119468561,33.48618548284372,32.58801551157758,32.77350616455078,716000,0.0,0.0
2025-07-25 00:00:00-04:00,32.88089269225771,33.25187767534633,32.39275592868403,33.16401290893555,557200,0.0,0.0
2025-07-28 00:00:00-04:00,33.06638512797426,33.33974426295569,32.529435403549684,32.84184265136719,458400,0.0,0.0
2025-07-29 00:00:00-04:00,32.92971116292259,32.92971116292259,32.04130225274572,32.295135498046875,664900,0.0,0.0
2025-07-30 00:00:00-04:00,32.2170293474415,32.246316364198925,30.879533673392963,30.977161407470703,814100,0.0,0.0
2025-07-31 00:00:00-04:00,30.71356649221247,30.977160810514444,30.362109263237283,30.82095718383789,996200,0.0,0.0
2025-08-01 00:00:00-04:00,30.65498994915598,33.09567575405059,30.410921554875923,32.988285064697266,1835300,0.0,0.0
2025-08-04 00:00:00-04:00,33.17377623578282,33.359266877703384,32.80279122775349,33.193302154541016,1010100,0.0,0.0
2025-08-05 00:00:00-04:00,33.57404654901096,33.94503153813588,33.23235229862485,33.3690299987793,969400,0.0,0.0
2025-08-06 00:00:00-04:00,33.43737364459796,33.68144206536145,32.50015180267142,32.53920364379883,914400,0.0,0.0
2025-08-07 00:00:00-04:00,33.13472442116571,33.251879933795855,32.20726748673372,32.40251922607422,761200,0.0,0.0
2025-08-08 00:00:00-04:00,32.509911849142476,32.85160986167034,32.02177502340704,32.080352783203125,630200,0.0,0.0
2025-08-11 00:00:00-04:00,32.217027451175476,32.412282907838396,31.582448148068,32.041297912597656,639700,0.0,0.0
2025-08-12 00:00:00-04:00,32.363471921496576,33.124964151681525,32.168216453088355,33.105438232421875,545600,0.0,0.0
2025-08-13 00:00:00-04:00,33.23235252853344,35.4094420976545,33.10543592428856,35.39967727661133,823400,0.0,0.0
2025-08-14 00:00:00-04:00,34.9408306412172,35.4192025868603,34.65771042283121,35.243473052978516,624800,0.0,0.0
2025-08-15 00:00:00-04:00,35.38991625959525,35.458255110299426,34.41364270760642,34.6088981628418,594800,0.0,0.0
2025-08-18 00:00:00-04:00,34.64795040030087,35.26300006376695,34.579607824616545,34.91154098510742,552400,0.0,0.0
2025-08-19 00:00:00-04:00,35.09703438856013,35.477780471996084,34.911540033110214,35.14584732055664,517500,0.0,0.0
2025-08-20 00:00:00-04:00,34.90178173136295,35.17513715178442,34.589374472541756,34.638187408447266,454500,0.0,0.0
2025-08-21 00:00:00-04:00,34.24767803364584,34.65771113837693,33.97431890630372,34.511268615722656,394300,0.0,0.0
2025-08-22 00:00:00-04:00,34.892021556405254,36.80551699832512,34.68700126148011,36.62978744506836,608400,0.0,0.0
2025-08-25 00:00:00-04:00,36.24904040860513,36.8445679102969,36.20998857015589,36.76646423339844,901100,0.0,0.0
2025-08-26 00:00:00-04:00,36.8640906302202,37.313179330404104,36.15141132722158,36.27832794189453,879900,0.0,0.0
2025-08-27 00:00:00-04:00,36.05378279553828,36.88361383017832,36.05378279553828,36.63954544067383,483200,0.0,0.0
2025-08-28 00:00:00-04:00,36.785988278410926,36.785988278410926,36.014731267180736,36.34666442871094,466100,0.0,0.0
2025-08-29 00:00:00-04:00,36.51263427734375,36.77622487312415,36.327139909113086,36.51263427734375,507700,0.0,0.0
2025-09-02 00:00:00-04:00,35.594937756012726,36.08307459981166,35.22395643614131,35.76090621948242,332400,0.0,0.0
2025-09-03 00:00:00-04:00,35.61445914390569,36.04401817106957,35.3996777682297,35.70232391357422,415600,0.0,0.0
2025-09-04 00:00:00-04:00,35.85852907317882,36.473582487246155,35.42897002758559,36.41500473022461,339800,0.0,0.0
2025-09-05 00:00:00-04:00,36.580974315722386,37.401044318550206,36.49310953955553,36.825042724609375,592400,0.0,0.0
2025-09-08 00:00:00-04:00,36.80551588412751,36.99100652953286,35.83900337047414,36.96171951293945,405000,0.0,0.0
2025-09-09 00:00:00-04:00,36.68836266127708,36.86408847816557,36.073309267508925,36.102596282958984,487700,0.0,0.0
2025-09-10 00:00:00-04:00,35.86829705139626,36.27833021406762,35.40944722481666,35.614463806152344,347700,0.0,0.0
2025-09-11 00:00:00-04:00,35.86829288057892,36.7274109474733,35.81947622234716,36.698123931884766,422000,0.0,0.0
2025-09-12 00:00:00-04:00,36.09829039464205,36.30479020730778,35.459123771943545,35.5967903137207,458100,0.27,0.0
2025-09-15 00:00:00-04:00,35.76395238292149,36.01962200878591,35.13461753638072,35.25261688232422,387400,0.0,0.0
2025-09-16 00:00:00-04:00,35.29195336302484,35.429619900064395,34.96745420445043,35.173954010009766,437100,0.0,0.0
2025-09-17 00:00:00-04:00,35.76395521278049,36.25562356943566,34.82978458490928,35.291954040527344,684400,0.0,0.0
2025-09-18 00:00:00-04:00,35.59678981060338,36.03929208229853,35.37062281643294,35.72462463378906,603100,0.0,0.0
2025-09-19 00:00:00-04:00,35.891789499052294,35.891789499052294,34.51511662055373,34.55445098876953,1158800,0.0,0.0
2025-09-22 00:00:00-04:00,34.554449970886985,34.554449970886985,34.11194771932369,34.16111755371094,515900,0.0,0.0
2025-09-23 00:00:00-04:00,34.20045250125849,34.69212089834907,33.53178318112472,33.816951751708984,536800,0.0,0.0
2025-09-24 00:00:00-04:00,33.74811853615645,34.1414547549805,33.01061593921049,33.16794967651367,562200,0.0,0.0
2025-09-25 00:00:00-04:00,32.94177976708556,33.04011193757934,31.820776518476286,32.0174446105957,568800,0.0,0.0
2025-09-26 00:00:00-04:00,32.086278204334405,32.36161128540416,31.9289444792757,32.29277801513672,747200,0.0,0.0
2025-09-29 00:00:00-04:00,32.450110310284686,32.450110310284686,31.722439519495488,32.0567741394043,531400,0.0,0.0
2025-09-30 00:00:00-04:00,31.94860979195316,32.450109838966526,31.506107543922738,32.400943756103516,731100,0.0,0.0
2025-10-01 00:00:00-04:00,32.10594396874637,32.48944467216818,31.368439586251856,31.515939712524414,437700,0.0,0.0
2025-10-02 00:00:00-04:00,31.38810920767434,32.20427863704083,31.31927593510558,32.037113189697266,513100,0.0,0.0
2025-10-03 00:00:00-04:00,32.194444298695856,32.617275616705534,32.0961083807957,32.24361038208008,389600,0.0,0.0
2025-10-06 00:00:00-04:00,32.43044422802782,32.46977859667807,31.78144214982603,32.0174446105957,559400,0.0,0.0
2025-10-07 00:00:00-04:00,32.08627696068212,32.302608479795474,31.38810694167474,31.437273025512695,484700,0.0,0.0
2025-10-08 00:00:00-04:00,31.643774171956153,31.692940254967645,31.250439881166706,31.565105438232422,333400,0.0,0.0
2025-10-09 00:00:00-04:00,31.79127725455346,31.79127725455346,30.984939586523556,31.093107223510742,510000,0.0,0.0
2025-10-10 00:00:00-04:00,31.08327271539171,31.28977251566405,29.78526861206314,29.863935470581055,486500,0.0,0.0
2025-10-13 00:00:00-04:00,30.168770025847735,30.650604780102547,30.099936757463606,30.52277183532715,429400,0.0,0.0
2025-10-14 00:00:00-04:00,29.81476938252663,31.250441985018202,29.81476938252663,30.729272842407227,641400,0.0,0.0
2025-10-15 00:00:00-04:00,30.876772090227583,31.12260626590705,30.365436554678475,30.689937591552734,598300,0.0,0.0
2025-10-16 00:00:00-04:00,30.78827269834087,30.92594111685221,30.26710542829573,30.650606155395508,522000,0.0,0.0
2025-10-17 00:00:00-04:00,30.640770499071195,30.92593903375371,30.552270048691508,30.837438583374023,367300,0.0,0.0
2025-10-20 00:00:00-04:00,30.99477180365919,31.447105764511353,30.95543743720292,31.397939682006836,369100,0.0,0.0
2025-10-21 00:00:00-04:00,31.220940334164627,31.7617747708293,31.220940334164627,31.555274963378906,391700,0.0,0.0
2025-10-22 00:00:00-04:00,31.574941080105987,31.78144088057509,31.18160491157576,31.270105361938477,333800,0.0,0.0
2025-10-23 00:00:00-04:00,31.41760724815381,32.145274280805396,31.368439289484215,31.99777603149414,545100,0.0,0.0
2025-10-24 00:00:00-04:00,32.4599422466822,32.57794534942562,32.0469426404755,32.08627700805664,463400,0.0,0.0
2025-10-27 00:00:00-04:00,32.23377283076913,32.538608529854024,32.01744132763832,32.10594177246094,357400,0.0,0.0
2025-10-28 00:00:00-04:00,32.046942423141566,32.55827794483338,31.751942170547142,32.0567741394043,482700,0.0,0.0
2025-10-29 00:00:00-04:00,31.76177423000038,32.184609305369484,31.112772166827398,31.358606338500977,537800,0.0,0.0
2025-10-30 00:00:00-04:00,30.876773327504115,31.506110117846795,30.758773968766484,31.004608154296875,564100,0.0,0.0
2025-10-31 00:00:00-04:00,30.876772614593673,31.68311029999135,30.29660380009212,31.535608291625977,537900,0.0,0.0
2025-11-03 00:00:00-05:00,31.22093967534645,31.6339392815322,30.768605701581556,31.545442581176758,638400,0.0,0.0
2025-11-04 00:00:00-05:00,30.916106315524935,31.34877311231091,30.7194382256652,30.768606185913086,957800,0.0,0.0
2025-11-05 00:00:00-05:00,29.706600751349594,31.54544307773655,29.028099780021904,30.768606185913086,1752500,0.0,0.0
2025-11-06 00:00:00-05:00,30.463769008123457,31.024270599292052,29.598433580200428,29.667266845703125,688800,0.0,0.0
2025-11-07 00:00:00-05:00,29.5984353217466,30.24743739976704,28.929766059406525,29.205101013183594,840200,0.0,0.0
2025-11-10 00:00:00-05:00,29.500100195350356,29.647600321213936,28.388930579907804,29.13626480102539,734300,0.0,0.0
2025-11-11 00:00:00-05:00,29.34276753060804,29.36243471491314,28.723264353958864,29.31326675415039,584600,0.0,0.0
2025-11-12 00:00:00-05:00,29.401765793519246,29.686934325526746,28.939598237978558,28.969097137451172,807800,0.0,0.0
2025-11-13 00:00:00-05:00,28.910099532631865,30.139270447076807,28.841266261513503,29.647602081298828,875500,0.0,0.0
2025-11-14 00:00:00-05:00,29.1166007373487,29.549267541630645,28.624932379747086,28.80193328857422,1068500,0.0,0.0
2025-11-17 00:00:00-05:00,28.762596572189196,28.772430163606554,27.749759162990472,27.769426345825195,758100,0.0,0.0
2025-11-18 00:00:00-05:00,27.749760200136603,28.025095143415978,27.287592639641872,27.838260650634766,946600,0.0,0.0
2025-11-19 00:00:00-05:00,27.89726325027754,27.956262927639408,27.385927711632206,27.69076156616211,975000,0.0,0.0
2025-11-20 00:00:00-05:00,27.85792941262936,28.261097320824017,27.022092819213867,27.022092819213867,907400,0.0,0.0
2025-11-21 00:00:00-05:00,27.23842776135581,29.067432776248975,27.23842776135581,28.80193328857422,834500,0.0,0.0
2025-11-24 00:00:00-05:00,28.565930826427415,28.84126578188806,28.025096383292016,28.80193328857422,639500,0.0,0.0
2025-11-25 00:00:00-05:00,28.95926700305047,30.109771034467137,28.93959981861731,29.775436401367188,614000,0.0,0.0
2025-11-26 00:00:00-05:00,29.559099752704004,30.119601354089898,29.559099752704004,29.863935470581055,518500,0.0,0.0
2025-11-28 00:00:00-05:00,29.893436263064828,30.25727167897589,29.785270497982598,30.080270767211914,197200,0.0,0.0
2025-12-01 00:00:00-05:00,29.86393685249051,30.53260424305148,29.86393685249051,30.099937438964844,526300,0.0,0.0
2025-12-02 00:00:00-05:00,30.217936266198357,30.217936266198357,29.588601379934477,29.686935424804688,640900,0.0,0.0
2025-12-03 00:00:00-05:00,29.73610100196464,30.99477262857714,29.5886008749596,30.788270950317383,766700,0.0,0.0
2025-12-04 00:00:00-05:00,30.77843841845321,30.9849401038249,30.198269606761897,30.4244384765625,548500,0.0,0.0
2025-12-05 00:00:00-05:00,30.306437072904366,31.211106920255208,30.11960257302595,30.178604125976562,624400,0.0,0.0
2025-12-08 00:00:00-05:00,30.198269773243823,30.237604142318496,29.441101924215886,29.48043441772461,791100,0.0,0.0
2025-12-09 00:00:00-05:00,29.362432841069165,30.25726903861962,29.362432841069165,29.745933532714844,560700,0.0,0.0
2025-12-10 00:00:00-05:00,29.65743617610716,30.866939926275283,29.65743617610716,30.6014404296875,1583600,0.0,0.0
2025-12-11 00:00:00-05:00,30.601438863204084,31.299607018425643,30.601438863204084,30.984939575195312,732000,0.0,0.0
2025-12-12 00:00:00-05:00,30.970057845377962,31.23789673003939,30.503821258510065,30.712139129638672,682200,0.275,0.0
2025-12-15 00:00:00-05:00,30.97997854817001,30.97997854817001,30.067343804472532,30.23598289489746,1118400,0.0,0.0
2025-12-16 00:00:00-05:00,30.34510276484667,30.533582192849103,29.94830546279848,30.255823135375977,856100,0.0,0.0
2025-12-17 00:00:00-05:00,30.097104750314184,30.860940752903208,29.859026364847246,30.523662567138672,890200,0.0,0.0
2025-12-18 00:00:00-05:00,30.77166135057607,31.06925886160215,30.47406194747116,30.85102081298828,1048200,0.0,0.0
2025-12-19 00:00:00-05:00,30.63278092103624,30.870861200730516,30.533583011922264,30.841100692749023,1690000,0.0,0.0
2025-12-22 00:00:00-05:00,30.950219395948608,31.347016692393332,30.870859936659663,31.08909797668457,577200,0.0,0.0
2025-12-23 00:00:00-05:00,31.099018959465845,31.307336836021463,30.771660944822152,30.93037986755371,1117700,0.0,0.0
2025-12-24 00:00:00-05:00,31.03949892701243,31.257736966354308,30.910538623522285,31.108938217163086,242100,0.0,0.0
2025-12-26 00:00:00-05:00,31.039498765807647,31.60493514504493,30.989897921615675,31.515655517578125,487000,0.0,0.0
2025-12-29 00:00:00-05:00,31.37677580568634,31.53549661886522,31.218056884586247,31.366857528686523,390500,0.0,0.0
2025-12-30 00:00:00-05:00,31.317257285971817,31.565255841473117,31.15853836181729,31.247817993164062,441700,0.0,0.0
2025-12-31 00:00:00-05:00,31.158537771871707,31.237897232446404,30.841099929572916,30.989898681640625,528000,0.0,0.0
2026-01-02 00:00:00-05:00,31.18829780333808,31.61485560694947,31.0394990535403,31.456134796142578,956900,0.0,0.0
2026-01-05 00:00:00-05:00,31.23789745393703,32.309251125331215,31.23789745393703,31.694215774536133,845000,0.0,0.0
2026-01-06 00:00:00-05:00,31.45613593339256,32.84492936059162,31.38669664044837,32.72589111328125,914700,0.0,0.0
2026-01-07 00:00:00-05:00,32.735809326171875,33.023488558751225,31.53549722574341,31.99181365966797,465900,0.0,0.0
2026-01-08 00:00:00-05:00,31.56525577949105,33.16236707924854,31.44621753264831,32.7457275390625,841400,0.0,0.0
2026-01-09 00:00:00-05:00,33.44012537285175,34.332921714546444,33.04332994199905,34.01548385620117,919700,0.0,0.0
2026-01-12 00:00:00-05:00,33.906363622096876,34.42220108398016,33.55916714975127,34.06508255004883,633100,0.0,0.0
2026-01-13 00:00:00-05:00,34.05516255396535,34.461880022826364,33.67820370004422,34.40235900878906,565200,0.0,0.0
2026-01-14 00:00:00-05:00,34.481715062178566,35.136431051202294,34.03532072105673,34.699954986572266,668100,0.0,0.0
2026-01-15 00:00:00-05:00,34.86859841714613,35.96970882487949,34.6106778002965,35.7117919921875,1167700,0.0,0.0
2026-01-16 00:00:00-05:00,35.51339036015677,35.54315275834219,35.17611219259561,35.364593505859375,1151500,0.0,0.0
2026-01-20 00:00:00-05:00,34.759475892327195,35.75147004141765,34.759475892327195,35.47370910644531,1286900,0.0,0.0
2026-01-21 00:00:00-05:00,35.96970827930465,36.76330667219793,35.61259354349177,36.56490707397461,816300,0.0,0.0
2026-01-22 00:00:00-05:00,36.75338446273655,37.36841980900595,36.72362584757825,37.338661193847656,905000,0.0,0.0
2026-01-23 00:00:00-05:00,37.08074559868245,37.358502773812795,36.67402811331685,37.1005859375,801200,0.0,0.0
2026-01-26 00:00:00-05:00,37.36841949569296,37.46762118565149,36.07882779949248,36.6541862487793,1047200,0.0,0.0
2026-01-27 00:00:00-05:00,36.614506780035434,37.050982877771645,36.10859138911751,36.416107177734375,650400,0.0,0.0
2026-01-28 00:00:00-05:00,36.54506645968773,36.564906797775954,35.57291259831012,35.87051010131836,934600,0.0,0.0
2026-01-29 00:00:00-05:00,36.05898839131909,36.455787593069985,35.0669941710995,35.721710205078125,1021100,0.0,0.0
2026-01-30 00:00:00-05:00,35.344754449684906,36.07882803947302,35.344754449684906,35.860591888427734,2619600,0.0,0.0
2026-02-02 00:00:00-05:00,35.721711265583906,36.793066871623125,35.66219403246467,36.257389068603516,844200,0.0,0.0
2026-02-03 00:00:00-05:00,36.25738856646363,37.58666099397811,36.25738856646363,37.1005859375,796700,0.0,0.0
2026-02-04 00:00:00-05:00,37.576741117813626,39.03497000936017,37.318820508317266,38.90601348876953,949500,0.0,0.0
2026-02-05 00:00:00-05:00,38.64809368195225,39.04489288134579,37.477540206314686,38.003299713134766,718600,0.0,0.0
2026-02-06 00:00:00-05:00,38.26121424535813,38.76713338340062,38.19177495725935,38.44969177246094,795800,0.0,0.0
2026-02-09 00:00:00-05:00,38.380255023312145,38.866333856316395,37.993377882838175,38.69769287109375,552900,0.0,0.0
2026-02-10 00:00:00-05:00,39.05480982644689,39.98728677797114,39.05480982644689,39.75912857055664,595000,0.0,0.0
2026-02-11 00:00:00-05:00,40.225363069813056,40.62216225377586,39.47144916127268,40.54280090332031,1281200,0.0,0.0
2026-02-12 00:00:00-05:00,41.51495749247334,44.49094021692757,40.2055253964461,41.50503921508789,1902800,0.0,0.0
2026-02-13 00:00:00-05:00,42.74503117757074,43.6973447224979,42.149836158030666,42.407752990722656,1178300,0.0,0.0
2026-02-17 00:00:00-05:00,42.665668356750984,42.89383035002767,42.04071474296445,42.695430755615234,943300,0.0,0.0
2026-02-18 00:00:00-05:00,42.71526987010128,43.56838166857376,42.33831102992955,42.93350601196289,929700,0.0,0.0
2026-02-19 00:00:00-05:00,42.70534785993914,42.92358778621654,41.4058379313244,42.16967010498047,710400,0.0,0.0
2026-02-20 00:00:00-05:00,42.120074668868085,42.86407035145874,41.49512102008549,42.22919464111328,604700,0.0,0.0
2026-02-23 00:00:00-05:00,41.64391643278929,42.169672152541345,40.59240120912759,41.77287673950195,771300,0.0,0.0
2026-02-24 00:00:00-05:00,42.01095225445985,43.14182880495051,41.901836072715476,41.96135330200195,552300,0.0,0.0
2026-02-25 00:00:00-05:00,42.15975230655955,42.318471222700296,40.880078916586186,41.32647705078125,712000,0.0,0.0
2026-02-26 00:00:00-05:00,41.44551811309517,42.020876588369156,40.40392491850912,40.7808837890625,901000,0.0,0.0
2026-02-27 00:00:00-05:00,40.314645480350684,40.919762574800856,39.75913112543858,40.74120330810547,818000,0.0,0.0
2026-03-02 00:00:00-05:00,40.04680378256315,40.80072147464196,39.05480960762812,40.5527229309082,614400,0.0,0.0
2026-03-03 00:00:00-05:00,39.29289022393546,40.08648481410664,38.529054248346476,39.729366302490234,570500,0.0,0.0
2026-03-04 00:00:00-05:00,39.679768127603246,39.96744735472619,39.034970381866664,39.580570220947266,666800,0.0,0.0
2026-03-05 00:00:00-05:00,39.32265015568608,39.68968695640514,38.70761480072161,38.727455139160156,792200,0.0,0.0
2026-03-06 00:00:00-05:00,38.092580494003585,38.092580494003585,36.10859200544419,36.29706954956055,879100,0.0,0.0
2026-03-09 00:00:00-04:00,35.63243127821869,36.535149669253386,34.938038337665404,36.32682800292969,757000,0.0,0.0
2026-03-10 00:00:00-04:00,36.168108690227555,37.11050396484582,35.54315505039409,35.662193298339844,477800,0.0,0.0
2026-03-11 00:00:00-04:00,35.404271403078965,35.949871236820144,34.78923606268418,35.166194915771484,528400,0.0,0.0
2026-03-12 00:00:00-04:00,34.69003899002312,34.828917574980345,33.995642281079355,34.25355911254883,766800,0.0,0.0
2026-03-13 00:00:00-04:00,34.6106789292396,34.95787918876111,33.8369246217674,34.00556182861328,766200,0.0,0.0
2026-03-16 00:00:00-04:00,34.273400368543065,34.511480652098946,33.85676460251744,34.07500076293945,763000,0.0,0.0
2026-03-17 00:00:00-04:00,34.36000061035156,34.93000030517578,34.029998779296875,34.09000015258789,748200,0.275,0.0
2026-03-18 00:00:00-04:00,33.7599983215332,34.130001068115234,32.900001525878906,32.90999984741211,857400,0.0,0.0
2026-03-19 00:00:00-04:00,32.189998626708984,32.439998626708984,31.579999923706055,32.040000915527344,1570600,0.0,0.0
2026-03-20 00:00:00-04:00,32.060001373291016,32.130001068115234,31.549999237060547,31.90999984741211,1593400,0.0,0.0
2026-03-23 00:00:00-04:00,33.04999923706055,33.84000015258789,32.599998474121094,33.459999084472656,859300,0.0,0.0
2026-03-24 00:00:00-04:00,32.939998626708984,34.54999923706055,32.869998931884766,34.31999969482422,678200,0.0,0.0
2026-03-25 00:00:00-04:00,34.880001068115234,36.470001220703125,34.470001220703125,36.27000045776367,1283500,0.0,0.0
2026-03-26 00:00:00-04:00,35.88999938964844,36.779998779296875,35.88999938964844,36.22999954223633,892000,0.0,0.0
2026-03-27 00:00:00-04:00,35.91999816894531,36.369998931884766,35.5,35.54999923706055,670400,0.0,0.0
2026-03-30 00:00:00-04:00,36.16999816894531,36.16999816894531,35.20000076293945,35.540000915527344,870400,0.0,0.0
2026-03-31 00:00:00-04:00,36.08000183105469,36.689998626708984,35.599998474121094,36.29999923706055,614700,0.0,0.0
2026-04-01 00:00:00-04:00,36.41999816894531,37.189998626708984,36.380001068115234,36.400001525878906,654000,0.0,0.0
2026-04-02 00:00:00-04:00,35.79999923706055,36.25,35.040000915527344,35.06999969482422,588400,0.0,0.0
2026-04-06 00:00:00-04:00,34.709999084472656,34.93000030517578,34.08000183105469,34.720001220703125,697000,0.0,0.0
2026-04-07 00:00:00-04:00,34.61000061035156,34.81999969482422,34.08000183105469,34.720001220703125,667500,0.0,0.0
2026-04-08 00:00:00-04:00,36.459999084472656,37.16999816894531,35.529998779296875,37.04999923706055,787800,0.0,0.0
2026-04-09 00:00:00-04:00,36.790000915527344,37.5,36.540000915527344,37.45000076293945,399300,0.0,0.0
2026-04-10 00:00:00-04:00,37.79999923706055,38.279998779296875,37.38999938964844,38.209999084472656,589800,0.0,0.0
2026-04-13 00:00:00-04:00,38.0,38.7599983215332,37.029998779296875,37.790000915527344,459000,0.0,0.0
2026-04-14 00:00:00-04:00,37.72999954223633,38.02000045776367,37.29999923706055,37.91999816894531,489600,0.0,0.0
2026-04-15 00:00:00-04:00,37.7400016784668,37.9900016784668,37.400001525878906,37.5099983215332,682900,0.0,0.0
2026-04-16 00:00:00-04:00,37.66999816894531,38.040000915527344,37.47999954223633,37.630001068115234,640100,0.0,0.0
2026-04-17 00:00:00-04:00,38.16999816894531,39.290000915527344,37.91999816894531,38.54999923706055,575100,0.0,0.0
2026-04-20 00:00:00-04:00,38.310001373291016,38.63999938964844,38.13999938964844,38.5,338700,0.0,0.0
2026-04-21 00:00:00-04:00,38.59000015258789,38.70000076293945,37.40999984741211,38.08000183105469,476500,0.0,0.0
2026-04-22 00:00:00-04:00,38.459999084472656,38.595001220703125,37.18000030517578,37.25,324326,0.0,0.0
