Date,Open,High,Low,Close,Volume,Dividends,Stock Splits
2022-01-03 00:00:00-05:00,7.883176032167793,7.9120785752454825,7.825370946012415,7.890401840209961,580900,0.0,0.0
2022-01-04 00:00:00-05:00,7.912077627922771,7.948205974716936,7.854272548688465,7.8614983558654785,555000,0.0,0.0
2022-01-05 00:00:00-05:00,7.85427122756194,7.897625374240741,7.847045421600342,7.847045421600342,278400,0.0,0.0
2022-01-06 00:00:00-05:00,7.868725217402065,7.9120786880914356,7.847047792966387,7.875950336456299,397500,0.0,0.0
2022-01-07 00:00:00-05:00,7.8903995601232,7.926527900803059,7.85427121944334,7.904850482940674,407800,0.0,0.0
2022-01-10 00:00:00-05:00,7.904849237908562,7.933751768082077,7.8759467077350465,7.912075042724609,634700,0.0,0.0
2022-01-11 00:00:00-05:00,7.919304176784602,7.948206719108631,7.883175826606824,7.940980911254883,660700,0.0,0.0
2022-01-12 00:00:00-05:00,7.9482040386207,8.00600910377432,7.9265273114607755,7.97710657119751,608600,0.0,0.0
2022-01-13 00:00:00-05:00,7.991556167602539,8.00600708570294,7.9554278387157,7.991556167602539,426700,0.0,0.0
2022-01-14 00:00:00-05:00,7.991556178282896,8.049361228942871,7.977104571072624,8.049361228942871,487300,0.0,0.0
2022-01-18 00:00:00-05:00,8.027685829022438,8.071039972422694,7.977106569297749,8.006009101867676,837600,0.0,0.0
2022-01-19 00:00:00-05:00,7.998782528170191,8.071039197200127,7.9843316078186035,7.9843316078186035,615800,0.0,0.0
2022-01-20 00:00:00-05:00,7.991557042601946,8.04936209951377,7.98433123821531,7.998782157897949,552700,0.0,0.0
2022-01-21 00:00:00-05:00,7.977109469443029,8.013237820562885,7.868725105174439,7.890401840209961,896600,0.0,0.0
2022-01-24 00:00:00-05:00,7.847042168890107,7.8831704946316075,7.666401229273102,7.868719577789307,1985700,0.0,0.0
2022-01-25 00:00:00-05:00,7.818139927208496,7.890396581289414,7.767560682806168,7.832591533660889,645600,0.0,0.0
2022-01-26 00:00:00-05:00,7.883176032167793,7.969883661400861,7.803694210976893,7.890401840209961,793400,0.0,0.0
2022-01-27 00:00:00-05:00,7.919299318622419,7.998781088981983,7.904847711780384,7.955427646636963,688400,0.0,0.0
2022-01-28 00:00:00-05:00,7.929990805493335,8.06082497460366,7.886379877912025,8.046287536621094,578100,0.065,0.0
2022-01-31 00:00:00-05:00,8.03174880458506,8.097165872954557,8.002674628996731,8.089897155761719,560400,0.0,0.0
2022-02-01 00:00:00-05:00,8.089894554986659,8.104431291515976,8.017208792791662,8.05355167388916,592100,0.0,0.0
2022-02-02 00:00:00-05:00,8.06809378563638,8.104435994641003,8.05355634748797,8.09716796875,441000,0.0,0.0
2022-02-03 00:00:00-05:00,8.046287143956029,8.104435506682222,8.00994493713953,8.068093299865723,401400,0.0,0.0
2022-02-04 00:00:00-05:00,8.053554809309059,8.082628986869691,7.995406454187793,8.0172119140625,463300,0.0,0.0
2022-02-07 00:00:00-05:00,8.017214007466894,8.06082563178697,7.973603076330068,8.024482727050781,476700,0.0,0.0
2022-02-08 00:00:00-05:00,8.017211370199382,8.097165872954557,8.00994334618957,8.089897155761719,464500,0.0,0.0
2022-02-09 00:00:00-05:00,8.089898783864735,8.140778428088153,8.068093321080866,8.126241683959961,524500,0.0,0.0
2022-02-10 00:00:00-05:00,8.097167270397357,8.155315631609502,7.988138573237228,8.002676010131836,947300,0.0,0.0
2022-02-11 00:00:00-05:00,8.002676609039781,8.118973340167539,7.988139171057214,8.046287536621094,732300,0.0,0.0
2022-02-14 00:00:00-05:00,8.0244803115719,8.053554487972473,7.915452323365508,7.966331958770752,764300,0.0,0.0
2022-02-15 00:00:00-05:00,7.995406454187793,8.024480631748427,7.9517948412553086,8.0172119140625,398000,0.0,0.0
2022-02-16 00:00:00-05:00,8.00994540160676,8.060825048646713,7.973602499499707,8.039019584655762,417900,0.0,0.0
2022-02-17 00:00:00-05:00,8.009943008422852,8.03174846589884,7.973600117174206,8.009943008422852,347800,0.0,0.0
2022-02-18 00:00:00-05:00,7.995404340555897,8.031747226195002,7.944524716570884,7.9808669090271,379400,0.0,0.0
2022-02-22 00:00:00-05:00,7.937258099066528,8.046286091623132,7.915452639191821,8.0172119140625,746300,0.0,0.0
2022-02-23 00:00:00-05:00,8.01721466012039,8.031752100471607,7.937260817738611,7.97360372543335,686800,0.0,0.0
2022-02-24 00:00:00-05:00,7.92272087632965,8.097166639558404,7.9154528516317315,8.082629203796387,853800,0.0,0.0
2022-02-25 00:00:00-05:00,8.093594221724285,8.159395914138083,8.071660556672565,8.13015079498291,658100,0.065,0.0
2022-02-28 00:00:00-05:00,8.11553170625394,8.217889314046891,8.093597335504956,8.203267097473145,496900,0.0,0.0
2022-03-01 00:00:00-05:00,8.195954322814941,8.247133118482912,8.174020652851352,8.195954322814941,691800,0.0,0.0
2022-03-02 00:00:00-05:00,8.203268070063922,8.39336109161377,8.203268070063922,8.39336109161377,938800,0.0,0.0
2022-03-03 00:00:00-05:00,8.35680147521729,8.415291716914073,8.261754658145348,8.298311233520508,831200,0.0,0.0
2022-03-04 00:00:00-05:00,8.283690476159384,8.364114405067943,8.232511675695653,8.327558517456055,498200,0.0,0.0
2022-03-07 00:00:00-05:00,8.327558914974931,8.50302969402005,8.291002328359141,8.451850891113281,919700,0.0,0.0
2022-03-08 00:00:00-05:00,8.488406375273172,8.554208088588748,8.305624148178289,8.327558517456055,981000,0.0,0.0
2022-03-09 00:00:00-05:00,8.342179013854134,8.37142413627199,8.225198524182709,8.239821434020996,766200,0.0,0.0
2022-03-10 00:00:00-05:00,8.261754220977448,8.393356909202156,8.247131312697677,8.35680103302002,595300,0.0,0.0
2022-03-11 00:00:00-05:00,8.34949266258973,8.393360009113234,8.312936075647542,8.342181205749512,469800,0.0,0.0
2022-03-14 00:00:00-04:00,8.320246079459398,8.356802660017431,8.247132918343336,8.283689498901367,458200,0.0,0.0
2022-03-15 00:00:00-04:00,8.298310348569096,8.33486622278717,8.210574298121621,8.232508659362793,487900,0.0,0.0
2022-03-16 00:00:00-04:00,8.23251603270901,8.291006320554322,8.159402824272751,8.276383399963379,477500,0.0,0.0
2022-03-17 00:00:00-04:00,8.217890887477953,8.729681116208893,8.217890887477953,8.54689884185791,1564600,0.0,0.0
2022-03-18 00:00:00-04:00,8.49571943973513,8.5688326233152,8.481097221374512,8.481097221374512,380700,0.0,0.0
2022-03-21 00:00:00-04:00,8.495718973680676,8.583454370808415,8.495718973680676,8.539587020874023,374500,0.0,0.0
2022-03-22 00:00:00-04:00,8.576142575871703,8.685812340909363,8.554208901767744,8.649255752563477,588800,0.0,0.0
2022-03-23 00:00:00-04:00,8.627322078459516,8.685812340909363,8.583454032992666,8.649255752563477,424900,0.0,0.0
2022-03-24 00:00:00-04:00,8.649253257512587,8.70043204807792,8.620008134724007,8.656564712524414,481300,0.0,0.0
2022-03-25 00:00:00-04:00,8.641941690799545,8.70043193562069,8.576139991061076,8.678498268127441,472900,0.0,0.0
2022-03-28 00:00:00-04:00,8.693120260011066,8.729676136220121,8.656563686543365,8.722365379333496,510700,0.0,0.0
2022-03-29 00:00:00-04:00,8.700434212863092,8.72236858335614,8.649255409563784,8.685811996459961,613100,0.0,0.0
2022-03-30 00:00:00-04:00,8.689485212945778,8.689485212945778,8.623321506070406,8.667430877685547,492300,0.065,0.0
2022-03-31 00:00:00-04:00,8.667431213811252,8.740946602322543,8.667431213811252,8.689485549926758,419400,0.0,0.0
2022-04-01 00:00:00-04:00,8.72624397277832,8.733595652462217,8.652729279223639,8.72624397277832,449000,0.0,0.0
2022-04-04 00:00:00-04:00,8.733595652462217,8.748298310735247,8.660080257812773,8.72624397277832,432800,0.0,0.0
2022-04-05 00:00:00-04:00,8.72624506037465,8.755651081680496,8.601269294551086,8.630675315856934,576400,0.0,0.0
2022-04-06 00:00:00-04:00,8.601268768310547,8.630674787817282,8.490996370433988,8.601268768310547,401400,0.0,0.0
2022-04-07 00:00:00-04:00,8.608622119621206,8.667434170051646,8.579216094405986,8.638028144836426,361700,0.0,0.0
2022-04-08 00:00:00-04:00,8.638025198625677,8.711540587136968,8.623321840485536,8.689485549926758,493200,0.0,0.0
2022-04-11 00:00:00-04:00,8.689488513689325,8.740949583637168,8.623324781681344,8.638028144836426,551900,0.0,0.0
2022-04-12 00:00:00-04:00,8.638027756720518,8.711543167002912,8.608621732826542,8.623324394226074,484900,0.0,0.0
2022-04-13 00:00:00-04:00,8.630673071236988,8.652728107301554,8.601267057578902,8.60861873626709,425000,0.0,0.0
2022-04-14 00:00:00-04:00,8.601270438043665,8.696840195266866,8.564512731250906,8.638028144836426,570000,0.0,0.0
2022-04-18 00:00:00-04:00,8.645376987436618,8.770352728835382,8.645376987436618,8.748297691345215,440900,0.0,0.0
2022-04-19 00:00:00-04:00,8.740948813234736,8.807111838316352,8.718893770445982,8.755651473999023,469300,0.0,0.0
2022-04-20 00:00:00-04:00,8.748298221550556,8.821813615450546,8.740947243036363,8.777704238891602,454300,0.0,0.0
2022-04-21 00:00:00-04:00,8.777703341348964,8.821812713397613,8.740946349252221,8.770352363586426,345800,0.0,0.0
2022-04-22 00:00:00-04:00,8.79976085848165,8.821815200175521,8.740948813234736,8.755651473999023,533300,0.0,0.0
2022-04-25 00:00:00-04:00,8.74094671327654,8.755649370508603,8.652728666600007,8.748297691345215,623100,0.0,0.0
2022-04-26 00:00:00-04:00,8.7335950905035,8.76300110625221,8.696837395543932,8.740946769714355,549400,0.0,0.0
2022-04-27 00:00:00-04:00,8.740946488863985,8.79975851847175,8.711540474060103,8.785055160522461,462400,0.0,0.0
2022-04-28 00:00:00-04:00,8.788753348933596,8.862670109282718,8.7370108412671,8.84788703918457,477500,0.065,0.0
2022-04-29 00:00:00-04:00,8.818319504534541,8.833102573476765,8.663093403530919,8.677876472473145,719900,0.0,0.0
2022-05-02 00:00:00-04:00,8.70005017724964,8.71483324286819,7.90913607618123,8.249155044555664,2703500,0.0,0.0
2022-05-03 00:00:00-04:00,8.204808359567009,8.352642598357649,8.027406568088985,8.138282775878906,1347600,0.0,0.0
2022-05-04 00:00:00-04:00,8.1604556397742,8.249156160269356,7.997837666401876,8.234373092651367,1372300,0.0,0.0
2022-05-05 00:00:00-04:00,8.226980209350586,8.249155160554725,8.064362255685923,8.226980209350586,801700,0.0,0.0
2022-05-06 00:00:00-04:00,8.175240594632472,8.581784529464446,8.108715018407842,8.500475883483887,1287700,0.0,0.0
2022-05-09 00:00:00-04:00,8.43394899856612,8.43394899856612,8.204806165936391,8.219589233398438,719600,0.0,0.0
2022-05-10 00:00:00-04:00,8.330465631201086,8.42655733456079,8.034796519944251,8.086538314819336,994700,0.0,0.0
2022-05-11 00:00:00-04:00,8.1308887883189,8.323073601589416,8.1308887883189,8.190022468566895,602800,0.0,0.0
2022-05-12 00:00:00-04:00,8.204805357937719,8.241763375417792,8.093929190710508,8.160454750061035,584000,0.0,0.0
2022-05-13 00:00:00-04:00,8.226981025999162,8.360032156289252,8.19741418648237,8.330465316772461,423500,0.0,0.0
2022-05-16 00:00:00-04:00,8.330464229659247,8.39698908119384,8.271329853413553,8.30828857421875,422800,0.0,0.0
2022-05-17 00:00:00-04:00,8.345250049115265,8.404383739947235,8.286116358283294,8.37481689453125,291500,0.0,0.0
2022-05-18 00:00:00-04:00,8.404384866682085,8.426559827484663,8.263942508360035,8.31568431854248,431200,0.0,0.0
2022-05-19 00:00:00-04:00,8.234372094728295,8.315680719096132,8.175238421564599,8.226980209350586,447300,0.0,0.0
2022-05-20 00:00:00-04:00,8.241763330778518,8.30089700434115,8.034795473309305,8.15306282043457,1089000,0.0,0.0
2022-05-23 00:00:00-04:00,8.153065722363163,8.24915815233696,8.086540139694439,8.116106986999512,737400,0.0,0.0
2022-05-24 00:00:00-04:00,8.10871279255758,8.293505695820512,8.093929021930633,8.256546974182129,634400,0.0,0.0
2022-05-25 00:00:00-04:00,8.263941563225686,8.396992017753668,8.263941563225686,8.360033988952637,546900,0.0,0.0
2022-05-26 00:00:00-04:00,8.374815000707658,8.478299288726973,8.360031933807207,8.41916561126709,448900,0.0,0.0
2022-05-27 00:00:00-04:00,8.430313918147297,8.526957812272986,8.42287960883576,8.504654884338379,320400,0.065,0.0
2022-05-31 00:00:00-04:00,8.474924285414522,8.474924285414522,8.341110169059727,8.400583267211914,557600,0.0,0.0
2022-06-01 00:00:00-04:00,8.378275637645395,8.474918828180037,8.333670488266115,8.348538398742676,415900,0.0,0.0
2022-06-02 00:00:00-04:00,8.348541926035164,8.348541926035164,8.244464381801661,8.341108322143555,455900,0.0,0.0
2022-06-03 00:00:00-04:00,8.32624070273919,8.34110933026966,8.251899692012387,8.281636238098145,352600,0.0,0.0
2022-06-06 00:00:00-04:00,8.32624099053031,8.341109618574706,8.251899977233958,8.289070129394531,429300,0.0,0.0
2022-06-07 00:00:00-04:00,8.289067438667342,8.408014297485352,8.266765212815518,8.408014297485352,491700,0.0,0.0
2022-06-08 00:00:00-04:00,8.393147408076553,8.445186182139013,8.31137209041053,8.318805694580078,548700,0.0,0.0
2022-06-09 00:00:00-04:00,8.251899317068757,8.303938093110538,8.088347966540821,8.095782279968262,909700,0.0,0.0
2022-06-10 00:00:00-04:00,8.103213900869607,8.237028673906986,8.043740825958544,8.214726448059082,657400,0.0,0.0
2022-06-13 00:00:00-04:00,8.140388189964568,8.177559054735696,7.991705439855338,8.028876304626465,1003100,0.0,0.0
2022-06-14 00:00:00-04:00,8.095779802040944,8.125516337673902,7.761242889951495,7.828150272369385,1184200,0.0,0.0
2022-06-15 00:00:00-04:00,7.843019805068046,8.07347780573063,7.83558549305312,7.9842681884765625,775700,0.0,0.0
2022-06-16 00:00:00-04:00,7.880192705937538,7.880192705937538,7.694339111070852,7.738943576812744,1110900,0.0,0.0
2022-06-17 00:00:00-04:00,7.7909833696423325,7.820720629304226,7.508486492607271,7.575393199920654,1451500,0.0,0.0
2022-06-21 00:00:00-04:00,7.575392354342144,7.664602705419424,7.478749107129649,7.590260982513428,1175100,0.0,0.0
2022-06-22 00:00:00-04:00,7.545656649234053,7.597696144667074,7.501052177691798,7.575393199920654,573900,0.0,0.0
2022-06-23 00:00:00-04:00,7.582824585007895,7.76124382019043,7.582824585007895,7.76124382019043,485600,0.0,0.0
2022-06-24 00:00:00-04:00,7.783545305160625,7.932227973425775,7.753808771507595,7.917359352111816,313300,0.0,0.0
2022-06-27 00:00:00-04:00,7.961965468984512,8.11808246676754,7.924794620183796,8.110648155212402,490700,0.0,0.0
2022-06-28 00:00:00-04:00,8.118081915975011,8.162686364329588,8.036306621341675,8.132949829101562,484500,0.0,0.0
2022-06-29 00:00:00-04:00,8.09181850034088,8.151647047561651,8.046947446531574,8.054426193237305,280400,0.065,0.0
2022-06-30 00:00:00-04:00,8.054428330430683,8.248870803886039,8.024513335669996,8.106778144836426,439000,0.0,0.0
2022-07-01 00:00:00-04:00,8.106774948096136,8.226432027103652,8.061903186862093,8.129210472106934,369100,0.0,0.0
2022-07-05 00:00:00-04:00,8.159126826637134,8.203998599336584,8.031990969403434,8.19651985168457,359100,0.0,0.0
2022-07-06 00:00:00-04:00,8.136693769197558,8.174086805606727,8.024514659970052,8.076865196228027,288400,0.0,0.0
2022-07-07 00:00:00-04:00,8.159127033480418,8.189041311634202,8.054427416548501,8.099298477172852,353200,0.0,0.0
2022-07-08 00:00:00-04:00,8.106775562651546,8.151646614074707,8.054425764920357,8.151646614074707,240600,0.0,0.0
2022-07-11 00:00:00-04:00,8.151647740331398,8.248869316130685,8.129212211520056,8.218955039978027,428600,0.0,0.0
2022-07-12 00:00:00-04:00,8.203999680266122,8.346092338312838,8.174085398929302,8.271306991577148,490200,0.0,0.0
2022-07-13 00:00:00-04:00,8.196516596735435,8.286259393283606,8.189037852053334,8.233909606933594,392800,0.0,0.0
2022-07-14 00:00:00-04:00,8.189041928358778,8.189041928358778,8.06938480673215,8.121734619140625,285200,0.0,0.0
2022-07-15 00:00:00-04:00,8.181563687601182,8.241392965339468,8.121735123075645,8.166606903076172,269800,0.0,0.0
2022-07-18 00:00:00-04:00,8.21147453562149,8.226432027103652,8.121731726365852,8.129210472106934,253400,0.0,0.0
2022-07-19 00:00:00-04:00,8.204000473022461,8.22643600788985,8.151649940714826,8.204000473022461,260600,0.0,0.0
2022-07-20 00:00:00-04:00,8.226434472716713,8.233913220681131,8.15164841949786,8.174084663391113,253100,0.0,0.0
2022-07-21 00:00:00-04:00,8.151648078985122,8.263827154127428,8.14417004454574,8.19651985168457,275600,0.0,0.0
2022-07-22 00:00:00-04:00,8.241392272624152,8.353570643377399,8.196520496395241,8.211477279663086,432200,0.0,0.0
2022-07-25 00:00:00-04:00,8.233914531564063,8.361050414349224,8.204000248156541,8.30122184753418,402900,0.0,0.0
2022-07-26 00:00:00-04:00,8.30870246887207,8.346095513070155,8.263831386404767,8.30870246887207,251500,0.0,0.0
2022-07-27 00:00:00-04:00,8.338612116037105,8.47322671486944,8.323655334618289,8.38348388671875,413500,0.0,0.0
2022-07-28 00:00:00-04:00,8.387244344634661,8.477511285858503,8.349633956058936,8.432377815246582,463900,0.065,0.0
2022-07-29 00:00:00-04:00,8.432379939044411,8.54521256793422,8.402291190182304,8.439902305603027,379600,0.0,0.0
2022-08-01 00:00:00-04:00,8.424857144776748,8.560256866468501,8.387246031265448,8.507601737976074,409500,0.0,0.0
2022-08-02 00:00:00-04:00,8.545210856664342,8.635477085173884,8.52264447888001,8.537689208984375,395000,0.0,0.0
2022-08-03 00:00:00-04:00,8.552734157867741,8.567778889618847,8.469990285353537,8.545211791992188,309200,0.0,0.0
2022-08-04 00:00:00-04:00,8.567775596151765,8.575297241763693,8.485031038072412,8.522642135620117,340600,0.0,0.0
2022-08-05 00:00:00-04:00,8.492559592030878,8.5076043289662,8.34963817800802,8.3646821975708,450200,0.0,0.0
2022-08-08 00:00:00-04:00,8.409814834594727,8.477514709164412,8.364681345757448,8.409814834594727,355900,0.0,0.0
2022-08-09 00:00:00-04:00,8.4098127930937,8.545211791992188,8.364679315212674,8.545211791992188,339100,0.0,0.0
2022-08-10 00:00:00-04:00,8.597869246456627,8.650524382705221,8.545213392835604,8.567780494689941,497700,0.0,0.0
2022-08-11 00:00:00-04:00,8.612913263653756,8.733268270720501,8.545213392835604,8.567780494689941,529800,0.0,0.0
2022-08-12 00:00:00-04:00,8.552735004249422,8.612912502464447,8.530168621761879,8.582823753356934,296600,0.0,0.0
2022-08-15 00:00:00-04:00,8.605384094654564,8.718217362625298,8.582817728009163,8.612906455993652,252900,0.0,0.0
2022-08-16 00:00:00-04:00,8.612911751480544,8.68813397637667,8.582823004996555,8.680611610412598,280300,0.0,0.0
2022-08-17 00:00:00-04:00,8.725744451457222,8.76335484378575,8.612911122354886,8.650522232055664,556000,0.0,0.0
2022-08-18 00:00:00-04:00,8.62043527904018,8.725746264610853,8.612912912062475,8.688135147094727,229600,0.0,0.0
2022-08-19 00:00:00-04:00,8.650523618505122,8.710701116722324,8.590346120287919,8.665568351745605,287500,0.0,0.0
2022-08-22 00:00:00-04:00,8.643000615681387,8.650522981747915,8.545212008933474,8.552734375,313600,0.0,0.0
2022-08-23 00:00:00-04:00,8.59034174576403,8.703174318119622,8.439898076832577,8.515119552612305,500600,0.0,0.0
2022-08-24 00:00:00-04:00,8.590345259261378,8.650522751446877,8.545211781436107,8.635478019714355,317900,0.0,0.0
2022-08-25 00:00:00-04:00,8.650522232055664,8.665566962884876,8.597867108897923,8.650522232055664,230600,0.0,0.0
2022-08-26 00:00:00-04:00,8.650522134588389,8.665566865248088,8.54521117208722,8.597867012023926,310800,0.0,0.0
2022-08-29 00:00:00-04:00,8.590344743483318,8.67308861092723,8.55273363378254,8.650522232055664,264000,0.0,0.0
2022-08-30 00:00:00-04:00,8.616480353033818,8.66186965978552,8.548395671456243,8.563525199890137,368300,0.065,0.0
2022-08-31 00:00:00-04:00,8.616480080031975,8.646739857391042,8.563524928566107,8.601349830627441,297900,0.0,0.0
2022-09-01 00:00:00-04:00,8.55596154124269,8.593785726345242,8.49544125788842,8.578656196594238,339300,0.0,0.0
2022-09-02 00:00:00-04:00,8.616481171269376,8.677000733652033,8.533266231905653,8.555961608886719,304000,0.0,0.0
2022-09-06 00:00:00-04:00,8.533266762912556,8.571091672118001,8.366838316728808,8.412227630615234,515900,0.0,0.0
2022-09-07 00:00:00-04:00,8.381965307840366,8.49543927962443,8.359270657773537,8.442484855651855,449600,0.0,0.0
2022-09-08 00:00:00-04:00,8.427355329423943,8.480309753396515,8.404659957907196,8.442484855651855,232900,0.0,0.0
2022-09-09 00:00:00-04:00,8.457617899492467,8.472747430722338,8.397098331672678,8.465182304382324,332500,0.0,0.0
2022-09-12 00:00:00-04:00,8.487876180081804,8.586220640733334,8.465180805081431,8.540830612182617,432100,0.0,0.0
2022-09-13 00:00:00-04:00,8.465181486044903,8.563525954607545,8.419792175292969,8.419792175292969,362400,0.0,0.0
2022-09-14 00:00:00-04:00,8.472745930081555,8.54839573718274,8.434921026530962,8.540830612182617,301600,0.0,0.0
2022-09-15 00:00:00-04:00,8.525701048719732,8.540830577207997,8.450051241928332,8.472745895385742,332700,0.0,0.0
2022-09-16 00:00:00-04:00,8.412228023817264,8.495442250798712,8.397098492297987,8.48787784576416,358700,0.0,0.0
2022-09-19 00:00:00-04:00,8.397097510881682,8.654305288249427,8.397097510881682,8.578656196594238,518700,0.0,0.0
2022-09-20 00:00:00-04:00,8.5559588399917,8.563523241753957,8.480309050770256,8.495438575744629,281300,0.0,0.0
2022-09-21 00:00:00-04:00,8.503006603261865,8.563526166730268,8.397097727917211,8.404662132263184,357100,0.0,0.0
2022-09-22 00:00:00-04:00,8.374399621036032,8.419789639568284,8.336575447284003,8.359270095825195,549200,0.0,0.0
2022-09-23 00:00:00-04:00,8.32144823208912,8.336578484261707,8.177714443700184,8.276058197021484,752200,0.0,0.0
2022-09-26 00:00:00-04:00,8.185277386756054,8.260927191210547,8.056673152053417,8.102063179016113,866000,0.0,0.0
2022-09-27 00:00:00-04:00,8.117194881217943,8.192844705935151,7.943201294398639,7.996155738830566,706600,0.0,0.0
2022-09-28 00:00:00-04:00,7.996151602689167,8.09449603537118,7.988587201290415,8.056671142578125,753000,0.0,0.0
2022-09-29 00:00:00-04:00,8.05287087867752,8.060482462091827,7.900642839794122,7.931088447570801,745700,0.065,0.0
2022-09-30 00:00:00-04:00,7.9006415794697675,7.938698764589804,7.816916352910032,7.88541841506958,729000,0.0,0.0
2022-10-03 00:00:00-04:00,7.93869686126709,7.969142456887624,7.885416524520962,7.93869686126709,476800,0.0,0.0
2022-10-04 00:00:00-04:00,7.961532540236139,8.083314948167182,7.938698520219171,8.02242374420166,612400,0.0,0.0
2022-10-05 00:00:00-04:00,7.976753467401346,7.9919766284494935,7.8625826630613185,7.893028259277344,514700,0.0,0.0
2022-10-06 00:00:00-04:00,7.92347329789049,7.93108487787891,7.763633747534764,7.816914081573486,587600,0.0,0.0
2022-10-07 00:00:00-04:00,7.763634897882848,7.7940804964674735,7.664686521012732,7.710355281829834,739400,0.0,0.0
2022-10-10 00:00:00-04:00,7.710353113146443,7.725575545216993,7.588570753061544,7.6266279220581055,958800,0.0,0.0
2022-10-11 00:00:00-04:00,7.626628635246464,7.816913772143269,7.5809598830039455,7.740799427032471,1001900,0.0,0.0
2022-10-12 00:00:00-04:00,7.71035467490128,7.862582655841625,7.641851902008057,7.641851902008057,877500,0.0,0.0
2022-10-13 00:00:00-04:00,7.558128471093014,7.862584504560023,7.482014099786041,7.763636112213135,1176300,0.0,0.0
2022-10-14 00:00:00-04:00,7.809303218595841,7.85497125095893,7.6266296373829086,7.649463653564453,481800,0.0,0.0
2022-10-17 00:00:00-04:00,7.725577785000633,7.870194923938647,7.717966929698895,7.786468982696533,448300,0.0,0.0
2022-10-18 00:00:00-04:00,7.877808815431749,7.961534055347481,7.847363207655069,7.931088447570801,435900,0.0,0.0
2022-10-19 00:00:00-04:00,7.915860855405016,7.969141183638415,7.801690071539422,7.862581253051758,437700,0.0,0.0
2022-10-20 00:00:00-04:00,7.862585266845004,7.91586489639713,7.7484144246960165,7.839751243591309,489600,0.0,0.0
2022-10-21 00:00:00-04:00,7.816915394715846,7.976754246042245,7.7788582142608425,7.969143390655518,347500,0.0,0.0
2022-10-24 00:00:00-04:00,7.991977531217254,8.083314330182665,7.915863169139234,8.037646293640137,489200,0.0,0.0
2022-10-25 00:00:00-04:00,8.060479125206198,8.159427490987795,8.045255964679685,8.121370315551758,412400,0.0,0.0
2022-10-26 00:00:00-04:00,8.113759346950344,8.182262122723293,8.09092533031946,8.106147766113281,411000,0.0,0.0
2022-10-27 00:00:00-04:00,8.144207370766482,8.205098583843276,8.075704574584961,8.075704574584961,438000,0.0,0.0
2022-10-28 00:00:00-04:00,8.11782008117518,8.25566935453667,8.079528332325848,8.248011589050293,391400,0.065,0.0
2022-10-31 00:00:00-04:00,8.225037686034371,8.232696183350475,8.140796406620732,8.156112670898438,284200,0.0,0.0
2022-11-01 00:00:00-04:00,8.232696821771272,8.240355319681269,8.171430299200408,8.20206356048584,349300,0.0,0.0
2022-11-02 00:00:00-04:00,8.20206356048584,8.316938107717569,8.156113303380414,8.20206356048584,530000,0.0,0.0
2022-11-03 00:00:00-04:00,8.23269773240353,8.370547788613074,8.171431203055874,8.362889289855957,955600,0.0,0.0
2022-11-04 00:00:00-04:00,8.393523775791474,8.493082083055853,8.28630696865566,8.477765083312988,859800,0.0,0.0
2022-11-07 00:00:00-05:00,8.493080641557999,8.493080641557999,8.332255823327829,8.339914321899414,443300,0.0,0.0
2022-11-08 00:00:00-05:00,8.34757435417053,8.431816400597098,8.301624810987693,8.401183128356934,343000,0.0,0.0
2022-11-09 00:00:00-05:00,8.378205354048093,8.393522351191262,8.316938826184659,8.339914321899414,375400,0.0,0.0
2022-11-10 00:00:00-05:00,8.516053302508523,8.6309285616315,8.47776154946753,8.607953071594238,740600,0.0,0.0
2022-11-11 00:00:00-05:00,8.61561495710323,8.646248225514295,8.447131615664997,8.454790115356445,430400,0.0,0.0
2022-11-14 00:00:00-05:00,8.462448415087131,8.500740182284844,8.37820638118122,8.431815147399902,363100,0.0,0.0
2022-11-15 00:00:00-05:00,8.447131877693932,8.600298224500467,8.408840108403611,8.56966495513916,475000,0.0,0.0
2022-11-16 00:00:00-05:00,8.546687791770372,8.638587574113064,8.539029293986511,8.57732105255127,339700,0.0,0.0
2022-11-17 00:00:00-05:00,8.546688079833984,8.562005075917961,8.493080054249209,8.546688079833984,209600,0.0,0.0
2022-11-18 00:00:00-05:00,8.546686558870428,8.615611568273327,8.47776154946753,8.607953071594238,301500,0.0,0.0
2022-11-21 00:00:00-05:00,8.554348685635883,8.607956724429481,8.546690185706868,8.56966495513916,225000,0.0,0.0
2022-11-22 00:00:00-05:00,8.577321563471319,8.70751311213381,8.577321563471319,8.6921968460083,645000,0.0,0.0
2022-11-23 00:00:00-05:00,8.692197339922785,8.745805369940111,8.646247078226056,8.684538841247559,344500,0.0,0.0
2022-11-25 00:00:00-05:00,8.669221351288149,8.73814637473942,8.64624658692259,8.6921968460083,131000,0.0,0.0
2022-11-28 00:00:00-05:00,8.692198035509957,8.745806069817228,8.661564768712275,8.69985580444336,464600,0.0,0.0
2022-11-29 00:00:00-05:00,8.665194917171007,8.69600446971642,8.603575812080184,8.642087936401367,285700,0.065,0.0
2022-11-30 00:00:00-05:00,8.642090321674623,8.734519004821777,8.603578186723837,8.734519004821777,358100,0.0,0.0
2022-12-01 00:00:00-05:00,8.765324771442263,8.826943866866026,8.634384010027377,8.665193557739258,550700,0.0,0.0
2022-12-02 00:00:00-05:00,8.603576813823102,8.665195926088442,8.557362112345215,8.57276725769043,296300,0.0,0.0
2022-12-05 00:00:00-05:00,8.565063626421454,8.565063626421454,8.472634969447132,8.53425407409668,315400,0.0,0.0
2022-12-06 00:00:00-05:00,8.518846788813141,8.611275414578813,8.518846788813141,8.603572845458984,224000,0.0,0.0
2022-12-07 00:00:00-05:00,8.580466681790865,8.672895316272514,8.518847592136433,8.634383201599121,373000,0.0,0.0
2022-12-08 00:00:00-05:00,8.595870276339157,8.74991798594861,8.588167707219329,8.603572845458984,378200,0.0,0.0
2022-12-09 00:00:00-05:00,8.526551563437815,8.742219165813376,8.526551563437815,8.642087936401367,346300,0.0,0.0
2022-12-12 00:00:00-05:00,8.6806004578551,8.757623975463575,8.603576205688915,8.696004867553711,545300,0.0,0.0
2022-12-13 00:00:00-05:00,8.719111849380484,8.826945655501598,8.66519531359878,8.696004867553711,539200,0.0,0.0
2022-12-14 00:00:00-05:00,8.65749139059649,8.796134729039286,8.65749139059649,8.719110488891602,360900,0.0,0.0
2022-12-15 00:00:00-05:00,8.696003766292003,8.749920295245719,8.634384666185582,8.726813316345215,353000,0.0,0.0
2022-12-16 00:00:00-05:00,8.649791840248927,8.680602134713284,8.588172720435912,8.61128044128418,509400,0.0,0.0
2022-12-19 00:00:00-05:00,8.588172058289455,8.649791173351648,8.56506507378058,8.626684188842773,364000,0.0,0.0
2022-12-20 00:00:00-05:00,8.603573656771905,8.711407430945908,8.57276411194469,8.634383201599121,587400,0.0,0.0
2022-12-21 00:00:00-05:00,8.742219808576852,8.788433773513972,8.711410253766196,8.780731201171875,549500,0.0,0.0
2022-12-22 00:00:00-05:00,8.749921403335415,8.765326547591735,8.642088331772008,8.696004867553711,360200,0.0,0.0
2022-12-23 00:00:00-05:00,8.711408217478185,8.819241266830685,8.665193528786002,8.811538696289062,322400,0.0,0.0
2022-12-27 00:00:00-05:00,8.796136856079102,8.826946412676877,8.757624726692441,8.796136856079102,455200,0.0,0.0
2022-12-28 00:00:00-05:00,8.77302800870384,8.796134987604344,8.726813316345215,8.726813316345215,429000,0.0,0.0
2022-12-29 00:00:00-05:00,8.72294243869965,8.823651452220256,8.72294243869965,8.761676788330078,277300,0.065,0.0
2022-12-30 00:00:00-05:00,8.74618011740725,8.815901777973016,8.645471134234038,8.715192794799805,307600,0.0,0.0
2023-01-03 00:00:00-05:00,8.76942125783887,8.83139590894192,8.69969959064891,8.777168273925781,459400,0.0,0.0
2023-01-04 00:00:00-05:00,8.761677109827517,8.77717040697043,8.722942758775785,8.75393009185791,304800,0.0,0.0
2023-01-05 00:00:00-05:00,8.715193113962217,8.808155085188952,8.684205790219972,8.707446098327637,449500,0.0,0.0
2023-01-06 00:00:00-05:00,8.753929102031895,8.846891090766857,8.738435067844629,8.83139705657959,397900,0.0,0.0
2023-01-09 00:00:00-05:00,8.846891403198242,8.854638420565465,8.800410037791147,8.846891403198242,377300,0.0,0.0
2023-01-10 00:00:00-05:00,8.846891810661392,8.893372439413014,8.792664164185739,8.87787914276123,426600,0.0,0.0
2023-01-11 00:00:00-05:00,8.877876382847319,8.916610720629631,8.846889060380677,8.893369674682617,391600,0.0,0.0
2023-01-12 00:00:00-05:00,8.870128304517104,9.001824593916584,8.839140985764047,8.978584289550781,551900,0.0,0.0
2023-01-13 00:00:00-05:00,8.939851299689716,9.102534932286682,8.924358007383182,9.087040901184082,688400,0.0,0.0
2023-01-17 00:00:00-05:00,9.102537519176924,9.172259201361001,9.009575522530243,9.017322540283203,665700,0.0,0.0
2023-01-18 00:00:00-05:00,9.017321818100422,9.079296477568091,8.970840454101562,8.970840454101562,509000,0.0,0.0
2023-01-19 00:00:00-05:00,8.939850286056062,8.994077911174497,8.839141311696121,8.870128631591797,395600,0.0,0.0
2023-01-20 00:00:00-05:00,8.870134505272114,8.97859056612307,8.862387485469231,8.947603225708008,520500,0.0,0.0
2023-01-23 00:00:00-05:00,8.986334897490373,9.056055838468547,8.955347566345768,9.00182819366455,390100,0.0,0.0
2023-01-24 00:00:00-05:00,9.001827428773488,9.07929611945056,8.939852771750306,9.056055068969727,366100,0.0,0.0
2023-01-25 00:00:00-05:00,8.978585638650149,9.094787916735383,8.947598315241017,9.087040901184082,406200,0.0,0.0
2023-01-26 00:00:00-05:00,9.094789728074808,9.12577705765545,9.02506805181931,9.071549415588379,443100,0.0,0.0
2023-01-27 00:00:00-05:00,9.04830879093897,9.118030464789097,9.03281475728508,9.056055068969727,474300,0.0,0.0
2023-01-30 00:00:00-05:00,9.052159779059888,9.052159779059888,8.927517421257495,8.989838600158691,591700,0.065,0.0
2023-01-31 00:00:00-05:00,8.958678010708093,9.005419266347518,8.927517421257495,8.989838600158691,361700,0.0,0.0
2023-02-01 00:00:00-05:00,9.005422362445122,9.028792626836092,8.8807792188629,8.997632026672363,794200,0.0,0.0
2023-02-02 00:00:00-05:00,8.98983762037607,8.997627952621432,8.84182502234906,8.904146194458008,645500,0.0,0.0
2023-02-03 00:00:00-05:00,8.77950550235434,8.935308461945482,8.77950550235434,8.896357536315918,568300,0.0,0.0
2023-02-06 00:00:00-05:00,8.826242222996216,8.904144040753255,8.826242222996216,8.857402801513672,345500,0.0,0.0
2023-02-07 00:00:00-05:00,8.86519599272521,8.950887425569645,8.818454738401952,8.935307502746582,299300,0.0,0.0
2023-02-08 00:00:00-05:00,8.943095896588224,8.950886228421343,8.834034222632276,8.849614143371582,337700,0.0,0.0
2023-02-09 00:00:00-05:00,8.904144992359225,8.935305574206883,8.810663246816247,8.818452835083008,496500,0.0,0.0
2023-02-10 00:00:00-05:00,8.834033054365344,8.927514795219382,8.818452392759585,8.919724464416504,457200,0.0,0.0
2023-02-13 00:00:00-05:00,8.927518117242528,9.083321076641843,8.919727783540784,8.974259376525879,519200,0.0,0.0
2023-02-14 00:00:00-05:00,8.966468091319744,9.013208602715968,8.919726836996485,8.935307502746582,324800,0.0,0.0
2023-02-15 00:00:00-05:00,8.950887444602495,9.059949876303982,8.927517188854688,9.02099895477295,258100,0.0,0.0
2023-02-16 00:00:00-05:00,8.974259397549407,9.02099991401514,8.91193747071657,8.982048988342285,310400,0.0,0.0
2023-02-17 00:00:00-05:00,8.9898407264085,9.052161920049716,8.958680129587894,9.036581993103027,309600,0.0,0.0
2023-02-21 00:00:00-05:00,9.028789525164969,9.036579858261506,8.927517423691155,8.950887680053711,561100,0.0,0.0
2023-02-22 00:00:00-05:00,8.943097092694597,8.982048014142807,8.896356581298372,8.935307502746582,348600,0.0,0.0
2023-02-23 00:00:00-05:00,8.989835955788742,9.0054166173945,8.795082143277785,8.919724464416504,599000,0.0,0.0
2023-02-24 00:00:00-05:00,8.849616266079314,9.036580560285605,8.826246007901196,8.974259376525879,606400,0.0,0.0
2023-02-27 00:00:00-05:00,9.009513525406891,9.072188342333954,8.962507039140219,8.97817611694336,385700,0.065,0.0
2023-02-28 00:00:00-05:00,8.970341473831526,9.072188236940516,8.899832118822014,8.986010551452637,367000,0.0,0.0
2023-03-01 00:00:00-05:00,8.946834729957217,8.946834729957217,8.829319687261831,8.89199447631836,474700,0.0,0.0
2023-03-02 00:00:00-05:00,8.852824371118261,8.954671111113393,8.797983359033145,8.93900203704834,527900,0.0,0.0
2023-03-03 00:00:00-05:00,8.978174750337834,9.025181229449455,8.915499942950765,8.993843078613281,411100,0.0,0.0
2023-03-06 00:00:00-05:00,8.970340810480216,9.017347292724706,8.91550053714722,8.923335075378418,401300,0.0,0.0
2023-03-07 00:00:00-05:00,8.89199700273613,8.962505600100998,8.821487658228628,8.8606595993042,323300,0.0,0.0
2023-03-08 00:00:00-05:00,8.891996074818433,8.923333474980172,8.829321274494957,8.899829864501953,371300,0.0,0.0
2023-03-09 00:00:00-05:00,8.87632759106229,8.962505260448562,8.81365278657362,8.82932186126709,406600,0.0,0.0
2023-03-10 00:00:00-05:00,8.852826038943222,8.860660577451736,8.633464190703881,8.664801597595215,1081800,0.0,0.0
2023-03-13 00:00:00-04:00,8.531617961420377,8.797985562969462,8.492446013587559,8.68047046661377,927700,0.0,0.0
2023-03-14 00:00:00-04:00,8.750980259311685,8.837157951123576,8.617796078329713,8.703973770141602,563800,0.0,0.0
2023-03-15 00:00:00-04:00,8.641298311127127,8.735310535381082,8.570788956150976,8.696139335632324,493200,0.0,0.0
2023-03-16 00:00:00-04:00,8.69613892125222,8.76664752572582,8.656966976227304,8.711807250976562,356500,0.0,0.0
2023-03-17 00:00:00-04:00,8.664801910441527,8.74314505692712,8.594292555604577,8.641298294067383,444300,0.0,0.0
2023-03-20 00:00:00-04:00,8.641296902311296,8.688303380346042,8.602124961806112,8.617794036865234,439500,0.0,0.0
2023-03-21 00:00:00-04:00,8.656964265216027,8.680467126013747,8.54728300292254,8.602123260498047,513200,0.0,0.0
2023-03-22 00:00:00-04:00,8.633461302670522,8.672632487824254,8.570785762711125,8.609957695007324,339700,0.0,0.0
2023-03-23 00:00:00-04:00,8.656967596771183,8.68047046661377,8.617795648938365,8.68047046661377,427000,0.0,0.0
2023-03-24 00:00:00-04:00,8.664802567499796,8.711808309527083,8.578624128545108,8.703973770141602,437200,0.0,0.0
2023-03-27 00:00:00-04:00,8.696139631534349,8.703973423465014,8.625630274158988,8.633464813232422,428400,0.0,0.0
2023-03-28 00:00:00-04:00,8.66479994000025,8.688302803886923,8.53944958927199,8.547284126281738,562100,0.0,0.0
2023-03-29 00:00:00-04:00,8.570789247787724,8.649133144236519,8.570789247787724,8.633464813232422,404600,0.0,0.0
2023-03-30 00:00:00-04:00,8.629519692886248,8.676805063816177,8.629519692886248,8.653162002563477,281500,0.065,0.0
2023-03-31 00:00:00-04:00,8.653165427641481,8.708331840824831,8.653165427641481,8.68468952178955,330300,0.0,0.0
2023-04-03 00:00:00-04:00,8.692568033576983,8.747734435589589,8.511309038383672,8.542832374572754,782400,0.0,0.0
2023-04-04 00:00:00-04:00,8.574358000868514,8.582239024914616,8.440383598388083,8.487668991088867,650200,0.0,0.0
2023-04-05 00:00:00-04:00,8.511309339055861,8.558593969222061,8.46402395731402,8.4955472946167,439100,0.0,0.0
2023-04-06 00:00:00-04:00,8.495549263559148,8.52707260816773,8.487668991088867,8.487668991088867,326400,0.0,0.0
2023-04-10 00:00:00-04:00,8.550715164512011,8.574357483648349,8.487668479097932,8.534953117370605,561600,0.0,0.0
2023-04-11 00:00:00-04:00,8.51131131165135,8.550715680306032,8.479787967042766,8.487668991088867,501600,0.0,0.0
2023-04-12 00:00:00-04:00,8.503429864128844,8.519191911436083,8.456144473782903,8.464025497436523,407400,0.0,0.0
2023-04-13 00:00:00-04:00,8.471905424478411,8.471905424478411,8.41673976919533,8.456143379211426,386100,0.0,0.0
2023-04-14 00:00:00-04:00,8.479787967042766,8.495549263559148,8.424621550295882,8.487668991088867,295600,0.0,0.0
2023-04-17 00:00:00-04:00,8.479786222204533,8.503428537902268,8.432500839233398,8.432500839233398,325200,0.0,0.0
2023-04-18 00:00:00-04:00,8.432501941920265,8.448263988830343,8.353693962097168,8.353693962097168,540400,0.0,0.0
2023-04-19 00:00:00-04:00,8.330051342879825,8.361574686831492,8.28276670274023,8.314290046691895,443300,0.0,0.0
2023-04-20 00:00:00-04:00,8.314289535739897,8.361574172973633,8.314289535739897,8.361574172973633,360900,0.0,0.0
2023-04-21 00:00:00-04:00,8.337932507697019,8.393098172650944,8.290647866758173,8.322171211242676,381200,0.0,0.0
2023-04-24 00:00:00-04:00,8.416740585180667,8.416740585180667,8.314289535739897,8.361574172973633,642400,0.0,0.0
2023-04-25 00:00:00-04:00,8.345815089312131,8.38521946516585,8.274887363090631,8.2906494140625,493600,0.0,0.0
2023-04-26 00:00:00-04:00,8.290645313439503,8.314287626627664,8.274883270263672,8.274883270263672,538900,0.0,0.0
2023-04-27 00:00:00-04:00,8.29470648236691,8.342286393239219,8.286776371178687,8.310565948486328,445700,0.065,0.0
2023-04-28 00:00:00-04:00,8.294711219014964,8.865666694238424,8.294711219014964,8.627768516540527,1864700,0.0,0.0
2023-05-01 00:00:00-04:00,8.580187319195034,8.746715943516625,8.572257960899604,8.635697364807129,803200,0.0,0.0
2023-05-02 00:00:00-04:00,8.635697419331422,8.667417121485459,8.445378450149855,8.485028266906738,558300,0.0,0.0
2023-05-03 00:00:00-04:00,8.50881643222136,8.54053688533072,8.41365734166496,8.453307151794434,419800,0.0,0.0
2023-05-04 00:00:00-04:00,8.421590222519363,8.445379813912101,8.342291332457744,8.374011039733887,390000,0.0,0.0
2023-05-05 00:00:00-04:00,8.461237087652282,8.485026670728244,8.381937469056131,8.477096557617188,387800,0.0,0.0
2023-05-08 00:00:00-04:00,8.445376772691478,8.469167111774677,8.294708406450571,8.334358215332031,598000,0.0,0.0
2023-05-09 00:00:00-04:00,8.326427616527473,8.366077423095703,8.3026380350894,8.366077423095703,493500,0.0,0.0
2023-05-10 00:00:00-04:00,8.39780044555664,8.437450267840028,8.350220507565083,8.39780044555664,411300,0.0,0.0
2023-05-11 00:00:00-04:00,8.397800631126625,8.429520338402767,8.334361216574338,8.374011039733887,384400,0.0,0.0
2023-05-12 00:00:00-04:00,8.381937007300001,8.4453763961792,8.350217312860401,8.4453763961792,349100,0.0,0.0
2023-05-15 00:00:00-04:00,8.485026714308896,8.485026714308896,8.389867625259084,8.437447547912598,365300,0.0,0.0
2023-05-16 00:00:00-04:00,8.381938026625601,8.405728367541315,8.310568516392982,8.342288970947266,543900,0.0,0.0
2023-05-17 00:00:00-04:00,8.342289103557116,8.381938159865717,8.318498762263228,8.358148574829102,376900,0.0,0.0
2023-05-18 00:00:00-04:00,8.318501442658215,8.334361675297973,8.025093945140366,8.175763130187988,1253500,0.0,0.0
2023-05-19 00:00:00-04:00,8.207479948095992,8.223339418891678,8.136110438872283,8.151969909667969,562300,0.0,0.0
2023-05-22 00:00:00-04:00,8.136110947379267,8.199550347041471,8.128180833357167,8.144041061401367,447600,0.0,0.0
2023-05-23 00:00:00-04:00,8.151968486868103,8.183688179180542,8.112318682413274,8.120248794555664,388400,0.0,0.0
2023-05-24 00:00:00-04:00,8.088531032585037,8.096461146619962,8.033021746855162,8.056811332702637,519500,0.0,0.0
2023-05-25 00:00:00-04:00,8.072670001217475,8.072670001217475,7.985440276199766,8.009230613708496,643700,0.0,0.0
2023-05-26 00:00:00-04:00,8.017160393986748,8.19954920991458,7.985440698554585,8.080599784851074,783300,0.0,0.0
2023-05-30 00:00:00-04:00,8.11651451963509,8.132475804208246,8.052667859118001,8.092572212219238,661100,0.065,0.0
2023-05-31 00:00:00-04:00,8.068630138253614,8.16440014083413,8.052668851713022,8.132476806640625,442900,0.0,0.0
2023-06-01 00:00:00-04:00,8.140455954046397,8.140455954046397,8.06862827838961,8.10055160522461,485400,0.0,0.0
2023-06-02 00:00:00-04:00,8.140460238938408,8.220268978590887,8.116517921487684,8.180364608764648,467100,0.0,0.0
2023-06-05 00:00:00-04:00,8.188343127688102,8.236227747927318,8.092573126097356,8.124496459960938,480100,0.0,0.0
2023-06-06 00:00:00-04:00,8.14045774633657,8.14045774633657,8.100553388729015,8.124496459960938,434100,0.0,0.0
2023-06-07 00:00:00-04:00,8.132475110547535,8.204302787780762,8.108532805173846,8.204302787780762,476700,0.0,0.0
2023-06-08 00:00:00-04:00,8.22026538848877,8.244207695482979,8.140456683691783,8.22026538848877,536500,0.0,0.0
2023-06-09 00:00:00-04:00,8.260170778856827,8.260170778856827,8.15641975402832,8.15641975402832,445800,0.0,0.0
2023-06-12 00:00:00-04:00,8.172381442272556,8.21228580164805,8.116515795814273,8.140458106994629,662600,0.0,0.0
2023-06-13 00:00:00-04:00,8.140456839580988,8.220265545906306,8.140456839580988,8.164399147033691,607700,0.0,0.0
2023-06-14 00:00:00-04:00,8.196324111441179,8.220266421443968,8.140457706618252,8.15641975402832,463400,0.0,0.0
2023-06-15 00:00:00-04:00,8.140456132709485,8.220264832104665,8.140456132709485,8.204302787780762,368900,0.0,0.0
2023-06-16 00:00:00-04:00,8.228247445149002,8.228247445149002,8.148438730323287,8.15641975402832,453200,0.0,0.0
2023-06-20 00:00:00-04:00,8.156418278031099,8.164398539179702,8.036705227455972,8.108532905578613,745100,0.0,0.0
2023-06-21 00:00:00-04:00,8.03670593409371,8.08459131075658,8.012763626318396,8.068629264831543,680400,0.0,0.0
2023-06-22 00:00:00-04:00,8.0446868723948,8.124495578955605,8.0446868723948,8.060648918151855,487100,0.0,0.0
2023-06-23 00:00:00-04:00,8.07661247253418,8.180363515775065,8.052670158282421,8.07661247253418,465100,0.0,0.0
2023-06-26 00:00:00-04:00,8.100553747619134,8.180362466370124,8.076611436438776,8.140458106994629,431000,0.0,0.0
2023-06-27 00:00:00-04:00,8.140459335720719,8.188344726421635,8.124498046228723,8.14844036102295,358300,0.0,0.0
2023-06-28 00:00:00-04:00,8.196322526730976,8.212283809942713,8.156418177033387,8.204302787780762,327200,0.0,0.0
2023-06-29 00:00:00-04:00,8.176194068018413,8.272573471069336,8.13603579192501,8.272573471069336,430300,0.065,0.0
2023-06-30 00:00:00-04:00,8.248477604507208,8.433204575161733,8.240445797273022,8.41714096069336,434900,0.0,0.0
2023-07-03 00:00:00-04:00,8.41714210597684,8.457300381656639,8.360920979598362,8.376984596252441,256500,0.0,0.0
2023-07-05 00:00:00-04:00,8.360920101520605,8.368951909004132,8.200287781626685,8.232414245605469,598800,0.0,0.0
2023-07-06 00:00:00-04:00,8.184226027269396,8.224384307861328,8.144068512632959,8.224384307861328,364700,0.0,0.0
2023-07-07 00:00:00-04:00,8.176194108685692,8.360921107296582,8.16013049178627,8.240447044372559,506800,0.0,0.0
2023-07-10 00:00:00-04:00,8.27257338972739,8.344858132793679,8.264541581396603,8.33682632446289,498500,0.0,0.0
2023-07-11 00:00:00-04:00,8.240447873454023,8.352890139241289,8.240447873454023,8.296669006347656,611600,0.0,0.0
2023-07-12 00:00:00-04:00,8.320762752684539,8.336826369432764,8.264541625976562,8.264541625976562,390500,0.0,0.0
2023-07-13 00:00:00-04:00,8.288636404709266,8.29666821319924,8.200288809185809,8.208320617675781,725900,0.0,0.0
2023-07-14 00:00:00-04:00,8.232418165460711,8.240449976768573,8.160133395601317,8.16816520690918,561300,0.0,0.0
2023-07-17 00:00:00-04:00,8.17619316215894,8.208319626283215,8.128003082994866,8.16012954711914,567700,0.0,0.0
2023-07-18 00:00:00-04:00,8.160127600281411,8.216348707596868,8.103906492965955,8.152095794677734,669500,0.0,0.0
2023-07-19 00:00:00-04:00,8.160127600281411,8.192254056740978,8.144064755029198,8.152095794677734,422300,0.0,0.0
2023-07-20 00:00:00-04:00,8.144068512632959,8.240447926480298,8.136036703323473,8.224384307861328,411100,0.0,0.0
2023-07-21 00:00:00-04:00,8.248480657269912,8.328796461470771,8.216353416442871,8.216353416442871,498200,0.0,0.0
2023-07-24 00:00:00-04:00,8.232413220041522,8.272571486501061,8.200286760064934,8.256507873535156,585100,0.0,0.0
2023-07-25 00:00:00-04:00,8.232415240444086,8.280605325213408,8.192256964128886,8.200288772583008,445100,0.0,0.0
2023-07-26 00:00:00-04:00,8.216351623535841,8.256509899851041,8.184225155674763,8.200288772583008,385900,0.0,0.0
2023-07-27 00:00:00-04:00,8.248479744661273,8.248479744661273,8.152099564754778,8.184226036071777,651100,0.0,0.0
2023-07-28 00:00:00-04:00,8.204432408150018,8.244848487036352,8.204432408150018,8.228682518005371,408800,0.065,0.0
2023-07-31 00:00:00-04:00,8.228684214440033,8.28526627402237,8.21251747120351,8.236766815185547,367300,0.0,0.0
2023-08-01 00:00:00-04:00,8.244850753639529,8.244850753639529,8.164019344517973,8.180185317993164,582700,0.0,0.0
2023-08-02 00:00:00-04:00,8.172100937799804,8.196351051330566,8.147851595141745,8.196351051330566,380600,0.0,0.0
2023-08-03 00:00:00-04:00,8.164018630981445,8.188267974511236,8.164018630981445,8.164018630981445,378400,0.0,0.0
2023-08-04 00:00:00-04:00,8.164017038358335,8.188266377157605,8.099351620978563,8.123600959777832,428600,0.0,0.0
2023-08-07 00:00:00-04:00,8.131684382595802,8.139766981666446,8.09935167369547,8.107434272766113,515400,0.0,0.0
2023-08-08 00:00:00-04:00,8.107434272766113,8.131684382595802,8.09935167369547,8.107434272766113,428000,0.0,0.0
2023-08-09 00:00:00-04:00,8.155933145592101,8.196349221581535,8.123600438975059,8.172099113464355,563400,0.0,0.0
2023-08-10 00:00:00-04:00,8.172099637376371,8.236765054756143,8.099351620978563,8.123600959777832,756500,0.0,0.0
2023-08-11 00:00:00-04:00,8.123603551109523,8.204434963182196,8.123603551109523,8.147852897644043,439800,0.0,0.0
2023-08-14 00:00:00-04:00,8.123601886145611,8.147851227710133,8.09935254458109,8.131685256958008,478900,0.0,0.0
2023-08-15 00:00:00-04:00,8.107435144520817,8.139767856897736,8.09935254458109,8.131685256958008,487600,0.0,0.0
2023-08-16 00:00:00-04:00,8.139768178146145,8.139768178146145,8.083186121971607,8.091269493103027,632000,0.0,0.0
2023-08-17 00:00:00-04:00,8.09126756005999,8.107433527588002,8.083184190859727,8.099350929260254,550600,0.0,0.0
2023-08-18 00:00:00-04:00,8.08318488119733,8.139766928686484,8.08318488119733,8.123600959777832,543300,0.0,0.0
2023-08-21 00:00:00-04:00,8.115518835624586,8.123602206756006,8.067019379708768,8.091269493103027,550800,0.0,0.0
2023-08-22 00:00:00-04:00,8.107433527588002,8.13976623351654,8.0670174524592,8.099350929260254,463100,0.0,0.0
2023-08-23 00:00:00-04:00,8.099354204575006,8.164019642582273,8.09127083210589,8.147852897644043,368400,0.0,0.0
2023-08-24 00:00:00-04:00,8.139768544485145,8.22060071769188,8.139768544485145,8.155935287475586,263800,0.0,0.0
2023-08-25 00:00:00-04:00,8.17210035833188,8.204433069874208,8.131685047058456,8.13976764678955,344100,0.0,0.0
2023-08-28 00:00:00-04:00,8.147851017393295,8.204433069874208,8.13976764678955,8.13976764678955,302000,0.0,0.0
2023-08-29 00:00:00-04:00,8.164018337495587,8.228683765165545,8.147851595141745,8.196351051330566,503500,0.0,0.0
2023-08-30 00:00:00-04:00,8.224824536680682,8.298042685884178,8.200418745561555,8.2085542678833,341900,0.065,0.0
2023-08-31 00:00:00-04:00,8.200417243854384,8.241094072168034,8.176011457204583,8.192281723022461,331700,0.0,0.0
2023-09-01 00:00:00-04:00,8.200417276473496,8.216688318202067,8.14347018211545,8.159740447998047,369300,0.0,0.0
2023-09-05 00:00:00-04:00,8.15161029848692,8.159745048091235,8.070256595672502,8.086526870727539,772500,0.0,0.0
2023-09-06 00:00:00-04:00,8.119065228475888,8.135336273428887,8.078389167785645,8.078389167785645,516500,0.0,0.0
2023-09-07 00:00:00-04:00,8.094658138554859,8.176011798578928,8.094658138554859,8.135334968566895,467200,0.0,0.0
2023-09-08 00:00:00-04:00,8.143472671508789,8.192284259923857,8.135337148157541,8.143472671508789,392200,0.0,0.0
2023-09-11 00:00:00-04:00,8.176011392535864,8.232958486216964,8.135334564543951,8.151605606079102,579000,0.0,0.0
2023-09-12 00:00:00-04:00,8.135334564543951,8.200417178992625,8.135334564543951,8.151605606079102,491400,0.0,0.0
2023-09-13 00:00:00-04:00,8.159742942365074,8.192284259923857,8.143472671508789,8.143472671508789,450600,0.0,0.0
2023-09-14 00:00:00-04:00,8.184149155817002,8.200419425964355,8.15160783967612,8.200419425964355,314300,0.0,0.0
2023-09-15 00:00:00-04:00,8.200419783275105,8.208555306626351,8.143472671508789,8.143472671508789,271400,0.0,0.0
2023-09-18 00:00:00-04:00,8.143472671508789,8.17601398906757,8.135337148157541,8.143472671508789,322000,0.0,0.0
2023-09-19 00:00:00-04:00,8.135336234275973,8.159742025741886,8.110930442810059,8.110930442810059,398300,0.0,0.0
2023-09-20 00:00:00-04:00,8.11906177179322,8.13533280981884,8.086520471587777,8.094655990600586,481900,0.0,0.0
2023-09-21 00:00:00-04:00,8.078385728420763,8.127197290806029,8.078385728420763,8.094655990600586,361900,0.0,0.0
2023-09-22 00:00:00-04:00,8.086523875498024,8.119065189401281,8.086523875498024,8.110930442810059,352200,0.0,0.0
2023-09-25 00:00:00-04:00,8.086521699372097,8.127198524766351,8.086521699372097,8.102792739868164,344400,0.0,0.0
2023-09-26 00:00:00-04:00,8.127203722134748,8.176016098992681,8.062121070221778,8.086526870727539,712300,0.0,0.0
2023-09-27 00:00:00-04:00,8.08652364074863,8.102794685150977,8.013306268476368,8.070253372192383,630600,0.0,0.0
2023-09-28 00:00:00-04:00,8.04159102838896,8.057969389561494,7.894189682652367,7.902378082275391,817300,0.065,0.0
2023-09-29 00:00:00-04:00,7.918757355280312,7.967890882529076,7.779544393136591,7.795922756195068,1024800,0.0,0.0
2023-10-02 00:00:00-04:00,7.845054124273034,7.845054124273034,7.419226954475104,7.484738826751709,2525800,0.0,0.0
2023-10-03 00:00:00-04:00,7.468361389336297,7.468361389336297,7.2554473876953125,7.2554473876953125,1908900,0.0,0.0
2023-10-04 00:00:00-04:00,7.312771188825402,7.574818721722704,7.296392827537695,7.5502519607543945,1118000,0.0,0.0
2023-10-05 00:00:00-04:00,7.5584398191185596,7.574818179233289,7.460172001319765,7.525683879852295,507400,0.0,0.0
2023-10-06 00:00:00-04:00,7.419226684871319,7.853243018173089,7.402848326915773,7.779541969299316,1584800,0.0,0.0
2023-10-09 00:00:00-04:00,7.73859841595868,7.95970160716822,7.73859841595868,7.918756484985352,632100,0.0,0.0
2023-10-10 00:00:00-04:00,7.951510393587891,8.090723304839331,7.926943638944415,8.00064468383789,714400,0.0,0.0
2023-10-11 00:00:00-04:00,8.057968139648438,8.164425127867089,8.000645446362673,8.057968139648438,768300,0.0,0.0
2023-10-12 00:00:00-04:00,8.041589110561368,8.05796746782785,7.861431866408406,7.910565376281738,720600,0.0,0.0
2023-10-13 00:00:00-04:00,7.91875439244249,8.00883301267079,7.91875439244249,7.976077079772949,327200,0.0,0.0
2023-10-16 00:00:00-04:00,8.000645115920634,8.066156985816633,7.976077578987315,7.984266757965088,450500,0.0,0.0
2023-10-17 00:00:00-04:00,7.8941903435611405,7.94332386926576,7.804110911497156,7.836866855621338,650600,0.0,0.0
2023-10-18 00:00:00-04:00,7.7959227704196525,7.861434660846428,7.714032516904515,7.730410099029541,592500,0.0,0.0
2023-10-19 00:00:00-04:00,7.7058433458512665,7.730410109553919,7.566630383264006,7.574819564819336,680200,0.0,0.0
2023-10-20 00:00:00-04:00,7.5584407972697205,7.714032114642221,7.4601729667539125,7.533874034881592,501800,0.0,0.0
2023-10-23 00:00:00-04:00,7.517496658483642,7.583008547279565,7.4601731700647225,7.476551532745361,449800,0.0,0.0
2023-10-24 00:00:00-04:00,7.4847403991998895,7.5666298662680145,7.476551218204092,7.558440685272217,452700,0.0,0.0
2023-10-25 00:00:00-04:00,7.517494762890011,7.558439097340549,7.460171288925642,7.484738826751709,404900,0.0,0.0
2023-10-26 00:00:00-04:00,7.4765508968862155,7.5584403604349975,7.460172535598509,7.5502519607543945,433200,0.0,0.0
2023-10-27 00:00:00-04:00,7.574818222013516,7.5911965822207454,7.525683922355026,7.542062282562256,380500,0.0,0.0
2023-10-30 00:00:00-04:00,7.6039153757683975,7.645151515476526,7.422476832961001,7.488454341888428,407100,0.065,0.0
2023-10-31 00:00:00-04:00,7.5131966003193345,7.562680131128417,7.381241566847168,7.43072509765625,956300,0.0,0.0
2023-11-01 00:00:00-04:00,7.471961836571731,7.579174719910151,7.447219675942156,7.554433345794678,462000,0.0,0.0
2023-11-02 00:00:00-04:00,7.603918246660481,7.9008171489293595,7.595670858302229,7.859580993652344,823500,0.0,0.0
2023-11-03 00:00:00-04:00,7.9173084247965715,8.016274681792291,7.71112852609368,7.7276225090026855,606600,0.0,0.0
2023-11-06 00:00:00-05:00,7.752364242621271,7.793600381611434,7.554431719285206,7.5791730880737305,585700,0.0,0.0
2023-11-07 00:00:00-05:00,7.587422309655182,7.603917083849261,7.4389732744790855,7.52969217300415,804700,0.0,0.0
2023-11-08 00:00:00-05:00,7.570927304241844,7.579173903716199,7.40598273053047,7.463713645935059,957300,0.0,0.0
2023-11-09 00:00:00-05:00,7.496703136581465,7.504950523376464,7.36474809391786,7.504950523376465,791200,0.0,0.0
2023-11-10 00:00:00-05:00,7.47196123146498,7.628657636858601,7.4224777007272875,7.438972473144531,743000,0.0,0.0
2023-11-13 00:00:00-05:00,7.4142295998672525,7.620409516125056,7.3812408447265625,7.3812408447265625,852200,0.0,0.0
2023-11-14 00:00:00-05:00,7.620410792450072,7.620410792450072,7.455466989120565,7.504950523376465,807600,0.0,0.0
2023-11-15 00:00:00-05:00,7.513196657102685,7.603916333185971,7.4637139124336604,7.496702671051025,569500,0.0,0.0
2023-11-16 00:00:00-05:00,7.471961975097656,7.53793949830484,7.463714588068228,7.471961975097656,565700,0.0,0.0
2023-11-17 00:00:00-05:00,7.447219072839115,7.488455217368185,7.389488942406839,7.438972473144531,780400,0.0,0.0
2023-11-20 00:00:00-05:00,7.422477512960845,7.471961042446753,7.40598274096087,7.455466270446777,581700,0.0,0.0
2023-11-21 00:00:00-05:00,7.447219083583251,7.480207841951293,7.42247771143573,7.43072509765625,485000,0.0,0.0
2023-11-22 00:00:00-05:00,7.4967033496718205,7.521444724245985,7.438973213494064,7.471961975097656,442000,0.0,0.0
2023-11-24 00:00:00-05:00,7.521446718592482,7.546188099726939,7.480210559025504,7.513199329376221,151100,0.0,0.0
2023-11-27 00:00:00-05:00,7.521443096352141,7.546184465571439,7.471960357913544,7.488454341888428,542400,0.0,0.0
2023-11-28 00:00:00-05:00,7.471961298716513,7.579174174337414,7.471961298716513,7.496702671051025,593700,0.0,0.0
2023-11-29 00:00:00-05:00,7.525775573561171,7.567307915673677,7.45932208338814,7.4842424392700195,704900,0.065,0.0
2023-11-30 00:00:00-05:00,7.509162143840981,7.575614843081981,7.484242579670272,7.5174689292907715,618200,0.0,0.0
2023-12-01 00:00:00-05:00,7.492551834039516,7.534084190616742,7.475938257665488,7.500857830047607,734300,0.0,0.0
2023-12-04 00:00:00-05:00,7.475935850293002,7.517468985674808,7.401176365041485,7.417789936065674,1435100,0.0,0.0
2023-12-05 00:00:00-05:00,7.401177328196759,7.417790901382963,7.309805052208952,7.343031406402588,1355700,0.0,0.0
2023-12-06 00:00:00-05:00,7.343032863390649,7.392872008480689,7.235046992790324,7.26827335357666,1271900,0.0,0.0
2023-12-07 00:00:00-05:00,7.26827131315534,7.309804450523397,7.0689132044031115,7.160285472869873,2096600,0.0,0.0
2023-12-08 00:00:00-05:00,7.110446258773817,7.185204954549246,7.068913121890559,7.102139472961426,1639100,0.0,0.0
2023-12-11 00:00:00-05:00,7.093833746035083,7.151979671043781,6.9360087529348355,7.010767459869385,2105400,0.0,0.0
2023-12-12 00:00:00-05:00,6.985846432431138,7.010765996206774,6.720035639681276,6.927700519561768,3574900,0.0,0.0
2023-12-13 00:00:00-05:00,6.927700737111069,7.259964238482404,6.8280216866996675,7.243351459503174,1948500,0.0,0.0
2023-12-14 00:00:00-05:00,7.326417559701524,7.467629757797341,7.276578426361084,7.276578426361084,1537400,0.0,0.0
2023-12-15 00:00:00-05:00,7.284883681009964,7.367949149839242,7.14367151260376,7.14367151260376,1050900,0.0,0.0
2023-12-18 00:00:00-05:00,7.151978603478378,7.210125311986419,7.027379985007301,7.102139472961426,1065600,0.0,0.0
2023-12-19 00:00:00-05:00,7.093833789553441,7.118753358684498,7.019074289981451,7.060607433319092,1328000,0.0,0.0
2023-12-20 00:00:00-05:00,7.035688736104098,7.06891509645611,6.8612501462113045,6.877862930297852,1782200,0.0,0.0
2023-12-21 00:00:00-05:00,6.936007111517736,7.05229893401449,6.877860408090732,6.994153022766113,1256700,0.0,0.0
2023-12-22 00:00:00-05:00,7.052300363075419,7.135366646415702,6.994154440044494,7.06891393661499,932700,0.0,0.0
2023-12-26 00:00:00-05:00,7.08552672327178,7.251658497897731,7.0772207286745745,7.226738929748535,1040100,0.0,0.0
2023-12-27 00:00:00-05:00,7.268270631182892,7.268270631182892,7.135365237818414,7.151978015899658,1153200,0.0,0.0
2023-12-28 00:00:00-05:00,7.114314657885065,7.214751945505949,7.04735646613781,7.097574710845947,1587500,0.065,0.0
2023-12-29 00:00:00-05:00,7.064095614972319,7.172902876112762,6.980398274390554,7.097574710845947,1901500,0.0,0.0
2024-01-02 00:00:00-05:00,7.080836439621,7.3068201652255995,7.064096490507107,7.239861965179443,1011600,0.0,0.0
2024-01-03 00:00:00-05:00,7.2063815604590244,7.331928761469091,7.181272439538836,7.273339748382568,593600,0.0,0.0
2024-01-04 00:00:00-05:00,7.2733388691165235,7.365406965034806,7.256599723261496,7.315187931060791,756800,0.0,0.0
2024-01-05 00:00:00-05:00,7.3068204605139435,7.415627739537319,7.298451283823483,7.39888858795166,761000,0.0,0.0
2024-01-08 00:00:00-05:00,7.3821475467408835,7.465845686908972,7.3821475467408835,7.449105739593506,621200,0.0,0.0
2024-01-09 00:00:00-05:00,7.440737888144366,7.465847015380859,7.390518835466617,7.465847015380859,659700,0.0,0.0
2024-01-10 00:00:00-05:00,7.465845702089599,7.53280389507837,7.457475728414847,7.499324798583984,637300,0.0,0.0
2024-01-11 00:00:00-05:00,7.524433996716148,7.532803970474675,7.31518944198074,7.407257556915283,1022300,0.0,0.0
2024-01-12 00:00:00-05:00,7.3821476356397,7.474215750574243,7.34866853881022,7.407257556915283,562200,0.0,0.0
2024-01-16 00:00:00-05:00,7.365407994287025,7.3988870888799605,7.323558926494711,7.3570380210876465,544600,0.0,0.0
2024-01-17 00:00:00-05:00,7.290078869740669,7.331927932009649,7.1729016550284195,7.22312068939209,910900,0.0,0.0
2024-01-18 00:00:00-05:00,7.2398608928548835,7.264970812806593,7.147793580979052,7.206381797790527,518000,0.0,0.0
2024-01-19 00:00:00-05:00,7.189644278210611,7.248232508295545,7.089206970262967,7.1477952003479,941100,0.0,0.0
2024-01-22 00:00:00-05:00,7.172903009875381,7.2231220537246275,7.122684764230757,7.181272983551025,797500,0.0,0.0
2024-01-23 00:00:00-05:00,7.147794413080079,7.198013460625091,7.147794413080079,7.172903537750244,611000,0.0,0.0
2024-01-24 00:00:00-05:00,7.206380926555633,7.223120871166285,7.147792716827337,7.164532661437988,1160500,0.0,0.0
2024-01-25 00:00:00-05:00,7.18964299960314,7.306819438934326,7.18964299960314,7.306819438934326,666700,0.0,0.0
2024-01-26 00:00:00-05:00,7.315190435409143,7.423997714432519,7.3068204605139435,7.39888858795166,874900,0.0,0.0
2024-01-29 00:00:00-05:00,7.3988867567038135,7.583022167800411,7.390516783880209,7.574652194976807,964700,0.0,0.0
2024-01-30 00:00:00-05:00,7.5282870670140065,7.629450959021266,7.502995491027831,7.502995491027832,669000,0.065,0.0
2024-01-31 00:00:00-05:00,7.519856497263787,7.570438040979047,7.47770467484831,7.511425971984863,589200,0.0,0.0
2024-02-01 00:00:00-05:00,7.5535776359294,7.66317205031874,7.528286864602359,7.637881278991699,504900,0.0,0.0
2024-02-02 00:00:00-05:00,7.612590783960901,7.629451836557702,7.519857406616211,7.519857406616211,723200,0.0,0.0
2024-02-05 00:00:00-05:00,7.52828620983697,7.52828620983697,7.342818693618242,7.3512492179870605,577600,0.0,0.0
2024-02-06 00:00:00-05:00,7.3259592611391,7.410262915468307,7.283808237953728,7.376541614532471,478900,0.0,0.0
2024-02-07 00:00:00-05:00,7.401830562028811,7.410261086176424,7.351249025101196,7.359678745269775,507000,0.0,0.0
2024-02-08 00:00:00-05:00,7.368110793835008,7.3849718456186855,7.275377420962383,7.309098720550537,583000,0.0,0.0
2024-02-09 00:00:00-05:00,7.300667329855355,7.334388625449042,7.2500857884543795,7.292236804962158,817600,0.0,0.0
2024-02-12 00:00:00-05:00,7.292236351384388,7.368109462745642,7.292236351384388,7.3512492179870605,577800,0.0,0.0
2024-02-13 00:00:00-05:00,7.309097854748553,7.351249675235437,7.258515509368472,7.292236804962158,941400,0.0,0.0
2024-02-14 00:00:00-05:00,7.300665855407715,7.325956621000462,7.266944566624405,7.300665855407715,525000,0.0,0.0
2024-02-15 00:00:00-05:00,7.334388169249424,7.376539987114461,7.317527924490842,7.3512492179870605,483900,0.0,0.0
2024-02-16 00:00:00-05:00,7.300668486432031,7.410262915468307,7.292237960203264,7.376541614532471,460800,0.0,0.0
2024-02-20 00:00:00-05:00,7.376541048445783,7.44398364514181,7.3681105228639865,7.393402099609375,474700,0.0,0.0
2024-02-21 00:00:00-05:00,7.41869350297312,7.5367176552337725,7.41869350297312,7.519857406616211,406500,0.0,0.0
2024-02-22 00:00:00-05:00,7.511427159100492,7.511427159100492,7.410263251702756,7.435554027557373,777600,0.0,0.0
2024-02-23 00:00:00-05:00,7.443982753846299,7.519855867039555,7.435552229273921,7.477704048156738,465600,0.0,0.0
2024-02-26 00:00:00-05:00,7.4777058566345795,7.502996632489197,7.435554027557373,7.435554027557373,704200,0.0,0.0
2024-02-27 00:00:00-05:00,7.452413278418677,7.486134572729116,7.443982753846299,7.477704048156738,541100,0.0,0.0
2024-02-28 00:00:00-05:00,7.473458413703666,7.524413357322524,7.473458413703666,7.5074286460876465,547200,0.065,0.0
2024-02-29 00:00:00-05:00,7.515921406662198,7.549891639046178,7.498935885513095,7.5074286460876465,575100,0.0,0.0
2024-03-01 00:00:00-05:00,7.532905452006828,7.532905452006828,7.473457753068449,7.498935222625732,337100,0.0,0.0
2024-03-04 00:00:00-05:00,7.490442835137331,7.515921115875244,7.473458124559583,7.515921115875244,594900,0.0,0.0
2024-03-05 00:00:00-05:00,7.498936346091476,7.566876815032282,7.447981399343008,7.456473350524902,685100,0.0,0.0
2024-03-06 00:00:00-05:00,7.4904435849953055,7.507429107187646,7.405518403776435,7.456473350524902,1039900,0.0,0.0
2024-03-07 00:00:00-05:00,7.5074277518251655,7.541397980162713,7.456472004361779,7.481950283050537,571000,0.0,0.0
2024-03-08 00:00:00-05:00,7.498935823348067,7.53290605545044,7.473458351749843,7.5329060554504395,544900,0.0,0.0
2024-03-11 00:00:00-04:00,7.558383097377079,7.728235058147581,7.532905627227173,7.719742298126221,1480000,0.0,0.0
2024-03-12 00:00:00-04:00,7.711250604081257,7.711250604081257,7.575369664612487,7.617832660675049,616600,0.0,0.0
2024-03-13 00:00:00-04:00,7.617833311427017,7.660296311116972,7.566877549816199,7.5753703117370605,486900,0.0,0.0
2024-03-14 00:00:00-04:00,7.575369649453521,7.609339884252736,7.532906653475931,7.5668768882751465,629700,0.0,0.0
2024-03-15 00:00:00-04:00,7.558381347984867,7.64330730871395,7.558381347984867,7.626321792602539,387700,0.0,0.0
2024-03-18 00:00:00-04:00,7.643308537097505,7.677278764865819,7.626323018256291,7.660294055938721,534300,0.0,0.0
2024-03-19 00:00:00-04:00,7.660293810294311,7.685771277825025,7.609338065318793,7.677278518676758,492600,0.0,0.0
2024-03-20 00:00:00-04:00,7.634817719828104,7.668787956237793,7.609340244999417,7.668787956237793,666600,0.0,0.0
2024-03-21 00:00:00-04:00,7.677278518676757,7.719741504504007,7.651801051146044,7.677278518676758,499000,0.0,0.0
2024-03-22 00:00:00-04:00,7.668786005445211,7.702756233213525,7.651801296518113,7.660294055938721,444400,0.0,0.0
2024-03-25 00:00:00-04:00,7.660293810294311,7.711248745355739,7.660293810294311,7.677278518676758,606900,0.0,0.0
2024-03-26 00:00:00-04:00,7.702756115373625,7.72823439324567,7.668785888125003,7.711248874664307,663300,0.0,0.0
2024-03-27 00:00:00-04:00,7.741186447885534,7.783955596034798,7.741186447885534,7.766847610473633,556600,0.065,0.0
2024-03-28 00:00:00-04:00,7.783958477557066,7.8010656536974405,7.749743309522365,7.758296489715576,551700,0.0,0.0
2024-04-01 00:00:00-04:00,7.7497439831752075,7.7582971641119105,7.681312825403418,7.724081993103027,670900,0.0,0.0
2024-04-02 00:00:00-04:00,7.698417686432719,7.749740829940561,7.672756522555643,7.681309700012207,579800,0.0,0.0
2024-04-03 00:00:00-04:00,7.698420539196228,7.72408171258243,7.672759365810025,7.689866542816162,430400,0.0,0.0
2024-04-04 00:00:00-04:00,7.698420539196228,7.749743701722627,7.66420536942996,7.689866542816162,540400,0.0,0.0
2024-04-05 00:00:00-04:00,7.715527741016098,7.73263491626853,7.655650588247807,7.67275857925415,418600,0.0,0.0
2024-04-08 00:00:00-04:00,7.681309700012207,7.706971679642974,7.6642025293453875,7.681309700012207,338600,0.0,0.0
2024-04-09 00:00:00-04:00,7.698420539196228,7.706974535576293,7.655651373049895,7.689866542816162,508400,0.0,0.0
2024-04-10 00:00:00-04:00,7.672756522555643,7.73263284352005,7.655648536135132,7.681309700012207,1070100,0.0,0.0
2024-04-11 00:00:00-04:00,7.698419777607407,7.706973773141243,7.655650615692139,7.655650615692139,553600,0.0,0.0
2024-04-12 00:00:00-04:00,7.6727594940947865,7.689866671386947,7.561559986556716,7.578667163848877,412000,0.0,0.0
2024-04-15 00:00:00-04:00,7.578666117668329,7.604328103695129,7.476020620822818,7.510235786437988,742700,0.0,0.0
2024-04-16 00:00:00-04:00,7.493128998488854,7.510236174302989,7.424698663724438,7.441805839538574,646300,0.0,0.0
2024-04-17 00:00:00-04:00,7.450358378477725,7.5187886998612585,7.450358378477725,7.458912372589111,422400,0.0,0.0
2024-04-18 00:00:00-04:00,7.467466776271309,7.510235938092385,7.458913596510223,7.501682758331299,394200,0.0,0.0
2024-04-19 00:00:00-04:00,7.510234807870286,7.561557957482691,7.510234807870286,7.527342796325684,347200,0.0,0.0
2024-04-22 00:00:00-04:00,7.544451713562012,7.604328871247758,7.518790540698965,7.544451713562012,478500,0.0,0.0
2024-04-23 00:00:00-04:00,7.5615573046464055,7.638541614541585,7.527342146443406,7.553003311157227,646600,0.0,0.0
2024-04-24 00:00:00-04:00,7.535896139932586,7.5615573046464055,7.493126988240406,7.553003311157227,585200,0.0,0.0
2024-04-25 00:00:00-04:00,7.510235568638395,7.578665897884231,7.467466408921279,7.561558723449707,561800,0.0,0.0
2024-04-26 00:00:00-04:00,7.587219892978428,7.5957738880726255,7.544450733261312,7.561558723449707,436400,0.0,0.0
2024-04-29 00:00:00-04:00,7.583101273840226,7.6175698823751,7.540015307722522,7.557250022888184,488300,0.065,0.0
2024-04-30 00:00:00-04:00,7.540016614845983,7.548633973922703,7.496930641258973,7.505548000335693,437300,0.0,0.0
2024-05-01 00:00:00-04:00,7.514163970947266,7.557249936572863,7.505546613462858,7.514163970947266,523600,0.0,0.0
2024-05-02 00:00:00-04:00,7.514163405535985,7.540014654247562,7.471077443152438,7.496928691864014,676500,0.0,0.0
2024-05-03 00:00:00-04:00,7.5400165669514365,7.565867822220797,7.488313234616128,7.522781848907471,524200,0.0,0.0
2024-05-06 00:00:00-04:00,7.531399207929454,7.557251284995402,7.479696697390733,7.522781848907471,630500,0.0,0.0
2024-05-07 00:00:00-04:00,7.540015306472447,7.591718630164411,7.496929340361886,7.583101272583008,474600,0.0,0.0
2024-05-08 00:00:00-04:00,7.574485894667423,7.64342312974316,7.557251996796822,7.626189231872559,550500,0.0,0.0
2024-05-09 00:00:00-04:00,7.608951749035445,7.6951236724853525,7.608951749035445,7.695123672485352,551900,0.0,0.0
2024-05-10 00:00:00-04:00,7.738209422546441,7.824381352790723,7.677889564453301,7.772678852081299,955900,0.0,0.0
2024-05-13 00:00:00-04:00,7.764061363410912,7.807147327804489,7.720975399017334,7.720975399017334,542300,0.0,0.0
2024-05-14 00:00:00-04:00,7.720977606552972,7.7726809429672565,7.410760053457222,7.574485778808594,3047800,0.0,0.0
2024-05-15 00:00:00-04:00,7.583101743702154,7.643421606926592,7.548633133031546,7.6348042488098145,994500,0.0,0.0
2024-05-16 00:00:00-04:00,7.634803775744311,7.660655848492804,7.540015307722522,7.557250022888184,559400,0.0,0.0
2024-05-17 00:00:00-04:00,7.5486322332174565,7.6089520892516305,7.540014876127888,7.5917181968688965,549300,0.0,0.0
2024-05-20 00:00:00-04:00,7.617571872038925,7.669274387447395,7.600337152371658,7.626189231872559,501400,0.0,0.0
2024-05-21 00:00:00-04:00,7.6089520892516305,7.634803338723933,7.583100839779328,7.5917181968688965,578400,0.0,0.0
2024-05-22 00:00:00-04:00,7.583100272072207,7.583100272072207,7.540014311646388,7.54863166809082,618500,0.0,0.0
2024-05-23 00:00:00-04:00,7.565865279217289,7.565865279217289,7.410756977938821,7.419373512268066,1062800,0.0,0.0
2024-05-24 00:00:00-04:00,7.419372274920843,7.488309468835848,7.419372274920843,7.4796929359436035,583600,0.0,0.0
2024-05-28 00:00:00-04:00,7.462459561407361,7.479694273867043,7.4193736020544785,7.43660831451416,707100,0.0,0.0
2024-05-29 00:00:00-04:00,7.419375821687953,7.419375821687953,7.2987360855640215,7.350438594818115,1409800,0.0,0.0
2024-05-30 00:00:00-04:00,7.341822136947614,7.4107593645605565,7.341822136947614,7.393524646759033,649800,0.0,0.0
2024-05-31 00:00:00-04:00,7.4412800110320125,7.571524620056152,7.415231420455091,7.571524620056152,509800,0.065,0.0
2024-06-03 00:00:00-04:00,7.54547431093989,7.554157449464056,7.458645409907231,7.4673285484313965,564400,0.0,0.0
2024-06-04 00:00:00-04:00,7.441280905885183,7.510744374490165,7.441280905885183,7.4499640464782715,472800,0.0,0.0
2024-06-05 00:00:00-04:00,7.467327536455773,7.493376120428489,7.441278124413504,7.476009845733643,593400,0.0,0.0
2024-06-06 00:00:00-04:00,7.467327536455773,7.493376120428489,7.423912677788212,7.476009845733643,654400,0.0,0.0
2024-06-07 00:00:00-04:00,7.449961998957388,7.4846937237143365,7.406547135993793,7.4152302742004395,695100,0.0,0.0
2024-06-10 00:00:00-04:00,7.423913412407085,7.502060000127629,7.389181687650137,7.4152302742004395,989500,0.0,0.0
2024-06-11 00:00:00-04:00,7.432596607870584,7.432596607870584,7.276303431225497,7.31103515625,921200,0.0,0.0
2024-06-12 00:00:00-04:00,7.345768401211748,7.354451541281942,7.180792880227135,7.224206924438477,1507000,0.0,0.0
2024-06-13 00:00:00-04:00,7.2068403771402805,7.241572104073042,7.154742372706295,7.1721086502075195,939600,0.0,0.0
2024-06-14 00:00:00-04:00,7.16342551463896,7.1807917921478985,6.963718291704294,7.076595783233643,1964600,0.0,0.0
2024-06-17 00:00:00-04:00,7.059230261621015,7.102645126879802,6.98976680843483,7.050547122955322,1267300,0.0,0.0
2024-06-18 00:00:00-04:00,7.1026447803183395,7.154741953631146,7.0418636406938795,7.067913055419922,1258100,0.0,0.0
2024-06-20 00:00:00-04:00,7.05054711657387,7.11132743103935,7.015815390012213,7.033181667327881,1440900,0.0,0.0
2024-06-21 00:00:00-04:00,7.024498606846203,7.093962060742582,7.024498606846203,7.076595783233643,678500,0.0,0.0
2024-06-24 00:00:00-04:00,7.067914345346336,7.172109539057684,7.067914345346336,7.163426399230957,725400,0.0,0.0
2024-06-25 00:00:00-04:00,7.189473488046816,7.189473488046816,7.128693178102349,7.1547417640686035,754600,0.0,0.0
2024-06-26 00:00:00-04:00,7.146059989929199,7.198157999874574,7.102645947722793,7.146059989929199,724300,0.0,0.0
2024-06-27 00:00:00-04:00,7.128694867875787,7.232890064508671,7.128694867875787,7.224206924438477,813100,0.0,0.0
2024-06-28 00:00:00-04:00,7.211078042176512,7.246083242979705,7.176072841373317,7.193575859069824,647500,0.065,0.0
2024-07-01 00:00:00-04:00,7.149819739848566,7.2198301472363955,7.141068230277616,7.1848249435424805,968200,0.0,0.0
2024-07-02 00:00:00-04:00,7.184825195775697,7.254835605621338,7.167322176019328,7.254835605621338,768200,0.0,0.0
2024-07-03 00:00:00-04:00,7.2548362006900105,7.324846616278166,7.237334014087964,7.246084690093994,460300,0.0,0.0
2024-07-05 00:00:00-04:00,7.307344673693021,7.307344673693021,7.254836442953484,7.289841651916504,637000,0.0,0.0
2024-07-08 00:00:00-04:00,7.281089897888072,7.333598126874182,7.228582503491949,7.246084690093994,686500,0.0,0.0
2024-07-09 00:00:00-04:00,7.246084811795652,7.281090020177659,7.228582624899648,7.272339344024658,680700,0.0,0.0
2024-07-10 00:00:00-04:00,7.3160941578435255,7.351099361102494,7.237333076453254,7.307343482971191,1286700,0.0,0.0
2024-07-11 00:00:00-04:00,7.324847105170879,7.412360547792101,7.316095593990749,7.386106014251709,1022700,0.0,0.0
2024-07-12 00:00:00-04:00,7.412360196446063,7.499872800329143,7.403608685680754,7.46486759185791,806000,0.0,0.0
2024-07-15 00:00:00-04:00,7.464867825752291,7.473619336791809,7.359852197048172,7.394857406616211,775000,0.0,0.0
2024-07-16 00:00:00-04:00,7.377353814207317,7.499871607068543,7.377353814207317,7.482369422912598,748200,0.0,0.0
2024-07-17 00:00:00-04:00,7.456116449011682,7.596137274132849,7.429861918359001,7.526126861572266,1136000,0.0,0.0
2024-07-18 00:00:00-04:00,7.5261260318741074,7.587384927463803,7.5086230133685605,7.543628215789795,699800,0.0,0.0
2024-07-19 00:00:00-04:00,7.526125672343248,7.552379364257543,7.499871145839135,7.534876346588135,362700,0.0,0.0
2024-07-22 00:00:00-04:00,7.5698801410016365,7.648642036701922,7.561129468382454,7.596134662628174,771100,0.0,0.0
2024-07-23 00:00:00-04:00,7.569884061478352,7.622392297336013,7.552381872585862,7.5873870849609375,612600,0.0,0.0
2024-07-24 00:00:00-04:00,7.569882995444317,7.648644920844058,7.569882995444317,7.622391223907471,708500,0.0,0.0
2024-07-25 00:00:00-04:00,7.6398932920553735,7.692401519705601,7.622391105898608,7.631142616271973,593200,0.0,0.0
2024-07-26 00:00:00-04:00,7.648644692501187,7.727406615549566,7.648644692501187,7.69240140914917,464300,0.0,0.0
2024-07-29 00:00:00-04:00,7.709904086925235,7.788665171882589,7.701152577066668,7.771162986755371,596000,0.0,0.0
2024-07-30 00:00:00-04:00,7.7886657788419535,7.849925518035889,7.771163592350816,7.849925518035889,586900,0.0,0.0
2024-07-31 00:00:00-04:00,7.889594554901122,7.907225337697838,7.854333829989687,7.889594554901123,529800,0.065,0.0
2024-08-01 00:00:00-04:00,7.854332324605155,7.977745258482489,7.854332324605155,7.960114479064941,915300,0.0,0.0
2024-08-02 00:00:00-04:00,7.924854595744282,8.021822211392045,7.854333152008777,7.907224655151367,684100,0.0,0.0
2024-08-05 00:00:00-04:00,7.713289737701416,7.819071896079498,7.695658957630804,7.713289737701416,1161300,0.0,0.0
2024-08-06 00:00:00-04:00,7.695659726955864,7.898409514627217,7.695659726955864,7.854333400726318,638300,0.0,0.0
2024-08-07 00:00:00-04:00,7.854334988165567,7.916041055689066,7.774998135245572,7.810258865356445,641100,0.0,0.0
2024-08-08 00:00:00-04:00,7.85433234586307,7.889593064111766,7.801441688830944,7.863147735595703,569100,0.0,0.0
2024-08-09 00:00:00-04:00,7.854333829989687,7.898409946299481,7.783812380166816,7.889594554901123,525500,0.0,0.0
2024-08-12 00:00:00-04:00,7.924853760911679,8.021821366344525,7.898408432467191,7.960114479064941,682500,0.0,0.0
2024-08-13 00:00:00-04:00,7.951299728378557,8.048266490670315,7.942484338893358,7.977745056152344,794300,0.0,0.0
2024-08-14 00:00:00-04:00,8.004190628151203,8.021821407659555,7.916038411973118,7.924853801727295,424900,0.0,0.0
2024-08-15 00:00:00-04:00,7.907223560952463,7.968929605511689,7.889592782117367,7.951299667358398,691300,0.0,0.0
2024-08-16 00:00:00-04:00,7.933668888523302,8.021821101335172,7.924853499105754,7.951299667358398,442200,0.0,0.0
2024-08-19 00:00:00-04:00,7.942484199423672,8.039450960012697,7.942484199423672,8.021821022033691,511600,0.0,0.0
2024-08-20 00:00:00-04:00,8.048266096814887,8.08352681234833,8.021820770335246,8.065896034240723,523900,0.0,0.0
2024-08-21 00:00:00-04:00,8.074712152320796,8.18049430847168,8.065896762471093,8.18049430847168,603300,0.0,0.0
2024-08-22 00:00:00-04:00,8.12760396497833,8.18931001494832,8.12760396497833,8.162864685058594,544100,0.0,0.0
2024-08-23 00:00:00-04:00,8.189311358777783,8.295093536376953,8.180495967140681,8.295093536376953,623500,0.0,0.0
2024-08-26 00:00:00-04:00,8.303907740784041,8.409689903259277,8.295092350407298,8.409689903259277,568200,0.0,0.0
2024-08-27 00:00:00-04:00,8.418502807617188,8.471393452895029,8.40087203207014,8.418502807617188,979600,0.0,0.0
2024-08-28 00:00:00-04:00,8.400875561232045,8.409690952708866,8.303908777033019,8.3391695022583,579100,0.0,0.0
2024-08-29 00:00:00-04:00,8.303907682990598,8.392059904780723,8.295092292675207,8.383244514465332,522400,0.0,0.0
2024-08-30 00:00:00-04:00,8.36992880257481,8.432059496415732,8.36992880257481,8.42318344116211,414300,0.065,0.0
2024-09-03 00:00:00-04:00,8.423185877634193,8.432061935455284,8.352179108000387,8.405434608459473,627200,0.0,0.0
2024-09-04 00:00:00-04:00,8.423185676905392,8.53857188642748,8.414309619295821,8.520820617675781,612000,0.0,0.0
2024-09-05 00:00:00-04:00,8.520821783311106,8.574076443318798,8.503069665663503,8.511945724487305,552400,0.0,0.0
2024-09-06 00:00:00-04:00,8.485316269033682,8.565198239035936,8.449812889099121,8.449812889099121,564700,0.0,0.0
2024-09-09 00:00:00-04:00,8.458689060876232,8.54744794403705,8.449813849734104,8.520820617675781,580000,0.0,0.0
2024-09-10 00:00:00-04:00,8.574072658379103,8.724962205904797,8.565196603473549,8.653955459594727,1080000,0.0,0.0
2024-09-11 00:00:00-04:00,8.689462130066651,8.689462130066651,8.54744858355783,8.63620662689209,646900,0.0,0.0
2024-09-12 00:00:00-04:00,8.618452266819016,8.636203530534464,8.556321574114142,8.57407283782959,509700,0.0,0.0
2024-09-13 00:00:00-04:00,8.574075911911358,8.680586071792973,8.574075911911358,8.63620662689209,415100,0.0,0.0
2024-09-16 00:00:00-04:00,8.65395757715803,8.689460959000495,8.645081520080566,8.645081520080566,446400,0.0,0.0
2024-09-17 00:00:00-04:00,8.645080585301512,8.733839453544014,8.645080585301512,8.716087341308594,454600,0.0,0.0
2024-09-18 00:00:00-04:00,8.724965092971855,8.724965092971855,8.689461708068848,8.689461708068848,458900,0.0,0.0
2024-09-19 00:00:00-04:00,8.689460327065532,8.72496370632604,8.60957751211256,8.671709060668945,540600,0.0,0.0
2024-09-20 00:00:00-04:00,8.716088300523356,8.760467739528613,8.653957593796436,8.751591682434082,427200,0.0,0.0
2024-09-23 00:00:00-04:00,8.742716280909796,8.86697769165039,8.724964167108354,8.86697769165039,553300,0.0,0.0
2024-09-24 00:00:00-04:00,8.866980557833877,8.875856617603716,8.804849832380299,8.831477165222168,514500,0.0,0.0
2024-09-25 00:00:00-04:00,8.849229284761847,8.849229284761847,8.79597377261046,8.831477165222168,343600,0.0,0.0
2024-09-26 00:00:00-04:00,8.831475470729025,8.858102798461914,8.78709602686255,8.858102798461914,537300,0.0,0.0
2024-09-27 00:00:00-04:00,8.840350367415603,8.9024810727859,8.831474310514881,8.86697769165039,600500,0.0,0.0
2024-09-30 00:00:00-04:00,8.889311059217437,8.969717025756836,8.87144353999248,8.969717025756836,553900,0.065,0.0
2024-10-01 00:00:00-04:00,8.969717403373624,8.969717403373624,8.862509727478027,8.862509727478027,539100,0.0,0.0
2024-10-02 00:00:00-04:00,8.88931353070917,8.916115243003693,8.862511818414648,8.898247718811035,322900,0.0,0.0
2024-10-03 00:00:00-04:00,8.880379749612251,8.889313938123587,8.78210623202089,8.791040420532227,371800,0.0,0.0
2024-10-04 00:00:00-04:00,8.755304289741765,8.826776091942833,8.549822219405376,8.621294021606445,1050500,0.0,0.0
2024-10-07 00:00:00-04:00,8.621292087812607,8.630226274086537,8.371140836218897,8.397942543029785,1255600,0.0,0.0
2024-10-08 00:00:00-04:00,8.487283873175985,8.523019771193127,8.4158120771417,8.478349685668945,488500,0.0,0.0
2024-10-09 00:00:00-04:00,8.487283873175985,8.531953958700166,8.442613787651803,8.478349685668945,444200,0.0,0.0
2024-10-10 00:00:00-04:00,8.53195494714697,8.665964367233803,8.487284856447653,8.5676908493042,889700,0.0,0.0
2024-10-11 00:00:00-04:00,8.531952617678424,8.621291922673741,8.531952617678424,8.585556030273438,413100,0.0,0.0
2024-10-14 00:00:00-04:00,8.639161813880913,8.710633611248221,8.62129343853357,8.692765235900879,390500,0.0,0.0
2024-10-15 00:00:00-04:00,8.701697587958463,8.755301850681684,8.63022580566807,8.648094177246094,539800,0.0,0.0
2024-10-16 00:00:00-04:00,8.665963809798846,8.73743560951591,8.648096285875111,8.72850227355957,535900,0.0,0.0
2024-10-17 00:00:00-04:00,8.719567444766394,8.737434967376995,8.621293088369601,8.665963172912598,451100,0.0,0.0
2024-10-18 00:00:00-04:00,8.657028653999046,8.70169873683098,8.63916113207285,8.683831214904785,282700,0.0,0.0
2024-10-21 00:00:00-04:00,8.719568050963773,8.737435574816551,8.639162063598633,8.639162063598633,353800,0.0,0.0
2024-10-22 00:00:00-04:00,8.621293253997765,8.657029151916504,8.5766240206076,8.657029151916504,528800,0.0,0.0
2024-10-23 00:00:00-04:00,8.657028653999046,8.692764549862401,8.621292758135692,8.683831214904785,314800,0.0,0.0
2024-10-24 00:00:00-04:00,8.657029337217224,8.719567798921892,8.648096001554585,8.692765235900879,430700,0.0,0.0
2024-10-25 00:00:00-04:00,8.683831797129024,8.683831797129024,8.612360000610352,8.612360000610352,364100,0.0,0.0
2024-10-28 00:00:00-04:00,8.630227275680399,8.674897360223396,8.612359753069798,8.665963172912598,372400,0.0,0.0
2024-10-29 00:00:00-04:00,8.612362687055326,8.621296025398461,8.576626777648926,8.576626777648926,583400,0.0,0.0
2024-10-30 00:00:00-04:00,8.621291729488131,8.621291729488131,8.540886612397326,8.549819946289062,438000,0.0,0.0
2024-10-31 00:00:00-04:00,8.536329936375395,8.671256638784852,8.50034965396706,8.581305503845215,535500,0.065,0.0
2024-11-01 00:00:00-04:00,8.581302692938841,8.590297975053813,8.37441635131836,8.37441635131836,584800,0.0,0.0
2024-11-04 00:00:00-05:00,8.365425302526353,8.410400878023788,8.185523858374358,8.257484436035156,692300,0.0,0.0
2024-11-05 00:00:00-05:00,8.320445694681274,8.40140151977539,8.230494587279516,8.40140151977539,403900,0.0,0.0
2024-11-06 00:00:00-05:00,8.455372613330823,8.473363180319323,8.221501247342486,8.293461799621582,933800,0.0,0.0
2024-11-07 00:00:00-05:00,8.347431505739289,8.401402347062326,8.248485964124047,8.3384370803833,754600,0.0,0.0
2024-11-08 00:00:00-05:00,8.338437926105366,8.491353466715612,8.320447357893862,8.410398483276367,563200,0.0,0.0
2024-11-11 00:00:00-05:00,8.41939280239371,8.572309198895345,8.41939280239371,8.482358932495117,458400,0.0,0.0
2024-11-12 00:00:00-05:00,8.491352178332589,8.563313582422476,8.401401924435639,8.419391632080078,919600,0.0,0.0
2024-11-13 00:00:00-05:00,8.455371497946578,8.500347051647456,8.33843625929656,8.40140151977539,575100,0.0,0.0
2024-11-14 00:00:00-05:00,8.374418542410279,8.428388533546249,8.329442977905273,8.329442977905273,548300,0.0,0.0
2024-11-15 00:00:00-05:00,8.329441524048821,8.365421797805165,8.248485693637699,8.311450958251953,553800,0.0,0.0
2024-11-18 00:00:00-05:00,8.293461871515238,8.43738297732104,8.293461871515238,8.392407417297363,565500,0.0,0.0
2024-11-19 00:00:00-05:00,8.374417430812443,8.446377981333582,8.356426864263444,8.437382698059082,500200,0.0,0.0
2024-11-20 00:00:00-05:00,8.428388193650363,8.464368472235863,8.356427636479362,8.410398483276367,431100,0.0,0.0
2024-11-21 00:00:00-05:00,8.401402547153715,8.500348091125488,8.401402547153715,8.500348091125488,512700,0.0,0.0
2024-11-22 00:00:00-05:00,8.518339385127696,8.5813046586815,8.5003488167766,8.509344100952148,415500,0.0,0.0
2024-11-25 00:00:00-05:00,8.563313710915434,8.608288409620068,8.527332579411903,8.55431842803955,532100,0.0,0.0
2024-11-26 00:00:00-05:00,8.536327541172826,8.635273933410645,8.536327541172826,8.635273933410645,582700,0.0,0.0
2024-11-27 00:00:00-05:00,8.653266124001568,8.716231404159434,8.644270838882559,8.680251121520996,491700,0.0,0.0
2024-11-29 00:00:00-05:00,8.666665170004151,8.739113714883544,8.666665170004151,8.702889442443848,258300,0.065,0.0
2024-12-02 00:00:00-05:00,8.6485533793101,8.684777651388325,8.585160255432129,8.585160255432129,539200,0.0,0.0
2024-12-03 00:00:00-05:00,8.648555104875403,8.675723098440953,8.57610654626397,8.594218254089355,712000,0.0,0.0
2024-12-04 00:00:00-05:00,8.567048261576659,8.648553086910756,8.530823990723142,8.639496803283691,1055700,0.0,0.0
2024-12-05 00:00:00-05:00,8.603273198703805,8.6938343146784,8.603273198703805,8.612329483032227,385400,0.0,0.0
2024-12-06 00:00:00-05:00,8.612330651886033,8.684779209036405,8.512713238063077,8.521769523620605,637300,0.0,0.0
2024-12-09 00:00:00-05:00,8.539880087959292,8.639496614718551,8.476486967608196,8.485543251037598,791000,0.0,0.0
2024-12-10 00:00:00-05:00,8.530824661254883,8.58516063997865,8.440263545175522,8.530824661254883,947900,0.0,0.0
2024-12-11 00:00:00-05:00,8.512711908333891,8.54893618125066,8.449319646643243,8.458375930786133,604600,0.0,0.0
2024-12-12 00:00:00-05:00,8.485544215756002,8.521768489937214,8.376871393212367,8.40403938293457,694800,0.0,0.0
2024-12-13 00:00:00-05:00,8.394982817774537,8.440262506587668,8.367813968101013,8.413094520568848,675300,0.0,0.0
2024-12-16 00:00:00-05:00,8.413094808255801,8.440262795203635,8.231973455845694,8.241029739379883,965500,0.0,0.0
2024-12-17 00:00:00-05:00,8.241028586061809,8.28630827008647,8.123299507557542,8.168580055236816,898100,0.0,0.0
2024-12-18 00:00:00-05:00,8.17763837861986,8.195750949587165,8.005573272705078,8.005573272705078,1215600,0.0,0.0
2024-12-19 00:00:00-05:00,7.987459659576416,8.087077059589195,7.92406739677178,7.987459659576416,1494500,0.0,0.0
2024-12-20 00:00:00-05:00,8.078020093077129,8.19574918809664,8.014627835626136,8.159524917602539,791000,0.0,0.0
2024-12-23 00:00:00-05:00,8.150470167833944,8.204807015627658,8.041797335901412,8.132357597351074,931500,0.0,0.0
2024-12-24 00:00:00-05:00,8.078021895581722,8.14141416717787,8.078021895581722,8.123302459716797,512500,0.0,0.0
2024-12-26 00:00:00-05:00,8.14141388259251,8.241031292938501,8.09613332004023,8.132357597351074,843000,0.0,0.0
2024-12-27 00:00:00-05:00,8.132357210347335,8.177637770744797,8.1051892195708,8.150469779968262,722500,0.0,0.0
2024-12-30 00:00:00-05:00,8.105189996554756,8.141414275614304,8.04179772411428,8.078022003173828,1119300,0.0,0.0
2024-12-31 00:00:00-05:00,8.073459363788535,8.091704016511875,8.009600904270828,8.046091079711914,1232400,0.065,0.0
2025-01-02 00:00:00-05:00,8.064337385765251,8.146440505981445,8.05521462352023,8.146440505981445,806000,0.0,0.0
2025-01-03 00:00:00-05:00,8.228543637127617,8.429239186817684,8.228543637127617,8.420116424560547,1480000,0.0,0.0
2025-01-06 00:00:00-05:00,8.429239708593954,8.429239708593954,8.328891927537317,8.3562593460083,1103100,0.0,0.0
2025-01-07 00:00:00-05:00,8.374504521829577,8.40187193915736,8.30152416229248,8.30152416229248,731400,0.0,0.0
2025-01-08 00:00:00-05:00,8.30152373642043,8.392748746164658,8.265033558523845,8.383625984191895,606700,0.0,0.0
2025-01-10 00:00:00-05:00,8.356258828749569,8.420116424560547,8.319768649715513,8.420116424560547,1183500,0.0,0.0
2025-01-13 00:00:00-05:00,8.374504871651988,8.410995052944815,8.319769164715474,8.3562593460083,614700,0.0,0.0
2025-01-14 00:00:00-05:00,8.310646996594949,8.474853259160374,8.310646996594949,8.438363075256348,725300,0.0,0.0
2025-01-15 00:00:00-05:00,8.538709811293637,8.538709811293637,8.420116510720801,8.429239273071289,564600,0.0,0.0
2025-01-16 00:00:00-05:00,8.438359215559165,8.566075235803384,8.429236456257248,8.556952476501465,487500,0.0,0.0
2025-01-17 00:00:00-05:00,8.56607723236084,8.620812060941367,8.52958705664235,8.56607723236084,565900,0.0,0.0
2025-01-21 00:00:00-05:00,8.64818095977213,8.712039430737196,8.566078702807726,8.639059066772461,772800,0.0,0.0
2025-01-22 00:00:00-05:00,8.648179641873723,8.666425165081748,8.456606868156044,8.465728759765625,681600,0.0,0.0
2025-01-23 00:00:00-05:00,8.465729452478739,8.502219631886188,8.410994618364816,8.429239273071289,621700,0.0,0.0
2025-01-24 00:00:00-05:00,8.447485055974186,8.529588179649098,8.447485055974186,8.456607818603516,430500,0.0,0.0
2025-01-27 00:00:00-05:00,8.438363075256348,8.483976022635034,8.338015287018926,8.438363075256348,831200,0.0,0.0
2025-01-28 00:00:00-05:00,8.438362293344856,8.483975236496978,8.438362293344856,8.456607818603516,579900,0.0,0.0
2025-01-29 00:00:00-05:00,8.438360920529252,8.556954205433314,8.438360920529252,8.529586791992188,657500,0.0,0.0
2025-01-30 00:00:00-05:00,8.584323358801628,8.64818095977213,8.538710413825028,8.639059066772461,628000,0.0,0.0
2025-01-31 00:00:00-05:00,8.67120831665844,8.744693942094505,8.59772356722969,8.698765754699707,606300,0.065,0.0
2025-02-03 00:00:00-05:00,8.5426106700428,8.68039435987924,8.524239044194028,8.634466171264648,738500,0.0,0.0
2025-02-04 00:00:00-05:00,8.588537256577057,8.63446456061717,8.533423265318879,8.570165634155273,510700,0.0,0.0
2025-02-05 00:00:00-05:00,8.625279426574707,8.671206729556058,8.570165436587073,8.625279426574707,430700,0.0,0.0
2025-02-06 00:00:00-05:00,8.66202163696289,8.680392382619754,8.597721837146029,8.66202163696289,562000,0.0,0.0
2025-02-07 00:00:00-05:00,8.671207427978516,8.68039323971752,8.606908497819946,8.671207427978516,393200,0.0,0.0
2025-02-10 00:00:00-05:00,8.643650035094229,8.744692202463355,8.625279289395294,8.652835845947266,693500,0.0,0.0
2025-02-11 00:00:00-05:00,8.680392090118403,8.726320266723633,8.616093168475345,8.726320266723633,563800,0.0,0.0
2025-02-12 00:00:00-05:00,8.533423265318879,8.652836183038954,8.450752716435199,8.570165634155273,1142400,0.0,0.0
2025-02-13 00:00:00-05:00,8.570166609069805,8.606908982085892,8.551795860565397,8.560980796813965,567800,0.0,0.0
2025-02-14 00:00:00-05:00,8.579351307408627,8.680392601082154,8.570165496345444,8.597722053527832,480300,0.0,0.0
2025-02-18 00:00:00-05:00,8.588538836888324,8.671208524976247,8.570167211086119,8.643651962280273,498400,0.0,0.0
2025-02-19 00:00:00-05:00,8.643650827541041,8.689579010009766,8.616094268462694,8.689579010009766,399200,0.0,0.0
2025-02-20 00:00:00-05:00,8.689578076027693,8.71713463214418,8.616093342378983,8.680392265319824,572300,0.0,0.0
2025-02-21 00:00:00-05:00,8.680392265319824,8.70794882143631,8.662021519911209,8.680392265319824,507000,0.0,0.0
2025-02-24 00:00:00-05:00,8.671206454611955,8.72632044285205,8.662021519911209,8.680392265319824,466600,0.0,0.0
2025-02-25 00:00:00-05:00,8.717134456201165,8.726320266723633,8.671206279595935,8.726320266723633,658900,0.0,0.0
2025-02-26 00:00:00-05:00,8.726320266723633,8.79061918836669,8.707948645678698,8.726320266723633,594400,0.0,0.0
2025-02-27 00:00:00-05:00,8.72632044285205,8.763062809676406,8.680392265319824,8.680392265319824,670600,0.0,0.0
2025-02-28 00:00:00-05:00,8.685019194922814,8.860754013061523,8.675769761843279,8.860754013061523,534500,0.065,0.0
2025-03-03 00:00:00-05:00,8.851502675476157,8.953244653311064,8.759011010804958,8.823755264282227,949100,0.0,0.0
2025-03-04 00:00:00-05:00,8.731263675799239,8.870002511144172,8.71276569366455,8.71276569366455,1155900,0.0,0.0
2025-03-05 00:00:00-05:00,8.722012787417778,8.823753867068001,8.675766521367985,8.805255889892578,1237600,0.0,0.0
2025-03-06 00:00:00-05:00,8.759011274515377,8.768259823808936,8.62952188158796,8.64802074432373,956200,0.0,0.0
2025-03-07 00:00:00-05:00,8.60177540031938,8.768260772584345,8.60177540031938,8.759012222290039,649900,0.0,0.0
2025-03-10 00:00:00-04:00,8.76825955982007,8.870001537654975,8.749761579715548,8.823755264282227,1138300,0.0,0.0
2025-03-11 00:00:00-04:00,8.777509949318864,8.8422550919399,8.712765688772219,8.749762535095215,693700,0.0,0.0
2025-03-12 00:00:00-04:00,8.768260517219517,8.796008813517558,8.657269978250529,8.749762535095215,1058400,0.0,0.0
2025-03-13 00:00:00-04:00,8.722014427185059,8.786758682582409,8.694266133093917,8.722014427185059,454000,0.0,0.0
2025-03-14 00:00:00-04:00,8.703516504245059,8.81450704637118,8.69426707188261,8.796009063720703,533700,0.0,0.0
2025-03-17 00:00:00-04:00,8.79600810431827,8.953244909032005,8.78675867296468,8.906998634338379,911900,0.0,0.0
2025-03-18 00:00:00-04:00,8.907000817214138,8.907000817214138,8.842256546020508,8.842256546020508,302900,0.0,0.0
2025-03-19 00:00:00-04:00,8.842253869991627,8.925496101158977,8.842253869991627,8.88849925994873,381400,0.0,0.0
2025-03-20 00:00:00-04:00,8.860752104867306,8.916247809318827,8.860752104867306,8.897748947143555,434500,0.0,0.0
2025-03-21 00:00:00-04:00,8.925496874064272,8.925496874064272,8.879251480102539,8.879251480102539,425900,0.0,0.0
2025-03-24 00:00:00-04:00,8.89775014982849,9.008740691659527,8.888500717490633,8.94399642944336,448000,0.0,0.0
2025-03-25 00:00:00-04:00,8.971744290643219,8.98099372344115,8.907000025206628,8.925498008728027,427200,0.0,0.0
2025-03-26 00:00:00-04:00,8.92549686226544,9.036488277435055,8.916248312729929,9.027238845825195,529700,0.0,0.0
2025-03-27 00:00:00-04:00,8.962493197257203,9.128979428475217,8.962493197257203,9.045736312866211,699500,0.0,0.0
2025-03-28 00:00:00-04:00,9.082733659716279,9.184475643145879,9.0734851101926,9.175226211547852,764800,0.0,0.0
2025-03-31 00:00:00-04:00,9.207812309265137,9.217121858925738,9.151950571840556,9.207812309265137,697900,0.065,0.0
2025-04-01 00:00:00-04:00,9.207810144935959,9.207810144935959,9.058845842782405,9.133328437805176,681900,0.0,0.0
2025-04-02 00:00:00-04:00,9.07746965818771,9.142640951095323,9.07746965818771,9.105400085449219,429600,0.0,0.0
2025-04-03 00:00:00-04:00,9.030917764818433,9.142640354465968,8.919195175170898,8.919195175170898,892500,0.0,0.0
2025-04-04 00:00:00-04:00,8.90057479493627,8.919194781776824,8.39782271975087,8.44437313079834,1995300,0.0,0.0
2025-04-07 00:00:00-04:00,8.192997021744635,8.50954476915016,8.0905839929416,8.360580444335938,1587800,0.0,0.0
2025-04-08 00:00:00-04:00,8.611959402654476,8.779543761642502,8.192999393076787,8.2767915725708,1283000,0.0,0.0
2025-04-09 00:00:00-04:00,8.23954890768955,8.788851398695627,8.20230804579266,8.742300987243652,1106700,0.0,0.0
2025-04-10 00:00:00-04:00,8.723680525783465,8.863334430434444,8.528165769585875,8.593337059020996,1071100,0.0,0.0
2025-04-11 00:00:00-04:00,8.481613149869313,8.686438312122599,8.462993164878334,8.611956596374512,559500,0.0,0.0
2025-04-14 00:00:00-04:00,8.686439915657848,8.770232083315681,8.649199050909061,8.732991218566895,655200,0.0,0.0
2025-04-15 00:00:00-04:00,8.732992396806027,8.826094127292981,8.723681957389621,8.807474136352539,761600,0.0,0.0
2025-04-16 00:00:00-04:00,8.770230715071252,8.844712432948928,8.677128123778102,8.68643856048584,543100,0.0,0.0
2025-04-17 00:00:00-04:00,8.714371517973214,8.909886306255899,8.705061966449179,8.807474136352539,540300,0.0,0.0
2025-04-21 00:00:00-04:00,8.760920566147636,8.82609184945836,8.63988754864762,8.695749282836914,732700,0.0,0.0
2025-04-22 00:00:00-04:00,8.760921430292758,8.881954459731029,8.742301442321148,8.826092720031738,772700,0.0,0.0
2025-04-23 00:00:00-04:00,8.900574152142175,8.909883700944034,8.779541138796894,8.816781997680664,364700,0.0,0.0
2025-04-24 00:00:00-04:00,8.844713613605727,8.909884903475202,8.798162311745145,8.891264915466309,430100,0.0,0.0
2025-04-25 00:00:00-04:00,8.919193140486906,8.919193140486906,8.798160140672914,8.881952285766602,451900,0.0,0.0
2025-04-28 00:00:00-04:00,8.891263920972225,8.984365626387666,8.863333498136805,8.956435203552246,680300,0.0,0.0
2025-04-29 00:00:00-04:00,8.956434944687325,9.03091666202381,8.937814959299258,9.012296676635742,413800,0.0,0.0
2025-04-30 00:00:00-04:00,8.95137256076919,9.01698442830817,8.857640555232372,8.998238563537598,620400,0.065,0.0
2025-05-01 00:00:00-04:00,8.988865184204986,9.045103672411352,8.95137256076919,8.998238563537598,519400,0.0,0.0
2025-05-02 00:00:00-04:00,8.970118425539761,9.026357807640782,8.932625802103965,8.998238563537598,625600,0.0,0.0
2025-05-05 00:00:00-04:00,9.016983185234011,9.0451024254607,8.951371326740231,8.988863945007324,526400,0.0,0.0
2025-05-06 00:00:00-04:00,8.988863506099646,9.026356122536052,8.979490128516922,9.007609367370605,471800,0.0,0.0
2025-05-07 00:00:00-04:00,9.007609654345211,9.054475649857451,8.998237170358376,9.016983032226562,449800,0.0,0.0
2025-05-08 00:00:00-04:00,9.054478399204996,9.073225160660058,8.970119760446785,8.979493141174316,496600,0.0,0.0
2025-05-09 00:00:00-04:00,8.97949164880299,9.026357650756836,8.960745784358233,9.026357650756836,335400,0.0,0.0
2025-05-12 00:00:00-04:00,9.13883507244664,9.14820845115821,8.99823796735145,9.045103073120117,962300,0.0,0.0
2025-05-13 00:00:00-04:00,9.07322320925483,9.082595694071808,9.01698383088,9.045103073120117,669200,0.0,0.0
2025-05-14 00:00:00-04:00,9.073223810409191,9.073223810409191,8.988865184204986,8.998238563537598,607300,0.0,0.0
2025-05-15 00:00:00-04:00,9.026356677056102,9.120087776958098,8.998237436474957,9.091968536376953,393400,0.0,0.0
2025-05-16 00:00:00-04:00,9.12946211862559,9.223194122314453,9.07322363152798,9.223194122314453,543200,0.0,0.0
2025-05-19 00:00:00-04:00,9.176327991223467,9.204447234376218,9.157582127086506,9.185701370239258,443600,0.0,0.0
2025-05-20 00:00:00-04:00,9.166953925369574,9.260685920715332,9.157581440950644,9.260685920715332,463100,0.0,0.0
2025-05-21 00:00:00-04:00,9.26068619328623,9.26068619328623,9.101342332845189,9.138834953308105,533300,0.0,0.0
2025-05-22 00:00:00-04:00,9.138834015946065,9.185700010191352,9.016982788466112,9.073222160339355,446400,0.0,0.0
2025-05-23 00:00:00-04:00,9.09197056868045,9.157583336562086,9.026358694693554,9.129463195800781,568000,0.0,0.0
2025-05-27 00:00:00-04:00,9.166954195181647,9.176327573771022,9.101342332845189,9.138834953308105,859700,0.0,0.0
2025-05-28 00:00:00-04:00,9.157582824516775,9.16695531035174,9.063850815009591,9.110716819763184,587600,0.0,0.0
2025-05-29 00:00:00-04:00,9.148208748070715,9.195074749255049,9.101342746886381,9.185701370239258,603100,0.0,0.0
2025-05-30 00:00:00-04:00,9.237597155337358,9.256469083065962,9.190418235878887,9.24703311920166,527100,0.065,0.0
2025-06-02 00:00:00-04:00,9.21872615814209,9.247033149966132,9.180982302559308,9.21872615814209,359500,0.0,0.0
2025-06-03 00:00:00-04:00,9.23759651184082,9.23759651184082,9.180981632461872,9.23759651184082,518600,0.0,0.0
2025-06-04 00:00:00-04:00,9.228161856144848,9.237597820688789,9.143239974975586,9.143239974975586,446800,0.0,0.0
2025-06-05 00:00:00-04:00,9.152674393652246,9.190417345590202,9.124367404664518,9.133803367614746,364400,0.0,0.0
2025-06-06 00:00:00-04:00,9.124367685129963,9.180981664845623,9.124367685129963,9.152674674987793,400100,0.0,0.0
2025-06-09 00:00:00-04:00,9.133803648370234,9.180981664845623,9.086624732031861,9.152674674987793,515800,0.0,0.0
2025-06-10 00:00:00-04:00,9.209290202003807,9.256469121658983,9.15267531844499,9.162111282348633,777300,0.0,0.0
2025-06-11 00:00:00-04:00,9.17154721552718,9.218726135024303,9.17154721552718,9.190418243408203,337000,0.0,0.0
2025-06-12 00:00:00-04:00,9.190418266455003,9.256469113861828,9.190418266455003,9.21872615814209,626800,0.0,0.0
2025-06-13 00:00:00-04:00,9.17154752539392,9.256469403385273,9.162111561203087,9.18098258972168,563100,0.0,0.0
2025-06-16 00:00:00-04:00,9.180982933288245,9.228161856144848,9.096061951982092,9.143239974975586,485800,0.0,0.0
2025-06-17 00:00:00-04:00,9.152675014740842,9.180982005649446,9.067753142152016,9.1149320602417,727800,0.0,0.0
2025-06-18 00:00:00-04:00,9.086624789568633,9.133803706205743,9.086624789568633,9.096060752868652,376000,0.0,0.0
2025-06-20 00:00:00-04:00,9.048882114833953,9.152675014740842,9.048882114833953,9.1149320602417,444700,0.0,0.0
2025-06-23 00:00:00-04:00,9.114931721889691,9.180981664845623,9.114931721889691,9.152674674987793,516000,0.0,0.0
2025-06-24 00:00:00-04:00,9.180982611814946,9.23759749723311,9.171547547464481,9.209290504455566,395200,0.0,0.0
2025-06-25 00:00:00-04:00,9.209290194246394,9.247033149966132,9.162111274630961,9.21872615814209,467600,0.0,0.0
2025-06-26 00:00:00-04:00,9.237598384751834,9.265905380249023,9.209291389254643,9.265905380249023,522900,0.0,0.0
2025-06-27 00:00:00-04:00,9.275338844502834,9.294210769654718,9.23759589406198,9.256467819213867,571700,0.0,0.0
2025-06-30 00:00:00-04:00,9.261217752486738,9.3087113580315,9.232721951505953,9.299212455749512,652600,0.065,0.0
2025-07-01 00:00:00-04:00,9.261217459403932,9.327707961543316,9.242219655441163,9.2802152633667,504700,0.0,0.0
2025-07-02 00:00:00-04:00,9.308711986466822,9.318210889390086,9.223223671887931,9.25171947479248,471600,0.0,0.0
2025-07-03 00:00:00-04:00,9.242219655441163,9.289713259482932,9.242219655441163,9.2802152633667,182700,0.0,0.0
2025-07-07 00:00:00-04:00,9.299212468194213,9.308711370488913,9.223223061566971,9.270716667175293,635600,0.0,0.0
2025-07-08 00:00:00-04:00,9.204225861203351,9.223223667039893,9.137735352505937,9.166231155395508,773500,0.0,0.0
2025-07-09 00:00:00-04:00,9.2137244638058,9.261218070983887,9.166230856627712,9.261218070983887,498600,0.0,0.0
2025-07-10 00:00:00-04:00,9.270717603687162,9.327709211482196,9.213725090026855,9.213725090026855,1136100,0.0,0.0
2025-07-11 00:00:00-04:00,9.23272320454892,9.25172010582593,9.185229592558438,9.20422649383545,428900,0.0,0.0
2025-07-14 00:00:00-04:00,9.223224300977764,9.25172010582593,9.185229592558438,9.20422649383545,379100,0.0,0.0
2025-07-15 00:00:00-04:00,9.20422649383545,9.20422649383545,9.166231785416125,9.20422649383545,565700,0.0,0.0
2025-07-16 00:00:00-04:00,9.185229286129339,9.223223993281119,9.166231479620812,9.213725090026855,510200,0.0,0.0
2025-07-17 00:00:00-04:00,9.213724768964667,9.25171947479248,9.213724768964667,9.25171947479248,369600,0.0,0.0
2025-07-18 00:00:00-04:00,9.270716361385317,9.299212161464316,9.261217459403932,9.2802152633667,436900,0.0,0.0
2025-07-21 00:00:00-04:00,9.337207501201634,9.337207501201634,9.28021589715144,9.31821060180664,391400,0.0,0.0
2025-07-22 00:00:00-04:00,9.31821058839677,9.34670639038086,9.31821058839677,9.34670639038086,328600,0.0,0.0
2025-07-23 00:00:00-04:00,9.356205614464008,9.384701417427175,9.26121839676646,9.308712005615234,965400,0.0,0.0
2025-07-24 00:00:00-04:00,9.28021589715144,9.38470110848694,9.270716994521335,9.31821060180664,472800,0.0,0.0
2025-07-25 00:00:00-04:00,9.308711991270199,9.356205600045783,9.308711991270199,9.337207794189453,347400,0.0,0.0
2025-07-28 00:00:00-04:00,9.375202205856837,9.375202205856837,9.31821060180664,9.31821060180664,596900,0.0,0.0
2025-07-29 00:00:00-04:00,9.327708585147992,9.356205292997293,9.31821058839677,9.34670639038086,400800,0.0,0.0
2025-07-30 00:00:00-04:00,9.375201885317754,9.394199689928424,9.32770827965626,9.356204986572266,551400,0.0,0.0
2025-07-31 00:00:00-04:00,9.36098575592041,9.389670850314587,9.332300661526235,9.36098575592041,530800,0.065,0.0
2025-08-01 00:00:00-04:00,9.351424698426948,9.380110707601442,9.284492500785396,9.322739601135254,400800,0.0,0.0
2025-08-04 00:00:00-04:00,9.370547796670774,9.427917985695807,9.32273869789477,9.418356895446777,660700,0.0,0.0
2025-08-05 00:00:00-04:00,9.408794869515303,9.418356871622859,9.332300676420276,9.341862678527832,381200,0.0,0.0
2025-08-06 00:00:00-04:00,9.341863607251584,9.380110707601442,9.322739601135254,9.322739601135254,459300,0.0,0.0
2025-08-07 00:00:00-04:00,9.380109772053641,9.399232864379883,9.34186267551845,9.399232864379883,449200,0.0,0.0
2025-08-08 00:00:00-04:00,9.408796286453043,9.418358290000608,9.360987180598059,9.38967227935791,495400,0.0,0.0
2025-08-11 00:00:00-04:00,9.370548222356373,9.41835732330425,9.351424217224121,9.351424217224121,730700,0.0,0.0
2025-08-12 00:00:00-04:00,9.389670862275407,9.408794866484358,9.34186267551845,9.399232864379883,594700,0.0,0.0
2025-08-13 00:00:00-04:00,9.408793437372818,9.427916526794434,9.370546346647018,9.427916526794434,491000,0.0,0.0
2025-08-14 00:00:00-04:00,9.427917985695807,9.447041989959294,9.39923289118329,9.418356895446777,322900,0.0,0.0
2025-08-15 00:00:00-04:00,9.408796286453043,9.437481385212893,9.380111187693192,9.38967227935791,554900,0.0,0.0
2025-08-18 00:00:00-04:00,9.418356868588834,9.418356868588834,9.389670862275407,9.399232864379883,332900,0.0,0.0
2025-08-19 00:00:00-04:00,9.399233354147762,9.418357359353212,9.389671351545038,9.408795356750488,388000,0.0,0.0
2025-08-20 00:00:00-04:00,9.41835736925439,9.447042465209961,9.40879536664161,9.447042465209961,426200,0.0,0.0
2025-08-21 00:00:00-04:00,9.39923289118329,9.437479987827551,9.39923289118329,9.418356895446777,395100,0.0,0.0
2025-08-22 00:00:00-04:00,9.418356880488952,9.466165067306315,9.418356880488952,9.437479972839355,752900,0.0,0.0
2025-08-25 00:00:00-04:00,9.41835736925439,9.466165558552756,9.41835736925439,9.447042465209961,585200,0.0,0.0
2025-08-26 00:00:00-04:00,9.437480462597184,9.466165558552756,9.427918459984406,9.447042465209961,360600,0.0,0.0
2025-08-27 00:00:00-04:00,9.456603988924458,9.48528908342737,9.447041986795917,9.475727081298828,387100,0.0,0.0
2025-08-28 00:00:00-04:00,9.49485156033809,9.533098658882055,9.475727555124726,9.504412651062012,723200,0.0,0.0
2025-08-29 00:00:00-04:00,9.470726501753095,9.528474319169757,9.451476617357537,9.499600410461426,364100,0.065,0.0
2025-09-02 00:00:00-04:00,9.441852076375682,9.499599890632314,9.422602193033498,9.43222713470459,594800,0.0,0.0
2025-09-03 00:00:00-04:00,9.441851647334758,9.49959945896731,9.422601764867295,9.480350494384766,700700,0.0,0.0
2025-09-04 00:00:00-04:00,9.48035142039051,9.509225329027085,9.441852569580078,9.441852569580078,337200,0.0,0.0
2025-09-05 00:00:00-04:00,9.49959945896731,9.49959945896731,9.432226706101027,9.480350494384766,459600,0.0,0.0
2025-09-08 00:00:00-04:00,9.480351388467113,9.480351388467113,9.412977711361968,9.422602653503418,613500,0.0,0.0
2025-09-09 00:00:00-04:00,9.432227705161432,9.576598167419434,9.432227705161432,9.576598167419434,627500,0.0,0.0
2025-09-10 00:00:00-04:00,9.576597244805319,9.624721033550053,9.55734828003838,9.615096092224121,912900,0.0,0.0
2025-09-11 00:00:00-04:00,9.62472196080044,9.643971845306845,9.547724258544836,9.576598167419434,569800,0.0,0.0
2025-09-12 00:00:00-04:00,9.586223627566232,9.643972366320304,9.576598684793044,9.624722480773926,446300,0.0,0.0
2025-09-15 00:00:00-04:00,9.653595869675035,9.66322081192824,9.576598167419434,9.576598167419434,570200,0.0,0.0
2025-09-16 00:00:00-04:00,9.615096990975236,9.624721933200838,9.528474346714827,9.53809928894043,589700,0.0,0.0
2025-09-17 00:00:00-04:00,9.538099320502184,9.615097022791778,9.538099320502184,9.55734920501709,490300,0.0,0.0
2025-09-18 00:00:00-04:00,9.56697322516623,9.586223109672638,9.538099316291632,9.576598167419434,357700,0.0,0.0
2025-09-19 00:00:00-04:00,9.547722815158217,9.576596719667773,9.547722815158217,9.566971778869629,358900,0.0,0.0
2025-09-22 00:00:00-04:00,9.566972735778336,9.586222619300038,9.538098828380752,9.547723770141602,506500,0.0,0.0
2025-09-23 00:00:00-04:00,9.566973711611938,9.615097507439863,9.566973711611938,9.605472564697266,519800,0.0,0.0
2025-09-24 00:00:00-04:00,9.615096092224121,9.643970916201917,9.60547115089819,9.615096092224121,536300,0.0,0.0
2025-09-25 00:00:00-04:00,9.605470624177327,9.615095564975471,9.547722815158217,9.566971778869629,571300,0.0,0.0
2025-09-26 00:00:00-04:00,9.566973742019854,9.634347423547116,9.566973742019854,9.624722480773926,489300,0.0,0.0
2025-09-29 00:00:00-04:00,9.624721559472537,9.65359546714316,9.586222709950045,9.64397144317627,594800,0.0,0.0
2025-09-30 00:00:00-04:00,9.668188914905283,9.69725227355957,9.648814266347234,9.69725227355957,500400,0.065,0.0
2025-10-01 00:00:00-04:00,9.677877789749243,9.706941151672751,9.64881535170398,9.668190002441406,506700,0.0,0.0
2025-10-02 00:00:00-04:00,9.677877957347404,9.68756574482301,9.629439943847636,9.639127731323242,584500,0.0,0.0
2025-10-03 00:00:00-04:00,9.639127005243628,9.68756501509474,9.629439218497767,9.658502578735352,427400,0.0,0.0
2025-10-06 00:00:00-04:00,9.63912778973454,9.687565803527832,9.63912778973454,9.687565803527832,519900,0.0,0.0
2025-10-07 00:00:00-04:00,9.668188686483933,9.70693983044078,9.668188686483933,9.677876472473145,541200,0.0,0.0
2025-10-08 00:00:00-04:00,9.69725227355957,9.706940059777667,9.67787670112338,9.69725227355957,381000,0.0,0.0
2025-10-09 00:00:00-04:00,9.687565379592538,9.697253166702906,9.63912736791893,9.648815155029297,555100,0.0,0.0
2025-10-10 00:00:00-04:00,9.697253334377672,9.716627985055185,9.600377309355377,9.619752883911133,823800,0.0,0.0
2025-10-13 00:00:00-04:00,9.677877789749243,9.697253364364915,9.639127564396144,9.668190002441406,481300,0.0,0.0
2025-10-14 00:00:00-04:00,9.64881485396959,9.726315300677925,9.639127067161498,9.706940650939941,483600,0.0,0.0
2025-10-15 00:00:00-04:00,9.726315300677925,9.755377737224,9.687565077323757,9.706940650939941,517300,0.0,0.0
2025-10-16 00:00:00-04:00,9.697252801840603,9.726315238199993,9.64881479198949,9.658502578735352,628300,0.0,0.0
2025-10-17 00:00:00-04:00,9.677877957347404,9.68756574482301,9.619753080250293,9.639127731323242,462200,0.0,0.0
2025-10-20 00:00:00-04:00,9.658501824372843,9.70693983044078,9.658501824372843,9.677876472473145,426500,0.0,0.0
2025-10-21 00:00:00-04:00,9.687565577057079,9.687565577057079,9.639127564396144,9.668190002441406,463600,0.0,0.0
2025-10-22 00:00:00-04:00,9.687565077323757,9.706940650939941,9.677877290515665,9.706940650939941,377600,0.0,0.0
2025-10-23 00:00:00-04:00,9.706940322053482,9.784440766135978,9.697252535573627,9.76506519317627,530900,0.0,0.0
2025-10-24 00:00:00-04:00,9.784439983785765,9.92975307385187,9.774752198080533,9.910377502441406,734500,0.0,0.0
2025-10-27 00:00:00-04:00,9.82319147687217,9.891004137848432,9.813503689910357,9.852253913879395,710800,0.0,0.0
2025-10-28 00:00:00-04:00,9.852253322879703,9.891003544524258,9.803815314854466,9.842565536499023,452300,0.0,0.0
2025-10-29 00:00:00-04:00,9.842565764375506,9.900691560127157,9.832877977770533,9.86194133758545,629100,0.0,0.0
2025-10-30 00:00:00-04:00,9.86194133758545,9.891003773522185,9.842565764375506,9.86194133758545,413500,0.0,0.0
2025-10-31 00:00:00-04:00,9.866816212250592,9.925315532380099,9.78881773862135,9.915565490722656,584600,0.065,0.0
2025-11-03 00:00:00-05:00,9.85706648835095,9.905815768394524,9.691319494091914,9.808318138122559,735400,0.0,0.0
2025-11-04 00:00:00-05:00,9.720569910684222,9.76931919218556,9.720569910684222,9.730319023132324,524500,0.0,0.0
2025-11-05 00:00:00-05:00,9.759568229479717,9.84731674194336,9.710818952576014,9.84731674194336,591300,0.0,0.0
2025-11-06 00:00:00-05:00,9.8473170542208,9.876566249364524,9.749818497321526,9.769318580627441,467700,0.0,0.0
2025-11-07 00:00:00-05:00,9.769317948210086,9.886315651026273,9.769317948210086,9.837566375732422,518300,0.0,0.0
2025-11-10 00:00:00-05:00,9.905815445207404,9.944814682006836,9.857066166754326,9.944814682006836,780300,0.0,0.0
2025-11-11 00:00:00-05:00,9.93506401246855,9.954564094543457,9.905814819171276,9.954564094543457,396800,0.0,0.0
2025-11-12 00:00:00-05:00,9.935064321642521,9.954564404324262,9.876565933227539,9.876565933227539,442700,0.0,0.0
2025-11-13 00:00:00-05:00,9.876566874464267,9.905816071459206,9.808318438204338,9.81806755065918,453600,0.0,0.0
2025-11-14 00:00:00-05:00,9.808317805902755,9.89606539123085,9.769318569151885,9.85706615447998,397800,0.0,0.0
2025-11-17 00:00:00-05:00,9.85706616605861,9.866816207711567,9.769318580627441,9.769318580627441,422200,0.0,0.0
2025-11-18 00:00:00-05:00,9.759568848551895,9.866816520690918,9.759568848551895,9.866816520690918,359900,0.0,0.0
2025-11-19 00:00:00-05:00,9.866816212250592,9.915565490722656,9.827816975435972,9.915565490722656,478300,0.0,0.0
2025-11-20 00:00:00-05:00,9.925315520018497,9.964314756784546,9.8278169631958,9.8278169631958,516000,0.0,0.0
2025-11-21 00:00:00-05:00,9.88631597456841,9.90581512743503,9.827816656338307,9.876565933227539,502300,0.0,0.0
2025-11-24 00:00:00-05:00,9.896065721430823,9.983814239501953,9.88631660927917,9.983814239501953,498200,0.0,0.0
2025-11-25 00:00:00-05:00,9.983814886726027,10.032564169905292,9.95456568874456,10.003314971923828,581300,0.0,0.0
2025-11-26 00:00:00-05:00,9.983814248875296,10.09106285098078,9.983814248875296,10.071562767028809,634100,0.0,0.0
2025-11-28 00:00:00-05:00,10.086279319286053,10.135337286491238,9.978352539996964,10.027410507202148,487200,0.065,0.0
2025-12-01 00:00:00-05:00,10.05684531128506,10.076468873224977,9.890048777607513,9.919483184814453,662800,0.0,0.0
2025-12-02 00:00:00-05:00,9.919482436964415,9.939105997424871,9.831179222000957,9.84099006652832,630200,0.0,0.0
2025-12-03 00:00:00-05:00,9.84099063301281,9.90967216287511,9.811556226330636,9.899860382080078,607600,0.0,0.0
2025-12-04 00:00:00-05:00,9.919483184814453,9.95872937299135,9.870426151370532,9.919483184814453,468400,0.0,0.0
2025-12-05 00:00:00-05:00,9.90967236626121,9.958729399837376,9.831179989695821,9.870426177978516,546600,0.0,0.0
2025-12-08 00:00:00-05:00,9.89004823446994,9.89986001490106,9.772309676405166,9.811555862426758,740900,0.0,0.0
2025-12-09 00:00:00-05:00,9.801743507385254,9.850801470962026,9.791931727529334,9.801743507385254,434000,0.0,0.0
2025-12-10 00:00:00-05:00,9.860613822937012,9.899860008934953,9.791932295663456,9.860613822937012,960200,0.0,0.0
2025-12-11 00:00:00-05:00,9.850803199962916,9.890049390572212,9.821368790931693,9.831180572509766,658300,0.0,0.0
2025-12-12 00:00:00-05:00,9.850801668248373,9.870425228353223,9.801743703689096,9.821367263793945,597200,0.0,0.0
2025-12-15 00:00:00-05:00,9.840990268017231,9.860613828879467,9.811555862426758,9.811555862426758,562700,0.0,0.0
2025-12-16 00:00:00-05:00,9.811555483741522,9.840989888195947,9.791931923636671,9.821367263793945,476600,0.0,0.0
2025-12-17 00:00:00-05:00,9.840990268017231,9.85080204844835,9.801744081995638,9.811555862426758,448900,0.0,0.0
2025-12-18 00:00:00-05:00,9.840991029943343,9.88023721900352,9.791933059692383,9.791933059692383,690100,0.0,0.0
2025-12-19 00:00:00-05:00,9.811556445311135,9.831180007339167,9.76249847594399,9.772310256958008,752000,0.0,0.0
2025-12-22 00:00:00-05:00,9.772309682353594,9.811555868399076,9.703629090699724,9.762497901916504,760500,0.0,0.0
2025-12-23 00:00:00-05:00,9.76249789009072,9.919482634082481,9.76249789009072,9.860613822937012,688300,0.0,0.0
2025-12-24 00:00:00-05:00,9.840990438968038,9.89986018687451,9.840990438968038,9.880236625671387,172700,0.0,0.0
2025-12-26 00:00:00-05:00,9.870425983175348,9.899860389880716,9.840990640767062,9.850802421569824,392000,0.0,0.0
2025-12-29 00:00:00-05:00,9.840990438968038,9.909671967476074,9.831179594069376,9.880236625671387,812200,0.0,0.0
2025-12-30 00:00:00-05:00,9.880236625671387,9.919482812374737,9.880236625671387,9.880236625671387,530800,0.0,0.0
2025-12-31 00:00:00-05:00,9.875298727269568,9.904924359752451,9.855547677759729,9.865423202514648,380900,0.065,0.0
2026-01-02 00:00:00-05:00,9.855547872802251,9.92467560567286,9.796296606663894,9.816046714782715,951600,0.0,0.0
2026-01-05 00:00:00-05:00,9.825922416473722,9.845673466729702,9.569164413837436,9.72716999053955,1378200,0.0,0.0
2026-01-06 00:00:00-05:00,9.648168154767902,9.786421746334485,9.648168154767902,9.746920585632324,691200,0.0,0.0
2026-01-07 00:00:00-05:00,9.776546191020117,9.79629724220219,9.687669286046662,9.707419395446777,706100,0.0,0.0
2026-01-08 00:00:00-05:00,9.67779330668151,9.79629678287166,9.67779330668151,9.72716999053955,694200,0.0,0.0
2026-01-09 00:00:00-05:00,9.76667218890086,9.845674514770508,9.76667218890086,9.845674514770508,571800,0.0,0.0
2026-01-12 00:00:00-05:00,9.855548898589545,9.934552164633345,9.835798788415088,9.895051002502441,868800,0.0,0.0
2026-01-13 00:00:00-05:00,9.875298727269568,9.92467540926229,9.855547677759729,9.865423202514648,548300,0.0,0.0
2026-01-14 00:00:00-05:00,9.885174979216753,9.964177299504081,9.875299453735352,9.875299453735352,814400,0.0,0.0
2026-01-15 00:00:00-05:00,9.895050504698157,9.924676139360416,9.875299453735352,9.875299453735352,620500,0.0,0.0
2026-01-16 00:00:00-05:00,9.885174782111255,9.934551466751774,9.865423731542277,9.924675941467285,517400,0.0,0.0
2026-01-20 00:00:00-05:00,9.895050276535427,9.924675910514573,9.875299226028048,9.885174751281738,581200,0.0,0.0
2026-01-21 00:00:00-05:00,9.904925614669652,9.934552192687988,9.895051030445535,9.934552192687988,411000,0.0,0.0
2026-01-22 00:00:00-05:00,9.914800416182796,9.964177100823315,9.895050307395744,9.924675941467285,534800,0.0,0.0
2026-01-23 00:00:00-05:00,9.904925118409572,9.95430180418425,9.904925118409572,9.914800643920898,673900,0.0,0.0
2026-01-26 00:00:00-05:00,9.91480044685954,10.013553816446125,9.91480044685954,9.964177131652832,674600,0.0,0.0
2026-01-27 00:00:00-05:00,9.974052460683879,10.043179252964952,9.954301410442481,10.013553619384766,563600,0.0,0.0
2026-01-28 00:00:00-05:00,10.023428202723554,10.043179252964952,9.954301410442481,10.013553619384766,472500,0.0,0.0
2026-01-29 00:00:00-05:00,10.013553444440118,10.10243034362793,9.974052286429348,10.10243034362793,740900,0.0,0.0
2026-01-30 00:00:00-05:00,10.097461700439453,10.127276775168728,10.04776927735457,10.097461700439453,474000,0.065,0.0
2026-02-02 00:00:00-05:00,10.077585324739392,10.107400399542191,9.988139152526855,9.988139152526855,576800,0.0,0.0
2026-02-03 00:00:00-05:00,9.97820055758975,10.087523131271213,9.97820055758975,10.008015632629395,633000,0.0,0.0
2026-02-04 00:00:00-05:00,10.047769902940578,10.07758592733037,10.01795482635498,10.01795482635498,500800,0.0,0.0
2026-02-05 00:00:00-05:00,10.057708384375788,10.107400809599234,10.037831982968916,10.087523460388184,478600,0.0,0.0
2026-02-06 00:00:00-05:00,10.097461700439453,10.147154123524336,10.08752302626165,10.097461700439453,453700,0.0,0.0
2026-02-09 00:00:00-05:00,10.087523381537148,10.097462056064986,10.037831904506303,10.067646980285645,730700,0.0,0.0
2026-02-10 00:00:00-05:00,10.10740097254028,10.137216049033324,10.06764722128149,10.127277374267578,943000,0.0,0.0
2026-02-11 00:00:00-05:00,10.137215345672836,10.186907768249512,10.10740027124848,10.186907768249512,500900,0.0,0.0
2026-02-12 00:00:00-05:00,10.186907853707295,10.286292699694386,10.157092779032823,10.206785202026367,799300,0.0,0.0
2026-02-13 00:00:00-05:00,10.256476894887802,10.385676818291362,10.256476894887802,10.375738143920898,1032600,0.0,0.0
2026-02-17 00:00:00-05:00,10.335984749055452,10.42543092585181,10.30616967272473,10.34592342376709,874600,0.0,0.0
2026-02-18 00:00:00-05:00,10.385677095872776,10.405554445144972,10.266415843652146,10.32604694366455,886000,0.0,0.0
2026-02-19 00:00:00-05:00,10.326046235851374,10.415491458032564,10.316107561896537,10.385676383972168,563800,0.0,0.0
2026-02-20 00:00:00-05:00,10.35586218275143,10.455247035068187,10.345923507958915,10.365800857543945,758700,0.0,0.0
2026-02-23 00:00:00-05:00,10.316107972763009,10.524815395106346,10.316107972763009,10.485061645507812,949100,0.0,0.0
2026-02-24 00:00:00-05:00,10.445308058949115,10.55463063510045,10.43536938444331,10.524815559387207,645400,0.0,0.0
2026-02-25 00:00:00-05:00,10.52481520483217,10.56456895371201,10.44530770707249,10.554630279541016,546600,0.0,0.0
2026-02-26 00:00:00-05:00,10.554630033587218,10.584445107601285,10.494999885559082,10.494999885559082,716900,0.0,0.0
2026-02-27 00:00:00-05:00,10.5,10.619999885559082,10.5,10.539999961853027,818200,0.065,0.0
2026-03-02 00:00:00-05:00,10.5,10.600000381469727,10.5,10.550000190734863,517000,0.0,0.0
2026-03-03 00:00:00-05:00,10.539999961853027,10.569999694824219,10.399999618530273,10.520000457763672,585500,0.0,0.0
2026-03-04 00:00:00-05:00,10.550000190734863,10.59000015258789,10.479999542236328,10.59000015258789,462100,0.0,0.0
2026-03-05 00:00:00-05:00,10.550000190734863,10.609999656677246,10.390000343322754,10.40999984741211,1012300,0.0,0.0
2026-03-06 00:00:00-05:00,10.359999656677246,10.430000305175781,10.260000228881836,10.350000381469727,861200,0.0,0.0
2026-03-09 00:00:00-04:00,10.289999961853027,10.289999961853027,10.050000190734863,10.220000267028809,1810100,0.0,0.0
2026-03-10 00:00:00-04:00,10.270000457763672,10.430000305175781,10.210000038146973,10.3100004196167,901800,0.0,0.0
2026-03-11 00:00:00-04:00,10.270000457763672,10.390000343322754,10.210000038146973,10.210000038146973,469300,0.0,0.0
2026-03-12 00:00:00-04:00,10.1899995803833,10.329999923706055,10.140000343322754,10.260000228881836,989000,0.0,0.0
2026-03-13 00:00:00-04:00,10.279999732971191,10.390000343322754,10.279999732971191,10.319999694824219,437100,0.0,0.0
2026-03-16 00:00:00-04:00,10.359999656677246,10.420000076293945,10.329999923706055,10.329999923706055,672400,0.0,0.0
2026-03-17 00:00:00-04:00,10.350000381469727,10.420000076293945,10.300000190734863,10.300000190734863,608300,0.0,0.0
2026-03-18 00:00:00-04:00,10.25,10.319999694824219,10.239999771118164,10.3100004196167,524000,0.0,0.0
2026-03-19 00:00:00-04:00,10.25,10.289999961853027,10.130000114440918,10.1899995803833,793700,0.0,0.0
2026-03-20 00:00:00-04:00,10.180000305175781,10.220000267028809,9.859999656677246,9.90999984741211,1272800,0.0,0.0
2026-03-23 00:00:00-04:00,10.09000015258789,10.15999984741211,9.979999542236328,9.989999771118164,1117934,0.0,0.0
