Date,Open,High,Low,Close,Volume,Dividends,Stock Splits
2022-01-03 00:00:00-05:00,24.777846317123192,25.01204145514225,24.103363176097357,24.187673568725586,26600,0.0,0.0
2022-01-04 00:00:00-05:00,24.27198320833979,24.796579800932605,24.08462638903026,24.656063079833984,12600,0.0,0.0
2022-01-05 00:00:00-05:00,24.731003967358888,24.731003967358888,23.897269923632113,24.01905059814453,21600,0.0,0.0
2022-01-06 00:00:00-05:00,24.075262043833337,24.70290511493495,24.019053921573118,24.365663528442383,17100,0.0,0.0
2022-01-07 00:00:00-05:00,24.421869863935413,24.496812240181853,23.86916916908024,24.365663528442383,9700,0.0,0.0
2022-01-10 00:00:00-05:00,24.12210049213248,24.58112277252216,23.934743657098355,24.449974060058594,16100,0.0,0.0
2022-01-11 00:00:00-05:00,24.225143026916882,24.731003541177124,24.12209660557426,24.553014755249023,25000,0.0,0.0
2022-01-12 00:00:00-05:00,24.47807915565499,25.26497509465989,24.403136770357733,25.021411895751953,26200,0.0,0.0
2022-01-13 00:00:00-05:00,25.161929650019104,25.81767505430931,25.105721522716557,25.199399948120117,15700,0.0,0.0
2022-01-14 00:00:00-05:00,25.16192687235891,25.227501226872352,24.609226188935406,25.002674102783203,18800,0.0,0.0
2022-01-18 00:00:00-05:00,24.908993065719205,25.461693690963642,24.908993065719205,24.974567413330078,17200,0.0,0.0
2022-01-19 00:00:00-05:00,25.190029988411123,25.54600762019701,24.150204728076417,24.32819175720215,17400,0.0,0.0
2022-01-20 00:00:00-05:00,24.459340940582624,24.834052806420576,23.83169789526638,23.981582641601562,16400,0.0,0.0
2022-01-21 00:00:00-05:00,23.65370663201005,24.590487092683713,23.22278847774829,23.541292190551758,21700,0.0,0.0
2022-01-24 00:00:00-05:00,23.400777199007514,24.271983377359554,21.864457702332466,24.243879318237305,20900,0.0,0.0
2022-01-25 00:00:00-05:00,23.58813605596415,24.22514715692456,23.494457637569877,23.934743881225586,11500,0.0,0.0
2022-01-26 00:00:00-05:00,23.97221659034628,24.918365246019743,23.250895072639693,23.588136672973633,21400,0.0,0.0
2022-01-27 00:00:00-05:00,23.681808929661027,24.356290168000374,23.232152984001328,23.831693649291992,17300,0.0,0.0
2022-01-28 00:00:00-05:00,23.588134751493257,23.878536224365234,23.419513965062073,23.878536224365234,10700,0.0,0.0
2022-01-31 00:00:00-05:00,24.243879747071094,24.76847813936331,23.5600303772371,24.206409454345703,29300,0.0,0.0
2022-02-01 00:00:00-05:00,24.421867368815406,24.421867368815406,23.447616577148438,23.447616577148438,22100,0.0,0.0
2022-02-02 00:00:00-05:00,23.578763790789658,23.906637302762096,23.194683952605832,23.204051971435547,16300,0.0,0.0
2022-02-03 00:00:00-05:00,24.019054810386546,24.019054810386546,23.072906158534007,23.213424682617188,12300,0.0,0.0
2022-02-04 00:00:00-05:00,23.082272996935625,23.653709724419777,23.054170722972252,23.428882598876953,20000,0.0,0.0
2022-02-07 00:00:00-05:00,23.76679674245358,23.89820815943405,23.137896433502878,23.41949462890625,8100,0.05,0.0
2022-02-08 00:00:00-05:00,23.457040072115323,23.832502543769266,23.31624186903838,23.757410049438477,13100,0.0,0.0
2022-02-09 00:00:00-05:00,23.738638080058085,24.010847698465156,23.410107748590562,23.541519165039062,17000,0.0,0.0
2022-02-10 00:00:00-05:00,23.513361261131315,24.376925924325548,23.12851196680691,23.194217681884766,19300,0.0,0.0
2022-02-11 00:00:00-05:00,23.24115008329015,23.269310440902615,23.100351875920516,23.166057586669922,8200,0.0,0.0
2022-02-14 00:00:00-05:00,23.166056225484358,23.278694068623185,23.100350518595672,23.231761932373047,11300,0.0,0.0
2022-02-15 00:00:00-05:00,23.4664249420166,24.142257335822066,23.400719238634338,23.4664249420166,15900,0.0,0.0
2022-02-16 00:00:00-05:00,23.954527927126815,23.954527927126815,23.335014428179242,23.381946563720703,7800,0.0,0.0
2022-02-17 00:00:00-05:00,23.37256369654076,23.438269413451692,23.100354042145966,23.13789939880371,12800,0.0,0.0
2022-02-18 00:00:00-05:00,22.92200568397566,23.31624172435249,22.884458541870117,22.884458541870117,11900,0.0,0.0
2022-02-22 00:00:00-05:00,22.818751510384864,22.87507222027742,22.208624809318223,22.415128707885742,25700,0.0,0.0
2022-02-23 00:00:00-05:00,22.631024222273613,22.83752814858506,22.349426006016454,22.377586364746094,42100,0.0,0.0
2022-02-24 00:00:00-05:00,22.208625267301173,22.968936963067986,21.927028873416045,22.433902740478516,48800,0.0,0.0
2022-02-25 00:00:00-05:00,22.631023324457498,23.278695436427096,22.537157256095625,23.166057586669922,21900,0.0,0.0
2022-02-28 00:00:00-05:00,22.968938565943674,23.898208879028704,22.968938565943674,23.288082122802734,20500,0.0,0.0
2022-03-01 00:00:00-05:00,23.28808005133178,23.28808005133178,21.64543027434265,21.880094528198242,22400,0.0,0.0
2022-03-02 00:00:00-05:00,22.218008131144742,22.386966653794236,21.664200435947354,21.851932525634766,32600,0.0,0.0
2022-03-03 00:00:00-05:00,22.311877359051625,22.386969847570274,21.448312845914046,21.4952449798584,105500,0.0,0.0
2022-03-04 00:00:00-05:00,21.31690217325221,21.898870370966012,21.269970033748706,21.72991180419922,18400,0.0,0.0
2022-03-07 00:00:00-05:00,21.767459502083213,22.255559852519937,21.72052557103883,21.917644500732422,25900,0.0,0.0
2022-03-08 00:00:00-05:00,21.842551717168575,22.058442426124103,21.410768508911133,21.410768508911133,13900,0.0,0.0
2022-03-09 00:00:00-05:00,21.598501479584527,21.870711125170015,21.598501479584527,21.692367553710938,8100,0.0,0.0
2022-03-10 00:00:00-05:00,21.457702172455445,21.776845734049083,21.401381456635608,21.72991180419922,13800,0.0,0.0
2022-03-11 00:00:00-05:00,21.77684547112735,22.067828671297896,21.607886906400466,21.758071899414062,12500,0.0,0.0
2022-03-14 00:00:00-04:00,22.11475953747848,22.452676647484317,21.870708490290514,21.992734909057617,10700,0.0,0.0
2022-03-15 00:00:00-04:00,21.889483967977945,22.227401107423784,21.60788754533734,21.701753616333008,8300,0.0,0.0
2022-03-16 00:00:00-04:00,21.776842037240197,21.927027006571837,21.645428846315472,21.898866653442383,14400,0.0,0.0
2022-03-17 00:00:00-04:00,21.748680670570558,21.81438636779785,21.66420140546519,21.81438636779785,4800,0.0,0.0
2022-03-18 00:00:00-04:00,21.70175496056739,22.15230998083886,21.420156730137837,21.927032470703125,43800,0.0,0.0
2022-03-21 00:00:00-04:00,21.823775349799075,21.945799972604785,21.767456430838454,21.908254623413086,11000,0.0,0.0
2022-03-22 00:00:00-04:00,22.058443606732382,22.208628611465393,21.786232166687245,22.124149322509766,8900,0.0,0.0
2022-03-23 00:00:00-04:00,22.058439186635724,22.058439186635724,21.645429611206055,21.645429611206055,8600,0.0,0.0
2022-03-24 00:00:00-04:00,21.739300337495703,21.79561926749589,21.420156750250452,21.514022827148438,7900,0.0,0.0
2022-03-25 00:00:00-04:00,21.607887436039594,22.002123499950137,21.410768508911133,21.410768508911133,9700,0.0,0.0
2022-03-28 00:00:00-04:00,21.30751744264992,21.429542081084584,21.138558873781633,21.410768508911133,15900,0.0,0.0
2022-03-29 00:00:00-04:00,21.42953984948137,21.92702871819262,21.42953984948137,21.6829776763916,8100,0.0,0.0
2022-03-30 00:00:00-04:00,21.692362464791838,21.692362464791838,21.232420778853538,21.26996612548828,13700,0.0,0.0
2022-03-31 00:00:00-04:00,21.30751763864247,21.57972727627583,21.176104422565928,21.45770263671875,21500,0.0,0.0
2022-04-01 00:00:00-04:00,21.41076832687598,21.720525103718817,21.41076832687598,21.48586082458496,18500,0.0,0.0
2022-04-04 00:00:00-04:00,21.50463385311406,21.62666027777367,21.420154571533203,21.420154571533203,13900,0.0,0.0
2022-04-05 00:00:00-04:00,21.448319998356276,21.485865359962904,21.13856315612793,21.13856315612793,13700,0.0,0.0
2022-04-06 00:00:00-04:00,21.166717368227598,21.37322308072602,20.950826660021406,21.072853088378906,15400,0.0,0.0
2022-04-07 00:00:00-04:00,21.119786050178575,21.119786050178575,20.75371033155301,20.819416046142578,33000,0.0,0.0
2022-04-08 00:00:00-04:00,20.969603359284246,20.969603359284246,20.60352760031236,20.669233322143555,9300,0.0,0.0
2022-04-11 00:00:00-04:00,20.71616136238483,20.71616136238483,20.472110308000982,20.575363159179688,7800,0.0,0.0
2022-04-12 00:00:00-04:00,20.603523591729896,20.65045572952211,20.190513975842492,20.33131217956543,13200,0.0,0.0
2022-04-13 00:00:00-04:00,20.359471636929687,20.462722693579995,20.181126298575567,20.415790557861328,7800,0.0,0.0
2022-04-14 00:00:00-04:00,20.472110666272986,20.53781637622885,20.22805960761812,20.42517852783203,8300,0.0,0.0
2022-04-18 00:00:00-04:00,20.425179975433345,20.575364977504098,20.340700687975243,20.40640640258789,5500,0.0,0.0
2022-04-19 00:00:00-04:00,20.415791843714338,20.92266753506245,20.415791843714338,20.885120391845703,13500,0.0,0.0
2022-04-20 00:00:00-04:00,20.913277275901077,21.420151092719315,20.885116923165498,21.26996612548828,11000,0.0,0.0
2022-04-21 00:00:00-04:00,21.269970033748706,22.44329142479992,21.269970033748706,21.72991180419922,20000,0.0,0.0
2022-04-22 00:00:00-04:00,21.589111984417002,22.255557625439337,21.589111984417002,21.823776245117188,10300,0.0,0.0
2022-04-25 00:00:00-04:00,21.983350568920518,22.124148783635004,21.692367353131054,22.058443069458008,11800,0.0,0.0
2022-04-26 00:00:00-04:00,21.93642324884472,22.189859374894645,21.22304344177246,21.22304344177246,20000,0.0,0.0
2022-04-27 00:00:00-04:00,21.373224162366277,21.701754529501844,21.082239151000977,21.082239151000977,15700,0.0,0.0
2022-04-28 00:00:00-04:00,21.138556907021385,21.682977916973087,20.941437998233134,21.363834381103516,30000,0.0,0.0
2022-04-29 00:00:00-04:00,21.354448858865776,21.354448858865776,20.88512031251708,21.12917137145996,16000,0.0,0.0
2022-05-02 00:00:00-04:00,21.025919604664846,21.16671781777459,20.697389247177846,20.969600677490234,20000,0.0,0.0
2022-05-03 00:00:00-04:00,20.725551489663985,21.007147941477502,20.706777915450665,20.847576141357422,12100,0.0,0.0
2022-05-04 00:00:00-04:00,20.978986576871254,21.46708869934082,20.903894080364115,21.46708869934082,21700,0.0,0.0
2022-05-05 00:00:00-04:00,21.21364870791005,21.485858308852784,20.76309377441067,21.007143020629883,9400,0.0,0.0
2022-05-06 00:00:00-04:00,21.016552139562098,22.295984706350993,20.706101801368327,20.828399658203125,13400,0.05,0.0
2022-05-09 00:00:00-04:00,20.74373255663893,21.39285668533152,20.74373255663893,20.997737884521484,17800,0.0,0.0
2022-05-10 00:00:00-04:00,21.110631971894463,21.232929849536387,20.555584031243086,20.809589385986328,13100,0.0,0.0
2022-05-11 00:00:00-04:00,20.88484764099121,21.063590534434667,20.82840081683051,20.88484764099121,15300,0.0,0.0
2022-05-12 00:00:00-04:00,20.724917690648553,20.781362718083006,20.452096768397727,20.640249252319336,11300,0.0,0.0
2022-05-13 00:00:00-04:00,20.659061354331172,20.978919473895562,20.659061354331172,20.753137588500977,9800,0.0,0.0
2022-05-16 00:00:00-04:00,20.564990322518632,20.866032886266446,20.38624562741016,20.78136444091797,14000,0.0,0.0
2022-05-17 00:00:00-04:00,21.007145983103882,21.11063003540039,20.715511229051675,21.11063003540039,12300,0.0,0.0
2022-05-18 00:00:00-04:00,21.562194263522066,21.562194263522066,20.687288191157975,20.78136444091797,18900,0.0,0.0
2022-05-19 00:00:00-04:00,20.997735634198396,21.1952959106085,20.574395260785266,20.58380126953125,20200,0.0,0.0
2022-05-20 00:00:00-04:00,21.082403212032137,21.082403212032137,20.517947609370516,20.687284469604492,16600,0.0,0.0
2022-05-23 00:00:00-04:00,20.894257792826817,21.42108415663607,20.894257792826817,21.157670974731445,23100,0.0,0.0
2022-05-24 00:00:00-04:00,20.913070015085427,21.176483154296875,20.82840157013729,21.176483154296875,13800,0.0,0.0
2022-05-25 00:00:00-04:00,21.30819095136461,21.30819095136461,20.91307210032775,20.988332748413086,10500,0.0,0.0
2022-05-26 00:00:00-04:00,21.016554452805032,21.129444518561925,20.800180331474955,20.847217559814453,33700,0.0,0.0
2022-05-27 00:00:00-04:00,20.847216440172748,21.787975311279297,20.847216440172748,21.787975311279297,16700,0.0,0.0
2022-05-31 00:00:00-04:00,21.74093744038572,22.220724665736803,21.618637785931767,22.051387786865234,20300,0.0,0.0
2022-06-01 00:00:00-04:00,21.99494335769017,22.051390186359612,21.40226601150333,21.628047943115234,34200,0.0,0.0
2022-06-02 00:00:00-04:00,21.430485394031564,21.86323356628418,21.430485394031564,21.86323356628418,17100,0.0,0.0
2022-06-03 00:00:00-04:00,21.787975311279297,21.863235949193616,21.411672121707706,21.787975311279297,13700,0.0,0.0
2022-06-06 00:00:00-04:00,21.740937800203298,21.816198437130122,21.56219311461892,21.722122192382812,16300,0.0,0.0
2022-06-07 00:00:00-04:00,21.8820530948556,21.92909032397405,21.628047751163304,21.816200256347656,23500,0.0,0.0
2022-06-08 00:00:00-04:00,21.759753338932295,21.769161143588455,21.468118572012425,21.56219482421875,14900,0.0,0.0
2022-06-09 00:00:00-04:00,21.740937983732664,21.740937983732664,21.270558550380457,21.279966354370117,16700,0.0,0.0
2022-06-10 00:00:00-04:00,21.27996603146899,21.27996603146899,20.818992614746094,20.818992614746094,20700,0.0,0.0
2022-06-13 00:00:00-04:00,20.536766718868627,21.62804689951378,19.878234771009733,19.97231101989746,22200,0.0,0.0
2022-06-14 00:00:00-04:00,19.962902069091797,21.62804565740222,19.76534357269315,19.962902069091797,15100,0.0,0.0
2022-06-15 00:00:00-04:00,20.038163947811057,20.62143525810871,20.038163947811057,20.527359008789062,19800,0.0,0.0
2022-06-16 00:00:00-04:00,20.028758129921506,21.1012227171294,20.028758129921506,20.386245727539062,31800,0.0,0.0
2022-06-17 00:00:00-04:00,20.329798963794335,20.847215604417894,20.113423068404323,20.198091506958008,47100,0.0,0.0
2022-06-21 00:00:00-04:00,20.4144678918402,20.91306893710601,20.4144678918402,20.423873901367188,22500,0.0,0.0
2022-06-22 00:00:00-04:00,20.348615824470745,20.706105239541593,20.348615824470745,20.508544921875,13300,0.0,0.0
2022-06-23 00:00:00-04:00,20.499138549470143,20.583805204855828,20.12283353090779,20.18868637084961,16200,0.0,0.0
2022-06-24 00:00:00-04:00,20.320396917205937,21.138856329299742,20.132244379479122,20.245136260986328,124800,0.0,0.0
2022-06-27 00:00:00-04:00,20.508539806651417,20.706100075042688,20.414465368170227,20.687284469604492,17400,0.0,0.0
2022-06-28 00:00:00-04:00,20.89425440734496,21.25174379588858,20.50854340005409,20.527359008789062,12100,0.0,0.0
2022-06-29 00:00:00-04:00,20.50854302553038,20.640250489914752,20.50854302553038,20.55558204650879,28200,0.0,0.0
2022-06-30 00:00:00-04:00,20.50853938711828,20.65906063883492,20.376833740454934,20.414464950561523,25500,0.0,0.0
2022-07-01 00:00:00-04:00,20.461508621633087,20.66847495942418,20.461508621633087,20.659067153930664,10800,0.0,0.0
2022-07-05 00:00:00-04:00,20.51795447057115,20.51795447057115,20.16987462534115,20.348617553710938,16500,0.0,0.0
2022-07-06 00:00:00-04:00,20.329800788927354,20.43328304972927,20.2733539619206,20.29216957092285,10100,0.0,0.0
2022-07-07 00:00:00-04:00,20.310986047701274,20.41447010727973,20.13224134325358,20.23572540283203,16000,0.0,0.0
2022-07-08 00:00:00-04:00,20.36742887507142,20.36742887507142,20.169870376586914,20.169870376586914,11600,0.0,0.0
2022-07-11 00:00:00-04:00,20.122828532146325,20.122828532146325,19.83119383012598,19.878231048583984,16100,0.0,0.0
2022-07-12 00:00:00-04:00,19.897048865084926,20.00053291041969,19.878233257868594,19.991125106811523,15800,0.0,0.0
2022-07-13 00:00:00-04:00,19.962905947467405,20.254542538364916,19.812384646390502,20.21691131591797,22900,0.0,0.0
2022-07-14 00:00:00-04:00,20.00994573510197,20.08520638849731,19.699495315551758,19.699495315551758,12400,0.0,0.0
2022-07-15 00:00:00-04:00,19.944085425435397,20.188681111686165,19.69948794482978,20.113420486450195,18100,0.0,0.0
2022-07-18 00:00:00-04:00,20.245134393991457,20.27335601599899,19.906460575057732,19.944091796875,7400,0.0,0.0
2022-07-19 00:00:00-04:00,20.226317500368935,20.687289172264013,20.160464660720397,20.329801559448242,19700,0.0,0.0
2022-07-20 00:00:00-04:00,20.320395612295364,20.71551448066394,20.320395612295364,20.63084602355957,18100,0.0,0.0
2022-07-21 00:00:00-04:00,20.828398167205698,21.68448848683135,20.790768750240627,21.59041404724121,37400,0.0,0.0
2022-07-22 00:00:00-04:00,21.759757075810818,21.872648956716777,21.656274795532227,21.656274795532227,8300,0.0,0.0
2022-07-25 00:00:00-04:00,21.778569968677186,22.098428164552455,21.778569968677186,21.9196834564209,51300,0.0,0.0
2022-07-26 00:00:00-04:00,21.985536651165344,23.058001240954546,21.882052596236477,22.84162712097168,45800,0.0,0.0
2022-07-27 00:00:00-04:00,23.010959699744028,23.010959699744028,22.40887463374704,22.662879943847656,19800,0.0,0.0
2022-07-28 00:00:00-04:00,22.258353683220335,23.217928116541124,22.258353683220335,23.076814651489258,28600,0.0,0.0
2022-07-29 00:00:00-04:00,23.50015754880773,23.528380962565198,23.340228459559263,23.509565353393555,24900,0.0,0.0
2022-08-01 00:00:00-04:00,23.51897422433845,25.861463841759917,23.1426709956201,23.264968872070312,34200,0.0,0.0
2022-08-02 00:00:00-04:00,23.283782471544633,23.415488141634462,22.578213305740253,22.709918975830078,16900,0.0,0.0
2022-08-03 00:00:00-04:00,22.738145066396093,22.7475528717041,22.474731900837995,22.7475528717041,13400,0.0,0.0
2022-08-04 00:00:00-04:00,22.69110459124355,22.69110459124355,22.446507071258868,22.57821273803711,10900,0.0,0.0
2022-08-05 00:00:00-04:00,22.521628508814818,23.502470849329466,22.502767539845344,22.6253719329834,13100,0.06,0.0
2022-08-08 00:00:00-04:00,22.870584521676598,22.870584521676598,22.483906741713167,22.74798011779785,12900,0.0,0.0
2022-08-09 00:00:00-04:00,22.63480529980364,22.85172175220211,22.465043972238682,22.74798011779785,14000,0.0,0.0
2022-08-10 00:00:00-04:00,23.1440837462747,23.20067024230957,22.729111911363653,23.20067024230957,9200,0.0,0.0
2022-08-11 00:00:00-04:00,23.342137928009034,23.662797744463607,23.03090949425634,23.577917098999023,32500,0.0,0.0
2022-08-12 00:00:00-04:00,23.57791764329909,23.955163965821406,23.57791764329909,23.83255958557129,11100,0.0,0.0
2022-08-15 00:00:00-04:00,24.15322031817673,24.15322031817673,23.80426633243171,23.974027633666992,13400,0.0,0.0
2022-08-16 00:00:00-04:00,24.2475294340233,25.23780304590359,24.2475294340233,24.80396842956543,128900,0.0,0.0
2022-08-17 00:00:00-04:00,24.662500755882856,24.9642978048546,23.974026013059536,24.709657669067383,25200,0.0,0.0
2022-08-18 00:00:00-04:00,24.6625009315883,25.002023513526556,24.587051668807838,24.917142868041992,33300,0.0,0.0
2022-08-19 00:00:00-04:00,24.719084887346085,24.96429541588315,24.483305740543386,24.700223922729492,12100,0.0,0.0
2022-08-22 00:00:00-04:00,24.596484875856138,25.068043252923054,24.13435788219286,24.54932975769043,31200,0.0,0.0
2022-08-23 00:00:00-04:00,24.530468813870463,24.8888524155796,24.077773169968637,24.426725387573242,20600,0.0,0.0
2022-08-24 00:00:00-04:00,24.521036096181014,24.521036096181014,24.153221130371094,24.153221130371094,10800,0.0,0.0
2022-08-25 00:00:00-04:00,24.464446292655527,24.756811949138147,24.07776861183431,24.65306854248047,23500,0.0,0.0
2022-08-26 00:00:00-04:00,24.803970134007688,24.803970134007688,23.94573402404785,23.94573402404785,18600,0.0,0.0
2022-08-29 00:00:00-04:00,23.841990786336986,23.9645951656504,23.436450318154215,23.747678756713867,11600,0.0,0.0
2022-08-30 00:00:00-04:00,23.568484454184283,23.85142052353219,23.474172431068315,23.67222785949707,18600,0.0,0.0
2022-08-31 00:00:00-04:00,23.59677922564265,23.691091251256104,23.276119417868276,23.361000061035156,17100,0.0,0.0
2022-09-01 00:00:00-04:00,23.360999497824363,23.360999497824363,22.813991921076884,23.10635757446289,8400,0.0,0.0
2022-09-02 00:00:00-04:00,23.389292948547258,23.57791700412115,23.313843686088163,23.332706451416016,11800,0.0,0.0
2022-09-06 00:00:00-04:00,23.32327821641589,23.417590256931003,22.710252651346476,22.870582580566406,11600,0.0,0.0
2022-09-07 00:00:00-04:00,22.813994878356663,23.30441422535995,22.813994878356663,23.21010398864746,10100,0.0,0.0
2022-09-08 00:00:00-04:00,23.106359827746655,23.58734957471714,22.974324061506586,23.398725509643555,18800,0.0,0.0
2022-09-09 00:00:00-04:00,23.483603813265134,23.728814353825765,23.408154554542804,23.67222785949707,11000,0.0,0.0
2022-09-12 00:00:00-04:00,23.851418152090055,24.143783775713924,23.69108826838947,23.785398483276367,17000,0.0,0.0
2022-09-13 00:00:00-04:00,23.427021352166918,24.42672465206125,22.94603157043457,22.94603157043457,20600,0.0,0.0
2022-09-14 00:00:00-04:00,23.068630546575104,23.068630546575104,22.63479778579635,22.710247039794922,20400,0.0,0.0
2022-09-15 00:00:00-04:00,22.71967887878418,23.040338664446516,22.568780367749213,22.71967887878418,22600,0.0,0.0
2022-09-16 00:00:00-04:00,22.559348353986614,23.153510999685693,21.757698912287783,22.05949592590332,99900,0.0,0.0
2022-09-19 00:00:00-04:00,22.068930133994698,22.917734793215203,22.068930133994698,22.889442443847656,21900,0.0,0.0
2022-09-20 00:00:00-04:00,22.5970730583678,22.72911060667302,22.370725288368792,22.606504440307617,24100,0.0,0.0
2022-09-21 00:00:00-04:00,22.78570021999574,23.049773553919245,22.5499210357666,22.5499210357666,10300,0.0,0.0
2022-09-22 00:00:00-04:00,22.719678949297045,22.719678949297045,22.266983414787163,22.436744689941406,31100,0.0,0.0
2022-09-23 00:00:00-04:00,22.276418594227813,22.700820055611924,21.98405110435264,22.153812408447266,18900,0.0,0.0
2022-09-26 00:00:00-04:00,21.97461828148238,22.22926022094412,21.86144528540094,22.16324234008789,21500,0.0,0.0
2022-09-27 00:00:00-04:00,22.21039616620415,22.540487350178875,21.852012634277344,21.852012634277344,15400,0.0,0.0
2022-09-28 00:00:00-04:00,22.031209184608123,22.49333620412244,21.795429982885356,22.219831466674805,21500,0.0,0.0
2022-09-29 00:00:00-04:00,22.153808323119303,22.597072469628806,21.823717159234636,22.106653213500977,20300,0.0,0.0
2022-09-30 00:00:00-04:00,21.984047196385134,22.059496451586995,21.748268049022805,21.785993576049805,16700,0.0,0.0
2022-10-03 00:00:00-04:00,22.040636097992255,22.795128670928822,22.040636097992255,22.56878089904785,13500,0.0,0.0
2022-10-04 00:00:00-04:00,22.691387706192696,23.483605892340787,22.691387706192696,23.068634033203125,14800,0.0,0.0
2022-10-05 00:00:00-04:00,23.455308972730368,23.568481949359892,22.634796797332182,22.729108810424805,15500,0.0,0.0
2022-10-06 00:00:00-04:00,22.77626647435407,23.45531160576731,22.29527677255377,22.823423385620117,19400,0.0,0.0
2022-10-07 00:00:00-04:00,22.80456216380886,23.747678866703502,22.36129616218287,22.653663635253906,18800,0.0,0.0
2022-10-10 00:00:00-04:00,22.813996075798357,22.870582580566406,22.559354106063314,22.870582580566406,10700,0.0,0.0
2022-10-11 00:00:00-04:00,22.889442443847656,23.257257376444333,22.719681152233093,22.889442443847656,13900,0.0,0.0
2022-10-12 00:00:00-04:00,22.946027185516137,23.445879639369227,22.399019620424077,22.56878089904785,14700,0.0,0.0
2022-10-13 00:00:00-04:00,22.389587358625864,23.52132797241211,22.389587358625864,23.52132797241211,13300,0.0,0.0
2022-10-14 00:00:00-04:00,22.86114783975463,23.342137556787062,22.512195679596307,22.8800106048584,15200,0.0,0.0
2022-10-17 00:00:00-04:00,23.04977503608315,23.313846588134766,22.73854656484194,23.313846588134766,17100,0.0,0.0
2022-10-18 00:00:00-04:00,23.530762074276208,23.6250723039508,23.313843869008597,23.417587280273438,9600,0.0,0.0
2022-10-19 00:00:00-04:00,23.304413587918862,23.860852603794157,22.73854498771221,23.11579132080078,13100,0.0,0.0
2022-10-20 00:00:00-04:00,23.134654386721348,23.134654386721348,22.51219747935238,22.634801864624023,10200,0.0,0.0
2022-10-21 00:00:00-04:00,22.729112434441188,23.08749598271276,22.39902123541202,22.766836166381836,32300,0.0,0.0
2022-10-24 00:00:00-04:00,22.757401758749957,22.76683314019457,22.46503612937525,22.540485382080078,13800,0.0,0.0
2022-10-25 00:00:00-04:00,22.399019170718095,22.68195343017578,22.31413853311036,22.68195343017578,14300,0.0,0.0
2022-10-26 00:00:00-04:00,22.69139014032854,23.11579342802432,22.52162882525023,22.91773796081543,37800,0.0,0.0
2022-10-27 00:00:00-04:00,22.88001233387864,22.99318533534906,22.719682416085185,22.79513168334961,27600,0.0,0.0
2022-10-28 00:00:00-04:00,22.898873814094404,23.766541238321437,22.766836254659378,23.540191650390625,19900,0.0,0.0
2022-10-31 00:00:00-04:00,23.37986455525995,23.587349587874712,23.219534639513686,23.276121139526367,15300,0.0,0.0
2022-11-01 00:00:00-04:00,23.25725691267238,23.47417331480888,22.79512996074372,22.8800106048584,10200,0.0,0.0
2022-11-02 00:00:00-04:00,22.908303838216685,23.31384247864851,22.729111174587228,22.738542556762695,24500,0.0,0.0
2022-11-03 00:00:00-04:00,22.738544090909496,23.002615614230375,22.285846710205078,22.285846710205078,5200,0.0,0.0
2022-11-04 00:00:00-04:00,22.692421390360757,22.692421390360757,22.266937767918844,22.44658660888672,9800,0.06,0.0
2022-11-07 00:00:00-05:00,22.38985854381347,22.645148745594938,22.38985854381347,22.597871780395508,9800,0.0,0.0
2022-11-08 00:00:00-05:00,22.45604155062164,22.786973049948696,22.38040021964102,22.560049057006836,8300,0.0,0.0
2022-11-09 00:00:00-05:00,22.692421174557115,22.692421174557115,22.23857318388956,22.342578887939453,9200,0.0,0.0
2022-11-10 00:00:00-05:00,23.0233506484892,23.45828781702647,22.68296378376859,23.117902755737305,19000,0.0,0.0
2022-11-11 00:00:00-05:00,23.02335461376705,23.146271111957304,22.862616544791024,22.928802490234375,7900,0.0,0.0
2022-11-14 00:00:00-05:00,22.881525404092997,23.1746353392827,22.796428680419922,22.796428680419922,9500,0.0,0.0
2022-11-15 00:00:00-05:00,22.994988684691087,22.994988684691087,22.578960418701172,22.578960418701172,10400,0.0,0.0
2022-11-16 00:00:00-05:00,22.682966145010276,22.93825632012582,22.682966145010276,22.711332321166992,8000,0.0,0.0
2022-11-17 00:00:00-05:00,22.55059368916227,22.73024252671894,22.55059368916227,22.692420959472656,8600,0.0,0.0
2022-11-18 00:00:00-05:00,22.9760748554424,23.117903925205002,22.711331105872812,22.834247589111328,9300,0.0,0.0
2022-11-21 00:00:00-05:00,22.777515495220722,23.165177505113412,22.701874171422915,22.749149322509766,15700,0.0,0.0
2022-11-22 00:00:00-05:00,22.957166992457246,23.165180206298828,22.909890032426233,23.165180206298828,8700,0.0,0.0
2022-11-23 00:00:00-05:00,23.127362826904626,23.42047462188794,22.919349575389457,23.080087661743164,11400,0.0,0.0
2022-11-25 00:00:00-05:00,23.00444085814149,23.42046906591048,23.00444085814149,23.31646156311035,4700,0.0,0.0
2022-11-28 00:00:00-05:00,23.2786391194334,23.45828612648379,22.73969268798828,22.73969268798828,40300,0.0,0.0
2022-11-29 00:00:00-05:00,22.635689834927856,22.843703039184263,22.58841287707535,22.67350959777832,9500,0.0,0.0
2022-11-30 00:00:00-05:00,22.78697100227165,23.59066119886447,22.68296350523275,23.467742919921875,17200,0.0,0.0
2022-12-01 00:00:00-05:00,23.18408919493981,23.590662002563477,23.042261932693094,23.590662002563477,10000,0.0,0.0
2022-12-02 00:00:00-05:00,23.590662592279568,23.590662592279568,23.146268208451072,23.288095474243164,9100,0.0,0.0
2022-12-05 00:00:00-05:00,23.288095282504244,23.44883332999361,22.71133083257423,22.89097785949707,15300,0.0,0.0
2022-12-06 00:00:00-05:00,22.91934685680365,23.429927236458155,22.69242284476778,23.278644561767578,50800,0.0,0.0
2022-12-07 00:00:00-05:00,23.16518440177936,23.637943267121795,22.796433063910484,23.080087661743164,14100,0.0,0.0
2022-12-08 00:00:00-05:00,23.155725161541074,23.155725161541074,22.92880116028408,22.947711944580078,5100,0.0,0.0
2022-12-09 00:00:00-05:00,22.928798142816337,23.202999068728026,22.749149322509766,22.749149322509766,9900,0.0,0.0
2022-12-12 00:00:00-05:00,22.976075412553243,22.976075412553243,22.720787048339844,22.720787048339844,15900,0.0,0.0
2022-12-13 00:00:00-05:00,22.881524704622304,23.136813064405956,22.645145324630057,23.0989933013916,34500,0.0,0.0
2022-12-14 00:00:00-05:00,22.966622127766072,23.032808067638108,22.692421172945807,22.796428680419922,18800,0.0,0.0
2022-12-15 00:00:00-05:00,22.872072768256746,23.37319597534797,22.512775046468352,22.597871780395508,12700,0.0,0.0
2022-12-16 00:00:00-05:00,22.45604056115304,23.089537356489142,21.983281812497186,22.786972045898438,87500,0.0,0.0
2022-12-19 00:00:00-05:00,22.69241920259185,22.69241920259185,22.210205078125,22.210205078125,9900,0.0,0.0
2022-12-20 00:00:00-05:00,22.257482668609672,22.446585085301518,22.011647903821924,22.068378448486328,10000,0.0,0.0
2022-12-21 00:00:00-05:00,21.983283942771443,22.55059485681962,21.983283942771443,22.27639389038086,13000,0.0,0.0
2022-12-22 00:00:00-05:00,21.983282546104356,22.408766155466097,21.983282546104356,22.32366943359375,7300,0.0,0.0
2022-12-23 00:00:00-05:00,22.399311152400106,22.446586308290954,22.16293176608268,22.37094497680664,4700,0.0,0.0
2022-12-27 00:00:00-05:00,22.531683161417416,22.654599649500547,21.869820154543795,22.049468994140625,16500,0.0,0.0
2022-12-28 00:00:00-05:00,22.437129469690646,22.437129469690646,21.86036503059912,21.964370727539062,10100,0.0,0.0
2022-12-29 00:00:00-05:00,22.14402106830925,22.342578887939453,21.983283012852205,22.342578887939453,6400,0.0,0.0
2022-12-30 00:00:00-05:00,21.879274090817468,22.44658494418956,21.860365111669203,22.257482528686523,13600,0.0,0.0
2023-01-03 00:00:00-05:00,22.333123772750707,22.36148814308365,21.822543465579884,21.964370727539062,19800,0.0,0.0
2023-01-04 00:00:00-05:00,22.02110556587927,22.04001454709621,21.775270775742253,21.98328399658203,19600,0.0,0.0
2023-01-05 00:00:00-05:00,21.794176869500493,21.869818194641756,21.775267890788765,21.78472328186035,5500,0.0,0.0
2023-01-06 00:00:00-05:00,21.879272950331412,22.21965980529785,21.794176236589802,22.21965980529785,61300,0.0,0.0
2023-01-09 00:00:00-05:00,22.323671569207594,22.323671569207594,21.84145736694336,21.84145736694336,13700,0.0,0.0
2023-01-10 00:00:00-05:00,21.784721501684775,22.040009826030555,21.784721501684775,21.88872718811035,7300,0.0,0.0
2023-01-11 00:00:00-05:00,21.97382925654979,22.219664053984406,21.84145736694336,21.84145736694336,10200,0.0,0.0
2023-01-12 00:00:00-05:00,22.04946805451864,22.238572277975884,21.756358131248298,22.11565399169922,25500,0.0,0.0
2023-01-13 00:00:00-05:00,21.983281373076085,22.153474807739258,21.945459808292505,22.153474807739258,15000,0.0,0.0
2023-01-17 00:00:00-05:00,22.16292832936399,22.17238371976227,21.888727418107873,21.992734909057617,12900,0.0,0.0
2023-01-18 00:00:00-05:00,22.115651731604657,22.229114614770044,21.907638549804688,21.907638549804688,9300,0.0,0.0
2023-01-19 00:00:00-05:00,21.841452618900217,22.01164604192882,21.61452865600586,21.61452865600586,19100,0.0,0.0
2023-01-20 00:00:00-05:00,21.72799520257686,21.82254732843032,21.58616791551256,21.6712646484375,19100,0.0,0.0
2023-01-23 00:00:00-05:00,21.61453191463758,21.794178951868147,21.61453191463758,21.72799301147461,4900,0.0,0.0
2023-01-24 00:00:00-05:00,21.727990402888143,21.850908680374676,21.41596971889899,21.605073928833008,5400,0.0,0.0
2023-01-25 00:00:00-05:00,21.605074951851357,21.73744682301425,21.378150971244334,21.510522842407227,19000,0.0,0.0
2023-01-26 00:00:00-05:00,21.5105201593367,21.623983037203395,20.47990608215332,20.47990608215332,38300,0.0,0.0
2023-01-27 00:00:00-05:00,20.574461403730098,21.17013664643394,20.158433190937462,20.32862663269043,27100,0.0,0.0
2023-01-30 00:00:00-05:00,20.19625348669804,21.236321248098964,20.186798095703125,20.186798095703125,13300,0.0,0.0
2023-01-31 00:00:00-05:00,20.262440694993508,20.89593750405647,20.243529911813944,20.32862663269043,27800,0.0,0.0
2023-02-01 00:00:00-05:00,20.300260934092876,21.1417727710068,20.300260934092876,20.8013858795166,49100,0.0,0.0
2023-02-02 00:00:00-05:00,20.7730199815128,21.08504070173543,20.62173731737041,20.74465560913086,29400,0.0,0.0
2023-02-03 00:00:00-05:00,20.57399268438354,21.04804779869305,20.57399268438354,20.84894371032715,145400,0.06,0.0
2023-02-06 00:00:00-05:00,20.706727207238472,21.190263633122335,20.621397143354454,20.820499420166016,24000,0.0,0.0
2023-02-07 00:00:00-05:00,20.68776897243459,21.085975419194305,20.422299213512847,20.507627487182617,83000,0.0,0.0
2023-02-08 00:00:00-05:00,20.47918252462637,20.630880025607713,20.090457452314578,20.41281509399414,40700,0.0,0.0
2023-02-09 00:00:00-05:00,20.365409318064152,20.602436898977498,19.862912003889097,19.93876075744629,78600,0.0,0.0
2023-02-10 00:00:00-05:00,19.85343024544586,20.13786261291316,19.815504965315878,19.900835037231445,75100,0.0,0.0
2023-02-13 00:00:00-05:00,19.89135192158331,20.185267390927905,19.843947134077013,19.910314559936523,42400,0.0,0.0
2023-02-14 00:00:00-05:00,19.796541204606147,20.20422890104057,19.796541204606147,20.156824111938477,32900,0.0,0.0
2023-02-15 00:00:00-05:00,20.18527133454586,20.194750847197763,19.95772324660447,20.09994125366211,11700,0.0,0.0
2023-02-16 00:00:00-05:00,20.033569886078727,20.147343918007426,19.900835022475988,20.080976486206055,16000,0.0,0.0
2023-02-17 00:00:00-05:00,20.185269303941485,20.36540896023914,20.137862703565602,20.280078887939453,13200,0.0,0.0
2023-02-21 00:00:00-05:00,20.280080155517723,20.36541023315085,19.9577224863208,20.033571243286133,17300,0.0,0.0
2023-02-22 00:00:00-05:00,19.95772338965494,19.95772338965494,19.8344698321489,19.92928123474121,17500,0.0,0.0
2023-02-23 00:00:00-05:00,19.881869155989733,19.957717895507812,19.84394569041899,19.957717895507812,14600,0.0,0.0
2023-02-24 00:00:00-05:00,19.796542107902987,19.881872178881707,19.673288565587537,19.692251205444336,17400,0.0,0.0
2023-02-27 00:00:00-05:00,19.730173667711185,20.118898723010442,19.19923243751311,19.59743881225586,30200,0.0,0.0
2023-02-28 00:00:00-05:00,19.493152130664857,19.65433099425928,19.22768233771687,19.25612449645996,22800,0.0,0.0
2023-03-01 00:00:00-05:00,19.275087141206914,19.36989855656434,19.19923837059644,19.25612449645996,16500,0.0,0.0
2023-03-02 00:00:00-05:00,19.113906860351562,19.180274303667538,19.019095452024228,19.113906860351562,14900,0.0,0.0
2023-03-03 00:00:00-05:00,19.113902702843877,19.199232770940426,18.86739381816239,19.075979232788086,15800,0.0,0.0
2023-03-06 00:00:00-05:00,19.075980855521067,19.075980855521067,18.573481723803937,18.687253952026367,64300,0.0,0.0
2023-03-07 00:00:00-05:00,18.639852351743972,18.639852351743972,18.374380759782277,18.4312686920166,15800,0.0,0.0
2023-03-08 00:00:00-05:00,18.364902173730624,18.38386301038917,18.213202821820705,18.336458206176758,24200,0.0,0.0
2023-03-09 00:00:00-05:00,18.34593346760683,18.34593346760683,17.615888150311278,17.75810432434082,39200,0.0,0.0
2023-03-10 00:00:00-05:00,17.559002499709006,17.559002499709006,16.326458073138202,16.69622230529785,58000,0.0,0.0
2023-03-13 00:00:00-04:00,16.354904521595348,16.354904521595348,14.525051146650434,15.643821716308594,47700,0.0,0.0
2023-03-14 00:00:00-04:00,16.032546692858954,17.87188137216766,15.757595617668997,15.814481735229492,61200,0.0,0.0
2023-03-15 00:00:00-04:00,15.653303546992325,16.21268885003272,15.283541054885916,15.596417427062988,74100,0.0,0.0
2023-03-16 00:00:00-04:00,15.520570776892413,16.487642180829226,15.520570776892413,16.478160858154297,18900,0.0,0.0
2023-03-17 00:00:00-04:00,16.33593970940883,16.421269779378324,15.615375678764686,15.7196683883667,45800,0.0,0.0
2023-03-20 00:00:00-04:00,15.890328476611762,15.890328476611762,15.340424587695535,15.435235977172852,33200,0.0,0.0
2023-03-21 00:00:00-04:00,15.700709000143219,16.060991994263556,15.236135083200447,15.94721794128418,41300,0.0,0.0
2023-03-22 00:00:00-04:00,15.814481177811272,16.497119989607246,15.75759506225586,15.75759506225586,24600,0.0,0.0
2023-03-23 00:00:00-04:00,15.966176183502217,16.10839235423927,15.463677117962783,15.520565032958984,20400,0.0,0.0
2023-03-24 00:00:00-04:00,15.463680280457185,16.0230655670166,15.435238125519072,16.0230655670166,20200,0.0,0.0
2023-03-27 00:00:00-04:00,16.23164704638884,16.3549005738685,15.928250270329963,16.193721771240234,14000,0.0,0.0
2023-03-28 00:00:00-04:00,16.31697835960607,16.478157192469713,15.994622502255773,16.117876052856445,15300,0.0,0.0
2023-03-29 00:00:00-04:00,16.155799201281162,16.16527871221787,15.833441578130474,16.09891128540039,23000,0.0,0.0
2023-03-30 00:00:00-04:00,16.269572745699502,16.478156362509072,15.738631479398938,15.767073631286621,16000,0.0,0.0
2023-03-31 00:00:00-04:00,15.767072788084871,15.928251604210743,15.700705359393654,15.776554107666016,22000,0.0,0.0
2023-04-03 00:00:00-04:00,15.710189239029736,16.042028244937477,15.710189239029736,15.842924118041992,17500,0.0,0.0
2023-04-04 00:00:00-04:00,15.776554799563058,15.98514022274239,15.217169578380663,15.283538818359375,33300,0.0,0.0
2023-04-05 00:00:00-04:00,15.169765827200477,15.340425982096804,14.989625255845413,15.018068313598633,18300,0.0,0.0
2023-04-06 00:00:00-04:00,15.150804317404289,15.255097043935764,14.942220672718479,15.037031173706055,22400,0.0,0.0
2023-04-10 00:00:00-04:00,14.894812836180032,16.004101054359424,14.894812836180032,15.283538818359375,23000,0.0,0.0
2023-04-11 00:00:00-04:00,16.0894285970255,16.136835189558944,15.093913662718911,15.330941200256348,17400,0.0,0.0
2023-04-12 00:00:00-04:00,15.501602958223417,15.776553990527972,15.274056715095817,15.577451705932617,16300,0.0,0.0
2023-04-13 00:00:00-04:00,15.605894088745117,15.767072906077164,15.435235760137786,15.605894088745117,22500,0.0,0.0
2023-04-14 00:00:00-04:00,15.79551975100424,15.928254633631742,15.558492141525333,15.596417427062988,27200,0.0,0.0
2023-04-17 00:00:00-04:00,15.719670913503485,15.719670913503485,15.3593897444959,15.681747436523438,33900,0.0,0.0
2023-04-18 00:00:00-04:00,15.577453284534844,15.70070683391138,15.444718414686735,15.549009323120117,8800,0.0,0.0
2023-04-19 00:00:00-04:00,15.643819308500229,15.937732983102302,15.46367785254169,15.691224098205566,11400,0.0,0.0
2023-04-20 00:00:00-04:00,15.691224259298806,15.918772315675607,15.406791901393051,15.795516967773438,19100,0.0,0.0
2023-04-21 00:00:00-04:00,15.833443305067474,16.58244952875674,15.833443305067474,16.44971466064453,26700,0.0,0.0
2023-04-24 00:00:00-04:00,16.497117768094633,16.497117768094633,16.1083927154541,16.1083927154541,9500,0.0,0.0
2023-04-25 00:00:00-04:00,16.11787225557894,17.056501069928053,16.11787225557894,16.29801368713379,32600,0.0,0.0
2023-04-26 00:00:00-04:00,16.288532257080078,16.326455721771396,16.19372088278696,16.288532257080078,10500,0.0,0.0
2023-04-27 00:00:00-04:00,15.97565332461859,16.231643450023235,15.871360649444197,16.21268081665039,7000,0.0,0.0
2023-04-28 00:00:00-04:00,15.861886282387601,16.19372527829728,15.833444128243116,15.97566032409668,16200,0.0,0.0
2023-05-01 00:00:00-04:00,15.833443444884011,15.833443444884011,15.454197861139727,15.634339332580566,18000,0.0,0.0
2023-05-02 00:00:00-04:00,15.501604841959514,15.501604841959514,14.790522067634555,15.30250072479248,29900,0.0,0.0
2023-05-03 00:00:00-04:00,15.82396082608975,15.82396082608975,14.970661045244182,15.141321182250977,24400,0.0,0.0
2023-05-04 00:00:00-04:00,15.027549200582971,15.293018937536807,14.695710221013723,14.885332107543945,33800,0.0,0.0
2023-05-05 00:00:00-04:00,14.98014441886146,15.31198251453241,14.562975338798765,15.160284996032715,11200,0.0,0.0
2023-05-08 00:00:00-04:00,15.321464577352936,15.349908541590288,14.837928035580859,14.856890678405762,20500,0.0,0.0
2023-05-09 00:00:00-04:00,14.800001903735877,15.264576651926765,14.762077526759935,15.055992126464844,11000,0.0,0.0
2023-05-10 00:00:00-04:00,15.217171151638057,15.359389157919049,14.932738755830215,15.255096435546875,13300,0.0,0.0
2023-05-11 00:00:00-04:00,15.01806776948069,15.08443520322982,14.828445884348554,14.875850677490234,12700,0.0,0.0
2023-05-12 00:00:00-04:00,15.085235829227416,15.20896251380583,14.79971068619086,15.047165870666504,11100,0.06,0.0
2023-05-15 00:00:00-04:00,15.62773401516631,15.694356220207284,15.037649164013386,15.189929008483887,21400,0.0,0.0
2023-05-16 00:00:00-04:00,15.17089338612051,15.532558466086472,15.03764897768952,15.218481063842773,32100,0.0,0.0
2023-05-17 00:00:00-04:00,15.380277109249198,16.293957890114427,15.132821935584005,15.94180965423584,23700,0.0,0.0
2023-05-18 00:00:00-04:00,16.103610181449103,16.436723046764257,15.98939938193682,16.227336883544922,16700,0.0,0.0
2023-05-19 00:00:00-04:00,16.455757896668956,16.493826951604902,16.01795196533203,16.01795196533203,12600,0.0,0.0
2023-05-22 00:00:00-04:00,16.17023178254057,16.874526542941275,15.713392232332385,16.63658905029297,15000,0.0,0.0
2023-05-23 00:00:00-04:00,17.083912698275945,17.12198175313379,16.63658905029297,16.63658905029297,12300,0.0,0.0
2023-05-24 00:00:00-04:00,16.760315597982565,16.84597323051853,16.208300752372335,16.332027435302734,20200,0.0,0.0
2023-05-25 00:00:00-04:00,16.255887985229492,17.150533386631867,16.084572715246182,16.255887985229492,15400,0.0,0.0
2023-05-26 00:00:00-04:00,16.379610287102782,16.64610083744293,16.28443677620549,16.351058959960938,15500,0.0,0.0
2023-05-30 00:00:00-04:00,16.284440482407298,16.284440482407298,15.932292239858917,16.056020736694336,16400,0.0,0.0
2023-05-31 00:00:00-04:00,15.951326938805034,16.48430632095383,15.903738359396138,16.170228958129883,18600,0.0,0.0
2023-06-01 00:00:00-04:00,16.569968251146065,16.569968251146065,15.941813362390825,16.113128662109375,31700,0.0,0.0
2023-06-02 00:00:00-04:00,16.170232340428857,16.55093197873684,16.03698792085083,16.541414260864258,56300,0.0,0.0
2023-06-05 00:00:00-04:00,16.379614705810113,16.798385164939123,16.25588801907503,16.560447692871094,20500,0.0,0.0
2023-06-06 00:00:00-04:00,16.798386642631534,18.064214032770884,16.798386642631534,17.873865127563477,17300,0.0,0.0
2023-06-07 00:00:00-04:00,17.87386708031446,18.701888629833448,17.87386708031446,18.463951110839844,23400,0.0,0.0
2023-06-08 00:00:00-04:00,18.587679190558262,18.74947677219803,17.626411419088942,17.930971145629883,11000,0.0,0.0
2023-06-09 00:00:00-04:00,17.721586275833776,18.140354980077976,17.607375474018653,17.712068557739258,17400,0.0,0.0
2023-06-12 00:00:00-04:00,17.59785946149572,17.731103897094727,17.531237243696218,17.731103897094727,14800,0.0,0.0
2023-06-13 00:00:00-04:00,17.978558117855872,18.321188721603587,17.426543153661882,17.892900466918945,16000,0.0,0.0
2023-06-14 00:00:00-04:00,18.03566110306287,18.530569665162307,17.702548279211378,17.807239532470703,23700,0.0,0.0
2023-06-15 00:00:00-04:00,17.892899547130448,18.540089847465303,17.417024539862943,18.3592586517334,11500,0.0,0.0
2023-06-16 00:00:00-04:00,18.597196461635725,18.597196461635725,17.94048843250221,17.99759292602539,31300,0.0,0.0
2023-06-20 00:00:00-04:00,18.092766547982137,18.26408182735615,17.65496063232422,17.65496063232422,15300,0.0,0.0
2023-06-21 00:00:00-04:00,17.759652597128493,17.759652597128493,17.21715545654297,17.21715545654297,10000,0.0,0.0
2023-06-22 00:00:00-04:00,17.24570776498497,17.37895216064336,17.03632164001465,17.03632164001465,13700,0.0,0.0
2023-06-23 00:00:00-04:00,16.807901898035087,17.03632164001465,16.807901898035087,17.03632164001465,91200,0.0,0.0
2023-06-26 00:00:00-04:00,16.99825337371876,17.512197363018426,16.99825337371876,17.226673126220703,8100,0.0,0.0
2023-06-27 00:00:00-04:00,17.521714272465744,17.521714272465744,16.96969944218545,17.03632164001465,21800,0.0,0.0
2023-06-28 00:00:00-04:00,16.931631914706813,17.426540492486815,16.912596480667876,17.093427658081055,11700,0.0,0.0
2023-06-29 00:00:00-04:00,17.15053325546318,17.512197410747252,17.13149782220643,17.21715545654297,7700,0.0,0.0
2023-06-30 00:00:00-04:00,17.426539728915344,17.426539728915344,17.131497775515186,17.226673126220703,10100,0.0,0.0
2023-07-03 00:00:00-04:00,17.59785522380792,17.712066009189506,17.493162155151367,17.493162155151367,2900,0.0,0.0
2023-07-05 00:00:00-04:00,17.32185384404432,17.61689588886226,16.950670042814636,16.988740921020508,24800,0.0,0.0
2023-07-06 00:00:00-04:00,16.950665671711278,17.21715630447371,16.807903545892405,17.083911895751953,21700,0.0,0.0
2023-07-07 00:00:00-04:00,17.67399312235452,17.67399312235452,17.417020246104137,17.512195587158203,44500,0.0,0.0
2023-07-10 00:00:00-04:00,17.483642846597924,17.835789220205054,16.988732565255397,17.102941513061523,26800,0.0,0.0
2023-07-11 00:00:00-04:00,17.055356039057077,17.531230926513672,17.055356039057077,17.531230926513672,14100,0.0,0.0
2023-07-12 00:00:00-04:00,17.607375715319986,17.835795506761517,17.4265426996841,17.664480209350586,12300,0.0,0.0
2023-07-13 00:00:00-04:00,17.531229970810188,17.73109654129342,17.531229970810188,17.69302749633789,7000,0.0,0.0
2023-07-14 00:00:00-04:00,17.759651640847114,17.845309270571356,17.369434356689453,17.369434356689453,9600,0.0,0.0
2023-07-17 00:00:00-04:00,17.397990281607296,17.845312118530273,17.388472563972464,17.845312118530273,20900,0.0,0.0
2023-07-18 00:00:00-04:00,17.835792071107445,18.54008674621582,17.835792071107445,18.54008674621582,16500,0.0,0.0
2023-07-19 00:00:00-04:00,18.38781187439248,18.987415461563998,18.321189656999927,18.9588623046875,19000,0.0,0.0
2023-07-20 00:00:00-04:00,18.606707895851287,19.034996032714844,18.50201665208806,19.034996032714844,15100,0.0,0.0
2023-07-21 00:00:00-04:00,19.025480287525692,19.034998004366138,18.711402893066406,18.711402893066406,14900,0.0,0.0
2023-07-24 00:00:00-04:00,18.844645346260222,19.034996032714844,18.844645346260222,19.034996032714844,7800,0.0,0.0
2023-07-25 00:00:00-04:00,18.825612557060158,19.02547915283276,18.825612557060158,18.901752471923828,6500,0.0,0.0
2023-07-26 00:00:00-04:00,19.03499818098888,19.682188409593522,19.03499818098888,19.625083923339844,37000,0.0,0.0
2023-07-27 00:00:00-04:00,19.463285764519487,19.853503069941446,19.463285764519487,19.710739135742188,10600,0.0,0.0
2023-07-28 00:00:00-04:00,18.920787738075138,19.61556656398891,18.368772853376377,19.244382858276367,47000,0.0,0.0
2023-07-31 00:00:00-04:00,19.38714337177531,19.49183461075257,18.86367991561462,19.177757263183594,15700,0.0,0.0
2023-08-01 00:00:00-04:00,19.244386070995596,19.253903789686778,18.996930830982574,19.044519424438477,10700,0.0,0.0
2023-08-02 00:00:00-04:00,18.88271620967862,19.75832609979625,18.88271620967862,19.034996032714844,28200,0.0,0.0
2023-08-03 00:00:00-04:00,19.130173340217475,19.130173340217475,18.949340351049624,19.025480270385742,30800,0.0,0.0
2023-08-04 00:00:00-04:00,18.958591475131723,19.235707033698713,18.958591475131723,19.073259353637695,8400,0.08,0.0
2023-08-07 00:00:00-04:00,19.207040351109754,19.598825598061943,19.111482573718558,19.589269638061523,14300,0.0,0.0
2023-08-08 00:00:00-04:00,19.283488688519515,19.904611587524414,18.60503002213823,19.904611587524414,15600,0.0,0.0
2023-08-09 00:00:00-04:00,19.646604525833773,19.723050386922107,19.388600883793817,19.531936645507812,16700,0.0,0.0
2023-08-10 00:00:00-04:00,19.62749306788678,19.74216094026947,19.417265597496893,19.73260498046875,19300,0.0,0.0
2023-08-11 00:00:00-04:00,19.58927072997583,19.751718413811858,19.398155164540576,19.522380828857422,14000,0.0,0.0
2023-08-14 00:00:00-04:00,19.63704277673536,19.63704277673536,19.29303741455078,19.29303741455078,11100,0.0,0.0
2023-08-15 00:00:00-04:00,19.226153427517527,19.36948919091912,19.063705742965563,19.15926170349121,9200,0.0,0.0
2023-08-16 00:00:00-04:00,19.254817036110456,19.45548853742414,18.83436393737793,18.83436393737793,8600,0.0,0.0
2023-08-17 00:00:00-04:00,18.891700601461018,18.901256561279297,18.891700601461018,18.901256561279297,7400,0.0,0.0
2023-08-18 00:00:00-04:00,18.76747336172104,19.18792644515758,18.42346795037553,18.519023895263672,27800,0.0,0.0
2023-08-21 00:00:00-04:00,18.63369425867713,18.968145545791348,18.43302457997633,18.83436393737793,8400,0.0,0.0
2023-08-22 00:00:00-04:00,19.073258025101694,19.073258025101694,18.404357253440544,18.44257926940918,14100,0.0,0.0
2023-08-23 00:00:00-04:00,18.38524936291768,18.9585943089881,18.38524936291768,18.547697067260742,11200,0.0,0.0
2023-08-24 00:00:00-04:00,18.576360559685362,19.063703557471463,18.566804600205685,18.58591651916504,13300,0.0,0.0
2023-08-25 00:00:00-04:00,18.71969799766,18.757920016418506,18.585918198085608,18.59547233581543,10300,0.0,0.0
2023-08-28 00:00:00-04:00,18.394804000854492,18.671921403513913,18.394804000854492,18.394804000854492,9300,0.0,0.0
2023-08-29 00:00:00-04:00,18.519026462089823,18.65280808417907,18.3470246438832,18.480804443359375,17700,0.0,0.0
2023-08-30 00:00:00-04:00,18.452134919363218,18.490358757303266,18.347023010253906,18.347023010253906,20500,0.0,0.0
2023-08-31 00:00:00-04:00,18.347025638620508,18.42347150283921,18.299245834350586,18.299245834350586,18100,0.0,0.0
2023-09-01 00:00:00-04:00,18.63369125433948,18.92036269843813,18.61457933870288,18.910808563232422,11700,0.0,0.0
2023-09-05 00:00:00-04:00,18.671920920521302,18.786588804949027,18.652808998912292,18.662364959716797,8200,0.0,0.0
2023-09-06 00:00:00-04:00,18.624139232209462,18.624139232209462,18.413913583619347,18.42346954345703,13400,0.0,0.0
2023-09-07 00:00:00-04:00,18.39480309026513,18.805700282081357,18.15590954363831,18.21324348449707,64300,0.0,0.0
2023-09-08 00:00:00-04:00,18.38524176868007,18.433021557641055,18.308795928955078,18.308795928955078,8300,0.0,0.0
2023-09-11 00:00:00-04:00,18.30880069014889,18.423470390862466,18.165464931216718,18.251466751098633,10900,0.0,0.0
2023-09-12 00:00:00-04:00,18.21324032731811,18.519023722376236,18.19413023208658,18.413911819458008,6200,0.0,0.0
2023-09-13 00:00:00-04:00,18.480804228942112,18.633695947316173,18.079463012556936,18.136796951293945,13300,0.0,0.0
2023-09-14 00:00:00-04:00,18.337466508099528,18.528580224305323,18.184574806089753,18.499914169311523,9300,0.0,0.0
2023-09-15 00:00:00-04:00,18.480806868864402,18.633698609078547,18.175023388436117,18.566808700561523,28700,0.0,0.0
2023-09-18 00:00:00-04:00,18.566806149794637,18.605028168290456,18.213242909989756,18.251466751098633,8100,0.0,0.0
2023-09-19 00:00:00-04:00,18.34702099755991,18.61458054333695,18.251463235805517,18.47124481201172,10900,0.0,0.0
2023-09-20 00:00:00-04:00,18.528577490337856,18.624135245647242,18.308795928955078,18.308795928955078,6600,0.0,0.0
2023-09-21 00:00:00-04:00,18.26101873116216,18.62413602948532,18.022125244140625,18.022125244140625,13500,0.0,0.0
2023-09-22 00:00:00-04:00,18.155907777448768,18.318355446256774,17.85012435913086,17.85012435913086,8400,0.0,0.0
2023-09-25 00:00:00-04:00,17.86923630020582,18.089017904563043,17.86923630020582,17.964792251586914,10400,0.0,0.0
2023-09-26 00:00:00-04:00,17.92657285435111,17.964794875964603,17.773681122670723,17.80234718322754,14700,0.0,0.0
2023-09-27 00:00:00-04:00,18.089015394864177,18.108127311533956,17.735452226924046,17.76412010192871,4900,0.0,0.0
2023-09-28 00:00:00-04:00,18.022130017002667,18.175021743378274,17.79279242743926,18.079463958740234,16900,0.0,0.0
2023-09-29 00:00:00-04:00,18.079464487789664,18.55725160234794,18.079464487789664,18.280134201049805,17500,0.0,0.0
2023-10-02 00:00:00-04:00,18.146350832476074,18.184574668996778,17.993459131618945,18.03168296813965,8200,0.0,0.0
2023-10-03 00:00:00-04:00,18.136793363925932,18.614580344994238,17.76412010192871,17.76412010192871,6500,0.0,0.0
2023-10-04 00:00:00-04:00,17.926569014549134,18.060348795461056,17.869235083102996,18.041236877441406,10000,0.0,0.0
2023-10-05 00:00:00-04:00,18.089020818721032,18.337470342085794,18.04124101272017,18.261024475097656,19800,0.0,0.0
2023-10-06 00:00:00-04:00,18.184576015353862,18.42346954345703,18.060350360076946,18.42346954345703,5300,0.0,0.0
2023-10-09 00:00:00-04:00,18.19413237588089,18.86303317573318,18.022128740240497,18.633695602416992,13400,0.0,0.0
2023-10-10 00:00:00-04:00,18.91081447279442,19.03503831802665,18.662364959716797,18.662364959716797,11300,0.0,0.0
2023-10-11 00:00:00-04:00,18.80569907088601,18.939478865144643,18.652807356701004,18.882144927978516,8600,0.0,0.0
2023-10-12 00:00:00-04:00,18.872588681824464,19.015924433872687,18.3948016265884,18.901256561279297,14100,0.0,0.0
2023-10-13 00:00:00-04:00,18.56680312927184,18.796140670776367,18.385243558767634,18.796140670776367,6300,0.0,0.0
2023-10-16 00:00:00-04:00,18.75791898774404,19.541491289373113,18.75791898774404,19.254817962646484,14900,0.0,0.0
2023-10-17 00:00:00-04:00,19.32171286009021,19.761278012471667,19.140155044375653,19.41727066040039,19300,0.0,0.0
2023-10-18 00:00:00-04:00,19.51282214398158,19.51282214398158,18.97770118713379,18.97770118713379,6000,0.0,0.0
2023-10-19 00:00:00-04:00,18.729253092314444,18.777031069207496,18.652807235717773,18.652807235717773,8100,0.0,0.0
2023-10-20 00:00:00-04:00,18.49991419639878,18.929921425451063,18.47124631875015,18.614582061767578,11800,0.0,0.0
2023-10-23 00:00:00-04:00,18.566802573766108,18.834362119543147,18.47124481201172,18.47124481201172,7900,0.0,0.0
2023-10-24 00:00:00-04:00,18.547693637414255,18.99681282043457,18.53813767744195,18.99681282043457,7900,0.0,0.0
2023-10-25 00:00:00-04:00,18.920366287231445,19.111481834622847,18.920366287231445,18.920366287231445,14200,0.0,0.0
2023-10-26 00:00:00-04:00,18.624137735998374,19.187926562837674,18.49991391331423,19.111480712890625,67800,0.0,0.0
2023-10-27 00:00:00-04:00,19.15926222077508,19.23570808482744,18.56680723002256,19.130596160888672,51900,0.0,0.0
2023-10-30 00:00:00-04:00,19.226150542463408,19.25481659727426,18.805697453313417,19.101924896240234,49600,0.0,0.0
2023-10-31 00:00:00-04:00,19.273931180854763,19.589270585670793,19.10192753775273,19.531936645507812,27500,0.0,0.0
2023-11-01 00:00:00-04:00,19.283484330924693,19.312150385521818,19.111480712890625,19.111480712890625,61200,0.0,0.0
2023-11-02 00:00:00-04:00,19.15926279952685,19.15926279952685,18.77703346771888,19.09237289428711,23800,0.0,0.0
2023-11-03 00:00:00-04:00,19.389789370668897,20.147728611075866,19.1883129629294,20.090164184570312,17900,0.08,0.0
2023-11-06 00:00:00-05:00,19.95584543688755,19.95584543688755,19.380197492122484,19.55289077758789,18600,0.0,0.0
2023-11-07 00:00:00-05:00,19.408981355776366,19.763966009894098,19.07318545700347,19.66802406311035,20100,0.0,0.0
2023-11-08 00:00:00-05:00,19.255470776821255,19.629642274805395,19.1595288509448,19.504919052124023,40700,0.0,0.0
2023-11-09 00:00:00-05:00,19.48573053115371,19.572078082468575,19.226689707149166,19.45694923400879,19400,0.0,0.0
2023-11-10 00:00:00-05:00,19.65842340169467,19.65842340169467,19.21709314947564,19.33222198486328,43200,0.0,0.0
2023-11-13 00:00:00-05:00,19.149931671967767,19.447351781638876,19.034802841721977,19.26506233215332,10500,0.0,0.0
2023-11-14 00:00:00-05:00,19.658428192138672,19.965440934572925,19.5720806295865,19.658428192138672,64500,0.0,0.0
2023-11-15 00:00:00-05:00,19.504917295431873,19.504917295431873,19.21709337366513,19.284252166748047,34100,0.0,0.0
2023-11-16 00:00:00-05:00,19.197908032904568,19.466545082873804,19.07318296937092,19.380197525024414,18200,0.0,0.0
2023-11-17 00:00:00-05:00,19.476135667940767,19.955843461042164,19.447354371516287,19.946250915527344,30900,0.0,0.0
2023-11-20 00:00:00-05:00,19.955842719743032,19.955842719743032,19.284252932312608,19.74477195739746,24800,0.0,0.0
2023-11-21 00:00:00-05:00,19.72558355351921,19.927061774243615,19.43775961527289,19.562482833862305,35700,0.0,0.0
2023-11-22 00:00:00-05:00,19.658424571964932,19.744772118615874,19.485729478663053,19.524106979370117,8200,0.0,0.0
2023-11-24 00:00:00-05:00,19.888685140251265,19.888685140251265,19.13074776052462,19.629642486572266,6000,0.0,0.0
2023-11-27 00:00:00-05:00,19.62964343442442,20.099758715997055,19.428167025127696,20.042192459106445,21600,0.0,0.0
2023-11-28 00:00:00-05:00,19.97503301018029,20.023004889371453,19.840715408325195,19.840715408325195,17400,0.0,0.0
2023-11-29 00:00:00-05:00,20.147727613339846,20.512304736407618,20.147727613339846,20.33001708984375,27900,0.0,0.0
2023-11-30 00:00:00-05:00,20.29164041062091,20.377987964576157,20.243670360619156,20.310829162597656,9000,0.0,0.0
2023-12-01 00:00:00-05:00,20.5794671919345,21.049580658373362,20.52190093323082,20.896074295043945,25000,0.0,0.0
2023-12-04 00:00:00-05:00,20.87688428323945,21.346997721329856,20.87688428323945,21.097549438476562,49700,0.0,0.0
2023-12-05 00:00:00-05:00,20.982419295276596,21.107142514049666,20.771346698974515,20.953636169433594,28100,0.0,0.0
2023-12-06 00:00:00-05:00,20.982418507210433,21.308618104813068,20.982418507210433,21.059171676635742,32700,0.0,0.0
2023-12-07 00:00:00-05:00,20.944044609152314,21.45253558774964,20.944044609152314,21.27984046936035,37000,0.0,0.0
2023-12-08 00:00:00-05:00,21.394968109873737,21.88427030746401,21.394968109873737,21.654010772705078,41700,0.0,0.0
2023-12-11 00:00:00-05:00,21.73076353727849,21.73076353727849,21.366186405002182,21.663604736328125,19400,0.0,0.0
2023-12-12 00:00:00-05:00,21.682791772345627,21.682791772345627,20.608245552343714,21.529285430908203,17900,0.0,0.0
2023-12-13 00:00:00-05:00,21.673199182102305,22.99719194351901,21.50050407627837,22.920438766479492,83600,0.0,0.0
2023-12-14 00:00:00-05:00,22.93003589433479,23.630408947619227,22.853282708083622,22.987600326538086,37400,0.0,0.0
2023-12-15 00:00:00-05:00,23.11232314125363,23.659189768640434,22.738151623555318,23.256235122680664,120400,0.0,0.0
2023-12-18 00:00:00-05:00,23.217856465970335,23.409738473246023,22.910841960437427,23.064350128173828,31900,0.0,0.0
2023-12-19 00:00:00-05:00,23.02598018389141,23.45771804431557,22.584649775404927,23.237051010131836,43700,0.0,0.0
2023-12-20 00:00:00-05:00,23.01638243647021,23.745538588476872,23.01638243647021,23.227453231811523,34600,0.0,0.0
2023-12-21 00:00:00-05:00,23.275424311351347,23.476900723139565,23.150699249819457,23.332988739013672,25000,0.0,0.0
2023-12-22 00:00:00-05:00,23.601627491948868,23.74553948648496,23.332990426858615,23.467308044433594,28100,0.0,0.0
2023-12-26 00:00:00-05:00,23.496087646272574,23.735941544454132,23.47689889523245,23.592029571533203,21500,0.0,0.0
2023-12-27 00:00:00-05:00,23.72634589270629,23.72634589270629,23.342580042246368,23.53446388244629,24200,0.0,0.0
2023-12-28 00:00:00-05:00,23.55365273920081,23.640000291396667,23.409740762187745,23.620813369750977,11800,0.0,0.0
2023-12-29 00:00:00-05:00,23.467305724759164,23.64959520912092,23.217859268188477,23.217859268188477,13400,0.0,0.0
2024-01-02 00:00:00-05:00,22.98759820059939,23.98539135952698,22.891658099113393,23.94701385498047,57300,0.0,0.0
2024-01-03 00:00:00-05:00,23.9757951936761,23.985389569096537,23.33298668002671,23.380958557128906,34600,0.0,0.0
2024-01-04 00:00:00-05:00,23.342583115280753,23.630407083532535,14.39123501139233,23.332988739013672,16800,0.0,0.0
2024-01-05 00:00:00-05:00,23.265827212551827,23.52486985162974,23.265827212551827,23.352174758911133,70000,0.0,0.0
2024-01-08 00:00:00-05:00,23.428927181254632,23.428927181254632,23.00678383809566,23.15069580078125,17000,0.0,0.0
2024-01-09 00:00:00-05:00,22.94922079279012,22.94922079279012,22.555860550596986,22.642208099365234,16300,0.0,0.0
2024-01-10 00:00:00-05:00,22.766934047163897,22.766934047163897,22.344792458105015,22.53667449951172,13400,0.0,0.0
2024-01-11 00:00:00-05:00,22.220066963597613,22.517485311494923,22.095343730589125,22.45992088317871,21900,0.0,0.0
2024-01-12 00:00:00-05:00,22.690176345072928,22.690176345072928,22.34478800736091,22.50788688659668,10900,0.0,0.0
2024-01-16 00:00:00-05:00,22.3064142253589,22.3064142253589,21.845895145053255,21.98980712890625,9700,0.0,0.0
2024-01-17 00:00:00-05:00,21.692388583462424,22.124124531011244,21.692388583462424,21.865083694458008,8300,0.0,0.0
2024-01-18 00:00:00-05:00,22.018588221070672,22.018588221070672,21.634820526371932,21.6444149017334,14000,0.0,0.0
2024-01-19 00:00:00-05:00,21.797919853093177,21.98020931341893,21.797919853093177,21.893861770629883,12700,0.0,0.0
2024-01-22 00:00:00-05:00,22.095338724677823,22.431132672061867,22.095338724677823,22.40235137939453,11000,0.0,0.0
2024-01-23 00:00:00-05:00,22.603831569105665,22.603831569105665,22.17209563665078,22.316007614135742,7400,0.0,0.0
2024-01-24 00:00:00-05:00,22.35438390834637,22.517484642009848,21.922647963900786,22.172096252441406,14700,0.0,0.0
2024-01-25 00:00:00-05:00,22.43113859882441,22.43113859882441,21.16471014853198,22.181692123413086,9100,0.0,0.0
2024-01-26 00:00:00-05:00,22.344789624470295,22.65180231573965,22.066558229294948,22.21047019958496,26900,0.0,0.0
2024-01-29 00:00:00-05:00,22.124124916728675,22.152908045709797,21.7403590133479,22.028182983398438,15400,0.0,0.0
2024-01-30 00:00:00-05:00,21.87467637242109,22.181690921562357,21.55806927700242,21.730764389038086,5500,0.0,0.0
2024-01-31 00:00:00-05:00,21.644414259856514,21.644414259856514,20.58905679061216,20.876882553100586,16200,0.0,0.0
2024-02-01 00:00:00-05:00,21.09755090846299,21.13592841462521,19.178719518917212,19.677616119384766,58600,0.0,0.0
2024-02-02 00:00:00-05:00,19.619822162324656,20.679310309203718,19.35976517917193,19.773929595947266,28700,0.08,0.0
2024-02-05 00:00:00-05:00,19.658348992321166,20.457782029351904,19.465713773017487,20.178462982177734,49900,0.0,0.0
2024-02-06 00:00:00-05:00,20.226621345217875,20.236253290120658,19.850984679537635,19.9761962890625,19800,0.0,0.0
2024-02-07 00:00:00-05:00,19.956932999127652,19.956932999127652,19.215291590377504,19.427188873291016,24700,0.0,0.0
2024-02-08 00:00:00-05:00,19.311606199899288,20.207356840435164,19.24418442473733,19.82208824157715,13100,0.0,0.0
2024-02-09 00:00:00-05:00,19.77392923423101,20.24588347070518,19.77392923423101,19.98582649230957,11300,0.0,0.0
2024-02-12 00:00:00-05:00,19.976199611486933,21.083847740050825,19.61982677634063,19.947303771972656,45800,0.0,0.0
2024-02-13 00:00:00-05:00,19.407922485586486,19.918404492457807,19.04191780090332,19.04191780090332,36800,0.0,0.0
2024-02-14 00:00:00-05:00,19.35013561913533,20.04361915588379,19.234554111124382,20.04361915588379,21000,0.0,0.0
2024-02-15 00:00:00-05:00,20.631153121469712,20.97789577737687,20.197724801585768,20.746734619140625,22500,0.0,0.0
2024-02-16 00:00:00-05:00,20.669680191546348,20.939369142771124,20.236253685095374,20.46741485595703,14500,0.0,0.0
2024-02-20 00:00:00-05:00,20.149567623101273,20.534836233684292,19.879878677140333,19.9761962890625,19700,0.0,0.0
2024-02-21 00:00:00-05:00,20.42888768032201,20.42888768032201,19.716140256457006,19.802825927734375,8400,0.0,0.0
2024-02-22 00:00:00-05:00,19.725776456083455,19.793198251149853,19.475351333618164,19.475351333618164,11000,0.0,0.0
2024-02-23 00:00:00-05:00,19.62945556567901,19.928040375929147,19.62945556567901,19.745037078857422,4400,0.0,0.0
2024-02-26 00:00:00-05:00,19.60056338848059,19.947304286058404,19.50424575805664,19.50424575805664,5900,0.0,0.0
2024-02-27 00:00:00-05:00,19.504242929513598,19.745036052100186,19.205659971895834,19.446453094482422,17900,0.0,0.0
2024-02-28 00:00:00-05:00,19.985826721332707,19.985826721332707,19.53313636779785,19.53313636779785,10100,0.0,0.0
2024-02-29 00:00:00-05:00,19.831724166870117,20.10141315875631,19.253820234031686,19.831724166870117,16800,0.0,0.0
2024-03-01 00:00:00-05:00,19.70650910506665,20.072515695674518,19.234554785266663,19.263450622558594,14800,0.0,0.0
2024-03-04 00:00:00-05:00,19.24418682495399,19.745036984490362,19.24418682495399,19.61982536315918,37900,0.0,0.0
2024-03-05 00:00:00-05:00,19.417559738388157,19.600563049316406,19.417559738388157,19.600563049316406,4000,0.0,0.0
2024-03-06 00:00:00-05:00,19.648719784943633,19.764301300048828,19.552402161873616,19.764301300048828,11900,0.0,0.0
2024-03-07 00:00:00-05:00,19.687243582641003,19.687243582641003,19.484976431439456,19.639083862304688,7900,0.0,0.0
2024-03-08 00:00:00-05:00,19.822088283831004,19.822088283831004,19.2923441889102,19.590927124023438,24500,0.0,0.0
2024-03-11 00:00:00-04:00,19.504242864745688,19.56203269958496,19.504242864745688,19.56203269958496,4400,0.0,0.0
2024-03-12 00:00:00-04:00,19.494612656349666,19.687247905784933,19.41755892399674,19.55240249633789,11900,0.0,0.0
2024-03-13 00:00:00-04:00,19.552396677255324,19.6679781599389,19.456080918308576,19.542766571044922,12500,0.0,0.0
2024-03-14 00:00:00-04:00,19.359766433422973,19.61019148856025,19.28271271161963,19.388660430908203,20000,0.0,0.0
2024-03-15 00:00:00-04:00,19.176765854627728,19.74503782183436,19.176765854627728,19.43682289123535,35000,0.0,0.0
2024-03-18 00:00:00-04:00,19.59092620781382,19.59092620781382,19.18639373779297,19.18639373779297,12200,0.0,0.0
2024-03-19 00:00:00-04:00,19.21529197692871,19.263449866753298,19.128606305559863,19.21529197692871,26100,0.0,0.0
2024-03-20 00:00:00-04:00,19.128604495493533,19.764298133974687,19.109340606544272,19.687244415283203,16500,0.0,0.0
2024-03-21 00:00:00-04:00,19.696878471703073,20.168832778930664,19.696878471703073,20.168832778930664,23800,0.0,0.0
2024-03-22 00:00:00-04:00,20.06288614672673,20.06288614672673,19.523509979248047,19.523509979248047,7200,0.0,0.0
2024-03-25 00:00:00-04:00,19.523505821893284,19.648717430909105,19.359766433422973,19.388660430908203,14700,0.0,0.0
2024-03-26 00:00:00-04:00,19.35013629732857,19.379032134620502,19.099711218782613,19.263450622558594,18100,0.0,0.0
2024-03-27 00:00:00-04:00,19.311605457973915,19.90877314109067,19.244183685402213,19.773929595947266,14000,0.0,0.0
2024-03-28 00:00:00-04:00,20.216988910223968,20.216988910223968,19.436819763067653,20.062881469726562,103700,0.0,0.0
2024-04-01 00:00:00-04:00,20.38072890729466,20.38072890729466,19.783563016714513,20.216989517211914,85400,0.0,0.0
2024-04-02 00:00:00-04:00,19.889511108398438,19.985828722675844,19.658349936396075,19.889511108398438,27300,0.0,0.0
2024-04-03 00:00:00-04:00,19.773932916428482,19.98583021396544,19.69687918667815,19.745037078857422,32000,0.0,0.0
2024-04-04 00:00:00-04:00,19.899144538358087,19.899144538358087,19.523507835463445,19.745037078857422,37900,0.0,0.0
2024-04-05 00:00:00-04:00,19.870249367253162,19.98583088430828,19.667984008789062,19.667984008789062,10900,0.0,0.0
2024-04-08 00:00:00-04:00,19.6679831849312,19.928040209582466,19.64871929337796,19.73540496826172,20700,0.0,0.0
2024-04-09 00:00:00-04:00,19.677612788589474,19.937669782287582,19.43681968415173,19.590927124023438,20200,0.0,0.0
2024-04-10 00:00:00-04:00,19.18639722156937,19.407926466610732,18.858918408418724,19.28271484375,25500,0.0,0.0
2024-04-11 00:00:00-04:00,19.00339416049826,19.147869677020857,18.839654751877756,19.061185836791992,16500,0.0,0.0
2024-04-12 00:00:00-04:00,19.03228540191956,19.070811339704633,18.83965020167793,18.897441864013672,11600,0.0,0.0
2024-04-15 00:00:00-04:00,19.109341535504537,19.234553145550514,18.598859476166453,18.810758590698242,16800,0.0,0.0
2024-04-16 00:00:00-04:00,18.473648010385904,18.5892276763916,18.329172509325943,18.5892276763916,12500,0.0,0.0
2024-04-17 00:00:00-04:00,18.63738921913209,18.82039251811217,18.319542350959235,18.579599380493164,12100,0.0,0.0
2024-04-18 00:00:00-04:00,18.67591181416352,18.67591181416352,18.38696083571995,18.492910385131836,22300,0.0,0.0
2024-04-19 00:00:00-04:00,18.3195414140343,19.01302495355177,18.3195414140343,18.99376106262207,23200,0.0,0.0
2024-04-22 00:00:00-04:00,19.167133824553986,19.263451449221268,19.11897593077329,19.196029663085938,9000,0.0,0.0
2024-04-23 00:00:00-04:00,18.984128952026367,19.157500294674126,18.647020049217655,18.984128952026367,34100,0.0,0.0
2024-04-24 00:00:00-04:00,18.781864166259766,18.87818178581559,18.714442383702426,18.781864166259766,16100,0.0,0.0
2024-04-25 00:00:00-04:00,18.743340422116304,18.92634375499248,18.550706978604815,18.916711807250977,28800,0.0,0.0
2024-04-26 00:00:00-04:00,19.022656632726964,19.022656632726964,18.589228278404818,18.858917236328125,12500,0.0,0.0
2024-04-29 00:00:00-04:00,18.849282905638017,19.109339885321322,18.58922592595471,18.945600509643555,33200,0.0,0.0
2024-04-30 00:00:00-04:00,18.945603901238062,18.945603901238062,18.550703307516184,18.685546875,18300,0.0,0.0
2024-05-01 00:00:00-04:00,18.83001835419137,19.234550807081934,18.83001835419137,18.907072067260742,12600,0.0,0.0
2024-05-02 00:00:00-04:00,19.10934283719308,19.26345029256514,19.03228910950705,19.244186401367188,24600,0.0,0.0
2024-05-03 00:00:00-04:00,19.340889385514092,19.52462835113394,19.253855235720003,19.331218719482422,23300,0.08,0.0
2024-05-06 00:00:00-04:00,19.27319563895387,19.601990890221316,19.27319563895387,19.485944747924805,15800,0.0,0.0
2024-05-07 00:00:00-04:00,19.563311439620136,19.84375525359015,19.456937789916992,19.456937789916992,18000,0.0,0.0
2024-05-08 00:00:00-04:00,19.263530279400314,19.650347786116914,19.263530279400314,19.58265495300293,17000,0.0,0.0
2024-05-09 00:00:00-04:00,19.689027652629967,19.824413299560547,19.63100365152449,19.824413299560547,17100,0.0,0.0
2024-05-10 00:00:00-04:00,19.82441343410429,19.82441343410429,19.46660613615656,19.689027786254883,27200,0.0,0.0
2024-05-13 00:00:00-04:00,19.805073337376566,19.805073337376566,19.553641515314272,19.660017013549805,9500,0.0,0.0
2024-05-14 00:00:00-04:00,19.79540184511667,19.82441384646978,19.53430121090327,19.679357528686523,21200,0.0,0.0
2024-05-15 00:00:00-04:00,19.71803679713473,19.892105102539062,19.640673310787356,19.892105102539062,16200,0.0,0.0
2024-05-16 00:00:00-04:00,20.07584517307162,20.07584517307162,19.911447525024414,19.911447525024414,16900,0.0,0.0
2024-05-17 00:00:00-04:00,20.066174163311562,20.075844830030398,19.785730361938477,19.785730361938477,17100,0.0,0.0
2024-05-20 00:00:00-04:00,19.698699827907642,20.075846641517735,19.340892504989196,19.52463150024414,22200,0.0,0.0
2024-05-21 00:00:00-04:00,19.524631970037852,19.640676294944903,19.408585800639514,19.60199546813965,23400,0.0,0.0
2024-05-22 00:00:00-04:00,19.505287618517514,20.28859314624633,19.30220731459315,20.114524841308594,63200,0.0,0.0
2024-05-23 00:00:00-04:00,20.046835356047826,20.28859652101075,19.82441552695985,20.03716468811035,48200,0.0,0.0
2024-05-24 00:00:00-04:00,19.969468027783584,19.969468027783584,19.59232127299861,19.727706909179688,36300,0.0,0.0
2024-05-28 00:00:00-04:00,20.00815366632702,20.00815366632702,19.437597194049356,19.660017013549805,18000,0.0,0.0
2024-05-29 00:00:00-04:00,19.447268586206846,19.495620081120347,19.031439089782076,19.157154083251953,18000,0.0,0.0
2024-05-30 00:00:00-04:00,19.360232962875912,19.57298210677336,19.22484546722194,19.456937789916992,11200,0.0,0.0
2024-05-31 00:00:00-04:00,19.52462741018726,19.756717850289427,19.43759326458759,19.485944747924805,13000,0.0,0.0
2024-06-03 00:00:00-04:00,19.70836979815426,19.795403967051925,19.44726913595261,19.718040466308594,35600,0.0,0.0
2024-06-04 00:00:00-04:00,19.592322756743556,19.708367069546636,19.389242442601525,19.42792510986328,18300,0.0,0.0
2024-06-05 00:00:00-04:00,19.398914666046615,19.534302167835584,19.360233840172082,19.52463150024414,18400,0.0,0.0
2024-06-06 00:00:00-04:00,19.46660341679358,19.485944747924805,19.302205791159853,19.485944747924805,8500,0.0,0.0
2024-06-07 00:00:00-04:00,19.38924005262188,19.52462752685864,19.31187657212553,19.35055923461914,14200,0.0,0.0
2024-06-10 00:00:00-04:00,19.456937590513053,19.456937590513053,19.108800954529503,19.19583511352539,19400,0.0,0.0
2024-06-11 00:00:00-04:00,19.070115501996668,19.166820313927367,19.0120933526346,19.12813949584961,12800,0.0,0.0
2024-06-12 00:00:00-04:00,19.51495669974615,19.51495669974615,19.16682011814803,19.176490783691406,14000,0.0,0.0
2024-06-13 00:00:00-04:00,19.128141541389443,19.23451518584689,18.8863804079545,19.079788208007812,14400,0.0,0.0
2024-06-14 00:00:00-04:00,19.060445300155838,19.118469295420685,18.818684186691712,18.983081817626953,18500,0.0,0.0
2024-06-17 00:00:00-04:00,19.04110649635445,19.099128649211032,18.87670885951831,19.012094497680664,16200,0.0,0.0
2024-06-18 00:00:00-04:00,19.07011891094865,19.30220939437602,18.905721254626197,18.91539192199707,18900,0.0,0.0
2024-06-20 00:00:00-04:00,18.809020627636503,19.089462638580834,18.809020627636503,18.99275779724121,11100,0.0,0.0
2024-06-21 00:00:00-04:00,18.973415304754184,19.302208762138367,18.973415304754184,19.19583511352539,40700,0.0,0.0
2024-06-24 00:00:00-04:00,19.302208894609734,19.61166470899177,19.273198737739435,19.369903564453125,19000,0.0,0.0
2024-06-25 00:00:00-04:00,19.350559642878213,19.476274609653046,19.34088897705078,19.34088897705078,9700,0.0,0.0
2024-06-26 00:00:00-04:00,19.186164984016063,19.447267468319115,19.186164984016063,19.360233306884766,13900,0.0,0.0
2024-06-27 00:00:00-04:00,19.51495715342924,19.52462781919744,19.340888858583448,19.476274490356445,11500,0.0,0.0
2024-06-28 00:00:00-04:00,19.58265216176103,20.066174437360065,19.51495933829574,19.824413299560547,107500,0.0,0.0
2024-07-01 00:00:00-04:00,19.979140007333093,19.979140007333093,19.785730361938477,19.785730361938477,42800,0.0,0.0
2024-07-02 00:00:00-04:00,19.892103918586145,19.892103918586145,19.679354804916187,19.69869613647461,11700,0.0,0.0
2024-07-03 00:00:00-04:00,19.824413296544883,19.824413296544883,19.51495933532715,19.51495933532715,13500,0.0,0.0
2024-07-05 00:00:00-04:00,19.379571682719963,19.51495731561815,19.050776421832154,19.11846923828125,43400,0.0,0.0
2024-07-08 00:00:00-04:00,19.331221304909583,19.437596800994054,19.186164984016063,19.360233306884766,31800,0.0,0.0
2024-07-09 00:00:00-04:00,19.621335650020544,19.621335650020544,19.234516337765896,19.49561882019043,28700,0.0,0.0
2024-07-10 00:00:00-04:00,19.563312506929666,19.89210783011262,19.52463168069763,19.872766494750977,28300,0.0,0.0
2024-07-11 00:00:00-04:00,20.11452764565239,20.839811121017135,19.969471319477694,20.801130294799805,48600,0.0,0.0
2024-07-12 00:00:00-04:00,20.80112777830914,21.158933216620518,20.714093624235336,20.859149932861328,26900,0.0,0.0
2024-07-15 00:00:00-04:00,21.052559412529778,21.845535615127275,21.052559412529778,21.748830795288086,30700,0.0,0.0
2024-07-16 00:00:00-04:00,22.000262968211423,22.947966161087294,22.000262968211423,22.80290985107422,49900,0.0,0.0
2024-07-17 00:00:00-04:00,22.677193815398564,23.209067542108837,22.677193815398564,23.093021392822266,39400,0.0,0.0
2024-07-18 00:00:00-04:00,22.947964003884636,23.18005444698631,22.50312444906248,22.541805267333984,28900,0.0,0.0
2024-07-19 00:00:00-04:00,22.56114844205916,23.06401203211104,22.56114844205916,22.677194595336914,20800,0.0,0.0
2024-07-22 00:00:00-04:00,22.735215565715546,23.209067131647778,22.580488599063838,23.102691650390625,24100,0.0,0.0
2024-07-23 00:00:00-04:00,23.10269235314728,23.99237336070313,23.10269235314728,23.441158294677734,41900,0.0,0.0
2024-07-24 00:00:00-04:00,23.605556004693792,24.872383778258904,23.595885338392865,24.591941833496094,58100,0.0,0.0
2024-07-25 00:00:00-04:00,24.562928129876504,25.33656477983952,24.30182569134558,25.075462341308594,53000,0.0,0.0
2024-07-26 00:00:00-04:00,25.123815873157284,25.143157205993585,24.002044391526084,25.027111053466797,22900,0.0,0.0
2024-07-29 00:00:00-04:00,25.12381851561776,25.12381851561776,23.905342086139765,24.127763748168945,33400,0.0,0.0
2024-07-30 00:00:00-04:00,23.98270556569249,24.611286037143035,23.98270556569249,24.437217712402344,22500,0.0,0.0
2024-07-31 00:00:00-04:00,24.253479046140203,24.727330689584377,24.205127552836377,24.649967193603516,32300,0.0,0.0
2024-08-01 00:00:00-04:00,23.093024270821335,24.901398487091065,23.093024270821335,24.176115036010742,46700,0.0,0.0
2024-08-02 00:00:00-04:00,23.489514012651526,24.08908062646036,23.41214867462078,23.518524169921875,21300,0.0,0.0
2024-08-05 00:00:00-04:00,22.916482368262646,23.499105162357935,22.032838507192395,23.062137603759766,45000,0.1,0.0
2024-08-06 00:00:00-04:00,23.062135334583104,23.59620509622554,22.44067206982004,22.94561004638672,20800,0.0,0.0
2024-08-07 00:00:00-04:00,22.965029989093953,22.965029989093953,22.57661546971373,22.73198127746582,13300,0.0,0.0
2024-08-08 00:00:00-04:00,22.809668425843533,23.13011069547453,22.644591992875633,23.100980758666992,9700,0.0,0.0
2024-08-09 00:00:00-04:00,22.353277477004532,23.29518292325765,22.353277477004532,22.66400909423828,12200,0.0,0.0
2024-08-12 00:00:00-04:00,22.906770573204174,23.149529903694166,22.70285177249709,22.974742889404297,22800,0.0,0.0
2024-08-13 00:00:00-04:00,23.518521691529763,23.518521691529763,22.799954343793566,23.091266632080078,17000,0.0,0.0
2024-08-14 00:00:00-04:00,23.023291258330257,23.363154650749426,22.644587340778134,22.683429718017578,7300,0.0,0.0
2024-08-15 00:00:00-04:00,22.887348783810104,23.440839746517753,22.11051968739703,23.314605712890625,16200,0.0,0.0
2024-08-16 00:00:00-04:00,23.33402692417051,23.644758563013298,23.33402692417051,23.440839767456055,11600,0.0,0.0
2024-08-19 00:00:00-04:00,23.547655475382903,23.97491242321685,23.499104349266045,23.790414810180664,20800,0.0,0.0
2024-08-20 00:00:00-04:00,23.80012417320126,23.90693886765443,23.411709628062436,23.576786041259766,19700,0.0,0.0
2024-08-21 00:00:00-04:00,23.790415080080454,24.110857331564613,23.537945146773726,23.654470443725586,10700,0.0,0.0
2024-08-22 00:00:00-04:00,23.644758734704695,23.98462216169684,23.644758734704695,23.81954574584961,8900,0.0,0.0
2024-08-23 00:00:00-04:00,24.178827239384404,24.90710517943879,24.13027611755674,24.373035430908203,58400,0.0,0.0
2024-08-26 00:00:00-04:00,24.683764753830165,24.683764753830165,24.25650788358466,24.576950073242188,38200,0.0,0.0
2024-08-27 00:00:00-04:00,24.538111581419127,24.606083892109538,23.955488865048146,24.50897979736328,17700,0.0,0.0
2024-08-28 00:00:00-04:00,24.508980855067808,24.67405726762848,24.441008541444,24.53811264038086,16600,0.0,0.0
2024-08-29 00:00:00-04:00,24.90710617036132,24.90710617036132,24.60608512841931,24.72260856628418,14700,0.0,0.0
2024-08-30 00:00:00-04:00,24.74203201516807,24.839136123657227,24.65463850273851,24.839136123657227,6700,0.0,0.0
2024-09-03 00:00:00-04:00,24.742029190063477,24.85855447736669,24.606084564965233,24.742029190063477,16600,0.0,0.0
2024-09-04 00:00:00-04:00,24.693476003983136,24.868262994279128,24.363323211669922,24.363323211669922,7400,0.0,0.0
2024-09-05 00:00:00-04:00,24.363325168046643,24.49926979270146,24.062304133979566,24.169116973876953,10900,0.0,0.0
2024-09-06 00:00:00-04:00,24.12056394676834,24.508978452330943,23.84867286682129,23.84867286682129,15900,0.0,0.0
2024-09-09 00:00:00-04:00,23.965201692792654,24.237090960888736,23.79041467638418,23.858386993408203,16200,0.0,0.0
2024-09-10 00:00:00-04:00,23.84867724710195,24.15940890862404,23.800126119529175,24.149700164794922,14500,0.0,0.0
2024-09-11 00:00:00-04:00,23.790412619970944,23.93606783701884,23.693308524570156,23.80012321472168,22400,0.0,0.0
2024-09-12 00:00:00-04:00,23.751570756185526,24.06230423862977,23.732151418369384,23.974910736083984,16300,0.0,0.0
2024-09-13 00:00:00-04:00,24.23708867479168,24.470139242758936,24.217669337549868,24.38274574279785,16200,0.0,0.0
2024-09-16 00:00:00-04:00,24.353615037611487,24.586663763795972,24.353615037611487,24.53811264038086,12300,0.0,0.0
2024-09-17 00:00:00-04:00,24.81971329065142,25.10131500144198,24.615796343201733,24.703189849853516,21200,0.0,0.0
2024-09-18 00:00:00-04:00,24.712901147676018,24.926528696615165,24.32448472835866,24.61579704284668,33000,0.0,0.0
2024-09-19 00:00:00-04:00,24.97507775895375,25.169285952562422,24.51869091171194,25.130443572998047,36200,0.0,0.0
2024-09-20 00:00:00-04:00,24.907103767797214,25.188705444335938,24.421585168611667,25.188705444335938,72800,0.0,0.0
2024-09-23 00:00:00-04:00,25.246969227611956,25.246969227611956,24.65463589536694,24.80029296875,22600,0.0,0.0
2024-09-24 00:00:00-04:00,24.839132193765344,24.839132193765344,24.56724110343397,24.58666229248047,12600,0.0,0.0
2024-09-25 00:00:00-04:00,24.55753672416031,24.751743092810386,24.27593498927345,24.314777374267578,19700,0.0,0.0
2024-09-26 00:00:00-04:00,24.55753359817709,24.674057034113236,24.32448302209156,24.353614807128906,18600,0.0,0.0
2024-09-27 00:00:00-04:00,24.382747950395242,24.693479599676277,24.334194972628378,24.499271392822266,11900,0.0,0.0
2024-09-30 00:00:00-04:00,24.56724124628979,24.96536636352539,24.56724124628979,24.96536636352539,16700,0.0,0.0
2024-10-01 00:00:00-04:00,24.994502009504462,24.994502009504462,24.343906888983614,24.392459869384766,22200,0.0,0.0
2024-10-02 00:00:00-04:00,24.567242344844484,24.59637412988629,23.887517362828575,23.906938552856445,24600,0.0,0.0
2024-10-03 00:00:00-04:00,23.906939251422063,24.17882851133044,23.693309859086426,23.81954574584961,16700,0.0,0.0
2024-10-04 00:00:00-04:00,23.974909916460987,24.722607181859637,23.868095227644087,24.13027572631836,25300,0.0,0.0
2024-10-07 00:00:00-04:00,24.227379948449357,24.227379948449357,23.693308353651005,24.06230354309082,16600,0.0,0.0
2024-10-08 00:00:00-04:00,23.965201692792654,24.101146326840695,23.693310572589837,23.858386993408203,17200,0.0,0.0
2024-10-09 00:00:00-04:00,23.85838712758696,24.033174144978425,23.73215308841909,23.790414810180664,13900,0.0,0.0
2024-10-10 00:00:00-04:00,23.741862476428345,23.761281814623274,23.401999054577363,23.703020095825195,15900,0.0,0.0
2024-10-11 00:00:00-04:00,23.887519295375846,24.334195589514152,23.48939412812848,24.159408569335938,115400,0.0,0.0
2024-10-14 00:00:00-04:00,24.3633259347414,25.00421040272026,24.16911773446013,24.65463638305664,92200,0.0,0.0
2024-10-15 00:00:00-04:00,24.664346923551104,25.111025042364176,24.13027715212271,24.848844528198242,39700,0.0,0.0
2024-10-16 00:00:00-04:00,25.091605288528235,25.421758135912036,24.916818269077194,25.120737075805664,49700,0.0,0.0
2024-10-17 00:00:00-04:00,25.081892013549805,25.081892013549805,24.732318011988816,25.081892013549805,17500,0.0,0.0
2024-10-18 00:00:00-04:00,25.072183120910513,25.24697013355682,24.188539314404558,24.450719833374023,30100,0.0,0.0
2024-10-21 00:00:00-04:00,24.40216460504512,24.518689886760555,23.68359728210175,23.693307876586914,27500,0.0,0.0
2024-10-22 00:00:00-04:00,23.790414810180664,24.072016527557302,23.547655475382903,23.790414810180664,16000,0.0,0.0
2024-10-23 00:00:00-04:00,23.761284368586292,23.984624376846643,23.625339726076657,23.936071395874023,23200,0.0,0.0
2024-10-24 00:00:00-04:00,23.800124348015594,24.033173076810655,23.635047933605758,23.761281967163086,21100,0.0,0.0
2024-10-25 00:00:00-04:00,23.926359051499382,24.05259494069791,23.42142105102539,23.42142105102539,17700,0.0,0.0
2024-10-28 00:00:00-04:00,23.78070025771204,24.742026841305133,23.78070025771204,24.6934757232666,50700,0.0,0.0
2024-10-29 00:00:00-04:00,24.567245042508443,24.567245042508443,24.091436947218096,24.392459869384766,25000,0.0,0.0
2024-10-30 00:00:00-04:00,25.23726245395924,25.23726245395924,24.674060821533203,24.674060821533203,28000,0.0,0.0
2024-10-31 00:00:00-04:00,24.664347242318456,24.82942365869271,24.518692016601562,24.518692016601562,24900,0.0,0.0
2024-11-01 00:00:00-04:00,24.51869025029414,24.89739418029785,24.450717939996707,24.89739418029785,34900,0.0,0.0
2024-11-04 00:00:00-05:00,24.643938379259495,24.946138044163902,24.351485471201123,24.624441146850586,42100,0.1,0.0
2024-11-05 00:00:00-05:00,24.643941012664005,25.531044729120946,24.429475151965434,25.375070571899414,69000,0.0,0.0
2024-11-06 00:00:00-05:00,25.638274208323022,28.738263644511306,25.638274208323022,28.650527954101562,120900,0.0,0.0
2024-11-07 00:00:00-05:00,28.582289973115873,28.582289973115873,27.295502304814825,27.373489379882812,42800,0.0,0.0
2024-11-08 00:00:00-05:00,27.64644180829228,27.86090577456946,27.373486148100884,27.56845474243164,26100,0.0,0.0
2024-11-11 00:00:00-05:00,28.06562340439078,28.845494074663385,27.880403422941658,28.114364624023438,61800,0.0,0.0
2024-11-12 00:00:00-05:00,28.085121554016087,28.270341553781943,27.68543756355613,27.948644638061523,46700,0.0,0.0
2024-11-13 00:00:00-05:00,28.377571433009134,28.377571433009134,27.44172477722168,27.44172477722168,52100,0.0,0.0
2024-11-14 00:00:00-05:00,27.68543649948368,27.73417958142156,27.061539925546434,27.10053253173828,67200,0.0,0.0
2024-11-15 00:00:00-05:00,27.38323988205958,27.695188203809593,26.964058627448498,27.14927864074707,41700,0.0,0.0
2024-11-18 00:00:00-05:00,27.266252762133686,27.38323428857383,26.496130732543538,26.681350708007812,60100,0.0,0.0
2024-11-19 00:00:00-05:00,26.39865196279277,26.964058763660553,26.39865196279277,26.91531753540039,35600,0.0,0.0
2024-11-20 00:00:00-05:00,27.081035457100803,27.11027944506798,26.720344110852796,27.090784072875977,42200,0.0,0.0
2024-11-21 00:00:00-05:00,27.276002006117178,27.636693349873667,27.276002006117178,27.558706283569336,22000,0.0,0.0
2024-11-22 00:00:00-05:00,27.753673998122203,28.007132437386684,27.597699860014583,27.84140968322754,20200,0.0,0.0
2024-11-25 00:00:00-05:00,28.11436503735664,28.572538830458008,27.80241676466138,27.86090660095215,41400,0.0,0.0
2024-11-26 00:00:00-05:00,27.685435462977814,27.929145285467687,27.539209941355566,27.73417854309082,27200,0.0,0.0
2024-11-27 00:00:00-05:00,27.83166075312758,28.046126585124348,27.73417831242909,27.86090660095215,22800,0.0,0.0
2024-11-29 00:00:00-05:00,27.860904238104183,28.377569683036945,27.656188898768956,28.231342315673828,28600,0.0,0.0
2024-12-02 00:00:00-05:00,28.094867828097627,29.01121727439664,27.821914018948657,29.001468658447266,163100,0.0,0.0
2024-12-03 00:00:00-05:00,29.03071769703581,29.362163238309908,28.47505768299966,28.69927215576172,113300,0.0,0.0
2024-12-04 00:00:00-05:00,28.553046255846503,29.196440096166235,28.27034194391525,29.059961318969727,43300,0.0,0.0
2024-12-05 00:00:00-05:00,29.225682534365475,29.57662528656566,28.89423701492274,29.040464401245117,39500,0.0,0.0
2024-12-06 00:00:00-05:00,29.118452505834604,29.118452505834604,28.397069743087204,28.864994049072266,27600,0.0,0.0
2024-12-09 00:00:00-05:00,29.098954398045663,29.245179925802987,28.767508876804552,29.030715942382812,53400,0.0,0.0
2024-12-10 00:00:00-05:00,29.21593390425596,29.8203351039435,28.913734234091418,29.722850799560547,56700,0.0,0.0
2024-12-11 00:00:00-05:00,29.92757025552407,30.33700287696512,29.32316901078401,30.0445499420166,68500,0.0,0.0
2024-12-12 00:00:00-05:00,29.839832148457862,30.210270271546158,29.284174034146197,29.849580764770508,67700,0.0,0.0
2024-12-13 00:00:00-05:00,29.810583721125045,30.29800333844845,29.459641001657545,29.88857078552246,73300,0.0,0.0
2024-12-16 00:00:00-05:00,29.888570609733062,30.24926194254862,29.625363571680488,30.015300750732422,40500,0.0,0.0
2024-12-17 00:00:00-05:00,29.87882248613622,30.43448055826579,29.440145941519436,29.527881622314453,45000,0.0,0.0
2024-12-18 00:00:00-05:00,29.86907475477893,30.083540585008166,27.987634658813477,27.987634658813477,67200,0.0,0.0
2024-12-19 00:00:00-05:00,28.182603430540688,29.245178394281588,27.626945338546676,27.636693954467773,52600,0.0,0.0
2024-12-20 00:00:00-05:00,27.383238644613016,28.68952357742928,27.383238644613016,28.582290649414062,296200,0.0,0.0
2024-12-23 00:00:00-05:00,28.38732277503746,28.436063998939865,27.909649855873035,27.968141555786133,28200,0.0,0.0
2024-12-24 00:00:00-05:00,28.11436551234965,28.289836883544922,27.977888605579288,28.289836883544922,16900,0.0,0.0
2024-12-26 00:00:00-05:00,28.12411111252272,28.30933107996186,28.007129591151102,28.241090774536133,59300,0.0,0.0
2024-12-27 00:00:00-05:00,28.172856483549346,28.289838022174013,27.656192824633127,27.88040542602539,33200,0.0,0.0
2024-12-30 00:00:00-05:00,27.685436406271744,27.812166559525107,27.480721040897247,27.675687789916992,66800,0.0,0.0
2024-12-31 00:00:00-05:00,27.704929961577076,28.016878206089082,27.6561887456314,27.782917022705078,25800,0.0,0.0
2025-01-02 00:00:00-05:00,27.997385369274916,28.065625685408513,27.12977894566263,27.295501708984375,32300,0.0,0.0
2025-01-03 00:00:00-05:00,27.24676001355618,27.373488308321306,26.80808157137216,27.32474708557129,74000,0.0,0.0
2025-01-06 00:00:00-05:00,27.568455113825625,27.568455113825625,26.93480810339352,26.97380256652832,62300,0.0,0.0
2025-01-07 00:00:00-05:00,27.129778332806204,27.198016788039812,26.505881759974983,26.876319885253906,42100,0.0,0.0
2025-01-08 00:00:00-05:00,26.788584511495287,26.983553122471147,26.46688760493605,26.856822967529297,33300,0.0,0.0
2025-01-10 00:00:00-05:00,26.408395409970964,26.554620925481483,25.842988719800854,26.086698532104492,49600,0.0,0.0
2025-01-13 00:00:00-05:00,26.41814524435246,26.41814524435246,25.842989912033172,26.242673873901367,38300,0.0,0.0
2025-01-14 00:00:00-05:00,26.418144576605343,26.9153128271975,25.823492027186777,26.73984146118164,80400,0.0,0.0
2025-01-15 00:00:00-05:00,27.31499867190543,27.53921127319336,27.149275910223377,27.53921127319336,39500,0.0,0.0
2025-01-16 00:00:00-05:00,27.70493300923305,27.851158532513683,27.402733346538618,27.71468162536621,44000,0.0,0.0
2025-01-17 00:00:00-05:00,27.929144702890884,28.338577270507812,27.78291918431877,28.338577270507812,51900,0.0,0.0
2025-01-21 00:00:00-05:00,28.640777116822342,29.22568105441777,28.562790049100172,28.67002296447754,41600,0.0,0.0
2025-01-22 00:00:00-05:00,28.63103338591122,28.72851583634672,27.461225387099624,27.695186614990234,38500,0.0,0.0
2025-01-23 00:00:00-05:00,27.548961078241263,28.085121993036942,27.548961078241263,28.036380767822266,40200,0.0,0.0
2025-01-24 00:00:00-05:00,27.899898698563206,28.377569683036945,27.831658392759916,28.231342315673828,25700,0.0,0.0
2025-01-27 00:00:00-05:00,28.163108244935945,28.933232224432015,28.00713409758255,28.76750946044922,31000,0.0,0.0
2025-01-28 00:00:00-05:00,29.196440707190668,31.08762780014155,29.196440707190668,30.0445499420166,49500,0.0,0.0
2025-01-29 00:00:00-05:00,30.181027060457392,31.42882402651634,30.142034451157265,31.16561508178711,61300,0.0,0.0
2025-01-30 00:00:00-05:00,31.380079357913235,31.380079357913235,30.034801786426215,30.35649871826172,43300,0.0,0.0
2025-01-31 00:00:00-05:00,30.463725974140484,30.541713038259953,30.054293422673705,30.239513397216797,47100,0.0,0.0
2025-02-03 00:00:00-05:00,29.732599277185976,30.66844413243486,29.576625134644498,30.073793411254883,32000,0.0,0.0
2025-02-04 00:00:00-05:00,30.229766797698097,30.68794059753418,29.85932682390859,30.68794059753418,51500,0.0,0.0
2025-02-05 00:00:00-05:00,30.6879443705371,31.019389920737705,30.609957291628643,30.8049259185791,33300,0.0,0.0
2025-02-06 00:00:00-05:00,31.116872122681155,31.33133611028664,30.74643398784286,31.27284812927246,64600,0.0,0.0
2025-02-07 00:00:00-05:00,31.409326553344727,31.653036402532774,30.960899463972257,31.409326553344727,259100,0.0,0.0
2025-02-10 00:00:00-05:00,31.262641902707557,31.692907133507777,30.87149254068339,31.213748931884766,61500,0.1,0.0
2025-02-11 00:00:00-05:00,30.87149269584707,31.614679285149244,30.87149269584707,31.60489845275879,39200,0.0,0.0
2025-02-12 00:00:00-05:00,31.12573826574368,31.44843670362021,30.441225523509985,31.331092834472656,41500,0.0,0.0
2025-02-13 00:00:00-05:00,31.6048984004413,31.6048984004413,31.01817342285371,31.370210647583008,30700,0.0,0.0
2025-02-14 00:00:00-05:00,30.372776400744073,31.65379126063776,30.372776400744073,31.16485595703125,23300,0.0,0.0
2025-02-18 00:00:00-05:00,31.07684545328252,31.683128330735645,31.06706648661343,31.61467742919922,53800,0.0,0.0
2025-02-19 00:00:00-05:00,31.291977111816838,31.986266958714626,31.28219814515173,31.644012451171875,30000,0.0,0.0
2025-02-20 00:00:00-05:00,31.38976679640673,31.683132101096074,31.018175344497152,31.50711441040039,30700,0.0,0.0
2025-02-21 00:00:00-05:00,31.839589385070344,32.152508870844954,30.362997064420274,30.37277603149414,149500,0.0,0.0
2025-02-24 00:00:00-05:00,30.900830790251955,31.04751157426626,29.67848781488714,29.766496658325195,55600,0.0,0.0
2025-02-25 00:00:00-05:00,30.050077419517795,30.343440834738455,29.44379638532681,30.030519485473633,60500,0.0,0.0
2025-02-26 00:00:00-05:00,30.09897230175056,30.314103981131385,29.72737901491875,30.07941436767578,28800,0.0,0.0
2025-02-27 00:00:00-05:00,29.91317363527951,30.226093098723954,29.610033138211094,29.87405776977539,40100,0.0,0.0
2025-02-28 00:00:00-05:00,30.157644129182554,30.411891675788564,29.70782097283431,29.834945678710938,60400,0.0,0.0
2025-03-03 00:00:00-05:00,29.48291017522802,30.46078448860306,29.375345269056886,29.50246810913086,69000,0.0,0.0
2025-03-04 00:00:00-05:00,27.77162957415198,29.09176024396645,27.69339970524468,28.27034568786621,42900,0.0,0.0
2025-03-05 00:00:00-05:00,28.113885736064816,28.260566506006153,27.380480021210953,27.800966262817383,82100,0.0,0.0
2025-03-06 00:00:00-05:00,27.771633215211992,28.39747411366981,27.204466124987608,27.898757934570312,47100,0.0,0.0
2025-03-07 00:00:00-05:00,27.898755951165377,27.908534918509066,27.44893277909222,27.771631240844727,29000,0.0,0.0
2025-03-10 00:00:00-04:00,27.43915346342887,27.693401015695375,26.862207453506276,26.95021629333496,54900,0.0,0.0
2025-03-11 00:00:00-04:00,26.95999348246803,27.42937268716597,26.81331271414332,27.2044620513916,41500,0.0,0.0
2025-03-12 00:00:00-04:00,27.468488726485155,27.742294196857205,27.145790288079287,27.585832595825195,31400,0.0,0.0
2025-03-13 00:00:00-04:00,27.683622195306743,27.771631035602216,27.28269386291504,27.28269386291504,19400,0.0,0.0
2025-03-14 00:00:00-04:00,27.624948521153758,27.81074515734255,27.419595816798125,27.644506454467773,20200,0.0,0.0
2025-03-17 00:00:00-04:00,27.58583460387963,27.869419061530827,27.478269693345823,27.830303192138672,49800,0.0,0.0
2025-03-18 00:00:00-04:00,27.722738308748,27.91831206045833,27.497827654964826,27.85964012145996,20900,0.0,0.0
2025-03-19 00:00:00-04:00,27.664064641664076,28.45614229667909,27.64450670817057,28.241008758544922,46400,0.0,0.0
2025-03-20 00:00:00-04:00,28.09432990304026,28.661496956989602,28.05521589853375,28.260568618774414,28000,0.0,0.0
2025-03-21 00:00:00-04:00,28.006320959319908,28.309463352589514,26.422165547063905,27.967206954956055,164100,0.0,0.0
2025-03-24 00:00:00-04:00,28.39746848417372,28.583263244638754,28.192113926360964,28.319236755371094,19500,0.0,0.0
2025-03-25 00:00:00-04:00,28.50503541967204,29.130876238823905,28.19211594266971,28.524593353271484,50500,0.0,0.0
2025-03-26 00:00:00-04:00,28.75928668174364,29.209109886990575,28.133447646771323,28.182340621948242,49200,0.0,0.0
2025-03-27 00:00:00-04:00,28.280124583670936,28.377912385846518,27.478267963096098,28.1138858795166,49100,0.0,0.0
2025-03-28 00:00:00-04:00,28.338798173967458,28.465922883764247,27.468490600585938,27.468490600585938,33900,0.0,0.0
2025-03-31 00:00:00-04:00,27.272913198333015,27.90853297538683,27.028444627203754,27.70317840576172,149400,0.0,0.0
2025-04-01 00:00:00-04:00,27.615171423373496,27.77163117017979,27.10667631367938,27.605392456054688,27900,0.0,0.0
2025-04-02 00:00:00-04:00,27.400037847635687,27.664064351587932,27.106674443750805,27.56627655029297,25900,0.0,0.0
2025-04-03 00:00:00-04:00,26.617738495114327,26.715526300790977,26.001678490101774,26.07012939453125,45900,0.0,0.0
2025-04-04 00:00:00-04:00,25.219379558388063,25.727872786274414,24.446857951839267,25.532299041748047,57000,0.0,0.0
2025-04-07 00:00:00-04:00,24.857565235726526,26.402606583409014,24.143717431291915,25.571413040161133,51000,0.0,0.0
2025-04-08 00:00:00-04:00,26.28525914356513,26.48083474054831,25.58119035169051,26.0212345123291,47800,0.0,0.0
2025-04-09 00:00:00-04:00,25.620308493992294,27.693401053541063,25.25849416696354,26.98933219909668,66200,0.0,0.0
2025-04-10 00:00:00-04:00,26.568847376650044,26.999112632527655,25.444292195857265,25.82566261291504,50400,0.0,0.0
2025-04-11 00:00:00-04:00,25.669200854457195,26.265704785445987,24.544645761481853,25.581192016601562,38300,0.0,0.0
2025-04-14 00:00:00-04:00,25.18026568812265,26.334157773419424,25.18026568812265,25.903892517089844,65700,0.0,0.0
2025-04-15 00:00:00-04:00,25.97234172236539,26.607959664810117,25.89411185045138,26.343935012817383,81300,0.0,0.0
2025-04-16 00:00:00-04:00,26.422163112206256,26.80353347905949,25.620306512593224,26.64707374572754,60400,0.0,0.0
2025-04-17 00:00:00-04:00,26.63729494450155,27.224019880709818,26.568844043887562,27.018665313720703,51400,0.0,0.0
2025-04-21 00:00:00-04:00,26.832870398541218,26.832870398541218,26.392826232499303,26.6666316986084,41700,0.0,0.0
2025-04-22 00:00:00-04:00,27.087120222892697,27.605392434350836,26.969774480306583,27.536941528320312,26800,0.0,0.0
2025-04-23 00:00:00-04:00,28.02587874353486,29.19932871050432,27.527162600830206,27.624950408935547,24400,0.0,0.0
2025-04-24 00:00:00-04:00,27.58583271641344,27.996539991193284,27.556497681523783,27.791187286376953,24200,0.0,0.0
2025-04-25 00:00:00-04:00,27.448932684227227,27.576057394108528,27.253358933471286,27.488048553466797,18400,0.0,0.0
2025-04-28 00:00:00-04:00,27.429372928011812,27.75207136721852,27.302250091720094,27.654285430908203,37800,0.0,0.0
2025-04-29 00:00:00-04:00,28.847294154742112,29.600257873535156,26.979554241731616,29.600257873535156,30800,0.0,0.0
2025-04-30 00:00:00-04:00,29.84472510051782,31.36042957110268,29.727379359854794,30.891050338745117,61400,0.0,0.0
2025-05-01 00:00:00-04:00,30.98883790111676,31.203969581299994,30.284767192976624,30.37277603149414,76300,0.0,0.0
2025-05-02 00:00:00-04:00,30.754148427345136,30.95950114139305,29.893617972384707,30.69547462463379,69200,0.0,0.0
2025-05-05 00:00:00-04:00,30.69547475785377,31.379987537945514,30.69547475785377,30.969280242919922,58700,0.0,0.0
2025-05-06 00:00:00-04:00,30.783483592108723,31.28219972635427,30.519457074246855,31.008394241333008,54900,0.0,0.0
2025-05-07 00:00:00-04:00,31.272420759194876,31.70268412332465,30.910608300033598,31.008394241333008,67200,0.0,0.0
2025-05-08 00:00:00-04:00,31.155075276884492,31.947151059327563,31.155075276884492,31.653789520263672,49500,0.0,0.0
2025-05-09 00:00:00-04:00,31.653787787447566,31.96670724269155,31.43865799340117,31.85914421081543,68900,0.0,0.0
2025-05-12 00:00:00-04:00,31.810100638675955,33.35989698268698,31.810100638675955,32.17302703857422,68900,0.1,0.0
2025-05-13 00:00:00-04:00,32.074935476176606,33.00677683589107,31.908183105261138,32.692893981933594,63400,0.0,0.0
2025-05-14 00:00:00-04:00,32.584998590562435,33.01658661296824,32.025894479485736,32.12398147583008,128200,0.0,0.0
2025-05-15 00:00:00-04:00,32.123980054187435,32.5065245614916,31.68258110661381,32.35939407348633,129900,0.0,0.0
2025-05-16 00:00:00-04:00,32.28092506196815,32.87926550808827,32.055321961948636,32.084747314453125,149200,0.0,0.0
2025-05-19 00:00:00-04:00,32.055321812565154,32.4378663604581,31.99646736605113,32.26130676269531,102200,0.0,0.0
2025-05-20 00:00:00-04:00,32.310350500070285,33.35008994540888,32.310350500070285,32.98716354370117,175500,0.0,0.0
2025-05-21 00:00:00-04:00,32.830220072292974,33.65416356988574,32.27111595697422,32.31034851074219,108400,0.0,0.0
2025-05-22 00:00:00-04:00,32.37901384589881,32.77136936251103,31.790484312759993,31.810102462768555,69800,0.0,0.0
2025-05-23 00:00:00-04:00,31.309848065583157,31.770863324257498,30.956728880536673,31.427555084228516,61400,0.0,0.0
2025-05-27 00:00:00-04:00,31.50602546491313,32.23188201849818,31.2313788595574,32.09455871582031,67600,0.0,0.0
2025-05-28 00:00:00-04:00,32.11417709635556,32.359398350555104,31.721821592924528,31.82971954345703,78800,0.0,0.0
2025-05-29 00:00:00-04:00,31.878764723832486,31.92780822889785,31.594307155961957,31.86895751953125,50200,0.0,0.0
2025-05-30 00:00:00-04:00,31.780677420928548,31.819909979551664,31.54526336029209,31.682586669921875,55200,0.0,0.0
2025-06-02 00:00:00-04:00,31.594304301924694,31.594304301924694,31.02539108846559,31.260805130004883,52000,0.0,0.0
2025-06-03 00:00:00-04:00,31.319657586718648,31.643347683111646,31.084245416957618,31.12347984313965,64800,0.0,0.0
2025-06-04 00:00:00-04:00,31.064627177845544,31.260804920852543,30.652655414242542,30.76055335998535,67800,0.0,0.0
2025-06-05 00:00:00-04:00,30.731128522298956,30.750746672300135,30.211258772606243,30.230876922607422,48100,0.0,0.0
2025-06-06 00:00:00-04:00,30.71150735584705,31.10386096288531,30.53494776495744,31.015583038330078,38900,0.0,0.0
2025-06-09 00:00:00-04:00,31.162714424807202,31.35889028669775,31.045007410961258,31.172523498535156,48200,0.0,0.0
2025-06-10 00:00:00-04:00,31.24118673504971,31.80028899890558,31.24118673504971,31.751245498657227,61700,0.0,0.0
2025-06-11 00:00:00-04:00,31.780673437005056,31.986658375628128,31.594302904344968,31.6335391998291,63900,0.0,0.0
2025-06-12 00:00:00-04:00,31.692397304496694,31.810102462768555,31.23138013374426,31.810102462768555,52800,0.0,0.0
2025-06-13 00:00:00-04:00,31.564879836107355,31.574687039798015,30.848834229749887,30.96653938293457,62400,0.0,0.0
2025-06-16 00:00:00-04:00,31.270613288136666,31.270613288136666,30.24068477623863,30.65265655517578,55800,0.0,0.0
2025-06-17 00:00:00-04:00,30.564375836901682,31.113670902028222,30.328963666133166,30.49571418762207,64800,0.0,0.0
2025-06-18 00:00:00-04:00,30.466285566114898,30.87825731377034,30.466285566114898,30.642845153808594,43900,0.0,0.0
2025-06-20 00:00:00-04:00,30.760551767890604,31.025389275086177,30.50552146353713,30.858638763427734,93200,0.0,0.0
2025-06-23 00:00:00-04:00,30.731126100552583,31.751245498657227,30.72131702632499,31.751245498657227,55100,0.0,0.0
2025-06-24 00:00:00-04:00,31.888570931354483,32.349588096473425,31.8787637273598,32.02589797973633,57500,0.0,0.0
2025-06-25 00:00:00-04:00,32.055323725206314,32.074941875214876,31.378512517028966,31.810102462768555,41000,0.0,0.0
2025-06-26 00:00:00-04:00,31.712017710294045,32.7321353908473,31.712017710294045,32.722328186035156,86200,0.0,0.0
2025-06-27 00:00:00-04:00,32.840029754748166,33.036207505515996,32.68308830248977,32.90869140625,475700,0.0,0.0
2025-06-30 00:00:00-04:00,32.94792518394436,33.34028065546128,32.77136559593966,32.93811798095703,66800,0.0,0.0
2025-07-01 00:00:00-04:00,32.7615591097229,34.174032102884084,32.7615591097229,33.58550262451172,122400,0.0,0.0
2025-07-02 00:00:00-04:00,33.74244409238994,34.12498862778418,33.418750259807624,34.03670883178711,87500,0.0,0.0
2025-07-03 00:00:00-04:00,34.223075744866144,34.8508415222168,34.183839448336926,34.8508415222168,51900,0.0,0.0
2025-07-07 00:00:00-04:00,34.85084057736598,34.85084057736598,34.17403131859256,34.46829605102539,67000,0.0,0.0
2025-07-08 00:00:00-04:00,34.56639007459486,35.02740349389823,34.38001952431231,34.63505172729492,47000,0.0,0.0
2025-07-09 00:00:00-04:00,34.6939002950948,34.74294379517378,34.291737607600425,34.586002349853516,44900,0.0,0.0
2025-07-10 00:00:00-04:00,34.43887223045593,34.948932868832046,34.360399636038416,34.6840934753418,42500,0.0,0.0
2025-07-11 00:00:00-04:00,34.41925545050863,34.78218185967303,33.99747459319079,34.08575439453125,39700,0.0,0.0
2025-07-14 00:00:00-04:00,33.95823873039928,35.01759636008557,33.93862058076293,34.99797821044922,59300,0.0,0.0
2025-07-15 00:00:00-04:00,34.88026671382206,34.88026671382206,33.76205483849699,33.860145568847656,63500,0.0,0.0
2025-07-16 00:00:00-04:00,33.99747626422839,34.20346123022088,33.497226526563836,34.12499237060547,53100,0.0,0.0
2025-07-17 00:00:00-04:00,34.09555941689225,34.72332893169261,32.82040972272053,34.66447448730469,55700,0.0,0.0
2025-07-18 00:00:00-04:00,34.89007779589783,35.037212036896435,34.33097366694984,34.399635314941406,47900,0.0,0.0
2025-07-21 00:00:00-04:00,34.429057815700546,35.704211154027796,34.429057815700546,34.78217697143555,43800,0.0,0.0
2025-07-22 00:00:00-04:00,34.71351875377451,35.566887636470206,34.58600265900597,34.77237319946289,91900,0.0,0.0
2025-07-23 00:00:00-04:00,34.77237151861763,35.20395954079904,34.595811931866365,34.73313522338867,55100,0.0,0.0
2025-07-24 00:00:00-04:00,34.67427963767875,34.73313407858235,34.07594299316406,34.07594299316406,32600,0.0,0.0
2025-07-25 00:00:00-04:00,34.06613415876735,34.5075331384362,33.477604680394975,33.58550262451172,34200,0.0,0.0
2025-07-28 00:00:00-04:00,33.60511939676983,33.9091951023445,33.54626868985691,33.732635498046875,38800,0.0,0.0
2025-07-29 00:00:00-04:00,33.74244628837812,33.830726090120514,31.06462875367493,31.113672256469727,115600,0.0,0.0
2025-07-30 00:00:00-04:00,31.28042055377492,31.633539735554145,30.59380220918036,31.015583038330078,76700,0.0,0.0
2025-07-31 00:00:00-04:00,30.750743531261648,31.731626609561356,30.16221218757017,30.878257751464844,121600,0.0,0.0
2025-08-01 00:00:00-04:00,30.54475783693647,30.809597231923576,29.86794854426671,30.319154739379883,79400,0.0,0.0
2025-08-04 00:00:00-04:00,30.289728920408198,30.789980510499024,30.05431673758129,30.62322998046875,75300,0.0,0.0
2025-08-05 00:00:00-04:00,30.633037683669727,30.809597280606788,30.25049313756586,30.770362854003906,51100,0.0,0.0
2025-08-06 00:00:00-04:00,30.682084121208355,31.447175110879435,30.358392139210917,30.75074577331543,58100,0.0,0.0
2025-08-07 00:00:00-04:00,31.32946757886499,31.378511080751785,30.25049369934837,30.603612899780273,45900,0.0,0.0
2025-08-08 00:00:00-04:00,30.76055279697197,31.123479182735746,30.43686083655772,30.927303314208984,61800,0.0,0.0
2025-08-11 00:00:00-04:00,30.76976332921545,31.43931367974515,30.65160661169485,31.07499885559082,40900,0.12,0.0
2025-08-12 00:00:00-04:00,31.350695860344686,32.27624896693598,31.04546034127893,32.13840103149414,62000,0.0,0.0
2025-08-13 00:00:00-04:00,32.27624890355619,32.85718217040213,31.813474229206545,32.620872497558594,44900,0.0,0.0
2025-08-14 00:00:00-04:00,32.591328245550606,32.768562363397166,32.16793604803653,32.49286651611328,54200,0.0,0.0
2025-08-15 00:00:00-04:00,32.709490188931646,32.83748969913675,31.911936576676755,32.17778778076172,194500,0.0,0.0
2025-08-18 00:00:00-04:00,32.03008843698091,32.20732255655712,31.09468885193788,31.961164474487305,57600,0.0,0.0
2025-08-19 00:00:00-04:00,32.128559159611214,32.295944879782766,31.882401037423733,31.990711212158203,40600,0.0,0.0
2025-08-20 00:00:00-04:00,32.05963456892632,32.27625115815181,31.921782868051274,32.15809631347656,46500,0.0,0.0
2025-08-21 00:00:00-04:00,31.99070356161934,32.33532334783646,31.951317370030537,32.19747543334961,23600,0.0,0.0
2025-08-22 00:00:00-04:00,32.3747125823647,33.95012283325195,32.30578861864303,33.95012283325195,81900,0.0,0.0
2025-08-25 00:00:00-04:00,33.92058785237249,34.13720443212432,33.03441716587757,33.59565734863281,63500,0.0,0.0
2025-08-26 00:00:00-04:00,33.50704189968611,33.96982036456764,32.72918509957808,33.78274154663086,37100,0.0,0.0
2025-08-27 00:00:00-04:00,33.87135584310945,34.24551344831308,33.19195708762093,33.861507415771484,75200,0.0,0.0
2025-08-28 00:00:00-04:00,33.95012501632269,34.05843518229971,33.17226451164638,33.969818115234375,45900,0.0,0.0
2025-08-29 00:00:00-04:00,34.07813007060113,34.07813007060113,33.26088332518908,33.46765899658203,49500,0.0,0.0
2025-09-02 00:00:00-04:00,33.07380020449094,33.398726921112065,33.00487624169026,33.359344482421875,35000,0.0,0.0
2025-09-03 00:00:00-04:00,33.251032138012306,33.408573150634766,32.98518097494802,33.408573150634766,44700,0.0,0.0
2025-09-04 00:00:00-04:00,33.5267332489126,34.2849006652832,33.37904063912068,34.2849006652832,40500,0.0,0.0
2025-09-05 00:00:00-04:00,34.41289964898229,34.46213051278573,33.369188058408376,33.556270599365234,49200,0.0,0.0
2025-09-08 00:00:00-04:00,33.487344989120814,33.66457911482061,33.14272516474587,33.6448860168457,35600,0.0,0.0
2025-09-09 00:00:00-04:00,33.56611913661241,33.56611913661241,33.00487896123359,33.14272689819336,27700,0.0,0.0
2025-09-10 00:00:00-04:00,33.10333910122826,33.31011475275483,32.96549117092681,33.02457046508789,32500,0.0,0.0
2025-09-11 00:00:00-04:00,32.97534173858616,33.25103761708586,32.75872140200803,33.18211364746094,51300,0.0,0.0
2025-09-12 00:00:00-04:00,33.0245738184404,33.22150106289914,32.4239474130749,32.70949172973633,28000,0.0,0.0
2025-09-15 00:00:00-04:00,32.719334217825,32.91626144913954,32.23686644498264,32.689796447753906,36500,0.0,0.0
2025-09-16 00:00:00-04:00,32.61102587682965,32.61102587682965,31.74455202030047,31.843013763427734,31000,0.0,0.0
2025-09-17 00:00:00-04:00,31.951318443937847,32.985181593412065,31.74454656525782,32.06947326660156,69800,0.0,0.0
2025-09-18 00:00:00-04:00,32.28609406423178,33.02456829027876,31.665774662651554,32.935951232910156,66800,0.0,0.0
2025-09-19 00:00:00-04:00,33.073803132570475,33.20180639885019,32.07932604120785,32.17778778076172,139200,0.0,0.0
2025-09-22 00:00:00-04:00,32.09901599451217,32.19748149201263,31.626392874734012,31.803627014160156,34900,0.0,0.0
2025-09-23 00:00:00-04:00,31.882399116735417,32.17778809435033,31.577161711424374,31.85285758972168,34800,0.0,0.0
2025-09-24 00:00:00-04:00,31.813471625940597,32.177784532806484,31.646082178305427,32.14824676513672,56200,0.0,0.0
2025-09-25 00:00:00-04:00,32.000552562379035,32.21717288936051,31.69531517036646,32.03009033203125,35800,0.0,0.0
2025-09-26 00:00:00-04:00,32.03993965595562,32.11870829592406,31.557468120378566,31.606698989868164,32400,0.0,0.0
2025-09-29 00:00:00-04:00,31.61654640579342,31.636239504174064,30.769761955797946,31.25223159790039,48000,0.0,0.0
2025-09-30 00:00:00-04:00,31.124230456335695,31.715008388047575,30.198675483663315,31.409772872924805,132700,0.0,0.0
2025-10-01 00:00:00-04:00,31.084844151673636,31.084844151673636,30.425140377377392,30.562990188598633,38100,0.0,0.0
2025-10-02 00:00:00-04:00,30.513757533078763,30.513757533078763,29.85405375682281,29.942670822143555,40900,0.0,0.0
2025-10-03 00:00:00-04:00,29.873747963312262,30.434988145800897,29.0860427735102,29.883594512939453,27300,0.0,0.0
2025-10-06 00:00:00-04:00,30.070674344361,30.464526928058106,28.702034033712316,30.031288146972656,46000,0.0,0.0
2025-10-07 00:00:00-04:00,30.060827572837095,30.326676891094486,29.54881827879644,29.666973114013672,29700,0.0,0.0
2025-10-08 00:00:00-04:00,29.932825125630963,29.962364774258507,29.24358355999061,29.79497718811035,44200,0.0,0.0
2025-10-09 00:00:00-04:00,29.666973986075753,29.666973986075753,29.22389052393081,29.450355529785156,24100,0.0,0.0
2025-10-10 00:00:00-04:00,29.401125471093515,29.81467117399301,28.308182853851136,28.318029403686523,54900,0.0,0.0
2025-10-13 00:00:00-04:00,28.59372437381175,28.652801789019925,28.327873188319206,28.534645080566406,28300,0.0,0.0
2025-10-14 00:00:00-04:00,28.318027069307597,29.39127649840655,28.318027069307597,29.263273239135742,43300,0.0,0.0
2025-10-15 00:00:00-04:00,29.361738823991246,29.529126412565493,28.83988483693537,29.056503295898438,34100,0.0,0.0
2025-10-16 00:00:00-04:00,28.93834594046707,28.967885588872267,27.953713530074452,28.170333862304688,41900,0.0,0.0
2025-10-17 00:00:00-04:00,28.1506398848826,28.702033491644915,27.81586472555332,28.455875396728516,62500,0.0,0.0
2025-10-20 00:00:00-04:00,28.613418161869305,29.282968521118164,28.42633935057832,29.282968521118164,61500,0.0,0.0
2025-10-21 00:00:00-04:00,29.11557794886182,29.33219826527487,28.96788347369474,29.27311897277832,36000,0.0,0.0
2025-10-22 00:00:00-04:00,29.184502478207985,29.647280888222447,29.04665454911628,29.243581771850586,77200,0.0,0.0
2025-10-23 00:00:00-04:00,29.243582079386453,29.420814328066548,28.741419346366516,28.987577438354492,34400,0.0,0.0
2025-10-24 00:00:00-04:00,29.243581204567192,29.430659996694825,28.879266412987064,29.27311897277832,33800,0.0,0.0
2025-10-27 00:00:00-04:00,29.430661175970155,29.588202206199266,28.721726539939155,28.80049705505371,40600,0.0,0.0
2025-10-28 00:00:00-04:00,28.505107113102433,28.505107113102433,27.934020428642064,27.963558197021484,39800,0.0,0.0
2025-10-29 00:00:00-04:00,27.815863505779355,28.37710363709144,27.29400769134747,27.461395263671875,63100,0.0,0.0
2025-10-30 00:00:00-04:00,27.16600740954473,27.78632498021307,27.11677654194972,27.402318954467773,66600,0.0,0.0
2025-10-31 00:00:00-04:00,27.19554759253647,27.52047620795973,27.097083977370005,27.372779846191406,43900,0.0,0.0
2025-11-03 00:00:00-05:00,27.33339364684589,27.41216415795346,27.077389016237014,27.23493003845215,42900,0.0,0.0
2025-11-04 00:00:00-05:00,27.06754190908104,27.6681682176561,26.87061657439405,27.60909080505371,57000,0.0,0.0
2025-11-05 00:00:00-05:00,28.8004986267495,28.8004986267495,27.628785507195396,27.796173095703125,43800,0.0,0.0
2025-11-06 00:00:00-05:00,27.60909135490503,27.76663237700698,27.41216413825903,27.51062774658203,48500,0.0,0.0
2025-11-07 00:00:00-05:00,27.530320305743146,27.668170115319473,27.392472374204033,27.5401668548584,52000,0.0,0.0
2025-11-10 00:00:00-05:00,27.56983299908133,27.945606539352895,27.47094701218499,27.67860984802246,31000,0.12,0.0
2025-11-11 00:00:00-05:00,27.50061078188901,27.80716336270325,27.263281029281643,27.68849754333496,20500,0.0,0.0
2025-11-12 00:00:00-05:00,27.82693945338634,27.98515928860516,27.470945767208608,27.658830642700195,46400,0.0,0.0
2025-11-13 00:00:00-05:00,27.49072214994029,27.718164816060742,27.184171451424763,27.391836166381836,70200,0.0,0.0
2025-11-14 00:00:00-05:00,27.292949469762547,27.520390259529318,26.936953878037645,27.470947265625,37300,0.0,0.0
2025-11-17 00:00:00-05:00,27.480835625273958,27.69838743415461,26.32385186424691,26.3436279296875,58400,0.0,0.0
2025-11-18 00:00:00-05:00,26.50184776998784,26.50184776998784,26.27440698532226,26.3436279296875,56400,0.0,0.0
2025-11-19 00:00:00-05:00,26.234851114492663,26.54140179764679,26.126074274674142,26.313961029052734,49000,0.0,0.0
2025-11-20 00:00:00-05:00,26.640292811767726,26.798512659592458,26.304075163607834,26.363407135009766,57200,0.0,0.0
2025-11-21 00:00:00-05:00,26.363405557847877,27.233616554953837,26.363405557847877,27.184171676635742,59600,0.0,0.0
2025-11-24 00:00:00-05:00,27.07539563256073,27.322614373087188,26.936953741427292,27.045730590820312,34900,0.0,0.0
2025-11-25 00:00:00-05:00,27.29294911716329,27.89616155674616,27.29294911716329,27.767608642578125,37600,0.0,0.0
2025-11-26 00:00:00-05:00,27.74783251773659,28.232381050933057,26.106300136334866,27.826942443847656,61500,0.0,0.0
2025-11-28 00:00:00-05:00,27.767608319249216,27.767608319249216,27.381947695106494,27.49072265625,18600,0.0,0.0
2025-12-01 00:00:00-05:00,27.24350295670466,27.80716323852539,26.20518505791808,27.80716323852539,38000,0.0,0.0
2025-12-02 00:00:00-05:00,27.96538400815,27.96538400815,27.441279610457254,27.55005645751953,48900,0.0,0.0
2025-12-03 00:00:00-05:00,27.757718378866297,28.390597716723338,27.500610676329575,28.351043701171875,72900,0.0,0.0
2025-12-04 00:00:00-05:00,28.004938622169,28.6378179942901,27.72805483993067,28.133493423461914,81500,0.0,0.0
2025-12-05 00:00:00-05:00,28.12360502474589,28.321378889528404,27.787387379873326,28.17304801940918,61500,0.0,0.0
2025-12-08 00:00:00-05:00,28.173047215215707,28.80592658226131,28.103826270211258,28.31148910522461,61000,0.0,0.0
2025-12-09 00:00:00-05:00,28.65759472797631,28.766371572734045,28.44993190012524,28.6279296875,38300,0.0,0.0
2025-12-10 00:00:00-05:00,29.13225469969711,29.626692167535523,28.80592604636893,29.33003044128418,91900,0.0,0.0
2025-12-11 00:00:00-05:00,29.379473534637942,29.616805179810193,29.122367710271654,29.241031646728516,46900,0.0,0.0
2025-12-12 00:00:00-05:00,29.26081022532788,29.616805814587043,28.538931957000624,29.25092124938965,47700,0.0,0.0
2025-12-15 00:00:00-05:00,29.547582274791722,29.6563591213757,29.221253621169044,29.300363540649414,39500,0.0,0.0
2025-12-16 00:00:00-05:00,29.320143627280988,29.73547120633132,29.231144725618105,29.63658332824707,73200,0.0,0.0
2025-12-17 00:00:00-05:00,29.55747059177502,29.84424522233108,29.15203202770758,29.320140838623047,28400,0.0,0.0
2025-12-18 00:00:00-05:00,29.557469959304722,29.557469959304722,29.112477388965175,29.310251235961914,44400,0.0,0.0
2025-12-19 00:00:00-05:00,29.270697907209442,29.270697907209442,28.47959684228911,28.716928482055664,50100,0.0,0.0
2025-12-22 00:00:00-05:00,28.667484432787866,29.0432579681671,28.44004364808054,28.54882049560547,54300,0.0,0.0
2025-12-23 00:00:00-05:00,28.41037614869059,28.716928733519588,28.252156311546894,28.479597091674805,35300,0.0,0.0
2025-12-24 00:00:00-05:00,28.39059837095729,28.51915316825267,28.242267508495054,28.331266403198242,35900,0.0,0.0
2025-12-26 00:00:00-05:00,28.252157314065627,28.31148928356758,27.866496683108977,28.163158416748047,26200,0.0,0.0
2025-12-29 00:00:00-05:00,28.311488653322847,28.341155580478055,27.965383933825034,28.153268814086914,43100,0.0,0.0
2025-12-30 00:00:00-05:00,28.23237825173757,28.23237825173757,27.94560550531654,28.024715423583984,31500,0.0,0.0
2025-12-31 00:00:00-05:00,27.93571735774595,28.21260302295316,27.747830588993583,27.85660743713379,129300,0.0,0.0
2026-01-02 00:00:00-05:00,27.75771717813028,28.212600597134703,27.57971940052547,27.728052139282227,50900,0.0,0.0
2026-01-05 00:00:00-05:00,27.599500605119992,28.479598735806157,27.5500576104567,28.17304801940918,67900,0.0,0.0
2026-01-06 00:00:00-05:00,27.985161244655846,28.360934794162514,27.88627525532926,28.17304801940918,50000,0.0,0.0
2026-01-07 00:00:00-05:00,27.995050374290933,28.153270221436088,27.47094783792111,28.054384231567383,65500,0.0,0.0
2026-01-08 00:00:00-05:00,27.886273548225642,28.608151788443102,27.886273548225642,28.56859588623047,44600,0.0,0.0
2026-01-09 00:00:00-05:00,28.568597166914433,28.707040944735624,28.232379527551892,28.55870819091797,38400,0.0,0.0
2026-01-12 00:00:00-05:00,28.400487048240514,28.6477057784568,28.370822007737267,28.598262786865234,25500,0.0,0.0
2026-01-13 00:00:00-05:00,28.48948591613673,28.865259441956603,28.48948591613673,28.6279296875,30500,0.0,0.0
2026-01-14 00:00:00-05:00,28.934479220961794,29.09269905090332,28.697149476049503,29.09269905090332,21100,0.0,0.0
2026-01-15 00:00:00-05:00,29.241030750751936,29.66624726330667,28.98392304813444,29.46847152709961,30500,0.0,0.0
2026-01-16 00:00:00-05:00,29.41902948564607,29.71569121340256,29.20147767769993,29.211366653442383,34600,0.0,0.0
2026-01-20 00:00:00-05:00,28.72681552437211,29.12236699924896,28.687261508561953,28.746593475341797,36600,0.0,0.0
2026-01-21 00:00:00-05:00,29.181697601231377,30.1211275948047,29.181697601231377,29.99257469177246,37500,0.0,0.0
2026-01-22 00:00:00-05:00,30.18046496685533,30.42768371287584,29.864025273729766,30.25957489013672,37200,0.0,0.0
2026-01-23 00:00:00-05:00,30.11124290807695,30.368348734652397,28.924592216536556,29.033369064331055,56100,0.0,0.0
2026-01-26 00:00:00-05:00,28.98392476233439,29.221254528141763,28.72681704451074,29.07292366027832,24000,0.0,0.0
2026-01-27 00:00:00-05:00,29.438807537072474,30.08157587347984,29.211366752611745,29.666248321533203,41100,0.0,0.0
2026-01-28 00:00:00-05:00,29.80469021013899,30.536457442401296,29.438807537072474,29.666248321533203,66000,0.0,0.0
2026-01-29 00:00:00-05:00,30.536458891533623,30.536458891533623,29.686027681859677,30.08157730102539,37300,0.0,0.0
2026-01-30 00:00:00-05:00,30.160684967900725,30.447459599167054,29.78491332934505,30.378236770629883,46700,0.0,0.0
2026-02-02 00:00:00-05:00,30.566124311461085,31.624220197798035,30.37823754433335,31.357223510742188,63500,0.0,0.0
2026-02-03 00:00:00-05:00,31.19900471057134,31.82199700112911,31.129783764093663,31.55500030517578,58100,0.0,0.0
2026-02-04 00:00:00-05:00,31.812105669614663,32.57353984189496,31.535221887788595,31.97032928466797,37400,0.0,0.0
2026-02-05 00:00:00-05:00,31.495668833539007,32.51421075304801,29.66624972337187,31.653886795043945,39600,0.0,0.0
2026-02-06 00:00:00-05:00,31.98021582021505,32.83064887509426,30.714455213665666,32.44498825073242,109500,0.0,0.0
2026-02-09 00:00:00-05:00,32.56409027643381,33.39779462438174,32.355661349867255,32.62363815307617,50500,0.12,0.0
2026-02-10 00:00:00-05:00,32.54423857743551,32.59386306826063,31.244055715624043,31.730382919311523,82700,0.0,0.0
2026-02-11 00:00:00-05:00,32.01820742945214,32.12738357771163,31.075328880207273,31.244054794311523,46700,0.0,0.0
2026-02-12 00:00:00-05:00,31.46240587553931,31.492179810785153,30.718027205547553,31.323453903198242,47700,0.0,0.0
2026-02-13 00:00:00-05:00,31.115030312403572,31.95865989177091,30.866904076886883,31.551733016967773,50600,0.0,0.0
2026-02-17 00:00:00-05:00,31.363155052186926,32.0876850640625,31.363155052186926,31.760156631469727,27700,0.0,0.0
2026-02-18 00:00:00-05:00,31.571582358109115,31.978511134742924,29.65604747571242,31.19443130493164,35700,0.0,0.0
2026-02-19 00:00:00-05:00,31.035629083051095,31.482255158057967,30.430200480359613,30.797428131103516,42100,0.0,0.0
2026-02-20 00:00:00-05:00,30.7279522319112,31.164654938382487,30.400425675320967,30.916528701782227,189300,0.0,0.0
2026-02-23 00:00:00-05:00,30.916528138979672,31.21428075331149,29.31859649163863,29.49724578857422,67900,0.0,0.0
2026-02-24 00:00:00-05:00,29.318596337645758,29.96372415906352,29.169719084735352,29.69574737548828,38300,0.0,0.0
2026-02-25 00:00:00-05:00,29.92402334655511,30.380576600049636,29.437696156629215,30.271400451660156,30200,0.0,0.0
2026-02-26 00:00:00-05:00,30.569151333755457,30.767653078580373,29.77514814056165,30.072898864746094,26600,0.0,0.0
2026-02-27 00:00:00-05:00,29.65604610300911,29.65604610300911,29.000993008880098,29.1895694732666,52100,0.0,0.0
2026-03-02 00:00:00-05:00,28.594066379889416,30.291250787255223,28.594066379889416,29.59649658203125,40400,0.0,0.0
2026-03-03 00:00:00-05:00,28.971217938090167,29.71559659708388,28.60399030004336,29.437694549560547,39400,0.0,0.0
2026-03-04 00:00:00-05:00,29.83469636936582,30.589000310556102,29.527020384489795,30.112598419189453,50600,0.0,0.0
2026-03-05 00:00:00-05:00,29.794998709421343,30.013349114401947,29.219345920787983,29.368221282958984,35200,0.0,0.0
2026-03-06 00:00:00-05:00,28.703242443127753,29.080393480848862,28.36579061793117,28.99106788635254,43000,0.0,0.0
2026-03-09 00:00:00-04:00,28.494815980965875,30.033199777157396,27.89931453010768,29.000993728637695,49800,0.0,0.0
2026-03-10 00:00:00-04:00,28.802492841160554,29.576645456682034,28.594065826406627,28.881893157958984,37300,0.0,0.0
2026-03-11 00:00:00-04:00,28.534516722383945,28.643692870403044,28.28639049001539,28.52459144592285,18600,0.0,0.0
2026-03-12 00:00:00-04:00,28.1077388730071,28.742941412448154,27.829838708528086,28.58414077758789,46400,0.0,0.0
2026-03-13 00:00:00-04:00,28.633768161734107,28.941444165917346,28.048190090288383,28.534517288208008,43300,0.0,0.0
2026-03-16 00:00:00-04:00,28.88189239438318,28.931516881175405,28.157364286120874,28.633766174316406,29400,0.0,0.0
2026-03-17 00:00:00-04:00,28.425341666711603,29.31859765200734,28.246690469652457,28.812419891357422,46000,0.0,0.0
2026-03-18 00:00:00-04:00,28.42534046610869,28.683391973955565,27.889388790621265,28.1871395111084,66900,0.0,0.0
2026-03-19 00:00:00-04:00,28.1176640183364,29.040693887319968,27.958863384215878,28.514665603637695,82400,0.0,0.0
2026-03-20 00:00:00-04:00,28.484893008291763,29.675897820239935,28.286391259773914,28.504741668701172,145700,0.0,0.0
2026-03-23 00:00:00-04:00,29.00099237213122,29.775146872310316,28.66354055613414,29.278894424438477,83400,0.0,0.0
2026-03-24 00:00:00-04:00,28.90174515153313,29.48732133396176,28.733019233291774,29.209421157836914,43000,0.0,0.0
2026-03-25 00:00:00-04:00,29.566722073503495,29.75529664274172,28.117663925616046,28.881893157958984,73900,0.0,0.0
2026-03-26 00:00:00-04:00,28.683391813988553,29.338444909849354,28.683391813988553,29.09031867980957,190400,0.0,0.0
2026-03-27 00:00:00-04:00,28.97121846769451,29.219344691894918,28.425339638621896,28.74294090270996,118800,0.0,0.0
2026-03-30 00:00:00-04:00,29.050620773523676,29.96372541684592,28.832268469717558,29.348371505737305,130000,0.0,0.0
2026-03-31 00:00:00-04:00,29.606423071563484,29.854549313159907,29.328520999476407,29.51709747314453,101100,0.0,0.0
2026-04-01 00:00:00-04:00,29.517096370809206,30.112599707011764,29.517096370809206,29.933948516845703,48700,0.0,0.0
2026-04-02 00:00:00-04:00,29.646122567206323,30.21185006440256,29.43769555120867,30.092748641967773,47600,0.0,0.0
2026-04-06 00:00:00-04:00,30.112598419189453,30.479824167223097,29.536945660524875,30.112598419189453,187000,0.0,0.0
2026-04-07 00:00:00-04:00,30.062974258617427,30.529450879015968,29.824771417293853,30.42027473449707,133800,0.0,0.0
2026-04-08 00:00:00-04:00,30.946303511446523,31.30360588614843,30.847052641467897,31.234128952026367,43600,0.0,0.0
2026-04-09 00:00:00-04:00,30.98600262880514,31.710532652295417,30.876828375910264,31.601356506347656,102200,0.0,0.0
2026-04-10 00:00:00-04:00,31.561655420739733,31.7502318839333,30.956228712149148,31.3333797454834,84000,0.0,0.0
2026-04-13 00:00:00-04:00,31.22420485653984,31.60135779811097,30.9562299584322,31.422706604003906,74200,0.0,0.0
2026-04-14 00:00:00-04:00,31.343305134131064,31.750231997760928,30.827202124094647,31.67083168029785,64400,0.0,0.0
2026-04-15 00:00:00-04:00,31.591430798106057,31.74030615405641,31.174578665613353,31.660905838012695,50400,0.0,0.0
2026-04-16 00:00:00-04:00,31.57158075391533,31.760157217448743,31.333379801950812,31.502105712890625,93000,0.0,0.0
2026-04-17 00:00:00-04:00,31.948731081096298,32.8916114848502,31.730380686556156,32.39535903930664,61400,0.0,0.0
2026-04-20 00:00:00-04:00,32.2861831179836,32.683186591596346,32.25640918259965,32.36558532714844,43900,0.0,0.0
2026-04-21 00:00:00-04:00,32.20678629032905,32.53431095409405,31.204356066600628,31.35323143005371,70900,0.0,0.0
2026-04-22 00:00:00-04:00,31.35322938763704,31.75023096200137,31.105103167027725,31.283754348754883,83200,0.0,0.0
2026-04-23 00:00:00-04:00,31.224203899563868,31.48225540613707,31.184504687119556,31.204355239868164,30500,0.0,0.0
2026-04-24 00:00:00-04:00,31.06540313159325,31.33337991340134,30.95622887804591,31.13488006591797,32200,0.0,0.0
2026-04-27 00:00:00-04:00,30.97607811299301,31.611282558675327,30.827202751352115,31.581506729125977,51900,0.0,0.0
2026-04-28 00:00:00-04:00,31.15472757758128,31.15472757758128,29.85454671482947,30.14237403869629,63700,0.0,0.0
2026-04-29 00:00:00-04:00,30.370651106257377,31.373081308421217,30.370651106257377,31.0058536529541,84000,0.0,0.0
2026-04-30 00:00:00-04:00,30.847053758693733,31.521957427328758,30.579076967961658,31.25398063659668,110500,0.0,0.0
2026-05-01 00:00:00-04:00,31.442556248964745,31.79985862685618,30.966154340478106,31.37308120727539,59400,0.0,0.0
2026-05-04 00:00:00-04:00,31.224204023564894,31.383006553131516,30.44012611741007,30.569150924682617,73900,0.0,0.0
2026-05-05 00:00:00-04:00,30.57907615558431,31.333380124428224,30.539376943041425,31.105104446411133,66100,0.0,0.0
2026-05-06 00:00:00-04:00,31.36315593088364,31.770080904628017,31.16465418915442,31.37308120727539,64800,0.0,0.0
2026-05-07 00:00:00-04:00,31.273829638699397,31.700607048758886,31.253979086358754,31.29368019104004,33400,0.0,0.0
2026-05-08 00:00:00-04:00,31.253978298445272,31.531880345049757,31.124953497589544,31.313528060913086,31300,0.0,0.0
2026-05-11 00:00:00-04:00,31.243790500602866,31.30356762775742,30.586236401060948,30.69582748413086,61000,0.12,0.0
2026-05-12 00:00:00-04:00,30.496569219978195,30.66593932748308,30.257458815314926,30.526456832885742,62000,0.0,0.0
2026-05-13 00:00:00-04:00,30.3570864580945,30.53641973508311,29.938642778547926,29.98845863342285,42000,0.0,0.0
2026-05-14 00:00:00-04:00,29.95857073966092,30.41686712787686,29.95857073966092,30.217607498168945,38000,0.0,0.0
2026-05-15 00:00:00-04:00,30.058200298662392,30.2176072409596,29.819089885216577,29.888830184936523,49300,0.0,0.0
2026-05-18 00:00:00-04:00,29.8689038137965,30.685864867366284,29.8689038137965,30.58623695373535,55200,0.0,0.0
2026-05-19 00:00:00-04:00,30.476643155606858,30.785493860243268,30.217606406457396,30.506532669067383,84100,0.0,0.0
2026-05-20 00:00:00-04:00,30.546383439286146,31.55264092195849,30.546383439286146,31.134197235107422,96200,0.0,0.0
2026-05-21 00:00:00-04:00,31.034567146918512,31.43308448791504,30.586235850902632,31.43308448791504,48200,0.0,0.0
2026-05-22 00:00:00-04:00,30.73568068562951,31.87145562205684,30.73568068562951,31.353382110595703,32100,0.0,0.0
2026-05-26 00:00:00-04:00,31.472937717825676,31.931232192847347,31.114271154570034,31.672197341918945,81500,0.0,0.0
2026-05-27 00:00:00-04:00,31.86149271239892,32.32975227095438,31.612419126028797,31.751901626586914,37100,0.0,0.0
2026-05-28 00:00:00-04:00,31.55264036883783,31.94119643571135,31.353380749913946,31.8714542388916,36000,0.0,0.0
2026-05-29 00:00:00-04:00,31.36334392200167,32.37956455804456,31.36334392200167,31.801713943481445,48200,0.0,0.0
2026-06-01 00:00:00-04:00,31.642308099437972,32.01093783708599,31.333457389698683,31.512788772583008,62200,0.0,0.0
2026-06-02 00:00:00-04:00,31.343420230932008,32.269974306847615,31.343420230932008,32.16038131713867,66300,0.0,0.0
2026-06-03 00:00:00-04:00,31.92127037021136,32.35963849519142,31.203937256097483,31.363344192504883,63400,0.0,0.0
2026-06-04 00:00:00-04:00,31.78178706838432,32.499118263997346,31.662232819255745,32.46923065185547,88800,0.0,0.0
2026-06-05 00:00:00-04:00,32.26997103630523,32.987304132199625,32.26997103630523,32.538970947265625,92500,0.0,0.0
2026-06-08 00:00:00-04:00,32.70834513190767,33.01719394613289,31.891380273458175,32.65852737426758,89800,0.0,0.0
2026-06-09 00:00:00-04:00,32.867749897413674,33.61497060577606,32.75815691876409,33.09689712524414,75200,0.0,0.0
2026-06-10 00:00:00-04:00,33.22641535073315,33.864046932932226,33.067008405323726,33.38582229614258,96200,0.0,0.0
2026-06-11 00:00:00-04:00,33.57511846397931,33.874005992032075,33.0670062457846,33.54522705078125,75400,0.0,0.0
2026-06-12 00:00:00-04:00,33.674748541384965,34.053341461594485,33.28619434984213,33.943748474121094,81000,0.0,0.0
2026-06-15 00:00:00-04:00,34.2227086143262,34.26256129954334,32.96737943447609,33.116825103759766,67900,0.0,0.0
2026-06-16 00:00:00-04:00,33.395787379440186,33.61497335466344,32.987306844154084,33.246341705322266,72400,0.0,0.0
2026-06-17 00:00:00-04:00,33.246340619112324,33.84411949549227,32.61867792967106,33.047080993652344,162900,0.0,0.0
2026-06-18 00:00:00-04:00,33.465527142639125,34.27252692889417,32.55889944228107,33.14671325683594,84800,0.0,0.0
2026-06-22 00:00:00-04:00,33.02715736577504,33.86404472474356,32.95741706924109,33.33600616455078,59200,0.0,0.0
2026-06-23 00:00:00-04:00,33.06700572635399,34.182858054379004,33.01719177255455,34.073265075683594,58200,0.0,0.0
2026-06-24 00:00:00-04:00,33.92382049848497,34.54152190658424,33.62493296556992,34.272525787353516,72400,0.0,0.0
2026-06-25 00:00:00-04:00,34.1828580542525,34.55148587304028,34.1828580542525,34.49170684814453,40500,0.0,0.0
2026-06-26 00:00:00-04:00,34.55148641956489,35.36844743659054,34.312374116760765,35.07952117919922,291400,0.0,0.0
2026-06-29 00:00:00-04:00,35.119376050413095,35.15922873678942,34.123081694373006,34.9898567199707,52400,0.0,0.0
2026-06-30 00:00:00-04:00,34.979895448657295,35.119376050413095,34.661081558769375,34.9898567199707,43500,0.0,0.0
2026-07-01 00:00:00-04:00,35.02970776353209,36.27507565017723,35.01974649268584,36.01604080200195,90400,0.0,0.0
2026-07-02 00:00:00-04:00,36.20533535833775,36.21529662918558,35.169188364349246,35.38837432861328,69100,0.0,0.0
2026-07-06 00:00:00-04:00,35.4381888275298,36.02600263115835,35.27878188759127,35.3485221862793,38700,0.0,0.0
2026-07-07 00:00:00-04:00,35.50792858745407,35.63744791186431,34.74078151296448,34.76070785522461,28900,0.0,0.0
2026-07-08 00:00:00-04:00,34.74078207218301,34.989855653602135,34.14300699700159,34.372154235839844,51800,0.0,0.0
2026-07-09 00:00:00-04:00,34.4219681721701,35.139301302423306,34.192820933463935,34.79059600830078,69300,0.0,0.0
2026-07-10 00:00:00-04:00,34.80055999530133,35.60755974168591,34.262560164378264,34.940040588378906,46200,0.0,0.0
2026-07-13 00:00:00-04:00,34.87030136970363,35.61752211334014,34.42196816340948,35.27878189086914,69100,0.0,0.0
2026-07-14 00:00:00-04:00,35.24889264200973,35.61752046094493,34.89022609361394,34.97989273071289,34400,0.0,0.0
2026-07-15 00:00:00-04:00,35.01974865522573,35.74704308987105,34.28248914855764,35.36845016479492,49900,0.0,0.0
2026-07-16 00:00:00-04:00,35.52785543458256,36.683556698164764,35.52785543458256,36.394630432128906,94000,0.0,0.0
2026-07-17 00:00:00-04:00,36.1256294318408,36.862888881722135,34.900187906164405,35.70718765258789,42900,0.0,0.0
2026-07-20 00:00:00-04:00,35.766966680712606,35.84666824795394,35.308668416970704,35.56770706176758,38600,0.0,0.0
2026-07-21 00:00:00-04:00,35.38837648245339,35.84667098057027,34.67104331979294,35.64741134643555,60100,0.0,0.0
2026-07-22 00:00:00-04:00,35.587633952845486,35.587633952845486,35.08948679807693,35.318634033203125,43500,0.0,0.0
2026-07-23 00:00:00-04:00,34.88026156755195,35.567707062906244,34.392079491710184,35.49796676635742,51300,0.0,0.0
2026-07-24 00:00:00-04:00,35.66733767194266,36.45441113606967,35.61752371357442,35.996116638183594,81600,0.0,0.0
2026-07-27 00:00:00-04:00,36.10570907058469,36.862891107574356,36.03596496927013,36.17544937133789,67900,0.0,0.0
2026-07-28 00:00:00-04:00,36.17544927708554,38.68611149934366,36.15552293398492,37.63999938964844,83700,0.0,0.0
2026-07-29 00:00:00-04:00,37.27136993530719,38.19792394641481,37.211590908584995,37.689815521240234,57700,0.0,0.0
2026-07-30 00:00:00-04:00,38.05844278948591,38.05844278948591,36.78318350883214,36.89277648925781,61500,0.0,0.0
2026-07-31 00:00:00-04:00,36.74333625187132,37.271371034864394,36.17544878322108,37.19166946411133,38500,0.0,0.0
2026-08-03 00:00:00-04:00,37.78944342413881,38.028551929856256,37.261408656831705,37.4805908203125,56600,0.0,0.0
2026-08-04 00:00:00-04:00,37.55033057079944,38.23777606598453,37.1418500623021,37.79940414428711,74700,0.0,0.0
2026-08-05 00:00:00-04:00,37.87911117638258,37.948851475978444,37.34111132187622,37.4008903503418,54700,0.0,0.0
2026-08-06 00:00:00-04:00,37.341111305283896,37.71970421760844,37.341111305283896,37.67985153198242,73800,0.0,0.0
2026-08-07 00:00:00-04:00,37.510483860336414,37.66989080458004,37.22155758621942,37.63999938964844,59300,0.0,0.0
2026-08-10 00:00:00-04:00,37.70000076293945,38.11000061035156,37.06999969482422,37.310001373291016,40700,0.14,0.0
2026-08-11 00:00:00-04:00,37.470001220703125,37.90999984741211,37.470001220703125,37.66999816894531,49800,0.0,0.0
2026-08-12 00:00:00-04:00,37.560001373291016,38.08000183105469,37.560001373291016,37.880001068115234,57700,0.0,0.0
2026-08-13 00:00:00-04:00,37.880001068115234,38.06999969482422,37.54999923706055,37.84000015258789,44000,0.0,0.0
2026-08-14 00:00:00-04:00,37.90999984741211,38.15999984741211,37.599998474121094,37.63999938964844,47600,0.0,0.0
2026-08-17 00:00:00-04:00,37.66999816894531,38.02000045776367,37.310001373291016,37.65999984741211,51300,0.0,0.0
2026-08-18 00:00:00-04:00,37.599998474121094,37.599998474121094,37.18000030517578,37.34000015258789,46600,0.0,0.0
2026-08-19 00:00:00-04:00,37.59000015258789,37.59000015258789,36.290000915527344,36.290000915527344,36500,0.0,0.0
2026-08-20 00:00:00-04:00,36.13999938964844,36.849998474121094,36.0099983215332,36.65999984741211,36000,0.0,0.0
2026-08-21 00:00:00-04:00,36.68000030517578,36.95000076293945,36.23529815673828,36.529998779296875,45100,0.0,0.0
