Date,Open,High,Low,Close,Volume,Dividends,Stock Splits
2022-01-03 00:00:00-05:00,42.73235994565604,43.68642398674937,42.596066830281615,43.341678619384766,404200,0.0,0.0
2022-01-04 00:00:00-05:00,43.46995030663951,43.84676261618116,42.69226856720709,43.00494384765625,232200,0.0,0.0
2022-01-05 00:00:00-05:00,42.684253326860805,42.804511405385924,39.974395751953125,39.974395751953125,500100,0.0,0.0
2022-01-06 00:00:00-05:00,39.88620490173951,40.63983259686048,39.2849053303565,39.62163162231445,430600,0.0,0.0
2022-01-07 00:00:00-05:00,39.597587451110684,40.37526934297413,39.02033878429508,39.284912109375,423800,0.0,0.0
2022-01-10 00:00:00-05:00,38.88404272046784,39.212753062368,37.73756451517429,38.39498519897461,578600,0.0,0.0
2022-01-11 00:00:00-05:00,38.467141159513616,39.10852681756102,38.35489905165133,39.0604248046875,489900,0.0,0.0
2022-01-12 00:00:00-05:00,39.196714387108095,40.030517196622704,38.80386704498819,38.93214416503906,514200,0.0,0.0
2022-01-13 00:00:00-05:00,39.30093642433949,39.4372295122135,36.991945444677015,37.0400505065918,818700,0.0,0.0
2022-01-14 00:00:00-05:00,36.71134833387493,37.48902712712346,35.74926829176147,37.032039642333984,779500,0.0,0.0
2022-01-18 00:00:00-05:00,36.38263388971955,36.49487598796714,33.736916365426985,33.79303741455078,1100200,0.0,0.0
2022-01-19 00:00:00-05:00,33.90527623318678,35.011665144637384,33.56053093142003,33.78501510620117,732100,0.0,0.0
2022-01-20 00:00:00-05:00,34.19390298974127,34.45045722491349,31.091195047131617,31.179386138916016,1455200,0.0,0.0
2022-01-21 00:00:00-05:00,30.626190761845514,31.484044534471497,29.50376372147645,31.09119415283203,2175100,0.0,0.0
2022-01-24 00:00:00-05:00,30.153169229003595,32.16551708663364,29.49574861840779,32.125431060791016,1542500,0.0,0.0
2022-01-25 00:00:00-05:00,31.411880665172994,32.317839277390384,30.562043085198848,30.826616287231445,704100,0.0,0.0
2022-01-26 00:00:00-05:00,31.37181257591554,32.510271947198184,30.401713339194472,30.505939483642578,718500,0.0,0.0
2022-01-27 00:00:00-05:00,31.115252943173942,31.163354956715796,29.343421024091775,29.463682174682617,980700,0.0,0.0
2022-01-28 00:00:00-05:00,29.29531441579632,29.864543914794922,27.788056041069105,29.864543914794922,1283600,0.0,0.0
2022-01-31 00:00:00-05:00,29.848510391904515,33.26389367410298,29.672128205411624,33.25587463378906,982200,0.0,0.0
2022-02-01 00:00:00-05:00,33.25587720696697,33.55251749581123,31.99715691665245,33.015357971191406,701300,0.0,0.0
2022-02-02 00:00:00-05:00,33.031397780001704,33.35208912137216,31.66845116866399,32.406044006347656,897900,0.0,0.0
2022-02-03 00:00:00-05:00,31.612323826902333,32.25370944058474,31.179387390778764,31.892929077148438,890900,0.0,0.0
2022-02-04 00:00:00-05:00,31.933024833481113,33.303987442554366,31.81276366775813,32.782859802246094,705800,0.0,0.0
2022-02-07 00:00:00-05:00,32.686647387079496,33.88924661519117,32.64656135781604,33.42424011230469,654100,0.0,0.0
2022-02-08 00:00:00-05:00,33.16767840357845,33.96139506149893,33.03138532302849,33.456302642822266,334700,0.0,0.0
2022-02-09 00:00:00-05:00,34.049595295457515,34.99564030805256,33.72088494758081,34.70701599121094,479300,0.0,0.0
2022-02-10 00:00:00-05:00,33.536489050057156,34.37028895102168,32.51026884689043,32.638545989990234,785200,0.0,0.0
2022-02-11 00:00:00-05:00,32.798892184019884,33.28794973292557,31.419910643940682,31.973108291625977,371300,0.0,0.0
2022-02-14 00:00:00-05:00,32.00517259898041,32.566386182770685,31.40387298599825,31.91698455810547,516300,0.0,0.0
2022-02-15 00:00:00-05:00,32.654581025593835,33.07148250539329,32.197593512006954,32.863033294677734,907900,0.0,0.0
2022-02-16 00:00:00-05:00,32.87104532804284,33.56855201890462,32.26974571838352,33.30398178100586,634500,0.0,0.0
2022-02-17 00:00:00-05:00,32.97527163228463,33.295962924187656,31.668446283727032,31.91698455810547,948000,0.0,0.0
2022-02-18 00:00:00-05:00,33.20777436121756,36.174186623498805,33.20777436121756,35.38848876953125,1546100,0.0,0.0
2022-02-22 00:00:00-05:00,34.666926214929866,35.27624177259282,33.67277623747496,34.51459503173828,996100,0.0,0.0
2022-02-23 00:00:00-05:00,34.86736108628601,35.70917992109746,34.47451066557776,34.65890884399414,699600,0.0,0.0
2022-02-24 00:00:00-05:00,33.143634253384185,37.32066142994114,32.927166029210625,37.02402114868164,1077700,0.0,0.0
2022-02-25 00:00:00-05:00,36.87971422543664,37.81774027141463,36.134102367078995,37.32868576049805,1011200,0.0,0.0
2022-02-28 00:00:00-05:00,37.76963471112172,39.80603686570591,37.553166476576024,37.95403289794922,1596600,0.0,0.0
2022-03-01 00:00:00-05:00,37.64937043494148,39.51740927143447,37.58523340319914,38.92412567138672,913300,0.0,0.0
2022-03-02 00:00:00-05:00,38.900077942382836,39.51741259902101,37.649373605228725,38.23463821411133,949900,0.0,0.0
2022-03-03 00:00:00-05:00,38.57936963665224,38.57936963665224,37.52108291019206,38.066261291503906,412600,0.0,0.0
2022-03-04 00:00:00-05:00,38.3228309613998,39.413188164951684,37.9540345714832,39.3570671081543,392600,0.0,0.0
2022-03-07 00:00:00-05:00,39.65370303434697,41.193031580526046,39.35706275857733,39.894222259521484,1283300,0.0,0.0
2022-03-08 00:00:00-05:00,39.74189824054593,41.45760609815802,39.645691152200186,40.74406433105469,1258300,0.0,0.0
2022-03-09 00:00:00-05:00,40.75208541533381,40.832257483246195,38.05024329785595,38.52326583862305,758400,0.0,0.0
2022-03-10 00:00:00-05:00,38.1223892294062,38.67558674912409,37.5130737237899,38.48316955566406,729200,0.0,0.0
2022-03-11 00:00:00-05:00,38.61145256761704,38.932146919618326,37.617302523107455,37.833770751953125,462400,0.0,0.0
2022-03-14 00:00:00-04:00,37.73756846459337,37.73756846459337,35.7011661048886,35.90961837768555,493800,0.0,0.0
2022-03-15 00:00:00-04:00,35.94969880095095,36.679275525126954,35.75728158366184,36.20625305175781,579200,0.0,0.0
2022-03-16 00:00:00-04:00,36.550999158420154,37.016002600771806,35.4205560115976,36.73539733886719,996500,0.0,0.0
2022-03-17 00:00:00-04:00,36.623160011359275,37.34472086233405,36.486863824678096,36.63117599487305,516800,0.0,0.0
2022-03-18 00:00:00-04:00,36.62315024992948,37.12824271098592,36.40668205233386,36.77547836303711,1405400,0.0,0.0
2022-03-21 00:00:00-04:00,36.775487469818835,37.873863750911866,35.8374614396536,36.10203170776367,610800,0.0,0.0
2022-03-22 00:00:00-04:00,36.374609588895794,37.841781811040114,36.26236750688052,37.489017486572266,943300,0.0,0.0
2022-03-23 00:00:00-04:00,36.91980089209395,37.224460262474715,36.60712553807851,36.8476448059082,461000,0.0,0.0
2022-03-24 00:00:00-04:00,37.01600014331292,37.40885054226638,36.11004432452762,37.00798416137695,433100,0.0,0.0
2022-03-25 00:00:00-04:00,37.2484962157243,37.2484962157243,36.35857253193435,36.94384002685547,382000,0.0,0.0
2022-03-28 00:00:00-04:00,36.95187366063799,37.40084523640553,36.494886100646326,37.144290924072266,493600,0.0,0.0
2022-03-29 00:00:00-04:00,37.721526027116845,38.29877459729144,37.04005439939124,37.79368209838867,894600,0.0,0.0
2022-03-30 00:00:00-04:00,37.76963677406212,38.60343971006821,37.448942396100314,38.002140045166016,618800,0.0,0.0
2022-03-31 00:00:00-04:00,38.042222920132446,38.5954174649121,37.94601583807685,38.026187896728516,433600,0.0,0.0
2022-04-01 00:00:00-04:00,38.14335862359551,39.25856783527405,38.14335862359551,38.8868293762207,448700,0.375,0.0
2022-04-04 00:00:00-04:00,38.78178291658831,40.171750903331365,38.47469563973311,39.26665496826172,809400,0.0,0.0
2022-04-05 00:00:00-04:00,39.404040108188056,40.00205193801117,38.04639754520223,38.07872009277344,585200,0.0,0.0
2022-04-06 00:00:00-04:00,37.60192915809303,38.030236067953524,36.57561348011319,37.41606140136719,613300,0.0,0.0
2022-04-07 00:00:00-04:00,36.95542144781598,36.95542144781598,34.401755860562005,34.482566833496094,2414900,0.0,0.0
2022-04-08 00:00:00-04:00,34.33711191000066,35.35534447445886,33.63404341173476,34.59571075439453,1772600,0.0,0.0
2022-04-11 00:00:00-04:00,34.256298200953616,35.55737538439393,33.99769935386824,34.393680572509766,604000,0.0,0.0
2022-04-12 00:00:00-04:00,34.90279318879037,35.52504758997434,34.401758338479844,35.306854248046875,639700,0.0,0.0
2022-04-13 00:00:00-04:00,35.23411867241154,36.17962303436899,35.10481927313216,35.99375534057617,726900,0.0,0.0
2022-04-14 00:00:00-04:00,36.07457166370913,36.50287540938206,35.14523305680172,35.21796417236328,550500,0.0,0.0
2022-04-18 00:00:00-04:00,35.08865838094785,35.50080235806445,34.49872964681679,34.676517486572266,616900,0.0,0.0
2022-04-19 00:00:00-04:00,34.62802466586382,35.04016859076262,34.14315272417883,34.90278625488281,988900,0.0,0.0
2022-04-20 00:00:00-04:00,34.88662795895596,35.2987719371724,34.741168823825426,34.79773712158203,719300,0.0,0.0
2022-04-21 00:00:00-04:00,35.16947945369742,35.35534719473503,33.03603728192807,33.09260559082031,614900,0.0,0.0
2022-04-22 00:00:00-04:00,33.488580631331864,33.488580631331864,32.27639741193809,32.79359817504883,862200,0.0,0.0
2022-04-25 00:00:00-04:00,32.55115415409164,33.48049571518338,32.14709314191974,33.26230239868164,994000,0.0,0.0
2022-04-26 00:00:00-04:00,33.13300955573897,33.16533518296838,31.57333349344706,31.807689666748047,731900,0.0,0.0
2022-04-27 00:00:00-04:00,31.840010032481597,33.43200837618699,31.807684410593932,32.77743148803711,883400,0.0,0.0
2022-04-28 00:00:00-04:00,33.31887034647252,33.763336838680615,32.171338563581045,33.553226470947266,623100,0.0,0.0
2022-04-29 00:00:00-04:00,33.480501603130946,33.892642551620234,32.25215554018007,32.31680679321289,745200,0.0,0.0
2022-05-02 00:00:00-04:00,32.324885519140445,32.87440881958514,32.05820373389171,32.80167770385742,663900,0.0,0.0
2022-05-03 00:00:00-04:00,32.6642862273305,33.90879471258283,32.6642862273305,33.61787033081055,505200,0.0,0.0
2022-05-04 00:00:00-04:00,33.9007209287572,34.9916844732885,33.35119768303656,34.64419174194336,845600,0.0,0.0
2022-05-05 00:00:00-04:00,34.175490254565666,34.175490254565666,32.0662907158461,32.478431701660156,705500,0.0,0.0
2022-05-06 00:00:00-04:00,32.03396255293432,32.59156882714665,31.42787092113236,31.81576919555664,823100,0.0,0.0
2022-05-09 00:00:00-04:00,31.1611932323775,31.51676589162425,30.522775952663547,31.19351577758789,798300,0.0,0.0
2022-05-10 00:00:00-04:00,31.565255732551616,32.04204797637924,29.779303243321035,31.662229537963867,1825500,0.0,0.0
2022-05-11 00:00:00-04:00,31.46826892438847,31.55716283580262,29.18128531434956,29.22977066040039,574100,0.0,0.0
2022-05-12 00:00:00-04:00,28.80955189433586,28.91460553972624,27.160982196583827,28.40549087524414,1912600,0.0,0.0
2022-05-13 00:00:00-04:00,29.09240085445969,30.797539286668087,28.97118128446942,30.328826904296875,985300,0.0,0.0
2022-05-16 00:00:00-04:00,30.32073804907815,30.522768550671632,29.706563597899127,30.280332565307617,576300,0.0,0.0
2022-05-17 00:00:00-04:00,31.791525000935703,31.791525000935703,30.84602049738093,31.524843215942383,637500,0.0,0.0
2022-05-18 00:00:00-04:00,31.015725997728037,31.72687120177129,30.781369856905552,31.088457107543945,780400,0.0,0.0
2022-05-19 00:00:00-04:00,30.813702223566175,31.759203775365126,30.296504477343667,31.371305465698242,631700,0.0,0.0
2022-05-20 00:00:00-04:00,31.662227729488578,31.662227729488578,29.77930154239426,30.700563430786133,1360300,0.0,0.0
2022-05-23 00:00:00-04:00,30.611665825665135,31.048049414137424,29.779297971445175,30.34498405456543,929100,0.0,0.0
2022-05-24 00:00:00-04:00,30.054058290293426,30.320740049708668,29.375235636839463,30.207603454589844,696900,0.0,0.0
2022-05-25 00:00:00-04:00,30.08638640538416,30.88642866717737,29.803544894151912,30.64398956298828,490400,0.0,0.0
2022-05-26 00:00:00-04:00,30.757135673111115,32.07437279505607,30.692484409762155,31.44403839111328,568400,0.0,0.0
2022-05-27 00:00:00-04:00,31.69454789990529,32.656212033029796,31.646059466946543,32.51074981689453,456900,0.0,0.0
2022-05-31 00:00:00-04:00,32.36528462350925,32.478421207264695,30.692472374574976,30.76520347595215,894700,0.0,0.0
2022-06-01 00:00:00-04:00,31.048052253478446,31.549090217835733,30.49044906665151,30.862184524536133,740100,0.0,0.0
2022-06-02 00:00:00-04:00,31.0884541861273,31.89657618247901,30.71671572492253,31.678382873535156,430700,0.0,0.0
2022-06-03 00:00:00-04:00,31.201598725946656,31.98547824870281,31.015730989335296,31.19351577758789,383700,0.0,0.0
2022-06-06 00:00:00-04:00,32.27639816457287,32.858247109926914,31.36322233757617,32.00163650512695,1078500,0.0,0.0
2022-06-07 00:00:00-04:00,31.807692500457264,32.47035250398831,31.734961374082307,32.357215881347656,636700,0.0,0.0
2022-06-08 00:00:00-04:00,32.08244671653651,32.44610226368912,31.662222871242495,32.09052658081055,787700,0.0,0.0
2022-06-09 00:00:00-04:00,31.856171050633026,32.34912601478771,31.330893546022825,31.864253997802734,627300,0.0,0.0
2022-06-10 00:00:00-04:00,31.759196856985323,31.928901752482226,30.76520707697923,30.805612564086914,440400,0.0,0.0
2022-06-13 00:00:00-04:00,29.641920898512556,29.771220320031222,27.98527109694793,28.187301635742188,752400,0.0,0.0
2022-06-14 00:00:00-04:00,28.276198681921812,28.78531347621102,28.025679676424314,28.502471923828125,803300,0.0,0.0
2022-06-15 00:00:00-04:00,28.79339351187549,29.407564998944377,28.19538175524351,29.035829544067383,640800,0.0,0.0
2022-06-16 00:00:00-04:00,28.429743382278584,28.639853828466517,27.54081006593749,28.06608772277832,589200,0.0,0.0
2022-06-17 00:00:00-04:00,28.445899530526614,29.084316751692555,28.187300696109748,28.526710510253906,1269800,0.0,0.0
2022-06-21 00:00:00-04:00,29.043914457547295,30.1833667813701,28.906535145765183,29.367164611816406,638100,0.0,0.0
2022-06-22 00:00:00-04:00,28.898445738202923,29.957086828245306,28.898445738202923,29.63383674621582,459500,0.0,0.0
2022-06-23 00:00:00-04:00,29.67424813286607,30.58742399813473,29.55302856992309,30.571264266967773,479700,0.0,0.0
2022-06-24 00:00:00-04:00,30.708640872783462,30.9834025196917,30.134874901597254,30.660152435302734,1655200,0.0,0.0
2022-06-27 00:00:00-04:00,30.870261711592264,31.89657704462865,30.773287932576316,31.233917236328125,573800,0.0,0.0
2022-06-28 00:00:00-04:00,31.5571643588828,31.9046570751419,30.789447821037328,30.89450454711914,582300,0.0,0.0
2022-06-29 00:00:00-04:00,30.49044787470598,30.49044787470598,29.068154269263292,29.585351943969727,463000,0.0,0.0
2022-06-30 00:00:00-04:00,29.254018482147515,30.595500946044922,29.092393457502094,30.595500946044922,604600,0.0,0.0
2022-07-01 00:00:00-04:00,30.664879102579633,31.01584815979004,30.371044253419218,31.01584815979004,613300,0.375,0.0
2022-07-05 00:00:00-04:00,30.640397693366083,30.934232578875207,29.334465214834555,30.909744262695312,584900,0.0,0.0
2022-07-06 00:00:00-04:00,30.91790747405061,31.4729282218047,30.101700858362967,30.673046112060547,478300,0.0,0.0
2022-07-07 00:00:00-04:00,31.01584916872292,31.636164782121774,31.01584916872292,31.521896362304688,560200,0.0,0.0
2022-07-08 00:00:00-04:00,31.35049353550963,32.0442678592271,30.917905059326802,31.34233283996582,762100,0.0,0.0
2022-07-11 00:00:00-04:00,31.09747114762686,31.293362107480117,29.62829984626155,29.652788162231445,513200,0.0,0.0
2022-07-12 00:00:00-04:00,29.61197541764401,29.61197541764401,23.433291503171954,24.004636764526367,9886200,0.0,0.0
2022-07-13 00:00:00-04:00,24.078094469635843,25.351376317552525,23.40880531312567,24.65760040283203,5095100,0.0,0.0
2022-07-14 00:00:00-04:00,24.616792134118814,25.604402977899973,24.331119498804068,25.555429458618164,1915800,0.0,0.0
2022-07-15 00:00:00-04:00,25.596241137014466,25.96353319680101,24.23317596419229,25.612564086914062,1274100,0.0,0.0
2022-07-18 00:00:00-04:00,25.939043775229813,26.92665447431054,25.106512750905313,26.72260284423828,1429500,0.0,0.0
2022-07-19 00:00:00-04:00,26.910334399423714,27.8816191975415,26.722607242489083,27.604108810424805,696400,0.0,0.0
2022-07-20 00:00:00-04:00,27.59594960473839,28.379507288253613,27.40822243766171,28.08567237854004,548000,0.0,0.0
2022-07-21 00:00:00-04:00,27.946916658586666,28.27339744567871,27.47351531396854,28.27339744567871,631800,0.0,0.0
2022-07-22 00:00:00-04:00,28.08567166041326,28.240749808316224,27.122547531459016,27.285789489746094,1093100,0.0,0.0
2022-07-25 00:00:00-04:00,27.228652434443752,27.228652434443752,26.1594206769684,26.461416244506836,1224200,0.0,0.0
2022-07-26 00:00:00-04:00,26.265526886840494,26.445093323220743,25.726830691280632,26.15125846862793,859500,0.0,0.0
2022-07-27 00:00:00-04:00,26.46141703240349,26.95114287082218,26.22471947976133,26.787900924682617,671800,0.0,0.0
2022-07-28 00:00:00-04:00,28.077508374611927,30.330237227791347,28.04485936324877,29.799701690673828,1909000,0.0,0.0
2022-07-29 00:00:00-04:00,29.432410627000564,30.322075930735746,29.432410627000564,29.45689582824707,755500,0.0,0.0
2022-08-01 00:00:00-04:00,29.228360795759652,30.044567432868572,28.901876895483593,29.49770736694336,473600,0.0,0.0
2022-08-02 00:00:00-04:00,29.06511374166514,30.754660934702496,28.967169834214175,30.305747985839844,537900,0.0,0.0
2022-08-03 00:00:00-04:00,30.30575172771028,30.84444795557477,30.052726562508376,30.81995964050293,779600,0.0,0.0
2022-08-04 00:00:00-04:00,30.966876891553422,31.562707328389777,30.591422607560272,31.113794326782227,830300,0.0,0.0
2022-08-05 00:00:00-04:00,31.048497932012832,33.905220859106336,31.048497932012832,32.64826202392578,1323800,0.0,0.0
2022-08-08 00:00:00-04:00,33.790952319876176,36.73745534163592,33.55425167378612,35.47233581542969,2670300,0.0,0.0
2022-08-09 00:00:00-04:00,35.15401770820187,36.24773466726488,34.94996605997057,35.537635803222656,969600,0.0,0.0
2022-08-10 00:00:00-04:00,36.35384331500895,37.365937772211986,35.749849051002386,37.30880355834961,958500,0.0,0.0
2022-08-11 00:00:00-04:00,37.512850413770266,37.74139035357019,34.98261148080413,35.03158187866211,984400,0.0,0.0
2022-08-12 00:00:00-04:00,35.194828359130554,36.28038465135686,34.909157289376864,36.1497917175293,455400,0.0,0.0
2022-08-15 00:00:00-04:00,35.81514787612836,36.00287502781755,34.72959156128684,35.186668395996094,468100,0.0,0.0
2022-08-16 00:00:00-04:00,34.62348214940675,35.235637093606286,34.33781108754606,34.78672409057617,723400,0.0,0.0
2022-08-17 00:00:00-04:00,34.74590922741272,34.87650213825216,33.95418795405955,34.14191818237305,606900,0.0,0.0
2022-08-18 00:00:00-04:00,34.19088864999105,34.7214241027832,34.12559375122405,34.7214241027832,508400,0.0,0.0
2022-08-19 00:00:00-04:00,34.248027294528676,34.541862161029655,33.75014078335546,34.33781051635742,733400,0.0,0.0
2022-08-22 00:00:00-04:00,33.26857591317642,33.30938872946195,32.24015708254421,32.41972351074219,735500,0.0,0.0
2022-08-23 00:00:00-04:00,32.542162346243,32.835997275278785,31.83206334346097,32.59929656982422,578500,0.0,0.0
2022-08-24 00:00:00-04:00,32.778861625516925,33.35020695005201,32.39524347223537,32.61561965942383,444200,0.0,0.0
2022-08-25 00:00:00-04:00,32.77885880436743,33.18696212768555,32.34627027799624,33.18696212768555,682200,0.0,0.0
2022-08-26 00:00:00-04:00,33.839921152579606,34.95812631290041,32.754368113494316,32.78701400756836,485700,0.0,0.0
2022-08-29 00:00:00-04:00,32.34626613922875,32.51766876583156,31.8483796503132,32.444210052490234,505500,0.0,0.0
2022-08-30 00:00:00-04:00,32.47685860999921,32.59112702614605,31.538219854083074,31.80756950378418,336500,0.0,0.0
2022-08-31 00:00:00-04:00,32.06059403271362,32.52583154245004,31.938164911698333,32.25648498535156,623100,0.0,0.0
2022-09-01 00:00:00-04:00,32.134046753656065,32.3544228666526,31.579026123941944,31.799402236938477,697900,0.0,0.0
2022-09-02 00:00:00-04:00,32.15854017009666,32.45237192049775,30.673044458703718,30.917905807495117,551700,0.0,0.0
2022-09-06 00:00:00-04:00,30.917904247930174,31.97080830598057,30.281261036889,31.01584815979004,491300,0.0,0.0
2022-09-07 00:00:00-04:00,31.01585835234076,32.42789574054119,30.9587241255151,32.20751953125,629900,0.0,0.0
2022-09-08 00:00:00-04:00,31.709629370389166,32.21567977128778,31.65249514989763,32.085086822509766,409200,0.0,0.0
2022-09-09 00:00:00-04:00,32.231998453155654,32.83598956448964,32.01162230812917,32.81150436401367,361100,0.0,0.0
2022-09-12 00:00:00-04:00,33.2522617363923,33.66036507913183,32.91761711988915,33.627716064453125,565300,0.0,0.0
2022-09-13 00:00:00-04:00,32.631944120019796,33.05637198581311,32.21568006498914,32.28913879394531,337200,0.0,0.0
2022-09-14 00:00:00-04:00,32.183024063519674,32.52582931518555,31.668813072440017,32.52582931518555,350500,0.0,0.0
2022-09-15 00:00:00-04:00,32.2401621644772,32.452374520141056,31.236228374504236,31.260713577270508,421500,0.0,0.0
2022-09-16 00:00:00-04:00,30.909742771281586,31.41579310016616,30.746500830144015,30.966876983642578,760700,0.0,0.0
2022-09-19 00:00:00-04:00,30.591423183794628,31.1546046203927,30.46083025152923,30.98320198059082,401000,0.0,0.0
2022-09-20 00:00:00-04:00,30.770987483584108,30.770987483584108,29.783378307722828,29.946617126464844,303900,0.0,0.0
2022-09-21 00:00:00-04:00,30.158835142589542,30.49347973125734,29.62829959572494,29.881324768066406,586300,0.0,0.0
2022-09-22 00:00:00-04:00,29.816024770948662,29.840513085090873,27.938750297448657,27.971399307250977,720600,0.0,0.0
2022-09-23 00:00:00-04:00,27.416383718621876,27.70205482382718,25.38402918232704,25.84110450744629,1110700,0.0,0.0
2022-09-26 00:00:00-04:00,25.8411032996639,26.232882131454836,24.837169459403114,25.0248966217041,647100,0.0,0.0
2022-09-27 00:00:00-04:00,25.400350444337466,25.865587963979426,24.706574512945704,24.902463912963867,635300,0.0,0.0
2022-09-28 00:00:00-04:00,24.959595126851553,25.914556810158945,24.65759803179264,25.432994842529297,1622100,0.0,0.0
2022-09-29 00:00:00-04:00,24.812679690605233,25.122839062432455,23.400642682544277,23.914852142333984,1430100,0.0,0.0
2022-09-30 00:00:00-04:00,23.833231491557115,24.673923227913512,23.49858693609265,24.429061889648438,996700,0.0,0.0
2022-10-03 00:00:00-04:00,24.739025939436715,25.40854139531906,23.846338139412424,24.9126033782959,819800,0.375,0.0
2022-10-04 00:00:00-04:00,25.72263466321543,26.400415897312307,25.515993966159385,26.144180297851562,1058400,0.0,0.0
2022-10-05 00:00:00-04:00,25.656514098768106,25.73090331203293,23.54877768176686,24.201763153076172,986200,0.0,0.0
2022-10-06 00:00:00-04:00,24.052976673601815,24.53238301218304,23.118959870295228,23.441320419311523,1147800,0.0,0.0
2022-10-07 00:00:00-04:00,23.09416528564356,23.309071804803537,22.64782061280127,22.904054641723633,678400,0.0,0.0
2022-10-10 00:00:00-04:00,22.854462610083612,22.994978358400928,22.39158785302684,22.441181182861328,595800,0.0,0.0
2022-10-11 00:00:00-04:00,22.31719632877793,23.185086666501903,21.953508243469376,23.044570922851562,687200,0.0,0.0
2022-10-12 00:00:00-04:00,22.953647046690374,22.953647046690374,21.6972713375369,21.722068786621094,617100,0.0,0.0
2022-10-13 00:00:00-04:00,21.060819614052527,21.37491435865627,20.39130419230326,21.085617065429688,1382600,0.0,0.0
2022-10-14 00:00:00-04:00,21.308792072785966,21.383182859711265,18.903494166317518,18.936555862426758,1175800,0.0,0.0
2022-10-17 00:00:00-04:00,19.424224689195054,20.234255808501725,19.225849817724644,19.688724517822266,2217300,0.0,0.0
2022-10-18 00:00:00-04:00,20.300379890823,20.631004662358894,19.333301448740972,19.515146255493164,1029700,0.0,0.0
2022-10-19 00:00:00-04:00,19.201053353860747,19.291975765825388,18.663787852296842,19.118396759033203,957300,0.0,0.0
2022-10-20 00:00:00-04:00,19.10186830390752,19.291977384380214,18.043867269746503,18.258773803710938,664800,0.0,0.0
2022-10-21 00:00:00-04:00,18.333163210801867,19.060537783287245,18.242240798037408,18.878694534301758,979900,0.0,0.0
2022-10-24 00:00:00-04:00,18.886959048404393,19.027474778189376,17.820692350057755,18.40755271911621,1039500,0.0,0.0
2022-10-25 00:00:00-04:00,18.473678261625885,20.093740537313778,18.35795840154577,19.98628807067871,1815800,0.0,0.0
2022-10-26 00:00:00-04:00,20.184664195391644,21.523696661977176,20.184664195391644,21.39144515991211,1201200,0.0,0.0
2022-10-27 00:00:00-04:00,21.655944501696478,22.61475715765133,21.391443099585384,22.18494415283203,1365700,0.0,0.0
2022-10-28 00:00:00-04:00,22.003102874165037,22.664352496905607,21.73033720771662,22.556900024414062,1538400,0.0,0.0
2022-10-31 00:00:00-04:00,22.5155681291228,22.928849485919937,22.399849853713445,22.465974807739258,760800,0.0,0.0
2022-11-01 00:00:00-04:00,23.019772835086464,23.019772835086464,21.99483521728694,22.50730323791504,725200,0.0,0.0
2022-11-02 00:00:00-04:00,22.35852353363114,22.3833209856573,21.085617617280587,21.201335906982422,1160800,0.0,0.0
2022-11-03 00:00:00-04:00,21.05255198333712,22.060959514197187,20.878974568280196,22.019630432128906,661000,0.0,0.0
2022-11-04 00:00:00-04:00,22.465977179158433,25.102712955279614,22.25933647894769,22.713945388793945,1106900,0.0,0.0
2022-11-07 00:00:00-05:00,23.358666742513748,23.962057255294386,22.93711949238735,23.350400924682617,822400,0.0,0.0
2022-11-08 00:00:00-05:00,23.507450734051023,23.838075598666595,23.003246830172454,23.515716552734375,421600,0.0,0.0
2022-11-09 00:00:00-05:00,23.333870731511382,24.42493352797301,23.20988660946686,23.928997039794922,1138700,0.0,0.0
2022-11-10 00:00:00-05:00,25.29282049399912,26.540930437100087,24.70596012103089,26.524398803710938,1311900,0.0,0.0
2022-11-11 00:00:00-05:00,26.697973880509924,27.747708860401392,26.14417682294494,27.317895889282227,1017300,0.0,0.0
2022-11-14 00:00:00-05:00,26.94594451373992,27.202180102539536,26.35081989853535,26.367351531982422,778600,0.0,0.0
2022-11-15 00:00:00-05:00,26.99554128400338,27.12779120765395,25.995401039328023,26.02019691467285,816900,0.0,0.0
2022-11-16 00:00:00-05:00,25.706102724688115,25.921009236266844,25.177101474439162,25.656509399414062,731400,0.0,0.0
2022-11-17 00:00:00-05:00,24.879542156004238,25.73916670212597,24.466260730079064,25.582120895385742,690300,0.0,0.0
2022-11-18 00:00:00-05:00,26.26816623405713,26.334291194699613,25.18536783578926,25.772228240966797,758700,0.0,0.0
2022-11-21 00:00:00-05:00,25.458134329065494,25.79702496052221,25.36721349054476,25.466400146484375,550800,0.0,0.0
2022-11-22 00:00:00-05:00,25.46639643612416,26.58225640040071,25.251489944174786,26.425209045410156,810600,0.0,0.0
2022-11-23 00:00:00-05:00,26.144178720065042,26.400414304062114,25.466397526871877,25.590381622314453,564300,0.0,0.0
2022-11-25 00:00:00-05:00,25.62344752435615,25.81355659535997,25.268025258061673,25.466400146484375,452000,0.0,0.0
2022-11-28 00:00:00-05:00,25.160574087591748,25.27629238436136,24.904338463968255,24.978729248046875,640700,0.0,0.0
2022-11-29 00:00:00-05:00,25.127509786134706,25.76396354536407,24.714228369992544,25.524259567260742,1003500,0.0,0.0
2022-11-30 00:00:00-05:00,25.55732165863537,26.813695907592773,25.26802436536903,26.813695907592773,1002400,0.0,0.0
2022-12-01 00:00:00-05:00,26.89635560882374,27.177387100949314,25.970604533020047,26.483074188232422,606800,0.0,0.0
2022-12-02 00:00:00-05:00,26.036729959760287,26.540933806332113,25.681307679491194,26.27643394470215,406400,0.0,0.0
2022-12-05 00:00:00-05:00,26.16897864491783,26.35082189699671,25.722635543799317,26.235103607177734,434600,0.0,0.0
2022-12-06 00:00:00-05:00,26.243370009631644,26.37561993710001,25.20190064841065,25.416807174682617,420600,0.0,0.0
2022-12-07 00:00:00-05:00,25.408541357147907,25.664775394549928,25.10271399108112,25.416807174682617,523900,0.0,0.0
2022-12-08 00:00:00-05:00,25.44987084979131,26.6235885806139,25.26802601422109,26.16897964477539,734600,0.0,0.0
2022-12-09 00:00:00-05:00,26.003667226969984,27.127793238706353,25.854887234131553,26.392152786254883,375700,0.0,0.0
2022-12-12 00:00:00-05:00,26.2847001855063,27.384030380920425,26.22684103344106,27.342702865600586,471500,0.0,0.0
2022-12-13 00:00:00-05:00,28.566008247980047,29.18593027733918,27.069928615348864,27.4088191986084,838700,0.0,0.0
2022-12-14 00:00:00-05:00,27.466681394209832,28.772652128295697,27.152586648162234,28.566011428833008,676300,0.0,0.0
2022-12-15 00:00:00-05:00,28.136197302101912,28.483352150225798,26.549195152300186,26.772367477416992,719600,0.0,0.0
2022-12-16 00:00:00-05:00,26.342554955669186,26.342554955669186,25.069647591979397,25.400272369384766,1297900,0.0,0.0
2022-12-19 00:00:00-05:00,25.458136103855697,25.68130846009329,24.64810485885656,24.821683883666992,485000,0.0,0.0
2022-12-20 00:00:00-05:00,24.62330671806877,25.449869523081453,24.300946152064284,25.375478744506836,442600,0.0,0.0
2022-12-21 00:00:00-05:00,25.780494429064056,26.4086823524782,25.425072169292847,26.152446746826172,441600,0.0,0.0
2022-12-22 00:00:00-05:00,25.706106470961117,25.90448137751082,25.26802756699076,25.739168167114258,563300,0.0,0.0
2022-12-23 00:00:00-05:00,25.62344363062272,25.69783439954476,24.904333389890738,24.986989974975586,419200,0.0,0.0
2022-12-27 00:00:00-05:00,24.957699826999676,25.00791608038985,24.25466589415355,24.723356246948242,575900,0.375,0.0
2022-12-28 00:00:00-05:00,24.656397227861213,24.890742386332185,23.61021605024295,23.8194522857666,491000,0.0,0.0
2022-12-29 00:00:00-05:00,24.229561336315033,25.300850044987005,24.104018293964703,25.09161376953125,450100,0.0,0.0
2022-12-30 00:00:00-05:00,24.6731398091098,25.099981978216732,23.869673323505694,24.254667282104492,535900,0.0,0.0
2023-01-03 00:00:00-05:00,24.70661976131535,25.049767124971442,23.610220529783835,23.802719116210938,819900,0.0,0.0
2023-01-04 00:00:00-05:00,24.23792859980639,25.28410994329968,24.12912644247535,25.058135986328125,572700,0.0,0.0
2023-01-05 00:00:00-05:00,24.756833305805372,25.08324134853002,24.29651418932979,24.924222946166992,496600,0.0,0.0
2023-01-06 00:00:00-05:00,25.20041590095184,26.347029722523356,24.689878910945637,26.045730590820312,600500,0.0,0.0
2023-01-09 00:00:00-05:00,26.405613584554555,27.041693559769396,26.22985590430772,26.25496482849121,608700,0.0,0.0
2023-01-10 00:00:00-05:00,26.112685378324315,27.117020045316,25.920186809647845,27.10028076171875,452300,0.0,0.0
2023-01-11 00:00:00-05:00,27.476910117014757,28.28874472109782,27.40158492769857,28.121355056762695,534100,0.0,0.0
2023-01-12 00:00:00-05:00,28.389176473185376,29.125689060682717,27.853532115984475,29.117321014404297,566200,0.0,0.0
2023-01-13 00:00:00-05:00,30.699142147500726,30.699142147500726,28.37243612281537,29.209381103515625,537700,0.0,0.0
2023-01-17 00:00:00-05:00,29.11731584472778,29.544156368371905,28.899708367817723,29.025251388549805,352400,0.0,0.0
2023-01-18 00:00:00-05:00,29.284709447491394,29.711550029039564,28.657000644060982,28.81601905822754,320400,0.0,0.0
2023-01-19 00:00:00-05:00,28.32222002178052,28.59004217671101,27.100281040823678,27.29277801513672,570000,0.0,0.0
2023-01-20 00:00:00-05:00,27.468534366740446,27.677770614624023,26.93289008298918,27.677770614624023,466000,0.0,0.0
2023-01-23 00:00:00-05:00,27.778206672575234,28.472872636890738,27.518755735337738,28.313854217529297,372200,0.0,0.0
2023-01-24 00:00:00-05:00,28.02092708677269,28.799286438574114,27.91212330837765,28.43939971923828,339500,0.0,0.0
2023-01-25 00:00:00-05:00,27.94559219329276,28.615147534487836,27.351362027525365,28.59004020690918,435400,0.0,0.0
2023-01-26 00:00:00-05:00,28.891343905122685,29.108948216320808,28.12972402689121,28.749061584472656,357200,0.0,0.0
2023-01-27 00:00:00-05:00,28.397546149691372,30.43132290151377,28.397546149691372,29.920785903930664,458600,0.0,0.0
2023-01-30 00:00:00-05:00,29.502315738348056,30.38110748350507,29.25960088517649,29.560901641845703,651800,0.0,0.0
2023-01-31 00:00:00-05:00,29.811976215795696,31.192936567299157,29.711543722518236,30.89163589477539,810600,0.0,0.0
2023-02-01 00:00:00-05:00,30.66567014367092,31.946195216479534,30.130025752239668,31.56957244873047,573200,0.0,0.0
2023-02-02 00:00:00-05:00,32.038247402400174,33.201600217312674,31.71183942615177,32.08009719848633,881400,0.0,0.0
2023-02-03 00:00:00-05:00,31.385433811222686,32.180532106311944,31.301740598135996,32.11357498168945,705300,0.0,0.0
2023-02-06 00:00:00-05:00,31.787170942483776,32.03825380572746,30.34762451060534,30.740989685058594,523200,0.0,0.0
2023-02-07 00:00:00-05:00,30.464799105387726,30.849793036972002,29.904044298348207,30.757728576660156,359000,0.0,0.0
2023-02-08 00:00:00-05:00,30.81631640430251,30.81631640430251,29.71154919663184,29.803613662719727,410300,0.0,0.0
2023-02-09 00:00:00-05:00,30.163497986077992,30.49827406402379,28.782537485562816,29.25959587097168,482800,0.0,0.0
2023-02-10 00:00:00-05:00,29.067103158657133,29.418621763502856,28.657001844478035,29.117321014404297,404600,0.0,0.0
2023-02-13 00:00:00-05:00,28.991773977115837,30.03795521585525,28.715583790288353,29.79524040222168,508300,0.0,0.0
2023-02-14 00:00:00-05:00,29.493944614672003,30.071435542908528,28.941561015974294,29.393508911132812,390800,0.0,0.0
2023-02-15 00:00:00-05:00,28.92482081189102,30.30577816835812,28.874602961718963,30.196977615356445,334100,0.0,0.0
2023-02-16 00:00:00-05:00,29.53578924815141,30.096540854873787,28.98340568648369,29.25959587097168,437500,0.0,0.0
2023-02-17 00:00:00-05:00,30.498270861963647,30.498270861963647,27.912111005523347,28.623516082763672,778100,0.0,0.0
2023-02-21 00:00:00-05:00,27.895378121211223,28.330586707566074,26.832457598044005,26.85756492614746,835600,0.0,0.0
2023-02-22 00:00:00-05:00,26.79897745625133,27.18397136376047,25.727687354596068,25.953662872314453,702900,0.0,0.0
2023-02-23 00:00:00-05:00,26.363768301812648,27.342992449102148,25.81138471272044,27.23419189453125,1021600,0.0,0.0
2023-02-24 00:00:00-05:00,26.69017493696002,26.89941118223903,26.33028833966478,26.531156539916992,478500,0.0,0.0
2023-02-27 00:00:00-05:00,26.69854581919545,26.80734796940513,26.47257028066849,26.614850997924805,579100,0.0,0.0
2023-02-28 00:00:00-05:00,26.39724444160298,26.58137175558617,26.02061857624441,26.288440704345703,797900,0.0,0.0
2023-03-01 00:00:00-05:00,26.363768125767017,26.47257027595733,25.97040454111471,26.137792587280273,529300,0.0,0.0
2023-03-02 00:00:00-05:00,25.81138557150922,25.978775220707814,25.15856785524991,25.97040557861328,674100,0.0,0.0
2023-03-03 00:00:00-05:00,26.280074604418502,26.472571585386163,25.90345028465734,26.095947265625,605600,0.0,0.0
2023-03-06 00:00:00-05:00,26.271702584923872,26.338658119912356,25.786274557170902,25.97877311706543,692800,0.0,0.0
2023-03-07 00:00:00-05:00,26.17964036130333,26.22985661468444,25.459867145341814,25.610517501831055,451900,0.0,0.0
2023-03-08 00:00:00-05:00,25.66910593441862,25.66910593441862,24.430427586259125,25.108352661132812,882600,0.0,0.0
2023-03-09 00:00:00-05:00,25.317589735110186,25.844864455300353,24.43042835996423,24.463905334472656,414400,0.0,0.0
2023-03-10 00:00:00-05:00,24.304881723201085,24.47226975270047,23.015985754692338,23.14152717590332,1022300,0.0,0.0
2023-03-13 00:00:00-04:00,22.714690182615804,24.070541987564607,21.91122362882847,23.434463500976562,1646900,0.0,0.0
2023-03-14 00:00:00-04:00,24.212821806505044,24.37184182122156,22.513822692286684,22.915555953979492,1147400,0.0,0.0
2023-03-15 00:00:00-04:00,21.76894225056464,22.095350328853886,20.940366792821553,21.68524742126465,1910400,0.0,0.0
2023-03-16 00:00:00-04:00,21.342099133309073,21.417424316781375,19.877445271219234,20.011356353759766,1720600,0.0,0.0
2023-03-17 00:00:00-04:00,20.563738612093967,21.132861473529108,19.66820770803699,19.98624610900879,2557700,0.0,0.0
2023-03-20 00:00:00-04:00,20.0783113045957,20.63069490291819,19.95276986794895,20.03646469116211,1054800,0.0,0.0
2023-03-21 00:00:00-04:00,20.60558560097765,21.88611036708382,20.51352114462122,21.60991859436035,1195300,0.0,0.0
2023-03-22 00:00:00-04:00,21.509486450111126,22.36316910956549,21.28351092422063,21.52622413635254,1517000,0.0,0.0
2023-03-23 00:00:00-04:00,21.727095629466675,22.52219417154627,21.091018711418453,21.224929809570312,1225400,0.0,0.0
2023-03-24 00:00:00-04:00,20.931993312928732,21.794047182895437,20.597215653447517,21.760568618774414,649300,0.0,0.0
2023-03-27 00:00:00-04:00,22.179042135208885,22.338062129570247,21.62665857200192,22.003284454345703,561900,0.0,0.0
2023-03-28 00:00:00-04:00,21.944698247414486,22.35480112308518,21.752201272448932,22.220890045166016,683600,0.0,0.0
2023-03-29 00:00:00-04:00,22.58914777560812,23.275442493630283,22.338064887279156,23.191747665405273,686300,0.0,0.0
2023-03-30 00:00:00-04:00,23.73576200829241,24.279775968760525,23.593481286661124,23.652067184448242,678400,0.0,0.0
2023-03-31 00:00:00-04:00,23.86851197274156,24.377796124085005,23.85153540263682,24.27593994140625,715800,0.395,0.0
2023-04-03 00:00:00-04:00,24.352332896230788,24.691856203567475,23.410154301768504,23.6478214263916,536600,0.0,0.0
2023-04-04 00:00:00-04:00,23.944907108100956,24.301407042118655,23.43562287576861,23.936420440673828,368900,0.0,0.0
2023-04-05 00:00:00-04:00,23.65631227086801,23.885489516256122,23.172489684220864,23.401668548583984,397600,0.0,0.0
2023-04-06 00:00:00-04:00,23.512015991947905,23.647825337343157,23.21493244178013,23.46108627319336,311400,0.0,0.0
2023-04-10 00:00:00-04:00,23.31678645623662,23.970369881560977,23.138537314225406,23.86002540588379,437900,0.0,0.0
2023-04-11 00:00:00-04:00,24.02978472877492,24.23349871477703,23.70723798901529,24.063737869262695,486400,0.0,0.0
2023-04-12 00:00:00-04:00,24.547561826428826,24.55605011260129,23.656312824995563,23.732704162597656,380300,0.0,0.0
2023-04-13 00:00:00-04:00,23.809091222615297,24.326865218078453,23.749674853098142,24.233495712280273,302800,0.0,0.0
2023-04-14 00:00:00-04:00,24.250477511971194,24.360823609714828,23.18097777301554,23.664798736572266,521300,0.0,0.0
2023-04-17 00:00:00-04:00,23.62235653925165,24.318379723093464,23.56294016292001,24.225011825561523,439300,0.0,0.0
2023-04-18 00:00:00-04:00,24.41174967065959,24.46267776284673,23.749677996327303,24.191059112548828,410800,0.0,0.0
2023-04-19 00:00:00-04:00,23.79212051659372,24.57302498160465,23.77514394542556,24.41175079345703,605300,0.0,0.0
2023-04-20 00:00:00-04:00,24.012810921638703,24.45419043618616,23.656311024405234,23.995834350585938,537900,0.0,0.0
2023-04-21 00:00:00-04:00,24.13164580467368,24.34384810458256,23.74119273097431,24.17408561706543,416600,0.0,0.0
2023-04-24 00:00:00-04:00,24.16559588672788,24.683369985636922,23.978858456797962,24.64093017578125,574300,0.0,0.0
2023-04-25 00:00:00-04:00,24.43721765870879,24.67488319869702,23.75816932694582,23.783634185791016,613900,0.0,0.0
2023-04-26 00:00:00-04:00,23.42713673121685,23.68177887066395,22.221827474481792,22.41705322265625,866100,0.0,0.0
2023-04-27 00:00:00-04:00,22.595300225395647,23.77514442269311,22.501930701071398,23.749679565429688,558600,0.0,0.0
2023-04-28 00:00:00-04:00,23.681773003741498,24.267451722144063,23.571428535711224,24.089200973510742,391400,0.0,0.0
2023-05-01 00:00:00-04:00,24.09768880440152,24.20803488932687,23.155511844439808,23.444107055664062,549000,0.0,0.0
2023-05-02 00:00:00-04:00,23.155512144958642,23.367714413673156,21.20325030140022,21.21173858642578,999600,0.0,0.0
2023-05-03 00:00:00-04:00,21.220226089586685,23.002725404906922,21.17778628499742,22.009618759155273,678900,0.0,0.0
2023-05-04 00:00:00-04:00,21.721029447710173,22.060552833460925,20.931636563980167,21.14383888244629,882300,0.0,0.0
2023-05-05 00:00:00-04:00,22.14543359088218,22.748087384780945,21.356040724752685,22.221826553344727,775000,0.0,0.0
2023-05-08 00:00:00-04:00,22.408559007676363,22.739595644157788,21.559749942090328,21.66160774230957,471400,0.0,0.0
2023-05-09 00:00:00-04:00,21.33057365154869,21.33906193749457,20.93163392594229,21.075931549072266,442600,0.0,0.0
2023-05-10 00:00:00-04:00,21.41545420540041,22.043572774481568,21.262668301223243,22.00113296508789,533000,0.0,0.0
2023-05-11 00:00:00-04:00,21.670096837197107,22.086013100602827,21.627655410946605,21.831369400024414,474100,0.0,0.0
2023-05-12 00:00:00-04:00,22.009621841828043,22.383098326626907,21.42394306641221,21.60219383239746,451700,0.0,0.0
2023-05-15 00:00:00-04:00,21.6191685468853,22.31519341237463,21.49184749771377,22.153919219970703,415900,0.0,0.0
2023-05-16 00:00:00-04:00,21.933226192969112,22.22182140226935,20.940119530135902,20.957096099853516,426900,0.0,0.0
2023-05-17 00:00:00-04:00,21.092906002522994,21.96717832046722,21.04197791093761,21.916250228881836,524300,0.0,0.0
2023-05-18 00:00:00-04:00,21.91624845152542,22.001129676600613,21.525797082744116,21.890785217285156,482300,0.0,0.0
2023-05-19 00:00:00-04:00,22.16240735068469,22.442514304491837,21.483359061563583,21.73800277709961,628400,0.0,0.0
2023-05-22 00:00:00-04:00,22.026596241187367,22.773547518139623,21.941715009517264,22.731107711791992,449300,0.0,0.0
2023-05-23 00:00:00-04:00,22.73959448611739,23.630843312004913,22.57832031855617,22.646224975585938,571400,0.0,0.0
2023-05-24 00:00:00-04:00,20.914655319251345,21.305108339899462,20.091311090304547,20.422346115112305,3327500,0.0,0.0
2023-05-25 00:00:00-04:00,19.90457623212869,20.617576084077932,19.123671709468812,19.446218490600586,7683300,0.0,0.0
2023-05-26 00:00:00-04:00,19.522607803344727,19.76027491595549,19.03878691247171,19.522607803344727,3002000,0.0,0.0
2023-05-30 00:00:00-04:00,19.760278494602034,20.33746738294497,19.44621838245253,20.023408889770508,3989600,0.0,0.0
2023-05-31 00:00:00-04:00,19.887597632099016,20.12526314586792,19.32738375110819,19.97247886657715,2257700,0.0,0.0
2023-06-01 00:00:00-04:00,19.972483127030838,20.897685380355817,19.607494874199396,20.6939697265625,1764000,0.0,0.0
2023-06-02 00:00:00-04:00,21.058952644701986,21.305108052943492,20.575131732199527,21.109882354736328,1036100,0.0,0.0
2023-06-05 00:00:00-04:00,21.22022953613463,21.644634126857326,20.999538954681828,21.279645919799805,769400,0.0,0.0
2023-06-06 00:00:00-04:00,21.05895495010825,21.466384580111768,20.88919408833387,21.415454864501953,887300,0.0,0.0
2023-06-07 00:00:00-04:00,21.66160814538517,22.1454290627361,21.26266684099242,21.57672691345215,1129700,0.0,0.0
2023-06-08 00:00:00-04:00,21.55975332598199,21.856836869360546,21.39847912489505,21.746492385864258,800600,0.0,0.0
2023-06-09 00:00:00-04:00,21.805904747164124,21.865321121081436,20.727916875029372,20.753381729125977,647400,0.0,0.0
2023-06-12 00:00:00-04:00,20.744895654019505,21.644632881260897,20.63454956015574,21.53428840637207,1206100,0.0,0.0
2023-06-13 00:00:00-04:00,21.805907701775997,22.892382386847757,21.73800303395901,22.858430862426758,1733000,0.0,0.0
2023-06-14 00:00:00-04:00,23.07911971840902,23.647821876129193,22.960285344350048,23.325273513793945,1309300,0.0,0.0
2023-06-15 00:00:00-04:00,23.172487382303537,24.23349873898364,23.011214821750052,24.114665985107422,895200,0.0,0.0
2023-06-16 00:00:00-04:00,24.12315453835606,24.12315453835606,22.552857389221376,23.036678314208984,2901300,0.0,0.0
2023-06-20 00:00:00-04:00,22.68866964574546,22.858432134220635,22.204848658258815,22.213336944580078,850500,0.0,0.0
2023-06-21 00:00:00-04:00,21.797417831215153,22.32367856379293,21.474869468303087,21.72951316833496,893500,0.0,0.0
2023-06-22 00:00:00-04:00,21.534288740482065,21.729514455454705,20.761870928376258,20.846752166748047,796900,0.0,0.0
2023-06-23 00:00:00-04:00,20.41385666618028,20.685476917612068,20.031893571403113,20.150726318359375,1601000,0.0,0.0
2023-06-26 00:00:00-04:00,20.14224006410232,20.69396566926758,19.980967496683576,20.46478843688965,824000,0.0,0.0
2023-06-27 00:00:00-04:00,20.600599477228776,20.889194732010456,20.354444034454673,20.727920532226562,664500,0.0,0.0
2023-06-28 00:00:00-04:00,20.69396684174628,20.94012227802933,20.473277882356314,20.83826446533203,767600,0.0,0.0
2023-06-29 00:00:00-04:00,20.897679894345426,21.644631159257152,20.812798664043576,21.322084426879883,744700,0.0,0.0
2023-06-30 00:00:00-04:00,21.68707256789465,21.68707256789465,21.109883720924408,21.22022819519043,671200,0.0,0.0
2023-07-03 00:00:00-04:00,21.21591800924391,21.681632420013692,21.181419792538104,21.336658477783203,417000,0.395,0.0
2023-07-05 00:00:00-04:00,21.172793912693468,21.397027372344986,20.905439329825096,21.086551666259766,531900,0.0,0.0
2023-07-06 00:00:00-04:00,20.698454379155613,20.85369305019374,20.18961724407081,20.67258071899414,556700,0.0,0.0
2023-07-07 00:00:00-04:00,20.724329266605004,21.560891255115937,20.66395738931969,21.25041389465332,569300,0.0,0.0
2023-07-10 00:00:00-04:00,21.12967117370549,21.931736505942634,21.12967117370549,21.793746948242188,669500,0.0,0.0
2023-07-11 00:00:00-04:00,21.879991919778675,22.24221493797451,21.707504141603376,22.11284828186035,523400,0.0,0.0
2023-07-12 00:00:00-04:00,22.794175413777015,23.078779123978855,22.457826023074524,22.742429733276367,900700,0.0,0.0
2023-07-13 00:00:00-04:00,22.94078705522014,23.139146846407115,22.77692383229965,22.99253273010254,644200,0.0,0.0
2023-07-14 00:00:00-04:00,22.940789604394293,23.027033502091914,22.397454200375147,22.595815658569336,517300,0.0,0.0
2023-07-17 00:00:00-04:00,22.552689488272314,23.915337602637347,22.414699930739044,23.820470809936523,686900,0.0,0.0
2023-07-18 00:00:00-04:00,23.958462008280396,24.726029180247217,23.90671468693751,24.631160736083984,978100,0.0,0.0
2023-07-19 00:00:00-04:00,24.855395162851973,25.38148143559374,24.67428446598606,25.27798843383789,785000,0.0,0.0
2023-07-20 00:00:00-04:00,25.06237641480656,25.122746639612043,24.32068296652673,24.441423416137695,737700,0.0,0.0
2023-07-21 00:00:00-04:00,24.803648658581746,24.803648658581746,24.036081482242736,24.22581672668457,534300,0.0,0.0
2023-07-24 00:00:00-04:00,24.441428436650646,24.588042574850792,23.84634732925411,23.872220993041992,576800,0.0,0.0
2023-07-25 00:00:00-04:00,23.87221849076763,24.13094852166412,23.415127014887382,23.492746353149414,750200,0.0,0.0
2023-07-26 00:00:00-04:00,23.285760881127324,23.82047166958981,23.096025643913066,23.32025909423828,625000,0.0,0.0
2023-07-27 00:00:00-04:00,23.19089211858899,23.39787645948972,22.457823194760902,22.6906795501709,541900,0.0,0.0
2023-07-28 00:00:00-04:00,23.070154198358683,23.23401743643269,22.337083549043907,22.440576553344727,613800,0.0,0.0
2023-07-31 00:00:00-04:00,22.638936574632773,23.06152985996339,22.302587186198622,22.51819610595703,779100,0.0,0.0
2023-08-01 00:00:00-04:00,22.345705749896467,22.423325083706523,21.483270169753908,21.509143829345703,755400,0.0,0.0
2023-08-02 00:00:00-04:00,21.233165174401893,21.276286296372323,20.431099804015155,20.67258071899414,860200,0.0,0.0
2023-08-03 00:00:00-04:00,20.74157563044937,21.05205297446144,20.38797716419801,21.043428421020508,893400,0.0,0.0
2023-08-04 00:00:00-04:00,20.922688437098,21.612636278360053,20.612211086047374,21.086551666259766,986800,0.0,0.0
2023-08-07 00:00:00-04:00,20.836446447000455,20.836446447000455,18.594113290840372,18.723478317260742,4095800,0.0,0.0
2023-08-08 00:00:00-04:00,18.481995022276976,18.809719823851598,18.378502027326107,18.78384780883789,3959300,0.0,0.0
2023-08-09 00:00:00-04:00,18.861466725081666,19.58591109379357,18.74072462615859,19.370302200317383,1925600,0.0,0.0
2023-08-10 00:00:00-04:00,19.620410349708894,19.99988248299687,19.327182107390737,19.939512252807617,2424300,0.0,0.0
2023-08-11 00:00:00-04:00,19.836019327799978,20.48284604501085,19.775649097388097,20.387977600097656,1312700,0.0,0.0
2023-08-14 00:00:00-04:00,20.25861251094094,20.362105509097805,19.52554190514555,19.939512252807617,923400,0.0,0.0
2023-08-15 00:00:00-04:00,21.259036055140168,21.47464494341738,20.043002056853908,20.318981170654297,1674300,0.0,0.0
2023-08-16 00:00:00-04:00,20.112000043954403,20.525968780699188,19.9653859107366,20.008508682250977,971100,0.0,0.0
2023-08-17 00:00:00-04:00,20.008509343041936,20.04300591642717,17.119349354784312,17.395328521728516,3362700,0.0,0.0
2023-08-18 00:00:00-04:00,17.265963644365904,18.35263285746924,16.92961259235603,18.13702392578125,1745900,0.0,0.0
2023-08-21 00:00:00-04:00,18.188767143277296,18.395751492244806,16.782996178045543,16.80024528503418,2126700,0.0,0.0
2023-08-22 00:00:00-04:00,17.688554503103347,18.137021413690647,17.24871214598489,17.757549285888672,2110700,0.0,0.0
2023-08-23 00:00:00-04:00,17.671303875078713,18.51649030268945,17.60230909823223,18.17151641845703,1086900,0.0,0.0
2023-08-24 00:00:00-04:00,17.84379563921699,18.11115025380179,17.490197123001916,17.585063934326172,1236400,0.0,0.0
2023-08-25 00:00:00-04:00,17.60230996143108,17.76617318133912,17.162467620603373,17.524690628051758,1009300,0.0,0.0
2023-08-28 00:00:00-04:00,17.688552410290004,17.93865785143367,17.472943533974863,17.567811965942383,879100,0.0,0.0
2023-08-29 00:00:00-04:00,17.628185126494053,18.671731472220984,17.58506235706394,18.66310691833496,1255200,0.0,0.0
2023-08-30 00:00:00-04:00,18.766599557959392,19.154694605550613,18.654482004569505,19.05982780456543,978400,0.0,0.0
2023-08-31 00:00:00-04:00,19.15469524325946,19.680781522914245,19.120198672197848,19.292686462402344,1439800,0.0,0.0
2023-09-01 00:00:00-04:00,19.611785325670755,20.129247014111495,19.59453621889748,19.89638900756836,1075800,0.0,0.0
2023-09-05 00:00:00-04:00,21.388402891222782,21.966234827100834,21.13829741477937,21.569515228271484,5139400,0.0,0.0
2023-09-06 00:00:00-04:00,21.345281792360225,21.604011822766303,20.655333947967073,20.793323516845703,2530700,0.0,0.0
2023-09-07 00:00:00-04:00,20.413852523470155,21.112424960670854,20.318984072689815,20.853694915771484,3393000,0.0,0.0
2023-09-08 00:00:00-04:00,20.69845476525024,21.00893211311792,20.353480848155815,20.97443389892578,1992500,0.0,0.0
2023-09-11 00:00:00-04:00,21.121046836200286,21.121046836200286,20.45697105488885,20.87956428527832,1971000,0.0,0.0
2023-09-12 00:00:00-04:00,20.517344075637688,21.259037586149354,20.08612626802831,20.97443389892578,1833000,0.0,0.0
2023-09-13 00:00:00-04:00,21.17279058683646,21.319404685694934,20.89681149368289,20.948558807373047,1823200,0.0,0.0
2023-09-14 00:00:00-04:00,21.40565021417122,21.578137983175587,21.000306095465817,21.164169311523438,2307200,0.0,0.0
2023-09-15 00:00:00-04:00,21.11242166931316,21.931736092041895,20.97443211421689,21.491893768310547,21762200,0.0,0.0
2023-09-18 00:00:00-04:00,21.069300550207547,21.888613327971026,20.776072334386647,21.491893768310547,3450300,0.0,0.0
2023-09-19 00:00:00-04:00,21.560892338472005,21.733380135165998,20.939939231311605,21.008934020996094,1793800,0.0,0.0
2023-09-20 00:00:00-04:00,21.017559452202164,21.371157969708364,20.638087270622723,20.655336380004883,1176700,0.0,0.0
2023-09-21 00:00:00-04:00,20.24136400205975,20.387978127552532,19.87914096525202,20.249988555908203,1944600,0.0,0.0
2023-09-22 00:00:00-04:00,20.353484092154318,20.862321317830602,20.129250599062598,20.44835090637207,1439500,0.0,0.0
2023-09-25 00:00:00-04:00,20.146498623631906,20.638086712981444,19.723905324981157,20.241365432739258,1047400,0.0,0.0
2023-09-26 00:00:00-04:00,20.086124850308117,20.387975978357094,19.102947199776974,19.249561309814453,2213700,0.0,0.0
2023-09-27 00:00:00-04:00,19.387552942102126,19.853268980881392,18.732101653245447,18.809720993041992,1420700,0.0,0.0
2023-09-28 00:00:00-04:00,18.852842041702907,18.939084282525332,17.981781920680945,18.111146926879883,2233400,0.0,0.0
2023-09-29 00:00:00-04:00,18.481995894106685,18.9218382647067,18.09389920094037,18.28363609313965,2019300,0.0,0.0
2023-10-02 00:00:00-04:00,18.1283943200414,18.25775931401638,16.83474109036135,16.97273063659668,2859100,0.0,0.0
2023-10-03 00:00:00-04:00,16.572287644950848,16.809915115394688,14.24882352147688,14.52165412902832,5017700,0.395,0.0
2023-10-04 00:00:00-04:00,14.53925560674217,14.82088740021723,13.527139880115508,13.571145057678223,4070700,0.0,0.0
2023-10-05 00:00:00-04:00,13.307115278135955,13.483135154964014,12.11898048004982,12.638238906860352,5501200,0.0,0.0
2023-10-06 00:00:00-04:00,12.39181060852995,12.937472625631449,11.63492474725928,12.691044807434082,6100500,0.0,0.0
2023-10-09 00:00:00-04:00,12.444618751931873,13.799973202987497,12.418215138174125,13.606350898742676,4150100,0.0,0.0
2023-10-10 00:00:00-04:00,13.729562892387575,15.023309528986413,13.483134242182054,14.944100379943848,3535700,0.0,0.0
2023-10-11 00:00:00-04:00,15.1377233878953,15.73619008521655,14.398439120939708,14.794483184814453,2887700,0.0,0.0
2023-10-12 00:00:00-04:00,14.917698902802613,14.935299630835402,13.826374028519638,14.081603050231934,1789200,0.0,0.0
2023-10-13 00:00:00-04:00,14.336833868483374,14.996909055533445,14.169614351073115,14.407241821289062,2712900,0.0,0.0
2023-10-16 00:00:00-04:00,14.539256943681947,15.45456035664151,14.19601669499631,15.269740104675293,1604200,0.0,0.0
2023-10-17 00:00:00-04:00,15.586572852036088,16.22024603442961,15.190528791697954,15.885807037353516,2812600,0.0,0.0
2023-10-18 00:00:00-04:00,15.72739006183876,16.16744012684238,15.533766958896189,15.938613891601562,1467700,0.0,0.0
2023-10-19 00:00:00-04:00,15.824201820694096,16.00022253913807,15.340147362960147,15.498565673828125,1315800,0.0,0.0
2023-10-20 00:00:00-04:00,15.419354176905621,15.859404227534268,14.988105328728475,15.304940223693848,1795900,0.0,0.0
2023-10-23 00:00:00-04:00,15.111322913798054,15.586576224774188,14.724078293946928,15.128925323486328,1391200,0.0,0.0
2023-10-24 00:00:00-04:00,15.41935761702096,16.33466105363409,15.41935761702096,16.132238388061523,1689400,0.0,0.0
2023-10-25 00:00:00-04:00,15.877010237192906,16.035426881314034,14.864893548027366,15.032113075256348,2064000,0.0,0.0
2023-10-26 00:00:00-04:00,15.049715796573086,15.524969096118479,14.856092651975436,15.41055679321289,1512000,0.0,0.0
2023-10-27 00:00:00-04:00,15.384150517642436,15.401752923861876,14.609663109223407,14.75928020477295,1145400,0.0,0.0
2023-10-30 00:00:00-04:00,15.014509441038605,15.21693376954694,14.688873296263314,14.90889835357666,883000,0.0,0.0
2023-10-31 00:00:00-04:00,15.058516088516756,15.436959471484208,14.891296567951548,15.084918022155762,1168600,0.0,0.0
2023-11-01 00:00:00-04:00,15.225735608822616,15.560174686819698,14.785685427311462,15.551373481750488,1115000,0.0,0.0
2023-11-02 00:00:00-04:00,16.026625771078706,16.581089904065514,15.859407921524816,16.54588508605957,2164600,0.0,0.0
2023-11-03 00:00:00-04:00,17.82203030598132,19.96067421128436,17.79562669380371,19.150981903076172,3724500,0.0,0.0
2023-11-06 00:00:00-05:00,19.018966385883033,19.115776269076708,17.70761725300539,17.9100399017334,1702100,0.0,0.0
2023-11-07 00:00:00-05:00,17.786822289931436,18.288480759110392,17.602002073911077,17.77802276611328,1268300,0.0,0.0
2023-11-08 00:00:00-05:00,17.734019022815872,17.97164648409615,17.302770118265332,17.725217819213867,1401300,0.0,0.0
2023-11-09 00:00:00-05:00,17.936443090559727,18.06845947638979,17.109150030330976,17.153154373168945,882500,0.0,0.0
2023-11-10 00:00:00-05:00,17.329173694157028,17.329173694157028,16.633893718921026,16.845117568969727,1099100,0.0,0.0
2023-11-13 00:00:00-05:00,16.669098392343496,17.549198599435325,16.475475272442218,17.425983428955078,746200,0.0,0.0
2023-11-14 00:00:00-05:00,18.482105255126953,19.91666792441538,18.385293690429535,19.802255630493164,1819300,0.0,0.0
2023-11-15 00:00:00-05:00,19.80225488536317,20.937584971213138,19.652637781305216,20.43592643737793,1626500,0.0,0.0
2023-11-16 00:00:00-05:00,20.189500556309067,20.427126352163523,19.564628495034516,19.960674285888672,1102000,0.0,0.0
2023-11-17 00:00:00-05:00,20.31271199136663,20.664751725973236,20.08388574420787,20.54153823852539,1455400,0.0,0.0
2023-11-20 00:00:00-05:00,20.55034276933697,21.580060208959452,20.242307322180853,21.33363151550293,1510400,0.0,0.0
2023-11-21 00:00:00-05:00,21.11360295076122,21.175209694291592,20.611946120690618,20.937583923339844,1116100,0.0,0.0
2023-11-22 00:00:00-05:00,21.113604613607,21.25442051809749,20.54153979178212,20.708759307861328,1042200,0.0,0.0
2023-11-24 00:00:00-05:00,20.76156714029727,20.840776305134238,20.515138440953564,20.655954360961914,538100,0.0,0.0
2023-11-27 00:00:00-05:00,20.62954859184151,20.708757741960227,20.198299707116185,20.54153823852539,906400,0.0,0.0
2023-11-28 00:00:00-05:00,20.251106387566853,21.254420107336152,19.65263796571922,21.17521095275879,1542100,0.0,0.0
2023-11-29 00:00:00-05:00,21.509651628349747,21.738477905941117,21.03439666443119,21.157611846923828,1445400,0.0,0.0
2023-11-30 00:00:00-05:00,21.37763581232481,21.50965051368606,20.902380873034705,21.307226181030273,784500,0.0,0.0
2023-12-01 00:00:00-05:00,21.096002380980593,22.424953959465828,20.884778522491672,22.328144073486328,1208300,0.0,0.0
2023-12-04 00:00:00-05:00,22.1081172470819,22.785793109499515,21.61525993794088,22.48655891418457,1274600,0.0,0.0
2023-12-05 00:00:00-05:00,22.169724904751487,22.407350687223786,21.72967479687679,22.152122497558594,1179900,0.0,0.0
2023-12-06 00:00:00-05:00,22.583373873577198,23.208245968053376,22.213731675358957,22.28413963317871,993700,0.0,0.0
2023-12-07 00:00:00-05:00,22.372148170199672,22.407351306901063,21.914495642475657,22.213729858398438,902100,0.0,0.0
2023-12-08 00:00:00-05:00,22.13452027040002,22.68018314721237,21.914495214673067,22.451356887817383,819100,0.0,0.0
2023-12-11 00:00:00-05:00,22.24893493048876,22.715386988777027,22.028909867927723,22.442556381225586,1041500,0.0,0.0
2023-12-12 00:00:00-05:00,22.319342630821378,22.759392750964334,22.055311551540807,22.653779983520508,1045900,0.0,0.0
2023-12-13 00:00:00-05:00,22.636179579419526,24.924440742433998,22.31054340173937,24.528396606445312,2428000,0.0,0.0
2023-12-14 00:00:00-05:00,25.08285622025164,26.297393782833275,25.08285622025164,25.857343673706055,2660900,0.0,0.0
2023-12-15 00:00:00-05:00,25.962954733508685,26.156576164492606,25.364486355812044,25.531705856323242,4766600,0.0,0.0
2023-12-18 00:00:00-05:00,25.355686816784207,25.61091668582272,24.1059444397709,24.237960815429688,1536500,0.0,0.0
2023-12-19 00:00:00-05:00,24.748418991847544,25.197268628040757,24.545994664920816,24.722015380859375,1381600,0.0,0.0
2023-12-20 00:00:00-05:00,24.51959394816091,25.109261193532774,23.780309590421325,23.850717544555664,936800,0.0,0.0
2023-12-21 00:00:00-05:00,24.299567497548278,24.845228691343877,23.973929679064106,24.422780990600586,1531400,0.0,0.0
2023-12-22 00:00:00-05:00,24.193955158111322,24.977243826833814,24.079542866646566,24.510791778564453,938300,0.0,0.0
2023-12-26 00:00:00-05:00,24.730818228775878,25.21487271180284,24.58120111387804,24.93324089050293,894000,0.0,0.0
2023-12-27 00:00:00-05:00,24.9508413079705,25.294079852957744,24.801224205011813,25.003646850585938,1254700,0.0,0.0
2023-12-28 00:00:00-05:00,24.793910095208318,25.284789551617685,24.78498479752296,25.106287002563477,872600,0.395,0.0
2023-12-29 00:00:00-05:00,24.990261940932637,25.186613386202424,24.59755734806656,24.615407943725586,877700,0.0,0.0
2024-01-02 00:00:00-05:00,24.338730065765077,24.82068422327228,24.22270289847484,24.49938201904297,816900,0.0,0.0
2024-01-03 00:00:00-05:00,24.187003406056203,24.187003406056203,22.991040756663747,23.258792877197266,1067700,0.0,0.0
2024-01-04 00:00:00-05:00,23.4462178654009,23.481917349368015,22.741134757043124,22.821460723876953,1039100,0.0,0.0
2024-01-05 00:00:00-05:00,22.473385142197184,23.54439531396216,22.169931834615497,22.651885986328125,914500,0.0,0.0
2024-01-08 00:00:00-05:00,22.580485093391417,23.740748229673386,22.348434168461456,23.508695602416992,1360800,0.0,0.0
2024-01-09 00:00:00-05:00,22.758989851582275,22.964266606391107,21.928955831681726,22.125308990478516,2467900,0.0,0.0
2024-01-10 00:00:00-05:00,22.036054365049495,23.937098362169607,22.000353177113254,23.928173065185547,2671500,0.0,0.0
2024-01-11 00:00:00-05:00,23.651499645262053,23.660424943747007,22.2324095303602,22.384136199951172,1190700,0.0,0.0
2024-01-12 00:00:00-05:00,22.62511111808836,23.14276644451291,22.214555954468118,22.375207901000977,656700,0.0,0.0
2024-01-16 00:00:00-05:00,22.089606577355823,22.285958022983667,21.58980181427717,21.812929153442383,1103800,0.0,0.0
2024-01-17 00:00:00-05:00,21.15247168113972,21.8486278650754,20.98289443275668,21.45592498779297,1375600,0.0,0.0
2024-01-18 00:00:00-05:00,21.455925638517993,21.455925638517993,19.85833308137181,20.26888656616211,2130000,0.0,0.0
2024-01-19 00:00:00-05:00,20.215336378383448,20.268886462576663,19.429928901685823,20.027910232543945,2389400,0.0,0.0
2024-01-22 00:00:00-05:00,20.590191147264658,21.116771818239936,19.992209793902557,20.38491439819336,1466300,0.0,0.0
2024-01-23 00:00:00-05:00,20.875791964802623,20.97396853246499,20.2688853689378,20.60803985595703,795600,0.0,0.0
2024-01-24 00:00:00-05:00,21.054295156638414,21.054295156638414,20.206410615197886,20.661590576171875,864700,0.0,0.0
2024-01-25 00:00:00-05:00,21.17032029202956,21.17032029202956,20.536639496901063,20.849018096923828,777300,0.0,0.0
2024-01-26 00:00:00-05:00,21.170317843985593,21.500547000640857,20.706214348649475,21.036441802978516,595000,0.0,0.0
2024-01-29 00:00:00-05:00,21.03644404052139,21.893253858288517,20.706216551067676,21.866477966308594,662300,0.0,0.0
2024-01-30 00:00:00-05:00,21.571948670553148,21.74152590494003,21.143544638516474,21.330970764160156,717100,0.0,0.0
2024-01-31 00:00:00-05:00,21.33097057451366,22.1967056300079,21.054293185740605,21.23279571533203,1256200,0.0,0.0
2024-02-01 00:00:00-05:00,21.455921868500656,21.77722402117252,20.991816678464843,21.366670608520508,689800,0.0,0.0
2024-02-02 00:00:00-05:00,20.777614144433628,21.197092842586343,20.45631029765427,20.82223892211914,873500,0.0,0.0
2024-02-05 00:00:00-05:00,20.68836855023193,20.68836855023193,20.16178785822453,20.37598991394043,988100,0.0,0.0
2024-02-06 00:00:00-05:00,20.367061637338704,20.965042927145443,20.170710207225433,20.956117630004883,794600,0.0,0.0
2024-02-07 00:00:00-05:00,21.14354677764005,21.313122326856835,20.45631417609895,21.125696182250977,621200,0.0,0.0
2024-02-08 00:00:00-05:00,21.045369745239586,21.438074323581674,20.83116771223293,21.00967025756836,653600,0.0,0.0
2024-02-09 00:00:00-05:00,21.098917798353227,21.348820997318747,20.652663180267407,21.295270919799805,1311600,0.0,0.0
2024-02-12 00:00:00-05:00,21.43807341101956,22.75006144570988,21.43807341101956,22.482309341430664,1021800,0.0,0.0
2024-02-13 00:00:00-05:00,21.179246698953417,21.795078633851073,20.66159133837573,21.01859474182129,1453900,0.0,0.0
2024-02-14 00:00:00-05:00,21.295274934429955,21.857555110196778,21.11677237261344,21.839704513549805,1045200,0.0,0.0
2024-02-15 00:00:00-05:00,22.303805881448394,22.89286184836674,22.19670572509576,22.776836395263672,1127800,0.0,0.0
2024-02-16 00:00:00-05:00,23.785371796412875,24.035275005810426,22.776837066461894,23.419443130493164,1650800,0.0,0.0
2024-02-20 00:00:00-05:00,22.919637733434488,23.651495043541686,22.883936546440825,23.142765045166016,1256800,0.0,0.0
2024-02-21 00:00:00-05:00,22.955336537897637,23.026737207442956,22.08960320686988,22.660808563232422,1239800,0.0,0.0
2024-02-22 00:00:00-05:00,22.580483859417644,23.142765653053175,22.31273175923733,22.60725975036621,1240500,0.0,0.0
2024-02-23 00:00:00-05:00,22.589408347962962,22.589408347962962,21.83077515483385,21.884326934814453,1107400,0.0,0.0
2024-02-26 00:00:00-05:00,21.87540308956903,22.339508332902994,21.687975251853764,21.928953170776367,763000,0.0,0.0
2024-02-27 00:00:00-05:00,22.29487910142637,22.53585699067704,22.01820172987533,22.303804397583008,872800,0.0,0.0
2024-02-28 00:00:00-05:00,22.169927628233392,22.72328235307365,22.125302851249092,22.535856246948242,943500,0.0,0.0
2024-02-29 00:00:00-05:00,22.991039072740232,23.15169101422436,22.366281900818905,22.464458465576172,905600,0.0,0.0
2024-03-01 00:00:00-05:00,22.544784922213445,23.267716972146648,22.169930951446897,23.169540405273438,865000,0.0,0.0
2024-03-04 00:00:00-05:00,23.026739539083223,23.133841405409235,22.384133448106393,22.758987426757812,580900,0.0,0.0
2024-03-05 00:00:00-05:00,22.366283199031948,22.794688968631167,22.268108330902628,22.634037017822266,527300,0.0,0.0
2024-03-06 00:00:00-05:00,23.178466806504648,23.348044056728448,22.428758829261643,22.58941078186035,738700,0.0,0.0
2024-03-07 00:00:00-05:00,22.928563285299063,23.071364630210024,22.535858735630764,22.732210159301758,569800,0.0,0.0
2024-03-08 00:00:00-05:00,23.089216135126527,23.33019235022001,22.553710219413407,23.169540405273438,831800,0.0,0.0
2024-03-11 00:00:00-04:00,23.089218136399673,23.6247223962016,23.0535169445054,23.249868392944336,567000,0.0,0.0
2024-03-12 00:00:00-04:00,23.133840777591658,23.383743990686078,22.669735539984746,23.294492721557617,760100,0.0,0.0
2024-03-13 00:00:00-04:00,23.2944929976192,23.70504645721866,22.866088943517234,22.88393783569336,632900,0.0,0.0
2024-03-14 00:00:00-04:00,22.88393724420224,22.91963843228448,21.625499303851107,21.732601165771484,1044000,0.0,0.0
2024-03-15 00:00:00-04:00,21.420221888997464,21.93787718322185,21.420221888997464,21.82185173034668,1637400,0.0,0.0
2024-03-18 00:00:00-04:00,21.875405324674738,22.830390098358105,21.53625080361379,22.616188049316406,650900,0.0,0.0
2024-03-19 00:00:00-04:00,22.277030402201053,23.19631555654082,22.143154353127148,22.669734954833984,663900,0.0,0.0
2024-03-20 00:00:00-04:00,22.446608218326773,23.544394232325672,22.446608218326773,23.294492721557617,741700,0.0,0.0
2024-03-21 00:00:00-04:00,23.365891904506128,24.035273826740678,23.294491234227493,23.919246673583984,944000,0.0,0.0
2024-03-22 00:00:00-04:00,23.937100090595486,24.01742606692579,23.64257207815986,23.829999923706055,627300,0.0,0.0
2024-03-25 00:00:00-04:00,23.91924865081172,24.32980381559613,23.84784797463092,24.204853057861328,678700,0.0,0.0
2024-03-26 00:00:00-04:00,24.52615535696493,24.52615535696493,23.678272536393997,23.856773376464844,870800,0.0,0.0
2024-03-27 00:00:00-04:00,24.195927264395735,24.99025998340968,24.169151373004592,24.981334686279297,1035700,0.0,0.0
2024-03-28 00:00:00-04:00,24.990259962891322,25.54361646823609,24.963484071522164,25.34726333618164,1650300,0.0,0.0
2024-04-01 00:00:00-04:00,25.463290341343466,25.463290341343466,24.49045509109947,25.04380989074707,634800,0.0,0.0
2024-04-02 00:00:00-04:00,24.54400484578736,24.57970603358878,23.919247677873148,24.27625274658203,1390400,0.0,0.0
2024-04-03 00:00:00-04:00,24.026350554857192,24.570781775564722,23.740747849675014,24.427980422973633,545700,0.0,0.0
2024-04-04 00:00:00-04:00,24.767822496991258,25.257198525580005,23.90688395567494,24.0518856048584,571500,0.415,0.0
2024-04-05 00:00:00-04:00,23.8796994862162,24.224073893531283,23.707511418290892,24.088136672973633,434300,0.0,0.0
2024-04-08 00:00:00-04:00,24.405323011151168,25.220948007483702,23.85250972619298,25.15751075744629,579700,0.0,0.0
2024-04-09 00:00:00-04:00,25.275325384339208,25.755638761967337,25.275325384339208,25.674076080322266,1013100,0.0,0.0
2024-04-10 00:00:00-04:00,24.550322616019173,24.604697154128342,23.816260301671452,24.0518856048584,851900,0.0,0.0
2024-04-11 00:00:00-04:00,24.1787616441,24.305636150618366,23.38126030117895,23.961261749267578,709100,0.0,0.0
2024-04-12 00:00:00-04:00,23.780010040483464,23.90688454202846,23.091259536244813,23.23625946044922,541400,0.0,0.0
2024-04-15 00:00:00-04:00,23.263447621473386,23.50813564205347,22.39344634670045,22.484071731567383,558700,0.0,0.0
2024-04-16 00:00:00-04:00,22.203135231883213,22.447823259491262,21.750010023069272,21.858760833740234,1036700,0.0,0.0
2024-04-17 00:00:00-04:00,22.085324273857488,22.556573195169108,21.99469888295833,22.112510681152344,1001700,0.0,0.0
2024-04-18 00:00:00-04:00,22.103443994664886,22.81031984232835,21.8678187121104,22.05813217163086,939200,0.0,0.0
2024-04-19 00:00:00-04:00,21.949384445488935,22.656260391991857,21.949384445488935,22.61094856262207,839200,0.0,0.0
2024-04-22 00:00:00-04:00,22.774071650483375,23.29063582725587,22.465948106643143,23.00969696044922,994700,0.0,0.0
2024-04-23 00:00:00-04:00,22.855634293641234,23.372198469721678,22.22126005553888,23.218135833740234,746400,0.0,0.0
2024-04-24 00:00:00-04:00,22.93719614666483,23.616883917229472,22.719696267508393,23.508134841918945,772000,0.0,0.0
2024-04-25 00:00:00-04:00,23.06407053143767,23.06407053143767,22.42063192782855,23.036882400512695,710600,0.0,0.0
2024-04-26 00:00:00-04:00,23.163760549023056,23.997511015283884,23.055011465204768,23.526260375976562,768700,0.0,0.0
2024-04-29 00:00:00-04:00,23.68032151180124,23.91594681646287,22.96438461518761,23.109384536743164,770800,0.0,0.0
2024-04-30 00:00:00-04:00,22.783136968991663,23.118450413842716,22.5928251940887,22.665325164794922,1065300,0.0,0.0
2024-05-01 00:00:00-04:00,22.73782120837176,23.109383710134228,22.058133452191342,22.13969612121582,1405500,0.0,0.0
2024-05-02 00:00:00-04:00,22.719697473708234,22.946260075924766,22.284697692301005,22.855634689331055,904400,0.0,0.0
2024-05-03 00:00:00-04:00,23.544382095336914,23.698444713621186,23.100319661114078,23.544382095336914,920300,0.0,0.0
2024-05-06 00:00:00-04:00,23.77094878387839,24.00657410726411,23.308760848991266,23.616886138916016,594300,0.0,0.0
2024-05-07 00:00:00-04:00,23.69844649792959,24.142508965586877,23.625946538486268,23.734697341918945,753300,0.0,0.0
2024-05-08 00:00:00-04:00,24.559386273420774,27.88532532244076,24.350949095524854,27.595325469970703,3340700,0.0,0.0
2024-05-09 00:00:00-04:00,27.640638619213096,29.670641140555112,27.441264143248947,29.516576766967773,3177500,0.0,0.0
2024-05-10 00:00:00-04:00,29.425952602651375,29.589077956807138,28.456263189451608,29.0725154876709,1743800,0.0,0.0
2024-05-13 00:00:00-04:00,29.670641255974946,29.670641255974946,28.565014600642744,29.045326232910156,1155800,0.0,0.0
2024-05-14 00:00:00-04:00,29.543760597348694,29.815638473252363,28.456261193481822,28.80970001220703,2571100,0.0,0.0
2024-05-15 00:00:00-04:00,29.534698229445112,29.534698229445112,28.38375990186954,29.253759384155273,1031100,0.0,0.0
2024-05-16 00:00:00-04:00,29.145011951266913,29.33532370051287,28.465324169327786,28.882200241088867,1077100,0.0,0.0
2024-05-17 00:00:00-04:00,28.90032476588738,29.045324691920722,28.682824876837362,28.89126205444336,761600,0.0,0.0
2024-05-20 00:00:00-04:00,28.82782348172852,29.34438763915123,28.30219834181251,28.773448944091797,1388400,0.0,0.0
2024-05-21 00:00:00-04:00,28.537827512660783,29.42595430001198,28.41095299812588,29.280954360961914,1249600,0.0,0.0
2024-05-22 00:00:00-04:00,29.117825004008573,30.595010600156552,29.036262333411933,29.788448333740234,2561900,0.0,0.0
2024-05-23 00:00:00-04:00,30.051261303582457,30.22344762459654,28.80063658796871,29.11782455444336,1499500,0.0,0.0
2024-05-24 00:00:00-04:00,29.33532496200275,30.459076997577327,29.108762358280305,30.2053279876709,924200,0.0,0.0
2024-05-28 00:00:00-04:00,30.422824828668062,30.803451784051123,29.534699875535356,29.634387969970703,1619600,0.0,0.0
2024-05-29 00:00:00-04:00,29.00001260860349,29.543761462186445,28.40188748683388,29.06344985961914,1677300,0.0,0.0
2024-05-30 00:00:00-04:00,29.40782191345155,30.005946952566106,29.117822104006336,29.743133544921875,932800,0.0,0.0
2024-05-31 00:00:00-04:00,29.8065753734367,30.169076919555664,29.253762071287213,30.169076919555664,1409500,0.0,0.0
2024-06-03 00:00:00-04:00,30.314075540113695,30.6584516483777,29.76126226178934,30.14188575744629,1099500,0.0,0.0
2024-06-04 00:00:00-04:00,29.897203861542945,30.205329152773555,29.743139487392085,29.779390335083008,720500,0.0,0.0
2024-06-05 00:00:00-04:00,29.90626091104682,30.323135233443242,29.688759310582665,30.060321807861328,838500,0.0,0.0
2024-06-06 00:00:00-04:00,29.706885940062577,30.078448452450683,28.764386456711286,28.80970001220703,671900,0.0,0.0
2024-06-07 00:00:00-04:00,28.23876317470544,28.773451065063476,28.003137856197192,28.32032585144043,632800,0.0,0.0
2024-06-10 00:00:00-04:00,27.84907423415183,28.65563826141439,27.577199806962035,28.555950164794922,690900,0.0,0.0
2024-06-11 00:00:00-04:00,28.29313509871411,29.009071971162708,28.048448819682644,28.628448486328125,964800,0.0,0.0
2024-06-12 00:00:00-04:00,30.105639806783838,30.250639734487855,28.855013269667328,28.94563865661621,1021600,0.0,0.0
2024-06-13 00:00:00-04:00,28.764385692131242,29.04532281459573,28.565011238855696,28.628448486328125,477500,0.0,0.0
2024-06-14 00:00:00-04:00,28.15719924350828,28.746261649267176,28.15719924350828,28.483449935913086,470200,0.0,0.0
2024-06-17 00:00:00-04:00,28.22970014988214,28.32032553730863,27.0515752989443,27.966888427734375,824100,0.0,0.0
2024-06-18 00:00:00-04:00,27.885323271612386,28.320323018325382,27.350635434743573,28.084697723388672,748400,0.0,0.0
2024-06-20 00:00:00-04:00,28.04844953167785,28.29313581692055,27.18751099217805,27.56813621520996,1425200,0.0,0.0
2024-06-21 00:00:00-04:00,27.550013555893422,27.64970165932665,27.105951039245838,27.5228271484375,2430100,0.0,0.0
2024-06-24 00:00:00-04:00,27.613449735975838,27.96688857595881,27.332512589146706,27.776575088500977,1017100,0.0,0.0
2024-06-25 00:00:00-04:00,27.64970128487774,27.704075827588778,27.178450638620628,27.432201385498047,590900,0.0,0.0
2024-06-26 00:00:00-04:00,27.16938462888334,27.477509881071065,26.94282204512974,27.08782196044922,739000,0.0,0.0
2024-06-27 00:00:00-04:00,27.060639477302576,27.296264805968793,26.797826012374095,27.1059513092041,883600,0.0,0.0
2024-06-28 00:00:00-04:00,27.405011910360965,27.405011910360965,26.272198909460453,26.82501220703125,3433600,0.0,0.0
2024-07-01 00:00:00-04:00,26.897511975922377,26.897511975922377,25.75563627182732,26.03657341003418,1227800,0.0,0.0
2024-07-02 00:00:00-04:00,26.018450861150797,26.326576167489666,25.556264630178134,26.009389877319336,1380200,0.0,0.0
2024-07-03 00:00:00-04:00,26.326627449600043,26.96111531312234,26.032372716922037,26.666860580444336,537800,0.415,0.0
2024-07-05 00:00:00-04:00,26.574906385919384,26.933530887472624,26.207087958336096,26.694448471069336,708900,0.0,0.0
2024-07-08 00:00:00-04:00,26.666860437450744,26.832379162168714,26.087546654834398,26.574905395507812,1209500,0.0,0.0
2024-07-09 00:00:00-04:00,26.4737565698356,27.07146171482487,26.4093868124028,26.666860580444336,603200,0.0,0.0
2024-07-10 00:00:00-04:00,26.804793108501013,26.979507519223734,26.519734046508805,26.786401748657227,785900,0.0,0.0
2024-07-11 00:00:00-04:00,27.7795131325382,29.68297508054849,27.5956047908053,29.609413146972656,2583000,0.0,0.0
2024-07-12 00:00:00-04:00,29.88527447048926,30.823212736344402,29.802515108566954,30.087575912475586,1520700,0.0,0.0
2024-07-15 00:00:00-04:00,29.63699865848154,29.866885402814592,28.441588289508353,28.515151977539062,1455700,0.0,0.0
2024-07-16 00:00:00-04:00,29.112857908873618,30.271485586606023,28.6530844084127,30.243900299072266,1574600,0.0,0.0
2024-07-17 00:00:00-04:00,29.82090779150629,30.648501447469542,29.37032999764664,29.811710357666016,1116100,0.0,0.0
2024-07-18 00:00:00-04:00,29.581826197915753,30.170339242201216,28.827799669708043,28.94734001159668,2484900,0.0,0.0
2024-07-19 00:00:00-04:00,28.892164995516136,29.407110792082683,28.52434656939717,29.204811096191406,721500,0.0,0.0
2024-07-22 00:00:00-04:00,29.45308900558124,29.738149835658273,28.984121583499302,29.214008331298828,1066800,0.0,0.0
2024-07-23 00:00:00-04:00,29.01170670017235,29.857691751153354,28.77262602729557,29.646196365356445,745200,0.0,0.0
2024-07-24 00:00:00-04:00,29.618607498037115,29.968036333965447,29.333548424229974,29.453088760375977,1046900,0.0,0.0
2024-07-25 00:00:00-04:00,29.45308910480658,30.584131486855437,29.21400842971872,30.345050811767578,1550000,0.0,0.0
2024-07-26 00:00:00-04:00,31.080686188357426,31.108274982138997,30.050794587205033,30.14274787902832,914900,0.0,0.0
2024-07-29 00:00:00-04:00,30.188727552034997,30.657694945335518,29.682973931680387,29.968034744262695,867600,0.0,0.0
2024-07-30 00:00:00-04:00,30.16113861207974,30.510567427773488,29.894469160424165,30.400222778320312,745300,0.0,0.0
2024-07-31 00:00:00-04:00,31.135858819810256,31.264594825491862,30.115161192201718,30.13355255126953,889200,0.0,0.0
2024-08-01 00:00:00-04:00,30.584129659833675,31.02551527758664,29.499067498553327,29.535846710205078,1336200,0.0,0.0
2024-08-02 00:00:00-04:00,28.505957126427937,29.241594028131907,27.862273522014426,28.634693145751953,1574400,0.0,0.0
2024-08-05 00:00:00-04:00,27.779513352040613,28.57951999428486,26.418584246097684,27.52204132080078,1407400,0.0,0.0
2024-08-06 00:00:00-04:00,27.54043174970364,28.459978696219334,27.200198607778326,27.733535766601562,859300,0.0,0.0
2024-08-07 00:00:00-04:00,28.37721954912202,28.459978915257107,27.45767259552918,27.63238525390625,582500,0.0,0.0
2024-08-08 00:00:00-04:00,28.082962061006533,28.892162529398178,27.696752308072767,28.74503517150879,555700,0.0,0.0
2024-08-09 00:00:00-04:00,28.74503830527034,28.74503830527034,28.082965122589385,28.239286422729492,577600,0.0,0.0
2024-08-12 00:00:00-04:00,28.23928587853794,28.257677238398827,27.558821348754734,27.779512405395508,491900,0.0,0.0
2024-08-13 00:00:00-04:00,28.11055010741753,28.643887270662507,27.724340316523122,28.62549591064453,638600,0.0,0.0
2024-08-14 00:00:00-04:00,28.772624555219174,29.094464580662844,28.211700361337467,28.450782775878906,400200,0.0,0.0
2024-08-15 00:00:00-04:00,29.02090210486205,29.085270112632646,28.101355127803966,28.561128616333008,483900,0.0,0.0
2024-08-16 00:00:00-04:00,28.533542327133805,29.122051810529747,28.505955287388392,28.965728759765625,424100,0.0,0.0
2024-08-19 00:00:00-04:00,28.965729281023414,29.55423877500998,28.965729281023414,29.5174560546875,938600,0.0,0.0
2024-08-20 00:00:00-04:00,29.462282628586117,29.462282628586117,28.30365335909039,28.404802322387695,1024600,0.0,0.0
2024-08-21 00:00:00-04:00,28.40480401322023,28.671473463915298,28.193308640949596,28.551931381225586,732500,0.0,0.0
2024-08-22 00:00:00-04:00,28.303658016484153,28.699061763340342,27.963424846053528,28.386417388916016,369200,0.0,0.0
2024-08-23 00:00:00-04:00,28.58871643617071,30.630111903367307,28.56112939470434,30.57493782043457,1687900,0.0,0.0
2024-08-26 00:00:00-04:00,30.951948796387228,31.209420808245067,30.188726686468737,30.602519989013672,944300,0.0,0.0
2024-08-27 00:00:00-04:00,30.35424399111752,30.795629624373166,29.940450660104496,29.986427307128906,752700,0.0,0.0
2024-08-28 00:00:00-04:00,29.79332160386084,29.958840330043977,29.6002140847851,29.839298248291016,496000,0.0,0.0
2024-08-29 00:00:00-04:00,29.903668371965747,30.326659143178798,29.55423953549727,29.78412628173828,625400,0.0,0.0
2024-08-30 00:00:00-04:00,29.940449684106454,30.317463789886045,29.581823430302567,29.774930953979492,684200,0.0,0.0
2024-09-03 00:00:00-04:00,29.802515103635077,30.17033526940515,29.32435029125121,30.13355255126953,890400,0.0,0.0
2024-09-04 00:00:00-04:00,30.032402761910742,30.482982303566594,29.719756663645686,29.876081466674805,651700,0.0,0.0
2024-09-05 00:00:00-04:00,30.12435896283747,30.48298524874434,29.857692991800306,30.4645938873291,587800,0.0,0.0
2024-09-06 00:00:00-04:00,30.473785736312312,30.574936463302492,29.4806768421583,29.5174560546875,637100,0.0,0.0
2024-09-09 00:00:00-04:00,29.517456823057866,29.82090901192759,28.83699401834522,29.738149642944336,977000,0.0,0.0
2024-09-10 00:00:00-04:00,29.830102974525165,30.133555163762875,29.379526915575887,30.115163803100586,652200,0.0,0.0
2024-09-11 00:00:00-04:00,30.069186740926614,31.071493082550614,29.820908637097553,30.832408905029297,985100,0.0,0.0
2024-09-12 00:00:00-04:00,30.85079535086298,31.917469530098483,30.556540646783724,31.8622989654541,2087700,0.0,0.0
2024-09-13 00:00:00-04:00,32.018627897104466,32.294491309655974,31.73356704971819,31.908283233642578,1463900,0.0,0.0
2024-09-16 00:00:00-04:00,31.889889252857145,32.33127137825044,31.4668984878294,31.97264862060547,761000,0.0,0.0
2024-09-17 00:00:00-04:00,32.046211776667086,32.515182714394115,31.72437172747673,32.414031982421875,781400,0.0,0.0
2024-09-18 00:00:00-04:00,32.13816571782229,33.2416227289522,31.93586427190708,32.20253372192383,955300,0.0,0.0
2024-09-19 00:00:00-04:00,33.158863872427844,33.23242580347161,32.20253421430658,32.28529357910156,1140000,0.0,0.0
2024-09-20 00:00:00-04:00,31.963446169899722,32.28528966409394,31.494478831458647,31.8622989654541,1992800,0.0,0.0
2024-09-23 00:00:00-04:00,32.11977527361509,32.303685365342595,31.7795438839848,32.08299255371094,738600,0.0,0.0
2024-09-24 00:00:00-04:00,32.00942440483369,32.082986322561574,31.6416042928166,31.95425033569336,893700,0.0,0.0
2024-09-25 00:00:00-04:00,31.981844132389373,31.981844132389373,30.722065701138828,31.0806884765625,1050500,0.0,0.0
2024-09-26 00:00:00-04:00,31.476093004777834,31.84391320340454,30.804824123908464,30.82321548461914,718500,0.0,0.0
2024-09-27 00:00:00-04:00,31.72436906129841,32.19333645181905,31.191030158556156,31.632415771484375,961900,0.0,0.0
2024-09-30 00:00:00-04:00,31.650802914125837,31.87149571564567,31.273788821865647,31.6967830657959,976700,0.0,0.0
2024-10-01 00:00:00-04:00,31.512876673021935,31.632418767336333,30.317466253258406,30.70367431640625,841400,0.0,0.0
2024-10-02 00:00:00-04:00,30.611719660982857,31.21862052459465,30.35424412250371,31.07149314880371,540500,0.0,0.0
2024-10-03 00:00:00-04:00,30.76803707183839,31.56804536508007,30.76803707183839,31.549654006958008,535500,0.0,0.0
2024-10-04 00:00:00-04:00,31.628776323965436,32.280341004833,31.479847558402152,32.17795181274414,1328700,0.415,0.0
2024-10-07 00:00:00-04:00,32.05694095762219,32.531653763119294,31.759083474100642,32.336185455322266,1630900,0.0,0.0
2024-10-08 00:00:00-04:00,32.15002604465985,32.40134398093906,31.73116281752785,32.11279296875,1044500,0.0,0.0
2024-10-09 00:00:00-04:00,31.945249584124618,32.28034018582565,31.85217043953734,32.19656753540039,592500,0.0,0.0
2024-10-10 00:00:00-04:00,31.86147847084684,32.317574823108984,30.744510928202892,30.865516662597656,1399700,0.0,0.0
2024-10-11 00:00:00-04:00,30.949287502274984,31.72185788713893,30.949287502274984,31.7032413482666,463600,0.0,0.0
2024-10-14 00:00:00-04:00,31.749778641202834,32.67127416942066,31.5543103231859,32.587501525878906,1137400,0.0,0.0
2024-10-15 00:00:00-04:00,32.801596236573204,33.0342976743871,32.46650559800245,32.57820129394531,670300,0.0,0.0
2024-10-16 00:00:00-04:00,32.782973196970865,32.98774800715042,32.466499162248155,32.96913146972656,1311400,0.0,0.0
2024-10-17 00:00:00-04:00,32.93190165361914,33.136676461982994,32.58750104044365,32.89466857910156,688200,0.0,0.0
2024-10-18 00:00:00-04:00,32.959824913197075,33.09013712417281,32.44788256261747,32.68058395385742,440400,0.0,0.0
2024-10-21 00:00:00-04:00,32.578194374340335,32.76435619519913,31.86147367201588,32.056941986083984,940800,0.0,0.0
2024-10-22 00:00:00-04:00,32.224485872914016,32.32687504748505,31.833549261724144,31.9638614654541,692400,0.0,0.0
2024-10-23 00:00:00-04:00,31.712544925477122,32.09417506040403,31.610155746467715,32.056941986083984,529300,0.0,0.0
2024-10-24 00:00:00-04:00,32.08487069273849,32.39203469937418,31.572924763776296,31.72185707092285,906000,0.0,0.0
2024-10-25 00:00:00-04:00,31.72185490278327,31.908013172509566,31.38676433608971,31.768394470214844,506200,0.0,0.0
2024-10-28 00:00:00-04:00,31.935941733193676,32.41065103160804,31.77770293322781,32.140716552734375,659300,0.0,0.0
2024-10-29 00:00:00-04:00,32.11279731673624,32.196569973505234,31.77770668966027,31.8521728515625,500300,0.0,0.0
2024-10-30 00:00:00-04:00,31.638082176040566,32.615427292441275,31.619465638969714,32.606117248535156,661500,0.0,0.0
2024-10-31 00:00:00-04:00,32.62473568163666,33.136678053242456,32.23379903265312,32.56888961791992,871900,0.0,0.0
2024-11-01 00:00:00-04:00,32.82950699062553,33.071514833084926,31.97316417346135,32.047630310058594,517200,0.0,0.0
2024-11-04 00:00:00-05:00,32.587503247938386,34.030254801925324,32.57819675404927,33.26699447631836,1301400,0.0,0.0
2024-11-05 00:00:00-05:00,33.22976162117766,33.64862486381796,32.33618907070613,32.83882141113281,2098700,0.0,0.0
2024-11-06 00:00:00-05:00,31.647390653731875,32.18725961041621,28.622272429478095,30.009174346923828,4651100,0.0,0.0
2024-11-07 00:00:00-05:00,30.046402483933015,30.539731847591167,29.590309745771908,29.869550704956055,1709000,0.0,0.0
2024-11-08 00:00:00-05:00,29.506535926706018,29.55307549292457,26.453493157909826,26.62103843688965,3420600,0.0,0.0
2024-11-11 00:00:00-05:00,26.72342797626549,27.7659310314745,26.434878736803046,27.160907745361328,1972400,0.0,0.0
2024-11-12 00:00:00-05:00,26.853741165677476,26.928205540584596,25.010746555198182,25.03866958618164,2290000,0.0,0.0
2024-11-13 00:00:00-05:00,25.485455913759495,25.829854758367524,25.085211007013335,25.45753288269043,1695000,0.0,0.0
2024-11-14 00:00:00-05:00,25.550613419904685,25.904318752756414,25.066594100953296,25.63438606262207,2134200,0.0,0.0
2024-11-15 00:00:00-05:00,25.718157010808202,26.081172388848163,25.23413946570613,25.33652687072754,1378100,0.0,0.0
2024-11-18 00:00:00-05:00,25.243448140442013,25.62507828666104,24.87112448770767,25.327219009399414,998700,0.0,0.0
2024-11-19 00:00:00-05:00,25.141059045848856,26.192868574980757,25.057286401229323,25.82985496520996,990300,0.0,0.0
2024-11-20 00:00:00-05:00,25.90431993299978,26.313874896570237,25.839163824666688,26.10909652709961,755800,0.0,0.0
2024-11-21 00:00:00-05:00,26.490724860949637,26.81650715557383,26.081171700925022,26.611730575561523,1021500,0.0,0.0
2024-11-22 00:00:00-05:00,26.797893698108446,27.3284525985639,26.57449879493385,27.002670288085938,1159800,0.0,0.0
2024-11-25 00:00:00-05:00,27.691463771568102,28.65950234886972,27.542535032809486,28.31510353088379,1458700,0.0,0.0
2024-11-26 00:00:00-05:00,28.14756013586259,28.454725901988613,27.793854801530184,28.231332778930664,1045600,0.0,0.0
2024-11-27 00:00:00-05:00,28.53849884720367,29.217986492286915,28.408186634549555,29.106290817260742,654900,0.0,0.0
2024-11-29 00:00:00-05:00,29.20867633026452,29.404146411946723,28.957360190059728,29.190061569213867,424100,0.0,0.0
2024-12-02 00:00:00-05:00,29.106290523286578,29.394839752122376,28.808433025730825,28.98528480529785,1048000,0.0,0.0
2024-12-03 00:00:00-05:00,29.087674452768752,29.22729493506789,28.287181083709914,28.55711555480957,599300,0.0,0.0
2024-12-04 00:00:00-05:00,28.566423188260448,28.994592894503228,28.445417471020903,28.780508041381836,1102400,0.0,0.0
2024-12-05 00:00:00-05:00,28.985285315394187,29.180755411211827,28.761892188295995,28.808433532714844,822200,0.0,0.0
2024-12-06 00:00:00-05:00,29.245910444636888,29.329683086145412,28.743274595585756,28.957361221313477,678700,0.0,0.0
2024-12-09 00:00:00-05:00,29.19937151551589,29.757853437285345,28.957361854242784,29.40414810180664,2509700,0.0,0.0
2024-12-10 00:00:00-05:00,29.14352227541665,29.236603188691124,28.259258037736053,28.473342895507812,912000,0.0,0.0
2024-12-11 00:00:00-05:00,28.482651822770762,28.77120106275798,27.942784643744286,28.333723068237305,1977200,0.0,0.0
2024-12-12 00:00:00-05:00,28.249948708037664,28.2871800067269,27.35637445967703,27.952091217041016,902300,0.0,0.0
2024-12-13 00:00:00-05:00,27.92416676753709,28.063787246300635,27.160906493283726,27.691465377807617,1233900,0.0,0.0
2024-12-16 00:00:00-05:00,27.5332319479237,27.626312871013234,26.639659347154456,26.732738494873047,1591400,0.0,0.0
2024-12-17 00:00:00-05:00,26.416259095433535,26.742041372875825,25.848468952272427,25.969472885131836,2059800,0.0,0.0
2024-12-18 00:00:00-05:00,26.109095008707392,26.704811768903053,24.563957935289615,24.759428024291992,1688800,0.0,0.0
2024-12-19 00:00:00-05:00,25.029361919919765,25.234140287371957,24.387107336649112,24.5639591217041,1439100,0.0,0.0
2024-12-20 00:00:00-05:00,24.489495440222864,25.97878479186574,24.489495440222864,25.680927276611328,3407200,0.0,0.0
2024-12-23 00:00:00-05:00,25.541306199859378,25.662310146879836,25.168984314368586,25.40168571472168,618200,0.0,0.0
2024-12-24 00:00:00-05:00,25.34583683633445,25.829856189212293,25.094518890566622,25.801931381225586,412000,0.0,0.0
2024-12-26 00:00:00-05:00,25.550613841228103,25.848471342303412,25.308604177761726,25.708850860595703,419400,0.0,0.0
2024-12-27 00:00:00-05:00,25.51337936428191,25.950857323031236,25.40168369520026,25.485454559326172,546800,0.0,0.0
2024-12-30 00:00:00-05:00,25.405120047458993,25.509085032523206,24.904201779846225,25.244447708129883,756100,0.415,0.0
2024-12-31 00:00:00-05:00,25.509085194009366,25.915491807984843,25.329509801223722,25.357864379882812,986200,0.0,0.0
2025-01-02 00:00:00-05:00,25.565791567318485,26.161225077444243,25.433473810710197,25.66030502319336,991900,0.0,0.0
2025-01-03 00:00:00-05:00,25.76427000308984,26.236835479736328,25.62250072063474,26.236835479736328,922700,0.0,0.0
2025-01-06 00:00:00-05:00,26.350250452586437,26.586533193312512,25.83042914406677,25.858783721923828,841100,0.0,0.0
2025-01-07 00:00:00-05:00,25.991101662651662,26.255738983095867,25.490181599819714,26.113967895507812,918000,0.0,0.0
2025-01-08 00:00:00-05:00,26.038356303914327,26.36915248872711,25.839879674643168,26.104516983032227,1737800,0.0,0.0
2025-01-10 00:00:00-05:00,25.69811347328233,25.934396233198914,25.187741846569192,25.480731964111328,798200,0.0,0.0
2025-01-13 00:00:00-05:00,25.272802067998747,25.282253594076856,24.639564242319707,25.017616271972656,1016200,0.0,0.0
2025-01-14 00:00:00-05:00,25.168836211210053,26.444763344408823,25.121580385152182,25.98164939880371,963900,0.0,0.0
2025-01-15 00:00:00-05:00,26.926779738964736,27.049647768276472,25.90603841578605,26.047807693481445,631400,0.0,0.0
2025-01-16 00:00:00-05:00,26.085614413688575,26.832266922011797,25.991100958754263,26.614887237548828,549700,0.0,0.0
2025-01-17 00:00:00-05:00,26.898427513594967,26.90787903996006,26.274641195053444,26.388057708740234,789300,0.0,0.0
2025-01-21 00:00:00-05:00,26.388056023402598,26.454214901038526,25.811525570813735,26.03835678100586,1023900,0.0,0.0
2025-01-22 00:00:00-05:00,25.91549133673283,25.91549133673283,25.24444740889112,25.565792083740234,1441900,0.0,0.0
2025-01-23 00:00:00-05:00,25.28225576358142,25.490183947059574,24.960911060127824,25.216096878051758,1212400,0.0,0.0
2025-01-24 00:00:00-05:00,25.244447688235518,26.019456608485005,25.159387558252355,25.82097816467285,1465100,0.0,0.0
2025-01-27 00:00:00-05:00,25.877684164241494,26.482569187471398,25.830428338647465,26.35970115661621,1531700,0.0,0.0
2025-01-28 00:00:00-05:00,26.085616109051,26.25573997845065,25.424023684206652,25.811527252197266,791200,0.0,0.0
2025-01-29 00:00:00-05:00,25.896590617722417,26.64324501852036,25.811528678322794,26.62434196472168,1114700,0.0,0.0
2025-01-30 00:00:00-05:00,27.125258650871405,27.257576405374106,26.84171828775878,27.078001022338867,940200,0.0,0.0
2025-01-31 00:00:00-05:00,27.021291754258133,27.40879526726952,26.274637500649703,26.473115921020508,2002300,0.0,0.0
2025-02-03 00:00:00-05:00,25.92494146686388,26.33134805156641,25.735914561473905,26.047807693481445,950900,0.0,0.0
2025-02-04 00:00:00-05:00,25.99110047866715,26.255737787056212,25.48072891306557,26.104516983032227,1973600,0.0,0.0
2025-02-05 00:00:00-05:00,26.359702877565883,26.369154403840593,25.915491958820482,26.189579010009766,661400,0.0,0.0
2025-02-06 00:00:00-05:00,26.766110119939114,26.81336775241796,26.37860654708433,26.72830581665039,675900,0.0,0.0
2025-02-07 00:00:00-05:00,26.775560216473206,26.794463268455218,26.18957822389062,26.66214370727539,692700,0.0,0.0
2025-02-10 00:00:00-05:00,26.662144123272007,27.07800225989343,26.36915402375646,26.97403907775879,765100,0.0,0.0
2025-02-11 00:00:00-05:00,26.775561396432458,26.841720278590767,26.350251721565698,26.529827117919922,867700,0.0,0.0
2025-02-12 00:00:00-05:00,26.000555912756955,26.529828806403195,25.811528977964645,26.24629020690918,1278200,0.0,0.0
2025-02-13 00:00:00-05:00,26.39750862121582,26.633791366765273,26.047809364617144,26.39750862121582,969600,0.0,0.0
2025-02-14 00:00:00-05:00,29.166742791415068,29.204547093436656,25.849332815756668,26.48257064819336,2901100,0.0,0.0
2025-02-18 00:00:00-05:00,26.577085058776717,27.871913545848958,26.350252027749143,27.531665802001953,1752300,0.0,0.0
2025-02-19 00:00:00-05:00,27.238674325741098,27.62617788006166,27.05909893629924,27.35209083557129,1438800,0.0,0.0
2025-02-20 00:00:00-05:00,27.276479818255268,27.503311030134814,27.011842503048683,27.361541748046875,1314500,0.0,0.0
2025-02-21 00:00:00-05:00,27.635630510654018,27.85301021026472,26.350251760444046,26.501474380493164,935700,0.0,0.0
2025-02-24 00:00:00-05:00,26.586532245826398,27.068549236052863,26.227383285907518,26.794462203979492,744400,0.0,0.0
2025-02-25 00:00:00-05:00,26.974037814352,27.172514445880868,26.52037359442535,27.02129364013672,1173900,0.0,0.0
2025-02-26 00:00:00-05:00,27.229223865280765,27.749047001861594,26.907879177996424,27.219772338867188,868300,0.0,0.0
2025-02-27 00:00:00-05:00,27.692337532304066,27.692337532304066,26.69995070505241,26.907878875732422,768300,0.0,0.0
2025-02-28 00:00:00-05:00,26.69995158268778,27.181968624043698,26.30299647820022,27.153614044189453,1227400,0.0,0.0
2025-03-03 00:00:00-05:00,26.926780642993585,27.248125311328735,26.000552741413085,26.236835479736328,799800,0.0,0.0
2025-03-04 00:00:00-05:00,25.74536679131203,26.955135052975532,25.44292517656971,26.699949264526367,1055300,0.0,0.0
2025-03-05 00:00:00-05:00,26.728303523891768,27.172514414922325,26.35970123295294,26.96458625793457,1205200,0.0,0.0
2025-03-06 00:00:00-05:00,26.65269394573903,27.276480238696415,26.65269394573903,27.18196678161621,1020800,0.0,0.0
2025-03-07 00:00:00-05:00,27.2859334582966,28.48624848882703,26.95513723933068,28.2783203125,1184900,0.0,0.0
2025-03-10 00:00:00-04:00,28.042036109892326,28.401185087328958,27.389895232166197,27.437152862548828,1393400,0.0,0.0
2025-03-11 00:00:00-04:00,27.60727450690974,27.71123948948714,26.69049812366341,27.040197372436523,960500,0.0,0.0
2025-03-12 00:00:00-04:00,27.172514414922325,27.352089797549233,26.2179319530661,26.96458625793457,1058500,0.0,0.0
2025-03-13 00:00:00-04:00,26.983489349466062,27.380444441876055,26.79446423093874,26.936233520507812,2407100,0.0,0.0
2025-03-14 00:00:00-04:00,27.172514895953373,27.61672579484773,27.059098388419585,27.474956512451172,881700,0.0,0.0
2025-03-17 00:00:00-04:00,27.512763150691487,28.089291817337433,27.342639287430817,28.013681411743164,909300,0.0,0.0
2025-03-18 00:00:00-04:00,27.956974588070064,28.02313346888213,27.626178381315444,27.834108352661133,659400,0.0,0.0
2025-03-19 00:00:00-04:00,27.928621267062535,28.183807078281028,27.55056921490239,27.87191390991211,1975700,0.0,0.0
2025-03-20 00:00:00-04:00,27.682885869132644,28.174352583823758,27.645079766551838,28.060937881469727,575100,0.0,0.0
2025-03-21 00:00:00-04:00,27.78685049481915,27.994780464467937,27.578922327864642,27.692337036132812,2272700,0.0,0.0
2025-03-24 00:00:00-04:00,27.815204360052608,28.060938625258743,27.607274395735136,27.61672592163086,609000,0.0,0.0
2025-03-25 00:00:00-04:00,27.66398345185639,28.278318211320492,27.569469995932472,28.10819435119629,619600,0.0,0.0
2025-03-26 00:00:00-04:00,28.013680473329746,28.12709697926901,27.54111500352219,27.711238861083984,464000,0.0,0.0
2025-03-27 00:00:00-04:00,27.635628525386146,28.10819399634561,27.635628525386146,27.739593505859375,497800,0.0,0.0
2025-03-28 00:00:00-04:00,27.74904512932489,27.824655532836914,27.50331086723727,27.824655532836914,787400,0.0,0.0
2025-03-31 00:00:00-04:00,27.53166466921186,27.86246087293091,27.229223043878196,27.635629653930664,803300,0.0,0.0
2025-04-01 00:00:00-04:00,27.63562754456554,27.69233489431369,26.841717437314898,27.465503692626953,1141600,0.0,0.0
2025-04-02 00:00:00-04:00,27.285930249884235,27.73014112999811,27.163062221692766,27.60727310180664,1124300,0.0,0.0
2025-04-03 00:00:00-04:00,26.785010685517808,27.607273584651722,26.785010685517808,27.456052780151367,806600,0.0,0.0
2025-04-04 00:00:00-04:00,26.640910129702913,26.736808268519308,25.34626513514433,25.95043182373047,1833400,0.42,0.0
2025-04-07 00:00:00-04:00,24.981845241599718,26.468290149392427,24.243419706624724,24.67496681213379,2050000,0.0,0.0
2025-04-08 00:00:00-04:00,25.42298456280631,25.451755101730388,22.718616094694134,23.265243530273438,1639700,0.0,0.0
2025-04-09 00:00:00-04:00,22.86246384504238,24.281777427613154,21.730848318970676,23.581710815429688,3679200,0.0,0.0
2025-04-10 00:00:00-04:00,22.87205371352273,22.900822421298155,21.078730486890432,21.797977447509766,2351000,0.0,0.0
2025-04-11 00:00:00-04:00,21.817158627494816,22.402146762831464,21.38560970320718,22.066497802734375,2010000,0.0,0.0
2025-04-14 00:00:00-04:00,22.478865393087272,23.303600659408787,22.22952622866555,23.2172908782959,1819300,0.0,0.0
2025-04-15 00:00:00-04:00,23.2077044751552,23.73515155585156,22.718616284204522,22.756975173950195,1165900,0.0,0.0
2025-04-16 00:00:00-04:00,22.709023795773692,23.476219804087844,22.613123837449532,22.862462997436523,1264000,0.0,0.0
2025-04-17 00:00:00-04:00,22.632304568255734,23.6584299322289,22.622714389351174,23.22688102722168,939900,0.0,0.0
2025-04-21 00:00:00-04:00,23.063852746076602,23.284423213140787,22.13362729756479,22.498044967651367,965200,0.0,0.0
2025-04-22 00:00:00-04:00,22.891235579405706,23.543351330180837,22.756974894097524,23.29401397705078,974400,0.0,0.0
2025-04-23 00:00:00-04:00,23.62006874329677,24.147517597640636,23.19811185478915,23.351551055908203,1028100,0.0,0.0
2025-04-24 00:00:00-04:00,23.504992467569537,23.773512009350757,23.25565328501692,23.735151290893555,644000,0.0,0.0
2025-04-25 00:00:00-04:00,23.629659841974647,24.109157821424716,23.45704027671028,24.051618576049805,869600,0.0,0.0
2025-04-28 00:00:00-04:00,24.051618702672116,24.55029704291904,24.051618702672116,24.49275779724121,1113100,0.0,0.0
2025-04-29 00:00:00-04:00,24.51193653859457,24.617426680866945,24.17628758247854,24.425626754760742,730700,0.0,0.0
2025-04-30 00:00:00-04:00,24.01326006956746,24.14751892061742,23.294013088988972,23.955718994140625,1038900,0.0,0.0
2025-05-01 00:00:00-04:00,23.840638887856333,24.339315370490514,23.840638887856333,23.888587951660156,787100,0.0,0.0
2025-05-02 00:00:00-04:00,24.176288965564154,24.56947901948959,23.97490067785724,24.55988883972168,949900,0.0,0.0
2025-05-05 00:00:00-04:00,24.4352151929878,24.598244569820448,24.01325831224174,24.3968563079834,1148400,0.0,0.0
2025-05-06 00:00:00-04:00,24.348905770650692,24.818813550934486,24.128337148522707,24.770864486694336,1159700,0.0,0.0
2025-05-07 00:00:00-04:00,24.790045101553183,25.135282391775455,24.684554964161606,24.71332550048828,885200,0.0,0.0
2025-05-08 00:00:00-04:00,25.79699150967684,25.864120935649638,24.02284857992014,24.837995529174805,1695000,0.0,0.0
2025-05-09 00:00:00-04:00,25.00102448186634,25.93125173733707,24.90512451966508,25.864120483398438,1558700,0.0,0.0
2025-05-12 00:00:00-04:00,26.58336716630425,26.880657228800153,25.38462222470998,25.470932006835938,1669500,0.0,0.0
2025-05-13 00:00:00-04:00,25.643552092413174,26.29566964656014,25.59560302543046,26.26689910888672,1634300,0.0,0.0
2025-05-14 00:00:00-04:00,26.036739032486587,26.497056638104176,25.99838014658824,26.11345863342285,1645300,0.0,0.0
2025-05-15 00:00:00-04:00,26.238130444480284,27.388924516257696,26.0079716301248,27.187536239624023,1749000,0.0,0.0
2025-05-16 00:00:00-04:00,27.149176718631455,27.561545298444642,27.043688400617196,27.360157012939453,1097000,0.0,0.0
2025-05-19 00:00:00-04:00,26.880658198870716,27.139585725453156,26.784758234254408,27.091636657714844,990200,0.0,0.0
2025-05-20 00:00:00-04:00,26.823116272344418,27.091635798930277,26.727218139907695,26.832706451416016,1056000,0.0,0.0
2025-05-21 00:00:00-04:00,26.63132055593131,26.736808876857452,25.806583373539002,25.816173553466797,938500,0.0,0.0
2025-05-22 00:00:00-04:00,25.61478175027484,25.61478175027484,23.92695043495553,24.38726806640625,2681500,0.0,0.0
2025-05-23 00:00:00-04:00,24.109157095719855,24.425625679465355,24.03243749448275,24.233827590942383,1116000,0.0,0.0
2025-05-27 00:00:00-04:00,24.29136749655386,24.722916408485027,23.85023023470389,24.531116485595703,1847800,0.0,0.0
2025-05-28 00:00:00-04:00,24.55029784218657,24.617427269186134,24.20505869860057,24.29136848449707,1085500,0.0,0.0
2025-05-29 00:00:00-04:00,24.540709023788303,24.65578752527286,24.07080117959012,24.416038513183594,1324900,0.0,0.0
2025-05-30 00:00:00-04:00,24.358497081979625,24.406447977589014,23.926949996332958,24.02284812927246,1697600,0.0,0.0
2025-06-02 00:00:00-04:00,23.831049372892586,23.955718039737906,23.294012160948807,23.72555923461914,1122100,0.0,0.0
2025-06-03 00:00:00-04:00,23.783097685657218,24.444805371523785,23.495399646135855,24.3968563079834,1088600,0.0,0.0
2025-06-04 00:00:00-04:00,24.45439701333249,24.550296975291133,24.022848099088414,24.032438278198242,875000,0.0,0.0
2025-06-05 00:00:00-04:00,24.09956645309015,24.09956645309015,23.696788097062537,23.869407653808594,1400200,0.0,0.0
2025-06-06 00:00:00-04:00,24.14751916170972,24.559887727354212,24.0612093768474,24.358497619628906,676900,0.0,0.0
2025-06-09 00:00:00-04:00,24.521526642413402,25.173644194201735,24.406448150415255,24.90512466430664,1197600,0.0,0.0
2025-06-10 00:00:00-04:00,25.154464079550912,25.442163970613183,24.876356196911015,25.307903289794922,1025600,0.0,0.0
2025-06-11 00:00:00-04:00,25.38462373829222,26.103870746134564,25.307904130621292,26.017560958862305,2091600,0.0,0.0
2025-06-12 00:00:00-04:00,26.16141137693568,26.42033890519054,25.816172233742925,26.132640838623047,1808800,0.0,0.0
2025-06-13 00:00:00-04:00,25.7490399466291,26.017557624494696,25.59560075095176,25.91206932067871,1085400,0.0,0.0
2025-06-16 00:00:00-04:00,26.1326424810758,26.736809190495666,25.960022898630175,26.190181732177734,1592000,0.0,0.0
2025-06-17 00:00:00-04:00,25.49970216579028,25.60519230441094,24.243417997787972,24.646196365356445,3106100,0.0,0.0
2025-06-18 00:00:00-04:00,24.67496588116657,25.020205015859997,24.444807067750837,24.89553451538086,1379400,0.0,0.0
2025-06-20 00:00:00-04:00,25.001024161973326,25.43257307178744,24.559886902287445,24.569477081298828,2611200,0.0,0.0
2025-06-23 00:00:00-04:00,24.454396882267897,24.81881454079006,24.1954675351092,24.531116485595703,1812000,0.0,0.0
2025-06-24 00:00:00-04:00,24.742093315327498,25.538059833595874,24.742093315327498,25.394210815429688,1674900,0.0,0.0
2025-06-25 00:00:00-04:00,25.173644029869223,25.54765187013117,24.809226368734464,25.413393020629883,2998100,0.0,0.0
2025-06-26 00:00:00-04:00,25.53806237505353,26.765577899117982,25.403803521956057,26.631319046020508,1808000,0.0,0.0
2025-06-27 00:00:00-04:00,26.583366651760624,26.775166570359108,26.305258781846373,26.525827407836914,3242400,0.0,0.0
2025-06-30 00:00:00-04:00,26.276489539000625,26.314850256264794,25.595603269818756,25.75863265991211,3173400,0.0,0.0
2025-07-01 00:00:00-04:00,25.58601093067149,27.254663578870993,25.538060038139033,26.28607749938965,2027700,0.0,0.0
2025-07-02 00:00:00-04:00,26.256859229830706,26.675644758955123,26.1594688015162,26.51007843017578,1215000,0.42,0.0
2025-07-03 00:00:00-04:00,26.46138505569,27.084692756733034,26.383471593059618,26.54903793334961,823400,0.0,0.0
2025-07-07 00:00:00-04:00,26.052338429412377,26.46138456503813,25.78937980130937,25.925729751586914,1218100,0.0,0.0
2025-07-08 00:00:00-04:00,25.701727237570427,26.178947425331817,25.672510850272943,25.99390411376953,1280800,0.0,0.0
2025-07-09 00:00:00-04:00,26.08155806230475,26.461385973603182,25.98416576623749,26.344514846801758,1261900,0.0,0.0
2025-07-10 00:00:00-04:00,26.208166346176426,27.191824991970027,26.139992297252707,26.948345184326172,1137000,0.0,0.0
2025-07-11 00:00:00-04:00,26.69512367248535,26.88990824494,26.344512185108325,26.69512367248535,900900,0.0,0.0
2025-07-14 00:00:00-04:00,26.646430088529126,26.96782335242132,26.149731070222373,26.402950286865234,1069600,0.0,0.0
2025-07-15 00:00:00-04:00,26.402950801169517,26.64643060757616,25.691988354683456,25.760164260864258,1023100,0.0,0.0
2025-07-16 00:00:00-04:00,25.92573007492987,26.052338754334382,25.331638764977363,25.360857009887695,1203800,0.0,0.0
2025-07-17 00:00:00-04:00,25.312160338690514,26.52955936531628,25.24398629041603,25.79911994934082,1596800,0.0,0.0
2025-07-18 00:00:00-04:00,25.99390411376953,26.295818547332154,25.52642148337166,25.99390411376953,1043700,0.0,0.0
2025-07-21 00:00:00-04:00,26.344514082994653,26.500341009142968,26.013381400528623,26.06207847595215,832100,0.0,0.0
2025-07-22 00:00:00-04:00,26.149730224480052,28.233916664882457,26.1302513951521,28.058610916137695,2284000,0.0,0.0
2025-07-23 00:00:00-04:00,27.970958173831587,28.00017641796147,27.406085123877716,27.571651458740234,970800,0.0,0.0
2025-07-24 00:00:00-04:00,27.26973617523483,27.68852170657104,27.07495160237038,27.104169845581055,653300,0.0,0.0
2025-07-25 00:00:00-04:00,27.191823959350586,27.250258590837053,26.889909529466497,27.191823959350586,493200,0.0,0.0
2025-07-28 00:00:00-04:00,27.133389366011748,27.328172090441633,26.860691322685778,26.967823028564453,943000,0.0,0.0
2025-07-29 00:00:00-04:00,26.987300738033042,27.123650692223105,26.675646884347454,26.84121322631836,671100,0.0,0.0
2025-07-30 00:00:00-04:00,26.695124909881972,26.89964890619997,25.984164345393122,26.149730682373047,1325900,0.0,0.0
2025-07-31 00:00:00-04:00,25.808858580707838,26.18868647104742,25.253724938641238,25.292680740356445,1235600,0.0,0.0
2025-08-01 00:00:00-04:00,25.341378466204883,25.614074658034514,24.91285349069669,25.01998519897461,1283500,0.0,0.0
2025-08-04 00:00:00-04:00,24.961548280529115,25.25372515511313,24.601199216759987,24.990766525268555,1191000,0.0,0.0
2025-08-05 00:00:00-04:00,24.961547534129913,25.127113867495726,24.620677310379765,24.893373489379883,1210500,0.0,0.0
2025-08-06 00:00:00-04:00,24.854418256152744,24.854418256152744,23.80258560180664,23.80258560180664,1304300,0.0,0.0
2025-08-07 00:00:00-04:00,24.0850203312109,24.43563182251955,23.74414825439453,23.74414825439453,1382400,0.0,0.0
2025-08-08 00:00:00-04:00,23.78310636414814,25.205027470171405,23.78310636414814,25.039461135864258,1673500,0.0,0.0
2025-08-11 00:00:00-04:00,25.263464570026276,25.682250123274283,24.688852093374848,24.990766525268555,1235300,0.0,0.0
2025-08-12 00:00:00-04:00,25.12711339693753,25.575117173138967,24.844677808604697,25.53615951538086,1423600,0.0,0.0
2025-08-13 00:00:00-04:00,25.633552248856386,26.344512796900613,25.380333041826237,26.19842529296875,1469800,0.0,0.0
2025-08-14 00:00:00-04:00,25.98416519165039,26.003644021953814,25.643293091754433,25.98416519165039,923100,0.0,0.0
2025-08-15 00:00:00-04:00,26.110771786327614,27.289214919040496,25.81859678554438,26.919124603271484,1824300,0.0,0.0
2025-08-18 00:00:00-04:00,26.977562367741747,27.269737382368607,26.665906665842076,26.782777786254883,1255600,0.0,0.0
2025-08-19 00:00:00-04:00,26.870430938402947,27.396346341658614,26.70486459971805,27.074953079223633,855400,0.0,0.0
2025-08-20 00:00:00-04:00,27.074952902159886,27.289216314117613,26.94834422404223,27.15286636352539,861300,0.0,0.0
2025-08-21 00:00:00-04:00,26.938604069587946,27.11390981724828,26.626950232682187,26.64642906188965,615900,0.0,0.0
2025-08-22 00:00:00-04:00,26.83147300369477,28.185221944105155,26.773038372288195,28.048871994018555,1273200,0.0,0.0
2025-08-25 00:00:00-04:00,27.86382919364929,27.893045581084237,27.49373885357652,27.630088806152344,781900,0.0,0.0
2025-08-26 00:00:00-04:00,27.53269761272608,27.893046694567612,27.23078130808706,27.347652435302734,950100,0.0,0.0
2025-08-27 00:00:00-04:00,27.26973675116223,27.522955958192576,27.172344462673117,27.279476165771484,713900,0.0,0.0
2025-08-28 00:00:00-04:00,27.571652285106513,27.571652285106513,27.04573687822997,27.22104263305664,623600,0.0,0.0
2025-08-29 00:00:00-04:00,27.31843193440674,27.503477096557617,27.08469155687039,27.503477096557617,873600,0.0,0.0
2025-09-02 00:00:00-04:00,27.07495276318547,27.113910422469978,26.75355950450202,27.006778717041016,918900,0.0,0.0
2025-09-03 00:00:00-04:00,26.83147461473369,27.182086139431764,26.802258226077885,27.1236515045166,1086800,0.0,0.0
2025-09-04 00:00:00-04:00,27.26973576723624,27.298954010009766,26.841210827907883,27.298954010009766,1063500,0.0,0.0
2025-09-05 00:00:00-04:00,27.708001698271865,28.068350758310434,27.298955564171703,27.454782485961914,980200,0.0,0.0
2025-09-08 00:00:00-04:00,27.46452136104702,27.46452136104702,26.8412118285319,27.05547523498535,883200,0.0,0.0
2025-09-09 00:00:00-04:00,27.074952559029953,27.152866019408037,26.76329871751762,26.899648666381836,668400,0.0,0.0
2025-09-10 00:00:00-04:00,27.016517639160156,27.298955091011702,26.93860417961549,27.016517639160156,809500,0.0,0.0
2025-09-11 00:00:00-04:00,27.03599755652924,27.785915795829755,26.98730048135185,27.59113121032715,869200,0.0,0.0
2025-09-12 00:00:00-04:00,27.337911897872107,27.44504360528918,27.172345558047304,27.22104263305664,610200,0.0,0.0
2025-09-15 00:00:00-04:00,27.40608597606473,27.630088806152344,26.889909983610277,27.630088806152344,776700,0.0,0.0
2025-09-16 00:00:00-04:00,27.63008929513551,27.81513261084322,27.357391242761263,27.396347045898438,990900,0.0,0.0
2025-09-17 00:00:00-04:00,27.513217790091602,28.25339661549852,27.22104276899043,27.367130279541016,1046200,0.0,0.0
2025-09-18 00:00:00-04:00,27.53269629687607,27.961219408445174,27.513217467003802,27.932003021240234,858200,0.0,0.0
2025-09-19 00:00:00-04:00,27.883306395210916,28.165743860092913,27.659305420885982,28.146265029907227,1969000,0.0,0.0
2025-09-22 00:00:00-04:00,28.117048577842127,28.253396673622714,27.912524576567765,28.185222625732422,1070000,0.0,0.0
2025-09-23 00:00:00-04:00,28.27287402169394,28.750094189513494,28.253395192573947,28.623483657836914,1188400,0.0,0.0
2025-09-24 00:00:00-04:00,28.78904946766287,29.344183084283998,28.74035425335003,28.857223510742188,1368300,0.0,0.0
2025-09-25 00:00:00-04:00,28.642964221092647,28.983836320916485,28.526094954503815,28.92540168762207,672800,0.0,0.0
2025-09-26 00:00:00-04:00,28.94487829151957,29.7434936051841,28.90592248902081,29.714275360107422,1246800,0.0,0.0
2025-09-29 00:00:00-04:00,29.82140716127736,30.103842767490114,29.64610140547466,30.08436393737793,1477300,0.0,0.0
2025-09-30 00:00:00-04:00,30.074624500488948,30.36680137914917,29.4610562132284,29.899320602416992,2274300,0.0,0.0
2025-10-01 00:00:00-04:00,29.92853704657661,30.902456262079426,29.899320658977757,30.7174129486084,1296900,0.0,0.0
2025-10-02 00:00:00-04:00,30.77584793695087,30.795326767310797,30.26940949321389,30.337583541870117,1152100,0.0,0.0
2025-10-03 00:00:00-04:00,30.337582387221087,30.68311332007394,30.248731522116294,30.258604049682617,1186500,0.42,0.0
2025-10-06 00:00:00-04:00,30.26847733216454,30.939794159480684,30.169753937031203,30.17962646484375,1005800,0.0,0.0
2025-10-07 00:00:00-04:00,29.962436714573414,30.39681852644743,29.962436714573414,30.357328414916992,1502200,0.0,0.0
2025-10-08 00:00:00-04:00,30.663369339619454,30.663369339619454,29.932819221036517,30.347455978393555,1401700,0.0,0.0
2025-10-09 00:00:00-04:00,30.386945415738552,30.574517792933985,29.863712745948895,30.2191162109375,1388200,0.0,0.0
2025-10-10 00:00:00-04:00,30.56464630554581,30.594263889633638,29.113418579101562,29.113418579101562,1194600,0.0,0.0
2025-10-13 00:00:00-04:00,29.19239646956845,29.686011565456973,29.123290657422803,29.360225677490234,1053000,0.0,0.0
2025-10-14 00:00:00-04:00,28.994950548315188,29.59715966383144,28.83699199079502,29.468820571899414,1214100,0.0,0.0
2025-10-15 00:00:00-04:00,29.626778381334397,30.66336933300738,29.626778381334397,30.15001106262207,1484400,0.0,0.0
2025-10-16 00:00:00-04:00,30.386945332289553,30.51528442596515,29.6070325935935,29.62677764892578,1557700,0.0,0.0
2025-10-17 00:00:00-04:00,29.458948178366736,29.59715979845946,28.363122096225574,28.45197296142578,1670300,0.0,0.0
2025-10-20 00:00:00-04:00,28.66916611161026,29.044312761707822,28.570442714323896,28.915973663330078,1137700,0.0,0.0
2025-10-21 00:00:00-04:00,28.886354520253146,28.975205384716386,28.06695356808602,28.076826095581055,755700,0.0,0.0
2025-10-22 00:00:00-04:00,27.88925179994209,28.076826056099836,27.366019141393462,27.879379272460938,1803000,0.0,0.0
2025-10-23 00:00:00-04:00,27.810274124145508,28.0570816680648,27.484488241491725,27.810274124145508,987900,0.0,0.0
2025-10-24 00:00:00-04:00,28.13606056926706,28.708654007286842,28.066954756866902,28.550697326660156,852400,0.0,0.0
2025-10-27 00:00:00-04:00,28.629675543594367,28.738271467179285,28.106442864403224,28.363122940063477,648100,0.0,0.0
2025-10-28 00:00:00-04:00,28.25452845565238,28.649420149314416,27.987975856308463,28.60993003845215,659900,0.0,0.0
2025-10-29 00:00:00-04:00,28.540824603071602,28.72839886615185,27.612827698508017,27.770784378051758,908300,0.0,0.0
2025-10-30 00:00:00-04:00,27.494361090140796,27.7115510534478,27.050106752703577,27.375892639160156,1090300,0.0,0.0
2025-10-31 00:00:00-04:00,27.03036187748193,27.484488745781725,26.97112859309227,27.35614776611328,811900,0.0,0.0
2025-11-03 00:00:00-05:00,27.29691433942054,27.85963524566913,26.9316402240977,27.770784378051758,1256600,0.0,0.0
2025-11-04 00:00:00-05:00,27.612828210177383,28.215039238967037,27.21793650400064,28.116315841674805,1713300,0.0,0.0
2025-11-05 00:00:00-05:00,28.28414454103265,29.310864841529835,28.175550500666635,28.57044219970703,1623000,0.0,0.0
2025-11-06 00:00:00-05:00,28.54082445866146,28.935716155522748,28.136060234004628,28.185420989990234,1830600,0.0,0.0
2025-11-07 00:00:00-05:00,30.169753540899393,31.877663170202375,29.37009762850397,31.620981216430664,2406700,0.0,0.0
2025-11-10 00:00:00-05:00,32.08498121326562,33.723783179980735,31.591366117676916,33.3585090637207,2961300,0.0,0.0
2025-11-11 00:00:00-05:00,33.45723049270044,33.70403803987703,32.87476453072433,33.565826416015625,1515800,0.0,0.0
2025-11-12 00:00:00-05:00,33.53620947026978,33.84224840717557,33.03271998377291,33.49671936035156,1351200,0.0,0.0
2025-11-13 00:00:00-05:00,33.3683777425054,33.69416549407072,32.3515319106211,32.5588493347168,1651400,0.0,0.0
2025-11-14 00:00:00-05:00,32.12447260853315,33.25978511416685,31.887535696148806,33.220298767089844,1402500,0.0,0.0
2025-11-17 00:00:00-05:00,33.07220927151767,33.3881226110415,32.57859420776367,32.57859420776367,1229000,0.0,0.0
2025-11-18 00:00:00-05:00,32.57859729204345,33.67442343987879,32.49961706669325,33.052467346191406,1260000,0.0,0.0
2025-11-19 00:00:00-05:00,32.99323194016055,33.18080809102755,32.43051101952832,32.67731857299805,851900,0.0,0.0
2025-11-20 00:00:00-05:00,32.894508583610055,33.24991204326716,31.80855691553261,31.867788314819336,1166700,0.0,0.0
2025-11-21 00:00:00-05:00,32.12447030328094,32.44038365313381,31.60123575772497,32.06523513793945,1103400,0.0,0.0
2025-11-24 00:00:00-05:00,32.10472502663544,32.134340726109734,31.571619840193236,31.88753318786621,1189700,0.0,0.0
2025-11-25 00:00:00-05:00,32.28242826457418,33.28940351959948,32.01587565889239,33.131446838378906,1035700,0.0,0.0
2025-11-26 00:00:00-05:00,33.18080619327701,34.049569786277814,33.131445438603095,33.47697448730469,1442900,0.0,0.0
2025-11-28 00:00:00-05:00,33.664548354896056,34.09893205365881,33.4967210283627,33.92123031616211,489500,0.0,0.0
2025-12-01 00:00:00-05:00,33.61518644231578,33.65467655284276,33.052465548251135,33.644805908203125,1145100,0.0,0.0
2025-12-02 00:00:00-05:00,33.763274214844905,33.81263497255687,32.86489486694336,32.86489486694336,1121300,0.0,0.0
2025-12-03 00:00:00-05:00,33.05246688452373,33.111702052709006,32.7168084634426,32.90438461303711,1223900,0.0,0.0
2025-12-04 00:00:00-05:00,32.92412545281333,33.2894033359834,32.82540393983912,33.15119171142578,720800,0.0,0.0
2025-12-05 00:00:00-05:00,33.25978534307351,33.57569871777056,32.93400132303539,32.99323272705078,970200,0.0,0.0
2025-12-08 00:00:00-05:00,33.09195485414758,33.16106066289737,32.61808483729867,32.726680755615234,1070900,0.0,0.0
2025-12-09 00:00:00-05:00,32.558849224350354,33.20055031502459,32.37127685546875,32.37127685546875,713300,0.0,0.0
2025-12-10 00:00:00-05:00,32.18370159747114,32.687191086268015,32.02574492306086,32.47987365722656,1065100,0.0,0.0
2025-12-11 00:00:00-05:00,32.588465916022905,32.90438303184553,32.48974440644246,32.66744613647461,1350400,0.0,0.0
2025-12-12 00:00:00-05:00,32.74642248543176,32.95374368045739,32.00599986801156,32.47987365722656,917300,0.0,0.0
2025-12-15 00:00:00-05:00,32.6773179629907,32.6773179629907,31.99613048388478,32.34165954589844,891500,0.0,0.0
2025-12-16 00:00:00-05:00,32.52923462369375,32.74642269868214,32.04549018679596,32.2528076171875,799000,0.0,0.0
2025-12-17 00:00:00-05:00,32.37127901263127,32.71680807464492,32.09485199703602,32.34165954589844,946800,0.0,0.0
2025-12-18 00:00:00-05:00,32.70693873350381,32.90438553366134,32.03562187255892,32.410770416259766,1042800,0.0,0.0
2025-12-19 00:00:00-05:00,32.33178861895201,33.28940310530007,32.154086884042385,32.173831939697266,2071800,0.0,0.0
2025-12-22 00:00:00-05:00,32.28242748582274,33.022850117304976,32.2330667302541,32.81553268432617,1199600,0.0,0.0
2025-12-23 00:00:00-05:00,32.864892398624335,32.943868851835056,32.46012819021104,32.51935958862305,799900,0.0,0.0
2025-12-24 00:00:00-05:00,32.430509965837985,32.65757622171886,32.13434166449391,32.58846664428711,388800,0.0,0.0
2025-12-26 00:00:00-05:00,32.55885209083455,32.608212848466586,32.19357796517621,32.470001220703125,622900,0.0,0.0
2025-12-29 00:00:00-05:00,32.31999969482422,32.810001373291016,32.279998779296875,32.36000061035156,667000,0.42,0.0
2025-12-30 00:00:00-05:00,32.459999084472656,32.459999084472656,31.8700008392334,31.969999313354492,773200,0.0,0.0
2025-12-31 00:00:00-05:00,31.90999984741211,31.959999084472656,31.399999618530273,31.43000030517578,812900,0.0,0.0
2026-01-02 00:00:00-05:00,31.6299991607666,32.040000915527344,31.510000228881836,31.81999969482422,844400,0.0,0.0
2026-01-05 00:00:00-05:00,31.8799991607666,32.0,31.190000534057617,31.600000381469727,1099600,0.0,0.0
2026-01-06 00:00:00-05:00,31.6299991607666,32.560001373291016,31.459999084472656,32.540000915527344,1393300,0.0,0.0
2026-01-07 00:00:00-05:00,32.5,32.7599983215332,31.860000610351562,32.2400016784668,907200,0.0,0.0
2026-01-08 00:00:00-05:00,31.940000534057617,33.099998474121094,31.06999969482422,32.75,1093700,0.0,0.0
2026-01-09 00:00:00-05:00,33.0099983215332,33.560001373291016,32.869998931884766,33.459999084472656,1637000,0.0,0.0
2026-01-12 00:00:00-05:00,33.380001068115234,34.52000045776367,33.279998779296875,34.220001220703125,936700,0.0,0.0
2026-01-13 00:00:00-05:00,34.400001525878906,34.630001068115234,33.65999984741211,34.04999923706055,752900,0.0,0.0
2026-01-14 00:00:00-05:00,34.11000061035156,34.18000030517578,33.66999816894531,33.72999954223633,673500,0.0,0.0
2026-01-15 00:00:00-05:00,33.7599983215332,34.630001068115234,33.5099983215332,34.36000061035156,844500,0.0,0.0
2026-01-16 00:00:00-05:00,34.380001068115234,34.709999084472656,34.150001525878906,34.470001220703125,867500,0.0,0.0
2026-01-20 00:00:00-05:00,33.88999938964844,34.279998779296875,33.290000915527344,33.70000076293945,887900,0.0,0.0
2026-01-21 00:00:00-05:00,33.91999816894531,34.36000061035156,33.66999816894531,34.34000015258789,839100,0.0,0.0
2026-01-22 00:00:00-05:00,34.369998931884766,35.099998474121094,34.29999923706055,34.54999923706055,798700,0.0,0.0
2026-01-23 00:00:00-05:00,34.5,34.5,33.900001525878906,33.95000076293945,681100,0.0,0.0
2026-01-26 00:00:00-05:00,33.95000076293945,34.130001068115234,33.63999938964844,34.040000915527344,425900,0.0,0.0
2026-01-27 00:00:00-05:00,33.9900016784668,34.65999984741211,33.91999816894531,34.380001068115234,856400,0.0,0.0
2026-01-28 00:00:00-05:00,34.599998474121094,34.939998626708984,34.349998474121094,34.619998931884766,540800,0.0,0.0
2026-01-29 00:00:00-05:00,34.68000030517578,35.15999984741211,34.20000076293945,35.130001068115234,1005800,0.0,0.0
2026-01-30 00:00:00-05:00,34.79999923706055,34.79999923706055,34.0,34.40999984741211,1095400,0.0,0.0
2026-02-02 00:00:00-05:00,34.20000076293945,34.61000061035156,33.90999984741211,34.439998626708984,790200,0.0,0.0
2026-02-03 00:00:00-05:00,34.470001220703125,35.61000061035156,34.439998626708984,35.25,1088900,0.0,0.0
2026-02-04 00:00:00-05:00,35.560001373291016,35.88999938964844,35.20000076293945,35.849998474121094,1113100,0.0,0.0
2026-02-05 00:00:00-05:00,35.630001068115234,36.040000915527344,35.0099983215332,35.150001525878906,1271800,0.0,0.0
2026-02-06 00:00:00-05:00,35.529998779296875,36.38999938964844,35.43000030517578,36.130001068115234,914600,0.0,0.0
2026-02-09 00:00:00-05:00,36.13999938964844,36.91999816894531,35.630001068115234,36.7599983215332,1080400,0.0,0.0
2026-02-10 00:00:00-05:00,36.70000076293945,37.150001525878906,36.56999969482422,36.68000030517578,793000,0.0,0.0
2026-02-11 00:00:00-05:00,36.900001525878906,37.2400016784668,35.970001220703125,37.220001220703125,1084400,0.0,0.0
2026-02-12 00:00:00-05:00,37.5,38.099998474121094,35.79999923706055,35.83000183105469,1408100,0.0,0.0
2026-02-13 00:00:00-05:00,39.16999816894531,39.79999923706055,38.0,39.70000076293945,4047400,0.0,0.0
2026-02-17 00:00:00-05:00,39.70000076293945,40.0099983215332,38.720001220703125,39.220001220703125,2013500,0.0,0.0
2026-02-18 00:00:00-05:00,39.189998626708984,39.380001068115234,37.77000045776367,37.77000045776367,1347000,0.0,0.0
2026-02-19 00:00:00-05:00,37.54999923706055,37.65999984741211,36.77000045776367,37.130001068115234,919500,0.0,0.0
2026-02-20 00:00:00-05:00,37.029998779296875,37.5099983215332,36.689998626708984,37.279998779296875,572900,0.0,0.0
2026-02-23 00:00:00-05:00,37.290000915527344,37.810001373291016,37.099998474121094,37.560001373291016,738000,0.0,0.0
2026-02-24 00:00:00-05:00,37.5,38.02000045776367,36.91999816894531,37.0,1111700,0.0,0.0
2026-02-25 00:00:00-05:00,37.13999938964844,37.13999938964844,36.36000061035156,36.90999984741211,845500,0.0,0.0
2026-02-26 00:00:00-05:00,36.81999969482422,37.119998931884766,36.130001068115234,36.849998474121094,821000,0.0,0.0
2026-02-27 00:00:00-05:00,36.68000030517578,36.7599983215332,35.91999816894531,36.52000045776367,1226900,0.0,0.0
2026-03-02 00:00:00-05:00,36.25,36.81999969482422,36.099998474121094,36.630001068115234,596400,0.0,0.0
2026-03-03 00:00:00-05:00,35.4900016784668,36.459999084472656,35.279998779296875,36.310001373291016,742600,0.0,0.0
2026-03-04 00:00:00-05:00,36.630001068115234,37.220001220703125,36.15999984741211,37.06999969482422,665600,0.0,0.0
2026-03-05 00:00:00-05:00,36.560001373291016,37.0,35.849998474121094,36.43000030517578,654800,0.0,0.0
2026-03-06 00:00:00-05:00,35.83000183105469,36.060001373291016,35.43000030517578,35.86000061035156,707300,0.0,0.0
2026-03-09 00:00:00-04:00,35.5,35.9900016784668,34.970001220703125,35.959999084472656,1023500,0.0,0.0
2026-03-10 00:00:00-04:00,35.709999084472656,36.630001068115234,35.25,36.0,1582800,0.0,0.0
2026-03-11 00:00:00-04:00,35.7599983215332,36.369998931884766,35.75,36.099998474121094,596500,0.0,0.0
2026-03-12 00:00:00-04:00,35.709999084472656,36.13999938964844,35.52000045776367,35.720001220703125,650500,0.0,0.0
2026-03-13 00:00:00-04:00,36.11000061035156,36.4900016784668,35.33000183105469,35.40999984741211,668100,0.0,0.0
2026-03-16 00:00:00-04:00,35.939998626708984,36.40999984741211,35.72999954223633,36.25,567800,0.0,0.0
2026-03-17 00:00:00-04:00,36.650001525878906,36.81999969482422,36.33000183105469,36.5,572900,0.0,0.0
2026-03-18 00:00:00-04:00,36.22999954223633,36.84000015258789,35.90999984741211,35.93000030517578,1257300,0.0,0.0
2026-03-19 00:00:00-04:00,35.31999969482422,37.04999923706055,35.099998474121094,36.7599983215332,1303900,0.0,0.0
2026-03-20 00:00:00-04:00,36.91999816894531,36.939998626708984,35.47999954223633,35.619998931884766,2577600,0.0,0.0
2026-03-23 00:00:00-04:00,35.939998626708984,36.810001373291016,35.31999969482422,36.34000015258789,856600,0.0,0.0
2026-03-24 00:00:00-04:00,36.279998779296875,36.9900016784668,36.0099983215332,36.40999984741211,871300,0.0,0.0
2026-03-25 00:00:00-04:00,36.880001068115234,37.34000015258789,36.619998931884766,36.81999969482422,959300,0.0,0.0
2026-03-26 00:00:00-04:00,36.5,37.310001373291016,36.369998931884766,36.45000076293945,470638,0.0,0.0
